<?xml version="1.0" encoding="UTF-8"?>
<gpx creator="Garmin Connect" version="1.1"
  xsi:schemaLocation="http://www.topografix.com/GPX/1/1 http://www.topografix.com/GPX/11.xsd"
  xmlns:ns3="http://www.garmin.com/xmlschemas/TrackPointExtension/v1"
  xmlns="http://www.topografix.com/GPX/1/1"
  xmlns:xsi="http://www.w3.org/2001/XMLSchema-instance" xmlns:ns2="http://www.garmin.com/xmlschemas/GpxExtensions/v3">
  <metadata>
    <name>Kawaga marathon 2026</name>
    <link href="connect.garmin.com">
      <text>Garmin Connect</text>
    </link>
    <time>2025-11-03T06:18:45.000Z</time>
  </metadata>
  <trk>
    <name>Kawaga marathon 2026</name>
    <trkseg>
      <trkpt lat="34.3541341368109" lon="134.04502898454666">
        <ele>3.19</ele>
      </trkpt>
      <trkpt lat="34.353977143764496" lon="134.0446989890188">
        <ele>3.2</ele>
      </trkpt>
      <trkpt lat="34.353841692209244" lon="134.04441450722516">
        <ele>3.23</ele>
      </trkpt>
      <trkpt lat="34.35384185984731" lon="134.04441475868225">
        <ele>3.2</ele>
      </trkpt>
      <trkpt lat="34.353700540959835" lon="134.04437729157507">
        <ele>3.0</ele>
      </trkpt>
      <trkpt lat="34.35370020568371" lon="134.04437720775604">
        <ele>2.82</ele>
      </trkpt>
      <trkpt lat="34.35355436056852" lon="134.04444141313434">
        <ele>2.54</ele>
      </trkpt>
      <trkpt lat="34.3535540252924" lon="134.0444415807724">
        <ele>2.32</ele>
      </trkpt>
      <trkpt lat="34.353260826319456" lon="134.04458197765052">
        <ele>2.17</ele>
      </trkpt>
      <trkpt lat="34.352967543527484" lon="134.04472237452865">
        <ele>2.3</ele>
      </trkpt>
      <trkpt lat="34.35269764624536" lon="134.04485162347555">
        <ele>2.21</ele>
      </trkpt>
      <trkpt lat="34.35269705951214" lon="134.04485195875168">
        <ele>2.16</ele>
      </trkpt>
      <trkpt lat="34.35240310616791" lon="134.044990260154">
        <ele>2.0</ele>
      </trkpt>
      <trkpt lat="34.35210923664272" lon="134.04512856155634">
        <ele>1.72</ele>
      </trkpt>
      <trkpt lat="34.35208157636225" lon="134.04514155350626">
        <ele>1.55</ele>
      </trkpt>
      <trkpt lat="34.35208149254322" lon="134.0451416373253">
        <ele>1.43</ele>
      </trkpt>
      <trkpt lat="34.35178049840033" lon="134.04525596648455">
        <ele>1.2</ele>
      </trkpt>
      <trkpt lat="34.351737750694156" lon="134.0452722273767">
        <ele>1.14</ele>
      </trkpt>
      <trkpt lat="34.35173758305609" lon="134.04527231119573">
        <ele>1.16</ele>
      </trkpt>
      <trkpt lat="34.35147958807647" lon="134.0453702956438">
        <ele>1.24</ele>
      </trkpt>
      <trkpt lat="34.35140415094793" lon="134.04539896175265">
        <ele>1.39</ele>
      </trkpt>
      <trkpt lat="34.3514038156718" lon="134.04539912939072">
        <ele>1.63</ele>
      </trkpt>
      <trkpt lat="34.3510982953012" lon="134.04549401253462">
        <ele>2.04</ele>
      </trkpt>
      <trkpt lat="34.35088631696999" lon="134.04555981047451">
        <ele>2.52</ele>
      </trkpt>
      <trkpt lat="34.35088564641774" lon="134.0455600619316">
        <ele>3.0</ele>
      </trkpt>
      <trkpt lat="34.350585071370006" lon="134.0456755645573">
        <ele>3.73</ele>
      </trkpt>
      <trkpt lat="34.350284496322274" lon="134.04579115100205">
        <ele>4.62</ele>
      </trkpt>
      <trkpt lat="34.350237138569355" lon="134.04580933973193">
        <ele>5.33</ele>
      </trkpt>
      <trkpt lat="34.35023688711226" lon="134.04580950737">
        <ele>6.01</ele>
      </trkpt>
      <trkpt lat="34.349925331771374" lon="134.04586994089186">
        <ele>6.66</ele>
      </trkpt>
      <trkpt lat="34.34961386024952" lon="134.04593037441373">
        <ele>7.27</ele>
      </trkpt>
      <trkpt lat="34.34960162267089" lon="134.04593280516565">
        <ele>7.85</ele>
      </trkpt>
      <trkpt lat="34.34960128739476" lon="134.04593288898468">
        <ele>8.4</ele>
      </trkpt>
      <trkpt lat="34.349290234968066" lon="134.04599642381072">
        <ele>8.87</ele>
      </trkpt>
      <trkpt lat="34.34897918254137" lon="134.0460600424558">
        <ele>9.5</ele>
      </trkpt>
      <trkpt lat="34.34875035658479" lon="134.04610672965646">
        <ele>10.07</ele>
      </trkpt>
      <trkpt lat="34.348749769851565" lon="134.0461068134755">
        <ele>10.49</ele>
      </trkpt>
      <trkpt lat="34.348749769851565" lon="134.04610689729452">
        <ele>10.56</ele>
      </trkpt>
      <trkpt lat="34.3487496022135" lon="134.04610698111355">
        <ele>11.03</ele>
      </trkpt>
      <trkpt lat="34.348748764023185" lon="134.04610723257065">
        <ele>11.48</ele>
      </trkpt>
      <trkpt lat="34.3487340118736" lon="134.0464871842414">
        <ele>12.13</ele>
      </trkpt>
      <trkpt lat="34.34871934354305" lon="134.0468672197312">
        <ele>12.74</ele>
      </trkpt>
      <trkpt lat="34.34870978817344" lon="134.04711021110415">
        <ele>13.24</ele>
      </trkpt>
      <trkpt lat="34.34870987199247" lon="134.04711021110415">
        <ele>13.66</ele>
      </trkpt>
      <trkpt lat="34.348689671605825" lon="134.04748991131783">
        <ele>13.89</ele>
      </trkpt>
      <trkpt lat="34.34866938740015" lon="134.04786952771246">
        <ele>14.07</ele>
      </trkpt>
      <trkpt lat="34.348657904192805" lon="134.04808385297656">
        <ele>14.34</ele>
      </trkpt>
      <trkpt lat="34.348657904192805" lon="134.04808402061462">
        <ele>14.6</ele>
      </trkpt>
      <trkpt lat="34.34866444207728" lon="134.04846430756152">
        <ele>14.93</ele>
      </trkpt>
      <trkpt lat="34.34867097996175" lon="134.04884467832744">
        <ele>15.38</ele>
      </trkpt>
      <trkpt lat="34.3486721534282" lon="134.04892154037952">
        <ele>15.67</ele>
      </trkpt>
      <trkpt lat="34.34867223724723" lon="134.0489217080176">
        <ele>16.13</ele>
      </trkpt>
      <trkpt lat="34.34867232106626" lon="134.04892221093178">
        <ele>16.31</ele>
      </trkpt>
      <trkpt lat="34.3484165892005" lon="134.04890284873545">
        <ele>16.57</ele>
      </trkpt>
      <trkpt lat="34.34841541573405" lon="134.04890276491642">
        <ele>16.7</ele>
      </trkpt>
      <trkpt lat="34.348102267831564" lon="134.0488564968109">
        <ele>16.93</ele>
      </trkpt>
      <trkpt lat="34.347789119929075" lon="134.04881031252444">
        <ele>16.88</ele>
      </trkpt>
      <trkpt lat="34.347475888207555" lon="134.04876412823796">
        <ele>16.85</ele>
      </trkpt>
      <trkpt lat="34.347162740305066" lon="134.0487179439515">
        <ele>16.79</ele>
      </trkpt>
      <trkpt lat="34.346849508583546" lon="134.04867167584598">
        <ele>16.63</ele>
      </trkpt>
      <trkpt lat="34.34653636068106" lon="134.0486254915595">
        <ele>16.64</ele>
      </trkpt>
      <trkpt lat="34.34622321277857" lon="134.04857930727303">
        <ele>16.7</ele>
      </trkpt>
      <trkpt lat="34.34590998105705" lon="134.04853312298656">
        <ele>16.81</ele>
      </trkpt>
      <trkpt lat="34.34560311958194" lon="134.04848786070943">
        <ele>16.87</ele>
      </trkpt>
      <trkpt lat="34.34560186229646" lon="134.04848769307137">
        <ele>16.8</ele>
      </trkpt>
      <trkpt lat="34.345288295298815" lon="134.0484460350126">
        <ele>16.65</ele>
      </trkpt>
      <trkpt lat="34.344974644482136" lon="134.04840437695384">
        <ele>16.28</ele>
      </trkpt>
      <trkpt lat="34.34466099366546" lon="134.04836271889508">
        <ele>15.87</ele>
      </trkpt>
      <trkpt lat="34.34434742666781" lon="134.04832114465535">
        <ele>15.81</ele>
      </trkpt>
      <trkpt lat="34.34421859681606" lon="134.04830404557288">
        <ele>15.75</ele>
      </trkpt>
      <trkpt lat="34.344217758625746" lon="134.04830396175385">
        <ele>15.61</ele>
      </trkpt>
      <trkpt lat="34.34390410780907" lon="134.04826330952346">
        <ele>15.56</ele>
      </trkpt>
      <trkpt lat="34.343590373173356" lon="134.0482227411121">
        <ele>15.37</ele>
      </trkpt>
      <trkpt lat="34.343276638537645" lon="134.04818217270076">
        <ele>15.28</ele>
      </trkpt>
      <trkpt lat="34.342962903901935" lon="134.0481416042894">
        <ele>15.28</ele>
      </trkpt>
      <trkpt lat="34.342649169266224" lon="134.04810103587806">
        <ele>15.26</ele>
      </trkpt>
      <trkpt lat="34.34247356839478" lon="134.04807823710144">
        <ele>15.18</ele>
      </trkpt>
      <trkpt lat="34.3424725625664" lon="134.0480781532824">
        <ele>15.17</ele>
      </trkpt>
      <trkpt lat="34.34215949848294" lon="134.04803037643433">
        <ele>15.14</ele>
      </trkpt>
      <trkpt lat="34.34206444770098" lon="134.0480157919228">
        <ele>15.19</ele>
      </trkpt>
      <trkpt lat="34.342064280062914" lon="134.04801570810378">
        <ele>15.23</ele>
      </trkpt>
      <trkpt lat="34.342063860967755" lon="134.04801570810378">
        <ele>15.32</ele>
      </trkpt>
      <trkpt lat="34.34206293895841" lon="134.04801562428474">
        <ele>15.43</ele>
      </trkpt>
      <trkpt lat="34.341750629246235" lon="134.04796189628541">
        <ele>15.5</ele>
      </trkpt>
      <trkpt lat="34.34143823571503" lon="134.04790825210512">
        <ele>15.42</ele>
      </trkpt>
      <trkpt lat="34.34112584218383" lon="134.0478545241058">
        <ele>15.63</ele>
      </trkpt>
      <trkpt lat="34.34081353247166" lon="134.0478008799255">
        <ele>16.02</ele>
      </trkpt>
      <trkpt lat="34.34050113894045" lon="134.0477472357452">
        <ele>16.07</ele>
      </trkpt>
      <trkpt lat="34.34018874540925" lon="134.04769350774586">
        <ele>16.24</ele>
      </trkpt>
      <trkpt lat="34.33987643569708" lon="134.04763986356556">
        <ele>16.77</ele>
      </trkpt>
      <trkpt lat="34.339564042165875" lon="134.04758621938527">
        <ele>17.28</ele>
      </trkpt>
      <trkpt lat="34.339251732453704" lon="134.04753249138594">
        <ele>17.78</ele>
      </trkpt>
      <trkpt lat="34.3389393389225" lon="134.04747884720564">
        <ele>18.3</ele>
      </trkpt>
      <trkpt lat="34.3386269453913" lon="134.04742520302534">
        <ele>18.72</ele>
      </trkpt>
      <trkpt lat="34.338314635679126" lon="134.047371475026">
        <ele>19.32</ele>
      </trkpt>
      <trkpt lat="34.33800224214792" lon="134.0473178308457">
        <ele>19.94</ele>
      </trkpt>
      <trkpt lat="34.33768984861672" lon="134.04726418666542">
        <ele>20.03</ele>
      </trkpt>
      <trkpt lat="34.33737753890455" lon="134.0472104586661">
        <ele>20.18</ele>
      </trkpt>
      <trkpt lat="34.337065145373344" lon="134.0471568144858">
        <ele>20.49</ele>
      </trkpt>
      <trkpt lat="34.337045196443796" lon="134.0471533779055">
        <ele>20.63</ele>
      </trkpt>
      <trkpt lat="34.33704435825348" lon="134.04715329408646">
        <ele>20.7</ele>
      </trkpt>
      <trkpt lat="34.33673121035099" lon="134.0471068583429">
        <ele>20.77</ele>
      </trkpt>
      <trkpt lat="34.336712434887886" lon="134.04710409231484">
        <ele>20.7</ele>
      </trkpt>
      <trkpt lat="34.33671159669757" lon="134.0471040084958">
        <ele>20.59</ele>
      </trkpt>
      <trkpt lat="34.33649727143347" lon="134.04706930741668">
        <ele>20.26</ele>
      </trkpt>
      <trkpt lat="34.33618454262614" lon="134.0470185969025">
        <ele>19.84</ele>
      </trkpt>
      <trkpt lat="34.33587181381881" lon="134.0469678863883">
        <ele>19.63</ele>
      </trkpt>
      <trkpt lat="34.335559168830514" lon="134.0469171758741">
        <ele>19.3</ele>
      </trkpt>
      <trkpt lat="34.335246440023184" lon="134.04686646535993">
        <ele>18.73</ele>
      </trkpt>
      <trkpt lat="34.334933711215854" lon="134.04681583866477">
        <ele>18.29</ele>
      </trkpt>
      <trkpt lat="34.334621066227555" lon="134.04676512815058">
        <ele>17.93</ele>
      </trkpt>
      <trkpt lat="34.334308337420225" lon="134.0467144176364">
        <ele>17.6</ele>
      </trkpt>
      <trkpt lat="34.333995608612895" lon="134.0466637071222">
        <ele>17.43</ele>
      </trkpt>
      <trkpt lat="34.333682879805565" lon="134.04661308042705">
        <ele>17.27</ele>
      </trkpt>
      <trkpt lat="34.33337023481727" lon="134.04656236991286">
        <ele>17.14</ele>
      </trkpt>
      <trkpt lat="34.333057506009936" lon="134.04651165939867">
        <ele>17.22</ele>
      </trkpt>
      <trkpt lat="34.332744777202606" lon="134.0464609488845">
        <ele>17.52</ele>
      </trkpt>
      <trkpt lat="34.33243213221431" lon="134.04641032218933">
        <ele>17.56</ele>
      </trkpt>
      <trkpt lat="34.33211940340698" lon="134.04635961167514">
        <ele>17.18</ele>
      </trkpt>
      <trkpt lat="34.33205997571349" lon="134.0463499724865">
        <ele>17.07</ele>
      </trkpt>
      <trkpt lat="34.331745486706495" lon="134.04638106934726">
        <ele>16.94</ele>
      </trkpt>
      <trkpt lat="34.3314309976995" lon="134.04641225002706">
        <ele>16.88</ele>
      </trkpt>
      <trkpt lat="34.331116592511535" lon="134.04644334688783">
        <ele>16.75</ele>
      </trkpt>
      <trkpt lat="34.33104995638132" lon="134.04644996859133">
        <ele>16.65</ele>
      </trkpt>
      <trkpt lat="34.330734461545944" lon="134.04644996859133">
        <ele>16.46</ele>
      </trkpt>
      <trkpt lat="34.330649971961975" lon="134.04644996859133">
        <ele>16.37</ele>
      </trkpt>
      <trkpt lat="34.33033648878336" lon="134.0464065503329">
        <ele>16.35</ele>
      </trkpt>
      <trkpt lat="34.330023005604744" lon="134.04636313207448">
        <ele>16.38</ele>
      </trkpt>
      <trkpt lat="34.33000909164548" lon="134.0463611204177">
        <ele>16.34</ele>
      </trkpt>
      <trkpt lat="34.33000900782645" lon="134.0463611204177">
        <ele>16.3</ele>
      </trkpt>
      <trkpt lat="34.33000858873129" lon="134.0463611204177">
        <ele>16.26</ele>
      </trkpt>
      <trkpt lat="34.33000783436" lon="134.04636103659868">
        <ele>16.22</ele>
      </trkpt>
      <trkpt lat="34.32970818132162" lon="134.04624176211655">
        <ele>16.08</ele>
      </trkpt>
      <trkpt lat="34.3295194208622" lon="134.04616666026413">
        <ele>16.0</ele>
      </trkpt>
      <trkpt lat="34.32951816357672" lon="134.04616624116898">
        <ele>15.96</ele>
      </trkpt>
      <trkpt lat="34.329225635156035" lon="134.0460238326341">
        <ele>15.97</ele>
      </trkpt>
      <trkpt lat="34.329045340418816" lon="134.04593615792692">
        <ele>15.98</ele>
      </trkpt>
      <trkpt lat="34.32904416695237" lon="134.0459355711937">
        <ele>15.94</ele>
      </trkpt>
      <trkpt lat="34.3287543207407" lon="134.04578536748886">
        <ele>15.95</ele>
      </trkpt>
      <trkpt lat="34.32846447452903" lon="134.04563516378403">
        <ele>15.92</ele>
      </trkpt>
      <trkpt lat="34.328174544498324" lon="134.0454849600792">
        <ele>15.84</ele>
      </trkpt>
      <trkpt lat="34.32788469828665" lon="134.04533475637436">
        <ele>15.82</ele>
      </trkpt>
      <trkpt lat="34.32759485207498" lon="134.04518455266953">
        <ele>15.68</ele>
      </trkpt>
      <trkpt lat="34.32730492204428" lon="134.0450343489647">
        <ele>15.52</ele>
      </trkpt>
      <trkpt lat="34.327015075832605" lon="134.04488414525986">
        <ele>15.46</ele>
      </trkpt>
      <trkpt lat="34.32672522962093" lon="134.04473394155502">
        <ele>15.29</ele>
      </trkpt>
      <trkpt lat="34.32671039365232" lon="134.04472631402314">
        <ele>15.17</ele>
      </trkpt>
      <trkpt lat="34.326709555462" lon="134.04472589492798">
        <ele>15.05</ele>
      </trkpt>
      <trkpt lat="34.32642356492579" lon="134.04456504620612">
        <ele>14.8</ele>
      </trkpt>
      <trkpt lat="34.32613765820861" lon="134.0444042813033">
        <ele>14.71</ele>
      </trkpt>
      <trkpt lat="34.32585175149143" lon="134.04424351640046">
        <ele>14.67</ele>
      </trkpt>
      <trkpt lat="34.325565760955215" lon="134.04408275149763">
        <ele>14.7</ele>
      </trkpt>
      <trkpt lat="34.32527985423803" lon="134.0439219865948">
        <ele>14.71</ele>
      </trkpt>
      <trkpt lat="34.32499394752085" lon="134.04376113787293">
        <ele>14.57</ele>
      </trkpt>
      <trkpt lat="34.32478356175125" lon="134.04364295303822">
        <ele>14.35</ele>
      </trkpt>
      <trkpt lat="34.3247823882848" lon="134.04364228248596">
        <ele>14.23</ele>
      </trkpt>
      <trkpt lat="34.324495727196336" lon="134.04348344542086">
        <ele>14.06</ele>
      </trkpt>
      <trkpt lat="34.32420898228884" lon="134.0433246921748">
        <ele>13.97</ele>
      </trkpt>
      <trkpt lat="34.32392223738134" lon="134.04316593892872">
        <ele>13.86</ele>
      </trkpt>
      <trkpt lat="34.32363557629287" lon="134.04300718568265">
        <ele>13.69</ele>
      </trkpt>
      <trkpt lat="34.323348831385374" lon="134.04284843243659">
        <ele>13.49</ele>
      </trkpt>
      <trkpt lat="34.32317608036101" lon="134.0427527949214">
        <ele>13.37</ele>
      </trkpt>
      <trkpt lat="34.32317582890391" lon="134.04275262728333">
        <ele>13.35</ele>
      </trkpt>
      <trkpt lat="34.323175409808755" lon="134.04275245964527">
        <ele>13.36</ele>
      </trkpt>
      <trkpt lat="34.32317423634231" lon="134.04275178909302">
        <ele>13.41</ele>
      </trkpt>
      <trkpt lat="34.32288841344416" lon="134.04259060509503">
        <ele>13.46</ele>
      </trkpt>
      <trkpt lat="34.322602674365044" lon="134.04242942109704">
        <ele>13.69</ele>
      </trkpt>
      <trkpt lat="34.322316851466894" lon="134.04226823709905">
        <ele>13.91</ele>
      </trkpt>
      <trkpt lat="34.322031112387776" lon="134.04210705310106">
        <ele>14.05</ele>
      </trkpt>
      <trkpt lat="34.32174528948963" lon="134.04194586910307">
        <ele>14.28</ele>
      </trkpt>
      <trkpt lat="34.3215583730489" lon="134.0418405085802">
        <ele>14.57</ele>
      </trkpt>
      <trkpt lat="34.321557115763426" lon="134.04183983802795">
        <ele>14.81</ele>
      </trkpt>
      <trkpt lat="34.32126995176077" lon="134.04168225824833">
        <ele>15.21</ele>
      </trkpt>
      <trkpt lat="34.32098278775811" lon="134.04152476228774">
        <ele>15.52</ele>
      </trkpt>
      <trkpt lat="34.320695623755455" lon="134.04136726632714">
        <ele>15.7</ele>
      </trkpt>
      <trkpt lat="34.320408375933766" lon="134.04120977036655">
        <ele>15.93</ele>
      </trkpt>
      <trkpt lat="34.32012121193111" lon="134.04105227440596">
        <ele>16.28</ele>
      </trkpt>
      <trkpt lat="34.31983404792845" lon="134.04089477844536">
        <ele>16.61</ele>
      </trkpt>
      <trkpt lat="34.319546883925796" lon="134.04073728248477">
        <ele>16.87</ele>
      </trkpt>
      <trkpt lat="34.31925963610411" lon="134.04057978652418">
        <ele>17.07</ele>
      </trkpt>
      <trkpt lat="34.31901547126472" lon="134.0404458437115">
        <ele>17.34</ele>
      </trkpt>
      <trkpt lat="34.31901404634118" lon="134.0404450893402">
        <ele>17.6</ele>
      </trkpt>
      <trkpt lat="34.31872277520597" lon="134.04031231999397">
        <ele>17.89</ele>
      </trkpt>
      <trkpt lat="34.318435695022345" lon="134.04015474021435">
        <ele>18.23</ele>
      </trkpt>
      <trkpt lat="34.31814853101969" lon="134.03999716043472">
        <ele>18.54</ele>
      </trkpt>
      <trkpt lat="34.31786136701703" lon="134.03983949683607">
        <ele>18.78</ele>
      </trkpt>
      <trkpt lat="34.317574203014374" lon="134.03968191705644">
        <ele>18.94</ele>
      </trkpt>
      <trkpt lat="34.31728712283075" lon="134.03952433727682">
        <ele>19.17</ele>
      </trkpt>
      <trkpt lat="34.31699995882809" lon="134.0393667574972">
        <ele>19.44</ele>
      </trkpt>
      <trkpt lat="34.316712794825435" lon="134.03920909389853">
        <ele>19.54</ele>
      </trkpt>
      <trkpt lat="34.31642563082278" lon="134.0390515141189">
        <ele>19.71</ele>
      </trkpt>
      <trkpt lat="34.31634994223714" lon="134.03900993987918">
        <ele>19.93</ele>
      </trkpt>
      <trkpt lat="34.3160617724061" lon="134.03885520994663">
        <ele>20.12</ele>
      </trkpt>
      <trkpt lat="34.31580998003483" lon="134.03871992602944">
        <ele>20.3</ele>
      </trkpt>
      <trkpt lat="34.31551217101514" lon="134.03859411366284">
        <ele>20.59</ele>
      </trkpt>
      <trkpt lat="34.31521444581449" lon="134.03846830129623">
        <ele>20.87</ele>
      </trkpt>
      <trkpt lat="34.31509994901717" lon="134.03841993771493">
        <ele>21.0</ele>
      </trkpt>
      <trkpt lat="34.31509751826525" lon="134.03841893188655">
        <ele>21.12</ele>
      </trkpt>
      <trkpt lat="34.315097434446216" lon="134.03841893188655">
        <ele>21.13</ele>
      </trkpt>
      <trkpt lat="34.31509701535106" lon="134.0384187642485">
        <ele>21.35</ele>
      </trkpt>
      <trkpt lat="34.31479895487428" lon="134.03830602765083">
        <ele>21.42</ele>
      </trkpt>
      <trkpt lat="34.314729971811175" lon="134.03827995993197">
        <ele>21.49</ele>
      </trkpt>
      <trkpt lat="34.31442202068865" lon="134.03819689527154">
        <ele>21.55</ele>
      </trkpt>
      <trkpt lat="34.31411415338516" lon="134.03811391443014">
        <ele>21.53</ele>
      </trkpt>
      <trkpt lat="34.31383998133242" lon="134.03803998604417">
        <ele>21.45</ele>
      </trkpt>
      <trkpt lat="34.313527420163155" lon="134.03798785060644">
        <ele>21.46</ele>
      </trkpt>
      <trkpt lat="34.31323992088437" lon="134.03793998993933">
        <ele>21.57</ele>
      </trkpt>
      <trkpt lat="34.313159957528114" lon="134.03789992444217">
        <ele>21.6</ele>
      </trkpt>
      <trkpt lat="34.313099943101406" lon="134.03791995719075">
        <ele>21.61</ele>
      </trkpt>
      <trkpt lat="34.312786627560854" lon="134.03787561692297">
        <ele>21.67</ele>
      </trkpt>
      <trkpt lat="34.31247322820127" lon="134.0378312766552">
        <ele>21.57</ele>
      </trkpt>
      <trkpt lat="34.312159828841686" lon="134.03778693638742">
        <ele>21.38</ele>
      </trkpt>
      <trkpt lat="34.31203996762633" lon="134.03776992112398">
        <ele>21.29</ele>
      </trkpt>
      <trkpt lat="34.31172623299062" lon="134.0377292688936">
        <ele>21.16</ele>
      </trkpt>
      <trkpt lat="34.31149992160499" lon="134.0376999322325">
        <ele>21.07</ele>
      </trkpt>
      <trkpt lat="34.31145993992686" lon="134.0376999322325">
        <ele>21.0</ele>
      </trkpt>
      <trkpt lat="34.31145700626075" lon="134.0376991778612">
        <ele>20.95</ele>
      </trkpt>
      <trkpt lat="34.31118140928447" lon="134.0376343857497">
        <ele>20.89</ele>
      </trkpt>
      <trkpt lat="34.311180487275124" lon="134.03763421811163">
        <ele>20.85</ele>
      </trkpt>
      <trkpt lat="34.311180571094155" lon="134.03763195499778">
        <ele>20.83</ele>
      </trkpt>
      <trkpt lat="34.31118065491319" lon="134.03763195499778">
        <ele>20.83</ele>
      </trkpt>
      <trkpt lat="34.31118073873222" lon="134.03763195499778">
        <ele>20.82</ele>
      </trkpt>
      <trkpt lat="34.31118090637028" lon="134.0376314520836">
        <ele>20.83</ele>
      </trkpt>
      <trkpt lat="34.311244022101164" lon="134.0372617263347">
        <ele>20.87</ele>
      </trkpt>
      <trkpt lat="34.31130747310817" lon="134.03688923455775">
        <ele>20.92</ele>
      </trkpt>
      <trkpt lat="34.31137100793421" lon="134.03651682659984">
        <ele>21.0</ele>
      </trkpt>
      <trkpt lat="34.31143445894122" lon="134.0361443348229">
        <ele>21.2</ele>
      </trkpt>
      <trkpt lat="34.31149799376726" lon="134.03577184304595">
        <ele>21.37</ele>
      </trkpt>
      <trkpt lat="34.31156144477427" lon="134.03539943508804">
        <ele>21.45</ele>
      </trkpt>
      <trkpt lat="34.31161031126976" lon="134.03511294163764">
        <ele>21.27</ele>
      </trkpt>
      <trkpt lat="34.31161089800298" lon="134.0351091697812">
        <ele>21.27</ele>
      </trkpt>
      <trkpt lat="34.311673091724515" lon="134.03474028222263">
        <ele>21.04</ele>
      </trkpt>
      <trkpt lat="34.31173587217927" lon="134.03436762280762">
        <ele>20.95</ele>
      </trkpt>
      <trkpt lat="34.311798652634025" lon="134.03399504721165">
        <ele>21.04</ele>
      </trkpt>
      <trkpt lat="34.31186151690781" lon="134.03362238779664">
        <ele>21.1</ele>
      </trkpt>
      <trkpt lat="34.311924297362566" lon="134.03324972838163">
        <ele>21.14</ele>
      </trkpt>
      <trkpt lat="34.31198707781732" lon="134.03287706896663">
        <ele>21.15</ele>
      </trkpt>
      <trkpt lat="34.312049858272076" lon="134.03250449337065">
        <ele>21.19</ele>
      </trkpt>
      <trkpt lat="34.31205782108009" lon="134.03245747089386">
        <ele>21.28</ele>
      </trkpt>
      <trkpt lat="34.31205832399428" lon="134.03245369903743">
        <ele>21.39</ele>
      </trkpt>
      <trkpt lat="34.31211548857391" lon="134.03208355419338">
        <ele>21.59</ele>
      </trkpt>
      <trkpt lat="34.31217315606773" lon="134.03170972131193">
        <ele>21.83</ele>
      </trkpt>
      <trkpt lat="34.31223082356155" lon="134.03133588843048">
        <ele>22.14</ele>
      </trkpt>
      <trkpt lat="34.31228849105537" lon="134.03096205554903">
        <ele>22.32</ele>
      </trkpt>
      <trkpt lat="34.31234615854919" lon="134.03058822266757">
        <ele>22.42</ele>
      </trkpt>
      <trkpt lat="34.31240382604301" lon="134.03021438978612">
        <ele>22.47</ele>
      </trkpt>
      <trkpt lat="34.31246149353683" lon="134.02984055690467">
        <ele>22.51</ele>
      </trkpt>
      <trkpt lat="34.31246987544" lon="134.02978599071503">
        <ele>22.65</ele>
      </trkpt>
      <trkpt lat="34.312469540163875" lon="134.02978213503957">
        <ele>22.77</ele>
      </trkpt>
      <trkpt lat="34.31244774721563" lon="134.02950704097748">
        <ele>22.97</ele>
      </trkpt>
      <trkpt lat="34.31244531646371" lon="134.02950637042522">
        <ele>23.08</ele>
      </trkpt>
      <trkpt lat="34.31244523264468" lon="134.02950637042522">
        <ele>23.09</ele>
      </trkpt>
      <trkpt lat="34.312445148825645" lon="134.02950637042522">
        <ele>23.2</ele>
      </trkpt>
      <trkpt lat="34.312444645911455" lon="134.0295062866062">
        <ele>23.3</ele>
      </trkpt>
      <trkpt lat="34.31213736534119" lon="134.02943872846663">
        <ele>23.57</ele>
      </trkpt>
      <trkpt lat="34.311870988458395" lon="134.0293802227825">
        <ele>23.55</ele>
      </trkpt>
      <trkpt lat="34.311869982630014" lon="134.0293799713254">
        <ele>23.63</ele>
      </trkpt>
      <trkpt lat="34.31186797097325" lon="134.02937930077314">
        <ele>23.7</ele>
      </trkpt>
      <trkpt lat="34.311569994315505" lon="134.02928994968534">
        <ele>23.64</ele>
      </trkpt>
      <trkpt lat="34.311549961566925" lon="134.02926991693676">
        <ele>23.7</ele>
      </trkpt>
      <trkpt lat="34.31124150753021" lon="134.0291899535805">
        <ele>23.74</ele>
      </trkpt>
      <trkpt lat="34.3109330534935" lon="134.0291099064052">
        <ele>23.81</ele>
      </trkpt>
      <trkpt lat="34.31062459945679" lon="134.02902985922992">
        <ele>23.88</ele>
      </trkpt>
      <trkpt lat="34.310316145420074" lon="134.02894981205463">
        <ele>24.0</ele>
      </trkpt>
      <trkpt lat="34.31000769138336" lon="134.02886976487935">
        <ele>24.1</ele>
      </trkpt>
      <trkpt lat="34.30996997281909" lon="134.02885995805264">
        <ele>24.19</ele>
      </trkpt>
      <trkpt lat="34.309664368629456" lon="134.0287654940039">
        <ele>24.25</ele>
      </trkpt>
      <trkpt lat="34.30941995233297" lon="134.02868997305632">
        <ele>24.38</ele>
      </trkpt>
      <trkpt lat="34.30912465788424" lon="134.02855611406267">
        <ele>24.45</ele>
      </trkpt>
      <trkpt lat="34.308829279616475" lon="134.02842233888805">
        <ele>24.67</ele>
      </trkpt>
      <trkpt lat="34.30877999402583" lon="134.02839995920658">
        <ele>24.8</ele>
      </trkpt>
      <trkpt lat="34.308492159470916" lon="134.0282440558076">
        <ele>24.97</ele>
      </trkpt>
      <trkpt lat="34.30829996243119" lon="134.0281399525702">
        <ele>25.06</ele>
      </trkpt>
      <trkpt lat="34.308024449273944" lon="134.0279547125101">
        <ele>25.13</ele>
      </trkpt>
      <trkpt lat="34.307748936116695" lon="134.027769388631">
        <ele>25.29</ele>
      </trkpt>
      <trkpt lat="34.30771993473172" lon="134.02774994261563">
        <ele>25.41</ele>
      </trkpt>
      <trkpt lat="34.30745707824826" lon="134.02753964066505">
        <ele>25.5</ele>
      </trkpt>
      <trkpt lat="34.3071942217648" lon="134.02732933871448">
        <ele>25.61</ele>
      </trkpt>
      <trkpt lat="34.30716999806464" lon="134.02730997651815">
        <ele>25.72</ele>
      </trkpt>
      <trkpt lat="34.30692323483527" lon="134.02707285247743">
        <ele>25.83</ele>
      </trkpt>
      <trkpt lat="34.30667655542493" lon="134.02683581225574">
        <ele>25.98</ele>
      </trkpt>
      <trkpt lat="34.30642987601459" lon="134.02659877203405">
        <ele>26.01</ele>
      </trkpt>
      <trkpt lat="34.30639995262027" lon="134.02656993828714">
        <ele>26.1</ele>
      </trkpt>
      <trkpt lat="34.306154027581215" lon="134.02633180841804">
        <ele>26.17</ele>
      </trkpt>
      <trkpt lat="34.30590801872313" lon="134.02609367854893">
        <ele>26.34</ele>
      </trkpt>
      <trkpt lat="34.30566209368408" lon="134.0258554648608">
        <ele>26.48</ele>
      </trkpt>
      <trkpt lat="34.30541608482599" lon="134.0256173349917">
        <ele>26.59</ele>
      </trkpt>
      <trkpt lat="34.30517015978694" lon="134.0253792051226">
        <ele>26.72</ele>
      </trkpt>
      <trkpt lat="34.30513998493552" lon="134.02534995228052">
        <ele>26.8</ele>
      </trkpt>
      <trkpt lat="34.30489657446742" lon="134.02510796673596">
        <ele>26.87</ele>
      </trkpt>
      <trkpt lat="34.30465324781835" lon="134.0248659811914">
        <ele>26.85</ele>
      </trkpt>
      <trkpt lat="34.30440992116928" lon="134.02462399564683">
        <ele>26.93</ele>
      </trkpt>
      <trkpt lat="34.30416651070118" lon="134.02438192628324">
        <ele>27.06</ele>
      </trkpt>
      <trkpt lat="34.30392318405211" lon="134.02413994073868">
        <ele>27.19</ele>
      </trkpt>
      <trkpt lat="34.30367977358401" lon="134.02389795519412">
        <ele>27.33</ele>
      </trkpt>
      <trkpt lat="34.30343644693494" lon="134.02365596964955">
        <ele>27.41</ele>
      </trkpt>
      <trkpt lat="34.30334994569421" lon="134.023569971323">
        <ele>27.48</ele>
      </trkpt>
      <trkpt lat="34.3032899312675" lon="134.02349998243153">
        <ele>27.56</ele>
      </trkpt>
      <trkpt lat="34.303046772256494" lon="134.02325774542987">
        <ele>27.7</ele>
      </trkpt>
      <trkpt lat="34.30280361324549" lon="134.02301542460918">
        <ele>27.81</ele>
      </trkpt>
      <trkpt lat="34.30256037041545" lon="134.02277318760753">
        <ele>27.81</ele>
      </trkpt>
      <trkpt lat="34.30231721140444" lon="134.02253095060587">
        <ele>27.83</ele>
      </trkpt>
      <trkpt lat="34.302074052393436" lon="134.0222887136042">
        <ele>27.96</ele>
      </trkpt>
      <trkpt lat="34.30183089338243" lon="134.02204647660255">
        <ele>28.2</ele>
      </trkpt>
      <trkpt lat="34.30158765055239" lon="134.0218042396009">
        <ele>28.44</ele>
      </trkpt>
      <trkpt lat="34.301344491541386" lon="134.02156200259924">
        <ele>28.61</ele>
      </trkpt>
      <trkpt lat="34.30110133253038" lon="134.02131968177855">
        <ele>28.73</ele>
      </trkpt>
      <trkpt lat="34.30085817351937" lon="134.0210774447769">
        <ele>28.98</ele>
      </trkpt>
      <trkpt lat="34.300679974257946" lon="134.02089999988675">
        <ele>29.21</ele>
      </trkpt>
      <trkpt lat="34.30044519715011" lon="134.02064594440162">
        <ele>29.4</ele>
      </trkpt>
      <trkpt lat="34.300210420042276" lon="134.02039197273552">
        <ele>29.55</ele>
      </trkpt>
      <trkpt lat="34.29997564293444" lon="134.02013800106943">
        <ele>29.66</ele>
      </trkpt>
      <trkpt lat="34.29974086582661" lon="134.01988402940333">
        <ele>29.86</ele>
      </trkpt>
      <trkpt lat="34.29957993328571" lon="134.01970993727446">
        <ele>30.15</ele>
      </trkpt>
      <trkpt lat="34.29935487918556" lon="134.01944347657263">
        <ele>30.49</ele>
      </trkpt>
      <trkpt lat="34.2991298250854" lon="134.0191770158708">
        <ele>30.79</ele>
      </trkpt>
      <trkpt lat="34.298904770985246" lon="134.018910555169">
        <ele>31.06</ele>
      </trkpt>
      <trkpt lat="34.29870997555554" lon="134.01867996901274">
        <ele>31.29</ele>
      </trkpt>
      <trkpt lat="34.29849690757692" lon="134.01839951053262">
        <ele>31.48</ele>
      </trkpt>
      <trkpt lat="34.29828392341733" lon="134.0181190520525">
        <ele>31.65</ele>
      </trkpt>
      <trkpt lat="34.29807085543871" lon="134.01783859357238">
        <ele>31.9</ele>
      </trkpt>
      <trkpt lat="34.29791998118162" lon="134.0176399424672">
        <ele>32.13</ele>
      </trkpt>
      <trkpt lat="34.29771898314357" lon="134.01734691113234">
        <ele>32.27</ele>
      </trkpt>
      <trkpt lat="34.297517985105515" lon="134.01705379597843">
        <ele>32.36</ele>
      </trkpt>
      <trkpt lat="34.29731707088649" lon="134.01676068082452">
        <ele>32.43</ele>
      </trkpt>
      <trkpt lat="34.297199975699186" lon="134.0165899414569">
        <ele>32.53</ele>
      </trkpt>
      <trkpt lat="34.29715999402106" lon="134.01650997810066">
        <ele>32.59</ele>
      </trkpt>
      <trkpt lat="34.29697056300938" lon="134.0162058826536">
        <ele>32.6</ele>
      </trkpt>
      <trkpt lat="34.296781215816736" lon="134.01590178720653">
        <ele>32.59</ele>
      </trkpt>
      <trkpt lat="34.29659178480506" lon="134.01559769175947">
        <ele>32.53</ele>
      </trkpt>
      <trkpt lat="34.2964499630034" lon="134.0153699554503">
        <ele>32.45</ele>
      </trkpt>
      <trkpt lat="34.29627218283713" lon="134.01505588553846">
        <ele>32.41</ele>
      </trkpt>
      <trkpt lat="34.29609440267086" lon="134.01474181562662">
        <ele>32.44</ele>
      </trkpt>
      <trkpt lat="34.29591662250459" lon="134.01442774571478">
        <ele>32.38</ele>
      </trkpt>
      <trkpt lat="34.29584998637438" lon="134.01430997997522">
        <ele>32.31</ele>
      </trkpt>
      <trkpt lat="34.29568452760577" lon="134.0139861870557">
        <ele>32.2</ele>
      </trkpt>
      <trkpt lat="34.295519068837166" lon="134.01366247795522">
        <ele>32.21</ele>
      </trkpt>
      <trkpt lat="34.29535369388759" lon="134.01333876885474">
        <ele>32.23</ele>
      </trkpt>
      <trkpt lat="34.295188235118985" lon="134.01301505975425">
        <ele>32.15</ele>
      </trkpt>
      <trkpt lat="34.29502286016941" lon="134.01269126683474">
        <ele>32.15</ele>
      </trkpt>
      <trkpt lat="34.294919930398464" lon="134.01248993352056">
        <ele>32.22</ele>
      </trkpt>
      <trkpt lat="34.294756818562746" lon="134.01216454803944">
        <ele>32.42</ele>
      </trkpt>
      <trkpt lat="34.294593622907996" lon="134.01183916255832">
        <ele>32.56</ele>
      </trkpt>
      <trkpt lat="34.294430427253246" lon="134.0115137770772">
        <ele>32.61</ele>
      </trkpt>
      <trkpt lat="34.29426731541753" lon="134.01118839159608">
        <ele>32.53</ele>
      </trkpt>
      <trkpt lat="34.29410411976278" lon="134.01086300611496">
        <ele>32.45</ele>
      </trkpt>
      <trkpt lat="34.29394092410803" lon="134.01053762063384">
        <ele>32.53</ele>
      </trkpt>
      <trkpt lat="34.29377781227231" lon="134.01021223515272">
        <ele>32.57</ele>
      </trkpt>
      <trkpt lat="34.29361461661756" lon="134.0098868496716">
        <ele>32.61</ele>
      </trkpt>
      <trkpt lat="34.29345150478184" lon="134.00956146419048">
        <ele>32.68</ele>
      </trkpt>
      <trkpt lat="34.29328830912709" lon="134.00923607870936">
        <ele>32.75</ele>
      </trkpt>
      <trkpt lat="34.29318998940289" lon="134.00903994217515">
        <ele>32.89</ele>
      </trkpt>
      <trkpt lat="34.29300961084664" lon="134.0087279677391">
        <ele>33.04</ele>
      </trkpt>
      <trkpt lat="34.29282931610942" lon="134.00841599330306">
        <ele>33.17</ele>
      </trkpt>
      <trkpt lat="34.2926490213722" lon="134.00810401886702">
        <ele>33.23</ele>
      </trkpt>
      <trkpt lat="34.292559921741486" lon="134.00794995948672">
        <ele>33.32</ele>
      </trkpt>
      <trkpt lat="34.29241449572146" lon="134.0077199600637">
        <ele>33.41</ele>
      </trkpt>
      <trkpt lat="34.29241307079792" lon="134.0077176131308">
        <ele>33.53</ele>
      </trkpt>
      <trkpt lat="34.29241298697889" lon="134.00771752931178">
        <ele>33.54</ele>
      </trkpt>
      <trkpt lat="34.29241265170276" lon="134.0077170263976">
        <ele>33.8</ele>
      </trkpt>
      <trkpt lat="34.29236873053014" lon="134.0076475404203">
        <ele>33.94</ele>
      </trkpt>
      <trkpt lat="34.29217762313783" lon="134.00734512135386">
        <ele>34.13</ele>
      </trkpt>
      <trkpt lat="34.2920099850744" lon="134.00707991793752">
        <ele>34.34</ele>
      </trkpt>
      <trkpt lat="34.291805382817984" lon="134.00679057464004">
        <ele>34.44</ele>
      </trkpt>
      <trkpt lat="34.291600696742535" lon="134.00650123134255">
        <ele>34.63</ele>
      </trkpt>
      <trkpt lat="34.29139609448612" lon="134.00621180422604">
        <ele>34.85</ele>
      </trkpt>
      <trkpt lat="34.291309928521514" lon="134.00608993135393">
        <ele>35.01</ele>
      </trkpt>
      <trkpt lat="34.29109669290483" lon="134.00580980814993">
        <ele>35.13</ele>
      </trkpt>
      <trkpt lat="34.290883457288146" lon="134.0055296011269">
        <ele>35.23</ele>
      </trkpt>
      <trkpt lat="34.29079997353256" lon="134.00541996583343">
        <ele>35.34</ele>
      </trkpt>
      <trkpt lat="34.29056947119534" lon="134.00516029447317">
        <ele>35.41</ele>
      </trkpt>
      <trkpt lat="34.290339052677155" lon="134.00490070693195">
        <ele>35.5</ele>
      </trkpt>
      <trkpt lat="34.29010855033994" lon="134.0046410355717">
        <ele>35.54</ele>
      </trkpt>
      <trkpt lat="34.29000997915864" lon="134.00452997535467">
        <ele>35.66</ele>
      </trkpt>
      <trkpt lat="34.289769837632775" lon="134.00428329594433">
        <ele>35.88</ele>
      </trkpt>
      <trkpt lat="34.28952977992594" lon="134.004036616534">
        <ele>36.14</ele>
      </trkpt>
      <trkpt lat="34.28928972221911" lon="134.00378993712366">
        <ele>36.21</ele>
      </trkpt>
      <trkpt lat="34.28927999921143" lon="134.00377996265888">
        <ele>36.32</ele>
      </trkpt>
      <trkpt lat="34.28902887739241" lon="134.0035497955978">
        <ele>36.4</ele>
      </trkpt>
      <trkpt lat="34.28877775557339" lon="134.0033196285367">
        <ele>36.52</ele>
      </trkpt>
      <trkpt lat="34.28852663375437" lon="134.0030894614756">
        <ele>36.56</ele>
      </trkpt>
      <trkpt lat="34.28843996487558" lon="134.0030099172145">
        <ele>36.65</ele>
      </trkpt>
      <trkpt lat="34.28836042061448" lon="134.00295032188296">
        <ele>36.75</ele>
      </trkpt>
      <trkpt lat="34.28835991770029" lon="134.00294998660684">
        <ele>36.89</ele>
      </trkpt>
      <trkpt lat="34.28835790604353" lon="134.0029483102262">
        <ele>37.04</ele>
      </trkpt>
      <trkpt lat="34.28809848614037" lon="134.0027371700853">
        <ele>37.24</ele>
      </trkpt>
      <trkpt lat="34.28783705458045" lon="134.00252435356379">
        <ele>37.47</ele>
      </trkpt>
      <trkpt lat="34.2875755392015" lon="134.0023116208613">
        <ele>37.74</ele>
      </trkpt>
      <trkpt lat="34.28731410764158" lon="134.00209880433977">
        <ele>38.01</ele>
      </trkpt>
      <trkpt lat="34.28705267608166" lon="134.00188607163727">
        <ele>38.13</ele>
      </trkpt>
      <trkpt lat="34.286791160702705" lon="134.00167325511575">
        <ele>38.21</ele>
      </trkpt>
      <trkpt lat="34.286611871793866" lon="134.0015272423625">
        <ele>38.34</ele>
      </trkpt>
      <trkpt lat="34.286609357222915" lon="134.00152523070574">
        <ele>38.5</ele>
      </trkpt>
      <trkpt lat="34.28635010495782" lon="134.00131492875516">
        <ele>38.65</ele>
      </trkpt>
      <trkpt lat="34.2860884219408" lon="134.00110261514783">
        <ele>38.93</ele>
      </trkpt>
      <trkpt lat="34.28582673892379" lon="134.0008903015405">
        <ele>39.15</ele>
      </trkpt>
      <trkpt lat="34.28556497208774" lon="134.00067798793316">
        <ele>39.23</ele>
      </trkpt>
      <trkpt lat="34.285303289070725" lon="134.0004655905068">
        <ele>39.29</ele>
      </trkpt>
      <trkpt lat="34.28504160605371" lon="134.00025327689946">
        <ele>39.4</ele>
      </trkpt>
      <trkpt lat="34.28477983921766" lon="134.00004096329212">
        <ele>39.56</ele>
      </trkpt>
      <trkpt lat="34.28451815620065" lon="133.9998286496848">
        <ele>39.61</ele>
      </trkpt>
      <trkpt lat="34.28438228555024" lon="133.99971842765808">
        <ele>39.63</ele>
      </trkpt>
      <trkpt lat="34.284379770979285" lon="133.99971649982035">
        <ele>39.65</ele>
      </trkpt>
      <trkpt lat="34.2841165792197" lon="133.9995134063065">
        <ele>39.69</ele>
      </trkpt>
      <trkpt lat="34.28385087288916" lon="133.99930838495493">
        <ele>39.64</ele>
      </trkpt>
      <trkpt lat="34.28382606245577" lon="133.99928919039667">
        <ele>39.61</ele>
      </trkpt>
      <trkpt lat="34.283823631703854" lon="133.9992871787399">
        <ele>39.59</ele>
      </trkpt>
      <trkpt lat="34.28363646380603" lon="133.9991354662925">
        <ele>39.45</ele>
      </trkpt>
      <trkpt lat="34.283374696969986" lon="133.99892315268517">
        <ele>39.43</ele>
      </trkpt>
      <trkpt lat="34.28311293013394" lon="133.99871092289686">
        <ele>39.44</ele>
      </trkpt>
      <trkpt lat="34.28285124711692" lon="133.99849869310856">
        <ele>39.45</ele>
      </trkpt>
      <trkpt lat="34.282589480280876" lon="133.99828637950122">
        <ele>39.46</ele>
      </trkpt>
      <trkpt lat="34.28232771344483" lon="133.99807414971292">
        <ele>39.45</ele>
      </trkpt>
      <trkpt lat="34.28206603042781" lon="133.99786191992462">
        <ele>39.41</ele>
      </trkpt>
      <trkpt lat="34.281804263591766" lon="133.99764960631728">
        <ele>39.38</ele>
      </trkpt>
      <trkpt lat="34.28154249675572" lon="133.99743737652898">
        <ele>39.34</ele>
      </trkpt>
      <trkpt lat="34.28128072991967" lon="133.99722506292164">
        <ele>39.31</ele>
      </trkpt>
      <trkpt lat="34.28101904690266" lon="133.99701283313334">
        <ele>39.3</ele>
      </trkpt>
      <trkpt lat="34.28075728006661" lon="133.99680060334504">
        <ele>39.3</ele>
      </trkpt>
      <trkpt lat="34.28049551323056" lon="133.9965882897377">
        <ele>39.38</ele>
      </trkpt>
      <trkpt lat="34.28024967201054" lon="133.99638888426125">
        <ele>39.49</ele>
      </trkpt>
      <trkpt lat="34.28024732507765" lon="133.99638695642352">
        <ele>39.61</ele>
      </trkpt>
      <trkpt lat="34.2799858096987" lon="133.99618059396744">
        <ele>39.85</ele>
      </trkpt>
      <trkpt lat="34.27972186356783" lon="133.9959722198546">
        <ele>40.1</ele>
      </trkpt>
      <trkpt lat="34.27945800125599" lon="133.99576392956078">
        <ele>40.26</ele>
      </trkpt>
      <trkpt lat="34.27919405512512" lon="133.99555555544794">
        <ele>40.54</ele>
      </trkpt>
      <trkpt lat="34.27893019281328" lon="133.9953471813351">
        <ele>40.89</ele>
      </trkpt>
      <trkpt lat="34.2788306158036" lon="133.99526864290237">
        <ele>41.19</ele>
      </trkpt>
      <trkpt lat="34.27882826887071" lon="133.9952666312456">
        <ele>41.48</ele>
      </trkpt>
      <trkpt lat="34.27857463248074" lon="133.99504627101123">
        <ele>41.84</ele>
      </trkpt>
      <trkpt lat="34.27835578098893" lon="133.99485608562827">
        <ele>42.18</ele>
      </trkpt>
      <trkpt lat="34.2783541046083" lon="133.99485466070473">
        <ele>42.52</ele>
      </trkpt>
      <trkpt lat="34.278354020789266" lon="133.9948545768857">
        <ele>42.55</ele>
      </trkpt>
      <trkpt lat="34.278353936970234" lon="133.9948545768857">
        <ele>42.94</ele>
      </trkpt>
      <trkpt lat="34.278353517875075" lon="133.99485424160957">
        <ele>43.37</ele>
      </trkpt>
      <trkpt lat="34.27814799360931" lon="133.9946881122887">
        <ele>43.75</ele>
      </trkpt>
      <trkpt lat="34.27788597531617" lon="133.99447630159557">
        <ele>44.15</ele>
      </trkpt>
      <trkpt lat="34.277624040842056" lon="133.99426449090242">
        <ele>44.69</ele>
      </trkpt>
      <trkpt lat="34.277362022548914" lon="133.99405259639025">
        <ele>45.38</ele>
      </trkpt>
      <trkpt lat="34.2771000880748" lon="133.9938407856971">
        <ele>46.15</ele>
      </trkpt>
      <trkpt lat="34.27683806978166" lon="133.99362897500396">
        <ele>46.92</ele>
      </trkpt>
      <trkpt lat="34.27657613530755" lon="133.99341708049178">
        <ele>47.75</ele>
      </trkpt>
      <trkpt lat="34.27631411701441" lon="133.99320526979864">
        <ele>48.6</ele>
      </trkpt>
      <trkpt lat="34.2760521825403" lon="133.9929934591055">
        <ele>49.53</ele>
      </trkpt>
      <trkpt lat="34.27579024806619" lon="133.99278164841235">
        <ele>50.43</ele>
      </trkpt>
      <trkpt lat="34.275528229773045" lon="133.99256975390017">
        <ele>51.38</ele>
      </trkpt>
      <trkpt lat="34.275266295298934" lon="133.99235794320703">
        <ele>52.35</ele>
      </trkpt>
      <trkpt lat="34.27500427700579" lon="133.99214613251388">
        <ele>53.44</ele>
      </trkpt>
      <trkpt lat="34.27474234253168" lon="133.9919342380017">
        <ele>54.64</ele>
      </trkpt>
      <trkpt lat="34.27448032423854" lon="133.99172242730856">
        <ele>55.83</ele>
      </trkpt>
      <trkpt lat="34.27423071116209" lon="133.99152050726116">
        <ele>56.92</ele>
      </trkpt>
      <trkpt lat="34.274229956790805" lon="133.99151992052794">
        <ele>57.99</ele>
      </trkpt>
      <trkpt lat="34.274228531867266" lon="133.99151866324246">
        <ele>59.06</ele>
      </trkpt>
      <trkpt lat="34.27400993183255" lon="133.99132998660207">
        <ele>60.16</ele>
      </trkpt>
      <trkpt lat="34.27384992130101" lon="133.99115991778672">
        <ele>61.27</ele>
      </trkpt>
      <trkpt lat="34.27361011505127" lon="133.99091298691928">
        <ele>62.3</ele>
      </trkpt>
      <trkpt lat="34.27337030880153" lon="133.99066597223282">
        <ele>63.38</ele>
      </trkpt>
      <trkpt lat="34.273179955780506" lon="133.99046991951764">
        <ele>64.49</ele>
      </trkpt>
      <trkpt lat="34.272949788719416" lon="133.9902099967003">
        <ele>65.63</ele>
      </trkpt>
      <trkpt lat="34.272719621658325" lon="133.9899499900639">
        <ele>66.71</ele>
      </trkpt>
      <trkpt lat="34.272639993578196" lon="133.98985996842384">
        <ele>67.65</ele>
      </trkpt>
      <trkpt lat="34.272421058267355" lon="133.9895862992853">
        <ele>68.48</ele>
      </trkpt>
      <trkpt lat="34.27220203913748" lon="133.98931263014674">
        <ele>69.27</ele>
      </trkpt>
      <trkpt lat="34.272079998627305" lon="133.98915999569">
        <ele>70.01</ele>
      </trkpt>
      <trkpt lat="34.271881096065044" lon="133.98886486887932">
        <ele>70.72</ele>
      </trkpt>
      <trkpt lat="34.271682277321815" lon="133.98856982588768">
        <ele>71.41</ele>
      </trkpt>
      <trkpt lat="34.271483374759555" lon="133.988274699077">
        <ele>72.0</ele>
      </trkpt>
      <trkpt lat="34.271459989249706" lon="133.98823999799788">
        <ele>72.45</ele>
      </trkpt>
      <trkpt lat="34.27127449773252" lon="133.98793246597052">
        <ele>72.89</ele>
      </trkpt>
      <trkpt lat="34.271089006215334" lon="133.98762501776218">
        <ele>73.17</ele>
      </trkpt>
      <trkpt lat="34.27107995375991" lon="133.98760993033648">
        <ele>73.28</ele>
      </trkpt>
      <trkpt lat="34.27090904675424" lon="133.9872904960066">
        <ele>73.27</ele>
      </trkpt>
      <trkpt lat="34.27084995433688" lon="133.98717993870378">
        <ele>73.16</ele>
      </trkpt>
      <trkpt lat="34.2707799654454" lon="133.98707994259894">
        <ele>72.9</ele>
      </trkpt>
      <trkpt lat="34.27061718888581" lon="133.98675438947976">
        <ele>72.62</ele>
      </trkpt>
      <trkpt lat="34.2705899477005" lon="133.98669999092817">
        <ele>72.02</ele>
      </trkpt>
      <trkpt lat="34.27054996602237" lon="133.98664995096624">
        <ele>71.25</ele>
      </trkpt>
      <trkpt lat="34.270392805337906" lon="133.98632037453353">
        <ele>70.26</ele>
      </trkpt>
      <trkpt lat="34.27023991942406" lon="133.9859999343753">
        <ele>69.13</ele>
      </trkpt>
      <trkpt lat="34.27010195329785" lon="133.98565820418298">
        <ele>68.08</ele>
      </trkpt>
      <trkpt lat="34.26996398717165" lon="133.98531639017165">
        <ele>66.63</ele>
      </trkpt>
      <trkpt lat="34.269826021045446" lon="133.9849745761603">
        <ele>65.13</ele>
      </trkpt>
      <trkpt lat="34.26979995332658" lon="133.98490995168686">
        <ele>63.54</ele>
      </trkpt>
      <trkpt lat="34.269688138738275" lon="133.9845545589924">
        <ele>61.85</ele>
      </trkpt>
      <trkpt lat="34.269576324149966" lon="133.9841991662979">
        <ele>59.72</ele>
      </trkpt>
      <trkpt lat="34.26951999776065" lon="133.9840199612081">
        <ele>57.78</ele>
      </trkpt>
      <trkpt lat="34.26944749429822" lon="133.98365006782115">
        <ele>55.41</ele>
      </trkpt>
      <trkpt lat="34.26937507465482" lon="133.98328017443419">
        <ele>53.27</ele>
      </trkpt>
      <trkpt lat="34.269329980015755" lon="133.98304992355406">
        <ele>51.53</ele>
      </trkpt>
      <trkpt lat="34.26926485262811" lon="133.98267810232937">
        <ele>49.93</ele>
      </trkpt>
      <trkpt lat="34.2691998090595" lon="133.98230619728565">
        <ele>48.35</ele>
      </trkpt>
      <trkpt lat="34.26913468167186" lon="133.98193429224193">
        <ele>46.92</ele>
      </trkpt>
      <trkpt lat="34.269119929522276" lon="133.98184997029603">
        <ele>45.63</ele>
      </trkpt>
      <trkpt lat="34.26907483488321" lon="133.9814737904817">
        <ele>44.4</ele>
      </trkpt>
      <trkpt lat="34.26902965642512" lon="133.98109769448638">
        <ele>43.31</ele>
      </trkpt>
      <trkpt lat="34.268984561786056" lon="133.98072151467204">
        <ele>42.53</ele>
      </trkpt>
      <trkpt lat="34.26893997006118" lon="133.98034994490445">
        <ele>41.88</ele>
      </trkpt>
      <trkpt lat="34.268912728875875" lon="133.9799713343382">
        <ele>41.45</ele>
      </trkpt>
      <trkpt lat="34.268885403871536" lon="133.97959272377193">
        <ele>41.12</ele>
      </trkpt>
      <trkpt lat="34.26885816268623" lon="133.97921402938664">
        <ele>40.92</ele>
      </trkpt>
      <trkpt lat="34.26884994842112" lon="133.97909995168447">
        <ele>40.9</ele>
      </trkpt>
      <trkpt lat="34.2688699811697" lon="133.97893994115293">
        <ele>41.03</ele>
      </trkpt>
      <trkpt lat="34.26883972249925" lon="133.9785616658628">
        <ele>41.43</ele>
      </trkpt>
      <trkpt lat="34.2688094638288" lon="133.97818339057267">
        <ele>42.15</ele>
      </trkpt>
      <trkpt lat="34.26878993399441" lon="133.97793998010457">
        <ele>42.85</ele>
      </trkpt>
      <trkpt lat="34.26873989403248" lon="133.97756472229958">
        <ele>43.67</ele>
      </trkpt>
      <trkpt lat="34.268689937889576" lon="133.97718996740878">
        <ele>44.46</ele>
      </trkpt>
      <trkpt lat="34.2686231341213" lon="133.97681856527925">
        <ele>45.08</ele>
      </trkpt>
      <trkpt lat="34.268599916249514" lon="133.9766899868846">
        <ele>45.94</ele>
      </trkpt>
      <trkpt lat="34.2685089726001" lon="133.97632604464889">
        <ele>46.97</ele>
      </trkpt>
      <trkpt lat="34.268439989537" lon="133.97604994475842">
        <ele>47.98</ele>
      </trkpt>
      <trkpt lat="34.26831526681781" lon="133.97570083849132">
        <ele>48.96</ele>
      </trkpt>
      <trkpt lat="34.26819062791765" lon="133.97535173222423">
        <ele>50.12</ele>
      </trkpt>
      <trkpt lat="34.268189957365394" lon="133.97534997202456">
        <ele>51.12</ele>
      </trkpt>
      <trkpt lat="34.26803631708026" lon="133.97501804865897">
        <ele>52.05</ele>
      </trkpt>
      <trkpt lat="34.26793992519379" lon="133.97480992600322">
        <ele>52.94</ele>
      </trkpt>
      <trkpt lat="34.2677716165781" lon="133.97448856383562">
        <ele>54.0</ele>
      </trkpt>
      <trkpt lat="34.267719984054565" lon="133.97438999265432">
        <ele>55.02</ele>
      </trkpt>
      <trkpt lat="34.267526445910335" lon="133.97408975288272">
        <ele>56.06</ele>
      </trkpt>
      <trkpt lat="34.26742997020483" lon="133.97393996827304">
        <ele>57.01</ele>
      </trkpt>
      <trkpt lat="34.26740951836109" lon="133.97391004487872">
        <ele>57.9</ele>
      </trkpt>
      <trkpt lat="34.26740784198046" lon="133.9739076141268">
        <ele>58.77</ele>
      </trkpt>
      <trkpt lat="34.267204999923706" lon="133.9736206177622">
        <ele>59.67</ele>
      </trkpt>
      <trkpt lat="34.26700048148632" lon="133.9733311906457">
        <ele>60.58</ele>
      </trkpt>
      <trkpt lat="34.26699453033507" lon="133.97332280874252">
        <ele>61.34</ele>
      </trkpt>
      <trkpt lat="34.26699310541153" lon="133.97332129999995">
        <ele>61.97</ele>
      </trkpt>
      <trkpt lat="34.2669930215925" lon="133.97332121618092">
        <ele>62.05</ele>
      </trkpt>
      <trkpt lat="34.26699251867831" lon="133.97332071326673">
        <ele>63.34</ele>
      </trkpt>
      <trkpt lat="34.266812559217215" lon="133.97313253954053">
        <ele>63.98</ele>
      </trkpt>
      <trkpt lat="34.26681071519852" lon="133.97313044406474">
        <ele>64.52</ele>
      </trkpt>
      <trkpt lat="34.26658599637449" lon="133.97286809049547">
        <ele>65.05</ele>
      </trkpt>
      <trkpt lat="34.26651131361723" lon="133.97278100252151">
        <ele>65.52</ele>
      </trkpt>
      <trkpt lat="34.26650988869369" lon="133.972779661417">
        <ele>65.88</ele>
      </trkpt>
      <trkpt lat="34.26650980487466" lon="133.97277957759798">
        <ele>65.92</ele>
      </trkpt>
      <trkpt lat="34.26650930196047" lon="133.97277907468379">
        <ele>66.6</ele>
      </trkpt>
      <trkpt lat="34.2662657238543" lon="133.97254245355725">
        <ele>66.91</ele>
      </trkpt>
      <trkpt lat="34.266020050272346" lon="133.97230398841202">
        <ele>67.16</ele>
      </trkpt>
      <trkpt lat="34.26577437669039" lon="133.97206543944776">
        <ele>67.25</ele>
      </trkpt>
      <trkpt lat="34.26552870310843" lon="133.97182697430253">
        <ele>67.54</ele>
      </trkpt>
      <trkpt lat="34.265283113345504" lon="133.97158842533827">
        <ele>67.78</ele>
      </trkpt>
      <trkpt lat="34.2652212549001" lon="133.97152841091156">
        <ele>67.85</ele>
      </trkpt>
      <trkpt lat="34.26521924324334" lon="133.97152648307383">
        <ele>67.83</ele>
      </trkpt>
      <trkpt lat="34.26497457548976" lon="133.97129137068987">
        <ele>67.74</ele>
      </trkpt>
      <trkpt lat="34.26472797989845" lon="133.97105433046818">
        <ele>67.45</ele>
      </trkpt>
      <trkpt lat="34.264481300488114" lon="133.9708172902465">
        <ele>67.17</ele>
      </trkpt>
      <trkpt lat="34.26443452946842" lon="133.97077227942646">
        <ele>66.97</ele>
      </trkpt>
      <trkpt lat="34.26443260163069" lon="133.97077035158873">
        <ele>66.73</ele>
      </trkpt>
      <trkpt lat="34.26430913619697" lon="133.9706444554031">
        <ele>66.43</ele>
      </trkpt>
      <trkpt lat="34.26406832411885" lon="133.97039886564016">
        <ele>66.09</ele>
      </trkpt>
      <trkpt lat="34.26403999328613" lon="133.97036994807422">
        <ele>65.77</ele>
      </trkpt>
      <trkpt lat="34.26394997164607" lon="133.97026995196939">
        <ele>65.42</ele>
      </trkpt>
      <trkpt lat="34.26371159031987" lon="133.9700210094452">
        <ele>65.13</ele>
      </trkpt>
      <trkpt lat="34.26347320899367" lon="133.96977198310196">
        <ele>64.86</ele>
      </trkpt>
      <trkpt lat="34.263234827667475" lon="133.96952304057777">
        <ele>64.52</ele>
      </trkpt>
      <trkpt lat="34.26308948546648" lon="133.96937124431133">
        <ele>64.02</ele>
      </trkpt>
      <trkpt lat="34.262854708358645" lon="133.96911727264524">
        <ele>63.3</ele>
      </trkpt>
      <trkpt lat="34.26261993125081" lon="133.96886338479817">
        <ele>62.51</ele>
      </trkpt>
      <trkpt lat="34.26238523796201" lon="133.96860941313207">
        <ele>61.81</ele>
      </trkpt>
      <trkpt lat="34.26215046085417" lon="133.968355525285">
        <ele>61.21</ele>
      </trkpt>
      <trkpt lat="34.26191576756537" lon="133.9681015536189">
        <ele>60.46</ele>
      </trkpt>
      <trkpt lat="34.261680990457535" lon="133.9678475819528">
        <ele>59.8</ele>
      </trkpt>
      <trkpt lat="34.261519303545356" lon="133.96767273545265">
        <ele>59.19</ele>
      </trkpt>
      <trkpt lat="34.26128444261849" lon="133.96741893142462">
        <ele>58.5</ele>
      </trkpt>
      <trkpt lat="34.26110255531967" lon="133.96722237579525">
        <ele>57.86</ele>
      </trkpt>
      <trkpt lat="34.26087926141918" lon="133.96697033196688">
        <ele>57.24</ele>
      </trkpt>
      <trkpt lat="34.26064909435809" lon="133.96671049296856">
        <ele>56.61</ele>
      </trkpt>
      <trkpt lat="34.260418843477964" lon="133.96645065397024">
        <ele>56.0</ele>
      </trkpt>
      <trkpt lat="34.26024994812906" lon="133.9662599656731">
        <ele>55.46</ele>
      </trkpt>
      <trkpt lat="34.26003101281822" lon="133.96598629653454">
        <ele>55.04</ele>
      </trkpt>
      <trkpt lat="34.25983227789402" lon="133.96573794074357">
        <ele>54.68</ele>
      </trkpt>
      <trkpt lat="34.25962214358151" lon="133.9654544647783">
        <ele>54.29</ele>
      </trkpt>
      <trkpt lat="34.259578473865986" lon="133.965395539999">
        <ele>53.9</ele>
      </trkpt>
      <trkpt lat="34.25939147360623" lon="133.96513645537198">
        <ele>53.51</ele>
      </trkpt>
      <trkpt lat="34.25928309559822" lon="133.96497300826013">
        <ele>53.16</ele>
      </trkpt>
      <trkpt lat="34.25908628851175" lon="133.96467595361173">
        <ele>52.8</ele>
      </trkpt>
      <trkpt lat="34.258909933269024" lon="133.9644099958241">
        <ele>52.51</ele>
      </trkpt>
      <trkpt lat="34.25872838124633" lon="133.9640991948545">
        <ele>52.26</ele>
      </trkpt>
      <trkpt lat="34.2585467454046" lon="133.96378847770393">
        <ele>52.03</ele>
      </trkpt>
      <trkpt lat="34.258459992706776" lon="133.96363995037973">
        <ele>51.92</ele>
      </trkpt>
      <trkpt lat="34.258297216147184" lon="133.96331439726055">
        <ele>51.9</ele>
      </trkpt>
      <trkpt lat="34.25828380510211" lon="133.9632875751704">
        <ele>51.81</ele>
      </trkpt>
      <trkpt lat="34.25812438130379" lon="133.96295967511833">
        <ele>51.75</ele>
      </trkpt>
      <trkpt lat="34.2579856608063" lon="133.9626744389534">
        <ele>51.69</ele>
      </trkpt>
      <trkpt lat="34.25783772021532" lon="133.96233874373138">
        <ele>51.6</ele>
      </trkpt>
      <trkpt lat="34.25774300470948" lon="133.9621239155531">
        <ele>51.53</ele>
      </trkpt>
      <trkpt lat="34.25767209380865" lon="133.96194814704359">
        <ele>51.51</ele>
      </trkpt>
      <trkpt lat="34.257559943944216" lon="133.96166995167732">
        <ele>51.47</ele>
      </trkpt>
      <trkpt lat="34.25744075328112" lon="133.9613181632012">
        <ele>51.41</ele>
      </trkpt>
      <trkpt lat="34.25732156261802" lon="133.96096629090607">
        <ele>51.4</ele>
      </trkpt>
      <trkpt lat="34.257202288135886" lon="133.96061450242996">
        <ele>51.4</ele>
      </trkpt>
      <trkpt lat="34.257149985060096" lon="133.96045994013548">
        <ele>51.43</ele>
      </trkpt>
      <trkpt lat="34.257053676992655" lon="133.96009809337556">
        <ele>51.52</ele>
      </trkpt>
      <trkpt lat="34.256957368925214" lon="133.95973624661565">
        <ele>51.63</ele>
      </trkpt>
      <trkpt lat="34.256861144676805" lon="133.9593743160367">
        <ele>51.74</ele>
      </trkpt>
      <trkpt lat="34.25685997121036" lon="133.95936995744705">
        <ele>51.74</ele>
      </trkpt>
      <trkpt lat="34.256788305938244" lon="133.95899989642203">
        <ele>51.78</ele>
      </trkpt>
      <trkpt lat="34.25671672448516" lon="133.958629835397">
        <ele>51.61</ele>
      </trkpt>
      <trkpt lat="34.25664505921304" lon="133.95825969055295">
        <ele>51.64</ele>
      </trkpt>
      <trkpt lat="34.25661999732256" lon="133.95812993869185">
        <ele>51.64</ele>
      </trkpt>
      <trkpt lat="34.25656643696129" lon="133.95775543525815">
        <ele>51.77</ele>
      </trkpt>
      <trkpt lat="34.25651296041906" lon="133.95738093182445">
        <ele>51.4</ele>
      </trkpt>
      <trkpt lat="34.25649996846914" lon="133.95728998817503">
        <ele>51.14</ele>
      </trkpt>
      <trkpt lat="34.25646401010454" lon="133.9569124672562">
        <ele>50.72</ele>
      </trkpt>
      <trkpt lat="34.25642805173993" lon="133.95653494633734">
        <ele>50.42</ele>
      </trkpt>
      <trkpt lat="34.25639997236431" lon="133.95623998716474">
        <ele>50.21</ele>
      </trkpt>
      <trkpt lat="34.25637532956898" lon="133.95586112514138">
        <ele>49.97</ele>
      </trkpt>
      <trkpt lat="34.25635068677366" lon="133.95548226311803">
        <ele>49.64</ele>
      </trkpt>
      <trkpt lat="34.2563415504992" lon="133.95534270443022">
        <ele>49.36</ele>
      </trkpt>
      <trkpt lat="34.256324116140604" lon="133.95496325567365">
        <ele>49.04</ele>
      </trkpt>
      <trkpt lat="34.25630676560104" lon="133.95458380691707">
        <ele>48.72</ele>
      </trkpt>
      <trkpt lat="34.25628933124244" lon="133.95420444197953">
        <ele>48.58</ele>
      </trkpt>
      <trkpt lat="34.256271896883845" lon="133.95382499322295">
        <ele>48.48</ele>
      </trkpt>
      <trkpt lat="34.256267538294196" lon="133.95373061299324">
        <ele>48.29</ele>
      </trkpt>
      <trkpt lat="34.25623996183276" lon="133.95335200242698">
        <ele>48.02</ele>
      </trkpt>
      <trkpt lat="34.25621238537133" lon="133.95297347567976">
        <ele>47.83</ele>
      </trkpt>
      <trkpt lat="34.25618480890989" lon="133.95259494893253">
        <ele>47.72</ele>
      </trkpt>
      <trkpt lat="34.25615723244846" lon="133.9522164221853">
        <ele>47.63</ele>
      </trkpt>
      <trkpt lat="34.256129655987024" lon="133.95183789543808">
        <ele>47.52</ele>
      </trkpt>
      <trkpt lat="34.25612957216799" lon="133.95183730870485">
        <ele>47.39</ele>
      </trkpt>
      <trkpt lat="34.2560825496912" lon="133.95146456547081">
        <ele>47.13</ele>
      </trkpt>
      <trkpt lat="34.25603519193828" lon="133.95108888857067">
        <ele>46.96</ele>
      </trkpt>
      <trkpt lat="34.25600040704012" lon="133.95081371068954">
        <ele>46.93</ele>
      </trkpt>
      <trkpt lat="34.2559998203069" lon="133.95081077702343">
        <ele>46.87</ele>
      </trkpt>
      <trkpt lat="34.2559253051877" lon="133.95044457167387">
        <ele>46.87</ele>
      </trkpt>
      <trkpt lat="34.25585028715432" lon="133.95007551647723">
        <ele>46.85</ele>
      </trkpt>
      <trkpt lat="34.2557751853019" lon="133.94970646128058">
        <ele>46.79</ele>
      </trkpt>
      <trkpt lat="34.25575322471559" lon="133.9495986700058">
        <ele>46.76</ele>
      </trkpt>
      <trkpt lat="34.25575230270624" lon="133.94959590397775">
        <ele>46.78</ele>
      </trkpt>
      <trkpt lat="34.2556351236999" lon="133.94924629479647">
        <ele>46.85</ele>
      </trkpt>
      <trkpt lat="34.25551702268422" lon="133.94889391958714">
        <ele>46.95</ele>
      </trkpt>
      <trkpt lat="34.2553988378495" lon="133.9485415443778">
        <ele>46.9</ele>
      </trkpt>
      <trkpt lat="34.255334213376045" lon="133.94834876060486">
        <ele>46.88</ele>
      </trkpt>
      <trkpt lat="34.255333207547665" lon="133.94834616221488">
        <ele>46.98</ele>
      </trkpt>
      <trkpt lat="34.25520244985819" lon="133.94800351001322">
        <ele>46.98</ele>
      </trkpt>
      <trkpt lat="34.25510589033365" lon="133.94775062799454">
        <ele>47.12</ele>
      </trkpt>
      <trkpt lat="34.25510471686721" lon="133.9477481134236">
        <ele>47.27</ele>
      </trkpt>
      <trkpt lat="34.25495736300945" lon="133.94741526804864">
        <ele>47.51</ele>
      </trkpt>
      <trkpt lat="34.254808919504285" lon="133.94707999192178">
        <ele>47.78</ele>
      </trkpt>
      <trkpt lat="34.25466047599912" lon="133.94674471579492">
        <ele>48.08</ele>
      </trkpt>
      <trkpt lat="34.25459157675505" lon="133.9465892314911">
        <ele>48.23</ele>
      </trkpt>
      <trkpt lat="34.2545904032886" lon="133.94658680073917">
        <ele>48.36</ele>
      </trkpt>
      <trkpt lat="34.25443776883185" lon="133.94625739194453">
        <ele>48.51</ele>
      </trkpt>
      <trkpt lat="34.25428387708962" lon="133.945925636217">
        <ele>48.57</ele>
      </trkpt>
      <trkpt lat="34.25413006916642" lon="133.94559388048947">
        <ele>48.56</ele>
      </trkpt>
      <trkpt lat="34.253976261243224" lon="133.94526212476194">
        <ele>48.54</ele>
      </trkpt>
      <trkpt lat="34.253822453320026" lon="133.94493028521538">
        <ele>48.56</ele>
      </trkpt>
      <trkpt lat="34.25366864539683" lon="133.94459852948785">
        <ele>48.45</ele>
      </trkpt>
      <trkpt lat="34.25356068648398" lon="133.94436568021774">
        <ele>48.38</ele>
      </trkpt>
      <trkpt lat="34.2535596806556" lon="133.9443631656468">
        <ele>48.22</ele>
      </trkpt>
      <trkpt lat="34.253420792520046" lon="133.94402503967285">
        <ele>47.98</ele>
      </trkpt>
      <trkpt lat="34.253280982375145" lon="133.94368439912796">
        <ele>47.74</ele>
      </trkpt>
      <trkpt lat="34.253141172230244" lon="133.94334375858307">
        <ele>47.51</ele>
      </trkpt>
      <trkpt lat="34.25300136208534" lon="133.94300311803818">
        <ele>47.19</ele>
      </trkpt>
      <trkpt lat="34.25290446728468" lon="133.94276708364487">
        <ele>46.76</ele>
      </trkpt>
      <trkpt lat="34.25290337763727" lon="133.94276465289295">
        <ele>46.33</ele>
      </trkpt>
      <trkpt lat="34.25275904126465" lon="133.94242979586124">
        <ele>45.84</ele>
      </trkpt>
      <trkpt lat="34.25261369906366" lon="133.94209250807762">
        <ele>45.43</ele>
      </trkpt>
      <trkpt lat="34.252468356862664" lon="133.94175530411303">
        <ele>44.92</ele>
      </trkpt>
      <trkpt lat="34.25232293084264" lon="133.9414180163294">
        <ele>44.26</ele>
      </trkpt>
      <trkpt lat="34.25217758864164" lon="133.94108081236482">
        <ele>43.57</ele>
      </trkpt>
      <trkpt lat="34.25203224644065" lon="133.9407435245812">
        <ele>42.86</ele>
      </trkpt>
      <trkpt lat="34.251886904239655" lon="133.9404063206166">
        <ele>41.72</ele>
      </trkpt>
      <trkpt lat="34.25174147821963" lon="133.94006903283298">
        <ele>41.23</ele>
      </trkpt>
      <trkpt lat="34.25161273218691" lon="133.93977030180395">
        <ele>40.79</ele>
      </trkpt>
      <trkpt lat="34.25161172635853" lon="133.9397680386901">
        <ele>40.4</ele>
      </trkpt>
      <trkpt lat="34.251596136018634" lon="133.9397318288684">
        <ele>40.07</ele>
      </trkpt>
      <trkpt lat="34.25145079381764" lon="133.93939454108477">
        <ele>39.98</ele>
      </trkpt>
      <trkpt lat="34.251305451616645" lon="133.93905725330114">
        <ele>39.89</ele>
      </trkpt>
      <trkpt lat="34.25116010941565" lon="133.93872004933655">
        <ele>39.79</ele>
      </trkpt>
      <trkpt lat="34.251014767214656" lon="133.93838276155293">
        <ele>39.73</ele>
      </trkpt>
      <trkpt lat="34.25086934119463" lon="133.93804555758834">
        <ele>39.69</ele>
      </trkpt>
      <trkpt lat="34.250723998993635" lon="133.93770826980472">
        <ele>39.81</ele>
      </trkpt>
      <trkpt lat="34.25063003785908" lon="133.93749025650322">
        <ele>39.94</ele>
      </trkpt>
      <trkpt lat="34.25063104368746" lon="133.93748950213194">
        <ele>39.95</ele>
      </trkpt>
      <trkpt lat="34.250631211325526" lon="133.93748950213194">
        <ele>39.96</ele>
      </trkpt>
      <trkpt lat="34.250631211325526" lon="133.9374894183129">
        <ele>40.0</ele>
      </trkpt>
      <trkpt lat="34.25063188187778" lon="133.9374891668558">
        <ele>40.05</ele>
      </trkpt>
      <trkpt lat="34.25075442530215" lon="133.93741942942142">
        <ele>40.15</ele>
      </trkpt>
      <trkpt lat="34.250754844397306" lon="133.9374206867069">
        <ele>40.22</ele>
      </trkpt>
      <trkpt lat="34.25075492821634" lon="133.93742085434496">
        <ele>40.23</ele>
      </trkpt>
      <trkpt lat="34.250755263492465" lon="133.93742160871625">
        <ele>40.42</ele>
      </trkpt>
      <trkpt lat="34.250895995646715" lon="133.9377589803189">
        <ele>40.31</ele>
      </trkpt>
      <trkpt lat="34.25103756599128" lon="133.93809853121638">
        <ele>40.34</ele>
      </trkpt>
      <trkpt lat="34.251129599288106" lon="133.9383192267269">
        <ele>40.5</ele>
      </trkpt>
      <trkpt lat="34.251130521297455" lon="133.93832132220268">
        <ele>40.71</ele>
      </trkpt>
      <trkpt lat="34.25127527676523" lon="133.93865626305342">
        <ele>40.89</ele>
      </trkpt>
      <trkpt lat="34.25142103806138" lon="133.93899329937994">
        <ele>41.12</ele>
      </trkpt>
      <trkpt lat="34.2515667155385" lon="133.93933033570647">
        <ele>41.42</ele>
      </trkpt>
      <trkpt lat="34.251712476834655" lon="133.939667372033">
        <ele>41.61</ele>
      </trkpt>
      <trkpt lat="34.251858154311776" lon="133.94000440835953">
        <ele>42.04</ele>
      </trkpt>
      <trkpt lat="34.2520038317889" lon="133.94034136086702">
        <ele>42.52</ele>
      </trkpt>
      <trkpt lat="34.25214959308505" lon="133.94067839719355">
        <ele>43.65</ele>
      </trkpt>
      <trkpt lat="34.25229527056217" lon="133.94101543352008">
        <ele>44.32</ele>
      </trkpt>
      <trkpt lat="34.252441031858325" lon="133.9413524698466">
        <ele>44.99</ele>
      </trkpt>
      <trkpt lat="34.252586709335446" lon="133.94168950617313">
        <ele>45.62</ele>
      </trkpt>
      <trkpt lat="34.2527324706316" lon="133.94202654249966">
        <ele>46.14</ele>
      </trkpt>
      <trkpt lat="34.2528722807765" lon="133.94235000014305">
        <ele>46.51</ele>
      </trkpt>
      <trkpt lat="34.25287269987166" lon="133.94235108979046">
        <ele>46.93</ele>
      </trkpt>
      <trkpt lat="34.25287278369069" lon="133.9423511736095">
        <ele>46.96</ele>
      </trkpt>
      <trkpt lat="34.25287286750972" lon="133.94235125742853">
        <ele>47.38</ele>
      </trkpt>
      <trkpt lat="34.25287320278585" lon="133.94235192798078">
        <ele>47.76</ele>
      </trkpt>
      <trkpt lat="34.253030866384506" lon="133.94267848692834">
        <ele>48.09</ele>
      </trkpt>
      <trkpt lat="34.25318945199251" lon="133.94300697371364">
        <ele>48.4</ele>
      </trkpt>
      <trkpt lat="34.25334803760052" lon="133.94333546049893">
        <ele>48.63</ele>
      </trkpt>
      <trkpt lat="34.25349195487797" lon="133.94363343715668">
        <ele>48.87</ele>
      </trkpt>
      <trkpt lat="34.25349237397313" lon="133.94363444298506">
        <ele>49.0</ele>
      </trkpt>
      <trkpt lat="34.25349245779216" lon="133.94363461062312">
        <ele>49.03</ele>
      </trkpt>
      <trkpt lat="34.25349279306829" lon="133.9436353649944">
        <ele>49.21</ele>
      </trkpt>
      <trkpt lat="34.25363888964057" lon="133.9439696352929">
        <ele>49.21</ele>
      </trkpt>
      <trkpt lat="34.2537859082222" lon="133.9443058334291">
        <ele>49.14</ele>
      </trkpt>
      <trkpt lat="34.25393292680383" lon="133.94464211538434">
        <ele>49.1</ele>
      </trkpt>
      <trkpt lat="34.25405949354172" lon="133.94493162631989">
        <ele>49.05</ele>
      </trkpt>
      <trkpt lat="34.254060247913" lon="133.94493355415761">
        <ele>48.95</ele>
      </trkpt>
      <trkpt lat="34.25420223735273" lon="133.94527042284608">
        <ele>48.74</ele>
      </trkpt>
      <trkpt lat="34.25434506498277" lon="133.9456093031913">
        <ele>48.58</ele>
      </trkpt>
      <trkpt lat="34.25446073524654" lon="133.94588381052017">
        <ele>48.48</ele>
      </trkpt>
      <trkpt lat="34.254461489617825" lon="133.9458857383579">
        <ele>48.32</ele>
      </trkpt>
      <trkpt lat="34.25459627062082" lon="133.94622696563601">
        <ele>48.2</ele>
      </trkpt>
      <trkpt lat="34.25473180599511" lon="133.94657012075186">
        <ele>47.99</ele>
      </trkpt>
      <trkpt lat="34.254842111840844" lon="133.94684940576553">
        <ele>47.76</ele>
      </trkpt>
      <trkpt lat="34.25484286621213" lon="133.94685124978423">
        <ele>47.58</ele>
      </trkpt>
      <trkpt lat="34.25498158670962" lon="133.9471902139485">
        <ele>47.29</ele>
      </trkpt>
      <trkpt lat="34.255121145397425" lon="133.94753102213144">
        <ele>47.07</ele>
      </trkpt>
      <trkpt lat="34.2552606202662" lon="133.9478718303144">
        <ele>46.87</ele>
      </trkpt>
      <trkpt lat="34.255309822037816" lon="133.94799202680588">
        <ele>46.8</ele>
      </trkpt>
      <trkpt lat="34.25531015731394" lon="133.9479928649962">
        <ele>46.73</ele>
      </trkpt>
      <trkpt lat="34.255310241132975" lon="133.9479931164533">
        <ele>46.72</ele>
      </trkpt>
      <trkpt lat="34.25531049259007" lon="133.94799387082458">
        <ele>46.64</ele>
      </trkpt>
      <trkpt lat="34.255445189774036" lon="133.94833526574075">
        <ele>46.76</ele>
      </trkpt>
      <trkpt lat="34.255580473691225" lon="133.94867850467563">
        <ele>46.95</ele>
      </trkpt>
      <trkpt lat="34.25559690222144" lon="133.94872024655342">
        <ele>47.0</ele>
      </trkpt>
      <trkpt lat="34.25559748895466" lon="133.94872217439115">
        <ele>47.04</ele>
      </trkpt>
      <trkpt lat="34.255706956610084" lon="133.94907630980015">
        <ele>47.08</ele>
      </trkpt>
      <trkpt lat="34.25573327578604" lon="133.94916146993637">
        <ele>47.12</ele>
      </trkpt>
      <trkpt lat="34.255733862519264" lon="133.94916331395507">
        <ele>47.18</ele>
      </trkpt>
      <trkpt lat="34.25585598684847" lon="133.94951786845922">
        <ele>47.17</ele>
      </trkpt>
      <trkpt lat="34.2559099663049" lon="133.9496999233961">
        <ele>47.27</ele>
      </trkpt>
      <trkpt lat="34.255991941317916" lon="133.95006688311696">
        <ele>47.43</ele>
      </trkpt>
      <trkpt lat="34.256074000149965" lon="133.9504338428378">
        <ele>47.46</ele>
      </trkpt>
      <trkpt lat="34.2560999840498" lon="133.95054993219674">
        <ele>47.51</ele>
      </trkpt>
      <trkpt lat="34.25615077838302" lon="133.95092502236366">
        <ele>47.47</ele>
      </trkpt>
      <trkpt lat="34.256201488897204" lon="133.95130002871156">
        <ele>47.58</ele>
      </trkpt>
      <trkpt lat="34.25622998736799" lon="133.951509995386">
        <ele>47.76</ele>
      </trkpt>
      <trkpt lat="34.25626267679036" lon="133.9518879354">
        <ele>47.96</ele>
      </trkpt>
      <trkpt lat="34.25629545003176" lon="133.952265875414">
        <ele>47.98</ele>
      </trkpt>
      <trkpt lat="34.256328139454126" lon="133.95264381542802">
        <ele>48.0</ele>
      </trkpt>
      <trkpt lat="34.2563399579376" lon="133.95277993753552">
        <ele>48.06</ele>
      </trkpt>
      <trkpt lat="34.256363259628415" lon="133.9531588833779">
        <ele>48.12</ele>
      </trkpt>
      <trkpt lat="34.2563864775002" lon="133.95353791303933">
        <ele>48.25</ele>
      </trkpt>
      <trkpt lat="34.25640977919102" lon="133.9539168588817">
        <ele>48.4</ele>
      </trkpt>
      <trkpt lat="34.2564329970628" lon="133.9542958047241">
        <ele>48.39</ele>
      </trkpt>
      <trkpt lat="34.25645629875362" lon="133.95467475056648">
        <ele>48.45</ele>
      </trkpt>
      <trkpt lat="34.256479600444436" lon="133.95505369640887">
        <ele>48.68</ele>
      </trkpt>
      <trkpt lat="34.25647968426347" lon="133.9550561271608">
        <ele>48.84</ele>
      </trkpt>
      <trkpt lat="34.25647993572056" lon="133.95505998283625">
        <ele>49.01</ele>
      </trkpt>
      <trkpt lat="34.25648697651923" lon="133.9554198179394">
        <ele>49.24</ele>
      </trkpt>
      <trkpt lat="34.25648706033826" lon="133.95542308688164">
        <ele>49.43</ele>
      </trkpt>
      <trkpt lat="34.25651337951422" lon="133.95577512681484">
        <ele>49.66</ele>
      </trkpt>
      <trkpt lat="34.25651363097131" lon="133.9557784795761">
        <ele>49.88</ele>
      </trkpt>
      <trkpt lat="34.25654238089919" lon="133.95615683868527">
        <ele>50.11</ele>
      </trkpt>
      <trkpt lat="34.25656970590353" lon="133.95651667378843">
        <ele>50.37</ele>
      </trkpt>
      <trkpt lat="34.256569957360625" lon="133.95651994273067">
        <ele>50.59</ele>
      </trkpt>
      <trkpt lat="34.25659401342273" lon="133.95668774843216">
        <ele>50.8</ele>
      </trkpt>
      <trkpt lat="34.256628043949604" lon="133.9570655208081">
        <ele>51.15</ele>
      </trkpt>
      <trkpt lat="34.25665997900069" lon="133.95741999149323">
        <ele>51.62</ele>
      </trkpt>
      <trkpt lat="34.256701804697514" lon="133.95779659040272">
        <ele>51.96</ele>
      </trkpt>
      <trkpt lat="34.25670993514359" lon="133.95786993205547">
        <ele>52.05</ele>
      </trkpt>
      <trkpt lat="34.25677740946412" lon="133.95824116654694">
        <ele>51.88</ele>
      </trkpt>
      <trkpt lat="34.25684496760368" lon="133.9586124010384">
        <ele>51.83</ele>
      </trkpt>
      <trkpt lat="34.256889978423715" lon="133.95885991863906">
        <ele>51.94</ele>
      </trkpt>
      <trkpt lat="34.25697731785476" lon="133.95922511816025">
        <ele>51.98</ele>
      </trkpt>
      <trkpt lat="34.2570445407182" lon="133.9595067501068">
        <ele>51.91</ele>
      </trkpt>
      <trkpt lat="34.25704462453723" lon="133.95950683392584">
        <ele>51.92</ele>
      </trkpt>
      <trkpt lat="34.25706457346678" lon="133.9595902338624">
        <ele>51.91</ele>
      </trkpt>
      <trkpt lat="34.257109919562936" lon="133.95977991633117">
        <ele>51.84</ele>
      </trkpt>
      <trkpt lat="34.25721310079098" lon="133.96013908088207">
        <ele>51.81</ele>
      </trkpt>
      <trkpt lat="34.25731628201902" lon="133.96049816161394">
        <ele>51.84</ele>
      </trkpt>
      <trkpt lat="34.25737998448312" lon="133.96071994677186">
        <ele>51.86</ele>
      </trkpt>
      <trkpt lat="34.25750738941133" lon="133.96106754429638">
        <ele>51.93</ele>
      </trkpt>
      <trkpt lat="34.25763487815857" lon="133.96141522563994">
        <ele>52.03</ele>
      </trkpt>
      <trkpt lat="34.25769028253853" lon="133.96156643517315">
        <ele>52.1</ele>
      </trkpt>
      <trkpt lat="34.25782598555088" lon="133.96190950646996">
        <ele>52.22</ele>
      </trkpt>
      <trkpt lat="34.25788423977792" lon="133.96205686032772">
        <ele>52.28</ele>
      </trkpt>
      <trkpt lat="34.25791684538126" lon="133.96212542429566">
        <ele>52.33</ele>
      </trkpt>
      <trkpt lat="34.25805707462132" lon="133.96246581338346">
        <ele>52.4</ele>
      </trkpt>
      <trkpt lat="34.25811868160963" lon="133.96261543035507">
        <ele>52.46</ele>
      </trkpt>
      <trkpt lat="34.25828288309276" lon="133.96293989382684">
        <ele>52.52</ele>
      </trkpt>
      <trkpt lat="34.25844708457589" lon="133.9632643572986">
        <ele>52.51</ele>
      </trkpt>
      <trkpt lat="34.25854213535786" lon="133.96345227956772">
        <ele>52.56</ele>
      </trkpt>
      <trkpt lat="34.258555797860026" lon="133.96347449161112">
        <ele>52.68</ele>
      </trkpt>
      <trkpt lat="34.258730644360185" lon="133.96379074081779">
        <ele>52.86</ele>
      </trkpt>
      <trkpt lat="34.2587970290333" lon="133.96391093730927">
        <ele>53.07</ele>
      </trkpt>
      <trkpt lat="34.25899123772979" lon="133.96421042270958">
        <ele>53.32</ele>
      </trkpt>
      <trkpt lat="34.25918544642627" lon="133.9645099081099">
        <ele>53.58</ele>
      </trkpt>
      <trkpt lat="34.25933137536049" lon="133.96473496221006">
        <ele>53.9</ele>
      </trkpt>
      <trkpt lat="34.25952625460923" lon="133.96503386087716">
        <ele>54.22</ele>
      </trkpt>
      <trkpt lat="34.25955131649971" lon="133.9650723338127">
        <ele>54.56</ele>
      </trkpt>
      <trkpt lat="34.25976689904928" lon="133.9653497748077">
        <ele>54.99</ele>
      </trkpt>
      <trkpt lat="34.259835882112384" lon="133.96543870680034">
        <ele>55.41</ele>
      </trkpt>
      <trkpt lat="34.26005054265261" lon="133.9657155610621">
        <ele>55.84</ele>
      </trkpt>
      <trkpt lat="34.260239973664284" lon="133.96595997735858">
        <ele>56.22</ele>
      </trkpt>
      <trkpt lat="34.26046662032604" lon="133.9662243425846">
        <ele>56.69</ele>
      </trkpt>
      <trkpt lat="34.26069318316877" lon="133.96648879162967">
        <ele>57.24</ele>
      </trkpt>
      <trkpt lat="34.26091982983053" lon="133.9667531568557">
        <ele>57.88</ele>
      </trkpt>
      <trkpt lat="34.26101999357343" lon="133.96686991676688">
        <ele>58.47</ele>
      </trkpt>
      <trkpt lat="34.261254938319325" lon="133.96712355315685">
        <ele>59.14</ele>
      </trkpt>
      <trkpt lat="34.26139994524419" lon="133.96727995947003">
        <ele>59.78</ele>
      </trkpt>
      <trkpt lat="34.2614599596709" lon="133.96732999943197">
        <ele>60.42</ele>
      </trkpt>
      <trkpt lat="34.261549981310964" lon="133.9674299955368">
        <ele>61.09</ele>
      </trkpt>
      <trkpt lat="34.261668836697936" lon="133.96757860668004">
        <ele>61.71</ele>
      </trkpt>
      <trkpt lat="34.261669004336" lon="133.9675787743181">
        <ele>61.72</ele>
      </trkpt>
      <trkpt lat="34.26166959106922" lon="133.96757952868938">
        <ele>62.96</ele>
      </trkpt>
      <trkpt lat="34.26166992634535" lon="133.96757994778454">
        <ele>63.56</ele>
      </trkpt>
      <trkpt lat="34.26190118305385" lon="133.96783861331642">
        <ele>64.15</ele>
      </trkpt>
      <trkpt lat="34.26213235594332" lon="133.96809719502926">
        <ele>64.8</ele>
      </trkpt>
      <trkpt lat="34.26236352883279" lon="133.9683557767421">
        <ele>65.39</ele>
      </trkpt>
      <trkpt lat="34.262594701722264" lon="133.96861444227397">
        <ele>65.98</ele>
      </trkpt>
      <trkpt lat="34.262825874611735" lon="133.96887302398682">
        <ele>66.62</ele>
      </trkpt>
      <trkpt lat="34.26284993067384" lon="133.968899929896">
        <ele>67.05</ele>
      </trkpt>
      <trkpt lat="34.26297993399203" lon="133.96900998428464">
        <ele>67.54</ele>
      </trkpt>
      <trkpt lat="34.263099962845445" lon="133.96915993653238">
        <ele>67.94</ele>
      </trkpt>
      <trkpt lat="34.26334052346647" lon="133.96940586157143">
        <ele>68.28</ele>
      </trkpt>
      <trkpt lat="34.26358108408749" lon="133.96965170279145">
        <ele>68.31</ele>
      </trkpt>
      <trkpt lat="34.263821728527546" lon="133.9698976278305">
        <ele>68.07</ele>
      </trkpt>
      <trkpt lat="34.26406228914857" lon="133.97014346905053">
        <ele>67.9</ele>
      </trkpt>
      <trkpt lat="34.26430284976959" lon="133.97038939408958">
        <ele>67.99</ele>
      </trkpt>
      <trkpt lat="34.26445992663503" lon="133.97054999135435">
        <ele>67.89</ele>
      </trkpt>
      <trkpt lat="34.264702750369906" lon="133.9707927312702">
        <ele>67.69</ele>
      </trkpt>
      <trkpt lat="34.26474918611348" lon="133.97083916701376">
        <ele>67.53</ele>
      </trkpt>
      <trkpt lat="34.264749521389604" lon="133.9708395022899">
        <ele>67.34</ele>
      </trkpt>
      <trkpt lat="34.26474994048476" lon="133.97083992138505">
        <ele>67.12</ele>
      </trkpt>
      <trkpt lat="34.26499645225704" lon="133.9710771292448">
        <ele>66.93</ele>
      </trkpt>
      <trkpt lat="34.26524296402931" lon="133.97131433710456">
        <ele>66.75</ele>
      </trkpt>
      <trkpt lat="34.26548947580159" lon="133.97155162878335">
        <ele>66.43</ele>
      </trkpt>
      <trkpt lat="34.26573598757386" lon="133.9717888366431">
        <ele>65.9</ele>
      </trkpt>
      <trkpt lat="34.26580999977887" lon="133.97185999900103">
        <ele>65.53</ele>
      </trkpt>
      <trkpt lat="34.265847969800234" lon="133.9718979690224">
        <ele>65.17</ele>
      </trkpt>
      <trkpt lat="34.2658481374383" lon="133.97189813666046">
        <ele>65.17</ele>
      </trkpt>
      <trkpt lat="34.26584838889539" lon="133.97189838811755">
        <ele>64.4</ele>
      </trkpt>
      <trkpt lat="34.26584880799055" lon="133.9718988072127">
        <ele>63.99</ele>
      </trkpt>
      <trkpt lat="34.266092302277684" lon="133.9721395354718">
        <ele>63.59</ele>
      </trkpt>
      <trkpt lat="34.266336131840944" lon="133.97238068282604">
        <ele>63.2</ele>
      </trkpt>
      <trkpt lat="34.266580045223236" lon="133.9726218301803">
        <ele>62.74</ele>
      </trkpt>
      <trkpt lat="34.266823874786496" lon="133.97286297753453">
        <ele>62.18</ele>
      </trkpt>
      <trkpt lat="34.26692806184292" lon="133.97296607494354">
        <ele>61.67</ele>
      </trkpt>
      <trkpt lat="34.266928397119045" lon="133.9729664940387">
        <ele>61.17</ele>
      </trkpt>
      <trkpt lat="34.26714573986828" lon="133.9732410851866">
        <ele>60.65</ele>
      </trkpt>
      <trkpt lat="34.26736350171268" lon="133.9735161792487">
        <ele>59.97</ele>
      </trkpt>
      <trkpt lat="34.26740465685725" lon="133.9735682308674">
        <ele>59.4</ele>
      </trkpt>
      <trkpt lat="34.26740490831435" lon="133.9735685661435">
        <ele>58.84</ele>
      </trkpt>
      <trkpt lat="34.267602134495974" lon="133.9738537184894">
        <ele>58.15</ele>
      </trkpt>
      <trkpt lat="34.26760230213404" lon="133.97385405376554">
        <ele>57.57</ele>
      </trkpt>
      <trkpt lat="34.267664747312665" lon="133.97395798936486">
        <ele>56.96</ele>
      </trkpt>
      <trkpt lat="34.2678495682776" lon="133.97426602430642">
        <ele>56.28</ele>
      </trkpt>
      <trkpt lat="34.26789994351566" lon="133.97434992715716">
        <ele>55.63</ele>
      </trkpt>
      <trkpt lat="34.268054170534015" lon="133.97468151524663">
        <ele>54.94</ele>
      </trkpt>
      <trkpt lat="34.26809993572533" lon="133.97477991878986">
        <ele>54.31</ele>
      </trkpt>
      <trkpt lat="34.268241841346025" lon="133.9751193858683">
        <ele>53.78</ele>
      </trkpt>
      <trkpt lat="34.26837997511029" lon="133.9754499681294">
        <ele>53.13</ele>
      </trkpt>
      <trkpt lat="34.26849941723049" lon="133.97576881572604">
        <ele>52.35</ele>
      </trkpt>
      <trkpt lat="34.26849950104952" lon="133.9757689833641">
        <ele>52.35</ele>
      </trkpt>
      <trkpt lat="34.26849958486855" lon="133.9757692348212">
        <ele>50.85</ele>
      </trkpt>
      <trkpt lat="34.268499752506614" lon="133.97576965391636">
        <ele>50.06</ele>
      </trkpt>
      <trkpt lat="34.26849992014468" lon="133.9757699891925">
        <ele>49.25</ele>
      </trkpt>
      <trkpt lat="34.268599916249514" lon="133.97608992643654">
        <ele>48.37</ele>
      </trkpt>
      <trkpt lat="34.26869245246053" lon="133.97645328193903">
        <ele>47.39</ele>
      </trkpt>
      <trkpt lat="34.26873997785151" lon="133.97663994692266">
        <ele>46.51</ele>
      </trkpt>
      <trkpt lat="34.268802758306265" lon="133.9770124386996">
        <ele>45.75</ele>
      </trkpt>
      <trkpt lat="34.26886562258005" lon="133.97738484665751">
        <ele>44.9</ele>
      </trkpt>
      <trkpt lat="34.268879955634475" lon="133.9774699229747">
        <ele>44.03</ele>
      </trkpt>
      <trkpt lat="34.268916668370366" lon="133.97784744389355">
        <ele>43.04</ele>
      </trkpt>
      <trkpt lat="34.26895346492529" lon="133.97822488099337">
        <ele>42.07</ele>
      </trkpt>
      <trkpt lat="34.268989926204085" lon="133.9785999711603">
        <ele>41.12</ele>
      </trkpt>
      <trkpt lat="34.26902244798839" lon="133.97897799499333">
        <ele>40.38</ele>
      </trkpt>
      <trkpt lat="34.2690549697727" lon="133.97935601882637">
        <ele>39.98</ele>
      </trkpt>
      <trkpt lat="34.26906997337937" lon="133.97952994331717">
        <ele>39.64</ele>
      </trkpt>
      <trkpt lat="34.269119929522276" lon="133.9796999283135">
        <ele>39.34</ele>
      </trkpt>
      <trkpt lat="34.26916695199907" lon="133.9800757728517">
        <ele>39.19</ele>
      </trkpt>
      <trkpt lat="34.269189750775695" lon="133.98025908507407">
        <ele>39.1</ele>
      </trkpt>
      <trkpt lat="34.26918983459473" lon="133.98025950416923">
        <ele>39.14</ele>
      </trkpt>
      <trkpt lat="34.26918991841376" lon="133.98025992326438">
        <ele>39.3</ele>
      </trkpt>
      <trkpt lat="34.2692344263196" lon="133.98063618689775">
        <ele>39.52</ele>
      </trkpt>
      <trkpt lat="34.26927885040641" lon="133.98101245053113">
        <ele>39.94</ele>
      </trkpt>
      <trkpt lat="34.26932327449322" lon="133.9813887141645">
        <ele>40.61</ele>
      </trkpt>
      <trkpt lat="34.269339786842465" lon="133.98152894340456">
        <ele>41.41</ele>
      </trkpt>
      <trkpt lat="34.269339786842465" lon="133.98152927868068">
        <ele>42.29</ele>
      </trkpt>
      <trkpt lat="34.26933995448053" lon="133.98152994923294">
        <ele>43.32</ele>
      </trkpt>
      <trkpt lat="34.269389575347304" lon="133.98190529085696">
        <ele>44.58</ele>
      </trkpt>
      <trkpt lat="34.26942712627351" lon="133.98218935355544">
        <ele>45.91</ele>
      </trkpt>
      <trkpt lat="34.26942712627351" lon="133.98218968883157">
        <ele>47.35</ele>
      </trkpt>
      <trkpt lat="34.269427293911576" lon="133.98219019174576">
        <ele>48.91</ele>
      </trkpt>
      <trkpt lat="34.26950021646917" lon="133.98255991749465">
        <ele>50.57</ele>
      </trkpt>
      <trkpt lat="34.26957305520773" lon="133.98292972706258">
        <ele>52.41</ele>
      </trkpt>
      <trkpt lat="34.26963550038636" lon="133.98324606008828">
        <ele>54.34</ele>
      </trkpt>
      <trkpt lat="34.26963550038636" lon="133.9832463953644">
        <ele>56.27</ele>
      </trkpt>
      <trkpt lat="34.26963566802442" lon="133.98324698209763">
        <ele>58.25</ele>
      </trkpt>
      <trkpt lat="34.26963994279504" lon="133.98323994129896">
        <ele>60.26</ele>
      </trkpt>
      <trkpt lat="34.26973583176732" lon="133.98360203951597">
        <ele>62.71</ele>
      </trkpt>
      <trkpt lat="34.26983163692057" lon="133.98396413773298">
        <ele>65.26</ele>
      </trkpt>
      <trkpt lat="34.269927525892854" lon="133.98432623595">
        <ele>67.71</ele>
      </trkpt>
      <trkpt lat="34.269999945536256" lon="133.98459998890758">
        <ele>69.75</ele>
      </trkpt>
      <trkpt lat="34.27011754363775" lon="133.984952615574">
        <ele>71.49</ele>
      </trkpt>
      <trkpt lat="34.27023505792022" lon="133.98530532605946">
        <ele>73.12</ele>
      </trkpt>
      <trkpt lat="34.27023941650987" lon="133.98531848564744">
        <ele>74.53</ele>
      </trkpt>
      <trkpt lat="34.2702395003289" lon="133.98531873710454">
        <ele>75.74</ele>
      </trkpt>
      <trkpt lat="34.27023991942406" lon="133.98531999439">
        <ele>76.76</ele>
      </trkpt>
      <trkpt lat="34.27037352696061" lon="133.98566423915327">
        <ele>77.78</ele>
      </trkpt>
      <trkpt lat="34.27049992606044" lon="133.9859899599105">
        <ele>78.2</ele>
      </trkpt>
      <trkpt lat="34.27063965238631" lon="133.98633076809347">
        <ele>78.58</ele>
      </trkpt>
      <trkpt lat="34.270749958232045" lon="133.98659999482334">
        <ele>78.82</ele>
      </trkpt>
      <trkpt lat="34.27075993269682" lon="133.98668993264437">
        <ele>78.78</ele>
      </trkpt>
      <trkpt lat="34.270929750055075" lon="133.98701028898358">
        <ele>78.42</ele>
      </trkpt>
      <trkpt lat="34.27109956741333" lon="133.9873306453228">
        <ele>78.08</ele>
      </trkpt>
      <trkpt lat="34.27116746082902" lon="133.98745872080326">
        <ele>77.71</ele>
      </trkpt>
      <trkpt lat="34.27134674973786" lon="133.9877714496106">
        <ele>77.21</ele>
      </trkpt>
      <trkpt lat="34.271399974823" lon="133.98786440491676">
        <ele>76.6</ele>
      </trkpt>
      <trkpt lat="34.271592339500785" lon="133.98816565051675">
        <ele>75.82</ele>
      </trkpt>
      <trkpt lat="34.27167900837958" lon="133.9883013535291">
        <ele>75.02</ele>
      </trkpt>
      <trkpt lat="34.271853771060705" lon="133.98855012841523">
        <ele>74.12</ele>
      </trkpt>
      <trkpt lat="34.272057535126805" lon="133.988840226084">
        <ele>73.12</ele>
      </trkpt>
      <trkpt lat="34.27223900333047" lon="133.9890987239778">
        <ele>72.17</ele>
      </trkpt>
      <trkpt lat="34.2722390871495" lon="133.98909889161587">
        <ele>71.17</ele>
      </trkpt>
      <trkpt lat="34.27223992533982" lon="133.98909998126328">
        <ele>70.13</ele>
      </trkpt>
      <trkpt lat="34.27245860919356" lon="133.98937398567796">
        <ele>69.09</ele>
      </trkpt>
      <trkpt lat="34.27267720922828" lon="133.98964807391167">
        <ele>68.0</ele>
      </trkpt>
      <trkpt lat="34.27289580926299" lon="133.98992207832634">
        <ele>66.84</ele>
      </trkpt>
      <trkpt lat="34.27294995635748" lon="133.98998997174203">
        <ele>65.68</ele>
      </trkpt>
      <trkpt lat="34.27318783476949" lon="133.9902396686375">
        <ele>64.39</ele>
      </trkpt>
      <trkpt lat="34.273425629362464" lon="133.99048944935203">
        <ele>63.15</ele>
      </trkpt>
      <trkpt lat="34.27366350777447" lon="133.9907391462475">
        <ele>61.99</ele>
      </trkpt>
      <trkpt lat="34.27374992519617" lon="133.99082992225885">
        <ele>60.85</ele>
      </trkpt>
      <trkpt lat="34.274002723395824" lon="133.99105740711093">
        <ele>59.66</ele>
      </trkpt>
      <trkpt lat="34.27414999343455" lon="133.99118992500007">
        <ele>58.46</ele>
      </trkpt>
      <trkpt lat="34.27423993125558" lon="133.9912899211049">
        <ele>57.29</ele>
      </trkpt>
      <trkpt lat="34.274497758597136" lon="133.99150910787284">
        <ele>56.12</ele>
      </trkpt>
      <trkpt lat="34.27475558593869" lon="133.99172821082175">
        <ele>54.9</ele>
      </trkpt>
      <trkpt lat="34.27501332946122" lon="133.99194731377065">
        <ele>53.63</ele>
      </trkpt>
      <trkpt lat="34.2750399839133" lon="133.99196994490921">
        <ele>52.55</ele>
      </trkpt>
      <trkpt lat="34.27530175074935" lon="133.9921820908785">
        <ele>51.41</ele>
      </trkpt>
      <trkpt lat="34.2755635175854" lon="133.99239423684776">
        <ele>50.39</ele>
      </trkpt>
      <trkpt lat="34.275825368240476" lon="133.99260638281703">
        <ele>49.47</ele>
      </trkpt>
      <trkpt lat="34.27608713507652" lon="133.9928185287863">
        <ele>48.54</ele>
      </trkpt>
      <trkpt lat="34.2763489857316" lon="133.99303067475557">
        <ele>47.58</ele>
      </trkpt>
      <trkpt lat="34.27661075256765" lon="133.99324282072484">
        <ele>46.65</ele>
      </trkpt>
      <trkpt lat="34.276872519403696" lon="133.99345496669412">
        <ele>45.74</ele>
      </trkpt>
      <trkpt lat="34.277134370058775" lon="133.9936671126634">
        <ele>44.93</ele>
      </trkpt>
      <trkpt lat="34.27739613689482" lon="133.99387925863266">
        <ele>44.12</ele>
      </trkpt>
      <trkpt lat="34.2776579875499" lon="133.99409140460193">
        <ele>43.43</ele>
      </trkpt>
      <trkpt lat="34.27791975438595" lon="133.9943035505712">
        <ele>42.82</ele>
      </trkpt>
      <trkpt lat="34.278181521221995" lon="133.99451569654047">
        <ele>42.35</ele>
      </trkpt>
      <trkpt lat="34.278443371877074" lon="133.99472784250975">
        <ele>41.89</ele>
      </trkpt>
      <trkpt lat="34.27850279957056" lon="133.99477603845298">
        <ele>41.43</ele>
      </trkpt>
      <trkpt lat="34.27876221947372" lon="133.99499245919287">
        <ele>40.95</ele>
      </trkpt>
      <trkpt lat="34.27902155555785" lon="133.9952089637518">
        <ele>40.47</ele>
      </trkpt>
      <trkpt lat="34.27921844646335" lon="133.99537324905396">
        <ele>40.02</ele>
      </trkpt>
      <trkpt lat="34.27948675118387" lon="133.99557324126363">
        <ele>39.62</ele>
      </trkpt>
      <trkpt lat="34.27975497208536" lon="133.99577331729233">
        <ele>39.33</ele>
      </trkpt>
      <trkpt lat="34.279822865501046" lon="133.9958239439875">
        <ele>39.08</ele>
      </trkpt>
      <trkpt lat="34.27982303313911" lon="133.99582411162555">
        <ele>39.08</ele>
      </trkpt>
      <trkpt lat="34.27982311695814" lon="133.99582411162555">
        <ele>38.86</ele>
      </trkpt>
      <trkpt lat="34.27982395514846" lon="133.9958247821778">
        <ele>38.68</ele>
      </trkpt>
      <trkpt lat="34.28008505143225" lon="133.99603793397546">
        <ele>38.43</ele>
      </trkpt>
      <trkpt lat="34.280317733064294" lon="133.99622795172036">
        <ele>38.2</ele>
      </trkpt>
      <trkpt lat="34.280317816883326" lon="133.9962280355394">
        <ele>38.15</ele>
      </trkpt>
      <trkpt lat="34.28031798452139" lon="133.99622811935842">
        <ele>38.12</ele>
      </trkpt>
      <trkpt lat="34.280318822711706" lon="133.9962288737297">
        <ele>38.08</ele>
      </trkpt>
      <trkpt lat="34.28031890653074" lon="133.9962288737297">
        <ele>38.07</ele>
      </trkpt>
      <trkpt lat="34.28057983517647" lon="133.99644244462252">
        <ele>38.08</ele>
      </trkpt>
      <trkpt lat="34.28084084764123" lon="133.99665601551533">
        <ele>38.17</ele>
      </trkpt>
      <trkpt lat="34.28110186010599" lon="133.99686958640814">
        <ele>38.31</ele>
      </trkpt>
      <trkpt lat="34.28136278875172" lon="133.99708315730095">
        <ele>38.4</ele>
      </trkpt>
      <trkpt lat="34.28162380121648" lon="133.9972968120128">
        <ele>38.56</ele>
      </trkpt>
      <trkpt lat="34.28163637407124" lon="133.9973071217537">
        <ele>38.68</ele>
      </trkpt>
      <trkpt lat="34.28189772181213" lon="133.9975201897323">
        <ele>38.87</ele>
      </trkpt>
      <trkpt lat="34.282158985733986" lon="133.99773325771093">
        <ele>39.0</ele>
      </trkpt>
      <trkpt lat="34.28242024965584" lon="133.99794632568955">
        <ele>39.07</ele>
      </trkpt>
      <trkpt lat="34.2826815135777" lon="133.99815939366817">
        <ele>39.17</ele>
      </trkpt>
      <trkpt lat="34.28294286131859" lon="133.9983724616468">
        <ele>39.23</ele>
      </trkpt>
      <trkpt lat="34.283185517415404" lon="133.9985704421997">
        <ele>39.27</ele>
      </trkpt>
      <trkpt lat="34.28344787098467" lon="133.9987815823406">
        <ele>39.24</ele>
      </trkpt>
      <trkpt lat="34.28371022455394" lon="133.99899280630052">
        <ele>39.33</ele>
      </trkpt>
      <trkpt lat="34.28397257812321" lon="133.99920403026044">
        <ele>39.5</ele>
      </trkpt>
      <trkpt lat="34.28423484787345" lon="133.99941525422037">
        <ele>39.56</ele>
      </trkpt>
      <trkpt lat="34.28446275182068" lon="133.9995987340808">
        <ele>39.57</ele>
      </trkpt>
      <trkpt lat="34.28446317091584" lon="133.99959906935692">
        <ele>39.58</ele>
      </trkpt>
      <trkpt lat="34.284724686294794" lon="133.9998118020594">
        <ele>39.6</ele>
      </trkpt>
      <trkpt lat="34.284986117854714" lon="134.0000245347619">
        <ele>39.5</ele>
      </trkpt>
      <trkpt lat="34.285247633233666" lon="134.0002372674644">
        <ele>39.47</ele>
      </trkpt>
      <trkpt lat="34.28550906479359" lon="134.0004500001669">
        <ele>39.44</ele>
      </trkpt>
      <trkpt lat="34.28577058017254" lon="134.00066281668842">
        <ele>39.48</ele>
      </trkpt>
      <trkpt lat="34.285974595695734" lon="134.00082886219025">
        <ele>39.4</ele>
      </trkpt>
      <trkpt lat="34.28624792955816" lon="134.0010187961161">
        <ele>39.2</ele>
      </trkpt>
      <trkpt lat="34.28650592453778" lon="134.00123773142695">
        <ele>39.04</ele>
      </trkpt>
      <trkpt lat="34.286551773548126" lon="134.00127662345767">
        <ele>38.94</ele>
      </trkpt>
      <trkpt lat="34.28655194118619" lon="134.00127679109573">
        <ele>38.85</ele>
      </trkpt>
      <trkpt lat="34.286817982792854" lon="134.001480974257">
        <ele>38.79</ele>
      </trkpt>
      <trkpt lat="34.28695854730904" lon="134.00158876553178">
        <ele>38.73</ele>
      </trkpt>
      <trkpt lat="34.286958714947104" lon="134.00158893316984">
        <ele>38.63</ele>
      </trkpt>
      <trkpt lat="34.286959720775485" lon="134.00158968754113">
        <ele>38.52</ele>
      </trkpt>
      <trkpt lat="34.28695997223258" lon="134.00158993899822">
        <ele>38.4</ele>
      </trkpt>
      <trkpt lat="34.28722073324025" lon="134.0018039289862">
        <ele>38.36</ele>
      </trkpt>
      <trkpt lat="34.287481578066945" lon="134.00201783515513">
        <ele>38.22</ele>
      </trkpt>
      <trkpt lat="34.28774233907461" lon="134.0022318251431">
        <ele>37.96</ele>
      </trkpt>
      <trkpt lat="34.28800318390131" lon="134.00244573131204">
        <ele>37.75</ele>
      </trkpt>
      <trkpt lat="34.28826394490898" lon="134.0026597213">
        <ele>37.56</ele>
      </trkpt>
      <trkpt lat="34.288524789735675" lon="134.00287362746894">
        <ele>37.49</ele>
      </trkpt>
      <trkpt lat="34.28862998262048" lon="134.0029599610716">
        <ele>37.4</ele>
      </trkpt>
      <trkpt lat="34.28888169117272" lon="134.00318912230432">
        <ele>37.34</ele>
      </trkpt>
      <trkpt lat="34.28913339972496" lon="134.00341836735606">
        <ele>37.17</ele>
      </trkpt>
      <trkpt lat="34.28929994814098" lon="134.00356999598444">
        <ele>37.06</ele>
      </trkpt>
      <trkpt lat="34.28954478353262" lon="134.00380980223417">
        <ele>37.04</ele>
      </trkpt>
      <trkpt lat="34.28978961892426" lon="134.0040496084839">
        <ele>36.86</ele>
      </trkpt>
      <trkpt lat="34.28978995420039" lon="134.00404994376004">
        <ele>36.72</ele>
      </trkpt>
      <trkpt lat="34.290027832612395" lon="134.00429972447455">
        <ele>36.35</ele>
      </trkpt>
      <trkpt lat="34.290265711024404" lon="134.00454950518906">
        <ele>36.13</ele>
      </trkpt>
      <trkpt lat="34.290389930829406" lon="134.0046799276024">
        <ele>36.04</ele>
      </trkpt>
      <trkpt lat="34.29061205126345" lon="134.0049499925226">
        <ele>35.99</ele>
      </trkpt>
      <trkpt lat="34.2908341716975" lon="134.00521997362375">
        <ele>35.97</ele>
      </trkpt>
      <trkpt lat="34.29105629213154" lon="134.0054899547249">
        <ele>35.9</ele>
      </trkpt>
      <trkpt lat="34.29127841256559" lon="134.0057600196451">
        <ele>35.67</ele>
      </trkpt>
      <trkpt lat="34.29140992462635" lon="134.0059199463576">
        <ele>35.51</ele>
      </trkpt>
      <trkpt lat="34.2916214838624" lon="134.00620199739933">
        <ele>35.27</ele>
      </trkpt>
      <trkpt lat="34.29173975251615" lon="134.00635982863605">
        <ele>35.09</ele>
      </trkpt>
      <trkpt lat="34.291739920154214" lon="134.0063599962741">
        <ele>34.94</ele>
      </trkpt>
      <trkpt lat="34.29194527678192" lon="134.00664866901934">
        <ele>34.77</ele>
      </trkpt>
      <trkpt lat="34.29205893538892" lon="134.0068084280938">
        <ele>34.64</ele>
      </trkpt>
      <trkpt lat="34.292059019207954" lon="134.00680859573185">
        <ele>34.64</ele>
      </trkpt>
      <trkpt lat="34.292059019207954" lon="134.0068086795509">
        <ele>34.49</ele>
      </trkpt>
      <trkpt lat="34.29205977357924" lon="134.00680985301733">
        <ele>34.2</ele>
      </trkpt>
      <trkpt lat="34.292242834344506" lon="134.00711755268276">
        <ele>34.02</ele>
      </trkpt>
      <trkpt lat="34.29237677715719" lon="134.0073426067829">
        <ele>33.84</ele>
      </trkpt>
      <trkpt lat="34.29237753152847" lon="134.00734378024936">
        <ele>33.71</ele>
      </trkpt>
      <trkpt lat="34.29257484152913" lon="134.0076380688697">
        <ele>33.56</ele>
      </trkpt>
      <trkpt lat="34.29275966249406" lon="134.00794610381126">
        <ele>33.49</ele>
      </trkpt>
      <trkpt lat="34.292944483458996" lon="134.00825422257185">
        <ele>33.37</ele>
      </trkpt>
      <trkpt lat="34.293049927800894" lon="134.00842999108136">
        <ele>33.23</ele>
      </trkpt>
      <trkpt lat="34.29305068217218" lon="134.00843149982393">
        <ele>33.11</ele>
      </trkpt>
      <trkpt lat="34.293218068778515" lon="134.00875168852508">
        <ele>32.92</ele>
      </trkpt>
      <trkpt lat="34.293386125937104" lon="134.0090733859688">
        <ele>32.79</ele>
      </trkpt>
      <trkpt lat="34.293554266914725" lon="134.00939508341253">
        <ele>32.68</ele>
      </trkpt>
      <trkpt lat="34.293629955500364" lon="134.00953992269933">
        <ele>32.6</ele>
      </trkpt>
      <trkpt lat="34.29366993717849" lon="134.00964997708797">
        <ele>32.5</ele>
      </trkpt>
      <trkpt lat="34.293836737051606" lon="134.00997268036008">
        <ele>32.39</ele>
      </trkpt>
      <trkpt lat="34.29397998377681" lon="134.010249953717">
        <ele>32.27</ele>
      </trkpt>
      <trkpt lat="34.29408995434642" lon="134.01047995314002">
        <ele>32.17</ele>
      </trkpt>
      <trkpt lat="34.29408995434642" lon="134.01048003695905">
        <ele>32.12</ele>
      </trkpt>
      <trkpt lat="34.29409003816545" lon="134.01048020459712">
        <ele>32.08</ele>
      </trkpt>
      <trkpt lat="34.29409012198448" lon="134.01048028841615">
        <ele>31.99</ele>
      </trkpt>
      <trkpt lat="34.294090708717704" lon="134.0104814618826">
        <ele>31.9</ele>
      </trkpt>
      <trkpt lat="34.29417997598648" lon="134.01064993813634">
        <ele>31.85</ele>
      </trkpt>
      <trkpt lat="34.29441994987428" lon="134.01057994924486">
        <ele>31.78</ele>
      </trkpt>
      <trkpt lat="34.29473544470966" lon="134.01057324372232">
        <ele>31.71</ele>
      </trkpt>
      <trkpt lat="34.29488992318511" lon="134.01056997478008">
        <ele>31.62</ele>
      </trkpt>
      <trkpt lat="34.29520541802049" lon="134.01056192815304">
        <ele>31.39</ele>
      </trkpt>
      <trkpt lat="34.29552082903683" lon="134.010553881526">
        <ele>31.19</ele>
      </trkpt>
      <trkpt lat="34.29583632387221" lon="134.01054583489895">
        <ele>31.09</ele>
      </trkpt>
      <trkpt lat="34.296151734888554" lon="134.0105377882719">
        <ele>30.94</ele>
      </trkpt>
      <trkpt lat="34.29646722972393" lon="134.01052974164486">
        <ele>30.71</ele>
      </trkpt>
      <trkpt lat="34.296782640740275" lon="134.01052169501781">
        <ele>30.5</ele>
      </trkpt>
      <trkpt lat="34.29684994742274" lon="134.01051993481815">
        <ele>30.32</ele>
      </trkpt>
      <trkpt lat="34.297109954059124" lon="134.01057994924486">
        <ele>30.17</ele>
      </trkpt>
      <trkpt lat="34.29737993516028" lon="134.01072998531163">
        <ele>29.92</ele>
      </trkpt>
      <trkpt lat="34.297559978440404" lon="134.01089997030795">
        <ele>29.67</ele>
      </trkpt>
      <trkpt lat="34.297608928754926" lon="134.0109685342759">
        <ele>29.47</ele>
      </trkpt>
      <trkpt lat="34.297609850764275" lon="134.01096979156137">
        <ele>29.3</ele>
      </trkpt>
      <trkpt lat="34.297609934583306" lon="134.01096995919943">
        <ele>29.29</ele>
      </trkpt>
      <trkpt lat="34.29761001840234" lon="134.01097004301846">
        <ele>28.95</ele>
      </trkpt>
      <trkpt lat="34.29761077277362" lon="134.01097104884684">
        <ele>28.78</ele>
      </trkpt>
      <trkpt lat="34.297689981758595" lon="134.01106995530427">
        <ele>28.57</ele>
      </trkpt>
      <trkpt lat="34.2979902215302" lon="134.01095319539309">
        <ele>28.34</ele>
      </trkpt>
      <trkpt lat="34.29804998449981" lon="134.0109299775213">
        <ele>28.2</ele>
      </trkpt>
      <trkpt lat="34.29832994006574" lon="134.01085998862982">
        <ele>28.15</ele>
      </trkpt>
      <trkpt lat="34.298399928957224" lon="134.01082998141646">
        <ele>28.02</ele>
      </trkpt>
      <trkpt lat="34.29861995391548" lon="134.01075999252498">
        <ele>27.93</ele>
      </trkpt>
      <trkpt lat="34.298919942229986" lon="134.0106421429664">
        <ele>27.77</ele>
      </trkpt>
      <trkpt lat="34.299177853390574" lon="134.010540721938">
        <ele>27.62</ele>
      </trkpt>
      <trkpt lat="34.29917994886637" lon="134.01053996756673">
        <ele>27.45</ele>
      </trkpt>
      <trkpt lat="34.29918053559959" lon="134.0105396322906">
        <ele>27.27</ele>
      </trkpt>
      <trkpt lat="34.299474991858006" lon="134.01040518656373">
        <ele>26.94</ele>
      </trkpt>
      <trkpt lat="34.299770034849644" lon="134.01027040556073">
        <ele>26.64</ele>
      </trkpt>
      <trkpt lat="34.299989975988865" lon="134.01016999036074">
        <ele>26.47</ele>
      </trkpt>
      <trkpt lat="34.300274793058634" lon="134.01000645942986">
        <ele>26.35</ele>
      </trkpt>
      <trkpt lat="34.300559693947434" lon="134.00984301231802">
        <ele>26.13</ele>
      </trkpt>
      <trkpt lat="34.3008445110172" lon="134.00967948138714">
        <ele>25.89</ele>
      </trkpt>
      <trkpt lat="34.301129411906004" lon="134.0095160342753">
        <ele>25.7</ele>
      </trkpt>
      <trkpt lat="34.301139973104" lon="134.009509999305">
        <ele>25.5</ele>
      </trkpt>
      <trkpt lat="34.301338121294975" lon="134.00940086692572">
        <ele>25.3</ele>
      </trkpt>
      <trkpt lat="34.30133996531367" lon="134.00939994491637">
        <ele>25.1</ele>
      </trkpt>
      <trkpt lat="34.30134063586593" lon="134.00939944200218">
        <ele>24.9</ele>
      </trkpt>
      <trkpt lat="34.301559990271926" lon="134.0092599671334">
        <ele>24.67</ele>
      </trkpt>
      <trkpt lat="34.30182301439345" lon="134.00905000045896">
        <ele>24.42</ele>
      </trkpt>
      <trkpt lat="34.302086122334" lon="134.00884011760354">
        <ele>24.2</ele>
      </trkpt>
      <trkpt lat="34.302349146455526" lon="134.0086301509291">
        <ele>24.04</ele>
      </trkpt>
      <trkpt lat="34.302549976855516" lon="134.00846997275949">
        <ele>23.92</ele>
      </trkpt>
      <trkpt lat="34.30283638648689" lon="134.00831054896116">
        <ele>23.71</ele>
      </trkpt>
      <trkpt lat="34.30312287993729" lon="134.00815112516284">
        <ele>23.48</ele>
      </trkpt>
      <trkpt lat="34.30340928956866" lon="134.00799170136452">
        <ele>23.2</ele>
      </trkpt>
      <trkpt lat="34.303695783019066" lon="134.0078322775662">
        <ele>23.13</ele>
      </trkpt>
      <trkpt lat="34.30398219265044" lon="134.00767285376787">
        <ele>23.16</ele>
      </trkpt>
      <trkpt lat="34.30426860228181" lon="134.00751342996955">
        <ele>23.11</ele>
      </trkpt>
      <trkpt lat="34.30455509573221" lon="134.00735408999026">
        <ele>23.16</ele>
      </trkpt>
      <trkpt lat="34.304841505363584" lon="134.00719466619194">
        <ele>23.01</ele>
      </trkpt>
      <trkpt lat="34.304848462343216" lon="134.00719072669744">
        <ele>22.94</ele>
      </trkpt>
      <trkpt lat="34.30484997108579" lon="134.00718997232616">
        <ele>22.88</ele>
      </trkpt>
      <trkpt lat="34.30485097691417" lon="134.00718946941197">
        <ele>22.83</ele>
      </trkpt>
      <trkpt lat="34.30514518171549" lon="134.00705577805638">
        <ele>22.73</ele>
      </trkpt>
      <trkpt lat="34.305178290233016" lon="134.00704060681164">
        <ele>22.68</ele>
      </trkpt>
      <trkpt lat="34.30517996661365" lon="134.0070399362594">
        <ele>22.63</ele>
      </trkpt>
      <trkpt lat="34.305180720984936" lon="134.00703909806907">
        <ele>22.57</ele>
      </trkpt>
      <trkpt lat="34.30530343204737" lon="134.00691085495055">
        <ele>22.47</ele>
      </trkpt>
      <trkpt lat="34.305304856970906" lon="134.006909430027">
        <ele>22.41</ele>
      </trkpt>
      <trkpt lat="34.305305108428" lon="134.00690842419863">
        <ele>22.35</ele>
      </trkpt>
      <trkpt lat="34.30530996993184" lon="134.00688998401165">
        <ele>22.28</ele>
      </trkpt>
      <trkpt lat="34.30545992217958" lon="134.0068599767983">
        <ele>22.22</ele>
      </trkpt>
      <trkpt lat="34.30569997988641" lon="134.0067999623716">
        <ele>22.19</ele>
      </trkpt>
      <trkpt lat="34.30584993213415" lon="134.00671999901533">
        <ele>22.14</ele>
      </trkpt>
      <trkpt lat="34.30606769397855" lon="134.00666057132185">
        <ele>22.06</ele>
      </trkpt>
      <trkpt lat="34.306069957092404" lon="134.00665998458862">
        <ele>21.97</ele>
      </trkpt>
      <trkpt lat="34.30607029236853" lon="134.00665981695056">
        <ele>21.87</ele>
      </trkpt>
      <trkpt lat="34.30637849494815" lon="134.00658018887043">
        <ele>21.64</ele>
      </trkpt>
      <trkpt lat="34.306649984791875" lon="134.00650994852185">
        <ele>21.5</ele>
      </trkpt>
      <trkpt lat="34.306889958679676" lon="134.0064799413085">
        <ele>21.31</ele>
      </trkpt>
      <trkpt lat="34.307147450745106" lon="134.00649972259998">
        <ele>21.18</ele>
      </trkpt>
      <trkpt lat="34.30714996531606" lon="134.00649997405708">
        <ele>21.06</ele>
      </trkpt>
      <trkpt lat="34.30715004913509" lon="134.00649997405708">
        <ele>20.94</ele>
      </trkpt>
      <trkpt lat="34.307465041056275" lon="134.00652000680566">
        <ele>20.86</ele>
      </trkpt>
      <trkpt lat="34.30778011679649" lon="134.00654003955424">
        <ele>20.74</ele>
      </trkpt>
      <trkpt lat="34.30809519253671" lon="134.00656007230282">
        <ele>20.63</ele>
      </trkpt>
      <trkpt lat="34.30824992246926" lon="134.00656996294856">
        <ele>20.53</ele>
      </trkpt>
      <trkpt lat="34.30855770595372" lon="134.0066538657993">
        <ele>20.37</ele>
      </trkpt>
      <trkpt lat="34.308689972385764" lon="134.00668999180198">
        <ele>20.25</ele>
      </trkpt>
      <trkpt lat="34.308877643197775" lon="134.00671957992017">
        <ele>20.1</ele>
      </trkpt>
      <trkpt lat="34.30887881666422" lon="134.0067196637392">
        <ele>19.96</ele>
      </trkpt>
      <trkpt lat="34.30887898430228" lon="134.00671974755824">
        <ele>19.95</ele>
      </trkpt>
      <trkpt lat="34.308879068121314" lon="134.00671983137727">
        <ele>19.8</ele>
      </trkpt>
      <trkpt lat="34.30887999013066" lon="134.00671999901533">
        <ele>19.63</ele>
      </trkpt>
      <trkpt lat="34.30888024158776" lon="134.00671999901533">
        <ele>19.46</ele>
      </trkpt>
      <trkpt lat="34.309192802757025" lon="134.00676945224404">
        <ele>19.34</ele>
      </trkpt>
      <trkpt lat="34.30950561538339" lon="134.0068189892918">
        <ele>19.14</ele>
      </trkpt>
      <trkpt lat="34.30981842800975" lon="134.00686852633953">
        <ele>18.83</ele>
      </trkpt>
      <trkpt lat="34.3100799433887" lon="134.0069099329412">
        <ele>18.54</ele>
      </trkpt>
      <trkpt lat="34.31011992506683" lon="134.0069099329412">
        <ele>18.32</ele>
      </trkpt>
      <trkpt lat="34.31016996502876" lon="134.00694999843836">
        <ele>18.08</ele>
      </trkpt>
      <trkpt lat="34.310479927808046" lon="134.00695997290313">
        <ele>17.91</ele>
      </trkpt>
      <trkpt lat="34.31074999272823" lon="134.00688998401165">
        <ele>17.77</ele>
      </trkpt>
      <trkpt lat="34.31106196716428" lon="134.0069466456771">
        <ele>17.42</ele>
      </trkpt>
      <trkpt lat="34.31137394160032" lon="134.00700339116156">
        <ele>17.11</ele>
      </trkpt>
      <trkpt lat="34.311517691239715" lon="134.00702954269946">
        <ele>16.93</ele>
      </trkpt>
      <trkpt lat="34.31151995435357" lon="134.00702996179461">
        <ele>16.72</ele>
      </trkpt>
      <trkpt lat="34.311520205810666" lon="134.00702996179461">
        <ele>16.53</ele>
      </trkpt>
      <trkpt lat="34.31183176115155" lon="134.00708788074553">
        <ele>16.43</ele>
      </trkpt>
      <trkpt lat="34.312143651768565" lon="134.00714579969645">
        <ele>16.31</ele>
      </trkpt>
      <trkpt lat="34.312219927087426" lon="134.0071599651128">
        <ele>16.1</ele>
      </trkpt>
      <trkpt lat="34.31252846494317" lon="134.00723959319293">
        <ele>15.85</ele>
      </trkpt>
      <trkpt lat="34.31252997368574" lon="134.00723992846906">
        <ele>15.68</ele>
      </trkpt>
      <trkpt lat="34.31256995536387" lon="134.0072299540043">
        <ele>15.51</ele>
      </trkpt>
      <trkpt lat="34.3128776550293" lon="134.00731385685503">
        <ele>15.27</ele>
      </trkpt>
      <trkpt lat="34.31289995089173" lon="134.00731997564435">
        <ele>15.11</ele>
      </trkpt>
      <trkpt lat="34.31321150623262" lon="134.00738024152815">
        <ele>14.98</ele>
      </trkpt>
      <trkpt lat="34.31351996026933" lon="134.00743992067873">
        <ele>14.93</ele>
      </trkpt>
      <trkpt lat="34.313824474811554" lon="134.00753958150744">
        <ele>14.81</ele>
      </trkpt>
      <trkpt lat="34.31406998075545" lon="134.00761996395886">
        <ele>14.58</ele>
      </trkpt>
      <trkpt lat="34.31428992189467" lon="134.007659945637">
        <ele>14.56</ele>
      </trkpt>
      <trkpt lat="34.314603405073285" lon="134.0076168626547">
        <ele>14.62</ele>
      </trkpt>
      <trkpt lat="34.31491697207093" lon="134.00757377967238">
        <ele>14.65</ele>
      </trkpt>
      <trkpt lat="34.31508997455239" lon="134.00754997506738">
        <ele>14.65</ele>
      </trkpt>
      <trkpt lat="34.315404715016484" lon="134.0075759589672">
        <ele>14.56</ele>
      </trkpt>
      <trkpt lat="34.31571953929961" lon="134.007601859048">
        <ele>14.62</ele>
      </trkpt>
      <trkpt lat="34.3160342797637" lon="134.00762784294784">
        <ele>14.68</ele>
      </trkpt>
      <trkpt lat="34.3160599283874" lon="134.00762993842363">
        <ele>14.74</ele>
      </trkpt>
      <trkpt lat="34.3161999899894" lon="134.0076499711722">
        <ele>14.83</ele>
      </trkpt>
      <trkpt lat="34.316209964454174" lon="134.00766992010176">
        <ele>14.92</ele>
      </trkpt>
      <trkpt lat="34.316523196175694" lon="134.0077160205692">
        <ele>15.06</ele>
      </trkpt>
      <trkpt lat="34.31654792279005" lon="134.00771962478757">
        <ele>15.17</ele>
      </trkpt>
      <trkpt lat="34.31654993444681" lon="134.0077199600637">
        <ele>15.28</ele>
      </trkpt>
      <trkpt lat="34.316550437361" lon="134.0077199600637">
        <ele>15.38</ele>
      </trkpt>
      <trkpt lat="34.316864758729935" lon="134.00774619542062">
        <ele>15.58</ele>
      </trkpt>
      <trkpt lat="34.317029966041446" lon="134.00775994174182">
        <ele>15.76</ele>
      </trkpt>
      <trkpt lat="34.31734529323876" lon="134.0077456086874">
        <ele>15.86</ele>
      </trkpt>
      <trkpt lat="34.31766053661704" lon="134.00773127563298">
        <ele>15.9</ele>
      </trkpt>
      <trkpt lat="34.317975863814354" lon="134.00771694257855">
        <ele>15.98</ele>
      </trkpt>
      <trkpt lat="34.318291107192636" lon="134.00770260952413">
        <ele>15.88</ele>
      </trkpt>
      <trkpt lat="34.31860643438995" lon="134.0076882764697">
        <ele>15.83</ele>
      </trkpt>
      <trkpt lat="34.318789998069406" lon="134.00767997838557">
        <ele>15.82</ele>
      </trkpt>
      <trkpt lat="34.31910180486739" lon="134.00762222707272">
        <ele>15.89</ele>
      </trkpt>
      <trkpt lat="34.319329960271716" lon="134.00757998228073">
        <ele>15.8</ele>
      </trkpt>
      <trkpt lat="34.31936834938824" lon="134.00754142552614">
        <ele>15.74</ele>
      </trkpt>
      <trkpt lat="34.31936910375953" lon="134.0075405035168">
        <ele>15.68</ele>
      </trkpt>
      <trkpt lat="34.31936927139759" lon="134.00754041969776">
        <ele>15.68</ele>
      </trkpt>
      <trkpt lat="34.31936935521662" lon="134.00754041969776">
        <ele>15.6</ele>
      </trkpt>
      <trkpt lat="34.319369941949844" lon="134.00753991678357">
        <ele>15.52</ele>
      </trkpt>
      <trkpt lat="34.31937010958791" lon="134.00753933005035">
        <ele>15.43</ele>
      </trkpt>
      <trkpt lat="34.319389974698424" lon="134.00748996064067">
        <ele>15.32</ele>
      </trkpt>
      <trkpt lat="34.319329960271716" lon="134.00745995342731">
        <ele>15.21</ele>
      </trkpt>
      <trkpt lat="34.31927992030978" lon="134.0073999390006">
        <ele>15.09</ele>
      </trkpt>
      <trkpt lat="34.31929995305836" lon="134.00717999786139">
        <ele>14.88</ele>
      </trkpt>
      <trkpt lat="34.31936206296086" lon="134.00680708698928">
        <ele>14.64</ele>
      </trkpt>
      <trkpt lat="34.319424256682396" lon="134.0064342599362">
        <ele>14.6</ele>
      </trkpt>
      <trkpt lat="34.31943951174617" lon="134.00634155608714">
        <ele>14.57</ele>
      </trkpt>
      <trkpt lat="34.3194395955652" lon="134.00634130463004">
        <ele>14.57</ele>
      </trkpt>
      <trkpt lat="34.31943967938423" lon="134.006341220811">
        <ele>14.48</ele>
      </trkpt>
      <trkpt lat="34.31943993084133" lon="134.00633996352553">
        <ele>14.4</ele>
      </trkpt>
      <trkpt lat="34.319707145914435" lon="134.0063795261085">
        <ele>14.37</ele>
      </trkpt>
      <trkpt lat="34.319709576666355" lon="134.00637986138463">
        <ele>14.29</ele>
      </trkpt>
      <trkpt lat="34.320019790902734" lon="134.00643124245107">
        <ele>14.3</ele>
      </trkpt>
      <trkpt lat="34.320332352072" lon="134.00648295879364">
        <ele>14.29</ele>
      </trkpt>
      <trkpt lat="34.32064491324127" lon="134.00653475895524">
        <ele>14.2</ele>
      </trkpt>
      <trkpt lat="34.320957558229566" lon="134.0065864752978">
        <ele>13.85</ele>
      </trkpt>
      <trkpt lat="34.32127011939883" lon="134.0066382754594">
        <ele>13.67</ele>
      </trkpt>
      <trkpt lat="34.3215826805681" lon="134.00668999180198">
        <ele>13.76</ele>
      </trkpt>
      <trkpt lat="34.321838496252894" lon="134.00673240423203">
        <ele>13.69</ele>
      </trkpt>
      <trkpt lat="34.321840927004814" lon="134.00673273950815">
        <ele>13.61</ele>
      </trkpt>
      <trkpt lat="34.322151308879256" lon="134.00678160600364">
        <ele>13.49</ele>
      </trkpt>
      <trkpt lat="34.32246420532465" lon="134.0068308915943">
        <ele>13.39</ele>
      </trkpt>
      <trkpt lat="34.32262756861746" lon="134.00685662403703">
        <ele>13.34</ele>
      </trkpt>
      <trkpt lat="34.32262991555035" lon="134.00685695931315">
        <ele>13.26</ele>
      </trkpt>
      <trkpt lat="34.32267224416137" lon="134.00686441920698">
        <ele>13.18</ele>
      </trkpt>
      <trkpt lat="34.32298447005451" lon="134.00691881775856">
        <ele>13.14</ele>
      </trkpt>
      <trkpt lat="34.32329677976668" lon="134.00697330012918">
        <ele>13.01</ele>
      </trkpt>
      <trkpt lat="34.32360900565982" lon="134.0070277824998">
        <ele>12.94</ele>
      </trkpt>
      <trkpt lat="34.32392131537199" lon="134.00708218105137">
        <ele>12.84</ele>
      </trkpt>
      <trkpt lat="34.32423354126513" lon="134.007136663422">
        <ele>12.7</ele>
      </trkpt>
      <trkpt lat="34.324309984222054" lon="134.00714999064803">
        <ele>12.61</ele>
      </trkpt>
      <trkpt lat="34.324618857353926" lon="134.0072276070714">
        <ele>12.49</ele>
      </trkpt>
      <trkpt lat="34.3249277304858" lon="134.00730522349477">
        <ele>12.4</ele>
      </trkpt>
      <trkpt lat="34.32523660361767" lon="134.00738283991814">
        <ele>12.33</ele>
      </trkpt>
      <trkpt lat="34.32554547674954" lon="134.0074604563415">
        <ele>12.24</ele>
      </trkpt>
      <trkpt lat="34.32585434988141" lon="134.00753807276487">
        <ele>12.21</ele>
      </trkpt>
      <trkpt lat="34.32616322301328" lon="134.00761568918824">
        <ele>12.15</ele>
      </trkpt>
      <trkpt lat="34.32625995017588" lon="134.00763999670744">
        <ele>12.1</ele>
      </trkpt>
      <trkpt lat="34.32627998292446" lon="134.00762993842363">
        <ele>12.05</ele>
      </trkpt>
      <trkpt lat="34.32638995349407" lon="134.0076499711722">
        <ele>12.01</ele>
      </trkpt>
      <trkpt lat="34.32649992406368" lon="134.00769992731512">
        <ele>11.99</ele>
      </trkpt>
      <trkpt lat="34.32681298814714" lon="134.00774753652513">
        <ele>11.92</ele>
      </trkpt>
      <trkpt lat="34.3271260522306" lon="134.00779514573514">
        <ele>11.83</ele>
      </trkpt>
      <trkpt lat="34.32743911631405" lon="134.00784267112613">
        <ele>11.67</ele>
      </trkpt>
      <trkpt lat="34.327749917283654" lon="134.00788994506001">
        <ele>11.61</ele>
      </trkpt>
      <trkpt lat="34.328062729910016" lon="134.00794032029808">
        <ele>11.68</ele>
      </trkpt>
      <trkpt lat="34.328375458717346" lon="134.0079906117171">
        <ele>11.6</ele>
      </trkpt>
      <trkpt lat="34.328688187524676" lon="134.00804098695517">
        <ele>11.68</ele>
      </trkpt>
      <trkpt lat="34.32900091633201" lon="134.00809136219323">
        <ele>11.76</ele>
      </trkpt>
      <trkpt lat="34.32931364513934" lon="134.00814165361226">
        <ele>11.84</ele>
      </trkpt>
      <trkpt lat="34.32962637394667" lon="134.00819202885032">
        <ele>11.89</ele>
      </trkpt>
      <trkpt lat="34.32979996316135" lon="134.00821994058788">
        <ele>11.89</ele>
      </trkpt>
      <trkpt lat="34.32979996316135" lon="134.00821239687502">
        <ele>11.92</ele>
      </trkpt>
      <trkpt lat="34.32979996316135" lon="134.00821147486567">
        <ele>11.93</ele>
      </trkpt>
      <trkpt lat="34.32979996316135" lon="134.00821113958955">
        <ele>11.94</ele>
      </trkpt>
      <trkpt lat="34.32979996316135" lon="134.00821105577052">
        <ele>11.96</ele>
      </trkpt>
      <trkpt lat="34.32979996316135" lon="134.0082099661231">
        <ele>11.98</ele>
      </trkpt>
      <trkpt lat="34.329800214618444" lon="134.00820963084698">
        <ele>11.99</ele>
      </trkpt>
      <trkpt lat="34.32980993762612" lon="134.00819999165833">
        <ele>11.99</ele>
      </trkpt>
      <trkpt lat="34.32957180775702" lon="134.0079504624009">
        <ele>11.99</ele>
      </trkpt>
      <trkpt lat="34.32933376170695" lon="134.00770084932446">
        <ele>11.97</ele>
      </trkpt>
      <trkpt lat="34.329095631837845" lon="134.00745132006705">
        <ele>11.98</ele>
      </trkpt>
      <trkpt lat="34.32885750196874" lon="134.00720179080963">
        <ele>11.97</ele>
      </trkpt>
      <trkpt lat="34.32861937209964" lon="134.00695226155221">
        <ele>11.9</ele>
      </trkpt>
      <trkpt lat="34.328381326049566" lon="134.0067027322948">
        <ele>11.81</ele>
      </trkpt>
      <trkpt lat="34.32814319618046" lon="134.00645320303738">
        <ele>11.75</ele>
      </trkpt>
      <trkpt lat="34.32790506631136" lon="134.00620367377996">
        <ele>11.76</ele>
      </trkpt>
      <trkpt lat="34.327666936442256" lon="134.00595414452255">
        <ele>11.85</ele>
      </trkpt>
      <trkpt lat="34.327428890392184" lon="134.00570461526513">
        <ele>11.77</ele>
      </trkpt>
      <trkpt lat="34.32719076052308" lon="134.00545508600771">
        <ele>11.83</ele>
      </trkpt>
      <trkpt lat="34.32695263065398" lon="134.0052055567503">
        <ele>11.81</ele>
      </trkpt>
      <trkpt lat="34.326714584603906" lon="134.00495602749288">
        <ele>11.73</ele>
      </trkpt>
      <trkpt lat="34.3264764547348" lon="134.00470649823546">
        <ele>11.6</ele>
      </trkpt>
      <trkpt lat="34.3262383248657" lon="134.00445696897805">
        <ele>11.52</ele>
      </trkpt>
      <trkpt lat="34.326000194996595" lon="134.0042073559016">
        <ele>11.52</ele>
      </trkpt>
      <trkpt lat="34.325762148946524" lon="134.00395782664418">
        <ele>11.5</ele>
      </trkpt>
      <trkpt lat="34.32552401907742" lon="134.00370829738677">
        <ele>11.42</ele>
      </trkpt>
      <trkpt lat="34.32528588920832" lon="134.00345876812935">
        <ele>11.35</ele>
      </trkpt>
      <trkpt lat="34.325047843158245" lon="134.00320923887193">
        <ele>11.35</ele>
      </trkpt>
      <trkpt lat="34.32480996474624" lon="134.0029599610716">
        <ele>11.37</ele>
      </trkpt>
      <trkpt lat="34.324671663343906" lon="134.00283155031502">
        <ele>11.38</ele>
      </trkpt>
      <trkpt lat="34.32466998696327" lon="134.00282995775342">
        <ele>11.39</ele>
      </trkpt>
      <trkpt lat="34.32466973550618" lon="134.00282979011536">
        <ele>11.42</ele>
      </trkpt>
      <trkpt lat="34.32440796867013" lon="134.00261814706028">
        <ele>11.39</ele>
      </trkpt>
      <trkpt lat="34.32419992983341" lon="134.00244992226362">
        <ele>11.35</ele>
      </trkpt>
      <trkpt lat="34.3239189684391" lon="134.0022770036012">
        <ele>11.53</ele>
      </trkpt>
      <trkpt lat="34.32367991656065" lon="134.00212998501956">
        <ele>11.75</ele>
      </trkpt>
      <trkpt lat="34.32338571175933" lon="134.00199268944561">
        <ele>11.87</ele>
      </trkpt>
      <trkpt lat="34.32309150695801" lon="134.00185531005263">
        <ele>11.98</ele>
      </trkpt>
      <trkpt lat="34.32307993993163" lon="134.0018499456346">
        <ele>12.16</ele>
      </trkpt>
      <trkpt lat="34.32277441956103" lon="134.0017550624907">
        <ele>12.38</ele>
      </trkpt>
      <trkpt lat="34.322468899190426" lon="134.00166026316583">
        <ele>12.64</ele>
      </trkpt>
      <trkpt lat="34.32216329500079" lon="134.00156538002193">
        <ele>12.93</ele>
      </trkpt>
      <trkpt lat="34.32185777463019" lon="134.00147049687803">
        <ele>13.22</ele>
      </trkpt>
      <trkpt lat="34.321552254259586" lon="134.00137561373413">
        <ele>13.55</ele>
      </trkpt>
      <trkpt lat="34.32124665006995" lon="134.00128073059022">
        <ele>13.89</ele>
      </trkpt>
      <trkpt lat="34.32094112969935" lon="134.00118593126535">
        <ele>14.15</ele>
      </trkpt>
      <trkpt lat="34.32063560932875" lon="134.00109104812145">
        <ele>14.47</ele>
      </trkpt>
      <trkpt lat="34.320330088958144" lon="134.00099616497755">
        <ele>14.79</ele>
      </trkpt>
      <trkpt lat="34.32002448476851" lon="134.00090128183365">
        <ele>15.09</ele>
      </trkpt>
      <trkpt lat="34.31971896439791" lon="134.00080639868975">
        <ele>15.39</ele>
      </trkpt>
      <trkpt lat="34.319413444027305" lon="134.00071159936488">
        <ele>15.6</ele>
      </trkpt>
      <trkpt lat="34.3191079236567" lon="134.00061671622097">
        <ele>15.88</ele>
      </trkpt>
      <trkpt lat="34.31880231946707" lon="134.00052183307707">
        <ele>16.19</ele>
      </trkpt>
      <trkpt lat="34.318496799096465" lon="134.00042694993317">
        <ele>16.48</ele>
      </trkpt>
      <trkpt lat="34.31819127872586" lon="134.00033206678927">
        <ele>16.75</ele>
      </trkpt>
      <trkpt lat="34.31811994872987" lon="134.0003099385649">
        <ele>17.02</ele>
      </trkpt>
      <trkpt lat="34.31781115941703" lon="134.00023181922734">
        <ele>17.39</ele>
      </trkpt>
      <trkpt lat="34.317502370104194" lon="134.00015361607075">
        <ele>17.71</ele>
      </trkpt>
      <trkpt lat="34.317329954355955" lon="134.00010994635522">
        <ele>17.82</ele>
      </trkpt>
      <trkpt lat="34.31701797991991" lon="134.00005294941366">
        <ele>18.03</ele>
      </trkpt>
      <trkpt lat="34.316706005483866" lon="133.9999959524721">
        <ele>18.28</ele>
      </trkpt>
      <trkpt lat="34.31639411486685" lon="133.99993903934956">
        <ele>18.4</ele>
      </trkpt>
      <trkpt lat="34.31608214043081" lon="133.999882042408">
        <ele>18.45</ele>
      </trkpt>
      <trkpt lat="34.31577016599476" lon="133.99982504546642">
        <ele>18.67</ele>
      </trkpt>
      <trkpt lat="34.31545819155872" lon="133.99976804852486">
        <ele>18.82</ele>
      </trkpt>
      <trkpt lat="34.315146217122674" lon="133.9997110515833">
        <ele>19.04</ele>
      </trkpt>
      <trkpt lat="34.31483432650566" lon="133.99965405464172">
        <ele>19.23</ele>
      </trkpt>
      <trkpt lat="34.314522352069616" lon="133.9995971415192">
        <ele>19.27</ele>
      </trkpt>
      <trkpt lat="34.31421037763357" lon="133.99954014457762">
        <ele>19.33</ele>
      </trkpt>
      <trkpt lat="34.3140999879688" lon="133.99951994419098">
        <ele>19.42</ele>
      </trkpt>
      <trkpt lat="34.313982306048274" lon="133.99951013736427">
        <ele>19.51</ele>
      </trkpt>
      <trkpt lat="34.31398155167699" lon="133.99951005354524">
        <ele>19.54</ele>
      </trkpt>
      <trkpt lat="34.31398130021989" lon="133.99951005354524">
        <ele>19.56</ele>
      </trkpt>
      <trkpt lat="34.31398121640086" lon="133.99951005354524">
        <ele>19.6</ele>
      </trkpt>
      <trkpt lat="34.313979959115386" lon="133.9995099697262">
        <ele>19.62</ele>
      </trkpt>
      <trkpt lat="34.313959926366806" lon="133.9995099697262">
        <ele>19.64</ele>
      </trkpt>
      <trkpt lat="34.31396998465061" lon="133.99935993365943">
        <ele>19.66</ele>
      </trkpt>
      <trkpt lat="34.313987670466304" lon="133.99935993365943">
        <ele>19.63</ele>
      </trkpt>
      <trkpt lat="34.31398834101856" lon="133.99935993365943">
        <ele>19.6</ele>
      </trkpt>
      <trkpt lat="34.31398859247565" lon="133.99935993365943">
        <ele>19.6</ele>
      </trkpt>
      <trkpt lat="34.313988676294684" lon="133.99935993365943">
        <ele>19.54</ele>
      </trkpt>
      <trkpt lat="34.31398993358016" lon="133.99935993365943">
        <ele>19.47</ele>
      </trkpt>
      <trkpt lat="34.31430224329233" lon="133.99941416457295">
        <ele>19.33</ele>
      </trkpt>
      <trkpt lat="34.3146145530045" lon="133.99946839548647">
        <ele>19.25</ele>
      </trkpt>
      <trkpt lat="34.314926862716675" lon="133.9995226264">
        <ele>19.19</ele>
      </trkpt>
      <trkpt lat="34.315239172428846" lon="133.9995768573135">
        <ele>18.95</ele>
      </trkpt>
      <trkpt lat="34.315551398321986" lon="133.99963108822703">
        <ele>18.75</ele>
      </trkpt>
      <trkpt lat="34.31586370803416" lon="133.99968523532152">
        <ele>18.58</ele>
      </trkpt>
      <trkpt lat="34.31617601774633" lon="133.99973946623504">
        <ele>18.44</ele>
      </trkpt>
      <trkpt lat="34.3164883274585" lon="133.99979369714856">
        <ele>18.33</ele>
      </trkpt>
      <trkpt lat="34.31680063717067" lon="133.99984792806208">
        <ele>18.12</ele>
      </trkpt>
      <trkpt lat="34.3168699555099" lon="133.99985999800265">
        <ele>17.95</ele>
      </trkpt>
      <trkpt lat="34.31718050502241" lon="133.99992705322802">
        <ele>17.68</ele>
      </trkpt>
      <trkpt lat="34.317491138353944" lon="133.9999941084534">
        <ele>17.45</ele>
      </trkpt>
      <trkpt lat="34.31774997152388" lon="134.00004993192852">
        <ele>17.2</ele>
      </trkpt>
      <trkpt lat="34.318056078627706" lon="134.00014204904437">
        <ele>16.72</ele>
      </trkpt>
      <trkpt lat="34.31836218573153" lon="134.00023416616023">
        <ele>16.54</ele>
      </trkpt>
      <trkpt lat="34.31866837665439" lon="134.00032619945705">
        <ele>16.3</ele>
      </trkpt>
      <trkpt lat="34.31897448375821" lon="134.0004183165729">
        <ele>16.03</ele>
      </trkpt>
      <trkpt lat="34.31897993199527" lon="134.00041999295354">
        <ele>15.76</ele>
      </trkpt>
      <trkpt lat="34.31928553618491" lon="134.00051462464035">
        <ele>15.44</ele>
      </trkpt>
      <trkpt lat="34.31959114037454" lon="134.00060934014618">
        <ele>15.21</ele>
      </trkpt>
      <trkpt lat="34.319896660745144" lon="134.00070405565202">
        <ele>14.92</ele>
      </trkpt>
      <trkpt lat="34.32020226493478" lon="134.00079877115786">
        <ele>14.65</ele>
      </trkpt>
      <trkpt lat="34.32050786912441" lon="134.0008934866637">
        <ele>14.4</ele>
      </trkpt>
      <trkpt lat="34.320813389495015" lon="134.00098820216954">
        <ele>14.08</ele>
      </trkpt>
      <trkpt lat="34.32111899368465" lon="134.00108291767538">
        <ele>13.81</ele>
      </trkpt>
      <trkpt lat="34.321424597874284" lon="134.00117763318121">
        <ele>13.58</ele>
      </trkpt>
      <trkpt lat="34.32173020206392" lon="134.00127234868705">
        <ele>13.22</ele>
      </trkpt>
      <trkpt lat="34.32203572243452" lon="134.0013670641929">
        <ele>12.9</ele>
      </trkpt>
      <trkpt lat="34.322341326624155" lon="134.0014616958797">
        <ele>12.62</ele>
      </trkpt>
      <trkpt lat="34.32264693081379" lon="134.00155641138554">
        <ele>12.35</ele>
      </trkpt>
      <trkpt lat="34.32295245118439" lon="134.00165112689137">
        <ele>12.06</ele>
      </trkpt>
      <trkpt lat="34.323109947144985" lon="134.00169999338686">
        <ele>11.83</ele>
      </trkpt>
      <trkpt lat="34.32340339757502" lon="134.00183971971273">
        <ele>11.64</ele>
      </trkpt>
      <trkpt lat="34.323696848005056" lon="134.0019794460386">
        <ele>11.5</ele>
      </trkpt>
      <trkpt lat="34.32373993098736" lon="134.00199998170137">
        <ele>11.34</ele>
      </trkpt>
      <trkpt lat="34.324023239314556" lon="134.0021673683077">
        <ele>11.06</ele>
      </trkpt>
      <trkpt lat="34.324179980903864" lon="134.00225998833776">
        <ele>10.88</ele>
      </trkpt>
      <trkpt lat="34.32444551959634" lon="134.00246534496546">
        <ele>10.88</ele>
      </trkpt>
      <trkpt lat="34.3247099686414" lon="134.00266994722188">
        <ele>10.94</ele>
      </trkpt>
      <trkpt lat="34.324955055490136" lon="134.00290950201452">
        <ele>10.91</ele>
      </trkpt>
      <trkpt lat="34.32514809072018" lon="134.00309809483588">
        <ele>10.91</ele>
      </trkpt>
      <trkpt lat="34.32514859363437" lon="134.00309859775007">
        <ele>10.92</ele>
      </trkpt>
      <trkpt lat="34.32514876127243" lon="134.00309876538813">
        <ele>10.93</ele>
      </trkpt>
      <trkpt lat="34.32514884509146" lon="134.00309884920716">
        <ele>10.97</ele>
      </trkpt>
      <trkpt lat="34.32514985091984" lon="134.00309985503554">
        <ele>11.02</ele>
      </trkpt>
      <trkpt lat="34.325149934738874" lon="134.00309993885458">
        <ele>11.09</ele>
      </trkpt>
      <trkpt lat="34.325387896969914" lon="134.0033497195691">
        <ele>11.19</ele>
      </trkpt>
      <trkpt lat="34.32562577538192" lon="134.0035995002836">
        <ele>11.3</ele>
      </trkpt>
      <trkpt lat="34.32586373761296" lon="134.0038492809981">
        <ele>11.38</ele>
      </trkpt>
      <trkpt lat="34.326101699844" lon="134.00409906171262">
        <ele>11.45</ele>
      </trkpt>
      <trkpt lat="34.32633957825601" lon="134.00434884242713">
        <ele>11.49</ele>
      </trkpt>
      <trkpt lat="34.32657754048705" lon="134.00459862314165">
        <ele>11.66</ele>
      </trkpt>
      <trkpt lat="34.32681541889906" lon="134.00484840385616">
        <ele>11.74</ele>
      </trkpt>
      <trkpt lat="34.3270533811301" lon="134.00509818457067">
        <ele>11.85</ele>
      </trkpt>
      <trkpt lat="34.32729134336114" lon="134.00534796528518">
        <ele>11.88</ele>
      </trkpt>
      <trkpt lat="34.32752922177315" lon="134.0055977459997">
        <ele>11.87</ele>
      </trkpt>
      <trkpt lat="34.32776718400419" lon="134.0058475267142">
        <ele>11.91</ele>
      </trkpt>
      <trkpt lat="34.32800514623523" lon="134.00609730742872">
        <ele>11.76</ele>
      </trkpt>
      <trkpt lat="34.328243024647236" lon="134.00634708814323">
        <ele>11.71</ele>
      </trkpt>
      <trkpt lat="34.328480986878276" lon="134.00659686885774">
        <ele>11.71</ele>
      </trkpt>
      <trkpt lat="34.328718949109316" lon="134.00684664957225">
        <ele>11.76</ele>
      </trkpt>
      <trkpt lat="34.328956827521324" lon="134.00709643028677">
        <ele>11.81</ele>
      </trkpt>
      <trkpt lat="34.329194789752364" lon="134.00734621100128">
        <ele>11.73</ele>
      </trkpt>
      <trkpt lat="34.329432751983404" lon="134.0075959917158">
        <ele>11.61</ele>
      </trkpt>
      <trkpt lat="34.32967063039541" lon="134.0078457724303">
        <ele>11.51</ele>
      </trkpt>
      <trkpt lat="34.32990859262645" lon="134.00809546932578">
        <ele>11.41</ele>
      </trkpt>
      <trkpt lat="34.33014655485749" lon="134.0083452500403">
        <ele>11.28</ele>
      </trkpt>
      <trkpt lat="34.3303844332695" lon="134.0085950307548">
        <ele>11.09</ele>
      </trkpt>
      <trkpt lat="34.33062239550054" lon="134.00884481146932">
        <ele>10.89</ele>
      </trkpt>
      <trkpt lat="34.33086035773158" lon="134.00909459218383">
        <ele>10.75</ele>
      </trkpt>
      <trkpt lat="34.33109831996262" lon="134.00934437289834">
        <ele>10.68</ele>
      </trkpt>
      <trkpt lat="34.33133619837463" lon="134.00959415361285">
        <ele>10.61</ele>
      </trkpt>
      <trkpt lat="34.33157416060567" lon="134.00984393432736">
        <ele>10.45</ele>
      </trkpt>
      <trkpt lat="34.33177993632853" lon="134.0100599359721">
        <ele>10.36</ele>
      </trkpt>
      <trkpt lat="34.332037679851055" lon="134.0102792903781">
        <ele>10.26</ele>
      </trkpt>
      <trkpt lat="34.33224999345839" lon="134.01045992039144">
        <ele>10.16</ele>
      </trkpt>
      <trkpt lat="34.33252668008208" lon="134.0106427296996">
        <ele>10.09</ele>
      </trkpt>
      <trkpt lat="34.33277998119593" lon="134.01080994866788">
        <ele>9.99</ele>
      </trkpt>
      <trkpt lat="34.3330714199692" lon="134.01095570996404">
        <ele>9.88</ele>
      </trkpt>
      <trkpt lat="34.333362858742476" lon="134.01110138744116">
        <ele>9.67</ele>
      </trkpt>
      <trkpt lat="34.333439972251654" lon="134.01113994419575">
        <ele>9.5</ele>
      </trkpt>
      <trkpt lat="34.33373551815748" lon="134.01127313263714">
        <ele>9.25</ele>
      </trkpt>
      <trkpt lat="34.33403106406331" lon="134.01140632107854">
        <ele>9.12</ele>
      </trkpt>
      <trkpt lat="34.33432660996914" lon="134.01153959333897">
        <ele>8.97</ele>
      </trkpt>
      <trkpt lat="34.334622072055936" lon="134.01167278178036">
        <ele>8.8</ele>
      </trkpt>
      <trkpt lat="34.33485735207796" lon="134.01177881285548">
        <ele>8.69</ele>
      </trkpt>
      <trkpt lat="34.334859447553754" lon="134.01177973486483">
        <ele>8.57</ele>
      </trkpt>
      <trkpt lat="34.334859950467944" lon="134.01177998632193">
        <ele>8.45</ele>
      </trkpt>
      <trkpt lat="34.33515591546893" lon="134.01191191747785">
        <ele>8.41</ele>
      </trkpt>
      <trkpt lat="34.33545179665089" lon="134.0120439324528">
        <ele>8.34</ele>
      </trkpt>
      <trkpt lat="34.33574767783284" lon="134.01217586360872">
        <ele>8.18</ele>
      </trkpt>
      <trkpt lat="34.33604364283383" lon="134.01230787858367">
        <ele>8.1</ele>
      </trkpt>
      <trkpt lat="34.336339524015784" lon="134.0124398097396">
        <ele>7.99</ele>
      </trkpt>
      <trkpt lat="34.33663548901677" lon="134.01257182471454">
        <ele>8.03</ele>
      </trkpt>
      <trkpt lat="34.33693137019873" lon="134.01270375587046">
        <ele>7.92</ele>
      </trkpt>
      <trkpt lat="34.337227335199714" lon="134.01283568702638">
        <ele>7.68</ele>
      </trkpt>
      <trkpt lat="34.33752321638167" lon="134.01296770200133">
        <ele>7.56</ele>
      </trkpt>
      <trkpt lat="34.337819097563624" lon="134.01309963315725">
        <ele>7.47</ele>
      </trkpt>
      <trkpt lat="34.33811506256461" lon="134.0132316481322">
        <ele>7.41</ele>
      </trkpt>
      <trkpt lat="34.33841094374657" lon="134.01336357928813">
        <ele>7.43</ele>
      </trkpt>
      <trkpt lat="34.338706908747554" lon="134.01349559426308">
        <ele>7.44</ele>
      </trkpt>
      <trkpt lat="34.33900278992951" lon="134.013627525419">
        <ele>7.31</ele>
      </trkpt>
      <trkpt lat="34.339298754930496" lon="134.01375954039395">
        <ele>7.32</ele>
      </trkpt>
      <trkpt lat="34.33959463611245" lon="134.01389147154987">
        <ele>7.5</ele>
      </trkpt>
      <trkpt lat="34.33989060111344" lon="134.01402348652482">
        <ele>7.56</ele>
      </trkpt>
      <trkpt lat="34.340186482295394" lon="134.01415541768074">
        <ele>7.55</ele>
      </trkpt>
      <trkpt lat="34.34048244729638" lon="134.0142874326557">
        <ele>7.59</ele>
      </trkpt>
      <trkpt lat="34.34068998321891" lon="134.0143799688667">
        <ele>7.66</ele>
      </trkpt>
      <trkpt lat="34.3409875407815" lon="134.0145065356046">
        <ele>7.72</ele>
      </trkpt>
      <trkpt lat="34.341285014525056" lon="134.01463301852345">
        <ele>7.9</ele>
      </trkpt>
      <trkpt lat="34.34155994094908" lon="134.0147499460727">
        <ele>8.04</ele>
      </trkpt>
      <trkpt lat="34.34187049046159" lon="134.01481742039323">
        <ele>8.07</ele>
      </trkpt>
      <trkpt lat="34.34201993979514" lon="134.01484994217753">
        <ele>8.11</ele>
      </trkpt>
      <trkpt lat="34.34233292005956" lon="134.01489838957787">
        <ele>8.17</ele>
      </trkpt>
      <trkpt lat="34.34264590032399" lon="134.01494675315917">
        <ele>8.33</ele>
      </trkpt>
      <trkpt lat="34.34295879676938" lon="134.01499511674047">
        <ele>8.41</ele>
      </trkpt>
      <trkpt lat="34.343271777033806" lon="134.0150435641408">
        <ele>8.37</ele>
      </trkpt>
      <trkpt lat="34.34358475729823" lon="134.0150919277221">
        <ele>8.31</ele>
      </trkpt>
      <trkpt lat="34.343897653743625" lon="134.0151402913034">
        <ele>8.37</ele>
      </trkpt>
      <trkpt lat="34.34395993128419" lon="134.01514993049204">
        <ele>8.38</ele>
      </trkpt>
      <trkpt lat="34.34410996735096" lon="134.01515998877585">
        <ele>8.38</ele>
      </trkpt>
      <trkpt lat="34.344423953443766" lon="134.0151968691498">
        <ele>8.32</ele>
      </trkpt>
      <trkpt lat="34.34444767422974" lon="134.01519963517785">
        <ele>8.32</ele>
      </trkpt>
      <trkpt lat="34.344449853524566" lon="134.015200054273">
        <ele>8.32</ele>
      </trkpt>
      <trkpt lat="34.34457432478666" lon="134.0152269601822">
        <ele>8.29</ele>
      </trkpt>
      <trkpt lat="34.34457424096763" lon="134.01522763073444">
        <ele>8.29</ele>
      </trkpt>
      <trkpt lat="34.34457424096763" lon="134.01522796601057">
        <ele>8.29</ele>
      </trkpt>
      <trkpt lat="34.34457424096763" lon="134.0152280498296">
        <ele>8.29</ele>
      </trkpt>
      <trkpt lat="34.34457424096763" lon="134.01522955857217">
        <ele>8.3</ele>
      </trkpt>
      <trkpt lat="34.34456937946379" lon="134.01545167900622">
        <ele>8.29</ele>
      </trkpt>
      <trkpt lat="34.34456929564476" lon="134.0154542773962">
        <ele>8.3</ele>
      </trkpt>
      <trkpt lat="34.34456057846546" lon="134.01581017300487">
        <ele>8.39</ele>
      </trkpt>
      <trkpt lat="34.34455127455294" lon="134.01619037613273">
        <ele>8.44</ele>
      </trkpt>
      <trkpt lat="34.34454188682139" lon="134.01657066307962">
        <ele>8.37</ele>
      </trkpt>
      <trkpt lat="34.34453995898366" lon="134.01664995588362">
        <ele>8.39</ele>
      </trkpt>
      <trkpt lat="34.34453995898366" lon="134.01703032664955">
        <ele>8.46</ele>
      </trkpt>
      <trkpt lat="34.34453995898366" lon="134.0174107812345">
        <ele>8.55</ele>
      </trkpt>
      <trkpt lat="34.34453995898366" lon="134.01779115200043">
        <ele>8.62</ele>
      </trkpt>
      <trkpt lat="34.34453995898366" lon="134.01816993020475">
        <ele>8.55</ele>
      </trkpt>
      <trkpt lat="34.34452638030052" lon="134.01854996569455">
        <ele>8.31</ele>
      </trkpt>
      <trkpt lat="34.344512801617384" lon="134.01893000118434">
        <ele>8.33</ele>
      </trkpt>
      <trkpt lat="34.34449997730553" lon="134.01928992010653">
        <ele>8.56</ele>
      </trkpt>
      <trkpt lat="34.344578851014376" lon="134.0196582209319">
        <ele>8.65</ele>
      </trkpt>
      <trkpt lat="34.34465780854225" lon="134.02002652175725">
        <ele>8.57</ele>
      </trkpt>
      <trkpt lat="34.344736682251096" lon="134.0203948225826">
        <ele>8.54</ele>
      </trkpt>
      <trkpt lat="34.34481563977897" lon="134.02076312340796">
        <ele>8.55</ele>
      </trkpt>
      <trkpt lat="34.344829972833395" lon="134.02082992717624">
        <ele>8.51</ele>
      </trkpt>
      <trkpt lat="34.34488001279533" lon="134.02120552025735">
        <ele>8.42</ele>
      </trkpt>
      <trkpt lat="34.34490993618965" lon="134.0214299876243">
        <ele>8.35</ele>
      </trkpt>
      <trkpt lat="34.34491974301636" lon="134.02156753465533">
        <ele>8.28</ele>
      </trkpt>
      <trkpt lat="34.34491999447346" lon="134.02156996540725">
        <ele>8.21</ele>
      </trkpt>
      <trkpt lat="34.34491999447346" lon="134.02157013304532">
        <ele>8.14</ele>
      </trkpt>
      <trkpt lat="34.34491999447346" lon="134.02195033617318">
        <ele>8.2</ele>
      </trkpt>
      <trkpt lat="34.34491999447346" lon="134.02219994924963">
        <ele>8.13</ele>
      </trkpt>
      <trkpt lat="34.34490432031453" lon="134.0225799009204">
        <ele>7.9</ele>
      </trkpt>
      <trkpt lat="34.344888646155596" lon="134.02295976877213">
        <ele>7.71</ele>
      </trkpt>
      <trkpt lat="34.3448799289763" lon="134.02316998690367">
        <ele>7.61</ele>
      </trkpt>
      <trkpt lat="34.34484145604074" lon="134.0235475078225">
        <ele>7.49</ele>
      </trkpt>
      <trkpt lat="34.34483324177563" lon="134.0236275549978">
        <ele>7.4</ele>
      </trkpt>
      <trkpt lat="34.34483248740435" lon="134.02362998574972">
        <ele>7.32</ele>
      </trkpt>
      <trkpt lat="34.344726372510195" lon="134.02398546226323">
        <ele>7.24</ele>
      </trkpt>
      <trkpt lat="34.34464741498232" lon="134.0242499113083">
        <ele>7.16</ele>
      </trkpt>
      <trkpt lat="34.344646241515875" lon="134.02425200678408">
        <ele>7.12</ele>
      </trkpt>
      <trkpt lat="34.34447885490954" lon="134.02457144111395">
        <ele>7.08</ele>
      </trkpt>
      <trkpt lat="34.34431037865579" lon="134.02489305473864">
        <ele>7.18</ele>
      </trkpt>
      <trkpt lat="34.34430392459035" lon="134.02490529231727">
        <ele>7.17</ele>
      </trkpt>
      <trkpt lat="34.34430283494294" lon="134.02490738779306">
        <ele>7.16</ele>
      </trkpt>
      <trkpt lat="34.344182554632425" lon="134.02515968307853">
        <ele>7.16</ele>
      </trkpt>
      <trkpt lat="34.344025226309896" lon="134.02548934333026">
        <ele>7.11</ele>
      </trkpt>
      <trkpt lat="34.343867897987366" lon="134.02581908740103">
        <ele>7.09</ele>
      </trkpt>
      <trkpt lat="34.343710485845804" lon="134.02614874765277">
        <ele>7.07</ele>
      </trkpt>
      <trkpt lat="34.343553157523274" lon="134.02647849172354">
        <ele>7.11</ele>
      </trkpt>
      <trkpt lat="34.34339574538171" lon="134.02680815197527">
        <ele>7.16</ele>
      </trkpt>
      <trkpt lat="34.34323841705918" lon="134.02713789604604">
        <ele>7.16</ele>
      </trkpt>
      <trkpt lat="34.34308108873665" lon="134.02746755629778">
        <ele>7.25</ele>
      </trkpt>
      <trkpt lat="34.34292367659509" lon="134.02779730036855">
        <ele>7.43</ele>
      </trkpt>
      <trkpt lat="34.34276634827256" lon="134.02812696062028">
        <ele>7.56</ele>
      </trkpt>
      <trkpt lat="34.34260901995003" lon="134.02845670469105">
        <ele>7.54</ele>
      </trkpt>
      <trkpt lat="34.3424516916275" lon="134.0287863649428">
        <ele>7.55</ele>
      </trkpt>
      <trkpt lat="34.342449931427836" lon="134.02878996916115">
        <ele>7.58</ele>
      </trkpt>
      <trkpt lat="34.34226938523352" lon="134.02910185977817">
        <ele>7.66</ele>
      </trkpt>
      <trkpt lat="34.342229990288615" lon="134.02916992083192">
        <ele>7.68</ele>
      </trkpt>
      <trkpt lat="34.34202203527093" lon="134.0294560790062">
        <ele>7.63</ele>
      </trkpt>
      <trkpt lat="34.34181408025324" lon="134.02974215336144">
        <ele>7.47</ele>
      </trkpt>
      <trkpt lat="34.34160620905459" lon="134.03002831153572">
        <ele>7.42</ele>
      </trkpt>
      <trkpt lat="34.3413982540369" lon="134.03031438589096">
        <ele>7.53</ele>
      </trkpt>
      <trkpt lat="34.34119038283825" lon="134.03060054406524">
        <ele>7.51</ele>
      </trkpt>
      <trkpt lat="34.3410599604249" lon="134.0307799167931">
        <ele>7.38</ele>
      </trkpt>
      <trkpt lat="34.34087631292641" lon="134.03108929283917">
        <ele>7.32</ele>
      </trkpt>
      <trkpt lat="34.34086994268" lon="134.0310999378562">
        <ele>7.25</ele>
      </trkpt>
      <trkpt lat="34.34081453830004" lon="134.03121854178607">
        <ele>7.2</ele>
      </trkpt>
      <trkpt lat="34.34081353247166" lon="134.03122063726187">
        <ele>7.12</ele>
      </trkpt>
      <trkpt lat="34.340660478919744" lon="134.0315505489707">
        <ele>7.02</ele>
      </trkpt>
      <trkpt lat="34.340656623244286" lon="134.03155893087387">
        <ele>6.93</ele>
      </trkpt>
      <trkpt lat="34.340656036511064" lon="134.03156119398773">
        <ele>6.85</ele>
      </trkpt>
      <trkpt lat="34.34057020582259" lon="134.03192471712828">
        <ele>6.73</ele>
      </trkpt>
      <trkpt lat="34.34048378840089" lon="134.03229050338268">
        <ele>6.67</ele>
      </trkpt>
      <trkpt lat="34.34043291024864" lon="134.03250575065613">
        <ele>6.56</ele>
      </trkpt>
      <trkpt lat="34.34043249115348" lon="134.03250792995095">
        <ele>6.5</ele>
      </trkpt>
      <trkpt lat="34.34036870487034" lon="134.03287815861404">
        <ele>6.33</ele>
      </trkpt>
      <trkpt lat="34.34030449949205" lon="134.03325056657195">
        <ele>6.28</ele>
      </trkpt>
      <trkpt lat="34.340285221114755" lon="134.03336238116026">
        <ele>6.26</ele>
      </trkpt>
      <trkpt lat="34.340284718200564" lon="134.03336464427412">
        <ele>6.25</ele>
      </trkpt>
      <trkpt lat="34.34021221473813" lon="134.03370863758028">
        <ele>6.36</ele>
      </trkpt>
      <trkpt lat="34.34013451449573" lon="134.03407727368176">
        <ele>6.42</ele>
      </trkpt>
      <trkpt lat="34.3400567304343" lon="134.03444590978324">
        <ele>6.54</ele>
      </trkpt>
      <trkpt lat="34.3399790301919" lon="134.03481454588473">
        <ele>6.68</ele>
      </trkpt>
      <trkpt lat="34.3399013299495" lon="134.0351831819862">
        <ele>6.82</ele>
      </trkpt>
      <trkpt lat="34.339823545888066" lon="134.0355518180877">
        <ele>6.8</ele>
      </trkpt>
      <trkpt lat="34.339745845645666" lon="134.0359205380082">
        <ele>6.74</ele>
      </trkpt>
      <trkpt lat="34.339668145403266" lon="134.0362891741097">
        <ele>6.69</ele>
      </trkpt>
      <trkpt lat="34.339590361341834" lon="134.03665797784925">
        <ele>6.7</ele>
      </trkpt>
      <trkpt lat="34.339590445160866" lon="134.03665781021118">
        <ele>6.77</ele>
      </trkpt>
      <trkpt lat="34.339589942246675" lon="134.0366597380489">
        <ele>6.85</ele>
      </trkpt>
      <trkpt lat="34.339589942246675" lon="134.036659989506">
        <ele>6.94</ele>
      </trkpt>
      <trkpt lat="34.33950453065336" lon="134.03702611103654">
        <ele>6.93</ele>
      </trkpt>
      <trkpt lat="34.33945708908141" lon="134.03722912073135">
        <ele>7.04</ele>
      </trkpt>
      <trkpt lat="34.339456502348185" lon="134.03723121620715">
        <ele>7.18</ele>
      </trkpt>
      <trkpt lat="34.339383160695434" lon="134.03751075267792">
        <ele>7.39</ele>
      </trkpt>
      <trkpt lat="34.33938265778124" lon="134.03751276433468">
        <ele>7.56</ele>
      </trkpt>
      <trkpt lat="34.339317278936505" lon="134.03783027082682">
        <ele>7.85</ele>
      </trkpt>
      <trkpt lat="34.339316776022315" lon="134.03783219866455">
        <ele>8.02</ele>
      </trkpt>
      <trkpt lat="34.33927000500262" lon="134.03804786503315">
        <ele>8.26</ele>
      </trkpt>
      <trkpt lat="34.33918995782733" lon="134.03841583058238">
        <ele>8.43</ele>
      </trkpt>
      <trkpt lat="34.33910999447107" lon="134.0387837961316">
        <ele>8.65</ele>
      </trkpt>
      <trkpt lat="34.339049980044365" lon="134.0390599798411">
        <ele>8.89</ele>
      </trkpt>
      <trkpt lat="34.339029947295785" lon="134.03921999037266">
        <ele>9.02</ele>
      </trkpt>
      <trkpt lat="34.33899994008243" lon="134.03929995372891">
        <ele>9.08</ele>
      </trkpt>
      <trkpt lat="34.33892995119095" lon="134.03964998200536">
        <ele>9.18</ele>
      </trkpt>
      <trkpt lat="34.338967418298125" lon="134.03965928591788">
        <ele>9.19</ele>
      </trkpt>
      <trkpt lat="34.33896758593619" lon="134.0396593697369">
        <ele>9.19</ele>
      </trkpt>
      <trkpt lat="34.33896775357425" lon="134.03965928591788">
        <ele>9.18</ele>
      </trkpt>
      <trkpt lat="34.338967837393284" lon="134.0396593697369">
        <ele>9.14</ele>
      </trkpt>
      <trkpt lat="34.33896917849779" lon="134.03965970501304">
        <ele>9.06</ele>
      </trkpt>
      <trkpt lat="34.33896993286908" lon="134.03965995647013">
        <ele>8.96</ele>
      </trkpt>
      <trkpt lat="34.339278219267726" lon="134.03974117711186">
        <ele>8.73</ele>
      </trkpt>
      <trkpt lat="34.33958642184734" lon="134.03982231393456">
        <ele>8.42</ele>
      </trkpt>
      <trkpt lat="34.33989470824599" lon="134.0399035345763">
        <ele>8.21</ele>
      </trkpt>
      <trkpt lat="34.34020299464464" lon="134.039984671399">
        <ele>8.1</ele>
      </trkpt>
      <trkpt lat="34.34051119722426" lon="134.04006589204073">
        <ele>7.98</ele>
      </trkpt>
      <trkpt lat="34.34081948362291" lon="134.04014702886343">
        <ele>7.78</ele>
      </trkpt>
      <trkpt lat="34.341127686202526" lon="134.04022824950516">
        <ele>7.62</ele>
      </trkpt>
      <trkpt lat="34.341435972601175" lon="134.04030938632786">
        <ele>7.46</ele>
      </trkpt>
      <trkpt lat="34.34158726595342" lon="134.04034920036793">
        <ele>7.32</ele>
      </trkpt>
      <trkpt lat="34.34158877469599" lon="134.0403496194631">
        <ele>7.19</ele>
      </trkpt>
      <trkpt lat="34.34158994816244" lon="134.0403499547392">
        <ele>7.08</ele>
      </trkpt>
      <trkpt lat="34.34189831838012" lon="134.0404305048287">
        <ele>7.03</ele>
      </trkpt>
      <trkpt lat="34.3422066885978" lon="134.04051097109914">
        <ele>6.78</ele>
      </trkpt>
      <trkpt lat="34.34251505881548" lon="134.04059152118862">
        <ele>6.66</ele>
      </trkpt>
      <trkpt lat="34.34282342903316" lon="134.0406720712781">
        <ele>6.76</ele>
      </trkpt>
      <trkpt lat="34.34313179925084" lon="134.04075253754854">
        <ele>6.9</ele>
      </trkpt>
      <trkpt lat="34.3433861900121" lon="134.04081883840263">
        <ele>6.96</ele>
      </trkpt>
      <trkpt lat="34.34338694438338" lon="134.04081908985972">
        <ele>6.96</ele>
      </trkpt>
      <trkpt lat="34.343387112021446" lon="134.04081908985972">
        <ele>7.02</ele>
      </trkpt>
      <trkpt lat="34.343388536944985" lon="134.04081950895488">
        <ele>7.21</ele>
      </trkpt>
      <trkpt lat="34.343389961868525" lon="134.04081992805004">
        <ele>7.34</ele>
      </trkpt>
      <trkpt lat="34.34332558885217" lon="134.04119233600795">
        <ele>7.43</ele>
      </trkpt>
      <trkpt lat="34.34326113201678" lon="134.04156474396586">
        <ele>7.83</ele>
      </trkpt>
      <trkpt lat="34.34319675900042" lon="134.04193706810474">
        <ele>8.09</ele>
      </trkpt>
      <trkpt lat="34.3431599624455" lon="134.0421499684453">
        <ele>8.22</ele>
      </trkpt>
      <trkpt lat="34.343098774552345" lon="134.0425231307745">
        <ele>8.29</ele>
      </trkpt>
      <trkpt lat="34.34303750284016" lon="134.0428962931037">
        <ele>8.66</ele>
      </trkpt>
      <trkpt lat="34.34297631494701" lon="134.0432694554329">
        <ele>9.03</ele>
      </trkpt>
      <trkpt lat="34.34294999577105" lon="134.04342996887863">
        <ele>9.33</ele>
      </trkpt>
      <trkpt lat="34.3428938370198" lon="134.04380430467427">
        <ele>9.55</ele>
      </trkpt>
      <trkpt lat="34.34285997413099" lon="134.04402994550765">
        <ele>9.8</ele>
      </trkpt>
      <trkpt lat="34.34285997413099" lon="134.0441399998963">
        <ele>10.21</ele>
      </trkpt>
      <trkpt lat="34.34279493056238" lon="134.0445121563971">
        <ele>10.75</ele>
      </trkpt>
      <trkpt lat="34.34275025501847" lon="134.04476763680577">
        <ele>11.32</ele>
      </trkpt>
      <trkpt lat="34.342750338837504" lon="134.0447674691677">
        <ele>11.33</ele>
      </trkpt>
      <trkpt lat="34.34275025501847" lon="134.04476755298674">
        <ele>11.82</ele>
      </trkpt>
      <trkpt lat="34.34275025501847" lon="134.04476763680577">
        <ele>12.34</ele>
      </trkpt>
      <trkpt lat="34.34275000356138" lon="134.0447693131864">
        <ele>12.87</ele>
      </trkpt>
      <trkpt lat="34.342749919742346" lon="134.04476998373866">
        <ele>13.41</ele>
      </trkpt>
      <trkpt lat="34.342639949172735" lon="134.04502999037504">
        <ele>14.15</ele>
      </trkpt>
      <trkpt lat="34.3425399530679" lon="134.04536996036768">
        <ele>14.91</ele>
      </trkpt>
      <trkpt lat="34.342480106279254" lon="134.04573767445982">
        <ele>15.47</ele>
      </trkpt>
      <trkpt lat="34.342480106279254" lon="134.04573809355497">
        <ele>15.48</ele>
      </trkpt>
      <trkpt lat="34.34248027391732" lon="134.04573759064078">
        <ele>15.99</ele>
      </trkpt>
      <trkpt lat="34.342480190098286" lon="134.04573759064078">
        <ele>16.46</ele>
      </trkpt>
      <trkpt lat="34.34247993864119" lon="134.04573935084045">
        <ele>16.92</ele>
      </trkpt>
      <trkpt lat="34.34247993864119" lon="134.04573993757367">
        <ele>17.33</ele>
      </trkpt>
      <trkpt lat="34.342489996924996" lon="134.04573993757367">
        <ele>17.7</ele>
      </trkpt>
      <trkpt lat="34.342427384108305" lon="134.04611276462674">
        <ele>18.24</ele>
      </trkpt>
      <trkpt lat="34.342364771291614" lon="134.0464855916798">
        <ele>18.49</ele>
      </trkpt>
      <trkpt lat="34.342302242293954" lon="134.04685841873288">
        <ele>18.49</ele>
      </trkpt>
      <trkpt lat="34.34224993921816" lon="134.04716997407377">
        <ele>18.76</ele>
      </trkpt>
      <trkpt lat="34.34225999750197" lon="134.04722998850048">
        <ele>18.96</ele>
      </trkpt>
      <trkpt lat="34.34219554066658" lon="134.04760231263936">
        <ele>19.12</ele>
      </trkpt>
      <trkpt lat="34.34216997586191" lon="134.0477499179542">
        <ele>19.21</ele>
      </trkpt>
      <trkpt lat="34.34216997586191" lon="134.04778520576656">
        <ele>19.28</ele>
      </trkpt>
      <trkpt lat="34.34216997586191" lon="134.0477866306901">
        <ele>19.29</ele>
      </trkpt>
      <trkpt lat="34.34216997586191" lon="134.04778679832816">
        <ele>19.38</ele>
      </trkpt>
      <trkpt lat="34.34216997586191" lon="134.0477868821472">
        <ele>19.44</ele>
      </trkpt>
      <trkpt lat="34.342171316966414" lon="134.04778704978526">
        <ele>19.48</ele>
      </trkpt>
      <trkpt lat="34.34248337522149" lon="134.04783013276756">
        <ele>19.53</ele>
      </trkpt>
      <trkpt lat="34.342796858400106" lon="134.04787338338792">
        <ele>19.6</ele>
      </trkpt>
      <trkpt lat="34.34311034157872" lon="134.0479166340083">
        <ele>19.59</ele>
      </trkpt>
      <trkpt lat="34.34342382475734" lon="134.04795988462865">
        <ele>19.65</ele>
      </trkpt>
      <trkpt lat="34.34373730793595" lon="134.04800313524902">
        <ele>19.63</ele>
      </trkpt>
      <trkpt lat="34.34405079111457" lon="134.04804638586938">
        <ele>19.42</ele>
      </trkpt>
      <trkpt lat="34.3443429004401" lon="134.04808670282364">
        <ele>19.18</ele>
      </trkpt>
      <trkpt lat="34.344344241544604" lon="134.0480868704617">
        <ele>19.1</ele>
      </trkpt>
      <trkpt lat="34.344656551256776" lon="134.04812852852046">
        <ele>18.98</ele>
      </trkpt>
      <trkpt lat="34.34497011825442" lon="134.0481703542173">
        <ele>19.03</ele>
      </trkpt>
      <trkpt lat="34.34528368525207" lon="134.04821217991412">
        <ele>19.15</ele>
      </trkpt>
      <trkpt lat="34.34559733606875" lon="134.04825400561094">
        <ele>18.99</ele>
      </trkpt>
      <trkpt lat="34.3459109030664" lon="134.04829583130777">
        <ele>18.75</ele>
      </trkpt>
      <trkpt lat="34.346224553883076" lon="134.0483376570046">
        <ele>18.42</ele>
      </trkpt>
      <trkpt lat="34.34653812088072" lon="134.04837948270142">
        <ele>18.12</ele>
      </trkpt>
      <trkpt lat="34.3468517716974" lon="134.04842130839825">
        <ele>17.92</ele>
      </trkpt>
      <trkpt lat="34.34688630513847" lon="134.04842600226402">
        <ele>17.71</ele>
      </trkpt>
      <trkpt lat="34.346887646242976" lon="134.0484261699021">
        <ele>17.48</ele>
      </trkpt>
      <trkpt lat="34.347199872136116" lon="134.04846883378923">
        <ele>17.24</ele>
      </trkpt>
      <trkpt lat="34.34751335531473" lon="134.04851174913347">
        <ele>16.98</ele>
      </trkpt>
      <trkpt lat="34.347567334771156" lon="134.0485192090273">
        <ele>16.71</ele>
      </trkpt>
      <trkpt lat="34.34756859205663" lon="134.04851937666535">
        <ele>16.44</ele>
      </trkpt>
      <trkpt lat="34.34787972830236" lon="134.0485723502934">
        <ele>16.2</ele>
      </trkpt>
      <trkpt lat="34.34819212183356" lon="134.04862557537854">
        <ele>15.92</ele>
      </trkpt>
      <trkpt lat="34.348458582535386" lon="134.04867100529373">
        <ele>15.52</ele>
      </trkpt>
      <trkpt lat="34.34845992363989" lon="134.04867125675082">
        <ele>15.52</ele>
      </trkpt>
      <trkpt lat="34.348460426554084" lon="134.04867134056985">
        <ele>15.2</ele>
      </trkpt>
      <trkpt lat="34.34846084564924" lon="134.04867142438889">
        <ele>14.87</ele>
      </trkpt>
      <trkpt lat="34.34846084564924" lon="134.04866983182728">
        <ele>14.53</ele>
      </trkpt>
      <trkpt lat="34.34848079457879" lon="134.04829172417521">
        <ele>14.09</ele>
      </trkpt>
      <trkpt lat="34.34850074350834" lon="134.04791210778058">
        <ele>13.62</ele>
      </trkpt>
      <trkpt lat="34.34852069243789" lon="134.0475324075669">
        <ele>13.33</ele>
      </trkpt>
      <trkpt lat="34.34852949343622" lon="134.04736518859863">
        <ele>13.03</ele>
      </trkpt>
      <trkpt lat="34.34851725585759" lon="134.04698012396693">
        <ele>12.74</ele>
      </trkpt>
      <trkpt lat="34.34853452257812" lon="134.0466002561152">
        <ele>12.26</ele>
      </trkpt>
      <trkpt lat="34.348551789298654" lon="134.0462204720825">
        <ele>11.67</ele>
      </trkpt>
      <trkpt lat="34.34855991974473" lon="134.04603992588818">
        <ele>11.21</ele>
      </trkpt>
      <trkpt lat="34.34861448593438" lon="134.0456652548164">
        <ele>10.81</ele>
      </trkpt>
      <trkpt lat="34.34863996692002" lon="134.0454899892211">
        <ele>10.43</ele>
      </trkpt>
      <trkpt lat="34.3486599996686" lon="134.04539996758103">
        <ele>10.07</ele>
      </trkpt>
      <trkpt lat="34.34866025112569" lon="134.04539845883846">
        <ele>9.71</ele>
      </trkpt>
      <trkpt lat="34.348739963024855" lon="134.04503996483982">
        <ele>9.42</ele>
      </trkpt>
      <trkpt lat="34.34876997023821" lon="134.04498992487788">
        <ele>9.12</ele>
      </trkpt>
      <trkpt lat="34.34879997745156" lon="134.04468993656337">
        <ele>8.79</ele>
      </trkpt>
      <trkpt lat="34.348810287192464" lon="134.0443097334355">
        <ele>8.3</ele>
      </trkpt>
      <trkpt lat="34.3488206807524" lon="134.04392953030765">
        <ele>7.86</ele>
      </trkpt>
      <trkpt lat="34.34882763773203" lon="134.04367052949965">
        <ele>7.52</ele>
      </trkpt>
      <trkpt lat="34.34882772155106" lon="134.0436691045761">
        <ele>7.52</ele>
      </trkpt>
      <trkpt lat="34.34882780537009" lon="134.04366893693805">
        <ele>7.2</ele>
      </trkpt>
      <trkpt lat="34.34882780537009" lon="134.04366902075708">
        <ele>6.9</ele>
      </trkpt>
      <trkpt lat="34.34882780537009" lon="134.0436675120145">
        <ele>6.61</ele>
      </trkpt>
      <trkpt lat="34.34882998466492" lon="134.04358997941017">
        <ele>6.35</ele>
      </trkpt>
      <trkpt lat="34.34880995191634" lon="134.04358997941017">
        <ele>6.1</ele>
      </trkpt>
      <trkpt lat="34.348759995773435" lon="134.04329996556044">
        <ele>5.8</ele>
      </trkpt>
      <trkpt lat="34.348664777353406" lon="134.0429354365915">
        <ele>5.5</ele>
      </trkpt>
      <trkpt lat="34.34860962443054" lon="134.04256084933877">
        <ele>5.37</ele>
      </trkpt>
      <trkpt lat="34.34855447150767" lon="134.04218626208603">
        <ele>5.3</ele>
      </trkpt>
      <trkpt lat="34.34852999635041" lon="134.0420202165842">
        <ele>5.25</ele>
      </trkpt>
      <trkpt lat="34.34852999635041" lon="134.0420199651271">
        <ele>5.25</ele>
      </trkpt>
      <trkpt lat="34.348530415445566" lon="134.04201929457486">
        <ele>5.2</ele>
      </trkpt>
      <trkpt lat="34.34853066690266" lon="134.0420191269368">
        <ele>5.19</ele>
      </trkpt>
      <trkpt lat="34.34853200800717" lon="134.04201786965132">
        <ele>5.21</ele>
      </trkpt>
      <trkpt lat="34.34853997081518" lon="134.04200999066234">
        <ele>5.27</ele>
      </trkpt>
      <trkpt lat="34.34881648980081" lon="134.0419803187251">
        <ele>5.19</ele>
      </trkpt>
      <trkpt lat="34.348816657438874" lon="134.0419824142009">
        <ele>5.29</ele>
      </trkpt>
      <trkpt lat="34.34881682507694" lon="134.04198392294347">
        <ele>5.36</ele>
      </trkpt>
      <trkpt lat="34.34881690889597" lon="134.0419842582196">
        <ele>5.56</ele>
      </trkpt>
      <trkpt lat="34.348817244172096" lon="134.04198626987636">
        <ele>5.82</ele>
      </trkpt>
      <trkpt lat="34.3488669488579" lon="134.0423558279872">
        <ele>6.21</ele>
      </trkpt>
      <trkpt lat="34.348917407914996" lon="134.04273133724928">
        <ele>6.5</ele>
      </trkpt>
      <trkpt lat="34.34896786697209" lon="134.04310684651136">
        <ele>6.82</ele>
      </trkpt>
      <trkpt lat="34.34901002794504" lon="134.04342100024223">
        <ele>7.25</ele>
      </trkpt>
      <trkpt lat="34.349009692668915" lon="134.04342695139349">
        <ele>7.58</ele>
      </trkpt>
      <trkpt lat="34.348992593586445" lon="134.04380078427494">
        <ele>7.95</ele>
      </trkpt>
      <trkpt lat="34.348975075408816" lon="134.04418065212667">
        <ele>8.35</ele>
      </trkpt>
      <trkpt lat="34.34895764105022" lon="134.04456043615937">
        <ele>8.85</ele>
      </trkpt>
      <trkpt lat="34.34894800186157" lon="134.04476881027222">
        <ele>9.12</ele>
      </trkpt>
      <trkpt lat="34.34894691221416" lon="134.04477450996637">
        <ele>9.26</ele>
      </trkpt>
      <trkpt lat="34.34888304211199" lon="134.04514105059206">
        <ele>9.29</ele>
      </trkpt>
      <trkpt lat="34.34881808236241" lon="134.0455132909119">
        <ele>9.17</ele>
      </trkpt>
      <trkpt lat="34.3487530387938" lon="134.04588553123176">
        <ele>9.16</ele>
      </trkpt>
      <trkpt lat="34.34873158112168" lon="134.04600866138935">
        <ele>9.14</ele>
      </trkpt>
      <trkpt lat="34.348733089864254" lon="134.04600832611322">
        <ele>9.1</ele>
      </trkpt>
      <trkpt lat="34.3487342633307" lon="134.04600807465613">
        <ele>9.07</ele>
      </trkpt>
      <trkpt lat="34.348734598606825" lon="134.04600807465613">
        <ele>8.94</ele>
      </trkpt>
      <trkpt lat="34.34873635880649" lon="134.04600782319903">
        <ele>8.76</ele>
      </trkpt>
      <trkpt lat="34.34904422610998" lon="134.04595711268485">
        <ele>8.44</ele>
      </trkpt>
      <trkpt lat="34.34935678727925" lon="134.04590564779937">
        <ele>8.16</ele>
      </trkpt>
      <trkpt lat="34.34966943226755" lon="134.0458541829139">
        <ele>7.91</ele>
      </trkpt>
      <trkpt lat="34.349982077255845" lon="134.04580271802843">
        <ele>7.57</ele>
      </trkpt>
      <trkpt lat="34.35010395012796" lon="134.04578268527985">
        <ele>7.19</ele>
      </trkpt>
      <trkpt lat="34.3501053750515" lon="134.0457820147276">
        <ele>6.95</ele>
      </trkpt>
      <trkpt lat="34.35010654851794" lon="134.04578159563243">
        <ele>6.77</ele>
      </trkpt>
      <trkpt lat="34.35010679997504" lon="134.0457815118134">
        <ele>6.33</ele>
      </trkpt>
      <trkpt lat="34.350108560174704" lon="134.04578084126115">
        <ele>5.87</ele>
      </trkpt>
      <trkpt lat="34.350404776632786" lon="134.0456678532064">
        <ele>5.29</ele>
      </trkpt>
      <trkpt lat="34.35070560313761" lon="134.04555302113295">
        <ele>4.7</ele>
      </trkpt>
      <trkpt lat="34.35100642964244" lon="134.0454381890595">
        <ele>4.2</ele>
      </trkpt>
      <trkpt lat="34.35128705576062" lon="134.04533106833696">
        <ele>3.83</ele>
      </trkpt>
      <trkpt lat="34.35128848068416" lon="134.04533048160374">
        <ele>3.68</ele>
      </trkpt>
      <trkpt lat="34.351289654150605" lon="134.04533006250858">
        <ele>3.57</ele>
      </trkpt>
      <trkpt lat="34.35128998942673" lon="134.04532997868955">
        <ele>3.36</ele>
      </trkpt>
      <trkpt lat="34.35128998942673" lon="134.04532989487052">
        <ele>3.2</ele>
      </trkpt>
      <trkpt lat="34.351291665807366" lon="134.04532922431827">
        <ele>3.08</ele>
      </trkpt>
      <trkpt lat="34.3515888042748" lon="134.0452077705413">
        <ele>3.0</ele>
      </trkpt>
      <trkpt lat="34.35188753530383" lon="134.0450856462121">
        <ele>3.01</ele>
      </trkpt>
      <trkpt lat="34.3521863501519" lon="134.0449635218829">
        <ele>3.2</ele>
      </trkpt>
      <trkpt lat="34.35248516499996" lon="134.04484131373465">
        <ele>3.25</ele>
      </trkpt>
      <trkpt lat="34.352592369541526" lon="134.04479747638106">
        <ele>3.22</ele>
      </trkpt>
      <trkpt lat="34.352593626827" lon="134.04479688964784">
        <ele>3.21</ele>
      </trkpt>
      <trkpt lat="34.352594800293446" lon="134.04479647055268">
        <ele>3.21</ele>
      </trkpt>
      <trkpt lat="34.35259513556957" lon="134.04479638673365">
        <ele>3.21</ele>
      </trkpt>
      <trkpt lat="34.352595219388604" lon="134.04479638673365">
        <ele>3.21</ele>
      </trkpt>
      <trkpt lat="34.35259555466473" lon="134.04479429125786">
        <ele>3.22</ele>
      </trkpt>
      <trkpt lat="34.35259999707341" lon="134.04476998373866">
        <ele>3.22</ele>
      </trkpt>
      <trkpt lat="34.35263997875154" lon="134.04476998373866">
        <ele>3.23</ele>
      </trkpt>
      <trkpt lat="34.352935776114464" lon="134.04463754966855">
        <ele>3.29</ele>
      </trkpt>
      <trkpt lat="34.35323157347739" lon="134.04450511559844">
        <ele>3.1</ele>
      </trkpt>
      <trkpt lat="34.35352737084031" lon="134.04437276534736">
        <ele>3.1</ele>
      </trkpt>
      <trkpt lat="34.35368997976184" lon="134.0442999266088">
        <ele>3.19</ele>
      </trkpt>
      <trkpt lat="34.35379995033145" lon="134.0442999266088">
        <ele>3.23</ele>
      </trkpt>
      <trkpt lat="34.35386993922293" lon="134.04434996657073">
        <ele>3.2</ele>
      </trkpt>
      <trkpt lat="34.354030787944794" lon="134.04467727988958">
        <ele>3.11</ele>
      </trkpt>
      <trkpt lat="34.354191552847624" lon="134.04500459320843">
        <ele>3.02</ele>
      </trkpt>
      <trkpt lat="34.354352317750454" lon="134.04533190652728">
        <ele>2.98</ele>
      </trkpt>
      <trkpt lat="34.35442850925028" lon="134.04548713937402">
        <ele>3.0</ele>
      </trkpt>
      <trkpt lat="34.35442917980254" lon="134.04548856429756">
        <ele>3.01</ele>
      </trkpt>
      <trkpt lat="34.35442985035479" lon="134.04548982158303">
        <ele>3.03</ele>
      </trkpt>
      <trkpt lat="34.35442993417382" lon="134.0454899892211">
        <ele>3.08</ele>
      </trkpt>
      <trkpt lat="34.354430017992854" lon="134.0454902406782">
        <ele>3.16</ele>
      </trkpt>
      <trkpt lat="34.3544309400022" lon="134.0454920846969">
        <ele>3.26</ele>
      </trkpt>
      <trkpt lat="34.35458600521088" lon="134.04582057148218">
        <ele>3.45</ele>
      </trkpt>
      <trkpt lat="34.35474207624793" lon="134.0461512375623">
        <ele>3.6</ele>
      </trkpt>
      <trkpt lat="34.354898147284985" lon="134.04648190364242">
        <ele>3.71</ele>
      </trkpt>
      <trkpt lat="34.35496327467263" lon="134.04661986976862">
        <ele>3.9</ele>
      </trkpt>
      <trkpt lat="34.35496352612972" lon="134.0466256532818">
        <ele>4.18</ele>
      </trkpt>
      <trkpt lat="34.354973416775465" lon="134.04681131243706">
        <ele>4.52</ele>
      </trkpt>
      <trkpt lat="34.354971908032894" lon="134.0468166768551">
        <ele>4.96</ele>
      </trkpt>
      <trkpt lat="34.35494382865727" lon="134.04692019335926">
        <ele>5.53</ele>
      </trkpt>
      <trkpt lat="34.35493980534375" lon="134.0469232108444">
        <ele>6.05</ele>
      </trkpt>
      <trkpt lat="34.354704609140754" lon="134.04710576869547">
        <ele>6.84</ele>
      </trkpt>
      <trkpt lat="34.35448265634477" lon="134.04727776534855">
        <ele>7.09</ele>
      </trkpt>
      <trkpt lat="34.35448156669736" lon="134.04727851971984">
        <ele>7.21</ele>
      </trkpt>
      <trkpt lat="34.35448056086898" lon="134.04727935791016">
        <ele>7.34</ele>
      </trkpt>
      <trkpt lat="34.35448030941188" lon="134.04727960936725">
        <ele>7.53</ele>
      </trkpt>
      <trkpt lat="34.35447997413576" lon="134.04727994464338">
        <ele>7.67</ele>
      </trkpt>
      <trkpt lat="34.35447905212641" lon="134.04727851971984">
        <ele>7.76</ele>
      </trkpt>
      <trkpt lat="34.35435265302658" lon="134.04708305373788">
        <ele>7.79</ele>
      </trkpt>
    </trkseg>
  </trk>
</gpx>
