<?xml version="1.0" encoding="UTF-8"?>
<gpx creator="Garmin Connect" version="1.1"
  xsi:schemaLocation="http://www.topografix.com/GPX/1/1 http://www.topografix.com/GPX/11.xsd"
  xmlns:ns3="http://www.garmin.com/xmlschemas/TrackPointExtension/v1"
  xmlns="http://www.topografix.com/GPX/1/1"
  xmlns:xsi="http://www.w3.org/2001/XMLSchema-instance" xmlns:ns2="http://www.garmin.com/xmlschemas/GpxExtensions/v3">
  <metadata>
    <name>Saga Sakura Marathon2025</name>
    <link href="connect.garmin.com">
      <text>Garmin Connect</text>
    </link>
    <time>2026-03-06T09:58:07.000Z</time>
  </metadata>
  <trk>
    <name>Saga Sakura Marathon2025</name>
    <trkseg>
      <trkpt lat="33.27684827148914" lon="130.2931322157383">
        <ele>9.6</ele>
      </trkpt>
      <trkpt lat="33.27685539610684" lon="130.2931303717196">
        <ele>9.6</ele>
      </trkpt>
      <trkpt lat="33.27683888375759" lon="130.293136741966">
        <ele>9.6</ele>
      </trkpt>
      <trkpt lat="33.276819102466106" lon="130.29314453713596">
        <ele>9.6</ele>
      </trkpt>
      <trkpt lat="33.2767781149596" lon="130.29315342195332">
        <ele>9.6</ele>
      </trkpt>
      <trkpt lat="33.276743832975626" lon="130.2931626420468">
        <ele>9.6</ele>
      </trkpt>
      <trkpt lat="33.276701755821705" lon="130.2931676711887">
        <ele>9.4</ele>
      </trkpt>
      <trkpt lat="33.27665263786912" lon="130.29317865148187">
        <ele>9.4</ele>
      </trkpt>
      <trkpt lat="33.27661005780101" lon="130.29319415800273">
        <ele>9.4</ele>
      </trkpt>
      <trkpt lat="33.27655540779233" lon="130.29320497065783">
        <ele>9.4</ele>
      </trkpt>
      <trkpt lat="33.27651391737163" lon="130.29321863316">
        <ele>9.4</ele>
      </trkpt>
      <trkpt lat="33.27646555379033" lon="130.2932297810912">
        <ele>9.6</ele>
      </trkpt>
      <trkpt lat="33.27641618438065" lon="130.29324847273529">
        <ele>9.6</ele>
      </trkpt>
      <trkpt lat="33.27637528069317" lon="130.29326557181776">
        <ele>9.6</ele>
      </trkpt>
      <trkpt lat="33.276320127770305" lon="130.29327847994864">
        <ele>9.6</ele>
      </trkpt>
      <trkpt lat="33.276277212426066" lon="130.29329339973629">
        <ele>9.8</ele>
      </trkpt>
      <trkpt lat="33.27623136341572" lon="130.29330211691558">
        <ele>9.8</ele>
      </trkpt>
      <trkpt lat="33.27618350274861" lon="130.29331452213228">
        <ele>9.8</ele>
      </trkpt>
      <trkpt lat="33.276143772527575" lon="130.29332114383578">
        <ele>9.8</ele>
      </trkpt>
      <trkpt lat="33.27609205618501" lon="130.29333237558603">
        <ele>9.8</ele>
      </trkpt>
      <trkpt lat="33.276058193296194" lon="130.29334486462176">
        <ele>9.8</ele>
      </trkpt>
      <trkpt lat="33.276006393134594" lon="130.2933536656201">
        <ele>9.8</ele>
      </trkpt>
      <trkpt lat="33.27597001567483" lon="130.29336749576032">
        <ele>9.8</ele>
      </trkpt>
      <trkpt lat="33.275923412293196" lon="130.29337914660573">
        <ele>9.8</ele>
      </trkpt>
      <trkpt lat="33.27589080668986" lon="130.29339062981308">
        <ele>9.8</ele>
      </trkpt>
      <trkpt lat="33.275847220793366" lon="130.29340454377234">
        <ele>9.8</ele>
      </trkpt>
      <trkpt lat="33.27580296434462" lon="130.2934157755226">
        <ele>9.8</ele>
      </trkpt>
      <trkpt lat="33.275764072313905" lon="130.2934266719967">
        <ele>9.8</ele>
      </trkpt>
      <trkpt lat="33.27571545727551" lon="130.2934337966144">
        <ele>9.8</ele>
      </trkpt>
      <trkpt lat="33.27567723579705" lon="130.29344477690756">
        <ele>9.8</ele>
      </trkpt>
      <trkpt lat="33.27562459744513" lon="130.29345030896366">
        <ele>9.8</ele>
      </trkpt>
      <trkpt lat="33.27558855526149" lon="130.29346137307584">
        <ele>9.8</ele>
      </trkpt>
      <trkpt lat="33.27554069459438" lon="130.293472353369">
        <ele>10.0</ele>
      </trkpt>
      <trkpt lat="33.27550482004881" lon="130.29348433949053">
        <ele>9.8</ele>
      </trkpt>
      <trkpt lat="33.27545888721943" lon="130.29349573887885">
        <ele>9.8</ele>
      </trkpt>
      <trkpt lat="33.27541924081743" lon="130.29350395314395">
        <ele>10.0</ele>
      </trkpt>
      <trkpt lat="33.275378588587046" lon="130.29351686127484">
        <ele>10.0</ele>
      </trkpt>
      <trkpt lat="33.275336595252156" lon="130.29353454709053">
        <ele>9.8</ele>
      </trkpt>
      <trkpt lat="33.27530298382044" lon="130.2935482095927">
        <ele>9.8</ele>
      </trkpt>
      <trkpt lat="33.27524799853563" lon="130.29356664977968">
        <ele>9.8</ele>
      </trkpt>
      <trkpt lat="33.27521153725684" lon="130.29358567669988">
        <ele>9.8</ele>
      </trkpt>
      <trkpt lat="33.275157725438476" lon="130.29360311105847">
        <ele>9.8</ele>
      </trkpt>
      <trkpt lat="33.27511950396001" lon="130.29361342079937">
        <ele>9.8</ele>
      </trkpt>
      <trkpt lat="33.27507055364549" lon="130.29362071305513">
        <ele>9.8</ele>
      </trkpt>
      <trkpt lat="33.27502705156803" lon="130.2936301007867">
        <ele>9.8</ele>
      </trkpt>
      <trkpt lat="33.27498287893832" lon="130.2936428412795">
        <ele>9.8</ele>
      </trkpt>
      <trkpt lat="33.274935353547335" lon="130.2936607785523">
        <ele>9.8</ele>
      </trkpt>
      <trkpt lat="33.27489654533565" lon="130.29367393814027">
        <ele>9.8</ele>
      </trkpt>
      <trkpt lat="33.27484533190727" lon="130.29368651099503">
        <ele>9.8</ele>
      </trkpt>
      <trkpt lat="33.2748092059046" lon="130.29370235279202">
        <ele>9.8</ele>
      </trkpt>
      <trkpt lat="33.27475807629526" lon="130.2937150094658">
        <ele>9.8</ele>
      </trkpt>
      <trkpt lat="33.27471826225519" lon="130.2937249839306">
        <ele>9.8</ele>
      </trkpt>
      <trkpt lat="33.274669563397765" lon="130.29373655095696">
        <ele>9.8</ele>
      </trkpt>
      <trkpt lat="33.27462891116738" lon="130.29375021345913">
        <ele>9.8</ele>
      </trkpt>
      <trkpt lat="33.274582140147686" lon="130.29375867918134">
        <ele>9.8</ele>
      </trkpt>
      <trkpt lat="33.27453536912799" lon="130.2937725931406">
        <ele>9.8</ele>
      </trkpt>
      <trkpt lat="33.274493124336004" lon="130.29378223232925">
        <ele>9.8</ele>
      </trkpt>
      <trkpt lat="33.274443838745356" lon="130.29379304498434">
        <ele>9.8</ele>
      </trkpt>
      <trkpt lat="33.274400336667895" lon="130.29380494728684">
        <ele>9.8</ele>
      </trkpt>
      <trkpt lat="33.274351470172405" lon="130.2938161790371">
        <ele>9.8</ele>
      </trkpt>
      <trkpt lat="33.27431316487491" lon="130.29382824897766">
        <ele>9.8</ele>
      </trkpt>
      <trkpt lat="33.274281062185764" lon="130.29383746907115">
        <ele>10.0</ele>
      </trkpt>
      <trkpt lat="33.274243427440524" lon="130.29385272413492">
        <ele>9.8</ele>
      </trkpt>
      <trkpt lat="33.274194560945034" lon="130.293860854581">
        <ele>9.8</ele>
      </trkpt>
      <trkpt lat="33.27415675856173" lon="130.29387233778834">
        <ele>9.8</ele>
      </trkpt>
      <trkpt lat="33.274113927036524" lon="130.29388206079602">
        <ele>9.8</ele>
      </trkpt>
      <trkpt lat="33.27407905831933" lon="130.2938975673169">
        <ele>9.8</ele>
      </trkpt>
      <trkpt lat="33.27403790317476" lon="130.2939092181623">
        <ele>9.6</ele>
      </trkpt>
      <trkpt lat="33.27400051988661" lon="130.2939264010638">
        <ele>9.6</ele>
      </trkpt>
      <trkpt lat="33.27395701780915" lon="130.29393897391856">
        <ele>9.8</ele>
      </trkpt>
      <trkpt lat="33.27391401864588" lon="130.29395481571555">
        <ele>9.8</ele>
      </trkpt>
      <trkpt lat="33.27387663535774" lon="130.29396587982774">
        <ele>9.8</ele>
      </trkpt>
      <trkpt lat="33.273833552375436" lon="130.29397836886346">
        <ele>9.8</ele>
      </trkpt>
      <trkpt lat="33.273799270391464" lon="130.2939869184047">
        <ele>9.8</ele>
      </trkpt>
      <trkpt lat="33.273756774142385" lon="130.29399689286947">
        <ele>9.8</ele>
      </trkpt>
      <trkpt lat="33.27372182160616" lon="130.29400879517198">
        <ele>9.8</ele>
      </trkpt>
      <trkpt lat="33.273678068071604" lon="130.2940199431032">
        <ele>9.8</ele>
      </trkpt>
      <trkpt lat="33.27364705502987" lon="130.29403176158667">
        <ele>9.8</ele>
      </trkpt>
      <trkpt lat="33.27360615134239" lon="130.29404232278466">
        <ele>9.8</ele>
      </trkpt>
      <trkpt lat="33.273573629558086" lon="130.29405330307782">
        <ele>9.8</ele>
      </trkpt>
      <trkpt lat="33.273527109995484" lon="130.29406076297164">
        <ele>9.8</ele>
      </trkpt>
      <trkpt lat="33.273490061983466" lon="130.29407668858767">
        <ele>9.8</ele>
      </trkpt>
      <trkpt lat="33.273449996486306" lon="130.29409009963274">
        <ele>9.8</ele>
      </trkpt>
      <trkpt lat="33.27340858988464" lon="130.2941058576107">
        <ele>10.0</ele>
      </trkpt>
      <trkpt lat="33.27336919493973" lon="130.29411197640002">
        <ele>10.0</ele>
      </trkpt>
      <trkpt lat="33.27331789769232" lon="130.2941256389022">
        <ele>10.2</ele>
      </trkpt>
      <trkpt lat="33.27327280305326" lon="130.29413267970085">
        <ele>10.2</ele>
      </trkpt>
      <trkpt lat="33.2732293009758" lon="130.29414089396596">
        <ele>10.2</ele>
      </trkpt>
      <trkpt lat="33.2731930911541" lon="130.2941484376788">
        <ele>10.2</ele>
      </trkpt>
      <trkpt lat="33.273142548277974" lon="130.294151538983">
        <ele>10.2</ele>
      </trkpt>
      <trkpt lat="33.27310969121754" lon="130.29416478239">
        <ele>10.2</ele>
      </trkpt>
      <trkpt lat="33.27306409366429" lon="130.2941705659032">
        <ele>10.2</ele>
      </trkpt>
      <trkpt lat="33.273029727861285" lon="130.29417794197798">
        <ele>10.4</ele>
      </trkpt>
      <trkpt lat="33.27298262156546" lon="130.29418163001537">
        <ele>10.4</ele>
      </trkpt>
      <trkpt lat="33.272945154458284" lon="130.29418892227113">
        <ele>10.4</ele>
      </trkpt>
      <trkpt lat="33.272895282134414" lon="130.29419152066112">
        <ele>10.4</ele>
      </trkpt>
      <trkpt lat="33.27285320498049" lon="130.294193867594">
        <ele>10.6</ele>
      </trkpt>
      <trkpt lat="33.27280417084694" lon="130.29418758116663">
        <ele>10.6</ele>
      </trkpt>
      <trkpt lat="33.2727630995214" lon="130.29419110156596">
        <ele>10.6</ele>
      </trkpt>
      <trkpt lat="33.27272152528167" lon="130.29419059865177">
        <ele>10.6</ele>
      </trkpt>
      <trkpt lat="33.27268397435546" lon="130.29419219121337">
        <ele>10.6</ele>
      </trkpt>
      <trkpt lat="33.27264298684895" lon="130.29418766498566">
        <ele>10.4</ele>
      </trkpt>
      <trkpt lat="33.272600825876" lon="130.29418640770018">
        <ele>10.6</ele>
      </trkpt>
      <trkpt lat="33.27256537042558" lon="130.2941895928234">
        <ele>10.6</ele>
      </trkpt>
      <trkpt lat="33.272526478394866" lon="130.29419001191854">
        <ele>10.6</ele>
      </trkpt>
      <trkpt lat="33.27248842455447" lon="130.2941854018718">
        <ele>10.6</ele>
      </trkpt>
      <trkpt lat="33.27244793996215" lon="130.2941822167486">
        <ele>10.8</ele>
      </trkpt>
      <trkpt lat="33.27240787446499" lon="130.29417098499835">
        <ele>10.8</ele>
      </trkpt>
      <trkpt lat="33.27236546203494" lon="130.2941661234945">
        <ele>10.8</ele>
      </trkpt>
      <trkpt lat="33.272325145080686" lon="130.29416075907648">
        <ele>10.8</ele>
      </trkpt>
      <trkpt lat="33.2722776196897" lon="130.29415179044008">
        <ele>10.8</ele>
      </trkpt>
      <trkpt lat="33.272245936095715" lon="130.29415279626846">
        <ele>10.8</ele>
      </trkpt>
      <trkpt lat="33.272198578342795" lon="130.29415187425911">
        <ele>10.8</ele>
      </trkpt>
      <trkpt lat="33.272160943597555" lon="130.29415388591588">
        <ele>10.8</ele>
      </trkpt>
      <trkpt lat="33.27211274765432" lon="130.29415179044008">
        <ele>10.8</ele>
      </trkpt>
      <trkpt lat="33.272073939442635" lon="130.29415799304843">
        <ele>10.8</ele>
      </trkpt>
      <trkpt lat="33.272027084603906" lon="130.2941510360688">
        <ele>10.8</ele>
      </trkpt>
      <trkpt lat="33.27199012041092" lon="130.29415187425911">
        <ele>10.8</ele>
      </trkpt>
      <trkpt lat="33.27195097692311" lon="130.29414081014693">
        <ele>10.8</ele>
      </trkpt>
      <trkpt lat="33.27192080207169" lon="130.29413854703307">
        <ele>10.8</ele>
      </trkpt>
      <trkpt lat="33.27188107185066" lon="130.29413477517664">
        <ele>11.0</ele>
      </trkpt>
      <trkpt lat="33.2718478795141" lon="130.2941377926618">
        <ele>11.0</ele>
      </trkpt>
      <trkpt lat="33.27179859392345" lon="130.29412848874927">
        <ele>11.0</ele>
      </trkpt>
      <trkpt lat="33.27175475656986" lon="130.29412060976028">
        <ele>11.0</ele>
      </trkpt>
      <trkpt lat="33.271709410473704" lon="130.294109294191">
        <ele>11.0</ele>
      </trkpt>
      <trkpt lat="33.271669931709766" lon="130.29410971328616">
        <ele>11.0</ele>
      </trkpt>
      <trkpt lat="33.27162123285234" lon="130.29410250484943">
        <ele>11.0</ele>
      </trkpt>
      <trkpt lat="33.27158183790743" lon="130.294104013592">
        <ele>11.0</ele>
      </trkpt>
      <trkpt lat="33.27153900638223" lon="130.29409730806947">
        <ele>11.0</ele>
      </trkpt>
      <trkpt lat="33.27149868942797" lon="130.29409747570753">
        <ele>11.2</ele>
      </trkpt>
      <trkpt lat="33.27145669609308" lon="130.29409043490887">
        <ele>11.0</ele>
      </trkpt>
      <trkpt lat="33.271416798233986" lon="130.2940921112895">
        <ele>11.0</ele>
      </trkpt>
      <trkpt lat="33.271377654746175" lon="130.29408825561404">
        <ele>11.0</ele>
      </trkpt>
      <trkpt lat="33.271336080506444" lon="130.2940916083753">
        <ele>11.0</ele>
      </trkpt>
      <trkpt lat="33.2712986972183" lon="130.2940865792334">
        <ele>10.8</ele>
      </trkpt>
      <trkpt lat="33.27126022428274" lon="130.29408624395728">
        <ele>10.8</ele>
      </trkpt>
      <trkpt lat="33.271223763003945" lon="130.29408113099635">
        <ele>10.8</ele>
      </trkpt>
      <trkpt lat="33.27118604443967" lon="130.29407844878733">
        <ele>10.8</ele>
      </trkpt>
      <trkpt lat="33.27114614658058" lon="130.29407325200737">
        <ele>10.8</ele>
      </trkpt>
      <trkpt lat="33.27111203223467" lon="130.29407249763608">
        <ele>10.8</ele>
      </trkpt>
      <trkpt lat="33.27106827870011" lon="130.29407048597932">
        <ele>11.0</ele>
      </trkpt>
      <trkpt lat="33.27103349380195" lon="130.29407023452222">
        <ele>11.0</ele>
      </trkpt>
      <trkpt lat="33.27098848298192" lon="130.29406294226646">
        <ele>11.0</ele>
      </trkpt>
      <trkpt lat="33.27095462009311" lon="130.29406520538032">
        <ele>11.0</ele>
      </trkpt>
      <trkpt lat="33.27091287821531" lon="130.2940598409623">
        <ele>11.0</ele>
      </trkpt>
      <trkpt lat="33.27088178135455" lon="130.29406419955194">
        <ele>11.0</ele>
      </trkpt>
      <trkpt lat="33.27084045857191" lon="130.29405841603875">
        <ele>11.0</ele>
      </trkpt>
      <trkpt lat="33.2708065956831" lon="130.294059086591">
        <ele>11.0</ele>
      </trkpt>
      <trkpt lat="33.27075974084437" lon="130.29404944740236">
        <ele>11.0</ele>
      </trkpt>
      <trkpt lat="33.27072503976524" lon="130.29405045323074">
        <ele>11.0</ele>
      </trkpt>
      <trkpt lat="33.270678855478764" lon="130.29404316097498">
        <ele>11.2</ele>
      </trkpt>
      <trkpt lat="33.270643232390285" lon="130.29404148459435">
        <ele>11.0</ele>
      </trkpt>
      <trkpt lat="33.27059989795089" lon="130.29403855092824">
        <ele>11.0</ele>
      </trkpt>
      <trkpt lat="33.270561676472425" lon="130.29403905384243">
        <ele>11.0</ele>
      </trkpt>
      <trkpt lat="33.27051993459463" lon="130.2940331865102">
        <ele>11.2</ele>
      </trkpt>
      <trkpt lat="33.27048062346876" lon="130.29402824118733">
        <ele>11.2</ele>
      </trkpt>
      <trkpt lat="33.27043980360031" lon="130.29402270913124">
        <ele>11.2</ele>
      </trkpt>
      <trkpt lat="33.27040024101734" lon="130.29402270913124">
        <ele>11.2</ele>
      </trkpt>
      <trkpt lat="33.27035799622536" lon="130.2940199431032">
        <ele>11.2</ele>
      </trkpt>
      <trkpt lat="33.270316338166595" lon="130.29401843436062">
        <ele>11.2</ele>
      </trkpt>
      <trkpt lat="33.27027761377394" lon="130.29401675798">
        <ele>11.4</ele>
      </trkpt>
      <trkpt lat="33.27023696154356" lon="130.29401608742774">
        <ele>11.4</ele>
      </trkpt>
      <trkpt lat="33.270203517749906" lon="130.29400954954326">
        <ele>11.4</ele>
      </trkpt>
      <trkpt lat="33.270163368433714" lon="130.29400762170553">
        <ele>11.4</ele>
      </trkpt>
      <trkpt lat="33.270126739516854" lon="130.29400477185845">
        <ele>11.4</ele>
      </trkpt>
      <trkpt lat="33.270086171105504" lon="130.29399739578366">
        <ele>11.4</ele>
      </trkpt>
      <trkpt lat="33.270052978768945" lon="130.29399437829852">
        <ele>11.4</ele>
      </trkpt>
      <trkpt lat="33.270006543025374" lon="130.29399077408016">
        <ele>11.4</ele>
      </trkpt>
      <trkpt lat="33.26997276395559" lon="130.29399597086012">
        <ele>11.4</ele>
      </trkpt>
      <trkpt lat="33.26992968097329" lon="130.29399823397398">
        <ele>11.6</ele>
      </trkpt>
      <trkpt lat="33.269888777285814" lon="130.2939967252314">
        <ele>11.6</ele>
      </trkpt>
      <trkpt lat="33.26984737068415" lon="130.29399395920336">
        <ele>11.6</ele>
      </trkpt>
      <trkpt lat="33.269811160862446" lon="130.29398264363408">
        <ele>11.6</ele>
      </trkpt>
      <trkpt lat="33.26977176591754" lon="130.29397644102573">
        <ele>11.6</ele>
      </trkpt>
      <trkpt lat="33.26973991468549" lon="130.2939702384174">
        <ele>11.6</ele>
      </trkpt>
      <trkpt lat="33.26969741843641" lon="130.29396487399936">
        <ele>11.6</ele>
      </trkpt>
      <trkpt lat="33.26966296881437" lon="130.29395816847682">
        <ele>11.6</ele>
      </trkpt>
      <trkpt lat="33.26962583698332" lon="130.29395749792457">
        <ele>11.6</ele>
      </trkpt>
      <trkpt lat="33.26959147118032" lon="130.29396001249552">
        <ele>11.6</ele>
      </trkpt>
      <trkpt lat="33.26954696327448" lon="130.29396059922874">
        <ele>11.6</ele>
      </trkpt>
      <trkpt lat="33.269513100385666" lon="130.29395900666714">
        <ele>11.6</ele>
      </trkpt>
      <trkpt lat="33.26946649700403" lon="130.29395481571555">
        <ele>11.6</ele>
      </trkpt>
      <trkpt lat="33.2694302033633" lon="130.2939509600401">
        <ele>11.6</ele>
      </trkpt>
      <trkpt lat="33.26938519254327" lon="130.2939493674785">
        <ele>11.6</ele>
      </trkpt>
      <trkpt lat="33.2693472225219" lon="130.29394341632724">
        <ele>11.8</ele>
      </trkpt>
      <trkpt lat="33.269297517836094" lon="130.293934866786">
        <ele>11.8</ele>
      </trkpt>
      <trkpt lat="33.26926759444177" lon="130.29393914155662">
        <ele>11.6</ele>
      </trkpt>
      <trkpt lat="33.269221326336265" lon="130.29393453150988">
        <ele>11.6</ele>
      </trkpt>
      <trkpt lat="33.26918989419937" lon="130.29393738135695">
        <ele>11.6</ele>
      </trkpt>
      <trkpt lat="33.269139267504215" lon="130.29392866417766">
        <ele>11.6</ele>
      </trkpt>
      <trkpt lat="33.26910984702408" lon="130.29393109492958">
        <ele>11.6</ele>
      </trkpt>
      <trkpt lat="33.2690623216331" lon="130.29392078518867">
        <ele>11.6</ele>
      </trkpt>
      <trkpt lat="33.269026866182685" lon="130.29392028227448">
        <ele>11.8</ele>
      </trkpt>
      <trkpt lat="33.268978921696544" lon="130.29391458258033">
        <ele>11.8</ele>
      </trkpt>
      <trkpt lat="33.268944807350636" lon="130.29391785152256">
        <ele>11.8</ele>
      </trkpt>
      <trkpt lat="33.268899377435446" lon="130.29391433112323">
        <ele>11.8</ele>
      </trkpt>
      <trkpt lat="33.268867526203394" lon="130.29392254538834">
        <ele>11.8</ele>
      </trkpt>
      <trkpt lat="33.26882335357368" lon="130.29391852207482">
        <ele>11.8</ele>
      </trkpt>
      <trkpt lat="33.26878680847585" lon="130.29392053373158">
        <ele>11.8</ele>
      </trkpt>
      <trkpt lat="33.26874330639839" lon="130.2939131576568">
        <ele>11.6</ele>
      </trkpt>
      <trkpt lat="33.26870525255799" lon="130.29391483403742">
        <ele>11.6</ele>
      </trkpt>
      <trkpt lat="33.26866175048053" lon="130.29390770941973">
        <ele>11.6</ele>
      </trkpt>
      <trkpt lat="33.26862394809723" lon="130.29390997253358">
        <ele>11.6</ele>
      </trkpt>
      <trkpt lat="33.26857944019139" lon="130.29390435665846">
        <ele>11.4</ele>
      </trkpt>
      <trkpt lat="33.26854105107486" lon="130.29390268027782">
        <ele>11.4</ele>
      </trkpt>
      <trkpt lat="33.268494196236134" lon="130.29389924369752">
        <ele>11.4</ele>
      </trkpt>
      <trkpt lat="33.268454717472196" lon="130.29389664530754">
        <ele>11.4</ele>
      </trkpt>
      <trkpt lat="33.268416076898575" lon="130.29388901777565">
        <ele>11.4</ele>
      </trkpt>
      <trkpt lat="33.26837928034365" lon="130.2938844077289">
        <ele>11.2</ele>
      </trkpt>
      <trkpt lat="33.26833770610392" lon="130.2938769478351">
        <ele>11.2</ele>
      </trkpt>
      <trkpt lat="33.268295880407095" lon="130.29387267306447">
        <ele>11.2</ele>
      </trkpt>
      <trkpt lat="33.26825514435768" lon="130.29386839829385">
        <ele>11.2</ele>
      </trkpt>
      <trkpt lat="33.26821834780276" lon="130.29386856593192">
        <ele>11.2</ele>
      </trkpt>
      <trkpt lat="33.26817560009658" lon="130.29386362060905">
        <ele>11.2</ele>
      </trkpt>
      <trkpt lat="33.26813486404717" lon="130.2938632015139">
        <ele>11.4</ele>
      </trkpt>
      <trkpt lat="33.26809521764517" lon="130.29385800473392">
        <ele>11.4</ele>
      </trkpt>
      <trkpt lat="33.26805414631963" lon="130.29385515488684">
        <ele>11.4</ele>
      </trkpt>
      <trkpt lat="33.268013997003436" lon="130.2938489522785">
        <ele>11.4</ele>
      </trkpt>
      <trkpt lat="33.26797175221145" lon="130.2938445098698">
        <ele>11.4</ele>
      </trkpt>
      <trkpt lat="33.26793654821813" lon="130.29383964836597">
        <ele>11.4</ele>
      </trkpt>
      <trkpt lat="33.26789388433099" lon="130.29383688233793">
        <ele>11.4</ele>
      </trkpt>
      <trkpt lat="33.267859015613794" lon="130.29383755289018">
        <ele>11.4</ele>
      </trkpt>
      <trkpt lat="33.26781325042248" lon="130.29383394867182">
        <ele>11.4</ele>
      </trkpt>
      <trkpt lat="33.26777720823884" lon="130.2938299253583">
        <ele>11.4</ele>
      </trkpt>
      <trkpt lat="33.26773320324719" lon="130.2938307635486">
        <ele>11.4</ele>
      </trkpt>
      <trkpt lat="33.267694311216474" lon="130.29383000917733">
        <ele>11.4</ele>
      </trkpt>
      <trkpt lat="33.26765416190028" lon="130.2938336133957">
        <ele>11.4</ele>
      </trkpt>
      <trkpt lat="33.26761501841247" lon="130.2938310150057">
        <ele>11.4</ele>
      </trkpt>
      <trkpt lat="33.26756942085922" lon="130.2938307635486">
        <ele>11.4</ele>
      </trkpt>
      <trkpt lat="33.26753622852266" lon="130.29382950626314">
        <ele>11.2</ele>
      </trkpt>
      <trkpt lat="33.26749197207391" lon="130.29382456094027">
        <ele>11.2</ele>
      </trkpt>
      <trkpt lat="33.267456851899624" lon="130.29381844215095">
        <ele>11.4</ele>
      </trkpt>
      <trkpt lat="33.26741427183151" lon="130.2938164304942">
        <ele>11.2</ele>
      </trkpt>
      <trkpt lat="33.267374373972416" lon="130.2938145864755">
        <ele>11.2</ele>
      </trkpt>
      <trkpt lat="33.267326932400465" lon="130.29380360618234">
        <ele>11.2</ele>
      </trkpt>
      <trkpt lat="33.26729139313102" lon="130.2937979903072">
        <ele>11.2</ele>
      </trkpt>
      <trkpt lat="33.26724261045456" lon="130.2937902789563">
        <ele>11.2</ele>
      </trkpt>
      <trkpt lat="33.267208244651556" lon="130.29378809966147">
        <ele>11.2</ele>
      </trkpt>
      <trkpt lat="33.26716348528862" lon="130.29378332197666">
        <ele>11.2</ele>
      </trkpt>
      <trkpt lat="33.267127610743046" lon="130.29378038831055">
        <ele>11.2</ele>
      </trkpt>
      <trkpt lat="33.267077235504985" lon="130.29377217404544">
        <ele>11.2</ele>
      </trkpt>
      <trkpt lat="33.267044965177774" lon="130.29377410188317">
        <ele>11.4</ele>
      </trkpt>
      <trkpt lat="33.26699475757778" lon="130.29376530088484">
        <ele>11.4</ele>
      </trkpt>
      <trkpt lat="33.26696223579347" lon="130.29376697726548">
        <ele>11.4</ele>
      </trkpt>
      <trkpt lat="33.266920829191804" lon="130.29375926591456">
        <ele>11.4</ele>
      </trkpt>
      <trkpt lat="33.26689082197845" lon="130.29376102611423">
        <ele>11.4</ele>
      </trkpt>
      <trkpt lat="33.26684229075909" lon="130.29375113546848">
        <ele>11.4</ele>
      </trkpt>
      <trkpt lat="33.26680884696543" lon="130.2937517222017">
        <ele>11.4</ele>
      </trkpt>
      <trkpt lat="33.266764590516686" lon="130.2937432564795">
        <ele>11.4</ele>
      </trkpt>
      <trkpt lat="33.26673097908497" lon="130.29374585486948">
        <ele>11.4</ele>
      </trkpt>
      <trkpt lat="33.26668362133205" lon="130.29374124482274">
        <ele>11.4</ele>
      </trkpt>
      <trkpt lat="33.26664908789098" lon="130.29374501667917">
        <ele>11.4</ele>
      </trkpt>
      <trkpt lat="33.26660214923322" lon="130.29373629949987">
        <ele>11.4</ele>
      </trkpt>
      <trkpt lat="33.26656820252538" lon="130.29373596422374">
        <ele>11.4</ele>
      </trkpt>
      <trkpt lat="33.2665220182389" lon="130.29373051598668">
        <ele>11.4</ele>
      </trkpt>
      <trkpt lat="33.266488490626216" lon="130.29373152181506">
        <ele>11.4</ele>
      </trkpt>
      <trkpt lat="33.266447838395834" lon="130.2937247324735">
        <ele>11.4</ele>
      </trkpt>
      <trkpt lat="33.26641347259283" lon="130.29372406192124">
        <ele>11.2</ele>
      </trkpt>
      <trkpt lat="33.2663718983531" lon="130.29372121207416">
        <ele>11.2</ele>
      </trkpt>
      <trkpt lat="33.26633627526462" lon="130.2937300130725">
        <ele>11.2</ele>
      </trkpt>
      <trkpt lat="33.26629185117781" lon="130.2937255706638">
        <ele>11.4</ele>
      </trkpt>
      <trkpt lat="33.26625673100352" lon="130.2937281690538">
        <ele>11.4</ele>
      </trkpt>
      <trkpt lat="33.26621113345027" lon="130.2937226369977">
        <ele>11.4</ele>
      </trkpt>
      <trkpt lat="33.26617140322924" lon="130.2937228884548">
        <ele>11.4</ele>
      </trkpt>
      <trkpt lat="33.26612278819084" lon="130.29372707940638">
        <ele>11.4</ele>
      </trkpt>
      <trkpt lat="33.26608666218817" lon="130.2937318570912">
        <ele>11.4</ele>
      </trkpt>
      <trkpt lat="33.26603754423559" lon="130.29373118653893">
        <ele>11.4</ele>
      </trkpt>
      <trkpt lat="33.266005190089345" lon="130.29373520985246">
        <ele>11.4</ele>
      </trkpt>
      <trkpt lat="33.265961771830916" lon="130.2937263250351">
        <ele>11.4</ele>
      </trkpt>
      <trkpt lat="33.26592966914177" lon="130.29372506774962">
        <ele>11.4</ele>
      </trkpt>
      <trkpt lat="33.2658882625401" lon="130.29371911659837">
        <ele>11.4</ele>
      </trkpt>
      <trkpt lat="33.26585498638451" lon="130.29371693730354">
        <ele>11.4</ele>
      </trkpt>
      <trkpt lat="33.26581492088735" lon="130.29371199198067">
        <ele>11.2</ele>
      </trkpt>
      <trkpt lat="33.265779884532094" lon="130.29371190816164">
        <ele>11.2</ele>
      </trkpt>
      <trkpt lat="33.26573579572141" lon="130.29369933530688">
        <ele>11.4</ele>
      </trkpt>
      <trkpt lat="33.2657000888139" lon="130.2936946414411">
        <ele>11.4</ele>
      </trkpt>
      <trkpt lat="33.26565591618419" lon="130.29368449933827">
        <ele>11.4</ele>
      </trkpt>
      <trkpt lat="33.26561836525798" lon="130.2936790511012">
        <ele>11.4</ele>
      </trkpt>
      <trkpt lat="33.26557888649404" lon="130.29367259703577">
        <ele>11.6</ele>
      </trkpt>
      <trkpt lat="33.26554108411074" lon="130.29367418959737">
        <ele>11.6</ele>
      </trkpt>
      <trkpt lat="33.26550571247935" lon="130.29367184266448">
        <ele>11.4</ele>
      </trkpt>
      <trkpt lat="33.26546447351575" lon="130.29367209412158">
        <ele>11.4</ele>
      </trkpt>
      <trkpt lat="33.265427090227604" lon="130.29366807080805">
        <ele>11.4</ele>
      </trkpt>
      <trkpt lat="33.26538274995983" lon="130.29366496950388">
        <ele>11.6</ele>
      </trkpt>
      <trkpt lat="33.265341594815254" lon="130.29366496950388">
        <ele>11.6</ele>
      </trkpt>
      <trkpt lat="33.26529893092811" lon="130.29366513714194">
        <ele>11.6</ele>
      </trkpt>
      <trkpt lat="33.26526079326868" lon="130.29366513714194">
        <ele>11.6</ele>
      </trkpt>
      <trkpt lat="33.26522030867636" lon="130.29366387985647">
        <ele>11.6</ele>
      </trkpt>
      <trkpt lat="33.26518753543496" lon="130.2936632093042">
        <ele>11.6</ele>
      </trkpt>
      <trkpt lat="33.265140345320106" lon="130.29365792870522">
        <ele>11.6</ele>
      </trkpt>
      <trkpt lat="33.265110002830625" lon="130.29366295784712">
        <ele>11.6</ele>
      </trkpt>
      <trkpt lat="33.265061136335135" lon="130.29365541413426">
        <ele>11.6</ele>
      </trkpt>
      <trkpt lat="33.265027943998575" lon="130.29365675523877">
        <ele>11.6</ele>
      </trkpt>
      <trkpt lat="33.264983939006925" lon="130.293652061373">
        <ele>11.6</ele>
      </trkpt>
      <trkpt lat="33.26494513079524" lon="130.29364896006882">
        <ele>11.6</ele>
      </trkpt>
      <trkpt lat="33.264897521585226" lon="130.29364351183176">
        <ele>11.6</ele>
      </trkpt>
      <trkpt lat="33.26486198231578" lon="130.2936486247927">
        <ele>11.6</ele>
      </trkpt>
      <trkpt lat="33.26481596566737" lon="130.29364502057433">
        <ele>11.6</ele>
      </trkpt>
      <trkpt lat="33.26478478498757" lon="130.2936481218785">
        <ele>11.4</ele>
      </trkpt>
      <trkpt lat="33.26474413275719" lon="130.29364686459303">
        <ele>11.4</ele>
      </trkpt>
      <trkpt lat="33.26471102423966" lon="130.29364711605012">
        <ele>11.4</ele>
      </trkpt>
      <trkpt lat="33.26466467231512" lon="130.29364091344178">
        <ele>11.4</ele>
      </trkpt>
      <trkpt lat="33.264630222693086" lon="130.2936401590705">
        <ele>11.4</ele>
      </trkpt>
      <trkpt lat="33.264580853283405" lon="130.29363479465246">
        <ele>11.4</ele>
      </trkpt>
      <trkpt lat="33.26455118134618" lon="130.29363722540438">
        <ele>11.4</ele>
      </trkpt>
      <trkpt lat="33.26450290158391" lon="130.29362834058702">
        <ele>11.4</ele>
      </trkpt>
      <trkpt lat="33.26447113417089" lon="130.29362817294896">
        <ele>11.4</ele>
      </trkpt>
      <trkpt lat="33.26442779973149" lon="130.29362440109253">
        <ele>11.6</ele>
      </trkpt>
      <trkpt lat="33.26439360156655" lon="130.29361836612225">
        <ele>11.8</ele>
      </trkpt>
      <trkpt lat="33.26434884220362" lon="130.29361627064645">
        <ele>11.8</ele>
      </trkpt>
      <trkpt lat="33.26431321911514" lon="130.29361844994128">
        <ele>11.8</ele>
      </trkpt>
      <trkpt lat="33.26426653191447" lon="130.2936192881316">
        <ele>11.8</ele>
      </trkpt>
      <trkpt lat="33.2642356865108" lon="130.29362792149186">
        <ele>11.8</ele>
      </trkpt>
      <trkpt lat="33.26418866403401" lon="130.29362993314862">
        <ele>12.0</ele>
      </trkpt>
      <trkpt lat="33.264152370393276" lon="130.29363378882408">
        <ele>12.0</ele>
      </trkpt>
      <trkpt lat="33.26410316862166" lon="130.29362674802542">
        <ele>12.0</ele>
      </trkpt>
      <trkpt lat="33.26406754553318" lon="130.29362708330154">
        <ele>12.0</ele>
      </trkpt>
      <trkpt lat="33.26401926577091" lon="130.29362180270255">
        <ele>12.0</ele>
      </trkpt>
      <trkpt lat="33.26398205012083" lon="130.29362238943577">
        <ele>12.2</ele>
      </trkpt>
      <trkpt lat="33.263933854177594" lon="130.2936166897416">
        <ele>12.0</ele>
      </trkpt>
      <trkpt lat="33.263894794508815" lon="130.2936169411987">
        <ele>12.2</ele>
      </trkpt>
      <trkpt lat="33.26385053806007" lon="130.29361442662776">
        <ele>12.0</ele>
      </trkpt>
      <trkpt lat="33.263809299096465" lon="130.29361568391323">
        <ele>12.0</ele>
      </trkpt>
      <trkpt lat="33.263764791190624" lon="130.29361073859036">
        <ele>12.0</ele>
      </trkpt>
      <trkpt lat="33.263719361275434" lon="130.29360436834395">
        <ele>12.0</ele>
      </trkpt>
      <trkpt lat="33.26367502100766" lon="130.29359439387918">
        <ele>12.0</ele>
      </trkpt>
      <trkpt lat="33.26363428495824" lon="130.29359137639403">
        <ele>12.0</ele>
      </trkpt>
      <trkpt lat="33.26359455473721" lon="130.29358265921474">
        <ele>12.0</ele>
      </trkpt>
      <trkpt lat="33.26356228441" lon="130.29356966726482">
        <ele>12.0</ele>
      </trkpt>
      <trkpt lat="33.26352850534022" lon="130.29356111772358">
        <ele>12.0</ele>
      </trkpt>
      <trkpt lat="33.2634864281863" lon="130.29355684295297">
        <ele>12.0</ele>
      </trkpt>
      <trkpt lat="33.26344887726009" lon="130.29354150407016">
        <ele>12.0</ele>
      </trkpt>
      <trkpt lat="33.2634087279439" lon="130.29353848658502">
        <ele>11.8</ele>
      </trkpt>
      <trkpt lat="33.26336447149515" lon="130.2935371454805">
        <ele>11.8</ele>
      </trkpt>
      <trkpt lat="33.26332474127412" lon="130.29353748075664">
        <ele>11.8</ele>
      </trkpt>
      <trkpt lat="33.263280149549246" lon="130.29353144578636">
        <ele>11.6</ele>
      </trkpt>
      <trkpt lat="33.263241508975625" lon="130.29353018850088">
        <ele>11.6</ele>
      </trkpt>
      <trkpt lat="33.263200437650084" lon="130.29352700337768">
        <ele>11.6</ele>
      </trkpt>
      <trkpt lat="33.263165317475796" lon="130.29352591373026">
        <ele>11.8</ele>
      </trkpt>
      <trkpt lat="33.26312441378832" lon="130.2935186214745">
        <ele>11.8</ele>
      </trkpt>
      <trkpt lat="33.26308929361403" lon="130.29351870529354">
        <ele>11.8</ele>
      </trkpt>
      <trkpt lat="33.26304520480335" lon="130.2935085631907">
        <ele>11.6</ele>
      </trkpt>
      <trkpt lat="33.263006480410695" lon="130.2935072220862">
        <ele>11.8</ele>
      </trkpt>
      <trkpt lat="33.26296415179968" lon="130.2935037855059">
        <ele>11.6</ele>
      </trkpt>
      <trkpt lat="33.26292609795928" lon="130.29350294731557">
        <ele>11.6</ele>
      </trkpt>
      <trkpt lat="33.26288502663374" lon="130.29349448159337">
        <ele>11.6</ele>
      </trkpt>
      <trkpt lat="33.262841859832406" lon="130.29348836280406">
        <ele>11.6</ele>
      </trkpt>
      <trkpt lat="33.26280355453491" lon="130.2934860996902">
        <ele>11.6</ele>
      </trkpt>
      <trkpt lat="33.26275393366814" lon="130.2934810705483">
        <ele>11.6</ele>
      </trkpt>
      <trkpt lat="33.262711856514215" lon="130.29347319155931">
        <ele>11.6</ele>
      </trkpt>
      <trkpt lat="33.26266625896096" lon="130.29346480965614">
        <ele>11.6</ele>
      </trkpt>
      <trkpt lat="33.26262887567282" lon="130.2934583555907">
        <ele>11.6</ele>
      </trkpt>
      <trkpt lat="33.26258369721472" lon="130.29345433227718">
        <ele>11.6</ele>
      </trkpt>
      <trkpt lat="33.262546649202704" lon="130.293448548764">
        <ele>11.6</ele>
      </trkpt>
      <trkpt lat="33.26250138692558" lon="130.29344729147851">
        <ele>11.6</ele>
      </trkpt>
      <trkpt lat="33.26246718876064" lon="130.29344846494496">
        <ele>11.8</ele>
      </trkpt>
      <trkpt lat="33.262424021959305" lon="130.29344209469855">
        <ele>11.8</ele>
      </trkpt>
      <trkpt lat="33.26238898560405" lon="130.2934430167079">
        <ele>11.8</ele>
      </trkpt>
      <trkpt lat="33.26234548352659" lon="130.2934372331947">
        <ele>11.8</ele>
      </trkpt>
      <trkpt lat="33.26231086626649" lon="130.29343186877668">
        <ele>11.8</ele>
      </trkpt>
      <trkpt lat="33.26226937584579" lon="130.2934187091887">
        <ele>11.8</ele>
      </trkpt>
      <trkpt lat="33.26222964562476" lon="130.29341259039938">
        <ele>12.0</ele>
      </trkpt>
      <trkpt lat="33.26218471862376" lon="130.29340672306716">
        <ele>11.8</ele>
      </trkpt>
      <trkpt lat="33.26215228065848" lon="130.29339825734496">
        <ele>11.8</ele>
      </trkpt>
      <trkpt lat="33.26211447827518" lon="130.29339591041207">
        <ele>11.8</ele>
      </trkpt>
      <trkpt lat="33.26207893900573" lon="130.29340722598135">
        <ele>11.8</ele>
      </trkpt>
      <trkpt lat="33.262037029489875" lon="130.29341007582843">
        <ele>11.8</ele>
      </trkpt>
      <trkpt lat="33.261996544897556" lon="130.2934182062745">
        <ele>11.8</ele>
      </trkpt>
      <trkpt lat="33.26194969005883" lon="130.29342499561608">
        <ele>11.8</ele>
      </trkpt>
      <trkpt lat="33.2619147375226" lon="130.2934226486832">
        <ele>11.8</ele>
      </trkpt>
      <trkpt lat="33.26186830177903" lon="130.29341191984713">
        <ele>11.8</ele>
      </trkpt>
      <trkpt lat="33.26183242723346" lon="130.293408902362">
        <ele>11.8</ele>
      </trkpt>
      <trkpt lat="33.26178624294698" lon="130.2933946531266">
        <ele>11.8</ele>
      </trkpt>
      <trkpt lat="33.261752212420106" lon="130.29338694177568">
        <ele>11.8</ele>
      </trkpt>
      <trkpt lat="33.261705776676536" lon="130.29338467866182">
        <ele>11.8</ele>
      </trkpt>
      <trkpt lat="33.2616729196161" lon="130.29338191263378">
        <ele>11.8</ele>
      </trkpt>
      <trkpt lat="33.2616264000535" lon="130.29337227344513">
        <ele>11.8</ele>
      </trkpt>
      <trkpt lat="33.26159412972629" lon="130.29337051324546">
        <ele>11.8</ele>
      </trkpt>
      <trkpt lat="33.261546017602086" lon="130.2933653164655">
        <ele>11.8</ele>
      </trkpt>
      <trkpt lat="33.26151198707521" lon="130.29336246661842">
        <ele>11.8</ele>
      </trkpt>
      <trkpt lat="33.26146563515067" lon="130.2933531627059">
        <ele>11.8</ele>
      </trkpt>
      <trkpt lat="33.26142800040543" lon="130.29334980994463">
        <ele>12.0</ele>
      </trkpt>
      <trkpt lat="33.26138206757605" lon="130.29333958402276">
        <ele>12.0</ele>
      </trkpt>
      <trkpt lat="33.26135030016303" lon="130.29333631508052">
        <ele>12.0</ele>
      </trkpt>
      <trkpt lat="33.26130386441946" lon="130.29332944191992">
        <ele>12.0</ele>
      </trkpt>
      <trkpt lat="33.26127151027322" lon="130.29333162121475">
        <ele>12.0</ele>
      </trkpt>
      <trkpt lat="33.26122566126287" lon="130.29332893900573">
        <ele>12.0</ele>
      </trkpt>
      <trkpt lat="33.26118375174701" lon="130.2933370694518">
        <ele>12.0</ele>
      </trkpt>
      <trkpt lat="33.26113916002214" lon="130.2933304477483">
        <ele>11.8</ele>
      </trkpt>
      <trkpt lat="33.2611068058759" lon="130.29333673417568">
        <ele>11.8</ele>
      </trkpt>
      <trkpt lat="33.26106095686555" lon="130.29333723708987">
        <ele>11.8</ele>
      </trkpt>
      <trkpt lat="33.261027093976736" lon="130.29334352351725">
        <ele>11.8</ele>
      </trkpt>
      <trkpt lat="33.26098082587123" lon="130.29332977719605">
        <ele>11.6</ele>
      </trkpt>
      <trkpt lat="33.260941514745355" lon="130.29332525096834">
        <ele>11.6</ele>
      </trkpt>
      <trkpt lat="33.26090086251497" lon="130.29331762343645">
        <ele>11.6</ele>
      </trkpt>
      <trkpt lat="33.26086909510195" lon="130.29331175610423">
        <ele>11.6</ele>
      </trkpt>
      <trkpt lat="33.260825760662556" lon="130.29330178163946">
        <ele>11.6</ele>
      </trkpt>
      <trkpt lat="33.26079080812633" lon="130.2932960819453">
        <ele>11.6</ele>
      </trkpt>
      <trkpt lat="33.26074889861047" lon="130.293282084167">
        <ele>11.8</ele>
      </trkpt>
      <trkpt lat="33.260705564171076" lon="130.2932804916054">
        <ele>11.8</ele>
      </trkpt>
      <trkpt lat="33.26066533103585" lon="130.2932722773403">
        <ele>11.8</ele>
      </trkpt>
      <trkpt lat="33.260625433176756" lon="130.2932680863887">
        <ele>11.8</ele>
      </trkpt>
      <trkpt lat="33.260590145364404" lon="130.2932591177523">
        <ele>11.8</ele>
      </trkpt>
      <trkpt lat="33.26054563745856" lon="130.29325945302844">
        <ele>11.8</ele>
      </trkpt>
      <trkpt lat="33.260510014370084" lon="130.2932575251907">
        <ele>11.8</ele>
      </trkpt>
      <trkpt lat="33.26046030968428" lon="130.29325442388654">
        <ele>11.8</ele>
      </trkpt>
      <trkpt lat="33.26041948981583" lon="130.29325400479138">
        <ele>11.8</ele>
      </trkpt>
      <trkpt lat="33.26036995276809" lon="130.29324470087886">
        <ele>11.8</ele>
      </trkpt>
      <trkpt lat="33.260339526459575" lon="130.2932461258024">
        <ele>11.8</ele>
      </trkpt>
      <trkpt lat="33.260291665792465" lon="130.2932431921363">
        <ele>11.8</ele>
      </trkpt>
      <trkpt lat="33.26025470159948" lon="130.2932431921363">
        <ele>11.8</ele>
      </trkpt>
      <trkpt lat="33.260207092389464" lon="130.2932384982705">
        <ele>11.8</ele>
      </trkpt>
      <trkpt lat="33.260174905881286" lon="130.29324511997402">
        <ele>11.8</ele>
      </trkpt>
      <trkpt lat="33.2601273804903" lon="130.29324528761208">
        <ele>11.8</ele>
      </trkpt>
      <trkpt lat="33.26009293086827" lon="130.29324922710657">
        <ele>11.8</ele>
      </trkpt>
      <trkpt lat="33.260046914219856" lon="130.29324545525014">
        <ele>12.0</ele>
      </trkpt>
      <trkpt lat="33.26001103967428" lon="130.2932472154498">
        <ele>12.0</ele>
      </trkpt>
      <trkpt lat="33.25996066443622" lon="130.2932360675186">
        <ele>12.0</ele>
      </trkpt>
      <trkpt lat="33.25992462225258" lon="130.29324050992727">
        <ele>12.0</ele>
      </trkpt>
      <trkpt lat="33.25988153927028" lon="130.2932374086231">
        <ele>12.0</ele>
      </trkpt>
      <trkpt lat="33.259847927838564" lon="130.29323724098504">
        <ele>12.0</ele>
      </trkpt>
      <trkpt lat="33.25980484485626" lon="130.29323036782444">
        <ele>12.0</ele>
      </trkpt>
      <trkpt lat="33.25976905412972" lon="130.29322651214898">
        <ele>12.0</ele>
      </trkpt>
      <trkpt lat="33.259724378585815" lon="130.29322039335966">
        <ele>12.0</ele>
      </trkpt>
      <trkpt lat="33.25968682765961" lon="130.2932234108448">
        <ele>12.0</ele>
      </trkpt>
      <trkpt lat="33.25964625924826" lon="130.29321871697903">
        <ele>12.0</ele>
      </trkpt>
      <trkpt lat="33.2596130669117" lon="130.29321938753128">
        <ele>12.0</ele>
      </trkpt>
      <trkpt lat="33.25957065448165" lon="130.293213352561">
        <ele>12.0</ele>
      </trkpt>
      <trkpt lat="33.25953293591738" lon="130.29321234673262">
        <ele>12.0</ele>
      </trkpt>
      <trkpt lat="33.259492283686996" lon="130.29320790432394">
        <ele>12.2</ele>
      </trkpt>
      <trkpt lat="33.25945481657982" lon="130.2932064794004">
        <ele>12.2</ele>
      </trkpt>
      <trkpt lat="33.25941131450236" lon="130.29320538975298">
        <ele>12.2</ele>
      </trkpt>
      <trkpt lat="33.259367225691676" lon="130.29320547357202">
        <ele>12.2</ele>
      </trkpt>
      <trkpt lat="33.25932866893709" lon="130.2932030428201">
        <ele>12.4</ele>
      </trkpt>
      <trkpt lat="33.25928349047899" lon="130.29319918714464">
        <ele>12.4</ele>
      </trkpt>
      <trkpt lat="33.25924719683826" lon="130.2932017017156">
        <ele>12.4</ele>
      </trkpt>
      <trkpt lat="33.259200006723404" lon="130.29319315217435">
        <ele>12.4</ele>
      </trkpt>
      <trkpt lat="33.2591622043401" lon="130.29318938031793">
        <ele>12.2</ele>
      </trkpt>
      <trkpt lat="33.25911576859653" lon="130.29318124987185">
        <ele>12.2</ele>
      </trkpt>
      <trkpt lat="33.259080396965146" lon="130.29317781329155">
        <ele>12.2</ele>
      </trkpt>
      <trkpt lat="33.25903672724962" lon="130.2931729517877">
        <ele>12.4</ele>
      </trkpt>
      <trkpt lat="33.25900303199887" lon="130.29317362233996">
        <ele>12.4</ele>
      </trkpt>
      <trkpt lat="33.258954752236605" lon="130.29317060485482">
        <ele>12.2</ele>
      </trkpt>
      <trkpt lat="33.25891594402492" lon="130.2931670844555">
        <ele>12.2</ele>
      </trkpt>
      <trkpt lat="33.25886867009103" lon="130.29316029511392">
        <ele>12.2</ele>
      </trkpt>
      <trkpt lat="33.25883287936449" lon="130.2931549306959">
        <ele>12.2</ele>
      </trkpt>
      <trkpt lat="33.25878870673478" lon="130.29314604587853">
        <ele>12.2</ele>
      </trkpt>
      <trkpt lat="33.25875618495047" lon="130.29314336366951">
        <ele>12.2</ele>
      </trkpt>
      <trkpt lat="33.258711006492376" lon="130.29313900507987">
        <ele>12.2</ele>
      </trkpt>
      <trkpt lat="33.25868141837418" lon="130.29314839281142">
        <ele>12.2</ele>
      </trkpt>
      <trkpt lat="33.258635150268674" lon="130.29314487241209">
        <ele>12.2</ele>
      </trkpt>
      <trkpt lat="33.25860254466534" lon="130.29314311221242">
        <ele>12.0</ele>
      </trkpt>
      <trkpt lat="33.25855585746467" lon="130.29313900507987">
        <ele>12.0</ele>
      </trkpt>
      <trkpt lat="33.25852199457586" lon="130.2931338082999">
        <ele>11.8</ele>
      </trkpt>
      <trkpt lat="33.25847472064197" lon="130.293128779158">
        <ele>11.6</ele>
      </trkpt>
      <trkpt lat="33.25844161212444" lon="130.2931327186525">
        <ele>11.6</ele>
      </trkpt>
      <trkpt lat="33.25839593075216" lon="130.29312567785382">
        <ele>11.6</ele>
      </trkpt>
      <trkpt lat="33.258361062034965" lon="130.29312735423446">
        <ele>11.8</ele>
      </trkpt>
      <trkpt lat="33.25831152498722" lon="130.29311947524548">
        <ele>11.8</ele>
      </trkpt>
      <trkpt lat="33.25827640481293" lon="130.29312291182578">
        <ele>11.8</ele>
      </trkpt>
      <trkpt lat="33.258231142535806" lon="130.2931184694171">
        <ele>11.8</ele>
      </trkpt>
      <trkpt lat="33.258198872208595" lon="130.29311603866518">
        <ele>11.8</ele>
      </trkpt>
      <trkpt lat="33.25814791023731" lon="130.29310849495232">
        <ele>11.8</ele>
      </trkpt>
      <trkpt lat="33.2581156399101" lon="130.29311067424715">
        <ele>11.8</ele>
      </trkpt>
      <trkpt lat="33.25806668959558" lon="130.29310363344848">
        <ele>11.8</ele>
      </trkpt>
      <trkpt lat="33.25803156942129" lon="130.2931105904281">
        <ele>11.8</ele>
      </trkpt>
      <trkpt lat="33.2579845469445" lon="130.2931065671146">
        <ele>11.8</ele>
      </trkpt>
      <trkpt lat="33.2579499296844" lon="130.29311360791326">
        <ele>11.8</ele>
      </trkpt>
      <trkpt lat="33.25790542177856" lon="130.2931097522378">
        <ele>11.8</ele>
      </trkpt>
      <trkpt lat="33.25787608511746" lon="130.29311536811292">
        <ele>11.8</ele>
      </trkpt>
      <trkpt lat="33.25783015228808" lon="130.29310883022845">
        <ele>11.8</ele>
      </trkpt>
      <trkpt lat="33.257798217236996" lon="130.29310857877135">
        <ele>11.8</ele>
      </trkpt>
      <trkpt lat="33.257763432338834" lon="130.29309843666852">
        <ele>11.8</ele>
      </trkpt>
      <trkpt lat="33.2577218580991" lon="130.2930893842131">
        <ele>11.8</ele>
      </trkpt>
      <trkpt lat="33.25767978094518" lon="130.2930815052241">
        <ele>11.8</ele>
      </trkpt>
      <trkpt lat="33.257642816752195" lon="130.29307865537703">
        <ele>11.8</ele>
      </trkpt>
      <trkpt lat="33.25760057196021" lon="130.2930769789964">
        <ele>11.8</ele>
      </trkpt>
      <trkpt lat="33.257553884759545" lon="130.29307764954865">
        <ele>11.8</ele>
      </trkpt>
      <trkpt lat="33.25751549564302" lon="130.29307505115867">
        <ele>12.0</ele>
      </trkpt>
      <trkpt lat="33.2574697304517" lon="130.29307496733963">
        <ele>12.0</ele>
      </trkpt>
      <trkpt lat="33.257435616105795" lon="130.2930716983974">
        <ele>12.0</ele>
      </trkpt>
      <trkpt lat="33.2573851570487" lon="130.29306918382645">
        <ele>12.0</ele>
      </trkpt>
      <trkpt lat="33.25734903104603" lon="130.293065328151">
        <ele>11.8</ele>
      </trkpt>
      <trkpt lat="33.25730494223535" lon="130.2930682618171">
        <ele>12.0</ele>
      </trkpt>
      <trkpt lat="33.25727376155555" lon="130.2930696029216">
        <ele>12.0</ele>
      </trkpt>
      <trkpt lat="33.257222548127174" lon="130.29306566342711">
        <ele>12.0</ele>
      </trkpt>
      <trkpt lat="33.2571882661432" lon="130.29306884855032">
        <ele>12.0</ele>
      </trkpt>
      <trkpt lat="33.25714283622801" lon="130.2930703572929">
        <ele>12.0</ele>
      </trkpt>
      <trkpt lat="33.257105285301805" lon="130.29307178221643">
        <ele>12.0</ele>
      </trkpt>
      <trkpt lat="33.25706102885306" lon="130.29306859709322">
        <ele>12.0</ele>
      </trkpt>
      <trkpt lat="33.25702683068812" lon="130.29306801036">
        <ele>12.0</ele>
      </trkpt>
      <trkpt lat="33.25697913765907" lon="130.2930632326752">
        <ele>12.0</ele>
      </trkpt>
      <trkpt lat="33.256953321397305" lon="130.2930703572929">
        <ele>12.0</ele>
      </trkpt>
      <trkpt lat="33.25691099278629" lon="130.293065328151">
        <ele>12.0</ele>
      </trkpt>
      <trkpt lat="33.25687453150749" lon="130.29306608252227">
        <ele>12.0</ele>
      </trkpt>
      <trkpt lat="33.256833627820015" lon="130.29305526986718">
        <ele>12.0</ele>
      </trkpt>
      <trkpt lat="33.25679389759898" lon="130.2930540125817">
        <ele>12.0</ele>
      </trkpt>
      <trkpt lat="33.256748132407665" lon="130.2930487319827">
        <ele>12.0</ele>
      </trkpt>
      <trkpt lat="33.256706725806" lon="130.2930476423353">
        <ele>12.0</ele>
      </trkpt>
      <trkpt lat="33.25666615739465" lon="130.29304730705917">
        <ele>12.0</ele>
      </trkpt>
      <trkpt lat="33.256624499335885" lon="130.29304454103112">
        <ele>12.0</ele>
      </trkpt>
      <trkpt lat="33.256586445495486" lon="130.29304009862244">
        <ele>11.8</ele>
      </trkpt>
      <trkpt lat="33.25654545798898" lon="130.29304043389857">
        <ele>11.8</ele>
      </trkpt>
      <trkpt lat="33.25650556012988" lon="130.29303984716535">
        <ele>11.8</ele>
      </trkpt>
      <trkpt lat="33.256462728604674" lon="130.29303833842278">
        <ele>11.8</ele>
      </trkpt>
      <trkpt lat="33.256424171850085" lon="130.29303909279406">
        <ele>11.8</ele>
      </trkpt>
      <trkpt lat="33.256383603438735" lon="130.2930386736989">
        <ele>11.8</ele>
      </trkpt>
      <trkpt lat="33.25634781271219" lon="130.29303465038538">
        <ele>11.8</ele>
      </trkpt>
      <trkpt lat="33.25630774721503" lon="130.2930338960141">
        <ele>11.8</ele>
      </trkpt>
      <trkpt lat="33.25627296231687" lon="130.2930323034525">
        <ele>11.8</ele>
      </trkpt>
      <trkpt lat="33.256232142448425" lon="130.29303557239473">
        <ele>11.8</ele>
      </trkpt>
      <trkpt lat="33.25619425624609" lon="130.29303171671927">
        <ele>11.8</ele>
      </trkpt>
      <trkpt lat="33.25615402311087" lon="130.2930312976241">
        <ele>11.8</ele>
      </trkpt>
      <trkpt lat="33.25612007640302" lon="130.293025681749">
        <ele>11.8</ele>
      </trkpt>
      <trkpt lat="33.256077663972974" lon="130.293023083359">
        <ele>12.0</ele>
      </trkpt>
      <trkpt lat="33.256038604304194" lon="130.2930183056742">
        <ele>12.0</ele>
      </trkpt>
      <trkpt lat="33.255992671474814" lon="130.29301654547453">
        <ele>12.0</ele>
      </trkpt>
      <trkpt lat="33.25595436617732" lon="130.2930132765323">
        <ele>12.2</ele>
      </trkpt>
      <trkpt lat="33.255912624299526" lon="130.293009839952">
        <ele>12.2</ele>
      </trkpt>
      <trkpt lat="33.2558758277446" lon="130.29300422407687">
        <ele>12.2</ele>
      </trkpt>
      <trkpt lat="33.255827967077494" lon="130.29300187714398">
        <ele>12.2</ele>
      </trkpt>
      <trkpt lat="33.25579066760838" lon="130.29299810528755">
        <ele>12.2</ele>
      </trkpt>
      <trkpt lat="33.25574322603643" lon="130.29299408197403">
        <ele>12.2</ele>
      </trkpt>
      <trkpt lat="33.255704920738935" lon="130.29299207031727">
        <ele>11.8</ele>
      </trkpt>
      <trkpt lat="33.2556617539376" lon="130.29298813082278">
        <ele>11.8</ele>
      </trkpt>
      <trkpt lat="33.25562403537333" lon="130.29298217967153">
        <ele>11.8</ele>
      </trkpt>
      <trkpt lat="33.25557567179203" lon="130.29297539032996">
        <ele>11.8</ele>
      </trkpt>
      <trkpt lat="33.25554432347417" lon="130.29297396540642">
        <ele>11.6</ele>
      </trkpt>
      <trkpt lat="33.25549889355898" lon="130.29296700842679">
        <ele>11.6</ele>
      </trkpt>
      <trkpt lat="33.25546360574663" lon="130.29296742752194">
        <ele>11.4</ele>
      </trkpt>
      <trkpt lat="33.255418008193374" lon="130.29295904561877">
        <ele>11.2</ele>
      </trkpt>
      <trkpt lat="33.255383390933275" lon="130.29295057989657">
        <ele>11.2</ele>
      </trkpt>
      <trkpt lat="33.25533687137067" lon="130.29294177889824">
        <ele>11.2</ele>
      </trkpt>
      <trkpt lat="33.2553028408438" lon="130.29293708503246">
        <ele>11.4</ele>
      </trkpt>
      <trkpt lat="33.25525280088186" lon="130.2929316367954">
        <ele>11.4</ele>
      </trkpt>
      <trkpt lat="33.25521944090724" lon="130.29293180443347">
        <ele>11.6</ele>
      </trkpt>
      <trkpt lat="33.25517510063946" lon="130.29292258433998">
        <ele>11.6</ele>
      </trkpt>
      <trkpt lat="33.25514626689255" lon="130.29292593710124">
        <ele>11.6</ele>
      </trkpt>
      <trkpt lat="33.25510159134865" lon="130.29291721992195">
        <ele>11.6</ele>
      </trkpt>
      <trkpt lat="33.25506999157369" lon="130.29291529208422">
        <ele>11.6</ele>
      </trkpt>
      <trkpt lat="33.25502590276301" lon="130.29290137812495">
        <ele>11.6</ele>
      </trkpt>
      <trkpt lat="33.25499044731259" lon="130.29289467260242">
        <ele>11.6</ele>
      </trkpt>
      <trkpt lat="33.254945017397404" lon="130.29288050718606">
        <ele>11.8</ele>
      </trkpt>
      <trkpt lat="33.25491308234632" lon="130.2928740531206">
        <ele>11.8</ele>
      </trkpt>
      <trkpt lat="33.25487159192562" lon="130.29285636730492">
        <ele>11.8</ele>
      </trkpt>
      <trkpt lat="33.25484208762646" lon="130.29285251162946">
        <ele>11.8</ele>
      </trkpt>
      <trkpt lat="33.25480378232896" lon="130.29283767566085">
        <ele>11.8</ele>
      </trkpt>
      <trkpt lat="33.254764722660184" lon="130.2928325626999">
        <ele>11.8</ele>
      </trkpt>
      <trkpt lat="33.25471996329725" lon="130.2928145416081">
        <ele>11.8</ele>
      </trkpt>
      <trkpt lat="33.25467956252396" lon="130.29280481860042">
        <ele>11.8</ele>
      </trkpt>
      <trkpt lat="33.25463958084583" lon="130.2927899826318">
        <ele>11.8</ele>
      </trkpt>
      <trkpt lat="33.25460370630026" lon="130.29277816414833">
        <ele>11.8</ele>
      </trkpt>
      <trkpt lat="33.254563976079226" lon="130.29276324436069">
        <ele>12.0</ele>
      </trkpt>
      <trkpt lat="33.25452525168657" lon="130.29274933040142">
        <ele>12.0</ele>
      </trkpt>
      <trkpt lat="33.25448761694133" lon="130.29273298569024">
        <ele>12.0</ele>
      </trkpt>
      <trkpt lat="33.25444403104484" lon="130.29272108338773">
        <ele>12.0</ele>
      </trkpt>
      <trkpt lat="33.254406061023474" lon="130.292703313753">
        <ele>12.0</ele>
      </trkpt>
      <trkpt lat="33.25436540879309" lon="130.29268948361278">
        <ele>12.2</ele>
      </trkpt>
      <trkpt lat="33.25433121062815" lon="130.29267406091094">
        <ele>12.2</ele>
      </trkpt>
      <trkpt lat="33.25429307296872" lon="130.29265830293298">
        <ele>12.2</ele>
      </trkpt>
      <trkpt lat="33.25426214374602" lon="130.29264581389725">
        <ele>12.2</ele>
      </trkpt>
      <trkpt lat="33.25422082096338" lon="130.29262804426253">
        <ele>12.4</ele>
      </trkpt>
      <trkpt lat="33.254185700789094" lon="130.29261387884617">
        <ele>12.4</ele>
      </trkpt>
      <trkpt lat="33.254142785444856" lon="130.292594935745">
        <ele>12.6</ele>
      </trkpt>
      <trkpt lat="33.254105150699615" lon="130.29258211143315">
        <ele>12.6</ele>
      </trkpt>
      <trkpt lat="33.25406332500279" lon="130.2925676945597">
        <ele>12.6</ele>
      </trkpt>
      <trkpt lat="33.25403256341815" lon="130.292563252151">
        <ele>12.6</ele>
      </trkpt>
      <trkpt lat="33.2539832778275" lon="130.29254808090627">
        <ele>12.6</ele>
      </trkpt>
      <trkpt lat="33.25395142659545" lon="130.29253953136504">
        <ele>12.6</ele>
      </trkpt>
      <trkpt lat="33.25390842743218" lon="130.2925217617303">
        <ele>12.6</ele>
      </trkpt>
      <trkpt lat="33.253873474895954" lon="130.29251421801746">
        <ele>12.6</ele>
      </trkpt>
      <trkpt lat="33.25382938608527" lon="130.29250022023916">
        <ele>12.6</ele>
      </trkpt>
      <trkpt lat="33.25379217043519" lon="130.29249058105052">
        <ele>12.8</ele>
      </trkpt>
      <trkpt lat="33.253752356395125" lon="130.29247817583382">
        <ele>12.8</ele>
      </trkpt>
      <trkpt lat="33.253719164058566" lon="130.2924699615687">
        <ele>12.8</ele>
      </trkpt>
      <trkpt lat="33.25367834419012" lon="130.29245344921947">
        <ele>12.8</ele>
      </trkpt>
      <trkpt lat="33.25364221818745" lon="130.29244230128825">
        <ele>12.8</ele>
      </trkpt>
      <trkpt lat="33.25359377078712" lon="130.2924297284335">
        <ele>12.8</ele>
      </trkpt>
      <trkpt lat="33.25355957262218" lon="130.29242562130094">
        <ele>12.8</ele>
      </trkpt>
      <trkpt lat="33.25351229868829" lon="130.29241053387523">
        <ele>13.0</ele>
      </trkpt>
      <trkpt lat="33.25347407720983" lon="130.29240340925753">
        <ele>13.0</ele>
      </trkpt>
      <trkpt lat="33.25343300588429" lon="130.29238890856504">
        <ele>13.0</ele>
      </trkpt>
      <trkpt lat="33.25340190902352" lon="130.29238044284284">
        <ele>13.0</ele>
      </trkpt>
      <trkpt lat="33.25335765257478" lon="130.29236569069326">
        <ele>13.0</ele>
      </trkpt>
      <trkpt lat="33.25332462787628" lon="130.2923607453704">
        <ele>13.0</ele>
      </trkpt>
      <trkpt lat="33.253282802179456" lon="130.29235085472465">
        <ele>13.0</ele>
      </trkpt>
      <trkpt lat="33.25325313024223" lon="130.29234934598207">
        <ele>13.0</ele>
      </trkpt>
      <trkpt lat="33.25320828706026" lon="130.2923393715173">
        <ele>13.0</ele>
      </trkpt>
      <trkpt lat="33.253171322867274" lon="130.29233417473733">
        <ele>13.0</ele>
      </trkpt>
      <trkpt lat="33.25312220491469" lon="130.29232344590127">
        <ele>13.0</ele>
      </trkpt>
      <trkpt lat="33.25308674946427" lon="130.2923232782632">
        <ele>13.0</ele>
      </trkpt>
      <trkpt lat="33.25304022990167" lon="130.2923176623881">
        <ele>13.0</ele>
      </trkpt>
      <trkpt lat="33.25300561264157" lon="130.29231615364552">
        <ele>12.8</ele>
      </trkpt>
      <trkpt lat="33.25295766815543" lon="130.29230718500912">
        <ele>12.8</ele>
      </trkpt>
      <trkpt lat="33.25291902758181" lon="130.29230785556138">
        <ele>12.8</ele>
      </trkpt>
      <trkpt lat="33.25287795625627" lon="130.29230257496238">
        <ele>12.8</ele>
      </trkpt>
      <trkpt lat="33.25284359045327" lon="130.29230140149593">
        <ele>12.6</ele>
      </trkpt>
      <trkpt lat="33.252798076719046" lon="130.29229159466922">
        <ele>12.6</ele>
      </trkpt>
      <trkpt lat="33.25276563875377" lon="130.2922928519547">
        <ele>12.6</ele>
      </trkpt>
      <trkpt lat="33.25272113084793" lon="130.29228815808892">
        <ele>12.6</ele>
      </trkpt>
      <trkpt lat="33.25268207117915" lon="130.29228346422315">
        <ele>12.6</ele>
      </trkpt>
      <trkpt lat="33.25263353995979" lon="130.29227826744318">
        <ele>12.4</ele>
      </trkpt>
      <trkpt lat="33.25260227546096" lon="130.29228145256639">
        <ele>12.4</ele>
      </trkpt>
      <trkpt lat="33.25255743227899" lon="130.2922772616148">
        <ele>12.4</ele>
      </trkpt>
      <trkpt lat="33.252526335418224" lon="130.29227717779577">
        <ele>12.4</ele>
      </trkpt>
      <trkpt lat="33.252482330426574" lon="130.29227231629193">
        <ele>12.4</ele>
      </trkpt>
      <trkpt lat="33.25244503095746" lon="130.29227659106255">
        <ele>12.4</ele>
      </trkpt>
      <trkpt lat="33.252397421747446" lon="130.29227298684418">
        <ele>12.4</ele>
      </trkpt>
      <trkpt lat="33.25236330740154" lon="130.29227684251964">
        <ele>12.4</ele>
      </trkpt>
      <trkpt lat="33.25231368653476" lon="130.2922719810158">
        <ele>12.4</ele>
      </trkpt>
      <trkpt lat="33.25227496214211" lon="130.29227114282548">
        <ele>12.4</ele>
      </trkpt>
      <trkpt lat="33.252226347103715" lon="130.29226552695036">
        <ele>12.4</ele>
      </trkpt>
      <trkpt lat="33.252192735672" lon="130.29226762242615">
        <ele>12.4</ele>
      </trkpt>
      <trkpt lat="33.25214688666165" lon="130.2922667004168">
        <ele>12.2</ele>
      </trkpt>
      <trkpt lat="33.25211193412542" lon="130.29227281920612">
        <ele>12.0</ele>
      </trkpt>
      <trkpt lat="33.25206256471574" lon="130.2922692988068">
        <ele>12.0</ele>
      </trkpt>
      <trkpt lat="33.252019649371505" lon="130.29226779006422">
        <ele>12.0</ele>
      </trkpt>
      <trkpt lat="33.25197405181825" lon="130.29226552695036">
        <ele>11.8</ele>
      </trkpt>
      <trkpt lat="33.25193826109171" lon="130.29227399267256">
        <ele>11.8</ele>
      </trkpt>
      <trkpt lat="33.2518922444433" lon="130.29227189719677">
        <ele>11.8</ele>
      </trkpt>
      <trkpt lat="33.25185435824096" lon="130.29227524995804">
        <ele>11.8</ele>
      </trkpt>
      <trkpt lat="33.25180968269706" lon="130.29226728715003">
        <ele>11.6</ele>
      </trkpt>
      <trkpt lat="33.251775400713086" lon="130.29226996935904">
        <ele>11.6</ele>
      </trkpt>
      <trkpt lat="33.25173634104431" lon="130.29227667488158">
        <ele>11.6</ele>
      </trkpt>
      <trkpt lat="33.25169485062361" lon="130.29228530824184">
        <ele>11.6</ele>
      </trkpt>
      <trkpt lat="33.251655120402575" lon="130.29229360632598">
        <ele>11.4</ele>
      </trkpt>
      <trkpt lat="33.25160801410675" lon="130.2922994736582">
        <ele>11.6</ele>
      </trkpt>
      <trkpt lat="33.2515708822757" lon="130.2923047542572">
        <ele>11.4</ele>
      </trkpt>
      <trkpt lat="33.25152503326535" lon="130.29230835847557">
        <ele>11.4</ele>
      </trkpt>
      <trkpt lat="33.251489996910095" lon="130.29230626299977">
        <ele>11.4</ele>
      </trkpt>
      <trkpt lat="33.251444986090064" lon="130.29231145977974">
        <ele>11.4</ele>
      </trkpt>
      <trkpt lat="33.25141254812479" lon="130.29231271706522">
        <ele>11.4</ele>
      </trkpt>
      <trkpt lat="33.25136510655284" lon="130.29231791384518">
        <ele>11.4</ele>
      </trkpt>
      <trkpt lat="33.251333171501756" lon="130.29232260771096">
        <ele>11.4</ele>
      </trkpt>
      <trkpt lat="33.25129243545234" lon="130.29232948087156">
        <ele>11.4</ele>
      </trkpt>
      <trkpt lat="33.25125815346837" lon="130.29233668930829">
        <ele>11.4</ele>
      </trkpt>
      <trkpt lat="33.25120844878256" lon="130.292341215536">
        <ele>11.4</ele>
      </trkpt>
      <trkpt lat="33.25117609463632" lon="130.2923446521163">
        <ele>11.4</ele>
      </trkpt>
      <trkpt lat="33.25113359838724" lon="130.2923507709056">
        <ele>11.4</ele>
      </trkpt>
      <trkpt lat="33.25109646655619" lon="130.29235169291496">
        <ele>11.4</ele>
      </trkpt>
      <trkpt lat="33.251053132116795" lon="130.29235831461847">
        <ele>11.2</ele>
      </trkpt>
      <trkpt lat="33.251020945608616" lon="130.29236996546388">
        <ele>11.4</ele>
      </trkpt>
      <trkpt lat="33.25097325257957" lon="130.29237683862448">
        <ele>11.2</ele>
      </trkpt>
      <trkpt lat="33.25093989260495" lon="130.2923874836415">
        <ele>11.2</ele>
      </trkpt>
      <trkpt lat="33.25088666751981" lon="130.29239385388792">
        <ele>11.4</ele>
      </trkpt>
      <trkpt lat="33.25084953568876" lon="130.29240718111396">
        <ele>11.4</ele>
      </trkpt>
      <trkpt lat="33.25080368667841" lon="130.29241564683616">
        <ele>11.4</ele>
      </trkpt>
      <trkpt lat="33.25076890178025" lon="130.29243232682347">
        <ele>11.4</ele>
      </trkpt>
      <trkpt lat="33.250724310055375" lon="130.2924453187734">
        <ele>11.4</ele>
      </trkpt>
      <trkpt lat="33.25068491511047" lon="130.29245261102915">
        <ele>11.4</ele>
      </trkpt>
      <trkpt lat="33.25063839554787" lon="130.29245931655169">
        <ele>11.4</ele>
      </trkpt>
      <trkpt lat="33.250600676983595" lon="130.29246736317873">
        <ele>11.2</ele>
      </trkpt>
      <trkpt lat="33.25055633671582" lon="130.2924720570445">
        <ele>11.2</ele>
      </trkpt>
      <trkpt lat="33.25052515603602" lon="130.29247876256704">
        <ele>11.2</ele>
      </trkpt>
      <trkpt lat="33.25048349797726" lon="130.29248253442347">
        <ele>11.2</ele>
      </trkpt>
      <trkpt lat="33.25044737197459" lon="130.29249116778374">
        <ele>11.0</ele>
      </trkpt>
      <trkpt lat="33.25040554627776" lon="130.29249812476337">
        <ele>11.0</ele>
      </trkpt>
      <trkpt lat="33.250371515750885" lon="130.29250365681946">
        <ele>11.0</ele>
      </trkpt>
      <trkpt lat="33.25032985769212" lon="130.29250784777105">
        <ele>11.2</ele>
      </trkpt>
      <trkpt lat="33.25029348023236" lon="130.2925132960081">
        <ele>11.2</ele>
      </trkpt>
      <trkpt lat="33.25025106780231" lon="130.29251874424517">
        <ele>11.2</ele>
      </trkpt>
      <trkpt lat="33.250213181599975" lon="130.29252368956804">
        <ele>11.2</ele>
      </trkpt>
      <trkpt lat="33.25016808696091" lon="130.29252972453833">
        <ele>11.0</ele>
      </trkpt>
      <trkpt lat="33.25013095512986" lon="130.2925438899547">
        <ele>11.0</ele>
      </trkpt>
      <trkpt lat="33.25009189546108" lon="130.29256643727422">
        <ele>11.0</ele>
      </trkpt>
      <trkpt lat="33.25006742030382" lon="130.29259527102113">
        <ele>11.0</ele>
      </trkpt>
      <trkpt lat="33.2500462140888" lon="130.29263466596603">
        <ele>11.0</ele>
      </trkpt>
      <trkpt lat="33.2500390894711" lon="130.29267380945385">
        <ele>11.2</ele>
      </trkpt>
      <trkpt lat="33.25003867037594" lon="130.2927120309323">
        <ele>11.2</ele>
      </trkpt>
      <trkpt lat="33.25004235841334" lon="130.2927487436682">
        <ele>11.2</ele>
      </trkpt>
      <trkpt lat="33.250046633183956" lon="130.29279467649758">
        <ele>11.2</ele>
      </trkpt>
      <trkpt lat="33.25005375780165" lon="130.2928383462131">
        <ele>11.4</ele>
      </trkpt>
      <trkpt lat="33.25005937367678" lon="130.29288679361343">
        <ele>11.4</ele>
      </trkpt>
      <trkpt lat="33.25006700120866" lon="130.29293540865183">
        <ele>11.4</ele>
      </trkpt>
      <trkpt lat="33.25007085688412" lon="130.2929802518338">
        <ele>11.4</ele>
      </trkpt>
      <trkpt lat="33.25007454492152" lon="130.29302459210157">
        <ele>11.4</ele>
      </trkpt>
      <trkpt lat="33.25007999315858" lon="130.2930714469403">
        <ele>11.4</ele>
      </trkpt>
      <trkpt lat="33.25008510611951" lon="130.29311880469322">
        <ele>11.4</ele>
      </trkpt>
      <trkpt lat="33.25008829124272" lon="130.2931660786271">
        <ele>11.2</ele>
      </trkpt>
      <trkpt lat="33.250098433345556" lon="130.29321192763746">
        <ele>11.4</ele>
      </trkpt>
      <trkpt lat="33.25010237284005" lon="130.29325819574296">
        <ele>11.4</ele>
      </trkpt>
      <trkpt lat="33.25010740198195" lon="130.2933077327907">
        <ele>11.4</ele>
      </trkpt>
      <trkpt lat="33.25011318549514" lon="130.29335668310523">
        <ele>11.4</ele>
      </trkpt>
      <trkpt lat="33.25012014247477" lon="130.29340697452426">
        <ele>11.2</ele>
      </trkpt>
      <trkpt lat="33.25012441724539" lon="130.29345408082008">
        <ele>11.2</ele>
      </trkpt>
      <trkpt lat="33.2501305360347" lon="130.29350236058235">
        <ele>11.2</ele>
      </trkpt>
      <trkpt lat="33.250130619853735" lon="130.29354703612626">
        <ele>11.2</ele>
      </trkpt>
      <trkpt lat="33.25013816356659" lon="130.29359875246882">
        <ele>11.2</ele>
      </trkpt>
      <trkpt lat="33.25013967230916" lon="130.29364435002208">
        <ele>11.2</ele>
      </trkpt>
      <trkpt lat="33.25014830566943" lon="130.29369338415563">
        <ele>11.0</ele>
      </trkpt>
      <trkpt lat="33.25014998205006" lon="130.2937345393002">
        <ele>11.0</ele>
      </trkpt>
      <trkpt lat="33.250156519934535" lon="130.2937847469002">
        <ele>11.0</ele>
      </trkpt>
      <trkpt lat="33.250155514106154" lon="130.29382657259703">
        <ele>11.0</ele>
      </trkpt>
      <trkpt lat="33.25015920214355" lon="130.293879378587">
        <ele>11.0</ele>
      </trkpt>
      <trkpt lat="33.25015777722001" lon="130.29392313212156">
        <ele>11.0</ele>
      </trkpt>
      <trkpt lat="33.25016221962869" lon="130.29397627338767">
        <ele>11.0</ele>
      </trkpt>
      <trkpt lat="33.25016523711383" lon="130.29402539134026">
        <ele>11.0</ele>
      </trkpt>
      <trkpt lat="33.250163812190294" lon="130.29407316818833">
        <ele>11.0</ele>
      </trkpt>
      <trkpt lat="33.250164818018675" lon="130.29411893337965">
        <ele>11.0</ele>
      </trkpt>
      <trkpt lat="33.25016909278929" lon="130.29417098499835">
        <ele>11.0</ele>
      </trkpt>
      <trkpt lat="33.25017722323537" lon="130.29421884566545">
        <ele>11.0</ele>
      </trkpt>
      <trkpt lat="33.250181498005986" lon="130.29427517205477">
        <ele>11.0</ele>
      </trkpt>
      <trkpt lat="33.250189293175936" lon="130.2943217754364">
        <ele>11.0</ele>
      </trkpt>
      <trkpt lat="33.250193232670426" lon="130.294370893389">
        <ele>11.0</ele>
      </trkpt>
      <trkpt lat="33.250197004526854" lon="130.29441632330418">
        <ele>11.0</ele>
      </trkpt>
      <trkpt lat="33.25019968673587" lon="130.29446988366544">
        <ele>11.2</ele>
      </trkpt>
      <trkpt lat="33.2502032071352" lon="130.2945131342858">
        <ele>11.0</ele>
      </trkpt>
      <trkpt lat="33.250209325924516" lon="130.29456644318998">
        <ele>11.2</ele>
      </trkpt>
      <trkpt lat="33.25021485798061" lon="130.2946085203439">
        <ele>11.2</ele>
      </trkpt>
      <trkpt lat="33.25021980330348" lon="130.29466459527612">
        <ele>11.2</ele>
      </trkpt>
      <trkpt lat="33.25022608973086" lon="130.29470826499164">
        <ele>11.2</ele>
      </trkpt>
      <trkpt lat="33.250233717262745" lon="130.29475696384907">
        <ele>11.2</ele>
      </trkpt>
      <trkpt lat="33.25023648329079" lon="130.2947985380888">
        <ele>11.2</ele>
      </trkpt>
      <trkpt lat="33.25024134479463" lon="130.2948526851833">
        <ele>11.4</ele>
      </trkpt>
      <trkpt lat="33.25024360790849" lon="130.29490012675524">
        <ele>11.4</ele>
      </trkpt>
      <trkpt lat="33.25024729594588" lon="130.29495670460165">
        <ele>11.4</ele>
      </trkpt>
      <trkpt lat="33.25024821795523" lon="130.2950004581362">
        <ele>11.4</ele>
      </trkpt>
      <trkpt lat="33.25025257654488" lon="130.29505494050682">
        <ele>11.4</ele>
      </trkpt>
      <trkpt lat="33.250258611515164" lon="130.29509332962334">
        <ele>11.4</ele>
      </trkpt>
      <trkpt lat="33.25026615522802" lon="130.29514471068978">
        <ele>11.4</ele>
      </trkpt>
      <trkpt lat="33.25027110055089" lon="130.29518511146307">
        <ele>11.4</ele>
      </trkpt>
      <trkpt lat="33.25027856044471" lon="130.29524101875722">
        <ele>11.4</ele>
      </trkpt>
      <trkpt lat="33.25028903782368" lon="130.29528435319662">
        <ele>11.2</ele>
      </trkpt>
      <trkpt lat="33.25029616244137" lon="130.29533657245338">
        <ele>11.2</ele>
      </trkpt>
      <trkpt lat="33.25030395761132" lon="130.29538007453084">
        <ele>11.2</ele>
      </trkpt>
      <trkpt lat="33.25031166896224" lon="130.29543908312917">
        <ele>11.2</ele>
      </trkpt>
      <trkpt lat="33.25031083077192" lon="130.2954859379679">
        <ele>11.2</ele>
      </trkpt>
      <trkpt lat="33.25031753629446" lon="130.29554503038526">
        <ele>11.2</ele>
      </trkpt>
      <trkpt lat="33.25032734312117" lon="130.29558098874986">
        <ele>11.2</ele>
      </trkpt>
      <trkpt lat="33.25033740140498" lon="130.29562901705503">
        <ele>11.2</ele>
      </trkpt>
      <trkpt lat="33.25034377165139" lon="130.2956683281809">
        <ele>11.2</ele>
      </trkpt>
      <trkpt lat="33.25034972280264" lon="130.29571937397122">
        <ele>11.2</ele>
      </trkpt>
      <trkpt lat="33.2503535784781" lon="130.29576773755252">
        <ele>11.2</ele>
      </trkpt>
      <trkpt lat="33.25035768561065" lon="130.29581878334284">
        <ele>11.2</ele>
      </trkpt>
      <trkpt lat="33.25036430731416" lon="130.29586639255285">
        <ele>11.2</ele>
      </trkpt>
      <trkpt lat="33.25037168338895" lon="130.29591651633382">
        <ele>11.2</ele>
      </trkpt>
      <trkpt lat="33.250376377254725" lon="130.29596596956253">
        <ele>11.2</ele>
      </trkpt>
      <trkpt lat="33.25037620961666" lon="130.2960110642016">
        <ele>11.2</ele>
      </trkpt>
      <trkpt lat="33.25038459151983" lon="130.2960621099919">
        <ele>11.2</ele>
      </trkpt>
      <trkpt lat="33.25039037503302" lon="130.29610661789775">
        <ele>11.2</ele>
      </trkpt>
      <trkpt lat="33.25039699673653" lon="130.29615313746035">
        <ele>11.2</ele>
      </trkpt>
      <trkpt lat="33.25040495954454" lon="130.2961987350136">
        <ele>11.2</ele>
      </trkpt>
      <trkpt lat="33.25041099451482" lon="130.29624617658556">
        <ele>11.2</ele>
      </trkpt>
      <trkpt lat="33.250416023656726" lon="130.2962927799672">
        <ele>11.2</ele>
      </trkpt>
      <trkpt lat="33.25042507611215" lon="130.29634307138622">
        <ele>11.4</ele>
      </trkpt>
      <trkpt lat="33.25042901560664" lon="130.29638984240592">
        <ele>11.4</ele>
      </trkpt>
      <trkpt lat="33.25043387711048" lon="130.29644197784364">
        <ele>11.4</ele>
      </trkpt>
      <trkpt lat="33.25043924152851" lon="130.2964886650443">
        <ele>11.4</ele>
      </trkpt>
      <trkpt lat="33.250441923737526" lon="130.29653954319656">
        <ele>11.4</ele>
      </trkpt>
      <trkpt lat="33.250445360317826" lon="130.2965840511024">
        <ele>11.4</ele>
      </trkpt>
      <trkpt lat="33.25044586323202" lon="130.29663727618754">
        <ele>11.6</ele>
      </trkpt>
      <trkpt lat="33.2504518982023" lon="130.29667826369405">
        <ele>11.6</ele>
      </trkpt>
      <trkpt lat="33.25045474804938" lon="130.29672855511308">
        <ele>11.6</ele>
      </trkpt>
      <trkpt lat="33.25045810081065" lon="130.29676786623895">
        <ele>11.6</ele>
      </trkpt>
      <trkpt lat="33.25046639889479" lon="130.29681941494346">
        <ele>11.6</ele>
      </trkpt>
      <trkpt lat="33.250470757484436" lon="130.2968602348119">
        <ele>11.6</ele>
      </trkpt>
      <trkpt lat="33.25047486461699" lon="130.2969120349735">
        <ele>11.6</ele>
      </trkpt>
      <trkpt lat="33.250473188236356" lon="130.2969519328326">
        <ele>11.6</ele>
      </trkpt>
      <trkpt lat="33.25047637335956" lon="130.29700247570872">
        <ele>11.6</ele>
      </trkpt>
      <trkpt lat="33.25047545135021" lon="130.2970438823104">
        <ele>11.6</ele>
      </trkpt>
      <trkpt lat="33.25047830119729" lon="130.2970988675952">
        <ele>11.6</ele>
      </trkpt>
      <trkpt lat="33.250486766919494" lon="130.2971422020346">
        <ele>11.6</ele>
      </trkpt>
      <trkpt lat="33.25049062259495" lon="130.29719308018684">
        <ele>11.6</ele>
      </trkpt>
      <trkpt lat="33.25049732811749" lon="130.2972344867885">
        <ele>11.6</ele>
      </trkpt>
      <trkpt lat="33.25049825012684" lon="130.2972838561982">
        <ele>11.6</ele>
      </trkpt>
      <trkpt lat="33.250505877658725" lon="130.29732928611338">
        <ele>11.6</ele>
      </trkpt>
      <trkpt lat="33.25051199644804" lon="130.29738552868366">
        <ele>11.8</ele>
      </trkpt>
      <trkpt lat="33.25051995925605" lon="130.29743338935077">
        <ele>11.8</ele>
      </trkpt>
      <trkpt lat="33.25051685795188" lon="130.29748611152172">
        <ele>11.8</ele>
      </trkpt>
      <trkpt lat="33.25052423402667" lon="130.29752952978015">
        <ele>11.8</ele>
      </trkpt>
      <trkpt lat="33.25053052045405" lon="130.2975777257234">
        <ele>12.0</ele>
      </trkpt>
      <trkpt lat="33.25053705833852" lon="130.29762617312372">
        <ele>12.0</ele>
      </trkpt>
      <trkpt lat="33.25054342858493" lon="130.29767537489533">
        <ele>11.8</ele>
      </trkpt>
      <trkpt lat="33.25055055320263" lon="130.2977254986763">
        <ele>12.0</ele>
      </trkpt>
      <trkpt lat="33.25055315159261" lon="130.29777763411403">
        <ele>11.8</ele>
      </trkpt>
      <trkpt lat="33.2505573425442" lon="130.2978267520666">
        <ele>11.8</ele>
      </trkpt>
      <trkpt lat="33.250560108572245" lon="130.2978724334389">
        <ele>11.8</ele>
      </trkpt>
      <trkpt lat="33.250567987561226" lon="130.2979223895818">
        <ele>11.8</ele>
      </trkpt>
      <trkpt lat="33.25057100504637" lon="130.29797133989632">
        <ele>11.8</ele>
      </trkpt>
      <trkpt lat="33.250575698912144" lon="130.2980186138302">
        <ele>11.8</ele>
      </trkpt>
      <trkpt lat="33.25057812966406" lon="130.29806421138346">
        <ele>11.8</ele>
      </trkpt>
      <trkpt lat="33.25058391317725" lon="130.2981134969741">
        <ele>11.8</ele>
      </trkpt>
      <trkpt lat="33.25058961287141" lon="130.29815725050867">
        <ele>11.8</ele>
      </trkpt>
      <trkpt lat="33.25059799477458" lon="130.29820284806192">
        <ele>11.8</ele>
      </trkpt>
      <trkpt lat="33.250601598992944" lon="130.29824760742486">
        <ele>12.0</ele>
      </trkpt>
      <trkpt lat="33.250608555972576" lon="130.2983021736145">
        <ele>12.0</ele>
      </trkpt>
      <trkpt lat="33.25060838833451" lon="130.2983534708619">
        <ele>12.0</ele>
      </trkpt>
      <trkpt lat="33.250613333657384" lon="130.29840912669897">
        <ele>12.0</ele>
      </trkpt>
      <trkpt lat="33.25061651878059" lon="130.29845857992768">
        <ele>11.8</ele>
      </trkpt>
      <trkpt lat="33.25061853043735" lon="130.29850929044187">
        <ele>12.0</ele>
      </trkpt>
      <trkpt lat="33.250618781894445" lon="130.29855187050998">
        <ele>11.8</ele>
      </trkpt>
      <trkpt lat="33.250625571236014" lon="130.29860258102417">
        <ele>11.8</ele>
      </trkpt>
      <trkpt lat="33.25062691234052" lon="130.2986425627023">
        <ele>11.8</ele>
      </trkpt>
      <trkpt lat="33.250633450224996" lon="130.29869209975004">
        <ele>11.8</ele>
      </trkpt>
      <trkpt lat="33.25064107775688" lon="130.29873778112233">
        <ele>11.8</ele>
      </trkpt>
      <trkpt lat="33.2506469450891" lon="130.29878824017942">
        <ele>11.8</ele>
      </trkpt>
      <trkpt lat="33.25065080076456" lon="130.2988307364285">
        <ele>11.8</ele>
      </trkpt>
      <trkpt lat="33.250657841563225" lon="130.2988825365901">
        <ele>11.6</ele>
      </trkpt>
      <trkpt lat="33.25066186487675" lon="130.29892620630562">
        <ele>11.8</ele>
      </trkpt>
      <trkpt lat="33.25066555291414" lon="130.29898119159043">
        <ele>11.8</ele>
      </trkpt>
      <trkpt lat="33.250667145475745" lon="130.29902251437306">
        <ele>11.6</ele>
      </trkpt>
      <trkpt lat="33.25067318044603" lon="130.2990762423724">
        <ele>11.6</ele>
      </trkpt>
      <trkpt lat="33.25067619793117" lon="130.29912217520177">
        <ele>11.6</ele>
      </trkpt>
      <trkpt lat="33.25068005360663" lon="130.29917816631496">
        <ele>11.6</ele>
      </trkpt>
      <trkpt lat="33.25068734586239" lon="130.29922208748758">
        <ele>11.6</ele>
      </trkpt>
      <trkpt lat="33.2506987452507" lon="130.29927363619208">
        <ele>11.6</ele>
      </trkpt>
      <trkpt lat="33.25070712715387" lon="130.2993152104318">
        <ele>11.6</ele>
      </trkpt>
      <trkpt lat="33.25071332976222" lon="130.29936835169792">
        <ele>11.8</ele>
      </trkpt>
      <trkpt lat="33.25071534141898" lon="130.2994079142809">
        <ele>11.8</ele>
      </trkpt>
      <trkpt lat="33.25072104111314" lon="130.2994605526328">
        <ele>11.8</ele>
      </trkpt>
      <trkpt lat="33.25072799809277" lon="130.29950103722513">
        <ele>11.8</ele>
      </trkpt>
      <trkpt lat="33.250728165730834" lon="130.2995572797954">
        <ele>11.6</ele>
      </trkpt>
      <trkpt lat="33.250736463814974" lon="130.29960011132061">
        <ele>11.6</ele>
      </trkpt>
      <trkpt lat="33.250742414966226" lon="130.2996529173106">
        <ele>11.6</ele>
      </trkpt>
      <trkpt lat="33.25075012631714" lon="130.29969776049256">
        <ele>11.6</ele>
      </trkpt>
      <trkpt lat="33.250755071640015" lon="130.29975199140608">
        <ele>11.4</ele>
      </trkpt>
      <trkpt lat="33.250760938972235" lon="130.29979767277837">
        <ele>11.4</ele>
      </trkpt>
      <trkpt lat="33.25076965615153" lon="130.29985475353897">
        <ele>11.4</ele>
      </trkpt>
      <trkpt lat="33.25077543966472" lon="130.29989968053997">
        <ele>11.4</ele>
      </trkpt>
      <trkpt lat="33.25078030116856" lon="130.29995575547218">
        <ele>11.2</ele>
      </trkpt>
      <trkpt lat="33.25079061090946" lon="130.29999900609255">
        <ele>11.2</ele>
      </trkpt>
      <trkpt lat="33.250798573717475" lon="130.3000517282635">
        <ele>11.2</ele>
      </trkpt>
      <trkpt lat="33.250804021954536" lon="130.30009397305548">
        <ele>11.4</ele>
      </trkpt>
      <trkpt lat="33.250805865973234" lon="130.3001492936164">
        <ele>11.4</ele>
      </trkpt>
      <trkpt lat="33.25080025009811" lon="130.30020092613995">
        <ele>11.4</ele>
      </trkpt>
      <trkpt lat="33.25078256428242" lon="130.30024903826416">
        <ele>11.6</ele>
      </trkpt>
      <trkpt lat="33.250746354460716" lon="130.30028172768652">
        <ele>11.6</ele>
      </trkpt>
      <trkpt lat="33.25070092454553" lon="130.30030100606382">
        <ele>11.8</ele>
      </trkpt>
      <trkpt lat="33.25066136196256" lon="130.3003210388124">
        <ele>11.8</ele>
      </trkpt>
      <trkpt lat="33.25061542913318" lon="130.30033210292459">
        <ele>12.0</ele>
      </trkpt>
      <trkpt lat="33.25057393871248" lon="130.30034626834095">
        <ele>12.0</ele>
      </trkpt>
      <trkpt lat="33.25052993372083" lon="130.30034953728318">
        <ele>12.0</ele>
      </trkpt>
      <trkpt lat="33.250494645908475" lon="130.30035967938602">
        <ele>12.2</ele>
      </trkpt>
      <trkpt lat="33.25045223347843" lon="130.30036428943276">
        <ele>12.2</ele>
      </trkpt>
      <trkpt lat="33.25041661038995" lon="130.30037040822208">
        <ele>12.2</ele>
      </trkpt>
      <trkpt lat="33.25037218630314" lon="130.30037275515497">
        <ele>12.2</ele>
      </trkpt>
      <trkpt lat="33.25033606030047" lon="130.30037669464946">
        <ele>12.2</ele>
      </trkpt>
      <trkpt lat="33.250290881842375" lon="130.30037887394428">
        <ele>12.2</ele>
      </trkpt>
      <trkpt lat="33.250252744182944" lon="130.30038490891457">
        <ele>12.2</ele>
      </trkpt>
      <trkpt lat="33.250207817181945" lon="130.30039102770388">
        <ele>12.2</ele>
      </trkpt>
      <trkpt lat="33.250169679522514" lon="130.3003963921219">
        <ele>12.0</ele>
      </trkpt>
      <trkpt lat="33.250126680359244" lon="130.30039605684578">
        <ele>12.0</ele>
      </trkpt>
      <trkpt lat="33.25008636340499" lon="130.3004005830735">
        <ele>11.8</ele>
      </trkpt>
      <trkpt lat="33.2500462140888" lon="130.30040100216866">
        <ele>11.8</ele>
      </trkpt>
      <trkpt lat="33.25000522658229" lon="130.30040821060538">
        <ele>11.8</ele>
      </trkpt>
      <trkpt lat="33.249963987618685" lon="130.3004132397473">
        <ele>11.6</ele>
      </trkpt>
      <trkpt lat="33.24992450885475" lon="130.30041759833694">
        <ele>11.4</ele>
      </trkpt>
      <trkpt lat="33.24988134205341" lon="130.3004196099937">
        <ele>11.4</ele>
      </trkpt>
      <trkpt lat="33.249842366203666" lon="130.3004212025553">
        <ele>11.4</ele>
      </trkpt>
      <trkpt lat="33.24980674311519" lon="130.30042447149754">
        <ele>11.4</ele>
      </trkpt>
      <trkpt lat="33.2497647497803" lon="130.30043025501072">
        <ele>11.4</ele>
      </trkpt>
      <trkpt lat="33.24972242116928" lon="130.30043209902942">
        <ele>11.4</ele>
      </trkpt>
      <trkpt lat="33.249679673463106" lon="130.3004381339997">
        <ele>11.6</ele>
      </trkpt>
      <trkpt lat="33.24964262545109" lon="130.30044307932258">
        <ele>11.6</ele>
      </trkpt>
      <trkpt lat="33.24960155412555" lon="130.30044483952224">
        <ele>11.6</ele>
      </trkpt>
      <trkpt lat="33.249565763399005" lon="130.30044618062675">
        <ele>11.6</ele>
      </trkpt>
      <trkpt lat="33.24953374452889" lon="130.300449449569">
        <ele>11.8</ele>
      </trkpt>
      <trkpt lat="33.24950113892555" lon="130.3004518803209">
        <ele>11.8</ele>
      </trkpt>
      <trkpt lat="33.24946040287614" lon="130.30045732855797">
        <ele>11.8</ele>
      </trkpt>
      <trkpt lat="33.24942293576896" lon="130.30046529136598">
        <ele>11.8</ele>
      </trkpt>
      <trkpt lat="33.24938094243407" lon="130.3004716616124">
        <ele>11.8</ele>
      </trkpt>
      <trkpt lat="33.249341463670135" lon="130.3004782833159">
        <ele>11.8</ele>
      </trkpt>
      <trkpt lat="33.2492914237082" lon="130.30049102380872">
        <ele>11.8</ele>
      </trkpt>
      <trkpt lat="33.249246748164296" lon="130.30049798078835">
        <ele>11.8</ele>
      </trkpt>
      <trkpt lat="33.24920240789652" lon="130.30050275847316">
        <ele>11.8</ele>
      </trkpt>
      <trkpt lat="33.249166030436754" lon="130.30050535686314">
        <ele>11.8</ele>
      </trkpt>
      <trkpt lat="33.249120684340596" lon="130.3005087096244">
        <ele>11.8</ele>
      </trkpt>
      <trkpt lat="33.24908321723342" lon="130.3005137387663">
        <ele>11.8</ele>
      </trkpt>
      <trkpt lat="33.24904524721205" lon="130.30051876790822">
        <ele>11.8</ele>
      </trkpt>
      <trkpt lat="33.24901255778968" lon="130.30052237212658">
        <ele>11.8</ele>
      </trkpt>
      <trkpt lat="33.248967127874494" lon="130.30053083784878">
        <ele>11.8</ele>
      </trkpt>
      <trkpt lat="33.24893125332892" lon="130.3005364537239">
        <ele>11.8</ele>
      </trkpt>
      <trkpt lat="33.24888431467116" lon="130.30054349452257">
        <ele>11.8</ele>
      </trkpt>
      <trkpt lat="33.24884860776365" lon="130.3005477692932">
        <ele>11.8</ele>
      </trkpt>
      <trkpt lat="33.248800998553634" lon="130.3005488589406">
        <ele>11.8</ele>
      </trkpt>
      <trkpt lat="33.24876596219838" lon="130.3005546424538">
        <ele>11.8</ele>
      </trkpt>
      <trkpt lat="33.24871667660773" lon="130.30056545510888">
        <ele>11.8</ele>
      </trkpt>
      <trkpt lat="33.248675940558314" lon="130.30057350173593">
        <ele>11.8</ele>
      </trkpt>
      <trkpt lat="33.248632019385695" lon="130.30058272182941">
        <ele>11.8</ele>
      </trkpt>
      <trkpt lat="33.24859564192593" lon="130.30059462413192">
        <ele>11.8</ele>
      </trkpt>
      <trkpt lat="33.248545601964" lon="130.30060107819736">
        <ele>11.8</ele>
      </trkpt>
      <trkpt lat="33.248512325808406" lon="130.3006112203002">
        <ele>11.8</ele>
      </trkpt>
      <trkpt lat="33.24846815317869" lon="130.30061616562307">
        <ele>11.8</ele>
      </trkpt>
      <trkpt lat="33.248431691899896" lon="130.3006233740598">
        <ele>11.8</ele>
      </trkpt>
      <trkpt lat="33.24839313514531" lon="130.30063041485846">
        <ele>11.8</ele>
      </trkpt>
      <trkpt lat="33.24835700914264" lon="130.30063359998167">
        <ele>11.8</ele>
      </trkpt>
      <trkpt lat="33.248311411589384" lon="130.3006437420845">
        <ele>11.8</ele>
      </trkpt>
      <trkpt lat="33.24827930890024" lon="130.3006511181593">
        <ele>11.8</ele>
      </trkpt>
      <trkpt lat="33.24823262169957" lon="130.30065606348217">
        <ele>11.8</ele>
      </trkpt>
      <trkpt lat="33.24819574132562" lon="130.3006630204618">
        <ele>11.8</ele>
      </trkpt>
      <trkpt lat="33.24814938940108" lon="130.30067115090787">
        <ele>11.8</ele>
      </trkpt>
      <trkpt lat="33.24811334721744" lon="130.30068104155362">
        <ele>11.8</ele>
      </trkpt>
      <trkpt lat="33.24806842021644" lon="130.3006849810481">
        <ele>11.8</ele>
      </trkpt>
      <trkpt lat="33.248039251193404" lon="130.30069537460804">
        <ele>11.6</ele>
      </trkpt>
      <trkpt lat="33.247996252030134" lon="130.30070350505412">
        <ele>11.6</ele>
      </trkpt>
      <trkpt lat="33.24796314351261" lon="130.30070853419602">
        <ele>11.6</ele>
      </trkpt>
      <trkpt lat="33.24791830033064" lon="130.30071356333792">
        <ele>11.4</ele>
      </trkpt>
      <trkpt lat="33.24788326397538" lon="130.30072680674493">
        <ele>11.4</ele>
      </trkpt>
      <trkpt lat="33.24783615767956" lon="130.30073577538133">
        <ele>11.4</ele>
      </trkpt>
      <trkpt lat="33.247799864038825" lon="130.30074776150286">
        <ele>11.4</ele>
      </trkpt>
      <trkpt lat="33.24776139110327" lon="130.30075773596764">
        <ele>11.6</ele>
      </trkpt>
      <trkpt lat="33.24772350490093" lon="130.3007634356618">
        <ele>11.6</ele>
      </trkpt>
      <trkpt lat="33.247674303129315" lon="130.30076519586146">
        <ele>11.8</ele>
      </trkpt>
      <trkpt lat="33.247636165469885" lon="130.30077181756496">
        <ele>11.8</ele>
      </trkpt>
      <trkpt lat="33.247593669220805" lon="130.30077659524977">
        <ele>11.8</ele>
      </trkpt>
      <trkpt lat="33.24755519628525" lon="130.3007819596678">
        <ele>11.8</ele>
      </trkpt>
      <trkpt lat="33.247514544054866" lon="130.30078740790486">
        <ele>11.8</ele>
      </trkpt>
      <trkpt lat="33.24747674167156" lon="130.30079738236964">
        <ele>11.8</ele>
      </trkpt>
      <trkpt lat="33.24743793345988" lon="130.30079905875027">
        <ele>11.8</ele>
      </trkpt>
      <trkpt lat="33.24739744886756" lon="130.30080744065344">
        <ele>11.8</ele>
      </trkpt>
      <trkpt lat="33.247357718646526" lon="130.30081431381404">
        <ele>11.6</ele>
      </trkpt>
      <trkpt lat="33.247314719483256" lon="130.3008242044598">
        <ele>11.6</ele>
      </trkpt>
      <trkpt lat="33.24727683328092" lon="130.3008298203349">
        <ele>11.6</ele>
      </trkpt>
      <trkpt lat="33.24723232537508" lon="130.30083811841905">
        <ele>11.6</ele>
      </trkpt>
      <trkpt lat="33.24719603173435" lon="130.30084281228483">
        <ele>11.6</ele>
      </trkpt>
      <trkpt lat="33.24715152382851" lon="130.30085471458733">
        <ele>11.6</ele>
      </trkpt>
      <trkpt lat="33.2471190020442" lon="130.30086779035628">
        <ele>11.6</ele>
      </trkpt>
      <trkpt lat="33.247076673433185" lon="130.3008797764778">
        <ele>11.8</ele>
      </trkpt>
      <trkpt lat="33.24704079888761" lon="130.30088656581938">
        <ele>11.8</ele>
      </trkpt>
      <trkpt lat="33.24699578806758" lon="130.3008956182748">
        <ele>11.8</ele>
      </trkpt>
      <trkpt lat="33.246961925178766" lon="130.30090332962573">
        <ele>11.8</ele>
      </trkpt>
      <trkpt lat="33.24691624380648" lon="130.30091271735728">
        <ele>11.8</ele>
      </trkpt>
      <trkpt lat="33.2468840572983" lon="130.3009188361466">
        <ele>11.8</ele>
      </trkpt>
      <trkpt lat="33.246839214116335" lon="130.30092922970653">
        <ele>11.8</ele>
      </trkpt>
      <trkpt lat="33.2468031719327" lon="130.3009376116097">
        <ele>11.8</ele>
      </trkpt>
      <trkpt lat="33.246760508045554" lon="130.30094188638031">
        <ele>11.8</ele>
      </trkpt>
      <trkpt lat="33.246726393699646" lon="130.30095177702606">
        <ele>12.0</ele>
      </trkpt>
      <trkpt lat="33.246688758954406" lon="130.3009637631476">
        <ele>12.0</ele>
      </trkpt>
      <trkpt lat="33.24665774591267" lon="130.30096929520369">
        <ele>12.0</ele>
      </trkpt>
      <trkpt lat="33.246611477807164" lon="130.3009706363082">
        <ele>12.0</ele>
      </trkpt>
      <trkpt lat="33.24657895602286" lon="130.3009791020304">
        <ele>12.0</ele>
      </trkpt>
      <trkpt lat="33.24652682058513" lon="130.30098589137197">
        <ele>12.0</ele>
      </trkpt>
      <trkpt lat="33.24649102985859" lon="130.30099402181804">
        <ele>12.0</ele>
      </trkpt>
      <trkpt lat="33.24643990024924" lon="130.30100332573056">
        <ele>12.0</ele>
      </trkpt>
      <trkpt lat="33.24640662409365" lon="130.3010158147663">
        <ele>11.8</ele>
      </trkpt>
      <trkpt lat="33.246359433978796" lon="130.301028303802">
        <ele>11.8</ele>
      </trkpt>
      <trkpt lat="33.246327666565776" lon="130.3010428044945">
        <ele>11.6</ele>
      </trkpt>
      <trkpt lat="33.24628718197346" lon="130.3010597359389">
        <ele>11.4</ele>
      </trkpt>
      <trkpt lat="33.24625357054174" lon="130.30107817612588">
        <ele>11.4</ele>
      </trkpt>
      <trkpt lat="33.246207889169455" lon="130.30109074898064">
        <ele>11.4</ele>
      </trkpt>
      <trkpt lat="33.246178133413196" lon="130.3011112846434">
        <ele>11.4</ele>
      </trkpt>
      <trkpt lat="33.24613002128899" lon="130.30112486332655">
        <ele>11.6</ele>
      </trkpt>
      <trkpt lat="33.246094062924385" lon="130.3011347539723">
        <ele>11.6</ele>
      </trkpt>
      <trkpt lat="33.246046705171466" lon="130.30114707536995">
        <ele>11.6</ele>
      </trkpt>
      <trkpt lat="33.246016865596175" lon="130.30116442590952">
        <ele>11.6</ele>
      </trkpt>
      <trkpt lat="33.245971351861954" lon="130.30117540620267">
        <ele>11.6</ele>
      </trkpt>
      <trkpt lat="33.24594226665795" lon="130.3011924214661">
        <ele>11.4</ele>
      </trkpt>
      <trkpt lat="33.24589775875211" lon="130.30120633542538">
        <ele>11.4</ele>
      </trkpt>
      <trkpt lat="33.245865320786834" lon="130.30122418887913">
        <ele>11.2</ele>
      </trkpt>
      <trkpt lat="33.24582123197615" lon="130.30123852193356">
        <ele>11.2</ele>
      </trkpt>
      <trkpt lat="33.245785273611546" lon="130.30125587247312">
        <ele>11.2</ele>
      </trkpt>
      <trkpt lat="33.24573724530637" lon="130.30126676894724">
        <ele>11.2</ele>
      </trkpt>
      <trkpt lat="33.24570195749402" lon="130.30128110200167">
        <ele>11.2</ele>
      </trkpt>
      <trkpt lat="33.245658623054624" lon="130.3012965247035">
        <ele>11.2</ele>
      </trkpt>
      <trkpt lat="33.245630292221904" lon="130.30131404288113">
        <ele>11.4</ele>
      </trkpt>
      <trkpt lat="33.24558477848768" lon="130.30132938176394">
        <ele>11.4</ele>
      </trkpt>
      <trkpt lat="33.24555183760822" lon="130.3013387694955">
        <ele>11.4</ele>
      </trkpt>
      <trkpt lat="33.245506742969155" lon="130.3013499174267">
        <ele>11.4</ele>
      </trkpt>
      <trkpt lat="33.24547950178385" lon="130.30136508867145">
        <ele>11.4</ele>
      </trkpt>
      <trkpt lat="33.24543465860188" lon="130.30137875117362">
        <ele>11.4</ele>
      </trkpt>
      <trkpt lat="33.2454043161124" lon="130.30140046030283">
        <ele>11.4</ele>
      </trkpt>
      <trkpt lat="33.2453644182533" lon="130.30141194351017">
        <ele>11.4</ele>
      </trkpt>
      <trkpt lat="33.24532904662192" lon="130.30142216943204">
        <ele>11.4</ele>
      </trkpt>
      <trkpt lat="33.24528269469738" lon="130.30143750831485">
        <ele>11.2</ele>
      </trkpt>
      <trkpt lat="33.24525184929371" lon="130.30145318247378">
        <ele>11.2</ele>
      </trkpt>
      <trkpt lat="33.24520415626466" lon="130.3014624863863">
        <ele>11.2</ele>
      </trkpt>
      <trkpt lat="33.24517364613712" lon="130.30146072618663">
        <ele>11.2</ele>
      </trkpt>
      <trkpt lat="33.24512779712677" lon="130.30146810226142">
        <ele>11.2</ele>
      </trkpt>
      <trkpt lat="33.245101645588875" lon="130.30147874727845">
        <ele>11.2</ele>
      </trkpt>
      <trkpt lat="33.245050767436624" lon="130.30149266123772">
        <ele>11.2</ele>
      </trkpt>
      <trkpt lat="33.24501791037619" lon="130.3015000373125">
        <ele>11.2</ele>
      </trkpt>
      <trkpt lat="33.24497474357486" lon="130.30151202343404">
        <ele>11.2</ele>
      </trkpt>
      <trkpt lat="33.2449397072196" lon="130.3015216626227">
        <ele>11.2</ele>
      </trkpt>
      <trkpt lat="33.244896959513426" lon="130.30153247527778">
        <ele>11.2</ele>
      </trkpt>
      <trkpt lat="33.24486209079623" lon="130.30154353938997">
        <ele>11.2</ele>
      </trkpt>
      <trkpt lat="33.244822109118104" lon="130.30155116692185">
        <ele>11.2</ele>
      </trkpt>
      <trkpt lat="33.24478522874415" lon="130.30156097374856">
        <ele>11.2</ele>
      </trkpt>
      <trkpt lat="33.24474507942796" lon="130.3015692718327">
        <ele>11.2</ele>
      </trkpt>
      <trkpt lat="33.244699984788895" lon="130.30157840810716">
        <ele>11.2</ele>
      </trkpt>
      <trkpt lat="33.24466058984399" lon="130.30159441754222">
        <ele>11.2</ele>
      </trkpt>
      <trkpt lat="33.244620775803924" lon="130.30160472728312">
        <ele>11.2</ele>
      </trkpt>
      <trkpt lat="33.24457844719291" lon="130.30161269009113">
        <ele>11.2</ele>
      </trkpt>
      <trkpt lat="33.24453511275351" lon="130.30162601731718">
        <ele>11.2</ele>
      </trkpt>
      <trkpt lat="33.24449563398957" lon="130.3016382548958">
        <ele>11.2</ele>
      </trkpt>
      <trkpt lat="33.24445590376854" lon="130.30165242031217">
        <ele>11.2</ele>
      </trkpt>
      <trkpt lat="33.24441919103265" lon="130.3016641549766">
        <ele>11.2</ele>
      </trkpt>
      <trkpt lat="33.24437619186938" lon="130.30167798511684">
        <ele>11.2</ele>
      </trkpt>
      <trkpt lat="33.24433906003833" lon="130.30169340781868">
        <ele>11.2</ele>
      </trkpt>
      <trkpt lat="33.24429421685636" lon="130.30170019716024">
        <ele>11.2</ele>
      </trkpt>
      <trkpt lat="33.24425658211112" lon="130.3017082437873">
        <ele>11.2</ele>
      </trkpt>
      <trkpt lat="33.24421031400561" lon="130.3017175476998">
        <ele>11.2</ele>
      </trkpt>
      <trkpt lat="33.24417443946004" lon="130.30172618106008">
        <ele>11.0</ele>
      </trkpt>
      <trkpt lat="33.244125824421644" lon="130.30173079110682">
        <ele>11.0</ele>
      </trkpt>
      <trkpt lat="33.244090620428324" lon="130.30174135230482">
        <ele>11.0</ele>
      </trkpt>
      <trkpt lat="33.24404644779861" lon="130.30174906365573">
        <ele>11.0</ele>
      </trkpt>
      <trkpt lat="33.24401132762432" lon="130.30175576917827">
        <ele>11.2</ele>
      </trkpt>
      <trkpt lat="33.2439692504704" lon="130.3017616365105">
        <ele>11.2</ele>
      </trkpt>
      <trkpt lat="33.243931867182255" lon="130.30176926404238">
        <ele>11.2</ele>
      </trkpt>
      <trkpt lat="33.243890376761556" lon="130.30177446082234">
        <ele>11.4</ele>
      </trkpt>
      <trkpt lat="33.243853664025664" lon="130.30178560875356">
        <ele>11.4</ele>
      </trkpt>
      <trkpt lat="33.24381208978593" lon="130.30179642140865">
        <ele>11.4</ele>
      </trkpt>
      <trkpt lat="33.24377143755555" lon="130.30180991627276">
        <ele>11.4</ele>
      </trkpt>
      <trkpt lat="33.24372969567776" lon="130.30182081274688">
        <ele>11.4</ele>
      </trkpt>
      <trkpt lat="33.243684601038694" lon="130.30183313414454">
        <ele>11.4</ele>
      </trkpt>
      <trkpt lat="33.243637662380934" lon="130.30183288268745">
        <ele>11.6</ele>
      </trkpt>
      <trkpt lat="33.24359256774187" lon="130.30181804671884">
        <ele>11.6</ele>
      </trkpt>
      <trkpt lat="33.243551747873425" lon="130.30179214663804">
        <ele>11.6</ele>
      </trkpt>
      <trkpt lat="33.24350950308144" lon="130.3017494827509">
        <ele>11.6</ele>
      </trkpt>
      <trkpt lat="33.243493996560574" lon="130.30169785022736">
        <ele>11.6</ele>
      </trkpt>
      <trkpt lat="33.24347086250782" lon="130.30164236202836">
        <ele>11.6</ele>
      </trkpt>
      <trkpt lat="33.24346122331917" lon="130.30159399844706">
        <ele>11.6</ele>
      </trkpt>
      <trkpt lat="33.243457367643714" lon="130.30154353938997">
        <ele>11.6</ele>
      </trkpt>
      <trkpt lat="33.243452589958906" lon="130.3014963492751">
        <ele>11.6</ele>
      </trkpt>
      <trkpt lat="33.24344546534121" lon="130.3014503326267">
        <ele>11.6</ele>
      </trkpt>
      <trkpt lat="33.24344529770315" lon="130.30140180140734">
        <ele>11.6</ele>
      </trkpt>
      <trkpt lat="33.243448566645384" lon="130.3013517614454">
        <ele>11.6</ele>
      </trkpt>
      <trkpt lat="33.24345032684505" lon="130.30129979364574">
        <ele>11.6</ele>
      </trkpt>
      <trkpt lat="33.24344839900732" lon="130.3012433834374">
        <ele>11.6</ele>
      </trkpt>
      <trkpt lat="33.24344462715089" lon="130.30119359493256">
        <ele>11.6</ele>
      </trkpt>
      <trkpt lat="33.2434372510761" lon="130.30114447697997">
        <ele>11.6</ele>
      </trkpt>
      <trkpt lat="33.243430964648724" lon="130.30110139399767">
        <ele>11.6</ele>
      </trkpt>
      <trkpt lat="33.243426103144884" lon="130.30104766599834">
        <ele>11.6</ele>
      </trkpt>
      <trkpt lat="33.24341964907944" lon="130.30100860632956">
        <ele>11.6</ele>
      </trkpt>
      <trkpt lat="33.24341017752886" lon="130.30095940455794">
        <ele>11.6</ele>
      </trkpt>
      <trkpt lat="33.24339953251183" lon="130.30092084780335">
        <ele>11.6</ele>
      </trkpt>
      <trkpt lat="33.24339450336993" lon="130.30086435377598">
        <ele>11.6</ele>
      </trkpt>
      <trkpt lat="33.24338595382869" lon="130.3008207678795">
        <ele>11.4</ele>
      </trkpt>
      <trkpt lat="33.24337522499263" lon="130.3007618431002">
        <ele>11.6</ele>
      </trkpt>
      <trkpt lat="33.24337271042168" lon="130.30071029439569">
        <ele>11.4</ele>
      </trkpt>
      <trkpt lat="33.24336726218462" lon="130.30065966770053">
        <ele>11.6</ele>
      </trkpt>
      <trkpt lat="33.24336080811918" lon="130.30062354169786">
        <ele>11.4</ele>
      </trkpt>
      <trkpt lat="33.243358712643385" lon="130.3005689755082">
        <ele>11.4</ele>
      </trkpt>
      <trkpt lat="33.24335150420666" lon="130.30052941292524">
        <ele>11.4</ele>
      </trkpt>
      <trkpt lat="33.243349408730865" lon="130.30047660693526">
        <ele>11.4</ele>
      </trkpt>
      <trkpt lat="33.24334169737995" lon="130.30043746344745">
        <ele>11.4</ele>
      </trkpt>
      <trkpt lat="33.24333448894322" lon="130.30038323253393">
        <ele>11.4</ele>
      </trkpt>
      <trkpt lat="33.24333415366709" lon="130.30033989809453">
        <ele>11.4</ele>
      </trkpt>
      <trkpt lat="33.24332728050649" lon="130.3002808894962">
        <ele>11.6</ele>
      </trkpt>
      <trkpt lat="33.24332023970783" lon="130.30024417676032">
        <ele>11.4</ele>
      </trkpt>
      <trkpt lat="33.243318228051066" lon="130.30018843710423">
        <ele>11.4</ele>
      </trkpt>
      <trkpt lat="33.24331361800432" lon="130.30014744959772">
        <ele>11.4</ele>
      </trkpt>
      <trkpt lat="33.24331110343337" lon="130.30009288340807">
        <ele>11.4</ele>
      </trkpt>
      <trkpt lat="33.243307415395975" lon="130.30005231499672">
        <ele>11.4</ele>
      </trkpt>
      <trkpt lat="33.24330464936793" lon="130.29999716207385">
        <ele>11.4</ele>
      </trkpt>
      <trkpt lat="33.24329593218863" lon="130.2999565936625">
        <ele>11.4</ele>
      </trkpt>
      <trkpt lat="33.2432871311903" lon="130.29990253038704">
        <ele>11.4</ele>
      </trkpt>
      <trkpt lat="33.24328520335257" lon="130.29985768720508">
        <ele>11.4</ele>
      </trkpt>
      <trkpt lat="33.24327975511551" lon="130.29980865307152">
        <ele>11.4</ele>
      </trkpt>
      <trkpt lat="33.24327036738396" lon="130.2997681684792">
        <ele>11.4</ele>
      </trkpt>
      <trkpt lat="33.243261482566595" lon="130.2997182123363">
        <ele>11.4</ele>
      </trkpt>
      <trkpt lat="33.24325486086309" lon="130.29967839829624">
        <ele>11.4</ele>
      </trkpt>
      <trkpt lat="33.24325050227344" lon="130.2996286097914">
        <ele>11.4</ele>
      </trkpt>
      <trkpt lat="33.243249328806996" lon="130.29958544299006">
        <ele>11.4</ele>
      </trkpt>
      <trkpt lat="33.243242455646396" lon="130.29953473247588">
        <ele>11.4</ele>
      </trkpt>
      <trkpt lat="33.24323784559965" lon="130.29949215240777">
        <ele>11.2</ele>
      </trkpt>
      <trkpt lat="33.24323382228613" lon="130.29944471083581">
        <ele>11.2</ele>
      </trkpt>
      <trkpt lat="33.24322887696326" lon="130.29940221458673">
        <ele>11.2</ele>
      </trkpt>
      <trkpt lat="33.24322175234556" lon="130.29935100115836">
        <ele>11.2</ele>
      </trkpt>
      <trkpt lat="33.24321529828012" lon="130.29931160621345">
        <ele>11.2</ele>
      </trkpt>
      <trkpt lat="33.24320985004306" lon="130.29926357790828">
        <ele>11.2</ele>
      </trkpt>
      <trkpt lat="33.24320540763438" lon="130.2992224227637">
        <ele>11.2</ele>
      </trkpt>
      <trkpt lat="33.24319685809314" lon="130.2991743106395">
        <ele>11.2</ele>
      </trkpt>
      <trkpt lat="33.24318956583738" lon="130.2991309762001">
        <ele>11.0</ele>
      </trkpt>
      <trkpt lat="33.243183782324195" lon="130.29908143915236">
        <ele>11.0</ele>
      </trkpt>
      <trkpt lat="33.24317799881101" lon="130.29903567396104">
        <ele>11.0</ele>
      </trkpt>
      <trkpt lat="33.24317020364106" lon="130.298982700333">
        <ele>11.0</ele>
      </trkpt>
      <trkpt lat="33.243162743747234" lon="130.2989382762462">
        <ele>11.0</ele>
      </trkpt>
      <trkpt lat="33.243159307166934" lon="130.29888974502683">
        <ele>11.2</ele>
      </trkpt>
      <trkpt lat="33.24315570294857" lon="130.29884205199778">
        <ele>11.2</ele>
      </trkpt>
      <trkpt lat="33.24314782395959" lon="130.2987915929407">
        <ele>11.4</ele>
      </trkpt>
      <trkpt lat="33.24314354918897" lon="130.29874809086323">
        <ele>11.6</ele>
      </trkpt>
      <trkpt lat="33.243136843666434" lon="130.29869687743485">
        <ele>11.6</ele>
      </trkpt>
      <trkpt lat="33.24312837794423" lon="130.29864910058677">
        <ele>11.8</ele>
      </trkpt>
      <trkpt lat="33.243117816746235" lon="130.2985965460539">
        <ele>11.8</ele>
      </trkpt>
      <trkpt lat="33.24311496689916" lon="130.29854784719646">
        <ele>11.8</ele>
      </trkpt>
      <trkpt lat="33.24311940930784" lon="130.29849646613002">
        <ele>11.8</ele>
      </trkpt>
      <trkpt lat="33.24313114397228" lon="130.29844944365323">
        <ele>11.8</ele>
      </trkpt>
      <trkpt lat="33.243153020739555" lon="130.29840644448996">
        <ele>11.8</ele>
      </trkpt>
      <trkpt lat="33.243186213076115" lon="130.2983759343624">
        <ele>11.8</ele>
      </trkpt>
      <trkpt lat="33.243227284401655" lon="130.29834324494004">
        <ele>11.6</ele>
      </trkpt>
      <trkpt lat="33.24326693080366" lon="130.29832555912435">
        <ele>11.6</ele>
      </trkpt>
      <trkpt lat="33.243313282728195" lon="130.29830284416676">
        <ele>11.6</ele>
      </trkpt>
      <trkpt lat="33.24335351586342" lon="130.29828423634171">
        <ele>11.6</ele>
      </trkpt>
      <trkpt lat="33.243395844474435" lon="130.2982503734529">
        <ele>11.6</ele>
      </trkpt>
      <trkpt lat="33.243424175307155" lon="130.29821382835507">
        <ele>11.4</ele>
      </trkpt>
      <trkpt lat="33.24344186112285" lon="130.29816378839314">
        <ele>11.4</ele>
      </trkpt>
      <trkpt lat="33.24344462715089" lon="130.2981232199818">
        <ele>11.4</ele>
      </trkpt>
      <trkpt lat="33.243441358208656" lon="130.29806706123054">
        <ele>11.4</ele>
      </trkpt>
      <trkpt lat="33.243432473391294" lon="130.29802582226694">
        <ele>11.4</ele>
      </trkpt>
      <trkpt lat="33.24342484585941" lon="130.29797720722854">
        <ele>11.4</ele>
      </trkpt>
      <trkpt lat="33.24342048726976" lon="130.2979337889701">
        <ele>11.4</ele>
      </trkpt>
      <trkpt lat="33.24341529048979" lon="130.29788215644658">
        <ele>11.4</ele>
      </trkpt>
      <trkpt lat="33.24341570958495" lon="130.29783681035042">
        <ele>11.4</ele>
      </trkpt>
      <trkpt lat="33.24341260828078" lon="130.2977846749127">
        <ele>11.4</ele>
      </trkpt>
      <trkpt lat="33.24340942315757" lon="130.2977415919304">
        <ele>11.4</ele>
      </trkpt>
      <trkpt lat="33.243405148386955" lon="130.29768970794976">
        <ele>11.4</ele>
      </trkpt>
      <trkpt lat="33.24339844286442" lon="130.2976464573294">
        <ele>11.4</ele>
      </trkpt>
      <trkpt lat="33.243391988798976" lon="130.2975909691304">
        <ele>11.4</ele>
      </trkpt>
      <trkpt lat="33.24338343925774" lon="130.2975508198142">
        <ele>11.4</ele>
      </trkpt>
      <trkpt lat="33.24337371625006" lon="130.29750631190836">
        <ele>11.4</ele>
      </trkpt>
      <trkpt lat="33.2433666754514" lon="130.2974585350603">
        <ele>11.4</ele>
      </trkpt>
      <trkpt lat="33.243355276063085" lon="130.2974080760032">
        <ele>11.4</ele>
      </trkpt>
      <trkpt lat="33.243348905816674" lon="130.2973649930209">
        <ele>11.4</ele>
      </trkpt>
      <trkpt lat="33.24334538541734" lon="130.2973116002977">
        <ele>11.4</ele>
      </trkpt>
      <trkpt lat="33.24333800934255" lon="130.2972725406289">
        <ele>11.4</ele>
      </trkpt>
      <trkpt lat="33.243336668238044" lon="130.29721747152507">
        <ele>11.4</ele>
      </trkpt>
      <trkpt lat="33.24333272874355" lon="130.2971747238189">
        <ele>11.4</ele>
      </trkpt>
      <trkpt lat="33.24332778342068" lon="130.29712334275246">
        <ele>11.4</ele>
      </trkpt>
      <trkpt lat="33.24332736432552" lon="130.29708218760788">
        <ele>11.4</ele>
      </trkpt>
      <trkpt lat="33.24331923387945" lon="130.29702795669436">
        <ele>11.4</ele>
      </trkpt>
      <trkpt lat="33.243312779814005" lon="130.29698353260756">
        <ele>11.4</ele>
      </trkpt>
      <trkpt lat="33.2433043140918" lon="130.2969342470169">
        <ele>11.4</ele>
      </trkpt>
      <trkpt lat="33.243296686559916" lon="130.29689317569137">
        <ele>11.4</ele>
      </trkpt>
      <trkpt lat="33.243289394304156" lon="130.29684154316783">
        <ele>11.4</ele>
      </trkpt>
      <trkpt lat="33.24328042566776" lon="130.29680063948035">
        <ele>11.4</ele>
      </trkpt>
      <trkpt lat="33.24327263049781" lon="130.29675068333745">
        <ele>11.4</ele>
      </trkpt>
      <trkpt lat="33.243264416232705" lon="130.29670910909772">
        <ele>11.4</ele>
      </trkpt>
      <trkpt lat="33.24325586669147" lon="130.2966654393822">
        <ele>11.6</ele>
      </trkpt>
      <trkpt lat="33.24324899353087" lon="130.29662059620023">
        <ele>11.6</ele>
      </trkpt>
      <trkpt lat="33.24324421584606" lon="130.29657072387636">
        <ele>11.6</ele>
      </trkpt>
      <trkpt lat="33.24324212037027" lon="130.2965237852186">
        <ele>11.6</ele>
      </trkpt>
      <trkpt lat="33.243237594142556" lon="130.29647273942828">
        <ele>11.6</ele>
      </trkpt>
      <trkpt lat="33.24323566630483" lon="130.296424459666">
        <ele>11.6</ele>
      </trkpt>
      <trkpt lat="33.24324463494122" lon="130.29636930674314">
        <ele>11.6</ele>
      </trkpt>
      <trkpt lat="33.24326667934656" lon="130.29633368365467">
        <ele>11.4</ele>
      </trkpt>
      <trkpt lat="33.24330951087177" lon="130.29629261232913">
        <ele>11.4</ele>
      </trkpt>
      <trkpt lat="33.24334714561701" lon="130.29627174139023">
        <ele>11.2</ele>
      </trkpt>
      <trkpt lat="33.24340355582535" lon="130.29626076109707">
        <ele>11.2</ele>
      </trkpt>
      <trkpt lat="33.24343859218061" lon="130.29625573195517">
        <ele>11.2</ele>
      </trkpt>
      <trkpt lat="33.24349030852318" lon="130.29624676331878">
        <ele>11.2</ele>
      </trkpt>
      <trkpt lat="33.243524422869086" lon="130.29623712413013">
        <ele>11.2</ele>
      </trkpt>
      <trkpt lat="33.2435754686594" lon="130.29622555710375">
        <ele>11.2</ele>
      </trkpt>
      <trkpt lat="33.24361067265272" lon="130.2962169237435">
        <ele>11.2</ele>
      </trkpt>
      <trkpt lat="33.24365601874888" lon="130.2962069492787">
        <ele>11.2</ele>
      </trkpt>
      <trkpt lat="33.243688540533185" lon="130.29620074667037">
        <ele>11.2</ele>
      </trkpt>
      <trkpt lat="33.24372977949679" lon="130.29619303531945">
        <ele>11.2</ele>
      </trkpt>
      <trkpt lat="33.24376096017659" lon="130.29618565924466">
        <ele>11.2</ele>
      </trkpt>
      <trkpt lat="33.24379633180797" lon="130.29617392458022">
        <ele>11.2</ele>
      </trkpt>
      <trkpt lat="33.24383379891515" lon="130.2961691468954">
        <ele>11.2</ele>
      </trkpt>
      <trkpt lat="33.24387109838426" lon="130.29616428539157">
        <ele>11.2</ele>
      </trkpt>
      <trkpt lat="33.243910325691104" lon="130.29615766368806">
        <ele>11.2</ele>
      </trkpt>
      <trkpt lat="33.243952905759215" lon="130.29614819213748">
        <ele>11.2</ele>
      </trkpt>
      <trkpt lat="33.24398844502866" lon="130.2961414027959">
        <ele>11.2</ele>
      </trkpt>
      <trkpt lat="33.2440279237926" lon="130.2961352840066">
        <ele>11.2</ele>
      </trkpt>
      <trkpt lat="33.24406195431948" lon="130.2961297519505">
        <ele>11.2</ele>
      </trkpt>
      <trkpt lat="33.24410495348275" lon="130.29612539336085">
        <ele>11.2</ele>
      </trkpt>
      <trkpt lat="33.244139989838004" lon="130.29612187296152">
        <ele>11.2</ele>
      </trkpt>
      <trkpt lat="33.24417896568775" lon="130.29611684381962">
        <ele>11.2</ele>
      </trkpt>
      <trkpt lat="33.244216265156865" lon="130.2961130719632">
        <ele>11.2</ele>
      </trkpt>
      <trkpt lat="33.24425658211112" lon="130.2961112279445">
        <ele>11.2</ele>
      </trkpt>
      <trkpt lat="33.24429413303733" lon="130.29610418714583">
        <ele>11.2</ele>
      </trkpt>
      <trkpt lat="33.244337467476726" lon="130.29610728845">
        <ele>11.2</ele>
      </trkpt>
      <trkpt lat="33.24437233619392" lon="130.296102007851">
        <ele>11.2</ele>
      </trkpt>
      <trkpt lat="33.24441198259592" lon="130.29609890654683">
        <ele>11.2</ele>
      </trkpt>
      <trkpt lat="33.244446851313114" lon="130.2960953861475">
        <ele>11.2</ele>
      </trkpt>
      <trkpt lat="33.24448876082897" lon="130.29609178192914">
        <ele>11.2</ele>
      </trkpt>
      <trkpt lat="33.24452446773648" lon="130.2960882615298">
        <ele>11.2</ele>
      </trkpt>
      <trkpt lat="33.244569562375546" lon="130.2960750181228">
        <ele>11.2</ele>
      </trkpt>
      <trkpt lat="33.24460451491177" lon="130.29606596566737">
        <ele>11.2</ele>
      </trkpt>
      <trkpt lat="33.24464214965701" lon="130.29605791904032">
        <ele>11.2</ele>
      </trkpt>
      <trkpt lat="33.24467400088906" lon="130.2960525546223">
        <ele>11.2</ele>
      </trkpt>
      <trkpt lat="33.244717083871365" lon="130.2960406523198">
        <ele>11.2</ele>
      </trkpt>
      <trkpt lat="33.24475237168372" lon="130.29604098759592">
        <ele>11.2</ele>
      </trkpt>
      <trkpt lat="33.24479662813246" lon="130.29603419825435">
        <ele>11.2</ele>
      </trkpt>
      <trkpt lat="33.244831413030624" lon="130.29603235423565">
        <ele>11.2</ele>
      </trkpt>
      <trkpt lat="33.244871478527784" lon="130.2960234694183">
        <ele>11.2</ele>
      </trkpt>
      <trkpt lat="33.2449087779969" lon="130.2960216253996">
        <ele>11.2</ele>
      </trkpt>
      <trkpt lat="33.2449518609792" lon="130.29601299203932">
        <ele>11.2</ele>
      </trkpt>
      <trkpt lat="33.244989747181535" lon="130.2960060350597">
        <ele>11.2</ele>
      </trkpt>
      <trkpt lat="33.24503266252577" lon="130.29599966481328">
        <ele>11.2</ele>
      </trkpt>
      <trkpt lat="33.24506929144263" lon="130.29599647969007">
        <ele>11.2</ele>
      </trkpt>
      <trkpt lat="33.24511396698654" lon="130.29599589295685">
        <ele>11.2</ele>
      </trkpt>
      <trkpt lat="33.24515453539789" lon="130.29599488712847">
        <ele>11.2</ele>
      </trkpt>
      <trkpt lat="33.245191499590874" lon="130.29599170200527">
        <ele>11.2</ele>
      </trkpt>
      <trkpt lat="33.24523005634546" lon="130.29598952271044">
        <ele>11.2</ele>
      </trkpt>
      <trkpt lat="33.245272133499384" lon="130.2959838230163">
        <ele>11.2</ele>
      </trkpt>
      <trkpt lat="33.24531245045364" lon="130.29596571810544">
        <ele>11.4</ele>
      </trkpt>
      <trkpt lat="33.24534530751407" lon="130.2959349565208">
        <ele>11.2</ele>
      </trkpt>
      <trkpt lat="33.24537112377584" lon="130.29590603895485">
        <ele>11.2</ele>
      </trkpt>
      <trkpt lat="33.245383612811565" lon="130.29586505144835">
        <ele>11.4</ele>
      </trkpt>
      <trkpt lat="33.24538671411574" lon="130.29582121409476">
        <ele>11.4</ele>
      </trkpt>
      <trkpt lat="33.24538084678352" lon="130.2957740239799">
        <ele>11.4</ele>
      </trkpt>
      <trkpt lat="33.24537296779454" lon="130.29573027044535">
        <ele>11.2</ele>
      </trkpt>
      <trkpt lat="33.245364585891366" lon="130.29568274505436">
        <ele>11.2</ele>
      </trkpt>
      <trkpt lat="33.24535838328302" lon="130.2956358063966">
        <ele>11.2</ele>
      </trkpt>
      <trkpt lat="33.24535125866532" lon="130.29558945447206">
        <ele>11.2</ele>
      </trkpt>
      <trkpt lat="33.24534664861858" lon="130.29553606174886">
        <ele>11.2</ele>
      </trkpt>
      <trkpt lat="33.24534027837217" lon="130.29549222439528">
        <ele>11.2</ele>
      </trkpt>
      <trkpt lat="33.245335165411234" lon="130.29544243589044">
        <ele>11.2</ele>
      </trkpt>
      <trkpt lat="33.24533147737384" lon="130.29539868235588">
        <ele>11.2</ele>
      </trkpt>
      <trkpt lat="33.2453247718513" lon="130.29535207897425">
        <ele>11.2</ele>
      </trkpt>
      <trkpt lat="33.24531496502459" lon="130.29530882835388">
        <ele>11.2</ele>
      </trkpt>
      <trkpt lat="33.245303481817245" lon="130.29526155442">
        <ele>11.2</ele>
      </trkpt>
      <trkpt lat="33.24529183097184" lon="130.2952237520367">
        <ele>11.2</ele>
      </trkpt>
      <trkpt lat="33.24528361670673" lon="130.29517211951315">
        <ele>11.2</ele>
      </trkpt>
      <trkpt lat="33.24527196586132" lon="130.29513222165406">
        <ele>11.2</ele>
      </trkpt>
      <trkpt lat="33.24525671079755" lon="130.29507983475924">
        <ele>11.2</ele>
      </trkpt>
      <trkpt lat="33.2452417910099" lon="130.29504312202334">
        <ele>11.2</ele>
      </trkpt>
      <trkpt lat="33.245224775746465" lon="130.29499283060431">
        <ele>11.2</ele>
      </trkpt>
      <trkpt lat="33.24520465917885" lon="130.29495880007744">
        <ele>11.2</ele>
      </trkpt>
      <trkpt lat="33.24518445879221" lon="130.29491345398128">
        <ele>11.0</ele>
      </trkpt>
      <trkpt lat="33.24516308493912" lon="130.29487799853086">
        <ele>11.0</ele>
      </trkpt>
      <trkpt lat="33.245144141837955" lon="130.29483541846275">
        <ele>11.0</ele>
      </trkpt>
      <trkpt lat="33.24512922205031" lon="130.29479929246008">
        <ele>11.0</ele>
      </trkpt>
      <trkpt lat="33.24511086568236" lon="130.2947531081736">
        <ele>11.0</ele>
      </trkpt>
      <trkpt lat="33.24509393423796" lon="130.2947208378464">
        <ele>11.0</ele>
      </trkpt>
      <trkpt lat="33.24507507495582" lon="130.29467155225575">
        <ele>11.0</ele>
      </trkpt>
      <trkpt lat="33.245060658082366" lon="130.29463819228113">
        <ele>11.0</ele>
      </trkpt>
      <trkpt lat="33.245042050257325" lon="130.2945899963379">
        <ele>11.0</ele>
      </trkpt>
      <trkpt lat="33.24502754956484" lon="130.29455420561135">
        <ele>11.0</ele>
      </trkpt>
      <trkpt lat="33.24500424787402" lon="130.29450978152454">
        <ele>11.0</ele>
      </trkpt>
      <trkpt lat="33.244985807687044" lon="130.2944785170257">
        <ele>11.0</ele>
      </trkpt>
      <trkpt lat="33.244965774938464" lon="130.29443082399666">
        <ele>11.0</ele>
      </trkpt>
      <trkpt lat="33.244953118264675" lon="130.29439670965075">
        <ele>10.8</ele>
      </trkpt>
      <trkpt lat="33.244935013353825" lon="130.29434625059366">
        <ele>10.8</ele>
      </trkpt>
      <trkpt lat="33.24491925537586" lon="130.294310124591">
        <ele>11.0</ele>
      </trkpt>
      <trkpt lat="33.244905257597566" lon="130.29426000081003">
        <ele>11.0</ele>
      </trkpt>
      <trkpt lat="33.24488782323897" lon="130.29422010295093">
        <ele>11.0</ele>
      </trkpt>
      <trkpt lat="33.24487751349807" lon="130.2941668778658">
        <ele>11.0</ele>
      </trkpt>
      <trkpt lat="33.24486334808171" lon="130.2941272314638">
        <ele>11.0</ele>
      </trkpt>
      <trkpt lat="33.24485613964498" lon="130.29406813904643">
        <ele>11.2</ele>
      </trkpt>
      <trkpt lat="33.24484893120825" lon="130.29402354732156">
        <ele>11.2</ele>
      </trkpt>
      <trkpt lat="33.244846584275365" lon="130.29397074133158">
        <ele>11.2</ele>
      </trkpt>
      <trkpt lat="33.24483904056251" lon="130.29392388649285">
        <ele>11.2</ele>
      </trkpt>
      <trkpt lat="33.24483987875283" lon="130.29386848211288">
        <ele>11.2</ele>
      </trkpt>
      <trkpt lat="33.244837280362844" lon="130.2938241418451">
        <ele>11.2</ele>
      </trkpt>
      <trkpt lat="33.24483702890575" lon="130.2937686536461">
        <ele>11.2</ele>
      </trkpt>
      <trkpt lat="33.244833843782544" lon="130.29372640885413">
        <ele>11.0</ele>
      </trkpt>
      <trkpt lat="33.244833340868354" lon="130.29367284849286">
        <ele>11.0</ele>
      </trkpt>
      <trkpt lat="33.24482965283096" lon="130.29362834058702">
        <ele>11.0</ele>
      </trkpt>
      <trkpt lat="33.244833340868354" lon="130.29357897117734">
        <ele>11.0</ele>
      </trkpt>
      <trkpt lat="33.24483912438154" lon="130.29353546909988">
        <ele>11.2</ele>
      </trkpt>
      <trkpt lat="33.244866197928786" lon="130.2934927213937">
        <ele>11.2</ele>
      </trkpt>
      <trkpt lat="33.244891008362174" lon="130.29345458373427">
        <ele>11.2</ele>
      </trkpt>
      <trkpt lat="33.244931157678366" lon="130.29342298395932">
        <ele>11.4</ele>
      </trkpt>
      <trkpt lat="33.24497189372778" lon="130.29339691624045">
        <ele>11.4</ele>
      </trkpt>
      <trkpt lat="33.24501723982394" lon="130.29338157735765">
        <ele>11.6</ele>
      </trkpt>
      <trkpt lat="33.24505051597953" lon="130.29336355626583">
        <ele>11.4</ele>
      </trkpt>
      <trkpt lat="33.24509468860924" lon="130.2933518216014">
        <ele>11.4</ele>
      </trkpt>
      <trkpt lat="33.24513358063996" lon="130.29333933256567">
        <ele>11.6</ele>
      </trkpt>
      <trkpt lat="33.24518043547869" lon="130.29333715327084">
        <ele>11.4</ele>
      </trkpt>
      <trkpt lat="33.245221339166164" lon="130.2933291066438">
        <ele>11.4</ele>
      </trkpt>
      <trkpt lat="33.24526559561491" lon="130.29332122765481">
        <ele>11.4</ele>
      </trkpt>
      <trkpt lat="33.24530423618853" lon="130.29331024736166">
        <ele>11.4</ele>
      </trkpt>
      <trkpt lat="33.24534824118018" lon="130.29330261982977">
        <ele>11.2</ele>
      </trkpt>
      <trkpt lat="33.245385540649295" lon="130.29329339973629">
        <ele>11.4</ele>
      </trkpt>
      <trkpt lat="33.24542828835547" lon="130.2932860236615">
        <ele>11.2</ele>
      </trkpt>
      <trkpt lat="33.24546550400555" lon="130.2932747080922">
        <ele>11.4</ele>
      </trkpt>
      <trkpt lat="33.245509592816234" lon="130.2932696789503">
        <ele>11.4</ele>
      </trkpt>
      <trkpt lat="33.24554546736181" lon="130.2932619675994">
        <ele>11.4</ele>
      </trkpt>
      <trkpt lat="33.245586873963475" lon="130.29325526207685">
        <ele>11.4</ele>
      </trkpt>
      <trkpt lat="33.24562082067132" lon="130.29324444942176">
        <ele>11.4</ele>
      </trkpt>
      <trkpt lat="33.24566574767232" lon="130.2932337205857">
        <ele>11.2</ele>
      </trkpt>
      <trkpt lat="33.245702125132084" lon="130.29322483576834">
        <ele>11.2</ele>
      </trkpt>
      <trkpt lat="33.245745627209544" lon="130.2932197228074">
        <ele>11.2</ele>
      </trkpt>
      <trkpt lat="33.24577764607966" lon="130.29321343638003">
        <ele>11.2</ele>
      </trkpt>
      <trkpt lat="33.245815532281995" lon="130.29321117326617">
        <ele>11.2</ele>
      </trkpt>
      <trkpt lat="33.24584495276213" lon="130.29319818131626">
        <ele>11.2</ele>
      </trkpt>
      <trkpt lat="33.245888371020555" lon="130.29319181106985">
        <ele>11.2</ele>
      </trkpt>
      <trkpt lat="33.24592466466129" lon="130.2931808307767">
        <ele>11.2</ele>
      </trkpt>
      <trkpt lat="33.24596791528165" lon="130.2931734547019">
        <ele>11.2</ele>
      </trkpt>
      <trkpt lat="33.24600236490369" lon="130.29316456988454">
        <ele>11.2</ele>
      </trkpt>
      <trkpt lat="33.24604771099985" lon="130.29315543361008">
        <ele>11.2</ele>
      </trkpt>
      <trkpt lat="33.24608149006963" lon="130.29314604587853">
        <ele>11.2</ele>
      </trkpt>
      <trkpt lat="33.246127841994166" lon="130.29314084909856">
        <ele>11.2</ele>
      </trkpt>
      <trkpt lat="33.246164973825216" lon="130.29312911443412">
        <ele>11.2</ele>
      </trkpt>
      <trkpt lat="33.246209900826216" lon="130.29312282800674">
        <ele>11.2</ele>
      </trkpt>
      <trkpt lat="33.24624971486628" lon="130.29311444610357">
        <ele>11.2</ele>
      </trkpt>
      <trkpt lat="33.24629371985793" lon="130.2931110933423">
        <ele>11.2</ele>
      </trkpt>
      <trkpt lat="33.24632992967963" lon="130.29310455545783">
        <ele>11.2</ele>
      </trkpt>
      <trkpt lat="33.24637217447162" lon="130.29310170561075">
        <ele>11.2</ele>
      </trkpt>
      <trkpt lat="33.24640662409365" lon="130.29309474863112">
        <ele>11.2</ele>
      </trkpt>
      <trkpt lat="33.246453143656254" lon="130.29309189878404">
        <ele>11.2</ele>
      </trkpt>
      <trkpt lat="33.24648474343121" lon="130.2930841036141">
        <ele>11.2</ele>
      </trkpt>
      <trkpt lat="33.24652589857578" lon="130.29308033175766">
        <ele>11.2</ele>
      </trkpt>
      <trkpt lat="33.24655833654106" lon="130.29307639226317">
        <ele>11.2</ele>
      </trkpt>
      <trkpt lat="33.246599743142724" lon="130.29306675307453">
        <ele>11.2</ele>
      </trkpt>
      <trkpt lat="33.24663469567895" lon="130.29306147247553">
        <ele>11.2</ele>
      </trkpt>
      <trkpt lat="33.246674090623856" lon="130.29306239448488">
        <ele>11.2</ele>
      </trkpt>
      <trkpt lat="33.24671097099781" lon="130.2930587902665">
        <ele>11.2</ele>
      </trkpt>
      <trkpt lat="33.246754137799144" lon="130.29305594041944">
        <ele>11.2</ele>
      </trkpt>
      <trkpt lat="33.24679336510599" lon="130.2930497378111">
        <ele>11.2</ele>
      </trkpt>
      <trkpt lat="33.24683619663119" lon="130.29304588213563">
        <ele>11.2</ele>
      </trkpt>
      <trkpt lat="33.24687123298645" lon="130.29303699731827">
        <ele>11.2</ele>
      </trkpt>
      <trkpt lat="33.24691423214972" lon="130.29303188435733">
        <ele>11.2</ele>
      </trkpt>
      <trkpt lat="33.24695102870464" lon="130.293023083359">
        <ele>11.2</ele>
      </trkpt>
      <trkpt lat="33.246994614601135" lon="130.29301797039807">
        <ele>11.0</ele>
      </trkpt>
      <trkpt lat="33.247029818594456" lon="130.2930130250752">
        <ele>11.0</ele>
      </trkpt>
      <trkpt lat="33.2470724824816" lon="130.29300975613296">
        <ele>11.0</ele>
      </trkpt>
      <trkpt lat="33.247106429189444" lon="130.2930008713156">
        <ele>11.0</ele>
      </trkpt>
      <trkpt lat="33.24714825488627" lon="130.29299777001143">
        <ele>11.0</ele>
      </trkpt>
      <trkpt lat="33.24718052521348" lon="130.29298955574632">
        <ele>11.0</ele>
      </trkpt>
      <trkpt lat="33.24722008779645" lon="130.292983436957">
        <ele>11.0</ele>
      </trkpt>
      <trkpt lat="33.24725269339979" lon="130.29297673143446">
        <ele>11.2</ele>
      </trkpt>
      <trkpt lat="33.24729544110596" lon="130.29297245666385">
        <ele>11.2</ele>
      </trkpt>
      <trkpt lat="33.24733290821314" lon="130.29296591877937">
        <ele>11.2</ele>
      </trkpt>
      <trkpt lat="33.24737833812833" lon="130.29296021908522">
        <ele>11.2</ele>
      </trkpt>
      <trkpt lat="33.247415302321315" lon="130.29295032843947">
        <ele>11.2</ele>
      </trkpt>
      <trkpt lat="33.24746232479811" lon="130.29294739477336">
        <ele>11.2</ele>
      </trkpt>
      <trkpt lat="33.24749870225787" lon="130.29294161126018">
        <ele>11.2</ele>
      </trkpt>
      <trkpt lat="33.24754413217306" lon="130.29294152744114">
        <ele>11.2</ele>
      </trkpt>
      <trkpt lat="33.247578330338" lon="130.29293448664248">
        <ele>11.2</ele>
      </trkpt>
      <trkpt lat="33.2476248499006" lon="130.29293255880475">
        <ele>11.2</ele>
      </trkpt>
      <trkpt lat="33.24765896424651" lon="130.29292752966285">
        <ele>11.2</ele>
      </trkpt>
      <trkpt lat="33.247703555971384" lon="130.29292518272996">
        <ele>11.2</ele>
      </trkpt>
      <trkpt lat="33.24773917905986" lon="130.29292015358806">
        <ele>11.2</ele>
      </trkpt>
      <trkpt lat="33.24778284877539" lon="130.29291302897036">
        <ele>11.2</ele>
      </trkpt>
      <trkpt lat="33.24781176634133" lon="130.29290112666786">
        <ele>11.2</ele>
      </trkpt>
      <trkpt lat="33.24785191565752" lon="130.29289240948856">
        <ele>11.2</ele>
      </trkpt>
      <trkpt lat="33.24789013713598" lon="130.29288972727954">
        <ele>11.2</ele>
      </trkpt>
      <trkpt lat="33.24793104082346" lon="130.29288570396602">
        <ele>11.2</ele>
      </trkpt>
      <trkpt lat="33.247965993359685" lon="130.29287740588188">
        <ele>11.2</ele>
      </trkpt>
      <trkpt lat="33.248014859855175" lon="130.2928732149303">
        <ele>11.2</ele>
      </trkpt>
      <trkpt lat="33.248051572591066" lon="130.2928631566465">
        <ele>11.2</ele>
      </trkpt>
      <trkpt lat="33.248097505420446" lon="130.29285863041878">
        <ele>11.2</ele>
      </trkpt>
      <trkpt lat="33.24813396669924" lon="130.29285066761076">
        <ele>11.2</ele>
      </trkpt>
      <trkpt lat="33.24817889370024" lon="130.29284714721143">
        <ele>11.4</ele>
      </trkpt>
      <trkpt lat="33.24821828864515" lon="130.29283868148923">
        <ele>11.4</ele>
      </trkpt>
      <trkpt lat="33.24826539494097" lon="130.29282971285284">
        <ele>11.4</ele>
      </trkpt>
      <trkpt lat="33.248300766572356" lon="130.2928211633116">
        <ele>11.6</ele>
      </trkpt>
      <trkpt lat="33.2483452744782" lon="130.29281437397003">
        <ele>11.6</ele>
      </trkpt>
      <trkpt lat="33.24838106520474" lon="130.2928028907627">
        <ele>11.6</ele>
      </trkpt>
      <trkpt lat="33.2484229747206" lon="130.29279677197337">
        <ele>11.6</ele>
      </trkpt>
      <trkpt lat="33.2484591845423" lon="130.29279065318406">
        <ele>11.6</ele>
      </trkpt>
      <trkpt lat="33.248504027724266" lon="130.29279266484082">
        <ele>11.4</ele>
      </trkpt>
      <trkpt lat="33.2485384773463" lon="130.29278688132763">
        <ele>11.4</ele>
      </trkpt>
      <trkpt lat="33.24858139269054" lon="130.29278327710927">
        <ele>11.4</ele>
      </trkpt>
      <trkpt lat="33.24861475266516" lon="130.29277422465384">
        <ele>11.4</ele>
      </trkpt>
      <trkpt lat="33.24865733273327" lon="130.29276710003614">
        <ele>11.4</ele>
      </trkpt>
      <trkpt lat="33.24869488365948" lon="130.29275846667588">
        <ele>11.4</ele>
      </trkpt>
      <trkpt lat="33.24873620644212" lon="130.29275025241077">
        <ele>11.4</ele>
      </trkpt>
      <trkpt lat="33.24877493083477" lon="130.29274337925017">
        <ele>11.4</ele>
      </trkpt>
      <trkpt lat="33.24881558306515" lon="130.29273826628923">
        <ele>11.4</ele>
      </trkpt>
      <trkpt lat="33.24885263107717" lon="130.29272854328156">
        <ele>11.4</ele>
      </trkpt>
      <trkpt lat="33.24889563024044" lon="130.29272192157805">
        <ele>11.4</ele>
      </trkpt>
      <trkpt lat="33.248930498957634" lon="130.29271286912262">
        <ele>11.4</ele>
      </trkpt>
      <trkpt lat="33.248972576111555" lon="130.29270733706653">
        <ele>11.4</ele>
      </trkpt>
      <trkpt lat="33.249007780104876" lon="130.29269895516336">
        <ele>11.4</ele>
      </trkpt>
      <trkpt lat="33.24904709123075" lon="130.29268948361278">
        <ele>11.4</ele>
      </trkpt>
      <trkpt lat="33.24908321723342" lon="130.29267850331962">
        <ele>11.4</ele>
      </trkpt>
      <trkpt lat="33.249125964939594" lon="130.29267322272062">
        <ele>11.6</ele>
      </trkpt>
      <trkpt lat="33.2491584867239" lon="130.29266140423715">
        <ele>11.6</ele>
      </trkpt>
      <trkpt lat="33.24920299462974" lon="130.29265268705785">
        <ele>11.6</ele>
      </trkpt>
      <trkpt lat="33.24923752807081" lon="130.29264179058373">
        <ele>11.6</ele>
      </trkpt>
      <trkpt lat="33.24928128160536" lon="130.29263424687088">
        <ele>11.6</ele>
      </trkpt>
      <trkpt lat="33.24931489303708" lon="130.29262360185385">
        <ele>11.4</ele>
      </trkpt>
      <trkpt lat="33.24935789220035" lon="130.29261480085552">
        <ele>11.4</ele>
      </trkpt>
      <trkpt lat="33.24939443729818" lon="130.29260457493365">
        <ele>11.4</ele>
      </trkpt>
      <trkpt lat="33.24943752028048" lon="130.29259803704917">
        <ele>11.4</ele>
      </trkpt>
      <trkpt lat="33.24947180226445" lon="130.29258814640343">
        <ele>11.4</ele>
      </trkpt>
      <trkpt lat="33.249515891075134" lon="130.29258320108056">
        <ele>11.6</ele>
      </trkpt>
      <trkpt lat="33.2495522685349" lon="130.2925748191774">
        <ele>11.6</ele>
      </trkpt>
      <trkpt lat="33.24959468096495" lon="130.29256920330226">
        <ele>11.6</ele>
      </trkpt>
      <trkpt lat="33.24962762184441" lon="130.29256115667522">
        <ele>11.6</ele>
      </trkpt>
      <trkpt lat="33.24967456050217" lon="130.2925550378859">
        <ele>11.6</ele>
      </trkpt>
      <trkpt lat="33.249707501381636" lon="130.29254221357405">
        <ele>11.6</ele>
      </trkpt>
      <trkpt lat="33.249751422554255" lon="130.29253592714667">
        <ele>11.6</ele>
      </trkpt>
      <trkpt lat="33.2497853692621" lon="130.2925222646445">
        <ele>11.8</ele>
      </trkpt>
      <trkpt lat="33.24982987716794" lon="130.29251153580844">
        <ele>11.8</ele>
      </trkpt>
      <trkpt lat="33.249862901866436" lon="130.2924910839647">
        <ele>11.8</ele>
      </trkpt>
      <trkpt lat="33.24990707449615" lon="130.2924730628729">
        <ele>11.8</ele>
      </trkpt>
      <trkpt lat="33.249935153871775" lon="130.29245587997139">
        <ele>12.0</ele>
      </trkpt>
      <trkpt lat="33.24997681193054" lon="130.29243995435536">
        <ele>12.0</ele>
      </trkpt>
      <trkpt lat="33.250006986781955" lon="130.29242310672998">
        <ele>12.0</ele>
      </trkpt>
      <trkpt lat="33.250052919611335" lon="130.29241061769426">
        <ele>12.0</ele>
      </trkpt>
      <trkpt lat="33.25008342973888" lon="130.29239586554468">
        <ele>12.0</ele>
      </trkpt>
      <trkpt lat="33.25013179332018" lon="130.2923884894699">
        <ele>11.8</ele>
      </trkpt>
      <trkpt lat="33.25016607530415" lon="130.29237834736705">
        <ele>11.8</ele>
      </trkpt>
      <trkpt lat="33.2502082362771" lon="130.2923739887774">
        <ele>11.8</ele>
      </trkpt>
      <trkpt lat="33.25024335645139" lon="130.2923615835607">
        <ele>11.6</ele>
      </trkpt>
      <trkpt lat="33.2502912171185" lon="130.29235135763884">
        <ele>11.6</ele>
      </trkpt>
      <trkpt lat="33.25032600201666" lon="130.29234180226922">
        <ele>11.6</ele>
      </trkpt>
      <trkpt lat="33.25037042610347" lon="130.2923382818699">
        <ele>11.6</ele>
      </trkpt>
      <trkpt lat="33.250403283163905" lon="130.29232545755804">
        <ele>11.6</ele>
      </trkpt>
      <trkpt lat="33.25044737197459" lon="130.2923192549497">
        <ele>11.6</ele>
      </trkpt>
      <trkpt lat="33.25048064813018" lon="130.29230827465653">
        <ele>11.6</ele>
      </trkpt>
      <trkpt lat="33.25052574276924" lon="130.29230282641947">
        <ele>11.6</ele>
      </trkpt>
      <trkpt lat="33.250555666163564" lon="130.29229218140244">
        <ele>11.8</ele>
      </trkpt>
      <trkpt lat="33.25059447437525" lon="130.2922864817083">
        <ele>11.8</ele>
      </trkpt>
      <trkpt lat="33.25062691234052" lon="130.2922812011093">
        <ele>11.8</ele>
      </trkpt>
      <trkpt lat="33.25067561119795" lon="130.2922767587006">
        <ele>11.8</ele>
      </trkpt>
      <trkpt lat="33.25071609579027" lon="130.29226938262582">
        <ele>11.8</ele>
      </trkpt>
      <trkpt lat="33.25075716711581" lon="130.29226158745587">
        <ele>11.8</ele>
      </trkpt>
      <trkpt lat="33.25078952126205" lon="130.29225362464786">
        <ele>11.8</ele>
      </trkpt>
      <trkpt lat="33.250831766054034" lon="130.29224524274468">
        <ele>11.8</ele>
      </trkpt>
      <trkpt lat="33.25086571276188" lon="130.29223493300378">
        <ele>11.8</ele>
      </trkpt>
      <trkpt lat="33.25090745463967" lon="130.29222764074802">
        <ele>11.8</ele>
      </trkpt>
      <trkpt lat="33.25094525702298" lon="130.29222378507257">
        <ele>12.0</ele>
      </trkpt>
      <trkpt lat="33.25099378824234" lon="130.29221640899777">
        <ele>12.0</ele>
      </trkpt>
      <trkpt lat="33.251032093539834" lon="130.29220920056105">
        <ele>12.0</ele>
      </trkpt>
      <trkpt lat="33.251073164865375" lon="130.29220676980913">
        <ele>12.0</ele>
      </trkpt>
      <trkpt lat="33.251105854287744" lon="130.29219939373434">
        <ele>12.2</ele>
      </trkpt>
      <trkpt lat="33.25114969164133" lon="130.29219185002148">
        <ele>12.2</ele>
      </trkpt>
      <trkpt lat="33.25118682347238" lon="130.29218564741313">
        <ele>12.2</ele>
      </trkpt>
      <trkpt lat="33.251229990273714" lon="130.29217617586255">
        <ele>12.2</ele>
      </trkpt>
      <trkpt lat="33.25126846320927" lon="130.29217005707324">
        <ele>12.2</ele>
      </trkpt>
      <trkpt lat="33.251309702172875" lon="130.29217081144452">
        <ele>12.2</ele>
      </trkpt>
      <trkpt lat="33.25134054757655" lon="130.2921631000936">
        <ele>12.0</ele>
      </trkpt>
      <trkpt lat="33.25138069689274" lon="130.2921604178846">
        <ele>12.0</ele>
      </trkpt>
      <trkpt lat="33.25141414068639" lon="130.29215605929494">
        <ele>12.0</ele>
      </trkpt>
      <trkpt lat="33.251453284174204" lon="130.29215270653367">
        <ele>12.0</ele>
      </trkpt>
      <trkpt lat="33.25149326585233" lon="130.292150946334">
        <ele>12.0</ele>
      </trkpt>
      <trkpt lat="33.25153064914048" lon="130.2921464201063">
        <ele>12.0</ele>
      </trkpt>
      <trkpt lat="33.25156878679991" lon="130.2921406365931">
        <ele>12.0</ele>
      </trkpt>
      <trkpt lat="33.25161044485867" lon="130.29213812202215">
        <ele>12.0</ele>
      </trkpt>
      <trkpt lat="33.25164958834648" lon="130.292135104537">
        <ele>12.0</ele>
      </trkpt>
      <trkpt lat="33.25168906711042" lon="130.29212915338576">
        <ele>12.0</ele>
      </trkpt>
      <trkpt lat="33.25172930024564" lon="130.29212613590062">
        <ele>12.0</ele>
      </trkpt>
      <trkpt lat="33.25177012011409" lon="130.2921221125871">
        <ele>12.0</ele>
      </trkpt>
      <trkpt lat="33.251812951639295" lon="130.2921170834452">
        <ele>12.0</ele>
      </trkpt>
      <trkpt lat="33.25185067020357" lon="130.29211356304586">
        <ele>12.0</ele>
      </trkpt>
      <trkpt lat="33.251891573891044" lon="130.29211255721748">
        <ele>12.0</ele>
      </trkpt>
      <trkpt lat="33.2519318908453" lon="130.2921078633517">
        <ele>12.0</ele>
      </trkpt>
      <trkpt lat="33.25196843594313" lon="130.29210585169494">
        <ele>12.0</ele>
      </trkpt>
      <trkpt lat="33.25200975872576" lon="130.29210593551397">
        <ele>12.0</ele>
      </trkpt>
      <trkpt lat="33.252048064023256" lon="130.29210325330496">
        <ele>12.0</ele>
      </trkpt>
      <trkpt lat="33.252085614949465" lon="130.2920970506966">
        <ele>12.0</ele>
      </trkpt>
      <trkpt lat="33.25212626717985" lon="130.2920991461724">
        <ele>12.0</ele>
      </trkpt>
      <trkpt lat="33.25216591358185" lon="130.29209772124887">
        <ele>12.2</ele>
      </trkpt>
      <trkpt lat="33.25220262631774" lon="130.29209772124887">
        <ele>12.2</ele>
      </trkpt>
      <trkpt lat="33.25224017724395" lon="130.29210006818175">
        <ele>12.2</ele>
      </trkpt>
      <trkpt lat="33.25227797962725" lon="130.29209696687758">
        <ele>12.2</ele>
      </trkpt>
      <trkpt lat="33.252315782010555" lon="130.29209814034402">
        <ele>12.6</ele>
      </trkpt>
      <trkpt lat="33.2523531652987" lon="130.29209763742983">
        <ele>12.6</ele>
      </trkpt>
      <trkpt lat="33.25239323079586" lon="130.29210249893367">
        <ele>12.8</ele>
      </trkpt>
      <trkpt lat="33.25243036262691" lon="130.2921044267714">
        <ele>13.0</ele>
      </trkpt>
      <trkpt lat="33.25247084721923" lon="130.29210752807558">
        <ele>13.0</ele>
      </trkpt>
      <trkpt lat="33.25251007452607" lon="130.29210610315204">
        <ele>13.0</ele>
      </trkpt>
      <trkpt lat="33.252552822232246" lon="130.29210534878075">
        <ele>13.0</ele>
      </trkpt>
      <trkpt lat="33.252588445320725" lon="130.29210828244686">
        <ele>13.0</ele>
      </trkpt>
      <trkpt lat="33.25263169594109" lon="130.2921120543033">
        <ele>13.0</ele>
      </trkpt>
      <trkpt lat="33.25267167761922" lon="130.29211096465588">
        <ele>13.0</ele>
      </trkpt>
      <trkpt lat="33.25271031819284" lon="130.29211146757007">
        <ele>13.0</ele>
      </trkpt>
      <trkpt lat="33.2527469471097" lon="130.2921176701784">
        <ele>13.2</ele>
      </trkpt>
      <trkpt lat="33.25278835371137" lon="130.2921252977103">
        <ele>13.2</ele>
      </trkpt>
      <trkpt lat="33.252821965143085" lon="130.29213200323284">
        <ele>13.2</ele>
      </trkpt>
      <trkpt lat="33.252864042297006" lon="130.292135104537">
        <ele>13.2</ele>
      </trkpt>
      <trkpt lat="33.2529041916132" lon="130.29213812202215">
        <ele>13.4</ele>
      </trkpt>
      <trkpt lat="33.252940736711025" lon="130.2921427320689">
        <ele>13.4</ele>
      </trkpt>
      <trkpt lat="33.25297912582755" lon="130.29214784502983">
        <ele>13.4</ele>
      </trkpt>
      <trkpt lat="33.253014665097" lon="130.29215103015304">
        <ele>13.4</ele>
      </trkpt>
      <trkpt lat="33.25304995290935" lon="130.29215312562883">
        <ele>13.4</ele>
      </trkpt>
      <trkpt lat="33.253083899617195" lon="130.29215522110462">
        <ele>13.4</ele>
      </trkpt>
      <trkpt lat="33.25312220491469" lon="130.29216410592198">
        <ele>13.4</ele>
      </trkpt>
      <trkpt lat="33.25316101312637" lon="130.29217097908258">
        <ele>13.6</ele>
      </trkpt>
      <trkpt lat="33.25320191681385" lon="130.29218095354736">
        <ele>13.6</ele>
      </trkpt>
      <trkpt lat="33.253239300101995" lon="130.292185312137">
        <ele>13.6</ele>
      </trkpt>
      <trkpt lat="33.25327777303755" lon="130.29219520278275">
        <ele>13.6</ele>
      </trkpt>
      <trkpt lat="33.25331465341151" lon="130.2921990584582">
        <ele>13.6</ele>
      </trkpt>
      <trkpt lat="33.25335329398513" lon="130.29220819473267">
        <ele>13.6</ele>
      </trkpt>
      <trkpt lat="33.25339159928262" lon="130.2922164928168">
        <ele>13.6</ele>
      </trkpt>
      <trkpt lat="33.25342915020883" lon="130.29222244396806">
        <ele>13.6</ele>
      </trkpt>
      <trkpt lat="33.2534671202302" lon="130.29223116114736">
        <ele>13.6</ele>
      </trkpt>
      <trkpt lat="33.25350685045123" lon="130.29223962686956">
        <ele>13.6</ele>
      </trkpt>
      <trkpt lat="33.25354699976742" lon="130.29224675148726">
        <ele>13.6</ele>
      </trkpt>
      <trkpt lat="33.2535860594362" lon="130.29225831851363">
        <ele>13.6</ele>
      </trkpt>
      <trkpt lat="33.2536241132766" lon="130.29226577840745">
        <ele>13.6</ele>
      </trkpt>
      <trkpt lat="33.25366593897343" lon="130.29227533377707">
        <ele>13.6</ele>
      </trkpt>
      <trkpt lat="33.25370407663286" lon="130.29228606261313">
        <ele>13.4</ele>
      </trkpt>
      <trkpt lat="33.2537417113781" lon="130.29229754582047">
        <ele>13.4</ele>
      </trkpt>
      <trkpt lat="33.25378202833235" lon="130.292309531942">
        <ele>13.4</ele>
      </trkpt>
      <trkpt lat="33.25382351875305" lon="130.29232277534902">
        <ele>13.4</ele>
      </trkpt>
      <trkpt lat="33.25386257842183" lon="130.29233375564218">
        <ele>13.2</ele>
      </trkpt>
      <trkpt lat="33.253902895376086" lon="130.2923469990492">
        <ele>13.2</ele>
      </trkpt>
      <trkpt lat="33.2539401948452" lon="130.2923583984375">
        <ele>13.2</ele>
      </trkpt>
      <trkpt lat="33.25397833250463" lon="130.2923776768148">
        <ele>13.2</ele>
      </trkpt>
      <trkpt lat="33.25401387177408" lon="130.29238580726087">
        <ele>13.2</ele>
      </trkpt>
      <trkpt lat="33.25405276380479" lon="130.29240215197206">
        <ele>13.2</ele>
      </trkpt>
      <trkpt lat="33.25409207493067" lon="130.292412545532">
        <ele>13.2</ele>
      </trkpt>
      <trkpt lat="33.25413314625621" lon="130.29242780059576">
        <ele>13.2</ele>
      </trkpt>
      <trkpt lat="33.25417564250529" lon="130.29243811033666">
        <ele>13.2</ele>
      </trkpt>
      <trkpt lat="33.25421738438308" lon="130.29245470650494">
        <ele>13.2</ele>
      </trkpt>
      <trkpt lat="33.25425937771797" lon="130.2924661897123">
        <ele>13.2</ele>
      </trkpt>
      <trkpt lat="33.254301035776734" lon="130.29248437844217">
        <ele>13.2</ele>
      </trkpt>
      <trkpt lat="33.25433934107423" lon="130.29249804094434">
        <ele>13.2</ele>
      </trkpt>
      <trkpt lat="33.254378233104944" lon="130.29251446947455">
        <ele>13.2</ele>
      </trkpt>
      <trkpt lat="33.25441176071763" lon="130.29252536594868">
        <ele>13.2</ele>
      </trkpt>
      <trkpt lat="33.25445048511028" lon="130.29254162684083">
        <ele>13.2</ele>
      </trkpt>
      <trkpt lat="33.25448661111295" lon="130.2925510983914">
        <ele>13.0</ele>
      </trkpt>
      <trkpt lat="33.25453011319041" lon="130.29256761074066">
        <ele>13.0</ele>
      </trkpt>
      <trkpt lat="33.254565401002765" lon="130.2925809379667">
        <ele>13.0</ele>
      </trkpt>
      <trkpt lat="33.25460781343281" lon="130.2926023118198">
        <ele>12.8</ele>
      </trkpt>
      <trkpt lat="33.25464276596904" lon="130.292613459751">
        <ele>12.6</ele>
      </trkpt>
      <trkpt lat="33.25468249619007" lon="130.29263416305184">
        <ele>12.4</ele>
      </trkpt>
      <trkpt lat="33.25471870601177" lon="130.2926419582218">
        <ele>12.4</ele>
      </trkpt>
      <trkpt lat="33.25475927442312" lon="130.29266157187521">
        <ele>12.4</ele>
      </trkpt>
      <trkpt lat="33.25479028746486" lon="130.29266794212162">
        <ele>12.4</ele>
      </trkpt>
      <trkpt lat="33.25483261607587" lon="130.29268302954733">
        <ele>12.4</ele>
      </trkpt>
      <trkpt lat="33.25486798770726" lon="130.29269149526954">
        <ele>12.4</ele>
      </trkpt>
      <trkpt lat="33.25491802766919" lon="130.29270825907588">
        <ele>12.4</ele>
      </trkpt>
      <trkpt lat="33.25495155528188" lon="130.29271504841745">
        <ele>12.6</ele>
      </trkpt>
      <trkpt lat="33.25499966740608" lon="130.29272569343448">
        <ele>12.6</ele>
      </trkpt>
      <trkpt lat="33.255033530294895" lon="130.29272661544383">
        <ele>12.6</ele>
      </trkpt>
      <trkpt lat="33.2550782058388" lon="130.292740277946">
        <ele>12.6</ele>
      </trkpt>
      <trkpt lat="33.25511198490858" lon="130.29274262487888">
        <ele>12.6</ele>
      </trkpt>
      <trkpt lat="33.25515481643379" lon="130.2927540242672">
        <ele>12.6</ele>
      </trkpt>
      <trkpt lat="33.25519270263612" lon="130.29275494627655">
        <ele>12.4</ele>
      </trkpt>
      <trkpt lat="33.25523394159973" lon="130.29276869259775">
        <ele>12.4</ele>
      </trkpt>
      <trkpt lat="33.25526939705014" lon="130.2927730511874">
        <ele>12.4</ele>
      </trkpt>
      <trkpt lat="33.25530879199505" lon="130.292782606557">
        <ele>12.2</ele>
      </trkpt>
      <trkpt lat="33.25534458272159" lon="130.29278512112796">
        <ele>12.2</ele>
      </trkpt>
      <trkpt lat="33.25538791716099" lon="130.29279400594532">
        <ele>12.2</ele>
      </trkpt>
      <trkpt lat="33.25542261824012" lon="130.2927939221263">
        <ele>12.2</ele>
      </trkpt>
      <trkpt lat="33.255466455593705" lon="130.29280180111527">
        <ele>12.2</ele>
      </trkpt>
      <trkpt lat="33.255501156672835" lon="130.29280305840075">
        <ele>12.2</ele>
      </trkpt>
      <trkpt lat="33.25554356910288" lon="130.29280968010426">
        <ele>12.2</ele>
      </trkpt>
      <trkpt lat="33.255575587973" lon="130.2928124461323">
        <ele>12.0</ele>
      </trkpt>
      <trkpt lat="33.255620431154966" lon="130.29282057657838">
        <ele>12.0</ele>
      </trkpt>
      <trkpt lat="33.255657060071826" lon="130.29282233677804">
        <ele>12.2</ele>
      </trkpt>
      <trkpt lat="33.25569930486381" lon="130.29282887466252">
        <ele>12.2</ele>
      </trkpt>
      <trkpt lat="33.25573652051389" lon="130.292827533558">
        <ele>12.2</ele>
      </trkpt>
      <trkpt lat="33.25577834621072" lon="130.29282761737704">
        <ele>12.2</ele>
      </trkpt>
      <trkpt lat="33.25581866316497" lon="130.29282711446285">
        <ele>12.2</ele>
      </trkpt>
      <trkpt lat="33.2558604888618" lon="130.29282384552062">
        <ele>12.2</ele>
      </trkpt>
      <trkpt lat="33.25590508058667" lon="130.29282401315868">
        <ele>12.2</ele>
      </trkpt>
      <trkpt lat="33.255948750302196" lon="130.29282418079674">
        <ele>12.2</ele>
      </trkpt>
      <trkpt lat="33.25598889961839" lon="130.29282920993865">
        <ele>12.2</ele>
      </trkpt>
      <trkpt lat="33.25602829456329" lon="130.29283759184182">
        <ele>12.2</ele>
      </trkpt>
      <trkpt lat="33.25606341473758" lon="130.2928388491273">
        <ele>12.4</ele>
      </trkpt>
      <trkpt lat="33.25610096566379" lon="130.2928344067186">
        <ele>12.4</ele>
      </trkpt>
      <trkpt lat="33.25614094734192" lon="130.29283264651895">
        <ele>12.6</ele>
      </trkpt>
      <trkpt lat="33.256172882393" lon="130.2928245998919">
        <ele>12.6</ele>
      </trkpt>
      <trkpt lat="33.25621269643307" lon="130.29282577335835">
        <ele>12.6</ele>
      </trkpt>
      <trkpt lat="33.2562402728945" lon="130.29282292351127">
        <ele>12.6</ele>
      </trkpt>
      <trkpt lat="33.256280506029725" lon="130.2928314730525">
        <ele>12.6</ele>
      </trkpt>
      <trkpt lat="33.25630875304341" lon="130.29283373616636">
        <ele>12.6</ele>
      </trkpt>
      <trkpt lat="33.25634932145476" lon="130.2928344067186">
        <ele>12.6</ele>
      </trkpt>
      <trkpt lat="33.256382178515196" lon="130.29283029958606">
        <ele>12.6</ele>
      </trkpt>
      <trkpt lat="33.25642333365977" lon="130.292830131948">
        <ele>12.6</ele>
      </trkpt>
      <trkpt lat="33.25645283795893" lon="130.292832814157">
        <ele>12.4</ele>
      </trkpt>
      <trkpt lat="33.25650153681636" lon="130.29283792711794">
        <ele>12.6</ele>
      </trkpt>
      <trkpt lat="33.256529700011015" lon="130.29282820411026">
        <ele>12.6</ele>
      </trkpt>
      <trkpt lat="33.25657311826944" lon="130.29282719828188">
        <ele>12.6</ele>
      </trkpt>
      <trkpt lat="33.256610333919525" lon="130.2928351610899">
        <ele>12.6</ele>
      </trkpt>
      <trkpt lat="33.25666045770049" lon="130.29284480027854">
        <ele>12.6</ele>
      </trkpt>
      <trkpt lat="33.25669415295124" lon="130.29284446500242">
        <ele>12.8</ele>
      </trkpt>
      <trkpt lat="33.25674234889448" lon="130.2928473148495">
        <ele>12.8</ele>
      </trkpt>
      <trkpt lat="33.25677654705942" lon="130.29283935204148">
        <ele>12.8</ele>
      </trkpt>
      <trkpt lat="33.256825329735875" lon="130.29283482581377">
        <ele>12.8</ele>
      </trkpt>
      <trkpt lat="33.2568621262908" lon="130.29283960349858">
        <ele>12.8</ele>
      </trkpt>
      <trkpt lat="33.256904538720846" lon="130.29284563846886">
        <ele>12.8</ele>
      </trkpt>
      <trkpt lat="33.25694183818996" lon="130.29283750802279">
        <ele>12.6</ele>
      </trkpt>
      <trkpt lat="33.25698844157159" lon="130.29284379445016">
        <ele>12.6</ele>
      </trkpt>
      <trkpt lat="33.2570243999362" lon="130.29284195043147">
        <ele>12.6</ele>
      </trkpt>
      <trkpt lat="33.25706982985139" lon="130.2928491588682">
        <ele>12.6</ele>
      </trkpt>
      <trkpt lat="33.25710880570114" lon="130.2928534336388">
        <ele>12.4</ele>
      </trkpt>
      <trkpt lat="33.25715214014053" lon="130.2928594686091">
        <ele>12.4</ele>
      </trkpt>
      <trkpt lat="33.25718818232417" lon="130.29286064207554">
        <ele>12.4</ele>
      </trkpt>
      <trkpt lat="33.257229421287775" lon="130.2928557805717">
        <ele>12.4</ele>
      </trkpt>
      <trkpt lat="33.257271917536855" lon="130.29285997152328">
        <ele>12.4</ele>
      </trkpt>
      <trkpt lat="33.257316341623664" lon="130.29286466538906">
        <ele>12.4</ele>
      </trkpt>
      <trkpt lat="33.2573560718447" lon="130.29286441393197">
        <ele>12.6</ele>
      </trkpt>
      <trkpt lat="33.25739622116089" lon="130.29286064207554">
        <ele>12.6</ele>
      </trkpt>
      <trkpt lat="33.25743746012449" lon="130.29285544529557">
        <ele>12.6</ele>
      </trkpt>
      <trkpt lat="33.257476687431335" lon="130.29285645112395">
        <ele>12.6</ele>
      </trkpt>
      <trkpt lat="33.25751708820462" lon="130.29285754077137">
        <ele>12.4</ele>
      </trkpt>
      <trkpt lat="33.257556818425655" lon="130.29286567121744">
        <ele>12.4</ele>
      </trkpt>
      <trkpt lat="33.257597386837006" lon="130.29288109391928">
        <ele>12.4</ele>
      </trkpt>
      <trkpt lat="33.25763669796288" lon="130.29289349913597">
        <ele>12.4</ele>
      </trkpt>
      <trkpt lat="33.25768011622131" lon="130.29290297068655">
        <ele>12.4</ele>
      </trkpt>
      <trkpt lat="33.257722444832325" lon="130.29290841892362">
        <ele>12.4</ele>
      </trkpt>
      <trkpt lat="33.25776913203299" lon="130.29291302897036">
        <ele>12.4</ele>
      </trkpt>
      <trkpt lat="33.25781565159559" lon="130.292914705351">
        <ele>12.4</ele>
      </trkpt>
      <trkpt lat="33.25785764493048" lon="130.29291361570358">
        <ele>12.4</ele>
      </trkpt>
      <trkpt lat="33.25789553113282" lon="130.2929133642465">
        <ele>12.4</ele>
      </trkpt>
      <trkpt lat="33.25793735682964" lon="130.292912106961">
        <ele>12.4</ele>
      </trkpt>
      <trkpt lat="33.2579758297652" lon="130.29290841892362">
        <ele>12.2</ele>
      </trkpt>
      <trkpt lat="33.25801765546203" lon="130.29290531761944">
        <ele>12.2</ele>
      </trkpt>
      <trkpt lat="33.25805554166436" lon="130.292898863554">
        <ele>12.2</ele>
      </trkpt>
      <trkpt lat="33.258095271885395" lon="130.2929017972201">
        <ele>12.2</ele>
      </trkpt>
      <trkpt lat="33.25813416391611" lon="130.29290271922946">
        <ele>12.2</ele>
      </trkpt>
      <trkpt lat="33.258175905793905" lon="130.2929036412388">
        <ele>12.2</ele>
      </trkpt>
      <trkpt lat="33.25821194797754" lon="130.29290347360075">
        <ele>12.4</ele>
      </trkpt>
      <trkpt lat="33.258259473368526" lon="130.2929078321904">
        <ele>12.4</ele>
      </trkpt>
      <trkpt lat="33.25829626992345" lon="130.29290741309524">
        <ele>12.4</ele>
      </trkpt>
      <trkpt lat="33.25834454968572" lon="130.29290724545717">
        <ele>12.4</ele>
      </trkpt>
      <trkpt lat="33.258383106440306" lon="130.29290825128555">
        <ele>12.4</ele>
      </trkpt>
      <trkpt lat="33.25842392630875" lon="130.29291545972228">
        <ele>12.4</ele>
      </trkpt>
      <trkpt lat="33.25845460407436" lon="130.29291872866452">
        <ele>12.4</ele>
      </trkpt>
      <trkpt lat="33.258498441427946" lon="130.2929245121777">
        <ele>12.4</ele>
      </trkpt>
      <trkpt lat="33.258528616279364" lon="130.29292719438672">
        <ele>12.4</ele>
      </trkpt>
      <trkpt lat="33.258572202175856" lon="130.29293423518538">
        <ele>12.4</ele>
      </trkpt>
      <trkpt lat="33.25860505923629" lon="130.29293943196535">
        <ele>12.4</ele>
      </trkpt>
      <trkpt lat="33.25864470563829" lon="130.2929474785924">
        <ele>12.4</ele>
      </trkpt>
      <trkpt lat="33.258680580183864" lon="130.2929501608014">
        <ele>12.6</ele>
      </trkpt>
      <trkpt lat="33.25872575864196" lon="130.292954351753">
        <ele>12.8</ele>
      </trkpt>
      <trkpt lat="33.2587599568069" lon="130.2929561957717">
        <ele>12.8</ele>
      </trkpt>
      <trkpt lat="33.25880739837885" lon="130.29295611195266">
        <ele>12.8</ele>
      </trkpt>
      <trkpt lat="33.25884310528636" lon="130.2929577883333">
        <ele>13.0</ele>
      </trkpt>
      <trkpt lat="33.258887277916074" lon="130.2929644100368">
        <ele>13.0</ele>
      </trkpt>
      <trkpt lat="33.25891921296716" lon="130.29296164400876">
        <ele>13.0</ele>
      </trkpt>
      <trkpt lat="33.258967911824584" lon="130.2929680980742">
        <ele>12.8</ele>
      </trkpt>
      <trkpt lat="33.2590049598366" lon="130.2929704450071">
        <ele>12.8</ele>
      </trkpt>
      <trkpt lat="33.259051060304046" lon="130.29298008419573">
        <ele>12.8</ele>
      </trkpt>
      <trkpt lat="33.259088108316064" lon="130.29298058710992">
        <ele>13.0</ele>
      </trkpt>
      <trkpt lat="33.25913085602224" lon="130.29298544861376">
        <ele>13.0</ele>
      </trkpt>
      <trkpt lat="33.259167820215225" lon="130.29298536479473">
        <ele>13.0</ele>
      </trkpt>
      <trkpt lat="33.25921433977783" lon="130.29299701564014">
        <ele>13.0</ele>
      </trkpt>
      <trkpt lat="33.259250884875655" lon="130.29299735091627">
        <ele>13.0</ele>
      </trkpt>
      <trkpt lat="33.259292459115386" lon="130.2930064033717">
        <ele>13.0</ele>
      </trkpt>
      <trkpt lat="33.25932833366096" lon="130.2930082473904">
        <ele>12.8</ele>
      </trkpt>
      <trkpt lat="33.25936705805361" lon="130.29301838949323">
        <ele>12.8</ele>
      </trkpt>
      <trkpt lat="33.259400837123394" lon="130.29302341863513">
        <ele>12.8</ele>
      </trkpt>
      <trkpt lat="33.2594383880496" lon="130.29303247109056">
        <ele>12.8</ele>
      </trkpt>
      <trkpt lat="33.25947602279484" lon="130.29303607530892">
        <ele>12.8</ele>
      </trkpt>
      <trkpt lat="33.259516255930066" lon="130.29304202646017">
        <ele>13.0</ele>
      </trkpt>
      <trkpt lat="33.259555315598845" lon="130.29304672032595">
        <ele>13.0</ele>
      </trkpt>
      <trkpt lat="33.25959311798215" lon="130.29304982163012">
        <ele>13.0</ele>
      </trkpt>
      <trkpt lat="33.259628573432565" lon="130.29304982163012">
        <ele>13.0</ele>
      </trkpt>
      <trkpt lat="33.25966654345393" lon="130.2930505760014">
        <ele>13.0</ele>
      </trkpt>
      <trkpt lat="33.25970786623657" lon="130.29305510222912">
        <ele>13.0</ele>
      </trkpt>
      <trkpt lat="33.25974675826728" lon="130.29305786825716">
        <ele>13.0</ele>
      </trkpt>
      <trkpt lat="33.2597925234586" lon="130.29306180775166">
        <ele>13.0</ele>
      </trkpt>
      <trkpt lat="33.25982915237546" lon="130.29306038282812">
        <ele>13.0</ele>
      </trkpt>
      <trkpt lat="33.259873911738396" lon="130.29306784272194">
        <ele>12.8</ele>
      </trkpt>
      <trkpt lat="33.259910037741065" lon="130.29307102784514">
        <ele>12.8</ele>
      </trkpt>
      <trkpt lat="33.25995018705726" lon="130.29308645054698">
        <ele>12.8</ele>
      </trkpt>
      <trkpt lat="33.25998882763088" lon="130.2930902224034">
        <ele>12.8</ele>
      </trkpt>
      <trkpt lat="33.2600309047848" lon="130.29309608973563">
        <ele>12.8</ele>
      </trkpt>
      <trkpt lat="33.260069880634546" lon="130.29309608973563">
        <ele>12.8</ele>
      </trkpt>
      <trkpt lat="33.26010961085558" lon="130.29310204088688">
        <ele>12.6</ele>
      </trkpt>
      <trkpt lat="33.260149508714676" lon="130.29310137033463">
        <ele>12.6</ele>
      </trkpt>
      <trkpt lat="33.2601950224489" lon="130.29310572892427">
        <ele>12.4</ele>
      </trkpt>
      <trkpt lat="33.26023265719414" lon="130.29310388490558">
        <ele>12.4</ele>
      </trkpt>
      <trkpt lat="33.2602777518332" lon="130.2931100036949">
        <ele>12.4</ele>
      </trkpt>
      <trkpt lat="33.260316643863916" lon="130.29310874640942">
        <ele>12.4</ele>
      </trkpt>
      <trkpt lat="33.260359056293964" lon="130.29310891404748">
        <ele>12.4</ele>
      </trkpt>
      <trkpt lat="33.260396774858236" lon="130.29310665093362">
        <ele>12.4</ele>
      </trkpt>
      <trkpt lat="33.260439774021506" lon="130.29310874640942">
        <ele>12.4</ele>
      </trkpt>
      <trkpt lat="33.260475816205144" lon="130.2931105904281">
        <ele>12.4</ele>
      </trkpt>
      <trkpt lat="33.26052049174905" lon="130.2931171283126">
        <ele>12.4</ele>
      </trkpt>
      <trkpt lat="33.260555947199464" lon="130.2931166253984">
        <ele>12.4</ele>
      </trkpt>
      <trkpt lat="33.26059777289629" lon="130.29311939142644">
        <ele>12.2</ele>
      </trkpt>
      <trkpt lat="33.26063549146056" lon="130.29312106780708">
        <ele>12.4</ele>
      </trkpt>
      <trkpt lat="33.26068268157542" lon="130.29312685132027">
        <ele>12.4</ele>
      </trkpt>
      <trkpt lat="33.26071604155004" lon="130.29312383383512">
        <ele>12.4</ele>
      </trkpt>
      <trkpt lat="33.26076180674136" lon="130.29312542639673">
        <ele>12.4</ele>
      </trkpt>
      <trkpt lat="33.26079508289695" lon="130.29312517493963">
        <ele>12.4</ele>
      </trkpt>
      <trkpt lat="33.26083833351731" lon="130.29313297010958">
        <ele>12.4</ele>
      </trkpt>
      <trkpt lat="33.26087336987257" lon="130.29312886297703">
        <ele>12.4</ele>
      </trkpt>
      <trkpt lat="33.260918632149696" lon="130.29313506558537">
        <ele>12.4</ele>
      </trkpt>
      <trkpt lat="33.260956183075905" lon="130.2931369934231">
        <ele>12.4</ele>
      </trkpt>
      <trkpt lat="33.260996751487255" lon="130.29313984327018">
        <ele>12.4</ele>
      </trkpt>
      <trkpt lat="33.261029943823814" lon="130.29314210638404">
        <ele>12.4</ele>
      </trkpt>
      <trkpt lat="33.26107470318675" lon="130.29315015301108">
        <ele>12.6</ele>
      </trkpt>
      <trkpt lat="33.2611152715981" lon="130.29315141029656">
        <ele>12.6</ele>
      </trkpt>
      <trkpt lat="33.26116036623716" lon="130.29315660707653">
        <ele>12.6</ele>
      </trkpt>
      <trkpt lat="33.261193642392755" lon="130.29314822517335">
        <ele>12.6</ele>
      </trkpt>
      <trkpt lat="33.261238653212786" lon="130.29315300285816">
        <ele>12.6</ele>
      </trkpt>
      <trkpt lat="33.261274779215455" lon="130.29314428567886">
        <ele>12.6</ele>
      </trkpt>
      <trkpt lat="33.261318281292915" lon="130.29314822517335">
        <ele>12.6</ele>
      </trkpt>
      <trkpt lat="33.261353904381394" lon="130.29314948245883">
        <ele>12.6</ele>
      </trkpt>
      <trkpt lat="33.2613985799253" lon="130.2931586187333">
        <ele>12.8</ele>
      </trkpt>
      <trkpt lat="33.26143738813698" lon="130.29315710999072">
        <ele>12.8</ele>
      </trkpt>
      <trkpt lat="33.26148306950927" lon="130.29316540807486">
        <ele>12.8</ele>
      </trkpt>
      <trkpt lat="33.26152078807354" lon="130.2931665815413">
        <ele>12.8</ele>
      </trkpt>
      <trkpt lat="33.26156814582646" lon="130.29317303560674">
        <ele>13.0</ele>
      </trkpt>
      <trkpt lat="33.26160569675267" lon="130.29317270033062">
        <ele>13.0</ele>
      </trkpt>
      <trkpt lat="33.26164995320141" lon="130.29318041168153">
        <ele>13.0</ele>
      </trkpt>
      <trkpt lat="33.26168708503246" lon="130.29318133369088">
        <ele>13.0</ele>
      </trkpt>
      <trkpt lat="33.26173352077603" lon="130.2931901346892">
        <ele>13.0</ele>
      </trkpt>
      <trkpt lat="33.26175942085683" lon="130.29319340363145">
        <ele>13.0</ele>
      </trkpt>
      <trkpt lat="33.261804431676865" lon="130.2932046353817">
        <ele>12.8</ele>
      </trkpt>
      <trkpt lat="33.261837624013424" lon="130.29320740140975">
        <ele>12.8</ele>
      </trkpt>
      <trkpt lat="33.26187986880541" lon="130.29321352019906">
        <ele>12.8</ele>
      </trkpt>
      <trkpt lat="33.26191708445549" lon="130.2932151965797">
        <ele>12.8</ele>
      </trkpt>
      <trkpt lat="33.26196159236133" lon="130.29322005808353">
        <ele>12.8</ele>
      </trkpt>
      <trkpt lat="33.26200048439205" lon="130.29322165064514">
        <ele>12.8</ele>
      </trkpt>
      <trkpt lat="33.262043902650476" lon="130.2932281885296">
        <ele>12.8</ele>
      </trkpt>
      <trkpt lat="33.2620788551867" lon="130.29322592541575">
        <ele>12.8</ele>
      </trkpt>
      <trkpt lat="33.26211992651224" lon="130.29323564842343">
        <ele>12.8</ele>
      </trkpt>
      <trkpt lat="33.26215454377234" lon="130.29324185103178">
        <ele>12.8</ele>
      </trkpt>
      <trkpt lat="33.26219427399337" lon="130.2932527475059">
        <ele>12.8</ele>
      </trkpt>
      <trkpt lat="33.26222788542509" lon="130.2932519093156">
        <ele>12.8</ele>
      </trkpt>
      <trkpt lat="33.262268202379346" lon="130.29325786046684">
        <ele>12.8</ele>
      </trkpt>
      <trkpt lat="33.26230491511524" lon="130.29326020739973">
        <ele>13.0</ele>
      </trkpt>
      <trkpt lat="33.262343890964985" lon="130.29326741583645">
        <ele>12.8</ele>
      </trkpt>
      <trkpt lat="33.26238228008151" lon="130.2932749595493">
        <ele>12.8</ele>
      </trkpt>
      <trkpt lat="33.26242578215897" lon="130.29328635893762">
        <ele>12.8</ele>
      </trkpt>
      <trkpt lat="33.26246568001807" lon="130.2932931482792">
        <ele>12.8</ele>
      </trkpt>
      <trkpt lat="33.26250993646681" lon="130.2933008596301">
        <ele>12.8</ele>
      </trkpt>
      <trkpt lat="33.26254824176431" lon="130.29330597259104">
        <ele>12.8</ele>
      </trkpt>
      <trkpt lat="33.26258881017566" lon="130.29331611469388">
        <ele>12.8</ele>
      </trkpt>
      <trkpt lat="33.26262594200671" lon="130.29332181438804">
        <ele>12.8</ele>
      </trkpt>
      <trkpt lat="33.26266709715128" lon="130.29333195649087">
        <ele>12.8</ele>
      </trkpt>
      <trkpt lat="33.26270800083876" lon="130.29333564452827">
        <ele>12.8</ele>
      </trkpt>
      <trkpt lat="33.2627490721643" lon="130.29334042221308">
        <ele>12.8</ele>
      </trkpt>
      <trkpt lat="33.26279022730887" lon="130.29334528371692">
        <ele>12.8</ele>
      </trkpt>
      <trkpt lat="33.26283280737698" lon="130.29334888793528">
        <ele>12.8</ele>
      </trkpt>
      <trkpt lat="33.26287438161671" lon="130.29335400089622">
        <ele>12.8</ele>
      </trkpt>
      <trkpt lat="33.26291151344776" lon="130.29336129315197">
        <ele>13.0</ele>
      </trkpt>
      <trkpt lat="33.2629525847733" lon="130.29336833395064">
        <ele>13.0</ele>
      </trkpt>
      <trkpt lat="33.262991309165955" lon="130.29337294399738">
        <ele>13.0</ele>
      </trkpt>
      <trkpt lat="33.263029949739575" lon="130.2933737821877">
        <ele>13.0</ele>
      </trkpt>
      <trkpt lat="33.263072865083814" lon="130.2933758776635">
        <ele>13.2</ele>
      </trkpt>
      <trkpt lat="33.26311318203807" lon="130.2933777216822">
        <ele>13.2</ele>
      </trkpt>
      <trkpt lat="33.26315240934491" lon="130.29337839223444">
        <ele>13.2</ele>
      </trkpt>
      <trkpt lat="33.26319247484207" lon="130.29338425956666">
        <ele>13.2</ele>
      </trkpt>
      <trkpt lat="33.263232205063105" lon="130.2933886181563">
        <ele>13.2</ele>
      </trkpt>
      <trkpt lat="33.26327168382704" lon="130.29339507222176">
        <ele>13.2</ele>
      </trkpt>
      <trkpt lat="33.26330982148647" lon="130.29340010136366">
        <ele>13.2</ele>
      </trkpt>
      <trkpt lat="33.263349048793316" lon="130.29340395703912">
        <ele>13.0</ele>
      </trkpt>
      <trkpt lat="33.26338643208146" lon="130.29340907000005">
        <ele>13.0</ele>
      </trkpt>
      <trkpt lat="33.26342683285475" lon="130.29341652989388">
        <ele>13.0</ele>
      </trkpt>
      <trkpt lat="33.263467149809" lon="130.29342248104513">
        <ele>13.0</ele>
      </trkpt>
      <trkpt lat="33.26350964605808" lon="130.2934285160154">
        <ele>13.0</ele>
      </trkpt>
      <trkpt lat="33.2635466940701" lon="130.29342918656766">
        <ele>13.0</ele>
      </trkpt>
      <trkpt lat="33.26357854530215" lon="130.293432706967">
        <ele>13.0</ele>
      </trkpt>
      <trkpt lat="33.263616766780615" lon="130.2934308629483">
        <ele>13.0</ele>
      </trkpt>
      <trkpt lat="33.26366186141968" lon="130.29343312606215">
        <ele>13.2</ele>
      </trkpt>
      <trkpt lat="33.26370192691684" lon="130.29342809692025">
        <ele>13.2</ele>
      </trkpt>
      <trkpt lat="33.263743836432695" lon="130.29342801310122">
        <ele>13.2</ele>
      </trkpt>
      <trkpt lat="33.26378054916859" lon="130.29342843219638">
        <ele>13.2</ele>
      </trkpt>
      <trkpt lat="33.263822458684444" lon="130.29343144968152">
        <ele>13.2</ele>
      </trkpt>
      <trkpt lat="33.263860596343875" lon="130.29343178495765">
        <ele>13.2</ele>
      </trkpt>
      <trkpt lat="33.263897225260735" lon="130.29343631118536">
        <ele>13.2</ele>
      </trkpt>
      <trkpt lat="33.26393494382501" lon="130.2934308629483">
        <ele>13.2</ele>
      </trkpt>
      <trkpt lat="33.26397861354053" lon="130.293435389176">
        <ele>13.4</ele>
      </trkpt>
      <trkpt lat="33.264019349589944" lon="130.293437987566">
        <ele>13.4</ele>
      </trkpt>
      <trkpt lat="33.26406117528677" lon="130.29344494454563">
        <ele>13.4</ele>
      </trkpt>
      <trkpt lat="33.26409839093685" lon="130.29344762675464">
        <ele>13.4</ele>
      </trkpt>
      <trkpt lat="33.26413434930146" lon="130.2934509795159">
        <ele>13.4</ele>
      </trkpt>
      <trkpt lat="33.26417558826506" lon="130.29345240443945">
        <ele>13.4</ele>
      </trkpt>
      <trkpt lat="33.264214396476746" lon="130.29345802031457">
        <ele>13.4</ele>
      </trkpt>
      <trkpt lat="33.26425429433584" lon="130.29346028342843">
        <ele>13.4</ele>
      </trkpt>
      <trkpt lat="33.26429327018559" lon="130.29346690513194">
        <ele>13.4</ele>
      </trkpt>
      <trkpt lat="33.26433274894953" lon="130.29346405528486">
        <ele>13.4</ele>
      </trkpt>
      <trkpt lat="33.264372646808624" lon="130.29346439056098">
        <ele>13.4</ele>
      </trkpt>
      <trkpt lat="33.26441212557256" lon="130.29346237890422">
        <ele>13.4</ele>
      </trkpt>
      <trkpt lat="33.264454286545515" lon="130.29346740804613">
        <ele>13.2</ele>
      </trkpt>
      <trkpt lat="33.264490496367216" lon="130.2934689167887">
        <ele>13.2</ele>
      </trkpt>
      <trkpt lat="33.26453232206404" lon="130.29347696341574">
        <ele>13.2</ele>
      </trkpt>
      <trkpt lat="33.26456995680928" lon="130.29348006471992">
        <ele>13.2</ele>
      </trkpt>
      <trkpt lat="33.264615470543504" lon="130.29348408803344">
        <ele>13.2</ele>
      </trkpt>
      <trkpt lat="33.26464807614684" lon="130.29347964562476">
        <ele>13.4</ele>
      </trkpt>
      <trkpt lat="33.26468939892948" lon="130.29348249547184">
        <ele>13.4</ele>
      </trkpt>
      <trkpt lat="33.26472418382764" lon="130.29348014853895">
        <ele>13.4</ele>
      </trkpt>
      <trkpt lat="33.26476818881929" lon="130.2934842556715">
        <ele>13.4</ele>
      </trkpt>
      <trkpt lat="33.26480431482196" lon="130.29347838833928">
        <ele>13.4</ele>
      </trkpt>
      <trkpt lat="33.264848571270704" lon="130.2934837527573">
        <ele>13.4</ele>
      </trkpt>
      <trkpt lat="33.26487908139825" lon="130.2934781368822">
        <ele>13.4</ele>
      </trkpt>
      <trkpt lat="33.264919901266694" lon="130.29348433949053">
        <ele>13.4</ele>
      </trkpt>
      <trkpt lat="33.264954099431634" lon="130.29348023235798">
        <ele>13.4</ele>
      </trkpt>
      <trkpt lat="33.264997601509094" lon="130.29348668642342">
        <ele>13.6</ele>
      </trkpt>
      <trkpt lat="33.26503557153046" lon="130.29348551295698">
        <ele>13.6</ele>
      </trkpt>
      <trkpt lat="33.26508049853146" lon="130.2934916317463">
        <ele>13.8</ele>
      </trkpt>
      <trkpt lat="33.265113020315766" lon="130.29349179938436">
        <ele>13.8</ele>
      </trkpt>
      <trkpt lat="33.26516213826835" lon="130.2934945654124">
        <ele>13.8</ele>
      </trkpt>
      <trkpt lat="33.26519616879523" lon="130.29348526149988">
        <ele>13.8</ele>
      </trkpt>
      <trkpt lat="33.26524117961526" lon="130.2934887818992">
        <ele>13.8</ele>
      </trkpt>
      <trkpt lat="33.26527847908437" lon="130.2934858482331">
        <ele>13.6</ele>
      </trkpt>
      <trkpt lat="33.26532315462828" lon="130.2934884466231">
        <ele>13.4</ele>
      </trkpt>
      <trkpt lat="33.26536296866834" lon="130.29349196702242">
        <ele>13.4</ele>
      </trkpt>
      <trkpt lat="33.26540588401258" lon="130.29350110329688">
        <ele>13.4</ele>
      </trkpt>
      <trkpt lat="33.26543916016817" lon="130.29349699616432">
        <ele>13.4</ele>
      </trkpt>
      <trkpt lat="33.26548375189304" lon="130.2934980019927">
        <ele>13.6</ele>
      </trkpt>
      <trkpt lat="33.265521889552474" lon="130.2934964094311">
        <ele>13.6</ele>
      </trkpt>
      <trkpt lat="33.265567822381854" lon="130.29349758289754">
        <ele>13.6</ele>
      </trkpt>
      <trkpt lat="33.26560688205063" lon="130.29349305666983">
        <ele>13.6</ele>
      </trkpt>
      <trkpt lat="33.26565071940422" lon="130.29350152239203">
        <ele>13.6</ele>
      </trkpt>
      <trkpt lat="33.265693467110395" lon="130.29350730590522">
        <ele>13.4</ele>
      </trkpt>
      <trkpt lat="33.2657365500927" lon="130.29351141303778">
        <ele>13.6</ele>
      </trkpt>
      <trkpt lat="33.26577711850405" lon="130.29351728037">
        <ele>13.4</ele>
      </trkpt>
      <trkpt lat="33.26582279987633" lon="130.29351786710322">
        <ele>13.4</ele>
      </trkpt>
      <trkpt lat="33.26586462557316" lon="130.2935204654932">
        <ele>13.6</ele>
      </trkpt>
      <trkpt lat="33.26590234413743" lon="130.2935193758458">
        <ele>13.6</ele>
      </trkpt>
      <trkpt lat="33.26594207435846" lon="130.29352457262576">
        <ele>13.4</ele>
      </trkpt>
      <trkpt lat="33.26597719453275" lon="130.29352507553995">
        <ele>13.4</ele>
      </trkpt>
      <trkpt lat="33.266018349677324" lon="130.29353035613894">
        <ele>13.4</ele>
      </trkpt>
      <trkpt lat="33.26605531387031" lon="130.2935302723199">
        <ele>13.4</ele>
      </trkpt>
      <trkpt lat="33.26609680429101" lon="130.29353412799537">
        <ele>13.4</ele>
      </trkpt>
      <trkpt lat="33.26613427139819" lon="130.2935328707099">
        <ele>13.4</ele>
      </trkpt>
      <trkpt lat="33.26617249287665" lon="130.2935363072902">
        <ele>13.4</ele>
      </trkpt>
      <trkpt lat="33.26620819978416" lon="130.2935355529189">
        <ele>13.6</ele>
      </trkpt>
      <trkpt lat="33.26625178568065" lon="130.29353940859437">
        <ele>13.6</ele>
      </trkpt>
      <trkpt lat="33.26628824695945" lon="130.29353639110923">
        <ele>13.6</ele>
      </trkpt>
      <trkpt lat="33.266331665217876" lon="130.29354100115597">
        <ele>13.6</ele>
      </trkpt>
      <trkpt lat="33.26636653393507" lon="130.2935450244695">
        <ele>13.6</ele>
      </trkpt>
      <trkpt lat="33.26641104184091" lon="130.29355131089687">
        <ele>13.6</ele>
      </trkpt>
      <trkpt lat="33.2664480060339" lon="130.29354971833527">
        <ele>13.6</ele>
      </trkpt>
      <trkpt lat="33.266488406807184" lon="130.29355726204813">
        <ele>13.6</ele>
      </trkpt>
      <trkpt lat="33.26652470044792" lon="130.29355868697166">
        <ele>13.6</ele>
      </trkpt>
      <trkpt lat="33.266571974381804" lon="130.29356765560806">
        <ele>13.6</ele>
      </trkpt>
      <trkpt lat="33.266604244709015" lon="130.29356522485614">
        <ele>13.6</ele>
      </trkpt>
      <trkpt lat="33.26664757914841" lon="130.29357159510255">
        <ele>13.6</ele>
      </trkpt>
      <trkpt lat="33.2666776701808" lon="130.29356790706515">
        <ele>13.6</ele>
      </trkpt>
      <trkpt lat="33.26672276481986" lon="130.2935741096735">
        <ele>13.6</ele>
      </trkpt>
      <trkpt lat="33.26676174066961" lon="130.29357947409153">
        <ele>13.6</ele>
      </trkpt>
      <trkpt lat="33.26680624857545" lon="130.29358752071857">
        <ele>13.6</ele>
      </trkpt>
      <trkpt lat="33.266841704025865" lon="130.29358802363276">
        <ele>13.6</ele>
      </trkpt>
      <trkpt lat="33.266883278265595" lon="130.2935947291553">
        <ele>13.6</ele>
      </trkpt>
      <trkpt lat="33.26691387221217" lon="130.2935979142785">
        <ele>13.6</ele>
      </trkpt>
      <trkpt lat="33.266958547756076" lon="130.29360227286816">
        <ele>13.6</ele>
      </trkpt>
      <trkpt lat="33.26699299737811" lon="130.29359959065914">
        <ele>13.6</ele>
      </trkpt>
      <trkpt lat="33.267038092017174" lon="130.29359942302108">
        <ele>13.6</ele>
      </trkpt>
      <trkpt lat="33.26707220636308" lon="130.2936013508588">
        <ele>13.6</ele>
      </trkpt>
      <trkpt lat="33.26711252331734" lon="130.29360998421907">
        <ele>13.8</ele>
      </trkpt>
      <trkpt lat="33.26714647002518" lon="130.29360990040004">
        <ele>13.8</ele>
      </trkpt>
      <trkpt lat="33.267189133912325" lon="130.29362129978836">
        <ele>13.8</ele>
      </trkpt>
      <trkpt lat="33.26722215861082" lon="130.2936185337603">
        <ele>13.8</ele>
      </trkpt>
      <trkpt lat="33.26726934872568" lon="130.29362716712058">
        <ele>13.8</ele>
      </trkpt>
      <trkpt lat="33.267306396737695" lon="130.293625658378">
        <ele>13.8</ele>
      </trkpt>
      <trkpt lat="33.26735417358577" lon="130.29363471083343">
        <ele>13.8</ele>
      </trkpt>
      <trkpt lat="33.26738577336073" lon="130.29362867586315">
        <ele>13.8</ele>
      </trkpt>
      <trkpt lat="33.26743078418076" lon="130.29363680630922">
        <ele>13.8</ele>
      </trkpt>
      <trkpt lat="33.26746758073568" lon="130.29363613575697">
        <ele>13.8</ele>
      </trkpt>
      <trkpt lat="33.2675149384886" lon="130.2936428412795">
        <ele>13.8</ele>
      </trkpt>
      <trkpt lat="33.26755349524319" lon="130.2936399076134">
        <ele>13.8</ele>
      </trkpt>
      <trkpt lat="33.26760118827224" lon="130.29364937916398">
        <ele>13.8</ele>
      </trkpt>
      <trkpt lat="33.26763739809394" lon="130.29364770278335">
        <ele>13.6</ele>
      </trkpt>
      <trkpt lat="33.26768190599978" lon="130.29365457594395">
        <ele>13.6</ele>
      </trkpt>
      <trkpt lat="33.2677189540118" lon="130.29365516267717">
        <ele>13.6</ele>
      </trkpt>
      <trkpt lat="33.267757929861546" lon="130.29366547241807">
        <ele>13.6</ele>
      </trkpt>
      <trkpt lat="33.26778994873166" lon="130.29366932809353">
        <ele>13.4</ele>
      </trkpt>
      <trkpt lat="33.26783353462815" lon="130.29367594979703">
        <ele>13.4</ele>
      </trkpt>
      <trkpt lat="33.267867397516966" lon="130.29367117211223">
        <ele>13.4</ele>
      </trkpt>
      <trkpt lat="33.267914755269885" lon="130.29367703944445">
        <ele>13.4</ele>
      </trkpt>
      <trkpt lat="33.26794903725386" lon="130.2936729323119">
        <ele>13.4</ele>
      </trkpt>
      <trkpt lat="33.26799128204584" lon="130.29367159120739">
        <ele>13.4</ele>
      </trkpt>
      <trkpt lat="33.26802774332464" lon="130.29366983100772">
        <ele>13.4</ele>
      </trkpt>
      <trkpt lat="33.268073508515954" lon="130.29367486014962">
        <ele>13.4</ele>
      </trkpt>
      <trkpt lat="33.268111729994416" lon="130.29367234557867">
        <ele>13.4</ele>
      </trkpt>
      <trkpt lat="33.268157662823796" lon="130.29367913492024">
        <ele>13.6</ele>
      </trkpt>
      <trkpt lat="33.2681936211884" lon="130.29367578215897">
        <ele>13.6</ele>
      </trkpt>
      <trkpt lat="33.26823737472296" lon="130.2936848346144">
        <ele>13.6</ele>
      </trkpt>
      <trkpt lat="33.26827568002045" lon="130.2936840802431">
        <ele>13.6</ele>
      </trkpt>
      <trkpt lat="33.268321277573705" lon="130.29369028285146">
        <ele>13.6</ele>
      </trkpt>
      <trkpt lat="33.268358493223786" lon="130.2936896122992">
        <ele>13.6</ele>
      </trkpt>
      <trkpt lat="33.26840115711093" lon="130.29369321651757">
        <ele>13.6</ele>
      </trkpt>
      <trkpt lat="33.26843795366585" lon="130.2936903666705">
        <ele>13.6</ele>
      </trkpt>
      <trkpt lat="33.26848237775266" lon="130.29369774274528">
        <ele>13.6</ele>
      </trkpt>
      <trkpt lat="33.268517749384046" lon="130.29369715601206">
        <ele>13.6</ele>
      </trkpt>
      <trkpt lat="33.26856351457536" lon="130.29370746575296">
        <ele>13.8</ele>
      </trkpt>
      <trkpt lat="33.268598802387714" lon="130.29370511882007">
        <ele>13.8</ele>
      </trkpt>
      <trkpt lat="33.26864557340741" lon="130.29371190816164">
        <ele>14.0</ele>
      </trkpt>
      <trkpt lat="33.26868404634297" lon="130.29371400363743">
        <ele>14.0</ele>
      </trkpt>
      <trkpt lat="33.268727296963334" lon="130.29372146353126">
        <ele>14.0</ele>
      </trkpt>
      <trkpt lat="33.268764009699225" lon="130.2937221340835">
        <ele>14.0</ele>
      </trkpt>
      <trkpt lat="33.26880474574864" lon="130.29372565448284">
        <ele>14.0</ele>
      </trkpt>
      <trkpt lat="33.26884430833161" lon="130.29372733086348">
        <ele>14.0</ele>
      </trkpt>
      <trkpt lat="33.26888378709555" lon="130.29373202472925">
        <ele>14.0</ele>
      </trkpt>
      <trkpt lat="33.2689277920872" lon="130.29373252764344">
        <ele>14.2</ele>
      </trkpt>
      <trkpt lat="33.26896701939404" lon="130.29373445548117">
        <ele>14.2</ele>
      </trkpt>
      <trkpt lat="33.26901018619537" lon="130.29374015517533">
        <ele>14.2</ele>
      </trkpt>
      <trkpt lat="33.26904907822609" lon="130.29373789206147">
        <ele>14.2</ele>
      </trkpt>
      <trkpt lat="33.26908931136131" lon="130.29373914934695">
        <ele>14.2</ele>
      </trkpt>
      <trkpt lat="33.26912292279303" lon="130.29374082572758">
        <ele>14.2</ele>
      </trkpt>
      <trkpt lat="33.269166676327586" lon="130.2937461901456">
        <ele>14.2</ele>
      </trkpt>
      <trkpt lat="33.26920632272959" lon="130.29374677687883">
        <ele>14.2</ele>
      </trkpt>
      <trkpt lat="33.269247058779" lon="130.29375256039202">
        <ele>14.2</ele>
      </trkpt>
      <trkpt lat="33.26928712427616" lon="130.2937508840114">
        <ele>14.2</ele>
      </trkpt>
      <trkpt lat="33.26932425610721" lon="130.2937508840114">
        <ele>14.2</ele>
      </trkpt>
      <trkpt lat="33.2693680934608" lon="130.29375717043877">
        <ele>14.2</ele>
      </trkpt>
      <trkpt lat="33.26940908096731" lon="130.2937627863139">
        <ele>14.0</ele>
      </trkpt>
      <trkpt lat="33.26944990083575" lon="130.2937723416835">
        <ele>14.0</ele>
      </trkpt>
      <trkpt lat="33.26949181035161" lon="130.29377695173025">
        <ele>14.2</ele>
      </trkpt>
      <trkpt lat="33.26952986419201" lon="130.29377963393927">
        <ele>14.2</ele>
      </trkpt>
      <trkpt lat="33.26957470737398" lon="130.29378592036664">
        <ele>14.2</ele>
      </trkpt>
      <trkpt lat="33.26961728744209" lon="130.2937905304134">
        <ele>14.2</ele>
      </trkpt>
      <trkpt lat="33.26965793967247" lon="130.29379229061306">
        <ele>14.2</ele>
      </trkpt>
      <trkpt lat="33.26969934627414" lon="130.29379388317466">
        <ele>14.2</ele>
      </trkpt>
      <trkpt lat="33.26973899267614" lon="130.29379388317466">
        <ele>14.4</ele>
      </trkpt>
      <trkpt lat="33.269775453954935" lon="130.29379446990788">
        <ele>14.4</ele>
      </trkpt>
      <trkpt lat="33.26981719583273" lon="130.293794805184">
        <ele>14.4</ele>
      </trkpt>
      <trkpt lat="33.26985927298665" lon="130.2937958110124">
        <ele>14.4</ele>
      </trkpt>
      <trkpt lat="33.26989699155092" lon="130.29379547573626">
        <ele>14.4</ele>
      </trkpt>
      <trkpt lat="33.269938230514526" lon="130.29379882849753">
        <ele>14.4</ele>
      </trkpt>
      <trkpt lat="33.26998030766845" lon="130.29379673302174">
        <ele>14.4</ele>
      </trkpt>
      <trkpt lat="33.27002280391753" lon="130.29379866085947">
        <ele>14.4</ele>
      </trkpt>
      <trkpt lat="33.27006295323372" lon="130.29379589483142">
        <ele>14.4</ele>
      </trkpt>
      <trkpt lat="33.2701051980257" lon="130.29379857704043">
        <ele>14.4</ele>
      </trkpt>
      <trkpt lat="33.27014769427478" lon="130.2937989961356">
        <ele>14.4</ele>
      </trkpt>
      <trkpt lat="33.270191699266434" lon="130.29380603693426">
        <ele>14.4</ele>
      </trkpt>
      <trkpt lat="33.27023386023939" lon="130.29381316155195">
        <ele>14.2</ele>
      </trkpt>
      <trkpt lat="33.27027501538396" lon="130.29382028616965">
        <ele>14.2</ele>
      </trkpt>
      <trkpt lat="33.27031801454723" lon="130.293829170987">
        <ele>14.2</ele>
      </trkpt>
      <trkpt lat="33.270354978740215" lon="130.2938320208341">
        <ele>14.2</ele>
      </trkpt>
      <trkpt lat="33.27039957046509" lon="130.29384124092758">
        <ele>14.2</ele>
      </trkpt>
      <trkpt lat="33.270436115562916" lon="130.2938431687653">
        <ele>14.2</ele>
      </trkpt>
      <trkpt lat="33.27048129402101" lon="130.293850293383">
        <ele>14.2</ele>
      </trkpt>
      <trkpt lat="33.270517252385616" lon="130.2938532270491">
        <ele>14.2</ele>
      </trkpt>
      <trkpt lat="33.27055715024471" lon="130.2938613574952">
        <ele>14.2</ele>
      </trkpt>
      <trkpt lat="33.27059034258127" lon="130.29386152513325">
        <ele>14.2</ele>
      </trkpt>
      <trkpt lat="33.27062596566975" lon="130.29386630281806">
        <ele>14.2</ele>
      </trkpt>
      <trkpt lat="33.270663265138865" lon="130.29387879185379">
        <ele>14.2</ele>
      </trkpt>
      <trkpt lat="33.27070659957826" lon="130.29388021677732">
        <ele>14.2</ele>
      </trkpt>
      <trkpt lat="33.27074691653252" lon="130.29388164170086">
        <ele>14.2</ele>
      </trkpt>
      <trkpt lat="33.27078949660063" lon="130.29388113878667">
        <ele>14.4</ele>
      </trkpt>
      <trkpt lat="33.27083165757358" lon="130.29388415627182">
        <ele>14.4</ele>
      </trkpt>
      <trkpt lat="33.27087230980396" lon="130.29388759285212">
        <ele>14.4</ele>
      </trkpt>
      <trkpt lat="33.2709136325866" lon="130.2938878443092">
        <ele>14.4</ele>
      </trkpt>
      <trkpt lat="33.27095336280763" lon="130.29388876631856">
        <ele>14.6</ele>
      </trkpt>
      <trkpt lat="33.27099527232349" lon="130.29389781877398">
        <ele>14.6</ele>
      </trkpt>
      <trkpt lat="33.271033158525825" lon="130.29389463365078">
        <ele>14.6</ele>
      </trkpt>
      <trkpt lat="33.27107305638492" lon="130.29390058480203">
        <ele>14.6</ele>
      </trkpt>
      <trkpt lat="33.27110826037824" lon="130.2938954718411">
        <ele>14.6</ele>
      </trkpt>
      <trkpt lat="33.27114614658058" lon="130.2938963100314">
        <ele>14.6</ele>
      </trkpt>
      <trkpt lat="33.271184116601944" lon="130.29390175826848">
        <ele>14.4</ele>
      </trkpt>
      <trkpt lat="33.27122610993683" lon="130.29390569776297">
        <ele>14.4</ele>
      </trkpt>
      <trkpt lat="33.271263828501105" lon="130.29390544630587">
        <ele>14.4</ele>
      </trkpt>
      <trkpt lat="33.27130607329309" lon="130.29391198419034">
        <ele>14.4</ele>
      </trkpt>
      <trkpt lat="33.27133893035352" lon="130.2939113136381">
        <ele>14.4</ele>
      </trkpt>
      <trkpt lat="33.271383019164205" lon="130.29392204247415">
        <ele>14.4</ele>
      </trkpt>
      <trkpt lat="33.27141813933849" lon="130.29392464086413">
        <ele>14.4</ele>
      </trkpt>
      <trkpt lat="33.271464407444" lon="130.2939340285957">
        <ele>14.4</ele>
      </trkpt>
      <trkpt lat="33.271498354151845" lon="130.29392975382507">
        <ele>14.4</ele>
      </trkpt>
      <trkpt lat="33.27154001221061" lon="130.29394023120403">
        <ele>14.4</ele>
      </trkpt>
      <trkpt lat="33.27157530002296" lon="130.2939433325082">
        <ele>14.4</ele>
      </trkpt>
      <trkpt lat="33.271621065214276" lon="130.2939520496875">
        <ele>14.4</ele>
      </trkpt>
      <trkpt lat="33.27165551483631" lon="130.29395137913525">
        <ele>14.4</ele>
      </trkpt>
      <trkpt lat="33.27170035801828" lon="130.29396093450487">
        <ele>14.4</ele>
      </trkpt>
      <trkpt lat="33.27174008823931" lon="130.29396018013358">
        <ele>14.2</ele>
      </trkpt>
      <trkpt lat="33.271780237555504" lon="130.29397283680737">
        <ele>14.2</ele>
      </trkpt>
      <trkpt lat="33.27181661501527" lon="130.29397074133158">
        <ele>14.2</ele>
      </trkpt>
      <trkpt lat="33.271860452368855" lon="130.29397702775896">
        <ele>14.2</ele>
      </trkpt>
      <trkpt lat="33.27189448289573" lon="130.2939818892628">
        <ele>14.2</ele>
      </trkpt>
      <trkpt lat="33.271936140954494" lon="130.29399001970887">
        <ele>14.4</ele>
      </trkpt>
      <trkpt lat="33.271975200623274" lon="130.29398775659502">
        <ele>14.4</ele>
      </trkpt>
      <trkpt lat="33.272021217271686" lon="130.29399840161204">
        <ele>14.6</ele>
      </trkpt>
      <trkpt lat="33.272055918350816" lon="130.29399504885077">
        <ele>14.4</ele>
      </trkpt>
      <trkpt lat="33.2721015997231" lon="130.2940059453249">
        <ele>14.6</ele>
      </trkpt>
      <trkpt lat="33.27213730663061" lon="130.2940070349723">
        <ele>14.6</ele>
      </trkpt>
      <trkpt lat="33.27218315564096" lon="130.29401365667582">
        <ele>14.6</ele>
      </trkpt>
      <trkpt lat="33.27222062274814" lon="130.29401005245745">
        <ele>14.6</ele>
      </trkpt>
      <trkpt lat="33.272266052663326" lon="130.29401667416096">
        <ele>14.6</ele>
      </trkpt>
      <trkpt lat="33.27229890972376" lon="130.29401793144643">
        <ele>14.4</ele>
      </trkpt>
      <trkpt lat="33.27234333381057" lon="130.29402354732156">
        <ele>14.4</ele>
      </trkpt>
      <trkpt lat="33.2723846565932" lon="130.2940252237022">
        <ele>14.4</ele>
      </trkpt>
      <trkpt lat="33.27242933213711" lon="130.29403058812022">
        <ele>14.4</ele>
      </trkpt>
      <trkpt lat="33.2724678888917" lon="130.29402882792056">
        <ele>14.4</ele>
      </trkpt>
      <trkpt lat="33.27251139096916" lon="130.294035281986">
        <ele>14.4</ele>
      </trkpt>
      <trkpt lat="33.272550869733095" lon="130.2940347790718">
        <ele>14.4</ele>
      </trkpt>
      <trkpt lat="33.27259512618184" lon="130.29404089786112">
        <ele>14.4</ele>
      </trkpt>
      <trkpt lat="33.27263225801289" lon="130.29403771273792">
        <ele>14.4</ele>
      </trkpt>
      <trkpt lat="33.27267768792808" lon="130.2940410654992">
        <ele>14.2</ele>
      </trkpt>
      <trkpt lat="33.27271423302591" lon="130.29403679072857">
        <ele>14.2</ele>
      </trkpt>
      <trkpt lat="33.272754633799195" lon="130.2940426580608">
        <ele>14.2</ele>
      </trkpt>
      <trkpt lat="33.272789251059294" lon="130.29403679072857">
        <ele>14.2</ele>
      </trkpt>
      <trkpt lat="33.27283166348934" lon="130.29403746128082">
        <ele>14.2</ele>
      </trkpt>
      <trkpt lat="33.272867454215884" lon="130.2940323483199">
        <ele>14.2</ele>
      </trkpt>
      <trkpt lat="33.27290894463658" lon="130.294035281986">
        <ele>14.2</ele>
      </trkpt>
      <trkpt lat="33.272943226620555" lon="130.29403251595795">
        <ele>14.0</ele>
      </trkpt>
      <trkpt lat="33.27298513613641" lon="130.29403042048216">
        <ele>14.0</ele>
      </trkpt>
      <trkpt lat="33.27301531098783" lon="130.29401902109385">
        <ele>14.0</ele>
      </trkpt>
      <trkpt lat="33.27305914834142" lon="130.2940157521516">
        <ele>14.0</ele>
      </trkpt>
      <trkpt lat="33.273094268515706" lon="130.29400561004877">
        <ele>14.0</ele>
      </trkpt>
      <trkpt lat="33.27314078807831" lon="130.29400049708784">
        <ele>14.0</ele>
      </trkpt>
      <trkpt lat="33.27317356131971" lon="130.29398809187114">
        <ele>14.0</ele>
      </trkpt>
      <trkpt lat="33.2732189912349" lon="130.29398255981505">
        <ele>14.0</ele>
      </trkpt>
      <trkpt lat="33.27325000427663" lon="130.29397199861705">
        <ele>14.0</ele>
      </trkpt>
      <trkpt lat="33.27329275198281" lon="130.29396587982774">
        <ele>14.0</ele>
      </trkpt>
      <trkpt lat="33.27332326211035" lon="130.29395322315395">
        <ele>14.0</ele>
      </trkpt>
      <trkpt lat="33.27336852438748" lon="130.29394718818367">
        <ele>14.0</ele>
      </trkpt>
      <trkpt lat="33.27340456657112" lon="130.2939287479967">
        <ele>14.0</ele>
      </trkpt>
      <trkpt lat="33.27344832010567" lon="130.29392044991255">
        <ele>14.2</ele>
      </trkpt>
      <trkpt lat="33.273482182994485" lon="130.29390745796263">
        <ele>14.2</ele>
      </trkpt>
      <trkpt lat="33.273526607081294" lon="130.2938963100314">
        <ele>14.2</ele>
      </trkpt>
      <trkpt lat="33.273558374494314" lon="130.29388583265245">
        <ele>14.2</ele>
      </trkpt>
      <trkpt lat="33.27360640279949" lon="130.29387946240604">
        <ele>14.2</ele>
      </trkpt>
      <trkpt lat="33.27364169061184" lon="130.29386672191322">
        <ele>14.2</ele>
      </trkpt>
      <trkpt lat="33.273684941232204" lon="130.2938558254391">
        <ele>14.2</ele>
      </trkpt>
      <trkpt lat="33.27371603809297" lon="130.29384425841272">
        <ele>14.2</ele>
      </trkpt>
      <trkpt lat="33.27375560067594" lon="130.2938415762037">
        <ele>14.4</ele>
      </trkpt>
      <trkpt lat="33.27379331924021" lon="130.2938310150057">
        <ele>14.2</ele>
      </trkpt>
      <trkpt lat="33.273835899308324" lon="130.29382456094027">
        <ele>14.2</ele>
      </trkpt>
      <trkpt lat="33.273873031139374" lon="130.2938129939139">
        <ele>14.2</ele>
      </trkpt>
      <trkpt lat="33.27391435392201" lon="130.29380285181105">
        <ele>14.2</ele>
      </trkpt>
      <trkpt lat="33.27395207248628" lon="130.29379631392658">
        <ele>14.2</ele>
      </trkpt>
      <trkpt lat="33.273991886526346" lon="130.29379279352725">
        <ele>14.2</ele>
      </trkpt>
      <trkpt lat="33.274026084691286" lon="130.2937865909189">
        <ele>14.2</ele>
      </trkpt>
      <trkpt lat="33.274068078026175" lon="130.29377728700638">
        <ele>14.0</ele>
      </trkpt>
      <trkpt lat="33.27410638332367" lon="130.2937643788755">
        <ele>14.0</ele>
      </trkpt>
      <trkpt lat="33.27415147796273" lon="130.29374979436398">
        <ele>14.0</ele>
      </trkpt>
      <trkpt lat="33.27419078908861" lon="130.29373512603343">
        <ele>14.0</ele>
      </trkpt>
      <trkpt lat="33.274228340014815" lon="130.2937249839306">
        <ele>14.0</ele>
      </trkpt>
      <trkpt lat="33.27426798641682" lon="130.2937115728855">
        <ele>14.0</ele>
      </trkpt>
      <trkpt lat="33.274303022772074" lon="130.29369983822107">
        <ele>14.0</ele>
      </trkpt>
      <trkpt lat="33.274334874004126" lon="130.29368952848017">
        <ele>14.2</ele>
      </trkpt>
      <trkpt lat="33.27436638996005" lon="130.29367335140705">
        <ele>14.2</ele>
      </trkpt>
      <trkpt lat="33.2744016777724" lon="130.29367100447416">
        <ele>14.2</ele>
      </trkpt>
      <trkpt lat="33.27444006688893" lon="130.29365457594395">
        <ele>14.2</ele>
      </trkpt>
      <trkpt lat="33.27447585761547" lon="130.2936407458037">
        <ele>14.2</ele>
      </trkpt>
      <trkpt lat="33.27451282180846" lon="130.29362658038735">
        <ele>14.2</ele>
      </trkpt>
      <trkpt lat="33.27455724589527" lon="130.29361090622842">
        <ele>14.2</ele>
      </trkpt>
      <trkpt lat="33.274594293907285" lon="130.29359355568886">
        <ele>14.2</ele>
      </trkpt>
      <trkpt lat="33.274638466537" lon="130.29358081519604">
        <ele>14.2</ele>
      </trkpt>
      <trkpt lat="33.274673921987414" lon="130.29356631450355">
        <ele>14.2</ele>
      </trkpt>
      <trkpt lat="33.2747180107981" lon="130.2935545798391">
        <ele>14.2</ele>
      </trkpt>
      <trkpt lat="33.274753633886576" lon="130.293541084975">
        <ele>14.2</ele>
      </trkpt>
      <trkpt lat="33.27479185536504" lon="130.2935289312154">
        <ele>14.4</ele>
      </trkpt>
      <trkpt lat="33.274824460968375" lon="130.29351443052292">
        <ele>14.4</ele>
      </trkpt>
      <trkpt lat="33.27486385591328" lon="130.29350210912526">
        <ele>14.4</ele>
      </trkpt>
      <trkpt lat="33.27489998191595" lon="130.29348936863244">
        <ele>14.4</ele>
      </trkpt>
      <trkpt lat="33.27494147233665" lon="130.2934736944735">
        <ele>14.4</ele>
      </trkpt>
      <trkpt lat="33.27497282065451" lon="130.29345978051424">
        <ele>14.4</ele>
      </trkpt>
      <trkpt lat="33.27500760555267" lon="130.29343413189054">
        <ele>14.4</ele>
      </trkpt>
      <trkpt lat="33.2750354334712" lon="130.29341300949454">
        <ele>14.6</ele>
      </trkpt>
      <trkpt lat="33.275074157863855" lon="130.29338870197535">
        <ele>14.6</ele>
      </trkpt>
      <trkpt lat="33.27510240487754" lon="130.29337252490222">
        <ele>14.6</ele>
      </trkpt>
      <trkpt lat="33.27513987198472" lon="130.29335123486817">
        <ele>14.6</ele>
      </trkpt>
      <trkpt lat="33.27516971156001" lon="130.29333329759538">
        <ele>14.6</ele>
      </trkpt>
      <trkpt lat="33.27521019615233" lon="130.29332952573895">
        <ele>14.8</ele>
      </trkpt>
      <trkpt lat="33.27524213120341" lon="130.29332868754864">
        <ele>14.8</ele>
      </trkpt>
      <trkpt lat="33.27528261579573" lon="130.29333245940506">
        <ele>14.8</ele>
      </trkpt>
      <trkpt lat="33.27532276511192" lon="130.29333153739572">
        <ele>14.8</ele>
      </trkpt>
      <trkpt lat="33.2753636687994" lon="130.2933198865503">
        <ele>14.8</ele>
      </trkpt>
      <trkpt lat="33.275403482839465" lon="130.29330907389522">
        <ele>14.8</ele>
      </trkpt>
      <trkpt lat="33.275447990745306" lon="130.29329784214497">
        <ele>14.8</ele>
      </trkpt>
      <trkpt lat="33.2754897326231" lon="130.29328510165215">
        <ele>14.8</ele>
      </trkpt>
      <trkpt lat="33.27553113922477" lon="130.29327621683478">
        <ele>14.8</ele>
      </trkpt>
      <trkpt lat="33.275572042912245" lon="130.2932690922171">
        <ele>14.8</ele>
      </trkpt>
      <trkpt lat="33.27561344951391" lon="130.29326045885682">
        <ele>14.8</ele>
      </trkpt>
      <trkpt lat="33.27566206455231" lon="130.29325308278203">
        <ele>14.8</ele>
      </trkpt>
      <trkpt lat="33.275702549144626" lon="130.29324805364013">
        <ele>14.8</ele>
      </trkpt>
      <trkpt lat="33.275748481974006" lon="130.29324369505048">
        <ele>14.8</ele>
      </trkpt>
      <trkpt lat="33.27578242868185" lon="130.29323648661375">
        <ele>14.8</ele>
      </trkpt>
      <trkpt lat="33.27582601457834" lon="130.29323221184313">
        <ele>14.8</ele>
      </trkpt>
      <trkpt lat="33.27585853636265" lon="130.29322223737836">
        <ele>14.8</ele>
      </trkpt>
      <trkpt lat="33.27590111643076" lon="130.29321553185582">
        <ele>14.8</ele>
      </trkpt>
      <trkpt lat="33.275934644043446" lon="130.2932075690478">
        <ele>14.8</ele>
      </trkpt>
      <trkpt lat="33.27597781084478" lon="130.29320480301976">
        <ele>14.8</ele>
      </trkpt>
      <trkpt lat="33.27601158991456" lon="130.2931938227266">
        <ele>14.8</ele>
      </trkpt>
      <trkpt lat="33.276055846363306" lon="130.29318845830858">
        <ele>14.8</ele>
      </trkpt>
      <trkpt lat="33.276090044528246" lon="130.29317521490157">
        <ele>14.8</ele>
      </trkpt>
      <trkpt lat="33.27613857574761" lon="130.2931670844555">
        <ele>14.8</ele>
      </trkpt>
      <trkpt lat="33.276172103360295" lon="130.29316280968487">
        <ele>14.8</ele>
      </trkpt>
      <trkpt lat="33.27621543779969" lon="130.29315358959138">
        <ele>14.8</ele>
      </trkpt>
      <trkpt lat="33.276249803602695" lon="130.29314344748855">
        <ele>14.6</ele>
      </trkpt>
      <trkpt lat="33.27629556879401" lon="130.29313841834664">
        <ele>14.6</ele>
      </trkpt>
      <trkpt lat="33.276330353692174" lon="130.29312919825315">
        <ele>14.6</ele>
      </trkpt>
      <trkpt lat="33.27637318521738" lon="130.29312249273062">
        <ele>14.6</ele>
      </trkpt>
      <trkpt lat="33.27640671283007" lon="130.29310966841877">
        <ele>14.4</ele>
      </trkpt>
      <trkpt lat="33.27644954435527" lon="130.29309986159205">
        <ele>14.4</ele>
      </trkpt>
      <trkpt lat="33.27647963538766" lon="130.2930877916515">
        <ele>14.4</ele>
      </trkpt>
      <trkpt lat="33.276521461084485" lon="130.29308284632862">
        <ele>14.4</ele>
      </trkpt>
      <trkpt lat="33.27655741944909" lon="130.29306817799807">
        <ele>14.2</ele>
      </trkpt>
      <trkpt lat="33.27660427428782" lon="130.29305962845683">
        <ele>14.2</ele>
      </trkpt>
      <trkpt lat="33.27663864009082" lon="130.29304982163012">
        <ele>14.2</ele>
      </trkpt>
      <trkpt lat="33.27668289653957" lon="130.29304110445082">
        <ele>14.2</ele>
      </trkpt>
      <trkpt lat="33.27671851962805" lon="130.2930320519954">
        <ele>14.2</ele>
      </trkpt>
      <trkpt lat="33.27676453627646" lon="130.29302509501576">
        <ele>14.2</ele>
      </trkpt>
      <trkpt lat="33.27680108137429" lon="130.29301688075066">
        <ele>14.2</ele>
      </trkpt>
      <trkpt lat="33.27684676274657" lon="130.29301059432328">
        <ele>14.2</ele>
      </trkpt>
      <trkpt lat="33.2768798712641" lon="130.29300388880074">
        <ele>14.2</ele>
      </trkpt>
      <trkpt lat="33.27691599726677" lon="130.29299290850759">
        <ele>14.2</ele>
      </trkpt>
      <trkpt lat="33.27695514075458" lon="130.2929836884141">
        <ele>14.2</ele>
      </trkpt>
      <trkpt lat="33.27699327841401" lon="130.2929720375687">
        <ele>14.2</ele>
      </trkpt>
      <trkpt lat="33.27703242190182" lon="130.29296541586518">
        <ele>14.2</ele>
      </trkpt>
      <trkpt lat="33.27707190066576" lon="130.29295527376235">
        <ele>14.0</ele>
      </trkpt>
      <trkpt lat="33.27711967751384" lon="130.29294739477336">
        <ele>14.0</ele>
      </trkpt>
      <trkpt lat="33.277154210954905" lon="130.2929364144802">
        <ele>14.0</ele>
      </trkpt>
      <trkpt lat="33.27719704248011" lon="130.29292677529156">
        <ele>14.0</ele>
      </trkpt>
      <trkpt lat="33.277232917025685" lon="130.29291294515133">
        <ele>14.0</ele>
      </trkpt>
      <trkpt lat="33.27727423980832" lon="130.29290582053363">
        <ele>13.8</ele>
      </trkpt>
      <trkpt lat="33.27731531113386" lon="130.2928959298879">
        <ele>13.8</ele>
      </trkpt>
      <trkpt lat="33.27735814265907" lon="130.29289081692696">
        <ele>13.8</ele>
      </trkpt>
      <trkpt lat="33.27739577740431" lon="130.2928800880909">
        <ele>13.8</ele>
      </trkpt>
      <trkpt lat="33.27743827365339" lon="130.2928732149303">
        <ele>14.0</ele>
      </trkpt>
      <trkpt lat="33.27747347764671" lon="130.29286164790392">
        <ele>14.0</ele>
      </trkpt>
      <trkpt lat="33.2775136269629" lon="130.29285452328622">
        <ele>13.8</ele>
      </trkpt>
      <trkpt lat="33.277550507336855" lon="130.2928415313363">
        <ele>13.8</ele>
      </trkpt>
      <trkpt lat="33.27758822590113" lon="130.29283247888088">
        <ele>13.8</ele>
      </trkpt>
      <trkpt lat="33.27762368135154" lon="130.2928214147687">
        <ele>13.8</ele>
      </trkpt>
      <trkpt lat="33.27766542322934" lon="130.29280934482813">
        <ele>13.8</ele>
      </trkpt>
      <trkpt lat="33.277701549232006" lon="130.29280121438205">
        <ele>13.8</ele>
      </trkpt>
      <trkpt lat="33.2777467276901" lon="130.2927918266505">
        <ele>13.8</ele>
      </trkpt>
      <trkpt lat="33.27778788283467" lon="130.2927828580141">
        <ele>13.8</ele>
      </trkpt>
      <trkpt lat="33.277830546721816" lon="130.29277187772095">
        <ele>13.6</ele>
      </trkpt>
      <trkpt lat="33.2778659183532" lon="130.29275712557137">
        <ele>13.6</ele>
      </trkpt>
      <trkpt lat="33.2779092527926" lon="130.29275293461978">
        <ele>13.6</ele>
      </trkpt>
      <trkpt lat="33.277943367138505" lon="130.29274270869792">
        <ele>13.6</ele>
      </trkpt>
      <trkpt lat="33.277984354645014" lon="130.29273742809892">
        <ele>13.4</ele>
      </trkpt>
      <trkpt lat="33.27801897190511" lon="130.29273038730025">
        <ele>13.4</ele>
      </trkpt>
      <trkpt lat="33.27806054614484" lon="130.29272703453898">
        <ele>13.4</ele>
      </trkpt>
      <trkpt lat="33.27809130772948" lon="130.2927194070071">
        <ele>13.6</ele>
      </trkpt>
      <trkpt lat="33.27813330106437" lon="130.29271270148456">
        <ele>13.6</ele>
      </trkpt>
      <trkpt lat="33.278164649382234" lon="130.29270105063915">
        <ele>13.6</ele>
      </trkpt>
      <trkpt lat="33.27820538543165" lon="130.29268973506987">
        <ele>13.6</ele>
      </trkpt>
      <trkpt lat="33.27823547646403" lon="130.29267800040543">
        <ele>13.6</ele>
      </trkpt>
      <trkpt lat="33.27827537432313" lon="130.2926646731794">
        <ele>13.6</ele>
      </trkpt>
      <trkpt lat="33.27831158414483" lon="130.29264983721077">
        <ele>13.6</ele>
      </trkpt>
      <trkpt lat="33.278351817280054" lon="130.29263650998473">
        <ele>13.6</ele>
      </trkpt>
      <trkpt lat="33.27838978730142" lon="130.29263567179441">
        <ele>13.6</ele>
      </trkpt>
      <trkpt lat="33.27842532657087" lon="130.29263022355735">
        <ele>13.4</ele>
      </trkpt>
      <trkpt lat="33.27846053056419" lon="130.29261354357004">
        <ele>13.6</ele>
      </trkpt>
      <trkpt lat="33.278498416766524" lon="130.29259803704917">
        <ele>13.4</ele>
      </trkpt>
      <trkpt lat="33.27853194437921" lon="130.29258730821311">
        <ele>13.4</ele>
      </trkpt>
      <trkpt lat="33.278570836409926" lon="130.29257498681545">
        <ele>13.4</ele>
      </trkpt>
      <trkpt lat="33.27861417084932" lon="130.29256501235068">
        <ele>13.4</ele>
      </trkpt>
      <trkpt lat="33.2786497939378" lon="130.29255654662848">
        <ele>13.4</ele>
      </trkpt>
      <trkpt lat="33.278690027073026" lon="130.29254875145853">
        <ele>13.4</ele>
      </trkpt>
      <trkpt lat="33.27872212976217" lon="130.29253953136504">
        <ele>13.4</ele>
      </trkpt>
      <trkpt lat="33.27876102179289" lon="130.29252695851028">
        <ele>13.4</ele>
      </trkpt>
      <trkpt lat="33.2787948846817" lon="130.29251052998006">
        <ele>13.4</ele>
      </trkpt>
      <trkpt lat="33.27883813530207" lon="130.2924979571253">
        <ele>13.4</ele>
      </trkpt>
      <trkpt lat="33.2788725849241" lon="130.29248798266053">
        <ele>13.4</ele>
      </trkpt>
      <trkpt lat="33.27891876921058" lon="130.2924780920148">
        <ele>13.4</ele>
      </trkpt>
      <trkpt lat="33.27895564958453" lon="130.29246484860778">
        <ele>13.4</ele>
      </trkpt>
      <trkpt lat="33.27899873256683" lon="130.29245085082948">
        <ele>13.4</ele>
      </trkpt>
      <trkpt lat="33.27903661876917" lon="130.29243735596538">
        <ele>13.4</ele>
      </trkpt>
      <trkpt lat="33.27908246777952" lon="130.29242436401546">
        <ele>13.4</ele>
      </trkpt>
      <trkpt lat="33.27911725267768" lon="130.29240877367556">
        <ele>13.2</ele>
      </trkpt>
      <trkpt lat="33.279158072546124" lon="130.29239586554468">
        <ele>13.2</ele>
      </trkpt>
      <trkpt lat="33.27918816357851" lon="130.29237759299576">
        <ele>13.2</ele>
      </trkpt>
      <trkpt lat="33.27923418022692" lon="130.2923687081784">
        <ele>13.2</ele>
      </trkpt>
      <trkpt lat="33.2792732398957" lon="130.29235688969493">
        <ele>13.2</ele>
      </trkpt>
      <trkpt lat="33.27932017855346" lon="130.29234532266855">
        <ele>13.2</ele>
      </trkpt>
      <trkpt lat="33.27935814857483" lon="130.292335934937">
        <ele>13.2</ele>
      </trkpt>
      <trkpt lat="33.27940173447132" lon="130.29232604429126">
        <ele>13.0</ele>
      </trkpt>
      <trkpt lat="33.27943425625563" lon="130.29231221415102">
        <ele>13.0</ele>
      </trkpt>
      <trkpt lat="33.279479602351785" lon="130.29230592772365">
        <ele>13.0</ele>
      </trkpt>
      <trkpt lat="33.27951271086931" lon="130.29229117557406">
        <ele>13.0</ele>
      </trkpt>
      <trkpt lat="33.27955462038517" lon="130.292285727337">
        <ele>13.0</ele>
      </trkpt>
      <trkpt lat="33.27958831563592" lon="130.2922749146819">
        <ele>13.0</ele>
      </trkpt>
      <trkpt lat="33.2796326559037" lon="130.29226703569293">
        <ele>13.2</ele>
      </trkpt>
      <trkpt lat="33.279669703915715" lon="130.2922516129911">
        <ele>13.2</ele>
      </trkpt>
      <trkpt lat="33.27971278689802" lon="130.29224809259176">
        <ele>13.2</ele>
      </trkpt>
      <trkpt lat="33.279748829081655" lon="130.29224138706923">
        <ele>13.2</ele>
      </trkpt>
      <trkpt lat="33.279792834073305" lon="130.29223065823317">
        <ele>13.2</ele>
      </trkpt>
      <trkpt lat="33.27982963062823" lon="130.29221976175904">
        <ele>13.2</ele>
      </trkpt>
      <trkpt lat="33.27987120486796" lon="130.29221054166555">
        <ele>13.2</ele>
      </trkpt>
      <trkpt lat="33.279913952574134" lon="130.29220039956272">
        <ele>13.2</ele>
      </trkpt>
      <trkpt lat="33.27995418570936" lon="130.29219201765954">
        <ele>13.0</ele>
      </trkpt>
      <trkpt lat="33.279991233721375" lon="130.2921892516315">
        <ele>13.0</ele>
      </trkpt>
      <trkpt lat="33.280028784647584" lon="130.2921850606799">
        <ele>13.0</ele>
      </trkpt>
      <trkpt lat="33.28006633557379" lon="130.2921810373664">
        <ele>13.0</ele>
      </trkpt>
      <trkpt lat="33.28010522760451" lon="130.2921739127487">
        <ele>13.0</ele>
      </trkpt>
      <trkpt lat="33.28014487400651" lon="130.2921702247113">
        <ele>13.0</ele>
      </trkpt>
      <trkpt lat="33.28018242493272" lon="130.29216377064586">
        <ele>13.2</ele>
      </trkpt>
      <trkpt lat="33.2802230771631" lon="130.29215932823718">
        <ele>13.2</ele>
      </trkpt>
      <trkpt lat="33.280257945880294" lon="130.29215128161013">
        <ele>13.2</ele>
      </trkpt>
      <trkpt lat="33.28030010685325" lon="130.29214734211564">
        <ele>13.4</ele>
      </trkpt>
      <trkpt lat="33.280338663607836" lon="130.2921358589083">
        <ele>13.4</ele>
      </trkpt>
      <trkpt lat="33.28037881292403" lon="130.2921300753951">
        <ele>13.6</ele>
      </trkpt>
      <trkpt lat="33.28041619621217" lon="130.29212303459644">
        <ele>13.6</ele>
      </trkpt>
      <trkpt lat="33.28045709989965" lon="130.29211926274002">
        <ele>13.6</ele>
      </trkpt>
      <trkpt lat="33.280492052435875" lon="130.29211414977908">
        <ele>13.6</ele>
      </trkpt>
      <trkpt lat="33.28053832054138" lon="130.29211322776973">
        <ele>13.6</ele>
      </trkpt>
      <trkpt lat="33.28057402744889" lon="130.29210543259978">
        <ele>13.6</ele>
      </trkpt>
      <trkpt lat="33.28061920590699" lon="130.2921076118946">
        <ele>13.6</ele>
      </trkpt>
      <trkpt lat="33.280658181756735" lon="130.2921023312956">
        <ele>13.6</ele>
      </trkpt>
      <trkpt lat="33.280707970261574" lon="130.2921017445624">
        <ele>13.6</ele>
      </trkpt>
      <trkpt lat="33.28074744902551" lon="130.29209931381047">
        <ele>13.6</ele>
      </trkpt>
      <trkpt lat="33.280790615826845" lon="130.29208850115538">
        <ele>13.8</ele>
      </trkpt>
      <trkpt lat="33.28082305379212" lon="130.29208187945187">
        <ele>13.8</ele>
      </trkpt>
      <trkpt lat="33.28086957335472" lon="130.29207810759544">
        <ele>13.8</ele>
      </trkpt>
      <trkpt lat="33.28090259805322" lon="130.29207224026322">
        <ele>13.6</ele>
      </trkpt>
      <trkpt lat="33.28094685450196" lon="130.29207073152065">
        <ele>13.6</ele>
      </trkpt>
      <trkpt lat="33.28097459860146" lon="130.29205891303718">
        <ele>13.6</ele>
      </trkpt>
      <trkpt lat="33.28101851977408" lon="130.29206033796072">
        <ele>13.6</ele>
      </trkpt>
      <trkpt lat="33.281052466481924" lon="130.29205463826656">
        <ele>13.6</ele>
      </trkpt>
      <trkpt lat="33.28109756112099" lon="130.29205522499979">
        <ele>13.6</ele>
      </trkpt>
      <trkpt lat="33.28112756833434" lon="130.29205145314336">
        <ele>13.6</ele>
      </trkpt>
      <trkpt lat="33.28117157332599" lon="130.29205069877207">
        <ele>13.8</ele>
      </trkpt>
      <trkpt lat="33.28120434656739" lon="130.29204198159277">
        <ele>13.8</ele>
      </trkpt>
      <trkpt lat="33.28124541789293" lon="130.29203276149929">
        <ele>13.8</ele>
      </trkpt>
      <trkpt lat="33.281279783695936" lon="130.29202085919678">
        <ele>13.8</ele>
      </trkpt>
      <trkpt lat="33.281322279945016" lon="130.2920143213123">
        <ele>13.6</ele>
      </trkpt>
      <trkpt lat="33.281364189460874" lon="130.29201264493167">
        <ele>13.6</ele>
      </trkpt>
      <trkpt lat="33.28140802681446" lon="130.29200753197074">
        <ele>13.6</ele>
      </trkpt>
      <trkpt lat="33.28144666738808" lon="130.29200912453234">
        <ele>13.6</ele>
      </trkpt>
      <trkpt lat="33.28148975037038" lon="130.2920071966946">
        <ele>13.6</ele>
      </trkpt>
      <trkpt lat="33.281524535268545" lon="130.29200577177107">
        <ele>13.6</ele>
      </trkpt>
      <trkpt lat="33.28156971372664" lon="130.29199998825788">
        <ele>13.6</ele>
      </trkpt>
      <trkpt lat="33.28161070123315" lon="130.29199638403952">
        <ele>13.6</ele>
      </trkpt>
      <trkpt lat="33.281649677082896" lon="130.29198884032667">
        <ele>13.6</ele>
      </trkpt>
      <trkpt lat="33.281691586598754" lon="130.29198322445154">
        <ele>13.6</ele>
      </trkpt>
      <trkpt lat="33.281729808077216" lon="130.29197609983385">
        <ele>13.6</ele>
      </trkpt>
      <trkpt lat="33.28177012503147" lon="130.29197350144386">
        <ele>13.6</ele>
      </trkpt>
      <trkpt lat="33.28180683776736" lon="130.29196721501648">
        <ele>13.6</ele>
      </trkpt>
      <trkpt lat="33.28184958547354" lon="130.2919648680836">
        <ele>13.6</ele>
      </trkpt>
      <trkpt lat="33.28188747167587" lon="130.2919595874846">
        <ele>13.4</ele>
      </trkpt>
      <trkpt lat="33.28192485496402" lon="130.2919598389417">
        <ele>13.4</ele>
      </trkpt>
      <trkpt lat="33.28196148388088" lon="130.2919548097998">
        <ele>13.4</ele>
      </trkpt>
      <trkpt lat="33.28200364485383" lon="130.29195648618042">
        <ele>13.2</ele>
      </trkpt>
      <trkpt lat="33.282043877989054" lon="130.29195363633335">
        <ele>13.2</ele>
      </trkpt>
      <trkpt lat="33.28208905644715" lon="130.29195263050497">
        <ele>13.2</ele>
      </trkpt>
      <trkpt lat="33.28212979249656" lon="130.29194651171565">
        <ele>13.4</ele>
      </trkpt>
      <trkpt lat="33.28217354603112" lon="130.2919450867921">
        <ele>13.4</ele>
      </trkpt>
      <trkpt lat="33.282207660377026" lon="130.29193460941315">
        <ele>13.4</ele>
      </trkpt>
      <trkpt lat="33.28225476667285" lon="130.29193083755672">
        <ele>13.4</ele>
      </trkpt>
      <trkpt lat="33.2822866179049" lon="130.29192429967225">
        <ele>13.4</ele>
      </trkpt>
      <trkpt lat="33.282332299277186" lon="130.2919226232916">
        <ele>13.4</ele>
      </trkpt>
      <trkpt lat="33.28236339613795" lon="130.2919125650078">
        <ele>13.6</ele>
      </trkpt>
      <trkpt lat="33.2824076525867" lon="130.2919112239033">
        <ele>13.4</ele>
      </trkpt>
      <trkpt lat="33.2824404258281" lon="130.2919040992856">
        <ele>13.4</ele>
      </trkpt>
      <trkpt lat="33.282486191019416" lon="130.29190342873335">
        <ele>13.4</ele>
      </trkpt>
      <trkpt lat="33.2825231552124" lon="130.29189211316407">
        <ele>13.4</ele>
      </trkpt>
      <trkpt lat="33.2825683336705" lon="130.29189211316407">
        <ele>13.4</ele>
      </trkpt>
      <trkpt lat="33.28260077163577" lon="130.2918832283467">
        <ele>13.4</ele>
      </trkpt>
      <trkpt lat="33.28264427371323" lon="130.2918781992048">
        <ele>13.4</ele>
      </trkpt>
      <trkpt lat="33.28267386183143" lon="130.29186696745455">
        <ele>13.4</ele>
      </trkpt>
      <trkpt lat="33.28271996229887" lon="130.29186571016908">
        <ele>13.4</ele>
      </trkpt>
      <trkpt lat="33.28275374136865" lon="130.29185766354203">
        <ele>13.4</ele>
      </trkpt>
      <trkpt lat="33.282797411084175" lon="130.29185405932367">
        <ele>13.2</ele>
      </trkpt>
      <trkpt lat="33.28283127397299" lon="130.2918419893831">
        <ele>13.2</ele>
      </trkpt>
      <trkpt lat="33.28287184238434" lon="130.2918340265751">
        <ele>13.0</ele>
      </trkpt>
      <trkpt lat="33.282907297834754" lon="130.2918227110058">
        <ele>13.0</ele>
      </trkpt>
      <trkpt lat="33.282950296998024" lon="130.29180955141783">
        <ele>13.0</ele>
      </trkpt>
      <trkpt lat="33.282983070239425" lon="130.29179555363953">
        <ele>13.0</ele>
      </trkpt>
      <trkpt lat="33.283024560660124" lon="130.29178482480347">
        <ele>13.0</ele>
      </trkpt>
      <trkpt lat="33.28305792063475" lon="130.29177040793002">
        <ele>13.0</ele>
      </trkpt>
      <trkpt lat="33.28310402110219" lon="130.29175674542785">
        <ele>13.2</ele>
      </trkpt>
      <trkpt lat="33.283136961981654" lon="130.29174216091633">
        <ele>13.2</ele>
      </trkpt>
      <trkpt lat="33.28318079933524" lon="130.2917225472629">
        <ele>13.2</ele>
      </trkpt>
      <trkpt lat="33.28321625478566" lon="130.29171106405556">
        <ele>13.2</ele>
      </trkpt>
      <trkpt lat="33.28326093032956" lon="130.29169572517276">
        <ele>13.2</ele>
      </trkpt>
      <trkpt lat="33.283297307789326" lon="130.29167854227126">
        <ele>13.2</ele>
      </trkpt>
      <trkpt lat="33.28333259560168" lon="130.291662029922">
        <ele>13.4</ele>
      </trkpt>
      <trkpt lat="33.28336042352021" lon="130.29165297746658">
        <ele>13.4</ele>
      </trkpt>
      <trkpt lat="33.28340610489249" lon="130.29163864441216">
        <ele>13.6</ele>
      </trkpt>
      <trkpt lat="33.283436531201005" lon="130.29162439517677">
        <ele>13.6</ele>
      </trkpt>
      <trkpt lat="33.28347726725042" lon="130.29160268604755">
        <ele>13.6</ele>
      </trkpt>
      <trkpt lat="33.283506436273456" lon="130.2915893588215">
        <ele>13.6</ele>
      </trkpt>
      <trkpt lat="33.28354901634157" lon="130.29156664386392">
        <ele>13.6</ele>
      </trkpt>
      <trkpt lat="33.28358380123973" lon="130.29154535382986">
        <ele>13.6</ele>
      </trkpt>
      <trkpt lat="33.28362302854657" lon="130.29152389615774">
        <ele>13.6</ele>
      </trkpt>
      <trkpt lat="33.283655382692814" lon="130.29150218702853">
        <ele>13.6</ele>
      </trkpt>
      <trkpt lat="33.28368832357228" lon="130.29147678986192">
        <ele>13.6</ele>
      </trkpt>
      <trkpt lat="33.283721851184964" lon="130.29145633801818">
        <ele>13.6</ele>
      </trkpt>
      <trkpt lat="33.28375487588346" lon="130.2914326172322">
        <ele>13.4</ele>
      </trkpt>
      <trkpt lat="33.28378580510616" lon="130.29141317121685">
        <ele>13.4</ele>
      </trkpt>
      <trkpt lat="33.28381606377661" lon="130.2913927193731">
        <ele>13.6</ele>
      </trkpt>
      <trkpt lat="33.283850429579616" lon="130.29137142933905">
        <ele>13.6</ele>
      </trkpt>
      <trkpt lat="33.28387783840299" lon="130.29134636744857">
        <ele>13.6</ele>
      </trkpt>
      <trkpt lat="33.2839185744524" lon="130.29132172465324">
        <ele>13.6</ele>
      </trkpt>
      <trkpt lat="33.28395361080766" lon="130.29130856506526">
        <ele>13.6</ele>
      </trkpt>
      <trkpt lat="33.28399091027677" lon="130.29128585010767">
        <ele>13.6</ele>
      </trkpt>
      <trkpt lat="33.284030724316835" lon="130.29125936329365">
        <ele>13.8</ele>
      </trkpt>
      <trkpt lat="33.28407330438495" lon="130.29122969135642">
        <ele>13.8</ele>
      </trkpt>
      <trkpt lat="33.284102976322174" lon="130.29120328836143">
        <ele>13.8</ele>
      </trkpt>
      <trkpt lat="33.28414237126708" lon="130.29117445461452">
        <ele>13.8</ele>
      </trkpt>
      <trkpt lat="33.28417330048978" lon="130.29115056619048">
        <ele>13.2</ele>
      </trkpt>
      <trkpt lat="33.28421420417726" lon="130.29112592339516">
        <ele>13.2</ele>
      </trkpt>
      <trkpt lat="33.28424488194287" lon="130.29110237024724">
        <ele>13.2</ele>
      </trkpt>
      <trkpt lat="33.28428243286908" lon="130.29107085429132">
        <ele>13.0</ele>
      </trkpt>
      <trkpt lat="33.28431143425405" lon="130.29105023480952">
        <ele>13.0</ele>
      </trkpt>
      <trkpt lat="33.284355187788606" lon="130.29102609492838">
        <ele>13.0</ele>
      </trkpt>
      <trkpt lat="33.28438469208777" lon="130.2910068165511">
        <ele>13.0</ele>
      </trkpt>
      <trkpt lat="33.28442777507007" lon="130.29098049737513">
        <ele>13.0</ele>
      </trkpt>
      <trkpt lat="33.28445912338793" lon="130.29096205718815">
        <ele>13.0</ele>
      </trkpt>
      <trkpt lat="33.28449860215187" lon="130.2909386716783">
        <ele>13.0</ele>
      </trkpt>
      <trkpt lat="33.284530118107796" lon="130.29092090204358">
        <ele>12.8</ele>
      </trkpt>
      <trkpt lat="33.284568255767226" lon="130.2908947505057">
        <ele>13.0</ele>
      </trkpt>
      <trkpt lat="33.28459331765771" lon="130.2908710297197">
        <ele>13.0</ele>
      </trkpt>
      <trkpt lat="33.284628773108125" lon="130.29084605164826">
        <ele>13.0</ele>
      </trkpt>
      <trkpt lat="33.28466179780662" lon="130.29082803055644">
        <ele>13.2</ele>
      </trkpt>
      <trkpt lat="33.28469876199961" lon="130.2908012084663">
        <ele>13.2</ele>
      </trkpt>
      <trkpt lat="33.28473061323166" lon="130.29077656567097">
        <ele>13.2</ele>
      </trkpt>
      <trkpt lat="33.284764140844345" lon="130.29075007885695">
        <ele>13.4</ele>
      </trkpt>
      <trkpt lat="33.28479892574251" lon="130.29072443023324">
        <ele>13.4</ele>
      </trkpt>
      <trkpt lat="33.28483178280294" lon="130.29069777578115">
        <ele>13.4</ele>
      </trkpt>
      <trkpt lat="33.28486757352948" lon="130.2906743902713">
        <ele>13.4</ele>
      </trkpt>
      <trkpt lat="33.284896574914455" lon="130.2906510885805">
        <ele>13.4</ele>
      </trkpt>
      <trkpt lat="33.28493203036487" lon="130.29062828980386">
        <ele>13.4</ele>
      </trkpt>
      <trkpt lat="33.28496237285435" lon="130.29060389846563">
        <ele>13.4</ele>
      </trkpt>
      <trkpt lat="33.285002522170544" lon="130.29057431034744">
        <ele>13.4</ele>
      </trkpt>
      <trkpt lat="33.2850341219455" lon="130.29054849408567">
        <ele>13.4</ele>
      </trkpt>
      <trkpt lat="33.28507469035685" lon="130.29052435420454">
        <ele>13.4</ele>
      </trkpt>
      <trkpt lat="33.28510830178857" lon="130.29049945995212">
        <ele>13.4</ele>
      </trkpt>
      <trkpt lat="33.28514417633414" lon="130.29047766700387">
        <ele>13.4</ele>
      </trkpt>
      <trkpt lat="33.28517644666135" lon="130.29046014882624">
        <ele>13.4</ele>
      </trkpt>
      <trkpt lat="33.285214668139815" lon="130.29043550603092">
        <ele>13.4</ele>
      </trkpt>
      <trkpt lat="33.28523964621127" lon="130.29040918685496">
        <ele>13.4</ele>
      </trkpt>
      <trkpt lat="33.28527309000492" lon="130.29038144275546">
        <ele>13.4</ele>
      </trkpt>
      <trkpt lat="33.285299157723784" lon="130.29035864397883">
        <ele>13.4</ele>
      </trkpt>
      <trkpt lat="33.28533737920225" lon="130.2903315704316">
        <ele>13.2</ele>
      </trkpt>
      <trkpt lat="33.2853689789772" lon="130.29031606391072">
        <ele>13.2</ele>
      </trkpt>
      <trkpt lat="33.28540745191276" lon="130.29028865508735">
        <ele>13.2</ele>
      </trkpt>
      <trkpt lat="33.285442823544145" lon="130.29027801007032">
        <ele>13.2</ele>
      </trkpt>
      <trkpt lat="33.28548640944064" lon="130.29025965370238">
        <ele>13.2</ele>
      </trkpt>
      <trkpt lat="33.28551306389272" lon="130.29023610055447">
        <ele>13.2</ele>
      </trkpt>
      <trkpt lat="33.28554860316217" lon="130.2902063447982">
        <ele>13.2</ele>
      </trkpt>
      <trkpt lat="33.28558431006968" lon="130.290184635669">
        <ele>13.2</ele>
      </trkpt>
      <trkpt lat="33.28562521375716" lon="130.29015932232141">
        <ele>13.4</ele>
      </trkpt>
      <trkpt lat="33.28566402196884" lon="130.29012931510806">
        <ele>13.2</ele>
      </trkpt>
      <trkpt lat="33.285692520439625" lon="130.29010685160756">
        <ele>13.4</ele>
      </trkpt>
      <trkpt lat="33.285732083022594" lon="130.2900823764503">
        <ele>13.4</ele>
      </trkpt>
      <trkpt lat="33.28576317988336" lon="130.29005840420723">
        <ele>13.4</ele>
      </trkpt>
      <trkpt lat="33.28580550849438" lon="130.29002462513745">
        <ele>13.4</ele>
      </trkpt>
      <trkpt lat="33.28583484515548" lon="130.28999193571508">
        <ele>13.4</ele>
      </trkpt>
      <trkpt lat="33.28587390482426" lon="130.28996201232076">
        <ele>13.4</ele>
      </trkpt>
      <trkpt lat="33.285912880674005" lon="130.28993686661124">
        <ele>13.4</ele>
      </trkpt>
      <trkpt lat="33.28595018014312" lon="130.28991549275815">
        <ele>13.6</ele>
      </trkpt>
      <trkpt lat="33.28598110936582" lon="130.28989244252443">
        <ele>13.6</ele>
      </trkpt>
      <trkpt lat="33.28602008521557" lon="130.2898712363094">
        <ele>13.6</ele>
      </trkpt>
      <trkpt lat="33.28605009242892" lon="130.28984491713345">
        <ele>13.6</ele>
      </trkpt>
      <trkpt lat="33.286087894812226" lon="130.28982027433813">
        <ele>13.6</ele>
      </trkpt>
      <trkpt lat="33.286113711073995" lon="130.2897940389812">
        <ele>13.6</ele>
      </trkpt>
      <trkpt lat="33.28615738078952" lon="130.28976411558688">
        <ele>13.6</ele>
      </trkpt>
      <trkpt lat="33.286188477650285" lon="130.28973972424865">
        <ele>13.6</ele>
      </trkpt>
      <trkpt lat="33.28622795641422" lon="130.28971114195883">
        <ele>13.6</ele>
      </trkpt>
      <trkpt lat="33.286252934485674" lon="130.2896925341338">
        <ele>13.8</ele>
      </trkpt>
      <trkpt lat="33.28629199415445" lon="130.28966487385333">
        <ele>13.8</ele>
      </trkpt>
      <trkpt lat="33.28632007353008" lon="130.28964995406568">
        <ele>13.6</ele>
      </trkpt>
      <trkpt lat="33.286358965560794" lon="130.28962816111743">
        <ele>13.6</ele>
      </trkpt>
      <trkpt lat="33.28639048151672" lon="130.28961014002562">
        <ele>13.4</ele>
      </trkpt>
      <trkpt lat="33.286427445709705" lon="130.2895826473832">
        <ele>13.4</ele>
      </trkpt>
      <trkpt lat="33.286459716036916" lon="130.28956244699657">
        <ele>13.4</ele>
      </trkpt>
      <trkpt lat="33.28649802133441" lon="130.28954266570508">
        <ele>13.4</ele>
      </trkpt>
      <trkpt lat="33.28653272241354" lon="130.2895231358707">
        <ele>13.2</ele>
      </trkpt>
      <trkpt lat="33.286571530625224" lon="130.28949664905667">
        <ele>13.2</ele>
      </trkpt>
      <trkpt lat="33.28660598024726" lon="130.28947276063263">
        <ele>13.4</ele>
      </trkpt>
      <trkpt lat="33.286643363535404" lon="130.28944778256118">
        <ele>13.4</ele>
      </trkpt>
      <trkpt lat="33.28667655587196" lon="130.28942422941327">
        <ele>13.4</ele>
      </trkpt>
      <trkpt lat="33.28670656308532" lon="130.28939849697053">
        <ele>13.6</ele>
      </trkpt>
      <trkpt lat="33.28674101270735" lon="130.2893748600036">
        <ele>13.6</ele>
      </trkpt>
      <trkpt lat="33.286769511178136" lon="130.2893516421318">
        <ele>13.6</ele>
      </trkpt>
      <trkpt lat="33.28679918311536" lon="130.2893301844597">
        <ele>13.6</ele>
      </trkpt>
      <trkpt lat="33.286829609423876" lon="130.28930864296854">
        <ele>13.6</ele>
      </trkpt>
      <trkpt lat="33.2868645619601" lon="130.2892842516303">
        <ele>13.6</ele>
      </trkpt>
      <trkpt lat="33.286897502839565" lon="130.28926036320627">
        <ele>13.6</ele>
      </trkpt>
      <trkpt lat="33.28693597577512" lon="130.2892379835248">
        <ele>13.6</ele>
      </trkpt>
      <trkpt lat="33.28696615062654" lon="130.28921484947205">
        <ele>13.6</ele>
      </trkpt>
      <trkpt lat="33.287005964666605" lon="130.28919213451445">
        <ele>13.6</ele>
      </trkpt>
      <trkpt lat="33.287033792585135" lon="130.28917369432747">
        <ele>13.6</ele>
      </trkpt>
      <trkpt lat="33.287069499492645" lon="130.28914880007505">
        <ele>13.8</ele>
      </trkpt>
      <trkpt lat="33.287096405401826" lon="130.2891227323562">
        <ele>13.8</ele>
      </trkpt>
      <trkpt lat="33.28713680617511" lon="130.28909808956087">
        <ele>13.8</ele>
      </trkpt>
      <trkpt lat="33.2871650531888" lon="130.2890743687749">
        <ele>14.0</ele>
      </trkpt>
      <trkpt lat="33.28720302321017" lon="130.2890498097986">
        <ele>14.0</ele>
      </trkpt>
      <trkpt lat="33.28722850419581" lon="130.28902743011713">
        <ele>13.8</ele>
      </trkpt>
      <trkpt lat="33.287266390398145" lon="130.2890083193779">
        <ele>13.8</ele>
      </trkpt>
      <trkpt lat="33.287296146154404" lon="130.28898602351546">
        <ele>13.8</ele>
      </trkpt>
      <trkpt lat="33.28733637928963" lon="130.28896356001496">
        <ele>13.8</ele>
      </trkpt>
      <trkpt lat="33.28736789524555" lon="130.28894151560962">
        <ele>13.8</ele>
      </trkpt>
      <trkpt lat="33.28740578144789" lon="130.2889171242714">
        <ele>13.8</ele>
      </trkpt>
      <trkpt lat="33.28743377700448" lon="130.28889843262732">
        <ele>13.8</ele>
      </trkpt>
      <trkpt lat="33.28747384250164" lon="130.28886700049043">
        <ele>13.8</ele>
      </trkpt>
      <trkpt lat="33.287499910220504" lon="130.28884042985737">
        <ele>14.0</ele>
      </trkpt>
      <trkpt lat="33.28753586858511" lon="130.28880883008242">
        <ele>14.0</ele>
      </trkpt>
      <trkpt lat="33.287569815292954" lon="130.28878016397357">
        <ele>14.0</ele>
      </trkpt>
      <trkpt lat="33.28760711476207" lon="130.2887582872063">
        <ele>14.0</ele>
      </trkpt>
      <trkpt lat="33.28763904981315" lon="130.28873674571514">
        <ele>13.8</ele>
      </trkpt>
      <trkpt lat="33.28767215833068" lon="130.28871067799628">
        <ele>13.8</ele>
      </trkpt>
      <trkpt lat="33.28770216554403" lon="130.28869475238025">
        <ele>13.8</ele>
      </trkpt>
      <trkpt lat="33.28773519024253" lon="130.2886734623462">
        <ele>13.8</ele>
      </trkpt>
      <trkpt lat="33.28777140006423" lon="130.28865301050246">
        <ele>13.8</ele>
      </trkpt>
      <trkpt lat="33.28780551441014" lon="130.28862602077425">
        <ele>13.8</ele>
      </trkpt>
      <trkpt lat="33.287842143327" lon="130.28860439546406">
        <ele>13.6</ele>
      </trkpt>
      <trkpt lat="33.28787416219711" lon="130.28857589699328">
        <ele>13.8</ele>
      </trkpt>
      <trkpt lat="33.28790961764753" lon="130.28854999691248">
        <ele>13.8</ele>
      </trkpt>
      <trkpt lat="33.287939708679914" lon="130.28852040879428">
        <ele>13.8</ele>
      </trkpt>
      <trkpt lat="33.28797281719744" lon="130.2884955983609">
        <ele>13.8</ele>
      </trkpt>
      <trkpt lat="33.28800315968692" lon="130.2884717937559">
        <ele>13.8</ele>
      </trkpt>
      <trkpt lat="33.2880387827754" lon="130.28844824060798">
        <ele>13.8</ele>
      </trkpt>
      <trkpt lat="33.28806904144585" lon="130.28842812404037">
        <ele>13.8</ele>
      </trkpt>
      <trkpt lat="33.288107849657536" lon="130.28840960003436">
        <ele>13.8</ele>
      </trkpt>
      <trkpt lat="33.2881389465183" lon="130.28838680125773">
        <ele>13.8</ele>
      </trkpt>
      <trkpt lat="33.28817347995937" lon="130.2883666008711">
        <ele>13.8</ele>
      </trkpt>
      <trkpt lat="33.288200134411454" lon="130.28834464028478">
        <ele>13.8</ele>
      </trkpt>
      <trkpt lat="33.28823944553733" lon="130.288321422413">
        <ele>13.8</ele>
      </trkpt>
      <trkpt lat="33.28827230259776" lon="130.2883000485599">
        <ele>13.8</ele>
      </trkpt>
      <trkpt lat="33.288314966484904" lon="130.28827507048845">
        <ele>14.0</ele>
      </trkpt>
      <trkpt lat="33.288348242640495" lon="130.28825361281633">
        <ele>13.8</ele>
      </trkpt>
      <trkpt lat="33.28839149326086" lon="130.28823366388679">
        <ele>13.8</ele>
      </trkpt>
      <trkpt lat="33.28842602670193" lon="130.28821698389947">
        <ele>13.8</ele>
      </trkpt>
      <trkpt lat="33.28846634365618" lon="130.28819234110415">
        <ele>13.8</ele>
      </trkpt>
      <trkpt lat="33.28849316574633" lon="130.28816409409046">
        <ele>13.8</ele>
      </trkpt>
      <trkpt lat="33.28853700309992" lon="130.2881401218474">
        <ele>13.8</ele>
      </trkpt>
      <trkpt lat="33.28856483101845" lon="130.28811497613788">
        <ele>14.0</ele>
      </trkpt>
      <trkpt lat="33.28860464505851" lon="130.28809729032218">
        <ele>14.0</ele>
      </trkpt>
      <trkpt lat="33.2886328920722" lon="130.2880754135549">
        <ele>14.0</ele>
      </trkpt>
      <trkpt lat="33.288677986711264" lon="130.2880584821105">
        <ele>14.0</ele>
      </trkpt>
      <trkpt lat="33.28871201723814" lon="130.2880376111716">
        <ele>14.2</ele>
      </trkpt>
      <trkpt lat="33.28875778242946" lon="130.28802721761167">
        <ele>14.2</ele>
      </trkpt>
      <trkpt lat="33.288794830441475" lon="130.2880146447569">
        <ele>14.2</ele>
      </trkpt>
      <trkpt lat="33.28884503804147" lon="130.28801606968045">
        <ele>14.2</ele>
      </trkpt>
      <trkpt lat="33.28888309188187" lon="130.28800601139665">
        <ele>14.2</ele>
      </trkpt>
      <trkpt lat="33.28893086872995" lon="130.28800684958696">
        <ele>14.2</ele>
      </trkpt>
      <trkpt lat="33.28896850347519" lon="130.2880027424544">
        <ele>14.2</ele>
      </trkpt>
      <trkpt lat="33.289010748267174" lon="130.28800944797695">
        <ele>14.2</ele>
      </trkpt>
      <trkpt lat="33.28904905356467" lon="130.28800525702536">
        <ele>14.0</ele>
      </trkpt>
      <trkpt lat="33.28909984789789" lon="130.28801372274756">
        <ele>14.2</ele>
      </trkpt>
      <trkpt lat="33.28913329169154" lon="130.28800928033888">
        <ele>14.0</ele>
      </trkpt>
      <trkpt lat="33.289180817082524" lon="130.28801682405174">
        <ele>14.0</ele>
      </trkpt>
      <trkpt lat="33.28921635635197" lon="130.28801179490983">
        <ele>14.0</ele>
      </trkpt>
      <trkpt lat="33.28925717622042" lon="130.28801715932786">
        <ele>14.0</ele>
      </trkpt>
      <trkpt lat="33.28929984010756" lon="130.28801548294723">
        <ele>13.8</ele>
      </trkpt>
      <trkpt lat="33.289342587813735" lon="130.28801254928112">
        <ele>13.8</ele>
      </trkpt>
      <trkpt lat="33.28937653452158" lon="130.28800223954022">
        <ele>13.8</ele>
      </trkpt>
      <trkpt lat="33.28941274434328" lon="130.28799679130316">
        <ele>13.6</ele>
      </trkpt>
      <trkpt lat="33.28944534994662" lon="130.28798597864807">
        <ele>13.6</ele>
      </trkpt>
      <trkpt lat="33.289482817053795" lon="130.287983128801">
        <ele>13.6</ele>
      </trkpt>
      <trkpt lat="33.28951818868518" lon="130.28797223232687">
        <ele>13.6</ele>
      </trkpt>
      <trkpt lat="33.28956085257232" lon="130.28796829283237">
        <ele>13.6</ele>
      </trkpt>
      <trkpt lat="33.28959387727082" lon="130.287956725806">
        <ele>13.8</ele>
      </trkpt>
      <trkpt lat="33.28964056447148" lon="130.2879448235035">
        <ele>13.8</ele>
      </trkpt>
      <trkpt lat="33.289682641625404" lon="130.28793753124774">
        <ele>13.8</ele>
      </trkpt>
      <trkpt lat="33.28972832299769" lon="130.28792973607779">
        <ele>13.8</ele>
      </trkpt>
      <trkpt lat="33.28977148979902" lon="130.28792118653655">
        <ele>13.8</ele>
      </trkpt>
      <trkpt lat="33.289812644943595" lon="130.28791272081435">
        <ele>13.8</ele>
      </trkpt>
      <trkpt lat="33.28985002823174" lon="130.28790375217795">
        <ele>13.8</ele>
      </trkpt>
      <trkpt lat="33.28988581895828" lon="130.28789838775992">
        <ele>13.8</ele>
      </trkpt>
      <trkpt lat="33.289925968274474" lon="130.28789637610316">
        <ele>13.8</ele>
      </trkpt>
      <trkpt lat="33.28995999880135" lon="130.2878920175135">
        <ele>13.8</ele>
      </trkpt>
      <trkpt lat="33.28999805264175" lon="130.28788262978196">
        <ele>13.8</ele>
      </trkpt>
      <trkpt lat="33.29002755694091" lon="130.28787977993488">
        <ele>13.8</ele>
      </trkpt>
      <trkpt lat="33.290066784247756" lon="130.28787198476493">
        <ele>13.8</ele>
      </trkpt>
      <trkpt lat="33.290099473670125" lon="130.28786192648113">
        <ele>13.8</ele>
      </trkpt>
      <trkpt lat="33.290140461176634" lon="130.28785572387278">
        <ele>14.0</ele>
      </trkpt>
      <trkpt lat="33.29017147421837" lon="130.2878470905125">
        <ele>14.0</ele>
      </trkpt>
      <trkpt lat="33.29021388664842" lon="130.28784063644707">
        <ele>14.0</ele>
      </trkpt>
      <trkpt lat="33.290247078984976" lon="130.28783217072487">
        <ele>14.0</ele>
      </trkpt>
      <trkpt lat="33.29028865322471" lon="130.28782286681235">
        <ele>14.0</ele>
      </trkpt>
      <trkpt lat="33.29032394103706" lon="130.28780878521502">
        <ele>14.0</ele>
      </trkpt>
      <trkpt lat="33.290370628237724" lon="130.28780417516828">
        <ele>14.0</ele>
      </trkpt>
      <trkpt lat="33.29040524549782" lon="130.28779353015125">
        <ele>14.0</ele>
      </trkpt>
      <trkpt lat="33.290447322651744" lon="130.28778925538063">
        <ele>14.0</ele>
      </trkpt>
      <trkpt lat="33.29047774896026" lon="130.2877759281546">
        <ele>14.0</ele>
      </trkpt>
      <trkpt lat="33.2905188202858" lon="130.28776419349015">
        <ele>14.0</ele>
      </trkpt>
      <trkpt lat="33.29055167734623" lon="130.28775338083506">
        <ele>14.0</ele>
      </trkpt>
      <trkpt lat="33.290599873289466" lon="130.28774491511285">
        <ele>14.0</ele>
      </trkpt>
      <trkpt lat="33.29063138924539" lon="130.28773695230484">
        <ele>14.0</ele>
      </trkpt>
      <trkpt lat="33.2906776573509" lon="130.2877355273813">
        <ele>14.0</ele>
      </trkpt>
      <trkpt lat="33.29070657491684" lon="130.28772488236427">
        <ele>14.0</ele>
      </trkpt>
      <trkpt lat="33.290754184126854" lon="130.2877175901085">
        <ele>14.0</ele>
      </trkpt>
      <trkpt lat="33.290791567415" lon="130.2877096273005">
        <ele>14.2</ele>
      </trkpt>
      <trkpt lat="33.29083817079663" lon="130.28770367614925">
        <ele>14.2</ele>
      </trkpt>
      <trkpt lat="33.29087044112384" lon="130.2876956295222">
        <ele>14.2</ele>
      </trkpt>
      <trkpt lat="33.290907656773925" lon="130.28768548741937">
        <ele>14.2</ele>
      </trkpt>
      <trkpt lat="33.29094244167209" lon="130.2876747585833">
        <ele>14.4</ele>
      </trkpt>
      <trkpt lat="33.29098284244537" lon="130.28766486793756">
        <ele>14.4</ele>
      </trkpt>
      <trkpt lat="33.291020477190614" lon="130.2876512054354">
        <ele>14.4</ele>
      </trkpt>
      <trkpt lat="33.29106096178293" lon="130.28763980604708">
        <ele>14.6</ele>
      </trkpt>
      <trkpt lat="33.29109960235655" lon="130.2876274008304">
        <ele>14.4</ele>
      </trkpt>
      <trkpt lat="33.29113765619695" lon="130.2876186836511">
        <ele>14.4</ele>
      </trkpt>
      <trkpt lat="33.29118048772216" lon="130.28761189430952">
        <ele>14.4</ele>
      </trkpt>
      <trkpt lat="33.291215943172574" lon="130.28760401532054">
        <ele>14.4</ele>
      </trkpt>
      <trkpt lat="33.29126011580229" lon="130.2876007463783">
        <ele>14.4</ele>
      </trkpt>
      <trkpt lat="33.291299007833004" lon="130.28759311884642">
        <ele>14.6</ele>
      </trkpt>
      <trkpt lat="33.29134468920529" lon="130.28758850879967">
        <ele>14.6</ele>
      </trkpt>
      <trkpt lat="33.29137846827507" lon="130.2875748462975">
        <ele>14.6</ele>
      </trkpt>
      <trkpt lat="33.29141853377223" lon="130.2875698171556">
        <ele>14.6</ele>
      </trkpt>
      <trkpt lat="33.29145675525069" lon="130.2875605970621">
        <ele>14.6</ele>
      </trkpt>
      <trkpt lat="33.291503358632326" lon="130.2875526342541">
        <ele>14.4</ele>
      </trkpt>
      <trkpt lat="33.29153562895954" lon="130.28753696009517">
        <ele>14.4</ele>
      </trkpt>
      <trkpt lat="33.291577035561204" lon="130.28752732090652">
        <ele>14.4</ele>
      </trkpt>
      <trkpt lat="33.2916066236794" lon="130.28751893900335">
        <ele>14.4</ele>
      </trkpt>
      <trkpt lat="33.2916481141001" lon="130.28751608915627">
        <ele>14.4</ele>
      </trkpt>
      <trkpt lat="33.29168532975018" lon="130.28750988654792">
        <ele>14.4</ele>
      </trkpt>
      <trkpt lat="33.291730005294085" lon="130.2875026781112">
        <ele>14.4</ele>
      </trkpt>
      <trkpt lat="33.29176068305969" lon="130.28749044053257">
        <ele>14.4</ele>
      </trkpt>
      <trkpt lat="33.29180452041328" lon="130.28748943470418">
        <ele>14.4</ele>
      </trkpt>
      <trkpt lat="33.29184081405401" lon="130.28748138807714">
        <ele>14.4</ele>
      </trkpt>
      <trkpt lat="33.2918846514076" lon="130.2874781191349">
        <ele>14.4</ele>
      </trkpt>
      <trkpt lat="33.29192144796252" lon="130.28747091069818">
        <ele>14.4</ele>
      </trkpt>
      <trkpt lat="33.29196562059224" lon="130.28746697120368">
        <ele>14.4</ele>
      </trkpt>
      <trkpt lat="33.29200007021427" lon="130.28746269643307">
        <ele>14.4</ele>
      </trkpt>
      <trkpt lat="33.29204935580492" lon="130.28746026568115">
        <ele>14.4</ele>
      </trkpt>
      <trkpt lat="33.29208397306502" lon="130.28744962066412">
        <ele>14.4</ele>
      </trkpt>
      <trkpt lat="33.292127726599574" lon="130.28744735755026">
        <ele>14.4</ele>
      </trkpt>
      <trkpt lat="33.292161002755165" lon="130.28743931092322">
        <ele>14.4</ele>
      </trkpt>
      <trkpt lat="33.292207857593894" lon="130.28743587434292">
        <ele>14.4</ele>
      </trkpt>
      <trkpt lat="33.29224230721593" lon="130.28742346912622">
        <ele>14.2</ele>
      </trkpt>
      <trkpt lat="33.29228790476918" lon="130.2874120697379">
        <ele>14.2</ele>
      </trkpt>
      <trkpt lat="33.29232428222895" lon="130.28739840723574">
        <ele>14.2</ele>
      </trkpt>
      <trkpt lat="33.29237004742026" lon="130.28738994151354">
        <ele>14.2</ele>
      </trkpt>
      <trkpt lat="33.29240759834647" lon="130.28737904503942">
        <ele>14.2</ele>
      </trkpt>
      <trkpt lat="33.29244992695749" lon="130.28736957348883">
        <ele>14.2</ele>
      </trkpt>
      <trkpt lat="33.2924874778837" lon="130.28736119158566">
        <ele>14.2</ele>
      </trkpt>
      <trkpt lat="33.292532404884696" lon="130.28736378997564">
        <ele>14.2</ele>
      </trkpt>
      <trkpt lat="33.29257506877184" lon="130.28736412525177">
        <ele>14.2</ele>
      </trkpt>
      <trkpt lat="33.292621336877346" lon="130.28737996704876">
        <ele>14.4</ele>
      </trkpt>
      <trkpt lat="33.29266416840255" lon="130.28739631175995">
        <ele>14.4</ele>
      </trkpt>
      <trkpt lat="33.29270347952843" lon="130.28742698952556">
        <ele>14.4</ele>
      </trkpt>
      <trkpt lat="33.292738599702716" lon="130.2874662168324">
        <ele>14.4</ele>
      </trkpt>
      <trkpt lat="33.29276760108769" lon="130.28751860372722">
        <ele>14.4</ele>
      </trkpt>
      <trkpt lat="33.29278972931206" lon="130.2875666320324">
        <ele>14.4</ele>
      </trkpt>
      <trkpt lat="33.29281219281256" lon="130.28761801309884">
        <ele>14.4</ele>
      </trkpt>
      <trkpt lat="33.29282124526799" lon="130.28766738250852">
        <ele>14.4</ele>
      </trkpt>
      <trkpt lat="33.292831387370825" lon="130.287718847394">
        <ele>14.4</ele>
      </trkpt>
      <trkpt lat="33.29283314757049" lon="130.28777316212654">
        <ele>14.4</ele>
      </trkpt>
      <trkpt lat="33.29284144565463" lon="130.28783183544874">
        <ele>14.2</ele>
      </trkpt>
      <trkpt lat="33.29284622333944" lon="130.2878817077726">
        <ele>14.4</ele>
      </trkpt>
      <trkpt lat="33.292853934690356" lon="130.28793501667678">
        <ele>14.2</ele>
      </trkpt>
      <trkpt lat="33.2928569521755" lon="130.28798170387745">
        <ele>14.4</ele>
      </trkpt>
      <trkpt lat="33.29286231659353" lon="130.2880320791155">
        <ele>14.2</ele>
      </trkpt>
      <trkpt lat="33.29286281950772" lon="130.28808102943003">
        <ele>14.2</ele>
      </trkpt>
      <trkpt lat="33.292867597192526" lon="130.28812838718295">
        <ele>14.2</ele>
      </trkpt>
      <trkpt lat="33.29286826774478" lon="130.28818043880165">
        <ele>14.2</ele>
      </trkpt>
      <trkpt lat="33.29287547618151" lon="130.28823148459196">
        <ele>14.2</ele>
      </trkpt>
      <trkpt lat="33.29287790693343" lon="130.2882828656584">
        <ele>14.4</ele>
      </trkpt>
      <trkpt lat="33.29288528300822" lon="130.2883370127529">
        <ele>14.2</ele>
      </trkpt>
      <trkpt lat="33.29288779757917" lon="130.28837875463068">
        <ele>14.4</ele>
      </trkpt>
      <trkpt lat="33.29289182089269" lon="130.28842829167843">
        <ele>14.4</ele>
      </trkpt>
      <trkpt lat="33.29289576038718" lon="130.28847003355622">
        <ele>14.4</ele>
      </trkpt>
      <trkpt lat="33.292903220281005" lon="130.28851680457592">
        <ele>14.4</ele>
      </trkpt>
      <trkpt lat="33.29290749505162" lon="130.28856525197625">
        <ele>14.4</ele>
      </trkpt>
      <trkpt lat="33.292913781479" lon="130.28860917314887">
        <ele>14.6</ele>
      </trkpt>
      <trkpt lat="33.292916379868984" lon="130.28865250758827">
        <ele>14.8</ele>
      </trkpt>
      <trkpt lat="33.29292501322925" lon="130.28870154172182">
        <ele>15.0</ele>
      </trkpt>
      <trkpt lat="33.29292400740087" lon="130.2887451276183">
        <ele>15.0</ele>
      </trkpt>
      <trkpt lat="33.29292895272374" lon="130.28878854587674">
        <ele>15.2</ele>
      </trkpt>
      <trkpt lat="33.292931551113725" lon="130.2888359874487">
        <ele>15.2</ele>
      </trkpt>
      <trkpt lat="33.29294068738818" lon="130.28888032771647">
        <ele>15.4</ele>
      </trkpt>
      <trkpt lat="33.29294387251139" lon="130.2889271825552">
        <ele>15.4</ele>
      </trkpt>
      <trkpt lat="33.29294923692942" lon="130.28896666131914">
        <ele>15.6</ele>
      </trkpt>
      <trkpt lat="33.29295200295746" lon="130.28901879675686">
        <ele>15.6</ele>
      </trkpt>
      <trkpt lat="33.29295426607132" lon="130.289053497836">
        <ele>15.6</ele>
      </trkpt>
      <trkpt lat="33.29294973984361" lon="130.28910496272147">
        <ele>15.8</ele>
      </trkpt>
      <trkpt lat="33.29295225441456" lon="130.28914737515152">
        <ele>15.8</ele>
      </trkpt>
      <trkpt lat="33.29295032657683" lon="130.2892022766173">
        <ele>15.6</ele>
      </trkpt>
      <trkpt lat="33.29295150004327" lon="130.28924586251378">
        <ele>15.6</ele>
      </trkpt>
      <trkpt lat="33.29294647090137" lon="130.2893005963415">
        <ele>15.4</ele>
      </trkpt>
      <trkpt lat="33.29294923692942" lon="130.28934485279024">
        <ele>15.4</ele>
      </trkpt>
      <trkpt lat="33.29294487833977" lon="130.28939858078957">
        <ele>15.4</ele>
      </trkpt>
      <trkpt lat="33.29294353723526" lon="130.28943814337254">
        <ele>15.4</ele>
      </trkpt>
      <trkpt lat="33.29293859191239" lon="130.2894953917712">
        <ele>15.4</ele>
      </trkpt>
      <trkpt lat="33.292938843369484" lon="130.28952724300325">
        <ele>15.2</ele>
      </trkpt>
      <trkpt lat="33.29293683171272" lon="130.28957376256585">
        <ele>15.0</ele>
      </trkpt>
      <trkpt lat="33.29292945563793" lon="130.28961718082428">
        <ele>15.0</ele>
      </trkpt>
      <trkpt lat="33.29292241483927" lon="130.28966571204364">
        <ele>14.8</ele>
      </trkpt>
      <trkpt lat="33.292912524193525" lon="130.28971256688237">
        <ele>14.8</ele>
      </trkpt>
      <trkpt lat="33.29290288500488" lon="130.28975900262594">
        <ele>14.6</ele>
      </trkpt>
      <trkpt lat="33.29288679175079" lon="130.28980837203562">
        <ele>14.6</ele>
      </trkpt>
      <trkpt lat="33.292878326028585" lon="130.28985438868403">
        <ele>14.6</ele>
      </trkpt>
      <trkpt lat="33.29286692664027" lon="130.28990468010306">
        <ele>14.4</ele>
      </trkpt>
      <trkpt lat="33.29286399297416" lon="130.28994315303862">
        <ele>14.2</ele>
      </trkpt>
      <trkpt lat="33.292855359613895" lon="130.28999369591475">
        <ele>14.0</ele>
      </trkpt>
      <trkpt lat="33.29285276122391" lon="130.2900305762887">
        <ele>14.0</ele>
      </trkpt>
      <trkpt lat="33.29283717088401" lon="130.29008279554546">
        <ele>14.0</ele>
      </trkpt>
      <trkpt lat="33.2928276155144" lon="130.29012286104262">
        <ele>13.8</ele>
      </trkpt>
      <trkpt lat="33.29281210899353" lon="130.29017315246165">
        <ele>13.8</ele>
      </trkpt>
      <trkpt lat="33.29280573874712" lon="130.29021254740655">
        <ele>13.8</ele>
      </trkpt>
      <trkpt lat="33.292794758453965" lon="130.29026267118752">
        <ele>13.6</ele>
      </trkpt>
      <trkpt lat="33.29279207624495" lon="130.29030365869403">
        <ele>13.6</ele>
      </trkpt>
      <trkpt lat="33.2927861250937" lon="130.290353782475">
        <ele>13.6</ele>
      </trkpt>
      <trkpt lat="33.292783442884684" lon="130.290396111086">
        <ele>13.4</ele>
      </trkpt>
      <trkpt lat="33.29278285615146" lon="130.29045009054244">
        <ele>13.4</ele>
      </trkpt>
      <trkpt lat="33.29278226941824" lon="130.2904944308102">
        <ele>13.4</ele>
      </trkpt>
      <trkpt lat="33.29278377816081" lon="130.290546733886">
        <ele>13.2</ele>
      </trkpt>
      <trkpt lat="33.29278604127467" lon="130.29059023596346">
        <ele>13.2</ele>
      </trkpt>
      <trkpt lat="33.29279190860689" lon="130.29064312577248">
        <ele>13.2</ele>
      </trkpt>
      <trkpt lat="33.29279635101557" lon="130.29068159870803">
        <ele>13.2</ele>
      </trkpt>
      <trkpt lat="33.2928049005568" lon="130.2907251007855">
        <ele>13.2</ele>
      </trkpt>
      <trkpt lat="33.292808001860976" lon="130.2907708659768">
        <ele>13.2</ele>
      </trkpt>
      <trkpt lat="33.292814791202545" lon="130.2908165473491">
        <ele>13.0</ele>
      </trkpt>
      <trkpt lat="33.29281847923994" lon="130.2908635698259">
        <ele>13.0</ele>
      </trkpt>
      <trkpt lat="33.292827028781176" lon="130.2909098379314">
        <ele>13.0</ele>
      </trkpt>
      <trkpt lat="33.292832393199205" lon="130.29096054844558">
        <ele>13.0</ele>
      </trkpt>
      <trkpt lat="33.29283809289336" lon="130.29100706800818">
        <ele>13.0</ele>
      </trkpt>
      <trkpt lat="33.29284471459687" lon="130.29106238856912">
        <ele>12.8</ele>
      </trkpt>
      <trkpt lat="33.29285158775747" lon="130.29110865667462">
        <ele>12.8</ele>
      </trkpt>
      <trkpt lat="33.2928567007184" lon="130.2911575231701">
        <ele>12.8</ele>
      </trkpt>
      <trkpt lat="33.29286097548902" lon="130.29120236635208">
        <ele>12.6</ele>
      </trkpt>
      <trkpt lat="33.29286625608802" lon="130.29125190339983">
        <ele>12.6</ele>
      </trkpt>
      <trkpt lat="33.292876398190856" lon="130.29129532165825">
        <ele>12.4</ele>
      </trkpt>
      <trkpt lat="33.29287773929536" lon="130.29135106131434">
        <ele>12.4</ele>
      </trkpt>
      <trkpt lat="33.29288595356047" lon="130.29139540158212">
        <ele>12.4</ele>
      </trkpt>
      <trkpt lat="33.29289190471172" lon="130.2914489619434">
        <ele>12.2</ele>
      </trkpt>
      <trkpt lat="33.292900789529085" lon="130.291492883116">
        <ele>12.2</ele>
      </trkpt>
      <trkpt lat="33.29290590249002" lon="130.29154392890632">
        <ele>12.2</ele>
      </trkpt>
      <trkpt lat="33.29291453585029" lon="130.2915871795267">
        <ele>12.2</ele>
      </trkpt>
      <trkpt lat="33.292916882783175" lon="130.2916379738599">
        <ele>12.2</ele>
      </trkpt>
      <trkpt lat="33.29292509704828" lon="130.29168298467994">
        <ele>12.4</ele>
      </trkpt>
      <trkpt lat="33.29293138347566" lon="130.29173453338444">
        <ele>12.4</ele>
      </trkpt>
      <trkpt lat="33.2929380889982" lon="130.291778286919">
        <ele>12.4</ele>
      </trkpt>
      <trkpt lat="33.292942363768816" lon="130.29182790778577">
        <ele>12.4</ele>
      </trkpt>
      <trkpt lat="33.29294797964394" lon="130.29186931438744">
        <ele>12.4</ele>
      </trkpt>
      <trkpt lat="33.29294445924461" lon="130.29192103073">
        <ele>12.4</ele>
      </trkpt>
      <trkpt lat="33.29294387251139" lon="130.29196377843618">
        <ele>12.6</ele>
      </trkpt>
      <trkpt lat="33.29293800517917" lon="130.2920143213123">
        <ele>12.6</ele>
      </trkpt>
      <trkpt lat="33.292939430102706" lon="130.29205723665655">
        <ele>12.6</ele>
      </trkpt>
      <trkpt lat="33.29293029382825" lon="130.2921115513891">
        <ele>12.6</ele>
      </trkpt>
      <trkpt lat="33.29292920418084" lon="130.29216142371297">
        <ele>12.8</ele>
      </trkpt>
      <trkpt lat="33.2929224986583" lon="130.29221657663584">
        <ele>12.8</ele>
      </trkpt>
      <trkpt lat="33.29292115755379" lon="130.2922571450472">
        <ele>12.8</ele>
      </trkpt>
      <trkpt lat="33.292911602184176" lon="130.29231129214168">
        <ele>12.8</ele>
      </trkpt>
      <trkpt lat="33.292907578870654" lon="130.29235529713333">
        <ele>12.8</ele>
      </trkpt>
      <trkpt lat="33.29289576038718" lon="130.29241162352264">
        <ele>12.8</ele>
      </trkpt>
      <trkpt lat="33.292891485616565" lon="130.292454874143">
        <ele>12.8</ele>
      </trkpt>
      <trkpt lat="33.29287455417216" lon="130.2925064228475">
        <ele>12.8</ele>
      </trkpt>
      <trkpt lat="33.29286323860288" lon="130.292547326535">
        <ele>12.8</ele>
      </trkpt>
      <trkpt lat="33.29285200685263" lon="130.29259988106787">
        <ele>12.8</ele>
      </trkpt>
      <trkpt lat="33.292846977710724" lon="130.29264003038406">
        <ele>12.6</ele>
      </trkpt>
      <trkpt lat="33.29283742234111" lon="130.29269442893565">
        <ele>12.4</ele>
      </trkpt>
      <trkpt lat="33.29283599741757" lon="130.29273801483214">
        <ele>12.4</ele>
      </trkpt>
      <trkpt lat="33.29282820224762" lon="130.29279174283147">
        <ele>12.2</ele>
      </trkpt>
      <trkpt lat="33.29282669350505" lon="130.29283683747053">
        <ele>12.0</ele>
      </trkpt>
      <trkpt lat="33.29282225109637" lon="130.29288930818439">
        <ele>12.0</ele>
      </trkpt>
      <trkpt lat="33.29282711260021" lon="130.29292702674866">
        <ele>11.8</ele>
      </trkpt>
      <trkpt lat="33.292824011296034" lon="130.29298310168087">
        <ele>11.8</ele>
      </trkpt>
      <trkpt lat="33.29282493330538" lon="130.2930235862732">
        <ele>11.6</ele>
      </trkpt>
      <trkpt lat="33.292826442047954" lon="130.2930790744722">
        <ele>11.6</ele>
      </trkpt>
      <trkpt lat="33.29283054918051" lon="130.2931158710271">
        <ele>11.6</ele>
      </trkpt>
      <trkpt lat="33.29283490777016" lon="130.2931734547019">
        <ele>11.6</ele>
      </trkpt>
      <trkpt lat="33.29283658415079" lon="130.29321293346584">
        <ele>11.6</ele>
      </trkpt>
      <trkpt lat="33.292843624949455" lon="130.2932646498084">
        <ele>11.6</ele>
      </trkpt>
      <trkpt lat="33.29285502433777" lon="130.2932981774211">
        <ele>11.6</ele>
      </trkpt>
      <trkpt lat="33.292863573879" lon="130.2933515701443">
        <ele>11.6</ele>
      </trkpt>
      <trkpt lat="33.29286742955446" lon="130.29339272528887">
        <ele>11.6</ele>
      </trkpt>
      <trkpt lat="33.292874135077" lon="130.29344678856432">
        <ele>11.6</ele>
      </trkpt>
      <trkpt lat="33.29288377426565" lon="130.29348945245147">
        <ele>11.6</ele>
      </trkpt>
      <trkpt lat="33.29289559274912" lon="130.2935399953276">
        <ele>11.6</ele>
      </trkpt>
      <trkpt lat="33.29289802350104" lon="130.29358140192926">
        <ele>11.6</ele>
      </trkpt>
      <trkpt lat="33.29290975816548" lon="130.29363345354795">
        <ele>11.8</ele>
      </trkpt>
      <trkpt lat="33.29291277565062" lon="130.2936761174351">
        <ele>11.8</ele>
      </trkpt>
      <trkpt lat="33.29292350448668" lon="130.29372858814895">
        <ele>11.8</ele>
      </trkpt>
      <trkpt lat="33.29292945563793" lon="130.29377544298768">
        <ele>11.8</ele>
      </trkpt>
      <trkpt lat="33.29294269904494" lon="130.2938285842538">
        <ele>11.8</ele>
      </trkpt>
      <trkpt lat="33.29294789582491" lon="130.29387334361672">
        <ele>11.8</ele>
      </trkpt>
      <trkpt lat="33.29295770265162" lon="130.2939245570451">
        <ele>11.8</ele>
      </trkpt>
      <trkpt lat="33.2929674256593" lon="130.29395976103842">
        <ele>11.8</ele>
      </trkpt>
      <trkpt lat="33.29298159107566" lon="130.2940160036087">
        <ele>11.8</ele>
      </trkpt>
      <trkpt lat="33.29299139790237" lon="130.29405254870653">
        <ele>11.6</ele>
      </trkpt>
      <trkpt lat="33.29300765879452" lon="130.29410392977297">
        <ele>11.6</ele>
      </trkpt>
      <trkpt lat="33.293016040697694" lon="130.29414793476462">
        <ele>11.6</ele>
      </trkpt>
      <trkpt lat="33.2930279430002" lon="130.29420166276395">
        <ele>11.6</ele>
      </trkpt>
      <trkpt lat="33.293031295761466" lon="130.2942464221269">
        <ele>11.6</ele>
      </trkpt>
      <trkpt lat="33.293042946606874" lon="130.29429730027914">
        <ele>11.4</ele>
      </trkpt>
      <trkpt lat="33.293045964092016" lon="130.29434365220368">
        <ele>11.4</ele>
      </trkpt>
      <trkpt lat="33.29305635765195" lon="130.29438950121403">
        <ele>11.4</ele>
      </trkpt>
      <trkpt lat="33.29306700266898" lon="130.29442621394992">
        <ele>11.4</ele>
      </trkpt>
      <trkpt lat="33.29307831823826" lon="130.29447541572154">
        <ele>11.4</ele>
      </trkpt>
      <trkpt lat="33.293079575523734" lon="130.2945197559893">
        <ele>11.4</ele>
      </trkpt>
      <trkpt lat="33.293093321844935" lon="130.29456954449415">
        <ele>11.2</ele>
      </trkpt>
      <trkpt lat="33.29309944063425" lon="130.29461178928614">
        <ele>11.2</ele>
      </trkpt>
      <trkpt lat="33.29310958273709" lon="130.29466199688613">
        <ele>11.2</ele>
      </trkpt>
      <trkpt lat="33.2931122649461" lon="130.2947079297155">
        <ele>11.2</ele>
      </trkpt>
      <trkpt lat="33.29312089830637" lon="130.29475830495358">
        <ele>11.2</ele>
      </trkpt>
      <trkpt lat="33.29312433488667" lon="130.29480851255357">
        <ele>11.2</ele>
      </trkpt>
      <trkpt lat="33.293133890256286" lon="130.29486316256225">
        <ele>11.2</ele>
      </trkpt>
      <trkpt lat="33.29314084723592" lon="130.29491261579096">
        <ele>11.2</ele>
      </trkpt>
      <trkpt lat="33.2931540068239" lon="130.2949660923332">
        <ele>11.2</ele>
      </trkpt>
      <trkpt lat="33.29316381365061" lon="130.29500691220164">
        <ele>11.2</ele>
      </trkpt>
      <trkpt lat="33.29317504540086" lon="130.2950533479452">
        <ele>11.2</ele>
      </trkpt>
      <trkpt lat="33.293185103684664" lon="130.29509123414755">
        <ele>11.2</ele>
      </trkpt>
      <trkpt lat="33.29319658689201" lon="130.2951389271766">
        <ele>11.0</ele>
      </trkpt>
      <trkpt lat="33.2931989338249" lon="130.29518695548177">
        <ele>11.0</ele>
      </trkpt>
      <trkpt lat="33.293206728994846" lon="130.2952364925295">
        <ele>11.2</ele>
      </trkpt>
      <trkpt lat="33.293216368183494" lon="130.2952819224447">
        <ele>11.2</ele>
      </trkpt>
      <trkpt lat="33.293225672096014" lon="130.29533112421632">
        <ele>11.2</ele>
      </trkpt>
      <trkpt lat="33.29323229379952" lon="130.29537697322667">
        <ele>11.2</ele>
      </trkpt>
      <trkpt lat="33.29324587248266" lon="130.29542483389378">
        <ele>11.2</ele>
      </trkpt>
      <trkpt lat="33.29324989579618" lon="130.295473029837">
        <ele>11.2</ele>
      </trkpt>
      <trkpt lat="33.29326439648867" lon="130.29552013613284">
        <ele>11.2</ele>
      </trkpt>
      <trkpt lat="33.29327780753374" lon="130.29555877670646">
        <ele>11.0</ele>
      </trkpt>
      <trkpt lat="33.29329582862556" lon="130.29560529626906">
        <ele>11.0</ele>
      </trkpt>
      <trkpt lat="33.293303456157446" lon="130.29565156437457">
        <ele>11.0</ele>
      </trkpt>
      <trkpt lat="33.293310748413205" lon="130.2957026939839">
        <ele>10.8</ele>
      </trkpt>
      <trkpt lat="33.29331452026963" lon="130.29574745334685">
        <ele>10.8</ele>
      </trkpt>
      <trkpt lat="33.29332365654409" lon="130.29579900205135">
        <ele>10.8</ele>
      </trkpt>
      <trkpt lat="33.293328266590834" lon="130.2958480361849">
        <ele>10.8</ele>
      </trkpt>
      <trkpt lat="33.293334636837244" lon="130.2958982437849">
        <ele>10.8</ele>
      </trkpt>
      <trkpt lat="33.29333773814142" lon="130.29594509862363">
        <ele>10.8</ele>
      </trkpt>
      <trkpt lat="33.29334360547364" lon="130.29599052853882">
        <ele>10.8</ele>
      </trkpt>
      <trkpt lat="33.2933543343097" lon="130.29603419825435">
        <ele>10.8</ele>
      </trkpt>
      <trkpt lat="33.29336430877447" lon="130.2960813883692">
        <ele>10.6</ele>
      </trkpt>
      <trkpt lat="33.293374702334404" lon="130.2961223758757">
        <ele>10.6</ele>
      </trkpt>
      <trkpt lat="33.293385934084654" lon="130.296173337847">
        <ele>10.6</ele>
      </trkpt>
      <trkpt lat="33.29339121468365" lon="130.29621583409607">
        <ele>10.6</ele>
      </trkpt>
      <trkpt lat="33.293400686234236" lon="130.2962640300393">
        <ele>10.4</ele>
      </trkpt>
      <trkpt lat="33.29340806230903" lon="130.29631147161126">
        <ele>10.4</ele>
      </trkpt>
      <trkpt lat="33.293418791145086" lon="130.2963589131832">
        <ele>10.4</ele>
      </trkpt>
      <trkpt lat="33.29343086108565" lon="130.29640124179423">
        <ele>10.4</ele>
      </trkpt>
      <trkpt lat="33.293439745903015" lon="130.29644843190908">
        <ele>10.4</ele>
      </trkpt>
      <trkpt lat="33.29344628378749" lon="130.2964926045388">
        <ele>10.4</ele>
      </trkpt>
      <trkpt lat="33.29345508478582" lon="130.2965386211872">
        <ele>10.4</ele>
      </trkpt>
      <trkpt lat="33.29345650970936" lon="130.29658664949238">
        <ele>10.4</ele>
      </trkpt>
      <trkpt lat="33.293464221060276" lon="130.29662981629372">
        <ele>10.4</ele>
      </trkpt>
      <trkpt lat="33.293475368991494" lon="130.29667533002794">
        <ele>10.4</ele>
      </trkpt>
      <trkpt lat="33.29348743893206" lon="130.29672084376216">
        <ele>10.4</ele>
      </trkpt>
      <trkpt lat="33.29349556937814" lon="130.2967669442296">
        <ele>10.4</ele>
      </trkpt>
      <trkpt lat="33.293506214395165" lon="130.2968134637922">
        <ele>10.4</ele>
      </trkpt>
      <trkpt lat="33.29351241700351" lon="130.29685939662158">
        <ele>10.4</ele>
      </trkpt>
      <trkpt lat="33.29352146945894" lon="130.29690549708903">
        <ele>10.4</ele>
      </trkpt>
      <trkpt lat="33.29352951608598" lon="130.29695386067033">
        <ele>10.4</ele>
      </trkpt>
      <trkpt lat="33.29353949055076" lon="130.29700314626098">
        <ele>10.4</ele>
      </trkpt>
      <trkpt lat="33.29355088993907" lon="130.29704874381423">
        <ele>10.4</ele>
      </trkpt>
      <trkpt lat="33.29355868510902" lon="130.29709819704294">
        <ele>10.2</ele>
      </trkpt>
      <trkpt lat="33.29356463626027" lon="130.2971469797194">
        <ele>10.2</ele>
      </trkpt>
      <trkpt lat="33.293572682887316" lon="130.29719576239586">
        <ele>10.2</ele>
      </trkpt>
      <trkpt lat="33.29357628710568" lon="130.2972452994436">
        <ele>10.2</ele>
      </trkpt>
      <trkpt lat="33.293584417551756" lon="130.29729399830103">
        <ele>10.4</ele>
      </trkpt>
      <trkpt lat="33.293590703979135" lon="130.29734001494944">
        <ele>10.4</ele>
      </trkpt>
      <trkpt lat="33.29359699040651" lon="130.29738871380687">
        <ele>10.4</ele>
      </trkpt>
      <trkpt lat="33.29360168427229" lon="130.29743280261755">
        <ele>10.4</ele>
      </trkpt>
      <trkpt lat="33.2936096470803" lon="130.29747965745628">
        <ele>10.4</ele>
      </trkpt>
      <trkpt lat="33.29360755160451" lon="130.29752802103758">
        <ele>10.4</ele>
      </trkpt>
      <trkpt lat="33.293605875223875" lon="130.29757319949567">
        <ele>10.2</ele>
      </trkpt>
      <trkpt lat="33.29360671341419" lon="130.2976232394576">
        <ele>10.2</ele>
      </trkpt>
      <trkpt lat="33.29360872507095" lon="130.29767151921988">
        <ele>10.0</ele>
      </trkpt>
      <trkpt lat="33.29360864125192" lon="130.2977202180773">
        <ele>10.0</ele>
      </trkpt>
      <trkpt lat="33.29361341893673" lon="130.29777034185827">
        <ele>10.0</ele>
      </trkpt>
      <trkpt lat="33.293615682050586" lon="130.2978217229247">
        <ele>10.0</ele>
      </trkpt>
      <trkpt lat="33.29361987300217" lon="130.29787444509566">
        <ele>10.0</ele>
      </trkpt>
      <trkpt lat="33.293623896315694" lon="130.29792272485793">
        <ele>10.0</ele>
      </trkpt>
      <trkpt lat="33.293626913800836" lon="130.29797251336277">
        <ele>10.2</ele>
      </trkpt>
      <trkpt lat="33.293626410886645" lon="130.29801844619215">
        <ele>10.2</ele>
      </trkpt>
      <trkpt lat="33.29362942837179" lon="130.2980653848499">
        <ele>10.2</ele>
      </trkpt>
      <trkpt lat="33.293634708970785" lon="130.2981145028025">
        <ele>10.4</ele>
      </trkpt>
      <trkpt lat="33.29364627599716" lon="130.2981612738222">
        <ele>10.2</ele>
      </trkpt>
      <trkpt lat="33.29365356825292" lon="130.29820879921317">
        <ele>10.2</ele>
      </trkpt>
      <trkpt lat="33.29366077668965" lon="130.2982574980706">
        <ele>10.2</ele>
      </trkpt>
      <trkpt lat="33.29366379417479" lon="130.29830988496542">
        <ele>10.0</ele>
      </trkpt>
      <trkpt lat="33.29367075115442" lon="130.2983576618135">
        <ele>10.0</ele>
      </trkpt>
      <trkpt lat="33.29367192462087" lon="130.29840837232769">
        <ele>10.0</ele>
      </trkpt>
      <trkpt lat="33.29367066733539" lon="130.29845195822418">
        <ele>10.0</ele>
      </trkpt>
      <trkpt lat="33.29367418773472" lon="130.29850342310965">
        <ele>10.0</ele>
      </trkpt>
      <trkpt lat="33.2936772890389" lon="130.2985479310155">
        <ele>10.0</ele>
      </trkpt>
      <trkpt lat="33.293677205219865" lon="130.29860174283385">
        <ele>10.0</ele>
      </trkpt>
      <trkpt lat="33.29367762431502" lon="130.29864138923585">
        <ele>10.0</ele>
      </trkpt>
      <trkpt lat="33.293679216876626" lon="130.298692015931">
        <ele>10.0</ele>
      </trkpt>
      <trkpt lat="33.293685587123036" lon="130.29873409308493">
        <ele>10.0</ele>
      </trkpt>
      <trkpt lat="33.29368885606527" lon="130.29878932982683">
        <ele>9.8</ele>
      </trkpt>
      <trkpt lat="33.29369396902621" lon="130.29883274808526">
        <ele>9.8</ele>
      </trkpt>
      <trkpt lat="33.29370025545359" lon="130.2988841291517">
        <ele>9.8</ele>
      </trkpt>
      <trkpt lat="33.293705619871616" lon="130.29892595484853">
        <ele>9.8</ele>
      </trkpt>
      <trkpt lat="33.29371375031769" lon="130.29897758737206">
        <ele>9.8</ele>
      </trkpt>
      <trkpt lat="33.293720204383135" lon="130.29901270754635">
        <ele>9.8</ele>
      </trkpt>
      <trkpt lat="33.29372875392437" lon="130.29906559735537">
        <ele>9.8</ele>
      </trkpt>
      <trkpt lat="33.29373705200851" lon="130.29910415410995">
        <ele>9.8</ele>
      </trkpt>
      <trkpt lat="33.29375063069165" lon="130.29915511608124">
        <ele>9.8</ele>
      </trkpt>
      <trkpt lat="33.2937618624419" lon="130.29919249936938">
        <ele>9.8</ele>
      </trkpt>
      <trkpt lat="33.293769992887974" lon="130.29924413189292">
        <ele>9.8</ele>
      </trkpt>
      <trkpt lat="33.29377778805792" lon="130.29928436502814">
        <ele>9.8</ele>
      </trkpt>
      <trkpt lat="33.293785247951746" lon="130.29933809302747">
        <ele>9.8</ele>
      </trkpt>
      <trkpt lat="33.29379362985492" lon="130.29937589541078">
        <ele>9.8</ele>
      </trkpt>
      <trkpt lat="33.2937996648252" lon="130.2994253486395">
        <ele>9.8</ele>
      </trkpt>
      <trkpt lat="33.293802766129375" lon="130.29946750961244">
        <ele>9.8</ele>
      </trkpt>
      <trkpt lat="33.29380502924323" lon="130.29951268807054">
        <ele>9.8</ele>
      </trkpt>
      <trkpt lat="33.293813578784466" lon="130.29955174773932">
        <ele>9.8</ele>
      </trkpt>
      <trkpt lat="33.29382221214473" lon="130.29959868639708">
        <ele>9.8</ele>
      </trkpt>
      <trkpt lat="33.293829672038555" lon="130.29964311048388">
        <ele>9.8</ele>
      </trkpt>
      <trkpt lat="33.2938445918262" lon="130.29969315044582">
        <ele>9.8</ele>
      </trkpt>
      <trkpt lat="33.29385322518647" lon="130.29973715543747">
        <ele>9.6</ele>
      </trkpt>
      <trkpt lat="33.293863367289305" lon="130.29978811740875">
        <ele>9.6</ele>
      </trkpt>
      <trkpt lat="33.29387292265892" lon="130.29983044601977">
        <ele>9.6</ele>
      </trkpt>
      <trkpt lat="33.293878538534045" lon="130.29987788759172">
        <ele>9.6</ele>
      </trkpt>
      <trkpt lat="33.293887842446566" lon="130.29992524534464">
        <ele>9.6</ele>
      </trkpt>
      <trkpt lat="33.29389731399715" lon="130.29997260309756">
        <ele>9.6</ele>
      </trkpt>
      <trkpt lat="33.2938979845494" lon="130.30002037994564">
        <ele>9.6</ele>
      </trkpt>
      <trkpt lat="33.293906450271606" lon="130.30006882734597">
        <ele>9.6</ele>
      </trkpt>
      <trkpt lat="33.29390921629965" lon="130.30011635273695">
        <ele>9.6</ele>
      </trkpt>
      <trkpt lat="33.29391868785024" lon="130.3001645486802">
        <ele>9.6</ele>
      </trkpt>
      <trkpt lat="33.293925980105996" lon="130.30020494945347">
        <ele>9.6</ele>
      </trkpt>
      <trkpt lat="33.29393595457077" lon="130.30025247484446">
        <ele>9.6</ele>
      </trkpt>
      <trkpt lat="33.29394559375942" lon="130.30029790475965">
        <ele>9.6</ele>
      </trkpt>
      <trkpt lat="33.293957160785794" lon="130.30034434050322">
        <ele>9.6</ele>
      </trkpt>
      <trkpt lat="33.293965961784124" lon="130.3003911115229">
        <ele>9.6</ele>
      </trkpt>
      <trkpt lat="33.293976690620184" lon="130.3004354517907">
        <ele>9.6</ele>
      </trkpt>
      <trkpt lat="33.29398222267628" lon="130.30048456974328">
        <ele>9.6</ele>
      </trkpt>
      <trkpt lat="33.29399219714105" lon="130.3005271498114">
        <ele>9.6</ele>
      </trkpt>
      <trkpt lat="33.29399663954973" lon="130.30057492665946">
        <ele>9.6</ele>
      </trkpt>
      <trkpt lat="33.294006111100316" lon="130.3006162494421">
        <ele>9.6</ele>
      </trkpt>
      <trkpt lat="33.294016253203154" lon="130.30066402629018">
        <ele>9.6</ele>
      </trkpt>
      <trkpt lat="33.29402203671634" lon="130.30070350505412">
        <ele>9.6</ele>
      </trkpt>
      <trkpt lat="33.294027987867594" lon="130.30075228773057">
        <ele>9.6</ele>
      </trkpt>
      <trkpt lat="33.2940362021327" lon="130.30079327523708">
        <ele>9.6</ele>
      </trkpt>
      <trkpt lat="33.29404198564589" lon="130.30084105208516">
        <ele>9.6</ele>
      </trkpt>
      <trkpt lat="33.294057827442884" lon="130.30087986029685">
        <ele>9.4</ele>
      </trkpt>
      <trkpt lat="33.29406746663153" lon="130.3009360190481">
        <ele>9.4</ele>
      </trkpt>
      <trkpt lat="33.29408020712435" lon="130.30097465962172">
        <ele>9.4</ele>
      </trkpt>
      <trkpt lat="33.294090097770095" lon="130.3010274656117">
        <ele>9.4</ele>
      </trkpt>
      <trkpt lat="33.29409772530198" lon="130.30106769874692">
        <ele>9.4</ele>
      </trkpt>
      <trkpt lat="33.29410451464355" lon="130.30112477950752">
        <ele>9.4</ele>
      </trkpt>
      <trkpt lat="33.2941088732332" lon="130.3011677786708">
        <ele>9.4</ele>
      </trkpt>
      <trkpt lat="33.29411423765123" lon="130.30122469179332">
        <ele>9.6</ele>
      </trkpt>
      <trkpt lat="33.294116500765085" lon="130.30126073397696">
        <ele>9.4</ele>
      </trkpt>
      <trkpt lat="33.29412404447794" lon="130.30131571926177">
        <ele>9.4</ele>
      </trkpt>
      <trkpt lat="33.29413007944822" lon="130.30135377310216">
        <ele>9.4</ele>
      </trkpt>
      <trkpt lat="33.2941416464746" lon="130.30140548944473">
        <ele>9.4</ele>
      </trkpt>
      <trkpt lat="33.29415136948228" lon="130.30144890770316">
        <ele>9.4</ele>
      </trkpt>
      <trkpt lat="33.29416126012802" lon="130.30150112695992">
        <ele>9.4</ele>
      </trkpt>
      <trkpt lat="33.29416855238378" lon="130.30153825879097">
        <ele>9.2</ele>
      </trkpt>
      <trkpt lat="33.29417835921049" lon="130.30158502981067">
        <ele>9.2</ele>
      </trkpt>
      <trkpt lat="33.29419101588428" lon="130.30162962153554">
        <ele>9.2</ele>
      </trkpt>
      <trkpt lat="33.29420241527259" lon="130.3016754705459">
        <ele>9.2</ele>
      </trkpt>
      <trkpt lat="33.29421104863286" lon="130.30171503312886">
        <ele>9.2</ele>
      </trkpt>
      <trkpt lat="33.29422261565924" lon="130.30176490545273">
        <ele>9.4</ele>
      </trkpt>
      <trkpt lat="33.294225968420506" lon="130.30180958099663">
        <ele>9.4</ele>
      </trkpt>
      <trkpt lat="33.29423409886658" lon="130.30185408890247">
        <ele>9.4</ele>
      </trkpt>
      <trkpt lat="33.294242983683944" lon="130.3018996026367">
        <ele>9.4</ele>
      </trkpt>
      <trkpt lat="33.29425220377743" lon="130.30194939114153">
        <ele>9.4</ele>
      </trkpt>
      <trkpt lat="33.29426150768995" lon="130.30199482105672">
        <ele>9.4</ele>
      </trkpt>
      <trkpt lat="33.29427064396441" lon="130.30204108916223">
        <ele>9.4</ele>
      </trkpt>
      <trkpt lat="33.294280702248216" lon="130.30208148993552">
        <ele>9.4</ele>
      </trkpt>
      <trkpt lat="33.294291431084275" lon="130.3021313622594">
        <ele>9.2</ele>
      </trkpt>
      <trkpt lat="33.29429989680648" lon="130.30217863619328">
        <ele>9.2</ele>
      </trkpt>
      <trkpt lat="33.294308530166745" lon="130.30222272500396">
        <ele>9.2</ele>
      </trkpt>
      <trkpt lat="33.294316409155726" lon="130.3022720105946">
        <ele>9.2</ele>
      </trkpt>
      <trkpt lat="33.29432378523052" lon="130.30231291428208">
        <ele>9.2</ele>
      </trkpt>
      <trkpt lat="33.29432873055339" lon="130.30236597172916">
        <ele>9.2</ele>
      </trkpt>
      <trkpt lat="33.29433610662818" lon="130.30241031199694">
        <ele>9.2</ele>
      </trkpt>
      <trkpt lat="33.29434096813202" lon="130.30245691537857">
        <ele>9.2</ele>
      </trkpt>
      <trkpt lat="33.29434792511165" lon="130.3025014232844">
        <ele>9.2</ele>
      </trkpt>
      <trkpt lat="33.29435479827225" lon="130.3025502897799">
        <ele>9.2</ele>
      </trkpt>
      <trkpt lat="33.29436401836574" lon="130.3025920316577">
        <ele>9.2</ele>
      </trkpt>
      <trkpt lat="33.29437164589763" lon="130.30264399945736">
        <ele>9.2</ele>
      </trkpt>
      <trkpt lat="33.294377848505974" lon="130.3026866633445">
        <ele>9.2</ele>
      </trkpt>
      <trkpt lat="33.29438094981015" lon="130.30273938551545">
        <ele>9.2</ele>
      </trkpt>
      <trkpt lat="33.29438656568527" lon="130.30277961865067">
        <ele>9.2</ele>
      </trkpt>
      <trkpt lat="33.29439318738878" lon="130.3028325084597">
        <ele>9.2</ele>
      </trkpt>
      <trkpt lat="33.29439771361649" lon="130.30287290923297">
        <ele>9.2</ele>
      </trkpt>
      <trkpt lat="33.29440299421549" lon="130.30292781069875">
        <ele>9.2</ele>
      </trkpt>
      <trkpt lat="33.29441447742283" lon="130.30296351760626">
        <ele>9.2</ele>
      </trkpt>
      <trkpt lat="33.29442646354437" lon="130.3030151501298">
        <ele>9.4</ele>
      </trkpt>
      <trkpt lat="33.29443442635238" lon="130.3030566405505">
        <ele>9.4</ele>
      </trkpt>
      <trkpt lat="33.29444264061749" lon="130.3031132183969">
        <ele>9.4</ele>
      </trkpt>
      <trkpt lat="33.29445387236774" lon="130.30315219424665">
        <ele>9.4</ele>
      </trkpt>
      <trkpt lat="33.29445714130998" lon="130.3032078500837">
        <ele>9.4</ele>
      </trkpt>
      <trkpt lat="33.29446175135672" lon="130.30324866995215">
        <ele>9.4</ele>
      </trkpt>
      <trkpt lat="33.294464936479926" lon="130.30330491252244">
        <ele>9.4</ele>
      </trkpt>
      <trkpt lat="33.29447474330664" lon="130.30334916897118">
        <ele>9.4</ele>
      </trkpt>
      <trkpt lat="33.29448086209595" lon="130.3034031484276">
        <ele>9.4</ele>
      </trkpt>
      <trkpt lat="33.29448991455138" lon="130.30343994498253">
        <ele>9.4</ele>
      </trkpt>
      <trkpt lat="33.2944992184639" lon="130.3034935053438">
        <ele>9.4</ele>
      </trkpt>
      <trkpt lat="33.29450676217675" lon="130.30353357084095">
        <ele>9.2</ele>
      </trkpt>
      <trkpt lat="33.294514724984765" lon="130.303589226678">
        <ele>9.2</ele>
      </trkpt>
      <trkpt lat="33.29452411271632" lon="130.30362979508936">
        <ele>9.2</ele>
      </trkpt>
      <trkpt lat="33.29452905803919" lon="130.3036851156503">
        <ele>9.2</ele>
      </trkpt>
      <trkpt lat="33.29453660175204" lon="130.30372484587133">
        <ele>9.2</ele>
      </trkpt>
      <trkpt lat="33.29454137943685" lon="130.3037786576897">
        <ele>9.2</ele>
      </trkpt>
      <trkpt lat="33.29454674385488" lon="130.30381905846298">
        <ele>9.0</ele>
      </trkpt>
      <trkpt lat="33.29455537721515" lon="130.30387521721423">
        <ele>9.0</ele>
      </trkpt>
      <trkpt lat="33.2945666089654" lon="130.30391192995012">
        <ele>9.0</ele>
      </trkpt>
      <trkpt lat="33.294576331973076" lon="130.3039647359401">
        <ele>9.0</ele>
      </trkpt>
      <trkpt lat="33.29459183849394" lon="130.30400346033275">
        <ele>9.0</ele>
      </trkpt>
      <trkpt lat="33.29460935667157" lon="130.30405282974243">
        <ele>9.0</ele>
      </trkpt>
      <trkpt lat="33.29462746158242" lon="130.30408996157348">
        <ele>9.0</ele>
      </trkpt>
      <trkpt lat="33.294651517644525" lon="130.30414067208767">
        <ele>9.0</ele>
      </trkpt>
      <trkpt lat="33.29467532224953" lon="130.30416967347264">
        <ele>9.0</ele>
      </trkpt>
      <trkpt lat="33.29469912685454" lon="130.3042168635875">
        <ele>9.0</ele>
      </trkpt>
      <trkpt lat="33.294724356383085" lon="130.30424267984927">
        <ele>9.0</ele>
      </trkpt>
      <trkpt lat="33.29476123675704" lon="130.3042834997177">
        <ele>9.0</ele>
      </trkpt>
      <trkpt lat="33.294781940057874" lon="130.30430286191404">
        <ele>9.0</ele>
      </trkpt>
      <trkpt lat="33.294816138222814" lon="130.30434200540185">
        <ele>9.2</ele>
      </trkpt>
      <trkpt lat="33.2948446366936" lon="130.3043622057885">
        <ele>9.2</ele>
      </trkpt>
      <trkpt lat="33.29488302581012" lon="130.30438886024058">
        <ele>9.2</ele>
      </trkpt>
      <trkpt lat="33.29491412267089" lon="130.30440093018115">
        <ele>9.2</ele>
      </trkpt>
      <trkpt lat="33.29495435580611" lon="130.30442154966295">
        <ele>9.2</ele>
      </trkpt>
      <trkpt lat="33.29498536884785" lon="130.30442322604358">
        <ele>9.2</ele>
      </trkpt>
      <trkpt lat="33.29503230750561" lon="130.3044288419187">
        <ele>9.4</ele>
      </trkpt>
      <trkpt lat="33.295065416023135" lon="130.30441886745393">
        <ele>9.2</ele>
      </trkpt>
      <trkpt lat="33.29510489478707" lon="130.30441593378782">
        <ele>9.2</ele>
      </trkpt>
      <trkpt lat="33.29513129778206" lon="130.30440621078014">
        <ele>9.4</ele>
      </trkpt>
      <trkpt lat="33.29517429694533" lon="130.304403193295">
        <ele>9.4</ele>
      </trkpt>
      <trkpt lat="33.29520346596837" lon="130.3043944761157">
        <ele>9.4</ele>
      </trkpt>
      <trkpt lat="33.29525509849191" lon="130.304387351498">
        <ele>9.4</ele>
      </trkpt>
      <trkpt lat="33.295280914753675" lon="130.30437846668065">
        <ele>9.4</ele>
      </trkpt>
      <trkpt lat="33.295329278334975" lon="130.30437192879617">
        <ele>9.4</ele>
      </trkpt>
      <trkpt lat="33.2953589502722" lon="130.3043585177511">
        <ele>9.4</ele>
      </trkpt>
      <trkpt lat="33.295406894758344" lon="130.3043500520289">
        <ele>9.4</ele>
      </trkpt>
      <trkpt lat="33.295436231419444" lon="130.30434326268733">
        <ele>9.4</ele>
      </trkpt>
      <trkpt lat="33.295481661334634" lon="130.30433462932706">
        <ele>9.4</ele>
      </trkpt>
      <trkpt lat="33.295514434576035" lon="130.30432272702456">
        <ele>9.4</ele>
      </trkpt>
      <trkpt lat="33.29556120559573" lon="130.30431208200753">
        <ele>9.4</ele>
      </trkpt>
      <trkpt lat="33.29559959471226" lon="130.30429976060987">
        <ele>9.4</ele>
      </trkpt>
      <trkpt lat="33.295649383217096" lon="130.30428140424192">
        <ele>9.2</ele>
      </trkpt>
      <trkpt lat="33.2956803124398" lon="130.30426765792072">
        <ele>9.4</ele>
      </trkpt>
      <trkpt lat="33.29572540707886" lon="130.3042509779334">
        <ele>9.2</ele>
      </trkpt>
      <trkpt lat="33.295758347958326" lon="130.30423815362155">
        <ele>9.4</ele>
      </trkpt>
      <trkpt lat="33.29580679535866" lon="130.30422834679484">
        <ele>9.2</ele>
      </trkpt>
      <trkpt lat="33.29583856277168" lon="130.3042179532349">
        <ele>9.2</ele>
      </trkpt>
      <trkpt lat="33.2958859205246" lon="130.3042145166546">
        <ele>9.2</ele>
      </trkpt>
      <trkpt lat="33.29591592773795" lon="130.30419959686697">
        <ele>9.2</ele>
      </trkpt>
      <trkpt lat="33.295960016548634" lon="130.30418492853642">
        <ele>9.2</ele>
      </trkpt>
      <trkpt lat="33.295989353209734" lon="130.30417260713875">
        <ele>9.2</ele>
      </trkpt>
      <trkpt lat="33.29603402875364" lon="130.3041632194072">
        <ele>9.2</ele>
      </trkpt>
      <trkpt lat="33.29607116058469" lon="130.30415089800954">
        <ele>9.2</ele>
      </trkpt>
      <trkpt lat="33.29611684195697" lon="130.30414536595345">
        <ele>9.2</ele>
      </trkpt>
      <trkpt lat="33.29614978283644" lon="130.30412801541388">
        <ele>9.2</ele>
      </trkpt>
      <trkpt lat="33.29619621858001" lon="130.30412298627198">
        <ele>9.2</ele>
      </trkpt>
      <trkpt lat="33.296229830011725" lon="130.30410597100854">
        <ele>9.2</ele>
      </trkpt>
      <trkpt lat="33.29627173952758" lon="130.3040892072022">
        <ele>9.2</ele>
      </trkpt>
      <trkpt lat="33.29630476422608" lon="130.30407353304327">
        <ele>9.2</ele>
      </trkpt>
      <trkpt lat="33.296350026503205" lon="130.30405836179852">
        <ele>9.2</ele>
      </trkpt>
      <trkpt lat="33.296382296830416" lon="130.30404469929636">
        <ele>9.2</ele>
      </trkpt>
      <trkpt lat="33.29642705619335" lon="130.30402692966163">
        <ele>9.2</ele>
      </trkpt>
      <trkpt lat="33.296461841091514" lon="130.3040107525885">
        <ele>9.2</ele>
      </trkpt>
      <trkpt lat="33.296504421159625" lon="130.303993569687">
        <ele>9.2</ele>
      </trkpt>
      <trkpt lat="33.29653283581138" lon="130.30397445894778">
        <ele>9.2</ele>
      </trkpt>
      <trkpt lat="33.296572817489505" lon="130.30395727604628">
        <ele>9.4</ele>
      </trkpt>
      <trkpt lat="33.29660223796964" lon="130.3039367403835">
        <ele>9.4</ele>
      </trkpt>
      <trkpt lat="33.29664289020002" lon="130.3039161209017">
        <ele>9.6</ele>
      </trkpt>
      <trkpt lat="33.296672562137246" lon="130.30389633961022">
        <ele>9.8</ele>
      </trkpt>
      <trkpt lat="33.296709191054106" lon="130.30387949198484">
        <ele>10.0</ele>
      </trkpt>
      <trkpt lat="33.296748753637075" lon="130.30386784113944">
        <ele>10.0</ele>
      </trkpt>
      <trkpt lat="33.29678571783006" lon="130.30385300517082">
        <ele>10.2</ele>
      </trkpt>
      <trkpt lat="33.29681849107146" lon="130.30383607372642">
        <ele>10.4</ele>
      </trkpt>
      <trkpt lat="33.2968579698354" lon="130.30382048338652">
        <ele>10.6</ele>
      </trkpt>
      <trkpt lat="33.296890491619706" lon="130.3038040548563">
        <ele>10.8</ele>
      </trkpt>
      <trkpt lat="33.296933490782976" lon="130.30378930270672">
        <ele>10.8</ele>
      </trkpt>
      <trkpt lat="33.29696576111019" lon="130.30377564020455">
        <ele>10.8</ele>
      </trkpt>
      <trkpt lat="33.29700892791152" lon="130.30376901850104">
        <ele>10.8</ele>
      </trkpt>
      <trkpt lat="33.29704656265676" lon="130.30376289971173">
        <ele>10.8</ele>
      </trkpt>
      <trkpt lat="33.29709593206644" lon="130.30376533046365">
        <ele>10.8</ele>
      </trkpt>
      <trkpt lat="33.29713264480233" lon="130.30376197770238">
        <ele>10.8</ele>
      </trkpt>
      <trkpt lat="33.29717790707946" lon="130.30376801267266">
        <ele>10.8</ele>
      </trkpt>
      <trkpt lat="33.29721663147211" lon="130.30376935377717">
        <ele>10.8</ele>
      </trkpt>
      <trkpt lat="33.297261307016015" lon="130.30378058552742">
        <ele>10.8</ele>
      </trkpt>
      <trkpt lat="33.29730078577995" lon="130.30378938652575">
        <ele>10.8</ele>
      </trkpt>
      <trkpt lat="33.297342443838716" lon="130.3038095869124">
        <ele>10.8</ele>
      </trkpt>
      <trkpt lat="33.297382509335876" lon="130.30382928438485">
        <ele>10.8</ele>
      </trkpt>
      <trkpt lat="33.29742282629013" lon="130.30385644175112">
        <ele>10.8</ele>
      </trkpt>
      <trkpt lat="33.29745761118829" lon="130.30388167127967">
        <ele>10.6</ele>
      </trkpt>
      <trkpt lat="33.29749348573387" lon="130.30392073094845">
        <ele>10.4</ele>
      </trkpt>
      <trkpt lat="33.297521229833364" lon="130.30395694077015">
        <ele>10.4</ele>
      </trkpt>
      <trkpt lat="33.29754780046642" lon="130.30400128103793">
        <ele>10.2</ele>
      </trkpt>
      <trkpt lat="33.297573532909155" lon="130.3040413465351">
        <ele>10.0</ele>
      </trkpt>
      <trkpt lat="33.297600941732526" lon="130.30408853664994">
        <ele>9.8</ele>
      </trkpt>
      <trkpt lat="33.29762541688979" lon="130.3041396662593">
        <ele>9.6</ele>
      </trkpt>
      <trkpt lat="33.29763824120164" lon="130.30418819747865">
        <ele>9.6</ele>
      </trkpt>
      <trkpt lat="33.29765190370381" lon="130.3042456973344">
        <ele>9.4</ele>
      </trkpt>
      <trkpt lat="33.297655088827014" lon="130.30429758131504">
        <ele>9.2</ele>
      </trkpt>
      <trkpt lat="33.29766078852117" lon="130.30434384942055">
        <ele>9.0</ele>
      </trkpt>
      <trkpt lat="33.29766565002501" lon="130.30439455993474">
        <ele>9.0</ele>
      </trkpt>
      <trkpt lat="33.297672690823674" lon="130.3044441808015">
        <ele>9.0</ele>
      </trkpt>
      <trkpt lat="33.29767604358494" lon="130.3044935502112">
        <ele>9.0</ele>
      </trkpt>
      <trkpt lat="33.29767931252718" lon="130.30453872866929">
        <ele>9.0</ele>
      </trkpt>
      <trkpt lat="33.29768660478294" lon="130.30458885245025">
        <ele>9.0</ele>
      </trkpt>
      <trkpt lat="33.29769188538194" lon="130.3046347014606">
        <ele>9.2</ele>
      </trkpt>
      <trkpt lat="33.297696243971586" lon="130.30468365177512">
        <ele>9.2</ele>
      </trkpt>
      <trkpt lat="33.2977007701993" lon="130.3047359548509">
        <ele>9.2</ele>
      </trkpt>
      <trkpt lat="33.297702614218" lon="130.30478037893772">
        <ele>9.2</ele>
      </trkpt>
      <trkpt lat="33.297701021656394" lon="130.30483335256577">
        <ele>9.2</ele>
      </trkpt>
      <trkpt lat="33.297704961150885" lon="130.3048802074045">
        <ele>9.2</ele>
      </trkpt>
      <trkpt lat="33.29770487733185" lon="130.30493075028062">
        <ele>9.2</ele>
      </trkpt>
      <trkpt lat="33.297707475721836" lon="130.30497886240482">
        <ele>9.2</ele>
      </trkpt>
      <trkpt lat="33.29771024174988" lon="130.30502764508128">
        <ele>9.2</ele>
      </trkpt>
      <trkpt lat="33.29771300777793" lon="130.30507701449096">
        <ele>9.2</ele>
      </trkpt>
      <trkpt lat="33.29771745018661" lon="130.30512428842485">
        <ele>9.2</ele>
      </trkpt>
      <trkpt lat="33.297721138224006" lon="130.30516946688294">
        <ele>9.0</ele>
      </trkpt>
      <trkpt lat="33.29771845601499" lon="130.30522093176842">
        <ele>9.0</ele>
      </trkpt>
      <trkpt lat="33.297722060233355" lon="130.30526535585523">
        <ele>9.2</ele>
      </trkpt>
      <trkpt lat="33.29772365279496" lon="130.3053128812462">
        <ele>9.0</ele>
      </trkpt>
      <trkpt lat="33.297728430479765" lon="130.3053532820195">
        <ele>9.0</ele>
      </trkpt>
      <trkpt lat="33.297736980021" lon="130.3054045792669">
        <ele>9.0</ele>
      </trkpt>
      <trkpt lat="33.29774418845773" lon="130.30544623732567">
        <ele>9.2</ele>
      </trkpt>
      <trkpt lat="33.29775131307542" lon="130.30549820512533">
        <ele>9.2</ele>
      </trkpt>
      <trkpt lat="33.29775508493185" lon="130.30554086901248">
        <ele>9.2</ele>
      </trkpt>
      <trkpt lat="33.297759694978595" lon="130.30559124425054">
        <ele>9.2</ele>
      </trkpt>
      <trkpt lat="33.297766987234354" lon="130.30563357286155">
        <ele>9.2</ele>
      </trkpt>
      <trkpt lat="33.29777151346207" lon="130.30568026006222">
        <ele>9.2</ele>
      </trkpt>
      <trkpt lat="33.29777796752751" lon="130.3057179786265">
        <ele>9.2</ele>
      </trkpt>
      <trkpt lat="33.2977837510407" lon="130.30577028170228">
        <ele>9.4</ele>
      </trkpt>
      <trkpt lat="33.2977938093245" lon="130.30581277795136">
        <ele>9.4</ele>
      </trkpt>
      <trkpt lat="33.29779950901866" lon="130.30587044544518">
        <ele>9.4</ele>
      </trkpt>
      <trkpt lat="33.29781074076891" lon="130.30590740963817">
        <ele>9.4</ele>
      </trkpt>
      <trkpt lat="33.29782004468143" lon="130.3059574496001">
        <ele>9.4</ele>
      </trkpt>
      <trkpt lat="33.2978302706033" lon="130.30599248595536">
        <ele>9.6</ele>
      </trkpt>
      <trkpt lat="33.297846196219325" lon="130.3060488961637">
        <ele>9.6</ele>
      </trkpt>
      <trkpt lat="33.29785491339862" lon="130.3060935717076">
        <ele>9.6</ele>
      </trkpt>
      <trkpt lat="33.297868659719825" lon="130.30614604242146">
        <ele>9.6</ele>
      </trkpt>
      <trkpt lat="33.29787578433752" lon="130.30618518590927">
        <ele>9.4</ele>
      </trkpt>
      <trkpt lat="33.29788810573518" lon="130.3062384109944">
        <ele>9.4</ele>
      </trkpt>
      <trkpt lat="33.297895565629005" lon="130.30627973377705">
        <ele>9.4</ele>
      </trkpt>
      <trkpt lat="33.2979063782841" lon="130.30633145011961">
        <ele>9.4</ele>
      </trkpt>
      <trkpt lat="33.29791149124503" lon="130.30637453310192">
        <ele>9.4</ele>
      </trkpt>
      <trkpt lat="33.29791425727308" lon="130.3064281772822">
        <ele>9.2</ele>
      </trkpt>
      <trkpt lat="33.297920962795615" lon="130.3064727690071">
        <ele>9.2</ele>
      </trkpt>
      <trkpt lat="33.2979304343462" lon="130.3065290953964">
        <ele>9.2</ele>
      </trkpt>
      <trkpt lat="33.29793479293585" lon="130.3065735194832">
        <ele>9.2</ele>
      </trkpt>
      <trkpt lat="33.297941917553544" lon="130.30662221834064">
        <ele>9.2</ele>
      </trkpt>
      <trkpt lat="33.29794426448643" lon="130.3066617809236">
        <ele>9.2</ele>
      </trkpt>
      <trkpt lat="33.29795247875154" lon="130.3067062050104">
        <ele>9.2</ele>
      </trkpt>
      <trkpt lat="33.29795675352216" lon="130.30674677342176">
        <ele>9.2</ele>
      </trkpt>
      <trkpt lat="33.2979632075876" lon="130.30679320916533">
        <ele>9.2</ele>
      </trkpt>
      <trkpt lat="33.29796706326306" lon="130.30683922581375">
        <ele>9.2</ele>
      </trkpt>
      <trkpt lat="33.29797687008977" lon="130.30689102597535">
        <ele>9.2</ele>
      </trkpt>
      <trkpt lat="33.29798508435488" lon="130.306935030967">
        <ele>9.2</ele>
      </trkpt>
      <trkpt lat="33.29799883067608" lon="130.30698272399604">
        <ele>9.2</ele>
      </trkpt>
      <trkpt lat="33.298004027456045" lon="130.30702656134963">
        <ele>9.2</ele>
      </trkpt>
      <trkpt lat="33.29801240935922" lon="130.307075092569">
        <ele>9.2</ele>
      </trkpt>
      <trkpt lat="33.29801886342466" lon="130.30712437815964">
        <ele>9.2</ele>
      </trkpt>
      <trkpt lat="33.29802489839494" lon="130.30717073008418">
        <ele>9.2</ele>
      </trkpt>
      <trkpt lat="33.29803453758359" lon="130.30722278170288">
        <ele>9.2</ele>
      </trkpt>
      <trkpt lat="33.29804484732449" lon="130.30726519413292">
        <ele>9.2</ele>
      </trkpt>
      <trkpt lat="33.298054318875074" lon="130.30731464736164">
        <ele>9.2</ele>
      </trkpt>
      <trkpt lat="33.29806194640696" lon="130.30735848471522">
        <ele>9.2</ele>
      </trkpt>
      <trkpt lat="33.29806915484369" lon="130.30740818940103">
        <ele>9.2</ele>
      </trkpt>
      <trkpt lat="33.298077369108796" lon="130.30744691379368">
        <ele>9.2</ele>
      </trkpt>
      <trkpt lat="33.298086170107126" lon="130.3074966184795">
        <ele>9.2</ele>
      </trkpt>
      <trkpt lat="33.298094384372234" lon="130.3075371030718">
        <ele>9.2</ele>
      </trkpt>
      <trkpt lat="33.298103185370564" lon="130.30758655630052">
        <ele>9.2</ele>
      </trkpt>
      <trkpt lat="33.29811626113951" lon="130.30762762762606">
        <ele>9.2</ele>
      </trkpt>
      <trkpt lat="33.298126235604286" lon="130.30767641030252">
        <ele>9.2</ele>
      </trkpt>
      <trkpt lat="33.29813713207841" lon="130.30771966092288">
        <ele>9.2</ele>
      </trkpt>
      <trkpt lat="33.29814459197223" lon="130.3077709581703">
        <ele>9.2</ele>
      </trkpt>
      <trkpt lat="33.298153560608625" lon="130.3078142926097">
        <ele>9.0</ele>
      </trkpt>
      <trkpt lat="33.298158925026655" lon="130.3078637458384">
        <ele>9.0</ele>
      </trkpt>
      <trkpt lat="33.29816370271146" lon="130.307904984802">
        <ele>9.0</ele>
      </trkpt>
      <trkpt lat="33.298169234767556" lon="130.3079530969262">
        <ele>9.0</ele>
      </trkpt>
      <trkpt lat="33.298179376870394" lon="130.30799391679466">
        <ele>9.0</ele>
      </trkpt>
      <trkpt lat="33.29818608239293" lon="130.30804169364274">
        <ele>9.0</ele>
      </trkpt>
      <trkpt lat="33.2981947157532" lon="130.30808192677796">
        <ele>9.0</ele>
      </trkpt>
      <trkpt lat="33.29820184037089" lon="130.30812978744507">
        <ele>9.2</ele>
      </trkpt>
      <trkpt lat="33.2982134912163" lon="130.30816725455225">
        <ele>9.2</ele>
      </trkpt>
      <trkpt lat="33.29821919091046" lon="130.30821771360934">
        <ele>9.2</ele>
      </trkpt>
      <trkpt lat="33.29822656698525" lon="130.30825819820166">
        <ele>9.2</ele>
      </trkpt>
      <trkpt lat="33.29823494888842" lon="130.30830949544907">
        <ele>9.2</ele>
      </trkpt>
      <trkpt lat="33.29824274405837" lon="130.3083503153175">
        <ele>9.2</ele>
      </trkpt>
      <trkpt lat="33.298251293599606" lon="130.30840429477394">
        <ele>9.2</ele>
      </trkpt>
      <trkpt lat="33.29826118424535" lon="130.30844503082335">
        <ele>9.2</ele>
      </trkpt>
      <trkpt lat="33.2982689794153" lon="130.3084990940988">
        <ele>9.2</ele>
      </trkpt>
      <trkpt lat="33.298280127346516" lon="130.3085373993963">
        <ele>9.2</ele>
      </trkpt>
      <trkpt lat="33.29829152673483" lon="130.30859221704304">
        <ele>9.2</ele>
      </trkpt>
      <trkpt lat="33.298304099589586" lon="130.30863144434988">
        <ele>9.2</ele>
      </trkpt>
      <trkpt lat="33.298313319683075" lon="130.30868123285472">
        <ele>9.4</ele>
      </trkpt>
      <trkpt lat="33.29832086339593" lon="130.30871903523803">
        <ele>9.4</ele>
      </trkpt>
      <trkpt lat="33.2983274012804" lon="130.3087734337896">
        <ele>9.4</ele>
      </trkpt>
      <trkpt lat="33.29833754338324" lon="130.30881718732417">
        <ele>9.4</ele>
      </trkpt>
      <trkpt lat="33.2983464282006" lon="130.30887535773218">
        <ele>9.4</ele>
      </trkpt>
      <trkpt lat="33.29835422337055" lon="130.3089208714664">
        <ele>9.2</ele>
      </trkpt>
      <trkpt lat="33.298362186178565" lon="130.30897552147508">
        <ele>9.2</ele>
      </trkpt>
      <trkpt lat="33.29836939461529" lon="130.30901659280062">
        <ele>9.2</ele>
      </trkpt>
      <trkpt lat="33.29837207682431" lon="130.30906562693417">
        <ele>9.0</ele>
      </trkpt>
      <trkpt lat="33.29837718978524" lon="130.30910544097424">
        <ele>9.0</ele>
      </trkpt>
      <trkpt lat="33.298382218927145" lon="130.30915430746973">
        <ele>9.0</ele>
      </trkpt>
      <trkpt lat="33.29838925972581" lon="130.30919403769076">
        <ele>9.0</ele>
      </trkpt>
      <trkpt lat="33.29840015619993" lon="130.30924265272915">
        <ele>9.0</ele>
      </trkpt>
      <trkpt lat="33.29840526916087" lon="130.3092832211405">
        <ele>8.8</ele>
      </trkpt>
      <trkpt lat="33.29841465689242" lon="130.30933619476855">
        <ele>8.8</ele>
      </trkpt>
      <trkpt lat="33.298424212262034" lon="130.30937743373215">
        <ele>8.8</ele>
      </trkpt>
      <trkpt lat="33.298434941098094" lon="130.30942772515118">
        <ele>8.8</ele>
      </trkpt>
      <trkpt lat="33.298444328829646" lon="130.30946737155318">
        <ele>9.0</ele>
      </trkpt>
      <trkpt lat="33.29844952560961" lon="130.3095165733248">
        <ele>8.8</ele>
      </trkpt>
      <trkpt lat="33.298458410426974" lon="130.30955865047872">
        <ele>9.0</ele>
      </trkpt>
      <trkpt lat="33.29846545122564" lon="130.30960927717388">
        <ele>8.8</ele>
      </trkpt>
      <trkpt lat="33.29847341403365" lon="130.3096529468894">
        <ele>8.8</ele>
      </trkpt>
      <trkpt lat="33.29847970046103" lon="130.3097018133849">
        <ele>8.8</ele>
      </trkpt>
      <trkpt lat="33.29848892055452" lon="130.30974430963397">
        <ele>8.8</ele>
      </trkpt>
      <trkpt lat="33.298497470095754" lon="130.30978630296886">
        <ele>8.8</ele>
      </trkpt>
      <trkpt lat="33.298507863655686" lon="130.30983466655016">
        <ele>8.8</ele>
      </trkpt>
      <trkpt lat="33.29851482063532" lon="130.3098802641034">
        <ele>8.8</ele>
      </trkpt>
      <trkpt lat="33.29852622002363" lon="130.30992946587503">
        <ele>8.8</ele>
      </trkpt>
      <trkpt lat="33.2985295727849" lon="130.30997850000858">
        <ele>8.8</ele>
      </trkpt>
      <trkpt lat="33.298538122326136" lon="130.310019236058">
        <ele>8.8</ele>
      </trkpt>
      <trkpt lat="33.29854264855385" lon="130.31006491743028">
        <ele>8.8</ele>
      </trkpt>
      <trkpt lat="33.29855052754283" lon="130.31011219136417">
        <ele>8.8</ele>
      </trkpt>
      <trkpt lat="33.29855723306537" lon="130.3101659193635">
        <ele>8.8</ele>
      </trkpt>
      <trkpt lat="33.298565028235316" lon="130.31021394766867">
        <ele>8.8</ele>
      </trkpt>
      <trkpt lat="33.29856963828206" lon="130.3102605510503">
        <ele>8.6</ele>
      </trkpt>
      <trkpt lat="33.29857894219458" lon="130.31031302176416">
        <ele>8.6</ele>
      </trkpt>
      <trkpt lat="33.29858807846904" lon="130.31035258434713">
        <ele>8.6</ele>
      </trkpt>
      <trkpt lat="33.29859989695251" lon="130.31040891073644">
        <ele>8.8</ele>
      </trkpt>
      <trkpt lat="33.29861456528306" lon="130.31044595874846">
        <ele>8.8</ele>
      </trkpt>
      <trkpt lat="33.298624036833644" lon="130.31049088574946">
        <ele>8.8</ele>
      </trkpt>
      <trkpt lat="33.298633843660355" lon="130.31053212471306">
        <ele>8.8</ele>
      </trkpt>
      <trkpt lat="33.298643147572875" lon="130.31058333814144">
        <ele>8.8</ele>
      </trkpt>
      <trkpt lat="33.29865328967571" lon="130.3106223139912">
        <ele>8.8</ele>
      </trkpt>
      <trkpt lat="33.29866016283631" lon="130.31067478470504">
        <ele>8.8</ele>
      </trkpt>
      <trkpt lat="33.29866795800626" lon="130.31071946024895">
        <ele>8.8</ele>
      </trkpt>
      <trkpt lat="33.298673490062356" lon="130.31077461317182">
        <ele>8.6</ele>
      </trkpt>
      <trkpt lat="33.298681285232306" lon="130.3108171094209">
        <ele>8.8</ele>
      </trkpt>
      <trkpt lat="33.298687655478716" lon="130.310867568478">
        <ele>8.6</ele>
      </trkpt>
      <trkpt lat="33.29869436100125" lon="130.31091031618416">
        <ele>8.8</ele>
      </trkpt>
      <trkpt lat="33.29870458692312" lon="130.31095842830837">
        <ele>8.8</ele>
      </trkpt>
      <trkpt lat="33.29870986752212" lon="130.31100536696613">
        <ele>8.6</ele>
      </trkpt>
      <trkpt lat="33.29872017726302" lon="130.31104668974876">
        <ele>8.6</ele>
      </trkpt>
      <trkpt lat="33.298730067908764" lon="130.3110967297107">
        <ele>8.6</ele>
      </trkpt>
      <trkpt lat="33.298740880563855" lon="130.31113578937948">
        <ele>8.8</ele>
      </trkpt>
      <trkpt lat="33.29875177703798" lon="130.31118826009333">
        <ele>8.8</ele>
      </trkpt>
      <trkpt lat="33.29875831492245" lon="130.31123293563724">
        <ele>8.8</ele>
      </trkpt>
      <trkpt lat="33.298765858635306" lon="130.31128532253206">
        <ele>8.8</ele>
      </trkpt>
      <trkpt lat="33.298772983253" lon="130.31133293174207">
        <ele>8.8</ele>
      </trkpt>
      <trkpt lat="33.298779018223286" lon="130.3113877493888">
        <ele>8.8</ele>
      </trkpt>
      <trkpt lat="33.29878656193614" lon="130.311433179304">
        <ele>8.8</ele>
      </trkpt>
      <trkpt lat="33.298788825049996" lon="130.3114889189601">
        <ele>8.8</ele>
      </trkpt>
      <trkpt lat="33.298796033486724" lon="130.31153979711235">
        <ele>8.8</ele>
      </trkpt>
      <trkpt lat="33.29881137236953" lon="130.31159419566393">
        <ele>8.6</ele>
      </trkpt>
      <trkpt lat="33.29883140511811" lon="130.31163476407528">
        <ele>8.6</ele>
      </trkpt>
      <trkpt lat="33.298867866396904" lon="130.31166745349765">
        <ele>8.6</ele>
      </trkpt>
      <trkpt lat="33.29889602959156" lon="130.3116813674569">
        <ele>8.6</ele>
      </trkpt>
      <trkpt lat="33.298943638801575" lon="130.31166820786893">
        <ele>8.6</ele>
      </trkpt>
      <trkpt lat="33.2989820279181" lon="130.31164733693004">
        <ele>8.6</ele>
      </trkpt>
      <trkpt lat="33.299022763967514" lon="130.31163417734206">
        <ele>8.6</ele>
      </trkpt>
      <trkpt lat="33.299057465046644" lon="130.31162059865892">
        <ele>8.6</ele>
      </trkpt>
      <trkpt lat="33.29910038039088" lon="130.31160953454673">
        <ele>8.6</ele>
      </trkpt>
      <trkpt lat="33.299134243279696" lon="130.31159210018814">
        <ele>8.4</ele>
      </trkpt>
      <trkpt lat="33.299178751185536" lon="130.31158162280917">
        <ele>8.6</ele>
      </trkpt>
      <trkpt lat="33.29921152442694" lon="130.31157156452537">
        <ele>8.6</ele>
      </trkpt>
      <trkpt lat="33.299254355952144" lon="130.31156695447862">
        <ele>8.6</ele>
      </trkpt>
      <trkpt lat="33.29928805120289" lon="130.31155404634774">
        <ele>8.6</ele>
      </trkpt>
      <trkpt lat="33.29933096654713" lon="130.31154700554907">
        <ele>8.6</ele>
      </trkpt>
      <trkpt lat="33.29936650581658" lon="130.3115370310843">
        <ele>8.6</ele>
      </trkpt>
      <trkpt lat="33.299411768093705" lon="130.31152739189565">
        <ele>8.8</ele>
      </trkpt>
      <trkpt lat="33.2994516659528" lon="130.31151314266026">
        <ele>8.8</ele>
      </trkpt>
      <trkpt lat="33.29949324019253" lon="130.3115040063858">
        <ele>8.8</ele>
      </trkpt>
      <trkpt lat="33.29952450469136" lon="130.31149067915976">
        <ele>8.8</ele>
      </trkpt>
      <trkpt lat="33.29956599511206" lon="130.3114838898182">
        <ele>8.8</ele>
      </trkpt>
      <trkpt lat="33.29960111528635" lon="130.31147433444858">
        <ele>8.8</ele>
      </trkpt>
      <trkpt lat="33.29964620992541" lon="130.31146704219282">
        <ele>8.8</ele>
      </trkpt>
      <trkpt lat="33.29967772588134" lon="130.31145413406193">
        <ele>8.6</ele>
      </trkpt>
      <trkpt lat="33.29971636645496" lon="130.31144617125392">
        <ele>8.8</ele>
      </trkpt>
      <trkpt lat="33.2997487206012" lon="130.31143100000918">
        <ele>8.6</ele>
      </trkpt>
      <trkpt lat="33.29979574307799" lon="130.3114189300686">
        <ele>8.8</ele>
      </trkpt>
      <trkpt lat="33.29982935450971" lon="130.31140342354774">
        <ele>8.8</ele>
      </trkpt>
      <trkpt lat="33.29987528733909" lon="130.3113956283778">
        <ele>8.8</ele>
      </trkpt>
      <trkpt lat="33.299911580979824" lon="130.31138330698013">
        <ele>8.8</ele>
      </trkpt>
      <trkpt lat="33.29995206557214" lon="130.31137752346694">
        <ele>8.8</ele>
      </trkpt>
      <trkpt lat="33.29998475499451" lon="130.31137039884925">
        <ele>8.8</ele>
      </trkpt>
      <trkpt lat="33.30002624541521" lon="130.31136796809733">
        <ele>8.8</ele>
      </trkpt>
      <trkpt lat="33.30005700699985" lon="130.31135992147028">
        <ele>8.8</ele>
      </trkpt>
      <trkpt lat="33.30010721459985" lon="130.31134919263422">
        <ele>8.6</ele>
      </trkpt>
      <trkpt lat="33.30014116130769" lon="130.3113369550556">
        <ele>8.6</ele>
      </trkpt>
      <trkpt lat="33.300182316452265" lon="130.31132924370468">
        <ele>8.6</ele>
      </trkpt>
      <trkpt lat="33.30021626316011" lon="130.31131859868765">
        <ele>8.6</ele>
      </trkpt>
      <trkpt lat="33.300259513780475" lon="130.31130795367062">
        <ele>8.6</ele>
      </trkpt>
      <trkpt lat="33.30029429867864" lon="130.31129554845393">
        <ele>8.6</ele>
      </trkpt>
      <trkpt lat="33.30033930949867" lon="130.31128800474107">
        <ele>8.8</ele>
      </trkpt>
      <trkpt lat="33.30037325620651" lon="130.31127794645727">
        <ele>8.6</ele>
      </trkpt>
      <trkpt lat="33.30042111687362" lon="130.31126830726862">
        <ele>8.8</ele>
      </trkpt>
      <trkpt lat="33.30045321956277" lon="130.31126076355577">
        <ele>8.8</ele>
      </trkpt>
      <trkpt lat="33.30049496144056" lon="130.31125196255744">
        <ele>8.8</ele>
      </trkpt>
      <trkpt lat="33.3005294110626" lon="130.31124383211136">
        <ele>8.8</ele>
      </trkpt>
      <trkpt lat="33.300568806007504" lon="130.311240227893">
        <ele>8.8</ele>
      </trkpt>
      <trkpt lat="33.300599651411176" lon="130.31123251654208">
        <ele>8.8</ele>
      </trkpt>
      <trkpt lat="33.30064382404089" lon="130.311224386096">
        <ele>8.8</ele>
      </trkpt>
      <trkpt lat="33.30067617818713" lon="130.31121131032705">
        <ele>8.8</ele>
      </trkpt>
      <trkpt lat="33.300725128501654" lon="130.31119999475777">
        <ele>8.8</ele>
      </trkpt>
      <trkpt lat="33.300762344151735" lon="130.31118876300752">
        <ele>8.8</ele>
      </trkpt>
      <trkpt lat="33.300808696076274" lon="130.31118390150368">
        <ele>8.8</ele>
      </trkpt>
      <trkpt lat="33.3008452411741" lon="130.311171496287">
        <ele>8.8</ele>
      </trkpt>
      <trkpt lat="33.300886983051896" lon="130.3111652098596">
        <ele>8.8</ele>
      </trkpt>
      <trkpt lat="33.30091648735106" lon="130.3111490327865">
        <ele>8.8</ele>
      </trkpt>
      <trkpt lat="33.30095982179046" lon="130.3111379686743">
        <ele>8.8</ele>
      </trkpt>
      <trkpt lat="33.300995444878936" lon="130.3111279103905">
        <ele>8.8</ele>
      </trkpt>
      <trkpt lat="33.30104121007025" lon="130.3111162595451">
        <ele>9.0</ele>
      </trkpt>
      <trkpt lat="33.30107716843486" lon="130.3111093863845">
        <ele>8.8</ele>
      </trkpt>
      <trkpt lat="33.30111941322684" lon="130.3111033514142">
        <ele>8.8</ele>
      </trkpt>
      <trkpt lat="33.30115461722016" lon="130.3110990766436">
        <ele>8.8</ele>
      </trkpt>
      <trkpt lat="33.30119786784053" lon="130.311086922884">
        <ele>8.8</ele>
      </trkpt>
      <trkpt lat="33.301230892539024" lon="130.31107971444726">
        <ele>8.8</ele>
      </trkpt>
      <trkpt lat="33.30127011984587" lon="130.3110692370683">
        <ele>8.8</ele>
      </trkpt>
      <trkpt lat="33.30130683258176" lon="130.31105943024158">
        <ele>8.8</ele>
      </trkpt>
      <trkpt lat="33.30134748481214" lon="130.3110486175865">
        <ele>8.8</ele>
      </trkpt>
      <trkpt lat="33.301377072930336" lon="130.31103738583624">
        <ele>8.8</ele>
      </trkpt>
      <trkpt lat="33.301418563351035" lon="130.31102892011404">
        <ele>8.8</ele>
      </trkpt>
      <trkpt lat="33.301453264430165" lon="130.3110158443451">
        <ele>8.8</ele>
      </trkpt>
      <trkpt lat="33.30149886198342" lon="130.31100310385227">
        <ele>8.8</ele>
      </trkpt>
      <trkpt lat="33.30153473652899" lon="130.31099321320653">
        <ele>8.8</ele>
      </trkpt>
      <trkpt lat="33.30157890915871" lon="130.31098424457014">
        <ele>8.8</ele>
      </trkpt>
      <trkpt lat="33.30161478370428" lon="130.3109741024673">
        <ele>8.8</ele>
      </trkpt>
      <trkpt lat="33.30165786668658" lon="130.31096873804927">
        <ele>8.8</ele>
      </trkpt>
      <trkpt lat="33.30169240012765" lon="130.31096043996513">
        <ele>9.0</ele>
      </trkpt>
      <trkpt lat="33.301737578585744" lon="130.31095230951905">
        <ele>9.0</ele>
      </trkpt>
      <trkpt lat="33.30177211202681" lon="130.31094199977815">
        <ele>9.0</ele>
      </trkpt>
      <trkpt lat="33.301810417324305" lon="130.31093512661755">
        <ele>9.0</ele>
      </trkpt>
      <trkpt lat="33.30184235237539" lon="130.31092423014343">
        <ele>9.0</ele>
      </trkpt>
      <trkpt lat="33.301885267719626" lon="130.31091442331672">
        <ele>9.2</ele>
      </trkpt>
      <trkpt lat="33.30191519111395" lon="130.31090000644326">
        <ele>9.2</ele>
      </trkpt>
      <trkpt lat="33.301957938820124" lon="130.31089472584426">
        <ele>9.2</ele>
      </trkpt>
      <trkpt lat="33.30199339427054" lon="130.31088357791305">
        <ele>9.2</ele>
      </trkpt>
      <trkpt lat="33.3020353037864" lon="130.310872849077">
        <ele>9.2</ele>
      </trkpt>
      <trkpt lat="33.30206489190459" lon="130.3108594380319">
        <ele>9.2</ele>
      </trkpt>
      <trkpt lat="33.30210872925818" lon="130.31084904447198">
        <ele>9.4</ele>
      </trkpt>
      <trkpt lat="33.30214250832796" lon="130.3108388185501">
        <ele>9.4</ele>
      </trkpt>
      <trkpt lat="33.302186178043485" lon="130.31083001755178">
        <ele>9.4</ele>
      </trkpt>
      <trkpt lat="33.302220879122615" lon="130.31082171946764">
        <ele>9.4</ele>
      </trkpt>
      <trkpt lat="33.30226362682879" lon="130.31081199645996">
        <ele>9.6</ele>
      </trkpt>
      <trkpt lat="33.30229866318405" lon="130.31079581938684">
        <ele>9.6</ele>
      </trkpt>
      <trkpt lat="33.302342500537634" lon="130.31078710220754">
        <ele>9.6</ele>
      </trkpt>
      <trkpt lat="33.30237225629389" lon="130.3107764571905">
        <ele>9.6</ele>
      </trkpt>
      <trkpt lat="33.30241844058037" lon="130.31076539307833">
        <ele>9.6</ele>
      </trkpt>
      <trkpt lat="33.3024547342211" lon="130.31075214967132">
        <ele>9.6</ele>
      </trkpt>
      <trkpt lat="33.3024980686605" lon="130.31074703671038">
        <ele>9.6</ele>
      </trkpt>
      <trkpt lat="33.302536960691214" lon="130.31073697842658">
        <ele>9.6</ele>
      </trkpt>
      <trkpt lat="33.30258222296834" lon="130.31073194928467">
        <ele>9.6</ele>
      </trkpt>
      <trkpt lat="33.30261650495231" lon="130.31072105281055">
        <ele>9.6</ele>
      </trkpt>
      <trkpt lat="33.302658246830106" lon="130.3107127547264">
        <ele>9.6</ele>
      </trkpt>
      <trkpt lat="33.302694372832775" lon="130.31070537865162">
        <ele>9.6</ele>
      </trkpt>
      <trkpt lat="33.302732929587364" lon="130.31069959513843">
        <ele>9.6</ele>
      </trkpt>
      <trkpt lat="33.3027673792094" lon="130.31069037504494">
        <ele>9.6</ele>
      </trkpt>
      <trkpt lat="33.30280995927751" lon="130.3106823284179">
        <ele>9.6</ele>
      </trkpt>
      <trkpt lat="33.30284080468118" lon="130.31066757626832">
        <ele>9.6</ele>
      </trkpt>
      <trkpt lat="33.30288455821574" lon="130.3106585238129">
        <ele>9.6</ele>
      </trkpt>
      <trkpt lat="33.30291783437133" lon="130.31064569950104">
        <ele>9.8</ele>
      </trkpt>
      <trkpt lat="33.3029640186578" lon="130.31063840724528">
        <ele>9.8</ele>
      </trkpt>
      <trkpt lat="33.302999306470156" lon="130.3106263373047">
        <ele>9.8</ele>
      </trkpt>
      <trkpt lat="33.303042724728584" lon="130.3106172848493">
        <ele>9.8</ele>
      </trkpt>
      <trkpt lat="33.303075497969985" lon="130.31060454435647">
        <ele>9.8</ele>
      </trkpt>
      <trkpt lat="33.30311732366681" lon="130.31059599481523">
        <ele>9.8</ele>
      </trkpt>
      <trkpt lat="33.30314707942307" lon="130.3105816617608">
        <ele>9.8</ele>
      </trkpt>
      <trkpt lat="33.30318630672991" lon="130.31057545915246">
        <ele>9.8</ele>
      </trkpt>
      <trkpt lat="33.30322033725679" lon="130.3105695080012">
        <ele>9.8</ele>
      </trkpt>
      <trkpt lat="33.30326031893492" lon="130.31056028790772">
        <ele>9.8</ele>
      </trkpt>
      <trkpt lat="33.30329158343375" lon="130.3105520736426">
        <ele>9.8</ele>
      </trkpt>
      <trkpt lat="33.30333424732089" lon="130.31054855324328">
        <ele>9.8</ele>
      </trkpt>
      <trkpt lat="33.3033681102097" lon="130.3105335496366">
        <ele>9.8</ele>
      </trkpt>
      <trkpt lat="33.30341203138232" lon="130.31052567064762">
        <ele>9.8</ele>
      </trkpt>
      <trkpt lat="33.30344748683274" lon="130.31051360070705">
        <ele>9.8</ele>
      </trkpt>
      <trkpt lat="33.30349685624242" lon="130.31050781719387">
        <ele>9.8</ele>
      </trkpt>
      <trkpt lat="33.303525103256106" lon="130.31049423851073">
        <ele>9.8</ele>
      </trkpt>
      <trkpt lat="33.30357086844742" lon="130.31048661097884">
        <ele>9.8</ele>
      </trkpt>
      <trkpt lat="33.303606659173965" lon="130.31047403812408">
        <ele>9.8</ele>
      </trkpt>
      <trkpt lat="33.30365384928882" lon="130.31046364456415">
        <ele>9.8</ele>
      </trkpt>
      <trkpt lat="33.30369056202471" lon="130.3104542568326">
        <ele>9.6</ele>
      </trkpt>
      <trkpt lat="33.30373582430184" lon="130.31044495292008">
        <ele>9.6</ele>
      </trkpt>
      <trkpt lat="33.30377002246678" lon="130.31043858267367">
        <ele>9.6</ele>
      </trkpt>
      <trkpt lat="33.3038173802197" lon="130.31043087132275">
        <ele>9.6</ele>
      </trkpt>
      <trkpt lat="33.30385082401335" lon="130.31042131595314">
        <ele>9.6</ele>
      </trkpt>
      <trkpt lat="33.303894829005" lon="130.31041125766933">
        <ele>9.6</ele>
      </trkpt>
      <trkpt lat="33.303928608074784" lon="130.31040371395648">
        <ele>9.6</ele>
      </trkpt>
      <trkpt lat="33.303967667743564" lon="130.31039868481457">
        <ele>9.6</ele>
      </trkpt>
      <trkpt lat="33.30400429666042" lon="130.31038963235915">
        <ele>9.6</ele>
      </trkpt>
      <trkpt lat="33.30404654145241" lon="130.31038057990372">
        <ele>9.6</ele>
      </trkpt>
      <trkpt lat="33.30408392474055" lon="130.31037035398185">
        <ele>9.6</ele>
      </trkpt>
      <trkpt lat="33.304129438474774" lon="130.31035509891808">
        <ele>9.8</ele>
      </trkpt>
      <trkpt lat="33.30416589975357" lon="130.31033774837852">
        <ele>9.8</ele>
      </trkpt>
      <trkpt lat="33.30421769991517" lon="130.31032894738019">
        <ele>9.8</ele>
      </trkpt>
      <trkpt lat="33.30425382591784" lon="130.31031754799187">
        <ele>9.8</ele>
      </trkpt>
      <trkpt lat="33.30429925583303" lon="130.31030673533678">
        <ele>9.8</ele>
      </trkpt>
      <trkpt lat="33.30433144234121" lon="130.31028997153044">
        <ele>9.8</ele>
      </trkpt>
      <trkpt lat="33.30436924472451" lon="130.3102814219892">
        <ele>9.8</ele>
      </trkpt>
      <trkpt lat="33.30440478399396" lon="130.31027094461024">
        <ele>9.8</ele>
      </trkpt>
      <trkpt lat="33.30444669350982" lon="130.3102621436119">
        <ele>9.8</ele>
      </trkpt>
      <trkpt lat="33.30448633991182" lon="130.31025175005198">
        <ele>9.8</ele>
      </trkpt>
      <trkpt lat="33.304524226114154" lon="130.31024764291942">
        <ele>9.8</ele>
      </trkpt>
      <trkpt lat="33.30456102266908" lon="130.31023926101625">
        <ele>9.8</ele>
      </trkpt>
      <trkpt lat="33.30460058525205" lon="130.31022811308503">
        <ele>9.8</ele>
      </trkpt>
      <trkpt lat="33.30463595688343" lon="130.31021545641124">
        <ele>9.8</ele>
      </trkpt>
      <trkpt lat="33.30467250198126" lon="130.31020707450807">
        <ele>10.0</ele>
      </trkpt>
      <trkpt lat="33.30471164546907" lon="130.3101955074817">
        <ele>10.0</ele>
      </trkpt>
      <trkpt lat="33.30475565046072" lon="130.31018553301692">
        <ele>10.0</ele>
      </trkpt>
      <trkpt lat="33.30479437485337" lon="130.31017723493278">
        <ele>10.0</ele>
      </trkpt>
      <trkpt lat="33.30483829602599" lon="130.3101661708206">
        <ele>10.0</ele>
      </trkpt>
      <trkpt lat="33.30488070845604" lon="130.31015041284263">
        <ele>10.0</ele>
      </trkpt>
      <trkpt lat="33.304926389828324" lon="130.31013876199722">
        <ele>10.0</ele>
      </trkpt>
      <trkpt lat="33.30496519804001" lon="130.310124931857">
        <ele>10.0</ele>
      </trkpt>
      <trkpt lat="33.305009454488754" lon="130.31011143699288">
        <ele>10.0</ele>
      </trkpt>
      <trkpt lat="33.30504583194852" lon="130.3101022168994">
        <ele>10.0</ele>
      </trkpt>
      <trkpt lat="33.30508941784501" lon="130.3100934997201">
        <ele>10.0</ele>
      </trkpt>
      <trkpt lat="33.30512495711446" lon="130.31008034013212">
        <ele>10.2</ele>
      </trkpt>
      <trkpt lat="33.305165860801935" lon="130.31007623299956">
        <ele>10.2</ele>
      </trkpt>
      <trkpt lat="33.305203411728144" lon="130.31006474979222">
        <ele>10.2</ele>
      </trkpt>
      <trkpt lat="33.30524607561529" lon="130.3100530989468">
        <ele>10.2</ele>
      </trkpt>
      <trkpt lat="33.305281614884734" lon="130.31004530377686">
        <ele>10.2</ele>
      </trkpt>
      <trkpt lat="33.305322770029306" lon="130.31003725714982">
        <ele>10.2</ele>
      </trkpt>
      <trkpt lat="33.305358309298754" lon="130.31003030017018">
        <ele>10.0</ele>
      </trkpt>
      <trkpt lat="33.30539510585368" lon="130.31002468429506">
        <ele>10.0</ele>
      </trkpt>
      <trkpt lat="33.305432153865695" lon="130.3100184816867">
        <ele>10.0</ele>
      </trkpt>
      <trkpt lat="33.30547632649541" lon="130.31001009978354">
        <ele>10.2</ele>
      </trkpt>
      <trkpt lat="33.30551236867905" lon="130.3100004605949">
        <ele>10.2</ele>
      </trkpt>
      <trkpt lat="33.30555645748973" lon="130.3099925816059">
        <ele>10.2</ele>
      </trkpt>
      <trkpt lat="33.30559367313981" lon="130.30998528935015">
        <ele>10.2</ele>
      </trkpt>
      <trkpt lat="33.305634995922446" lon="130.30997950583696">
        <ele>10.2</ele>
      </trkpt>
      <trkpt lat="33.30566986463964" lon="130.30996995046735">
        <ele>10.2</ele>
      </trkpt>
      <trkpt lat="33.305716551840305" lon="130.30995880253613">
        <ele>10.2</ele>
      </trkpt>
      <trkpt lat="33.30575083382428" lon="130.30994958244264">
        <ele>10.2</ele>
      </trkpt>
      <trkpt lat="33.30579777248204" lon="130.30994170345366">
        <ele>10.2</ele>
      </trkpt>
      <trkpt lat="33.30583121627569" lon="130.3099296335131">
        <ele>10.2</ele>
      </trkpt>
      <trkpt lat="33.30587689764798" lon="130.30992217361927">
        <ele>10.2</ele>
      </trkpt>
      <trkpt lat="33.30591402947903" lon="130.30990700237453">
        <ele>10.2</ele>
      </trkpt>
      <trkpt lat="33.30595803447068" lon="130.30989702790976">
        <ele>10.2</ele>
      </trkpt>
      <trkpt lat="33.30599533393979" lon="130.30988621525466">
        <ele>10.2</ele>
      </trkpt>
      <trkpt lat="33.30603925511241" lon="130.30988386832178">
        <ele>10.2</ele>
      </trkpt>
      <trkpt lat="33.30607554875314" lon="130.30988085083663">
        <ele>10.2</ele>
      </trkpt>
      <trkpt lat="33.30612072721124" lon="130.30987699516118">
        <ele>10.2</ele>
      </trkpt>
      <trkpt lat="33.30615450628102" lon="130.3098702058196">
        <ele>10.2</ele>
      </trkpt>
      <trkpt lat="33.3062004391104" lon="130.3098624944687">
        <ele>10.2</ele>
      </trkpt>
      <trkpt lat="33.30623564310372" lon="130.30985428020358">
        <ele>10.2</ele>
      </trkpt>
      <trkpt lat="33.306282833218575" lon="130.3098479937762">
        <ele>10.2</ele>
      </trkpt>
      <trkpt lat="33.30632013268769" lon="130.30984045006335">
        <ele>10.2</ele>
      </trkpt>
      <trkpt lat="33.3063679933548" lon="130.30983676202595">
        <ele>10.2</ele>
      </trkpt>
      <trkpt lat="33.30639942549169" lon="130.30982863157988">
        <ele>10.4</ele>
      </trkpt>
      <trkpt lat="33.30644250847399" lon="130.3098197467625">
        <ele>10.4</ele>
      </trkpt>
      <trkpt lat="33.306477880105376" lon="130.30981052666903">
        <ele>10.4</ele>
      </trkpt>
      <trkpt lat="33.30651945434511" lon="130.30980298295617">
        <ele>10.4</ele>
      </trkpt>
      <trkpt lat="33.30655130557716" lon="130.30979191884398">
        <ele>10.4</ele>
      </trkpt>
      <trkpt lat="33.30659447237849" lon="130.309781357646">
        <ele>10.4</ele>
      </trkpt>
      <trkpt lat="33.3066304307431" lon="130.30977222137153">
        <ele>10.4</ele>
      </trkpt>
      <trkpt lat="33.30667393282056" lon="130.30976518057287">
        <ele>10.6</ele>
      </trkpt>
      <trkpt lat="33.3067150041461" lon="130.30976409092546">
        <ele>10.6</ele>
      </trkpt>
      <trkpt lat="33.3067528065294" lon="130.3097797650844">
        <ele>10.6</ele>
      </trkpt>
      <trkpt lat="33.30677677877247" lon="130.3098122868687">
        <ele>10.8</ele>
      </trkpt>
      <trkpt lat="33.30680510960519" lon="130.30986006371677">
        <ele>10.6</ele>
      </trkpt>
      <trkpt lat="33.30680837854743" lon="130.30991664156318">
        <ele>10.6</ele>
      </trkpt>
      <trkpt lat="33.306799326092005" lon="130.30997732654214">
        <ele>10.8</ele>
      </trkpt>
      <trkpt lat="33.30677744932473" lon="130.31002996489406">
        <ele>10.8</ele>
      </trkpt>
      <trkpt lat="33.30676345154643" lon="130.31008042395115">
        <ele>10.6</ele>
      </trkpt>
      <trkpt lat="33.30674744211137" lon="130.31012828461826">
        <ele>10.6</ele>
      </trkpt>
      <trkpt lat="33.30673704855144" lon="130.3101780731231">
        <ele>10.6</ele>
      </trkpt>
      <trkpt lat="33.306726487353444" lon="130.31022191047668">
        <ele>10.6</ele>
      </trkpt>
      <trkpt lat="33.306715255603194" lon="130.3102718666196">
        <ele>10.6</ele>
      </trkpt>
      <trkpt lat="33.306707041338086" lon="130.31030958518386">
        <ele>10.6</ele>
      </trkpt>
      <trkpt lat="33.30669849179685" lon="130.31036037951708">
        <ele>10.6</ele>
      </trkpt>
      <trkpt lat="33.30669153481722" lon="130.31039625406265">
        <ele>10.8</ele>
      </trkpt>
      <trkpt lat="33.306680554524064" lon="130.31044914387167">
        <ele>11.0</ele>
      </trkpt>
      <trkpt lat="33.3066735137254" lon="130.31048828735948">
        <ele>11.0</ele>
      </trkpt>
      <trkpt lat="33.306661527603865" lon="130.31053422018886">
        <ele>11.2</ele>
      </trkpt>
      <trkpt lat="33.30665507353842" lon="130.31057336367667">
        <ele>11.2</ele>
      </trkpt>
      <trkpt lat="33.306644931435585" lon="130.31062055379152">
        <ele>11.4</ele>
      </trkpt>
      <trkpt lat="33.3066425845027" lon="130.3106638044119">
        <ele>11.6</ele>
      </trkpt>
      <trkpt lat="33.30663671717048" lon="130.31071342527866">
        <ele>11.8</ele>
      </trkpt>
      <trkpt lat="33.306634621694684" lon="130.3107560891658">
        <ele>12.0</ele>
      </trkpt>
      <trkpt lat="33.306629844009876" lon="130.3108099848032">
        <ele>12.2</ele>
      </trkpt>
      <trkpt lat="33.30663428641856" lon="130.31084820628166">
        <ele>12.2</ele>
      </trkpt>
      <trkpt lat="33.30662707798183" lon="130.3109000902623">
        <ele>12.4</ele>
      </trkpt>
      <trkpt lat="33.30662447959185" lon="130.31093512661755">
        <ele>12.4</ele>
      </trkpt>
      <trkpt lat="33.30661626532674" lon="130.31098516657948">
        <ele>12.6</ele>
      </trkpt>
      <trkpt lat="33.30661551095545" lon="130.3110245615244">
        <ele>12.8</ele>
      </trkpt>
      <trkpt lat="33.306610230356455" lon="130.31107418239117">
        <ele>13.0</ele>
      </trkpt>
      <trkpt lat="33.30661132000387" lon="130.3111139126122">
        <ele>13.0</ele>
      </trkpt>
      <trkpt lat="33.30660947598517" lon="130.31116663478315">
        <ele>13.2</ele>
      </trkpt>
      <trkpt lat="33.30660654231906" lon="130.31120410189033">
        <ele>13.2</ele>
      </trkpt>
      <trkpt lat="33.30660419538617" lon="130.3112537227571">
        <ele>13.2</ele>
      </trkpt>
      <trkpt lat="33.306605787947774" lon="130.31129110604525">
        <ele>13.4</ele>
      </trkpt>
      <trkpt lat="33.30659966915846" lon="130.3113446664065">
        <ele>13.4</ele>
      </trkpt>
      <trkpt lat="33.30660025589168" lon="130.3113813791424">
        <ele>13.4</ele>
      </trkpt>
      <trkpt lat="33.306597992777824" lon="130.311433179304">
        <ele>13.6</ele>
      </trkpt>
      <trkpt lat="33.30659958533943" lon="130.31147165223956">
        <ele>13.8</ele>
      </trkpt>
      <trkpt lat="33.306593634188175" lon="130.3115237876773">
        <ele>13.8</ele>
      </trkpt>
      <trkpt lat="33.30658609047532" lon="130.31156712211668">
        <ele>14.0</ele>
      </trkpt>
      <trkpt lat="33.30658198334277" lon="130.31162085011601">
        <ele>14.0</ele>
      </trkpt>
      <trkpt lat="33.30658407881856" lon="130.31166166998446">
        <ele>14.2</ele>
      </trkpt>
      <trkpt lat="33.30657930113375" lon="130.31171564944088">
        <ele>14.4</ele>
      </trkpt>
      <trkpt lat="33.306578462943435" lon="130.31175286509097">
        <ele>14.4</ele>
      </trkpt>
      <trkpt lat="33.30657586455345" lon="130.31180785037577">
        <ele>14.6</ele>
      </trkpt>
      <trkpt lat="33.306571170687675" lon="130.3118512686342">
        <ele>14.6</ele>
      </trkpt>
      <trkpt lat="33.30656890757382" lon="130.31190508045256">
        <ele>14.6</ele>
      </trkpt>
      <trkpt lat="33.30657125450671" lon="130.31194363720715">
        <ele>14.8</ele>
      </trkpt>
      <trkpt lat="33.306569661945105" lon="130.31199283897877">
        <ele>14.8</ele>
      </trkpt>
      <trkpt lat="33.30657133832574" lon="130.31203701160848">
        <ele>14.8</ele>
      </trkpt>
      <trkpt lat="33.30657091923058" lon="130.31208445318043">
        <ele>14.8</ele>
      </trkpt>
      <trkpt lat="33.30656505189836" lon="130.31212896108627">
        <ele>15.0</ele>
      </trkpt>
      <trkpt lat="33.306560358032584" lon="130.31217481009662">
        <ele>15.0</ele>
      </trkpt>
      <trkpt lat="33.3065559156239" lon="130.31222300603986">
        <ele>15.0</ele>
      </trkpt>
      <trkpt lat="33.30655474215746" lon="130.31227312982082">
        <ele>15.0</ele>
      </trkpt>
      <trkpt lat="33.306551137939095" lon="130.3123190626502">
        <ele>15.0</ele>
      </trkpt>
      <trkpt lat="33.30654996447265" lon="130.31237019225955">
        <ele>15.0</ele>
      </trkpt>
      <trkpt lat="33.306543342769146" lon="130.31241637654603">
        <ele>15.0</ele>
      </trkpt>
      <trkpt lat="33.30653613433242" lon="130.31246272847056">
        <ele>14.6</ele>
      </trkpt>
      <trkpt lat="33.30653076991439" lon="130.3125093318522">
        <ele>14.2</ele>
      </trkpt>
      <trkpt lat="33.30652590841055" lon="130.31255149282515">
        <ele>14.2</ele>
      </trkpt>
      <trkpt lat="33.306513000279665" lon="130.31259994022548">
        <ele>14.0</ele>
      </trkpt>
      <trkpt lat="33.30650604330003" lon="130.3126415144652">
        <ele>13.8</ele>
      </trkpt>
      <trkpt lat="33.30649028532207" lon="130.31269205734134">
        <ele>13.6</ele>
      </trkpt>
      <trkpt lat="33.306483160704374" lon="130.31273145228624">
        <ele>13.6</ele>
      </trkpt>
      <trkpt lat="33.30646740272641" lon="130.31278107315302">
        <ele>13.4</ele>
      </trkpt>
      <trkpt lat="33.30646061338484" lon="130.31282415613532">
        <ele>13.2</ele>
      </trkpt>
      <trkpt lat="33.30644250847399" lon="130.3128732740879">
        <ele>13.0</ele>
      </trkpt>
      <trkpt lat="33.30643605440855" lon="130.31291434541345">
        <ele>13.0</ele>
      </trkpt>
      <trkpt lat="33.30641836859286" lon="130.31296614557505">
        <ele>13.0</ele>
      </trkpt>
      <trkpt lat="33.306405544281006" lon="130.31301056966186">
        <ele>12.8</ele>
      </trkpt>
      <trkpt lat="33.30638961866498" lon="130.31306203454733">
        <ele>12.8</ele>
      </trkpt>
      <trkpt lat="33.30638316459954" lon="130.31310486607254">
        <ele>12.8</ele>
      </trkpt>
      <trkpt lat="33.306365897879004" lon="130.31315088272095">
        <ele>12.6</ele>
      </trkpt>
      <trkpt lat="33.30635542050004" lon="130.31319228932261">
        <ele>12.6</ele>
      </trkpt>
      <trkpt lat="33.3063455298543" lon="130.313240904361">
        <ele>12.6</ele>
      </trkpt>
      <trkpt lat="33.30633555538952" lon="130.31328306533396">
        <ele>12.4</ele>
      </trkpt>
      <trkpt lat="33.306320970878005" lon="130.313330758363">
        <ele>12.4</ele>
      </trkpt>
      <trkpt lat="33.30630169250071" lon="130.31337350606918">
        <ele>12.2</ele>
      </trkpt>
      <trkpt lat="33.30628601834178" lon="130.31341432593763">
        <ele>12.0</ele>
      </trkpt>
      <trkpt lat="33.30627336166799" lon="130.3134527988732">
        <ele>12.0</ele>
      </trkpt>
      <trkpt lat="33.30626062117517" lon="130.31349898315966">
        <ele>12.0</ele>
      </trkpt>
      <trkpt lat="33.30624067224562" lon="130.31353963539004">
        <ele>11.8</ele>
      </trkpt>
      <trkpt lat="33.30622675828636" lon="130.31358598731458">
        <ele>11.8</ele>
      </trkpt>
      <trkpt lat="33.306210581213236" lon="130.3136317525059">
        <ele>11.6</ele>
      </trkpt>
      <trkpt lat="33.30619658343494" lon="130.31367500312626">
        <ele>11.6</ele>
      </trkpt>
      <trkpt lat="33.30617504194379" lon="130.31371909193695">
        <ele>11.6</ele>
      </trkpt>
      <trkpt lat="33.306158194318414" lon="130.31375739723444">
        <ele>11.4</ele>
      </trkpt>
      <trkpt lat="33.306136820465326" lon="130.31380165368319">
        <ele>11.4</ele>
      </trkpt>
      <trkpt lat="33.306120140478015" lon="130.31384171918035">
        <ele>11.4</ele>
      </trkpt>
      <trkpt lat="33.306096168234944" lon="130.3138854727149">
        <ele>11.4</ele>
      </trkpt>
      <trkpt lat="33.306077644228935" lon="130.31392629258335">
        <ele>11.4</ele>
      </trkpt>
      <trkpt lat="33.30605333670974" lon="130.3139671124518">
        <ele>11.4</ele>
      </trkpt>
      <trkpt lat="33.30603598617017" lon="130.31400734558702">
        <ele>11.4</ele>
      </trkpt>
      <trkpt lat="33.306010756641626" lon="130.3140479978174">
        <ele>11.4</ele>
      </trkpt>
      <trkpt lat="33.30599281936884" lon="130.31408613547683">
        <ele>11.4</ele>
      </trkpt>
      <trkpt lat="33.3059670869261" lon="130.31412695534527">
        <ele>11.4</ele>
      </trkpt>
      <trkpt lat="33.30595049075782" lon="130.31416467390954">
        <ele>11.6</ele>
      </trkpt>
      <trkpt lat="33.30592442303896" lon="130.3142065834254">
        <ele>11.6</ele>
      </trkpt>
      <trkpt lat="33.30590581521392" lon="130.3142441343516">
        <ele>11.6</ele>
      </trkpt>
      <trkpt lat="33.30588402226567" lon="130.31428604386747">
        <ele>11.8</ele>
      </trkpt>
      <trkpt lat="33.305869018658996" lon="130.31432384625077">
        <ele>11.8</ele>
      </trkpt>
      <trkpt lat="33.30584035255015" lon="130.3143661748618">
        <ele>11.6</ele>
      </trkpt>
      <trkpt lat="33.305824007838964" lon="130.31440204940736">
        <ele>11.6</ele>
      </trkpt>
      <trkpt lat="33.3058032207191" lon="130.3144457191229">
        <ele>11.6</ele>
      </trkpt>
      <trkpt lat="33.30578310415149" lon="130.31448360532522">
        <ele>11.6</ele>
      </trkpt>
      <trkpt lat="33.305754605680704" lon="130.31452677212656">
        <ele>11.6</ele>
      </trkpt>
      <trkpt lat="33.30573683604598" lon="130.3145644068718">
        <ele>11.6</ele>
      </trkpt>
      <trkpt lat="33.30570959486067" lon="130.31460832804441">
        <ele>11.6</ele>
      </trkpt>
      <trkpt lat="33.30568939447403" lon="130.31464587897062">
        <ele>11.6</ele>
      </trkpt>
      <trkpt lat="33.30566751770675" lon="130.31468451954424">
        <ele>11.6</ele>
      </trkpt>
      <trkpt lat="33.305651592090726" lon="130.31472106464207">
        <ele>11.6</ele>
      </trkpt>
      <trkpt lat="33.30562929622829" lon="130.31476414762437">
        <ele>11.6</ele>
      </trkpt>
      <trkpt lat="33.30560993403196" lon="130.31480580568314">
        <ele>11.6</ele>
      </trkpt>
      <trkpt lat="33.30558529123664" lon="130.31485056504607">
        <ele>11.6</ele>
      </trkpt>
      <trkpt lat="33.30556274391711" lon="130.31489063054323">
        <ele>11.2</ele>
      </trkpt>
      <trkpt lat="33.305537765845656" lon="130.31493295915425">
        <ele>11.2</ele>
      </trkpt>
      <trkpt lat="33.30552024766803" lon="130.314977215603">
        <ele>11.2</ele>
      </trkpt>
      <trkpt lat="33.30549510195851" lon="130.31502021476626">
        <ele>11.2</ele>
      </trkpt>
      <trkpt lat="33.30547481775284" lon="130.3150596935302">
        <ele>11.2</ele>
      </trkpt>
      <trkpt lat="33.30545503646135" lon="130.31510210596025">
        <ele>11.4</ele>
      </trkpt>
      <trkpt lat="33.30543592572212" lon="130.3151447698474">
        <ele>11.4</ele>
      </trkpt>
      <trkpt lat="33.3054112829268" lon="130.31518475152552">
        <ele>11.6</ele>
      </trkpt>
      <trkpt lat="33.305391082540154" lon="130.31522816978395">
        <ele>11.6</ele>
      </trkpt>
      <trkpt lat="33.305368116125464" lon="130.3152684867382">
        <ele>11.6</ele>
      </trkpt>
      <trkpt lat="33.3053489215672" lon="130.3153104800731">
        <ele>11.6</ele>
      </trkpt>
      <trkpt lat="33.3053264580667" lon="130.31535163521767">
        <ele>11.6</ele>
      </trkpt>
      <trkpt lat="33.30530600622296" lon="130.3153942991048">
        <ele>11.6</ele>
      </trkpt>
      <trkpt lat="33.3052815310657" lon="130.3154339455068">
        <ele>11.6</ele>
      </trkpt>
      <trkpt lat="33.30526200123131" lon="130.31547417864203">
        <ele>11.6</ele>
      </trkpt>
      <trkpt lat="33.30523693934083" lon="130.31551491469145">
        <ele>11.6</ele>
      </trkpt>
      <trkpt lat="33.30521824769676" lon="130.3155594225973">
        <ele>11.6</ele>
      </trkpt>
      <trkpt lat="33.30519494600594" lon="130.31559923663735">
        <ele>11.6</ele>
      </trkpt>
      <trkpt lat="33.305176589637995" lon="130.31564424745739">
        <ele>11.6</ele>
      </trkpt>
      <trkpt lat="33.30515865236521" lon="130.3156886715442">
        <ele>11.8</ele>
      </trkpt>
      <trkpt lat="33.30513786524534" lon="130.3157325927168">
        <ele>11.6</ele>
      </trkpt>
      <trkpt lat="33.305118419229984" lon="130.31576989218593">
        <ele>11.8</ele>
      </trkpt>
      <trkpt lat="33.30509637482464" lon="130.31581934541464">
        <ele>11.8</ele>
      </trkpt>
      <trkpt lat="33.305075922980905" lon="130.31586091965437">
        <ele>11.6</ele>
      </trkpt>
      <trkpt lat="33.30505161546171" lon="130.31590417027473">
        <ele>11.6</ele>
      </trkpt>
      <trkpt lat="33.305041305720806" lon="130.31594364903867">
        <ele>11.4</ele>
      </trkpt>
      <trkpt lat="33.305020770058036" lon="130.31598723493516">
        <ele>11.2</ele>
      </trkpt>
      <trkpt lat="33.30500568263233" lon="130.31602528877556">
        <ele>11.2</ele>
      </trkpt>
      <trkpt lat="33.30498296767473" lon="130.31606988050044">
        <ele>11.2</ele>
      </trkpt>
      <trkpt lat="33.304967964068055" lon="130.31610717996955">
        <ele>11.2</ele>
      </trkpt>
      <trkpt lat="33.30494290217757" lon="130.31615529209375">
        <ele>11.4</ele>
      </trkpt>
      <trkpt lat="33.304926389828324" lon="130.31619284301996">
        <ele>11.4</ele>
      </trkpt>
      <trkpt lat="33.30490426160395" lon="130.31623802147806">
        <ele>11.4</ele>
      </trkpt>
      <trkpt lat="33.3048861566931" lon="130.31627624295652">
        <ele>11.4</ele>
      </trkpt>
      <trkpt lat="33.30486218445003" lon="130.31632812693715">
        <ele>11.4</ele>
      </trkpt>
      <trkpt lat="33.304851120337844" lon="130.31636542640626">
        <ele>11.4</ele>
      </trkpt>
      <trkpt lat="33.30482396297157" lon="130.31640926375985">
        <ele>11.6</ele>
      </trkpt>
      <trkpt lat="33.30480652861297" lon="130.3164453059435">
        <ele>11.4</ele>
      </trkpt>
      <trkpt lat="33.304782221093774" lon="130.31648771837354">
        <ele>11.4</ele>
      </trkpt>
      <trkpt lat="33.30476554110646" lon="130.31652493402362">
        <ele>11.4</ele>
      </trkpt>
      <trkpt lat="33.304735869169235" lon="130.31657128594816">
        <ele>11.4</ele>
      </trkpt>
      <trkpt lat="33.304717848077416" lon="130.31661126762629">
        <ele>11.2</ele>
      </trkpt>
      <trkpt lat="33.3046911098063" lon="130.31665812246501">
        <ele>11.2</ele>
      </trkpt>
      <trkpt lat="33.304671328514814" lon="130.31669768504798">
        <ele>11.2</ele>
      </trkpt>
      <trkpt lat="33.30464140512049" lon="130.31674286350608">
        <ele>11.2</ele>
      </trkpt>
      <trkpt lat="33.30462355166674" lon="130.3167825937271">
        <ele>11.2</ele>
      </trkpt>
      <trkpt lat="33.30459337681532" lon="130.3168309573084">
        <ele>11.2</ele>
      </trkpt>
      <trkpt lat="33.304574601352215" lon="130.31687077134848">
        <ele>11.2</ele>
      </trkpt>
      <trkpt lat="33.304545264691114" lon="130.31691963784397">
        <ele>11.4</ele>
      </trkpt>
      <trkpt lat="33.3045253995806" lon="130.31695878133178">
        <ele>11.4</ele>
      </trkpt>
      <trkpt lat="33.30450000241399" lon="130.31700463034213">
        <ele>11.4</ele>
      </trkpt>
      <trkpt lat="33.304481813684106" lon="130.31704327091575">
        <ele>11.4</ele>
      </trkpt>
      <trkpt lat="33.30445524305105" lon="130.31708870083094">
        <ele>11.4</ele>
      </trkpt>
      <trkpt lat="33.304435377940536" lon="130.31712683849037">
        <ele>11.4</ele>
      </trkpt>
      <trkpt lat="33.30440788529813" lon="130.31717126257718">
        <ele>11.4</ele>
      </trkpt>
      <trkpt lat="33.30439271405339" lon="130.31720705330372">
        <ele>11.4</ele>
      </trkpt>
      <trkpt lat="33.304364047944546" lon="130.31725122593343">
        <ele>11.4</ele>
      </trkpt>
      <trkpt lat="33.30434820614755" lon="130.31728802248836">
        <ele>11.4</ele>
      </trkpt>
      <trkpt lat="33.30432557500899" lon="130.3173343744129">
        <ele>11.4</ele>
      </trkpt>
      <trkpt lat="33.304310319945216" lon="130.31737393699586">
        <ele>11.4</ele>
      </trkpt>
      <trkpt lat="33.304284838959575" lon="130.31742112711072">
        <ele>11.4</ele>
      </trkpt>
      <trkpt lat="33.30426589585841" lon="130.31746110878885">
        <ele>11.4</ele>
      </trkpt>
      <trkpt lat="33.30423949286342" lon="130.31750838272274">
        <ele>11.4</ele>
      </trkpt>
      <trkpt lat="33.304223231971264" lon="130.31754668802023">
        <ele>11.4</ele>
      </trkpt>
      <trkpt lat="33.30419951118529" lon="130.31759278848767">
        <ele>11.4</ele>
      </trkpt>
      <trkpt lat="33.30418048426509" lon="130.31763059087098">
        <ele>11.2</ele>
      </trkpt>
      <trkpt lat="33.30415399745107" lon="130.3176758531481">
        <ele>11.2</ele>
      </trkpt>
      <trkpt lat="33.30413597635925" lon="130.31771474517882">
        <ele>11.2</ele>
      </trkpt>
      <trkpt lat="33.30411326140165" lon="130.3177588339895">
        <ele>11.2</ele>
      </trkpt>
      <trkpt lat="33.30409549176693" lon="130.31779655255377">
        <ele>11.4</ele>
      </trkpt>
      <trkpt lat="33.30407897941768" lon="130.31784458085895">
        <ele>11.4</ele>
      </trkpt>
      <trkpt lat="33.304065987467766" lon="130.31788263469934">
        <ele>11.6</ele>
      </trkpt>
      <trkpt lat="33.30404654145241" lon="130.31792353838682">
        <ele>11.6</ele>
      </trkpt>
      <trkpt lat="33.30402902327478" lon="130.31796067021787">
        <ele>11.6</ele>
      </trkpt>
      <trkpt lat="33.30400689505041" lon="130.31800534576178">
        <ele>11.8</ele>
      </trkpt>
      <trkpt lat="33.30398979596794" lon="130.3180423937738">
        <ele>11.6</ele>
      </trkpt>
      <trkpt lat="33.30396515317261" lon="130.31808455474675">
        <ele>11.6</ele>
      </trkpt>
      <trkpt lat="33.303946712985635" lon="130.318116908893">
        <ele>11.6</ele>
      </trkpt>
      <trkpt lat="33.30392240546644" lon="130.31816435046494">
        <ele>11.6</ele>
      </trkpt>
      <trkpt lat="33.303904216736555" lon="130.31819854862988">
        <ele>11.6</ele>
      </trkpt>
      <trkpt lat="33.30387999303639" lon="130.31824255362153">
        <ele>11.4</ele>
      </trkpt>
      <trkpt lat="33.30385803245008" lon="130.31828169710934">
        <ele>11.2</ele>
      </trkpt>
      <trkpt lat="33.3038345631212" lon="130.3183288872242">
        <ele>11.2</ele>
      </trkpt>
      <trkpt lat="33.3038171287626" lon="130.31837272457778">
        <ele>11.2</ele>
      </trkpt>
      <trkpt lat="33.30380271188915" lon="130.3184203337878">
        <ele>11.2</ele>
      </trkpt>
      <trkpt lat="33.30379189923406" lon="130.31845956109464">
        <ele>11.2</ele>
      </trkpt>
      <trkpt lat="33.30378293059766" lon="130.31850792467594">
        <ele>11.2</ele>
      </trkpt>
      <trkpt lat="33.303767843171954" lon="130.3185484930873">
        <ele>11.2</ele>
      </trkpt>
      <trkpt lat="33.30375434830785" lon="130.31859903596342">
        <ele>11.2</ele>
      </trkpt>
      <trkpt lat="33.30374554730952" lon="130.31864488497376">
        <ele>11.0</ele>
      </trkpt>
      <trkpt lat="33.303736662492156" lon="130.31869341619313">
        <ele>11.0</ele>
      </trkpt>
      <trkpt lat="33.30372123979032" lon="130.3187393490225">
        <ele>11.0</ele>
      </trkpt>
      <trkpt lat="33.30370808020234" lon="130.31878729350865">
        <ele>11.0</ele>
      </trkpt>
      <trkpt lat="33.30369349569082" lon="130.31883347779512">
        <ele>11.0</ele>
      </trkpt>
      <trkpt lat="33.30368176102638" lon="130.31887982971966">
        <ele>11.0</ele>
      </trkpt>
      <trkpt lat="33.30366709269583" lon="130.31892676837742">
        <ele>11.0</ele>
      </trkpt>
      <trkpt lat="33.30365628004074" lon="130.31897068955004">
        <ele>11.0</ele>
      </trkpt>
      <trkpt lat="33.3036427013576" lon="130.31901679001749">
        <ele>11.0</ele>
      </trkpt>
      <trkpt lat="33.303629625588655" lon="130.3190620522946">
        <ele>10.8</ele>
      </trkpt>
      <trkpt lat="33.30361747182906" lon="130.31910756602883">
        <ele>10.6</ele>
      </trkpt>
      <trkpt lat="33.30361126922071" lon="130.31915199011564">
        <ele>10.6</ele>
      </trkpt>
      <trkpt lat="33.30360154621303" lon="130.3191968332976">
        <ele>10.6</ele>
      </trkpt>
      <trkpt lat="33.303595930337906" lon="130.31923815608025">
        <ele>10.6</ele>
      </trkpt>
      <trkpt lat="33.3035874646157" lon="130.31928492709994">
        <ele>10.4</ele>
      </trkpt>
      <trkpt lat="33.30358033999801" lon="130.31933295540512">
        <ele>10.4</ele>
      </trkpt>
      <trkpt lat="33.30357380211353" lon="130.31938224099576">
        <ele>10.2</ele>
      </trkpt>
      <trkpt lat="33.30356969498098" lon="130.31943102367222">
        <ele>10.2</ele>
      </trkpt>
      <trkpt lat="33.3035599719733" lon="130.3194751124829">
        <ele>10.2</ele>
      </trkpt>
      <trkpt lat="33.30355251207948" lon="130.31952146440744">
        <ele>10.2</ele>
      </trkpt>
      <trkpt lat="33.30354521982372" lon="130.31956613995135">
        <ele>10.2</ele>
      </trkpt>
      <trkpt lat="33.30354052595794" lon="130.31961819157004">
        <ele>10.2</ele>
      </trkpt>
      <trkpt lat="33.303537676110864" lon="130.3196635376662">
        <ele>10.2</ele>
      </trkpt>
      <trkpt lat="33.30353650264442" lon="130.31971517018974">
        <ele>10.4</ele>
      </trkpt>
      <trkpt lat="33.30353415571153" lon="130.3197600133717">
        <ele>10.4</ele>
      </trkpt>
      <trkpt lat="33.303534742444754" lon="130.3198102209717">
        <ele>10.4</ele>
      </trkpt>
      <trkpt lat="33.303534323349595" lon="130.3198553994298">
        <ele>10.4</ele>
      </trkpt>
      <trkpt lat="33.303533317521214" lon="130.31990418210626">
        <ele>10.4</ele>
      </trkpt>
      <trkpt lat="33.30353306606412" lon="130.31994936056435">
        <ele>10.4</ele>
      </trkpt>
      <trkpt lat="33.30353465862572" lon="130.31999780796468">
        <ele>10.4</ele>
      </trkpt>
      <trkpt lat="33.303533317521214" lon="130.32004617154598">
        <ele>10.2</ele>
      </trkpt>
      <trkpt lat="33.303533401340246" lon="130.32009076327085">
        <ele>10.2</ele>
      </trkpt>
      <trkpt lat="33.30353155732155" lon="130.32013996504247">
        <ele>10.2</ele>
      </trkpt>
      <trkpt lat="33.30353071913123" lon="130.32018246129155">
        <ele>10.4</ele>
      </trkpt>
      <trkpt lat="33.30352761782706" lon="130.32023107632995">
        <ele>10.2</ele>
      </trkpt>
      <trkpt lat="33.30352912656963" lon="130.32027566805482">
        <ele>10.4</ele>
      </trkpt>
      <trkpt lat="33.30352820456028" lon="130.32032805494964">
        <ele>10.2</ele>
      </trkpt>
      <trkpt lat="33.303529461845756" lon="130.3203704673797">
        <ele>10.4</ele>
      </trkpt>
      <trkpt lat="33.30352543853223" lon="130.32041799277067">
        <ele>10.4</ele>
      </trkpt>
      <trkpt lat="33.30352627672255" lon="130.32045914791524">
        <ele>10.4</ele>
      </trkpt>
      <trkpt lat="33.303521163761616" lon="130.32050809822977">
        <ele>10.4</ele>
      </trkpt>
      <trkpt lat="33.30352242104709" lon="130.3205491695553">
        <ele>10.6</ele>
      </trkpt>
      <trkpt lat="33.30351990647614" lon="130.3206009697169">
        <ele>10.6</ele>
      </trkpt>
      <trkpt lat="33.3035219181329" lon="130.32064254395664">
        <ele>10.6</ele>
      </trkpt>
      <trkpt lat="33.303518733009696" lon="130.32069283537567">
        <ele>10.8</ele>
      </trkpt>
      <trkpt lat="33.30351831391454" lon="130.32073155976832">
        <ele>10.8</ele>
      </trkpt>
      <trkpt lat="33.30351755954325" lon="130.32077942043543">
        <ele>10.8</ele>
      </trkpt>
      <trkpt lat="33.303522169589996" lon="130.3208192344755">
        <ele>10.8</ele>
      </trkpt>
      <trkpt lat="33.303517727181315" lon="130.32087254337966">
        <ele>10.8</ele>
      </trkpt>
      <trkpt lat="33.30351797863841" lon="130.32091101631522">
        <ele>10.8</ele>
      </trkpt>
      <trkpt lat="33.303515799343586" lon="130.32096181064844">
        <ele>10.8</ele>
      </trkpt>
      <trkpt lat="33.30351806245744" lon="130.32099961303174">
        <ele>10.8</ele>
      </trkpt>
      <trkpt lat="33.303513284772635" lon="130.32105250284076">
        <ele>10.8</ele>
      </trkpt>
      <trkpt lat="33.30351202748716" lon="130.32109483145177">
        <ele>10.8</ele>
      </trkpt>
      <trkpt lat="33.30350850708783" lon="130.32114629633725">
        <ele>10.8</ele>
      </trkpt>
      <trkpt lat="33.303512278944254" lon="130.3211866132915">
        <ele>10.8</ele>
      </trkpt>
      <trkpt lat="33.30351253040135" lon="130.32123799435794">
        <ele>10.8</ele>
      </trkpt>
      <trkpt lat="33.303512278944254" lon="130.32127948477864">
        <ele>10.8</ele>
      </trkpt>
      <trkpt lat="33.303511859849095" lon="130.32133296132088">
        <ele>10.8</ele>
      </trkpt>
      <trkpt lat="33.303508004173636" lon="130.3213787265122">
        <ele>10.8</ele>
      </trkpt>
      <trkpt lat="33.30350808799267" lon="130.32143035903573">
        <ele>10.8</ele>
      </trkpt>
      <trkpt lat="33.303506998345256" lon="130.32147252000868">
        <ele>10.8</ele>
      </trkpt>
      <trkpt lat="33.30351261422038" lon="130.32152239233255">
        <ele>10.8</ele>
      </trkpt>
      <trkpt lat="33.30350926145911" lon="130.32156522385776">
        <ele>10.8</ele>
      </trkpt>
      <trkpt lat="33.30350875854492" lon="130.3216155152768">
        <ele>10.8</ele>
      </trkpt>
      <trkpt lat="33.303509848192334" lon="130.32166010700166">
        <ele>10.8</ele>
      </trkpt>
      <trkpt lat="33.30351202748716" lon="130.32170972786844">
        <ele>10.8</ele>
      </trkpt>
      <trkpt lat="33.30350951291621" lon="130.321753481403">
        <ele>10.6</ele>
      </trkpt>
      <trkpt lat="33.30350565724075" lon="130.321803689003">
        <ele>10.6</ele>
      </trkpt>
      <trkpt lat="33.30350046046078" lon="130.3218518011272">
        <ele>10.6</ele>
      </trkpt>
      <trkpt lat="33.30350263975561" lon="130.32190008088946">
        <ele>10.6</ele>
      </trkpt>
      <trkpt lat="33.303506327793" lon="130.3219361230731">
        <ele>10.6</ele>
      </trkpt>
      <trkpt lat="33.30351412296295" lon="130.3219855763018">
        <ele>10.6</ele>
      </trkpt>
      <trkpt lat="33.30350917764008" lon="130.32203117385507">
        <ele>10.6</ele>
      </trkpt>
      <trkpt lat="33.30351102165878" lon="130.32207978889346">
        <ele>10.8</ele>
      </trkpt>
      <trkpt lat="33.30351563170552" lon="130.32212169840932">
        <ele>10.8</ele>
      </trkpt>
      <trkpt lat="33.303519152104855" lon="130.3221724089235">
        <ele>10.8</ele>
      </trkpt>
      <trkpt lat="33.30351957120001" lon="130.3222194314003">
        <ele>11.0</ele>
      </trkpt>
      <trkpt lat="33.30352275632322" lon="130.32226880080998">
        <ele>11.0</ele>
      </trkpt>
      <trkpt lat="33.3035203255713" lon="130.32232034951448">
        <ele>11.0</ele>
      </trkpt>
      <trkpt lat="33.30352183431387" lon="130.3223700542003">
        <ele>10.8</ele>
      </trkpt>
      <trkpt lat="33.303524013608694" lon="130.32241414301097">
        <ele>10.8</ele>
      </trkpt>
      <trkpt lat="33.3035237621516" lon="130.32246267423034">
        <ele>10.8</ele>
      </trkpt>
      <trkpt lat="33.30352594144642" lon="130.32250927761197">
        <ele>10.8</ele>
      </trkpt>
      <trkpt lat="33.30352962948382" lon="130.3225577250123">
        <ele>10.8</ele>
      </trkpt>
      <trkpt lat="33.303528456017375" lon="130.32260273583233">
        <ele>10.8</ele>
      </trkpt>
      <trkpt lat="33.30353449098766" lon="130.32265093177557">
        <ele>10.8</ele>
      </trkpt>
      <trkpt lat="33.303536335006356" lon="130.32270030118525">
        <ele>10.8</ele>
      </trkpt>
      <trkpt lat="33.30353516153991" lon="130.32275218516588">
        <ele>10.8</ele>
      </trkpt>
      <trkpt lat="33.30353465862572" lon="130.32280390150845">
        <ele>10.8</ele>
      </trkpt>
      <trkpt lat="33.303535748273134" lon="130.32285117544234">
        <ele>10.8</ele>
      </trkpt>
      <trkpt lat="33.30353423953056" lon="130.32290096394718">
        <ele>10.8</ele>
      </trkpt>
      <trkpt lat="33.30353784374893" lon="130.32294404692948">
        <ele>10.8</ele>
      </trkpt>
      <trkpt lat="33.303535245358944" lon="130.3229943383485">
        <ele>10.6</ele>
      </trkpt>
      <trkpt lat="33.303536251187325" lon="130.32303893007338">
        <ele>10.6</ele>
      </trkpt>
      <trkpt lat="33.303533401340246" lon="130.32309047877789">
        <ele>10.6</ele>
      </trkpt>
      <trkpt lat="33.30353658646345" lon="130.32313431613147">
        <ele>10.6</ele>
      </trkpt>
      <trkpt lat="33.30353608354926" lon="130.32318318262696">
        <ele>10.6</ele>
      </trkpt>
      <trkpt lat="33.30353734083474" lon="130.32322911545634">
        <ele>10.6</ele>
      </trkpt>
      <trkpt lat="33.303535748273134" lon="130.32328074797988">
        <ele>10.6</ele>
      </trkpt>
      <trkpt lat="33.303535245358944" lon="130.32332324422896">
        <ele>10.6</ele>
      </trkpt>
      <trkpt lat="33.30353113822639" lon="130.32337521202862">
        <ele>10.4</ele>
      </trkpt>
      <trkpt lat="33.30353021621704" lon="130.3234200552106">
        <ele>10.4</ele>
      </trkpt>
      <trkpt lat="33.30353423953056" lon="130.32347235828638">
        <ele>10.4</ele>
      </trkpt>
      <trkpt lat="33.30354010686278" lon="130.32351845875382">
        <ele>10.4</ele>
      </trkpt>
      <trkpt lat="33.30353893339634" lon="130.32356958836317">
        <ele>10.4</ele>
      </trkpt>
      <trkpt lat="33.303543627262115" lon="130.32361451536417">
        <ele>10.4</ele>
      </trkpt>
      <trkpt lat="33.30353893339634" lon="130.32366841100156">
        <ele>10.2</ele>
      </trkpt>
      <trkpt lat="33.303536251187325" lon="130.32370956614614">
        <ele>10.2</ele>
      </trkpt>
      <trkpt lat="33.30353214405477" lon="130.3237562533468">
        <ele>10.2</ele>
      </trkpt>
      <trkpt lat="33.30353273078799" lon="130.3238027729094">
        <ele>10.4</ele>
      </trkpt>
      <trkpt lat="33.303529964759946" lon="130.32385474070907">
        <ele>10.2</ele>
      </trkpt>
      <trkpt lat="33.30353147350252" lon="130.32390193082392">
        <ele>10.4</ele>
      </trkpt>
      <trkpt lat="33.30353113822639" lon="130.3239510487765">
        <ele>10.4</ele>
      </trkpt>
      <trkpt lat="33.303533401340246" lon="130.32400184310973">
        <ele>10.4</ele>
      </trkpt>
      <trkpt lat="33.30353256314993" lon="130.32405070960522">
        <ele>10.4</ele>
      </trkpt>
      <trkpt lat="33.30353541299701" lon="130.3240947984159">
        <ele>10.6</ele>
      </trkpt>
      <trkpt lat="33.30353558063507" lon="130.32414349727333">
        <ele>10.6</ele>
      </trkpt>
      <trkpt lat="33.30353901721537" lon="130.32419035211205">
        <ele>10.6</ele>
      </trkpt>
      <trkpt lat="33.30353708937764" lon="130.32423762604594">
        <ele>10.6</ele>
      </trkpt>
      <trkpt lat="33.30353952012956" lon="130.32428682781756">
        <ele>10.8</ele>
      </trkpt>
      <trkpt lat="33.30354086123407" lon="130.32433074899018">
        <ele>10.8</ele>
      </trkpt>
      <trkpt lat="33.303542621433735" lon="130.32438238151371">
        <ele>10.8</ele>
      </trkpt>
      <trkpt lat="33.303546058014035" lon="130.32443049363792">
        <ele>10.8</ele>
      </trkpt>
      <trkpt lat="33.30354681238532" lon="130.32448422163725">
        <ele>10.6</ele>
      </trkpt>
      <trkpt lat="33.30354203470051" lon="130.3245305735618">
        <ele>10.6</ele>
      </trkpt>
      <trkpt lat="33.303541112691164" lon="130.3245834633708">
        <ele>10.6</ele>
      </trkpt>
      <trkpt lat="33.30353834666312" lon="130.32463115639985">
        <ele>10.6</ele>
      </trkpt>
      <trkpt lat="33.303536251187325" lon="130.32468429766595">
        <ele>10.6</ele>
      </trkpt>
      <trkpt lat="33.30353843048215" lon="130.324726710096">
        <ele>10.6</ele>
      </trkpt>
      <trkpt lat="33.303545974195" lon="130.3247745707631">
        <ele>10.6</ele>
      </trkpt>
      <trkpt lat="33.30354664474726" lon="130.32481748610735">
        <ele>10.6</ele>
      </trkpt>
      <trkpt lat="33.30354563891888" lon="130.32486501149833">
        <ele>10.8</ele>
      </trkpt>
      <trkpt lat="33.30354580655694" lon="130.32490499317646">
        <ele>10.8</ele>
      </trkpt>
      <trkpt lat="33.303544549271464" lon="130.3249534405768">
        <ele>10.8</ele>
      </trkpt>
      <trkpt lat="33.30354153178632" lon="130.32499954104424">
        <ele>10.8</ele>
      </trkpt>
      <trkpt lat="33.303544130176306" lon="130.32504974864423">
        <ele>10.8</ele>
      </trkpt>
      <trkpt lat="33.30354102887213" lon="130.32509702257812">
        <ele>10.8</ele>
      </trkpt>
      <trkpt lat="33.30354521982372" lon="130.3251458890736">
        <ele>10.8</ele>
      </trkpt>
      <trkpt lat="33.303542621433735" lon="130.3251984436065">
        <ele>10.6</ele>
      </trkpt>
      <trkpt lat="33.303546058014035" lon="130.32524806447327">
        <ele>10.6</ele>
      </trkpt>
      <trkpt lat="33.30354630947113" lon="130.32529567368329">
        <ele>10.6</ele>
      </trkpt>
      <trkpt lat="33.303548488765955" lon="130.32534152269363">
        <ele>10.6</ele>
      </trkpt>
      <trkpt lat="33.30355133861303" lon="130.32538812607527">
        <ele>10.8</ele>
      </trkpt>
      <trkpt lat="33.30355393700302" lon="130.32543741166592">
        <ele>10.8</ele>
      </trkpt>
      <trkpt lat="33.30355745740235" lon="130.32548611052334">
        <ele>10.6</ele>
      </trkpt>
      <trkpt lat="33.30356349237263" lon="130.32552743330598">
        <ele>10.6</ele>
      </trkpt>
      <trkpt lat="33.30356148071587" lon="130.32557537779212">
        <ele>10.6</ele>
      </trkpt>
      <trkpt lat="33.30356433056295" lon="130.32562122680247">
        <ele>10.6</ele>
      </trkpt>
      <trkpt lat="33.303567096590996" lon="130.32567009329796">
        <ele>10.6</ele>
      </trkpt>
      <trkpt lat="33.30357355065644" lon="130.3257093206048">
        <ele>10.6</ele>
      </trkpt>
      <trkpt lat="33.30357816070318" lon="130.32576045021415">
        <ele>10.6</ele>
      </trkpt>
      <trkpt lat="33.30357547849417" lon="130.3258115798235">
        <ele>10.6</ele>
      </trkpt>
      <trkpt lat="33.30357464030385" lon="130.32586145214736">
        <ele>10.6</ele>
      </trkpt>
      <trkpt lat="33.30357749015093" lon="130.3259025234729">
        <ele>10.6</ele>
      </trkpt>
      <trkpt lat="33.30357765778899" lon="130.32595055177808">
        <ele>10.6</ele>
      </trkpt>
      <trkpt lat="33.30358260311186" lon="130.3259868454188">
        <ele>10.6</ele>
      </trkpt>
      <trkpt lat="33.303580759093165" lon="130.32604065723717">
        <ele>10.6</ele>
      </trkpt>
      <trkpt lat="33.30358478240669" lon="130.3260870091617">
        <ele>10.6</ele>
      </trkpt>
      <trkpt lat="33.30358486622572" lon="130.32614216208458">
        <ele>10.6</ele>
      </trkpt>
      <trkpt lat="33.3035874646157" lon="130.32618390396237">
        <ele>10.4</ele>
      </trkpt>
      <trkpt lat="33.303592912852764" lon="130.32623511739075">
        <ele>10.6</ele>
      </trkpt>
      <trkpt lat="33.30359760671854" lon="130.32627853564918">
        <ele>10.6</ele>
      </trkpt>
      <trkpt lat="33.30360498279333" lon="130.326330922544">
        <ele>10.6</ele>
      </trkpt>
      <trkpt lat="33.303611520677805" lon="130.32636864110827">
        <ele>10.6</ele>
      </trkpt>
      <trkpt lat="33.30361604690552" lon="130.32641985453665">
        <ele>10.6</ele>
      </trkpt>
      <trkpt lat="33.303619315847754" lon="130.32645966857672">
        <ele>10.6</ele>
      </trkpt>
      <trkpt lat="33.30361755564809" lon="130.32651322893798">
        <ele>10.6</ele>
      </trkpt>
      <trkpt lat="33.303618393838406" lon="130.32655455172062">
        <ele>10.6</ele>
      </trkpt>
      <trkpt lat="33.30361663363874" lon="130.32660886645317">
        <ele>10.6</ele>
      </trkpt>
      <trkpt lat="33.303619399666786" lon="130.3266515303403">
        <ele>10.6</ele>
      </trkpt>
      <trkpt lat="33.30361696891487" lon="130.32670928165317">
        <ele>10.8</ele>
      </trkpt>
      <trkpt lat="33.303621746599674" lon="130.3267513588071">
        <ele>10.8</ele>
      </trkpt>
      <trkpt lat="33.30362535081804" lon="130.32680508680642">
        <ele>10.8</ele>
      </trkpt>
      <trkpt lat="33.30362836830318" lon="130.32684699632227">
        <ele>10.8</ele>
      </trkpt>
      <trkpt lat="33.30363331362605" lon="130.3269030712545">
        <ele>10.8</ele>
      </trkpt>
      <trkpt lat="33.30363557673991" lon="130.326944058761">
        <ele>10.8</ele>
      </trkpt>
      <trkpt lat="33.303638929501176" lon="130.3269972000271">
        <ele>10.8</ele>
      </trkpt>
      <trkpt lat="33.30364345572889" lon="130.32703458331525">
        <ele>10.8</ele>
      </trkpt>
      <trkpt lat="33.30365041270852" lon="130.32708822749555">
        <ele>10.8</ele>
      </trkpt>
      <trkpt lat="33.303654519841075" lon="130.32712385058403">
        <ele>10.6</ele>
      </trkpt>
      <trkpt lat="33.3036601357162" lon="130.32717866823077">
        <ele>10.6</ele>
      </trkpt>
      <trkpt lat="33.30366709269583" lon="130.32721605151892">
        <ele>10.6</ele>
      </trkpt>
      <trkpt lat="33.30367790535092" lon="130.3272701986134">
        <ele>10.4</ele>
      </trkpt>
      <trkpt lat="33.30368938855827" lon="130.32730766572058">
        <ele>10.4</ele>
      </trkpt>
      <trkpt lat="33.30369986593723" lon="130.3273603040725">
        <ele>10.4</ele>
      </trkpt>
      <trkpt lat="33.30370330251753" lon="130.3274031355977">
        <ele>10.4</ele>
      </trkpt>
      <trkpt lat="33.303711684420705" lon="130.32745342701674">
        <ele>10.2</ele>
      </trkpt>
      <trkpt lat="33.30371922813356" lon="130.3274932410568">
        <ele>10.2</ele>
      </trkpt>
      <trkpt lat="33.303729705512524" lon="130.32754227519035">
        <ele>10.2</ele>
      </trkpt>
      <trkpt lat="33.30373833887279" lon="130.3275799099356">
        <ele>10.2</ele>
      </trkpt>
      <trkpt lat="33.30375149846077" lon="130.32762575894594">
        <ele>10.4</ele>
      </trkpt>
      <trkpt lat="33.30375694669783" lon="130.32766909338534">
        <ele>10.4</ele>
      </trkpt>
      <trkpt lat="33.30376809462905" lon="130.32771376892924">
        <ele>10.4</ele>
      </trkpt>
      <trkpt lat="33.30377463251352" lon="130.32775844447315">
        <ele>10.6</ele>
      </trkpt>
      <trkpt lat="33.30378125421703" lon="130.32780622132123">
        <ele>10.6</ele>
      </trkpt>
      <trkpt lat="33.30378930084407" lon="130.3278494719416">
        <ele>10.6</ele>
      </trkpt>
      <trkpt lat="33.303800197318196" lon="130.32789582386613">
        <ele>10.6</ele>
      </trkpt>
      <trkpt lat="33.30380958504975" lon="130.32793999649584">
        <ele>10.8</ele>
      </trkpt>
      <trkpt lat="33.30382090061903" lon="130.3279866836965">
        <ele>10.6</ele>
      </trkpt>
      <trkpt lat="33.30382735468447" lon="130.32803521491587">
        <ele>10.6</ele>
      </trkpt>
      <trkpt lat="33.303834311664104" lon="130.32808123156428">
        <ele>10.6</ele>
      </trkpt>
      <trkpt lat="33.30384252592921" lon="130.32813236117363">
        <ele>10.6</ele>
      </trkpt>
      <trkpt lat="33.30385300330818" lon="130.32818231731653">
        <ele>10.6</ele>
      </trkpt>
      <trkpt lat="33.303863229230046" lon="130.32823185436428">
        <ele>10.4</ele>
      </trkpt>
      <trkpt lat="33.303870521485806" lon="130.32827879302204">
        <ele>10.4</ele>
      </trkpt>
      <trkpt lat="33.30387907102704" lon="130.32833009026945">
        <ele>10.4</ele>
      </trkpt>
      <trkpt lat="33.303888626396656" lon="130.3283722512424">
        <ele>10.4</ele>
      </trkpt>
      <trkpt lat="33.30389818176627" lon="130.32842312939465">
        <ele>10.4</ele>
      </trkpt>
      <trkpt lat="33.30391176044941" lon="130.32845808193088">
        <ele>10.4</ele>
      </trkpt>
      <trkpt lat="33.30391762778163" lon="130.32850661315024">
        <ele>10.2</ele>
      </trkpt>
      <trkpt lat="33.303930619731545" lon="130.3285480197519">
        <ele>10.2</ele>
      </trkpt>
      <trkpt lat="33.30393950454891" lon="130.32860409468412">
        <ele>10.2</ele>
      </trkpt>
      <trkpt lat="33.30395023338497" lon="130.32864801585674">
        <ele>10.0</ele>
      </trkpt>
      <trkpt lat="33.30395685508847" lon="130.32869763672352">
        <ele>10.0</ele>
      </trkpt>
      <trkpt lat="33.30396490171552" lon="130.3287364449352">
        <ele>10.0</ele>
      </trkpt>
      <trkpt lat="33.30397672019899" lon="130.32878732308745">
        <ele>10.2</ele>
      </trkpt>
      <trkpt lat="33.303987281396985" lon="130.32882587984204">
        <ele>10.2</ele>
      </trkpt>
      <trkpt lat="33.30400153063238" lon="130.32887793146074">
        <ele>10.2</ele>
      </trkpt>
      <trkpt lat="33.30401393584907" lon="130.32891388982534">
        <ele>10.2</ele>
      </trkpt>
      <trkpt lat="33.304031789302826" lon="130.32896786928177">
        <ele>10.2</ele>
      </trkpt>
      <trkpt lat="33.304050732403994" lon="130.32900156453252">
        <ele>10.2</ele>
      </trkpt>
      <trkpt lat="33.304070765152574" lon="130.3290493413806">
        <ele>10.2</ele>
      </trkpt>
      <trkpt lat="33.30408224835992" lon="130.32908521592617">
        <ele>10.2</ele>
      </trkpt>
      <trkpt lat="33.304096665233374" lon="130.32913609407842">
        <ele>10.0</ele>
      </trkpt>
      <trkpt lat="33.30410370603204" lon="130.3291783388704">
        <ele>10.0</ele>
      </trkpt>
      <trkpt lat="33.304120637476444" lon="130.32923156395555">
        <ele>10.0</ele>
      </trkpt>
      <trkpt lat="33.304132875055075" lon="130.329275066033">
        <ele>10.0</ele>
      </trkpt>
      <trkpt lat="33.30414963886142" lon="130.32933088950813">
        <ele>10.0</ele>
      </trkpt>
      <trkpt lat="33.30416112206876" lon="130.32936953008175">
        <ele>10.0</ele>
      </trkpt>
      <trkpt lat="33.30418299883604" lon="130.32941957004368">
        <ele>10.0</ele>
      </trkpt>
      <trkpt lat="33.304190039634705" lon="130.3294611442834">
        <ele>10.0</ele>
      </trkpt>
      <trkpt lat="33.30420395359397" lon="130.32951168715954">
        <ele>10.0</ele>
      </trkpt>
      <trkpt lat="33.304215939715505" lon="130.32954714260995">
        <ele>10.0</ele>
      </trkpt>
      <trkpt lat="33.30423136241734" lon="130.32960455864668">
        <ele>10.0</ele>
      </trkpt>
      <trkpt lat="33.30424594692886" lon="130.32964244484901">
        <ele>10.0</ele>
      </trkpt>
      <trkpt lat="33.30426396802068" lon="130.3296936582774">
        <ele>10.0</ele>
      </trkpt>
      <trkpt lat="33.30427763052285" lon="130.3297301195562">
        <ele>10.0</ele>
      </trkpt>
      <trkpt lat="33.30429405905306" lon="130.3297800756991">
        <ele>10.0</ele>
      </trkpt>
      <trkpt lat="33.30430654808879" lon="130.32981586642563">
        <ele>10.0</ele>
      </trkpt>
      <trkpt lat="33.30432523973286" lon="130.32986741513014">
        <ele>10.0</ele>
      </trkpt>
      <trkpt lat="33.304337142035365" lon="130.32990806736052">
        <ele>10.2</ele>
      </trkpt>
      <trkpt lat="33.304346445947886" lon="130.32995626330376">
        <ele>10.2</ele>
      </trkpt>
      <trkpt lat="33.30436262302101" lon="130.32999121583998">
        <ele>10.0</ele>
      </trkpt>
      <trkpt lat="33.30437938682735" lon="130.3300390765071">
        <ele>10.2</ele>
      </trkpt>
      <trkpt lat="33.3043924625963" lon="130.33008023165166">
        <ele>10.2</ele>
      </trkpt>
      <trkpt lat="33.30441274680197" lon="130.33013354055583">
        <ele>10.2</ele>
      </trkpt>
      <trkpt lat="33.30442691221833" lon="130.3301765397191">
        <ele>10.2</ele>
      </trkpt>
      <trkpt lat="33.30443655140698" lon="130.33022657968104">
        <ele>10.2</ele>
      </trkpt>
      <trkpt lat="33.30444820225239" lon="130.3302682377398">
        <ele>10.2</ele>
      </trkpt>
      <trkpt lat="33.304468067362905" lon="130.3303186967969">
        <ele>10.2</ele>
      </trkpt>
      <trkpt lat="33.30448038876057" lon="130.33036060631275">
        <ele>10.0</ele>
      </trkpt>
      <trkpt lat="33.30450151115656" lon="130.33041265793145">
        <ele>10.0</ele>
      </trkpt>
      <trkpt lat="33.30451366491616" lon="130.3304553218186">
        <ele>10.0</ele>
      </trkpt>
      <trkpt lat="33.30452950671315" lon="130.33050125464797">
        <ele>10.0</ele>
      </trkpt>
      <trkpt lat="33.30454358831048" lon="130.3305401466787">
        <ele>10.0</ele>
      </trkpt>
      <trkpt lat="33.30455934628844" lon="130.33058834262192">
        <ele>9.8</ele>
      </trkpt>
      <trkpt lat="33.304570745676756" lon="130.33063368871808">
        <ele>9.8</ele>
      </trkpt>
      <trkpt lat="33.30458306707442" lon="130.3306807950139">
        <ele>9.8</ele>
      </trkpt>
      <trkpt lat="33.30459211952984" lon="130.33072505146265">
        <ele>9.8</ele>
      </trkpt>
      <trkpt lat="33.30460603348911" lon="130.33076863735914">
        <ele>9.8</ele>
      </trkpt>
      <trkpt lat="33.304614666849375" lon="130.330815827474">
        <ele>9.8</ele>
      </trkpt>
      <trkpt lat="33.30462673678994" lon="130.33086083829403">
        <ele>9.8</ele>
      </trkpt>
      <trkpt lat="33.30463645979762" lon="130.33090802840889">
        <ele>9.8</ele>
      </trkpt>
      <trkpt lat="33.304650373756886" lon="130.33095396123827">
        <ele>10.0</ele>
      </trkpt>
      <trkpt lat="33.304661102592945" lon="130.33099545165896">
        <ele>10.0</ele>
      </trkpt>
      <trkpt lat="33.304674848914146" lon="130.33104063011706">
        <ele>9.8</ele>
      </trkpt>
      <trkpt lat="33.30468071624637" lon="130.33108429983258">
        <ele>10.0</ele>
      </trkpt>
      <trkpt lat="33.3046892657876" lon="130.33113048411906">
        <ele>10.0</ele>
      </trkpt>
      <trkpt lat="33.304691445082426" lon="130.33117700368166">
        <ele>10.0</ele>
      </trkpt>
      <trkpt lat="33.304699156433344" lon="130.33122620545328">
        <ele>10.0</ele>
      </trkpt>
      <trkpt lat="33.30470200628042" lon="130.3312733117491">
        <ele>10.0</ele>
      </trkpt>
      <trkpt lat="33.304707454517484" lon="130.33132343553007">
        <ele>10.0</ele>
      </trkpt>
      <trkpt lat="33.30470711924136" lon="130.33136995509267">
        <ele>10.0</ele>
      </trkpt>
      <trkpt lat="33.30470569431782" lon="130.33141823485494">
        <ele>10.0</ele>
      </trkpt>
      <trkpt lat="33.304702173918486" lon="130.33146534115076">
        <ele>9.8</ele>
      </trkpt>
      <trkpt lat="33.304696809500456" lon="130.331510938704">
        <ele>9.8</ele>
      </trkpt>
      <trkpt lat="33.30469119362533" lon="130.3315605595708">
        <ele>9.8</ele>
      </trkpt>
      <trkpt lat="33.30469027161598" lon="130.33160699531436">
        <ele>9.8</ele>
      </trkpt>
      <trkpt lat="33.30468247644603" lon="130.33165477216244">
        <ele>9.8</ele>
      </trkpt>
      <trkpt lat="33.304677279666066" lon="130.3317001182586">
        <ele>9.6</ele>
      </trkpt>
      <trkpt lat="33.3046652097255" lon="130.33175418153405">
        <ele>9.6</ele>
      </trkpt>
      <trkpt lat="33.3046583365649" lon="130.3318021260202">
        <ele>9.6</ele>
      </trkpt>
      <trkpt lat="33.30464970320463" lon="130.33185224980116">
        <ele>9.6</ele>
      </trkpt>
      <trkpt lat="33.304642075672746" lon="130.33190120011568">
        <ele>9.6</ele>
      </trkpt>
      <trkpt lat="33.30463050864637" lon="130.33195073716342">
        <ele>9.6</ele>
      </trkpt>
      <trkpt lat="33.30462338402867" lon="130.3319969214499">
        <ele>9.6</ele>
      </trkpt>
      <trkpt lat="33.30460947006941" lon="130.33204335719347">
        <ele>9.6</ele>
      </trkpt>
      <trkpt lat="33.304600501433015" lon="130.33208685927093">
        <ele>9.8</ele>
      </trkpt>
      <trkpt lat="33.30458449199796" lon="130.3321340493858">
        <ele>9.6</ele>
      </trkpt>
      <trkpt lat="33.30457502044737" lon="130.33217864111066">
        <ele>9.6</ele>
      </trkpt>
      <trkpt lat="33.304558508098125" lon="130.3322300221771">
        <ele>9.6</ele>
      </trkpt>
      <trkpt lat="33.30455205403268" lon="130.33227486535907">
        <ele>9.6</ele>
      </trkpt>
      <trkpt lat="33.30454451031983" lon="130.33232004381716">
        <ele>9.6</ele>
      </trkpt>
      <trkpt lat="33.304532608017325" lon="130.33236572518945">
        <ele>9.6</ele>
      </trkpt>
      <trkpt lat="33.304515508934855" lon="130.3324118256569">
        <ele>9.4</ele>
      </trkpt>
      <trkpt lat="33.304506624117494" lon="130.3324575908482">
        <ele>9.6</ele>
      </trkpt>
      <trkpt lat="33.30449463799596" lon="130.33250494860113">
        <ele>9.6</ele>
      </trkpt>
      <trkpt lat="33.30448793247342" lon="130.3325500432402">
        <ele>9.4</ele>
      </trkpt>
      <trkpt lat="33.30447561107576" lon="130.33259756863117">
        <ele>9.4</ele>
      </trkpt>
      <trkpt lat="33.304470498114824" lon="130.33264006488025">
        <ele>9.4</ele>
      </trkpt>
      <trkpt lat="33.304458260536194" lon="130.33268784172833">
        <ele>9.6</ele>
      </trkpt>
      <trkpt lat="33.30444795079529" lon="130.33273419365287">
        <ele>9.6</ele>
      </trkpt>
      <trkpt lat="33.304434875026345" lon="130.33278356306255">
        <ele>9.4</ele>
      </trkpt>
      <trkpt lat="33.30442246980965" lon="130.33282773569226">
        <ele>9.4</ele>
      </trkpt>
      <trkpt lat="33.30440687946975" lon="130.332874590531">
        <ele>9.6</ele>
      </trkpt>
      <trkpt lat="33.304393887519836" lon="130.3329153265804">
        <ele>9.6</ele>
      </trkpt>
      <trkpt lat="33.304378716275096" lon="130.33296494744718">
        <ele>9.4</ele>
      </trkpt>
      <trkpt lat="33.30436706542969" lon="130.3330059349537">
        <ele>9.4</ele>
      </trkpt>
      <trkpt lat="33.30435248091817" lon="130.33305312506855">
        <ele>9.4</ele>
      </trkpt>
      <trkpt lat="33.304343009367585" lon="130.33309352584183">
        <ele>9.4</ele>
      </trkpt>
      <trkpt lat="33.30432716757059" lon="130.33314356580377">
        <ele>9.4</ele>
      </trkpt>
      <trkpt lat="33.30431937240064" lon="130.33318706788123">
        <ele>9.4</ele>
      </trkpt>
      <trkpt lat="33.30430847592652" lon="130.33323811367154">
        <ele>9.2</ele>
      </trkpt>
      <trkpt lat="33.30430017784238" lon="130.33328019082546">
        <ele>9.2</ele>
      </trkpt>
      <trkpt lat="33.30428349785507" lon="130.3333260398358">
        <ele>9.2</ele>
      </trkpt>
      <trkpt lat="33.30427478067577" lon="130.33336887136102">
        <ele>9.2</ele>
      </trkpt>
      <trkpt lat="33.30426656641066" lon="130.3334187436849">
        <ele>9.4</ele>
      </trkpt>
      <trkpt lat="33.30425919033587" lon="130.3334597311914">
        <ele>9.2</ele>
      </trkpt>
      <trkpt lat="33.30424854531884" lon="130.3335112798959">
        <ele>9.2</ele>
      </trkpt>
      <trkpt lat="33.30423873849213" lon="130.33355377614498">
        <ele>9.2</ele>
      </trkpt>
      <trkpt lat="33.30422499217093" lon="130.33360809087753">
        <ele>9.0</ele>
      </trkpt>
      <trkpt lat="33.30421526916325" lon="130.33364966511726">
        <ele>9.0</ele>
      </trkpt>
      <trkpt lat="33.30420169048011" lon="130.33370138145983">
        <ele>9.0</ele>
      </trkpt>
      <trkpt lat="33.304190039634705" lon="130.33374111168087">
        <ele>9.0</ele>
      </trkpt>
      <trkpt lat="33.30417746677995" lon="130.33379148691893">
        <ele>9.0</ele>
      </trkpt>
      <trkpt lat="33.30416481010616" lon="130.33383482135832">
        <ele>9.0</ele>
      </trkpt>
      <trkpt lat="33.30415206961334" lon="130.3338876273483">
        <ele>9.0</ele>
      </trkpt>
      <trkpt lat="33.30414301715791" lon="130.33393003977835">
        <ele>9.0</ele>
      </trkpt>
      <trkpt lat="33.304132455959916" lon="130.33398150466383">
        <ele>9.0</ele>
      </trkpt>
      <trkpt lat="33.30412440933287" lon="130.3340276889503">
        <ele>9.0</ele>
      </trkpt>
      <trkpt lat="33.30411493778229" lon="130.33407169394195">
        <ele>9.0</ele>
      </trkpt>
      <trkpt lat="33.30410077236593" lon="130.33411712385714">
        <ele>9.0</ele>
      </trkpt>
      <trkpt lat="33.30408861860633" lon="130.3341638110578">
        <ele>9.0</ele>
      </trkpt>
      <trkpt lat="33.30408048816025" lon="130.3342058043927">
        <ele>8.8</ele>
      </trkpt>
      <trkpt lat="33.30406724475324" lon="130.3342591971159">
        <ele>8.8</ele>
      </trkpt>
      <trkpt lat="33.30406087450683" lon="130.33429917879403">
        <ele>8.8</ele>
      </trkpt>
      <trkpt lat="33.30404411070049" lon="130.33434913493693">
        <ele>8.8</ele>
      </trkpt>
      <trkpt lat="33.304037069901824" lon="130.3343918826431">
        <ele>8.8</ele>
      </trkpt>
      <trkpt lat="33.304025921970606" lon="130.33444334752858">
        <ele>8.8</ele>
      </trkpt>
      <trkpt lat="33.30401393584907" lon="130.33448098227382">
        <ele>8.8</ele>
      </trkpt>
      <trkpt lat="33.30400010570884" lon="130.33452683128417">
        <ele>8.8</ele>
      </trkpt>
      <trkpt lat="33.30399289727211" lon="130.33456622622907">
        <ele>8.8</ele>
      </trkpt>
      <trkpt lat="33.303979905322194" lon="130.33461693674326">
        <ele>8.8</ele>
      </trkpt>
      <trkpt lat="33.303971188142896" lon="130.3346609417349">
        <ele>8.8</ele>
      </trkpt>
      <trkpt lat="33.303960459306836" lon="130.3347121551633">
        <ele>9.0</ele>
      </trkpt>
      <trkpt lat="33.30395333468914" lon="130.33475590869784">
        <ele>9.0</ele>
      </trkpt>
      <trkpt lat="33.303945288062096" lon="130.33480594865978">
        <ele>8.8</ele>
      </trkpt>
      <trkpt lat="33.3039363194257" lon="130.33484953455627">
        <ele>8.6</ele>
      </trkpt>
      <trkpt lat="33.30392433330417" lon="130.33489789813757">
        <ele>8.4</ele>
      </trkpt>
      <trkpt lat="33.303918382152915" lon="130.33493570052087">
        <ele>8.4</ele>
      </trkpt>
      <trkpt lat="33.30391092225909" lon="130.33498523756862">
        <ele>8.4</ele>
      </trkpt>
      <trkpt lat="33.30390262417495" lon="130.33503033220768">
        <ele>8.4</ele>
      </trkpt>
      <trkpt lat="33.30389357171953" lon="130.33507936634123">
        <ele>8.4</ele>
      </trkpt>
      <trkpt lat="33.30388678237796" lon="130.33512596972287">
        <ele>8.4</ele>
      </trkpt>
      <trkpt lat="33.30387211404741" lon="130.33517659641802">
        <ele>8.4</ele>
      </trkpt>
      <trkpt lat="33.30386431887746" lon="130.3352180030197">
        <ele>8.6</ele>
      </trkpt>
      <trkpt lat="33.30384713597596" lon="130.3352669533342">
        <ele>8.6</ele>
      </trkpt>
      <trkpt lat="33.30384110100567" lon="130.33530668355525">
        <ele>8.6</ele>
      </trkpt>
      <trkpt lat="33.30382911488414" lon="130.33535538241267">
        <ele>8.6</ele>
      </trkpt>
      <trkpt lat="33.3038189727813" lon="130.33539787866175">
        <ele>8.6</ele>
      </trkpt>
      <trkpt lat="33.303807908669114" lon="130.33544431440532">
        <ele>8.6</ele>
      </trkpt>
      <trkpt lat="33.30380229279399" lon="130.33548697829247">
        <ele>8.6</ele>
      </trkpt>
      <trkpt lat="33.30378955230117" lon="130.33554053865373">
        <ele>8.6</ele>
      </trkpt>
      <trkpt lat="33.30378242768347" lon="130.33558278344572">
        <ele>8.6</ele>
      </trkpt>
      <trkpt lat="33.30377312377095" lon="130.33563382923603">
        <ele>8.6</ele>
      </trkpt>
      <trkpt lat="33.30376910045743" lon="130.3356757387519">
        <ele>8.6</ele>
      </trkpt>
      <trkpt lat="33.303761556744576" lon="130.33573055639863">
        <ele>8.6</ele>
      </trkpt>
      <trkpt lat="33.303756611421704" lon="130.33577322028577">
        <ele>8.6</ele>
      </trkpt>
      <trkpt lat="33.30374822951853" lon="130.3358258586377">
        <ele>8.6</ele>
      </trkpt>
      <trkpt lat="33.30374236218631" lon="130.3358697798103">
        <ele>8.6</ele>
      </trkpt>
      <trkpt lat="33.30373741686344" lon="130.33592199906707">
        <ele>8.6</ele>
      </trkpt>
      <trkpt lat="33.30373934470117" lon="130.335964076221">
        <ele>8.6</ele>
      </trkpt>
      <trkpt lat="33.30373683013022" lon="130.33601612783968">
        <ele>8.8</ele>
      </trkpt>
      <trkpt lat="33.30373347736895" lon="130.33605854026973">
        <ele>8.6</ele>
      </trkpt>
      <trkpt lat="33.30372995696962" lon="130.3361123520881">
        <ele>8.6</ele>
      </trkpt>
      <trkpt lat="33.303734650835395" lon="130.33615635707974">
        <ele>8.6</ele>
      </trkpt>
      <trkpt lat="33.3037359919399" lon="130.33620941452682">
        <ele>8.8</ele>
      </trkpt>
      <trkpt lat="33.30373926088214" lon="130.3362508211285">
        <ele>8.6</ele>
      </trkpt>
      <trkpt lat="33.30373976379633" lon="130.33630790188909">
        <ele>8.6</ele>
      </trkpt>
      <trkpt lat="33.303745463490486" lon="130.33634930849075">
        <ele>8.6</ele>
      </trkpt>
      <trkpt lat="33.30374923534691" lon="130.3364017792046">
        <ele>8.6</ele>
      </trkpt>
      <trkpt lat="33.303753677755594" lon="130.3364411741495">
        <ele>8.6</ele>
      </trkpt>
      <trkpt lat="33.30375820398331" lon="130.3364937286824">
        <ele>8.6</ele>
      </trkpt>
      <trkpt lat="33.30375946126878" lon="130.33653806895018">
        <ele>8.4</ele>
      </trkpt>
      <trkpt lat="33.303767843171954" lon="130.3365881089121">
        <ele>8.4</ele>
      </trkpt>
      <trkpt lat="33.30377362668514" lon="130.3366330359131">
        <ele>8.4</ele>
      </trkpt>
      <trkpt lat="33.303780080750585" lon="130.33668181858957">
        <ele>8.4</ele>
      </trkpt>
      <trkpt lat="33.30378519371152" lon="130.3367260750383">
        <ele>8.2</ele>
      </trkpt>
      <trkpt lat="33.30379248596728" lon="130.336775444448">
        <ele>8.2</ele>
      </trkpt>
      <trkpt lat="33.30379550345242" lon="130.33682095818222">
        <ele>8.2</ele>
      </trkpt>
      <trkpt lat="33.30380170606077" lon="130.336867980659">
        <ele>8.2</ele>
      </trkpt>
      <trkpt lat="33.30380589701235" lon="130.33691232092679">
        <ele>8.2</ele>
      </trkpt>
      <trkpt lat="33.30381151288748" lon="130.3369580861181">
        <ele>8.2</ele>
      </trkpt>
      <trkpt lat="33.30381453037262" lon="130.33700519241393">
        <ele>8.2</ele>
      </trkpt>
      <trkpt lat="33.30382123589516" lon="130.33704911358654">
        <ele>8.2</ele>
      </trkpt>
      <trkpt lat="33.303824085742235" lon="130.33709462732077">
        <ele>8.0</ele>
      </trkpt>
      <trkpt lat="33.303829450160265" lon="130.33714089542627">
        <ele>8.0</ele>
      </trkpt>
      <trkpt lat="33.30383020453155" lon="130.33718816936016">
        <ele>8.0</ele>
      </trkpt>
      <trkpt lat="33.303835736587644" lon="130.33722940832376">
        <ele>8.0</ele>
      </trkpt>
      <trkpt lat="33.30383908934891" lon="130.33727676607668">
        <ele>8.0</ele>
      </trkpt>
      <trkpt lat="33.30384772270918" lon="130.3373159095645">
        <ele>8.0</ele>
      </trkpt>
      <trkpt lat="33.30385082401335" lon="130.3373651113361">
        <ele>8.0</ele>
      </trkpt>
      <trkpt lat="33.30385660752654" lon="130.33741121180356">
        <ele>8.0</ele>
      </trkpt>
      <trkpt lat="33.30385987646878" lon="130.33746041357517">
        <ele>8.0</ele>
      </trkpt>
      <trkpt lat="33.30386498942971" lon="130.33750282600522">
        <ele>8.2</ele>
      </trkpt>
      <trkpt lat="33.3038638997823" lon="130.3375540394336">
        <ele>8.2</ele>
      </trkpt>
      <trkpt lat="33.30386825837195" lon="130.33759628422558">
        <ele>8.2</ele>
      </trkpt>
      <trkpt lat="33.30386633053422" lon="130.3376491740346">
        <ele>8.2</ele>
      </trkpt>
      <trkpt lat="33.30387135967612" lon="130.33769502304494">
        <ele>8.2</ele>
      </trkpt>
      <trkpt lat="33.303876304998994" lon="130.33774782903492">
        <ele>8.4</ele>
      </trkpt>
      <trkpt lat="33.303881669417024" lon="130.33779124729335">
        <ele>8.4</ele>
      </trkpt>
      <trkpt lat="33.30388577654958" lon="130.33784321509302">
        <ele>8.4</ele>
      </trkpt>
      <trkpt lat="33.303892062976956" lon="130.33788403496146">
        <ele>8.4</ele>
      </trkpt>
      <trkpt lat="33.303896337747574" lon="130.33793692477047">
        <ele>8.4</ele>
      </trkpt>
      <trkpt lat="33.30390497110784" lon="130.3379784990102">
        <ele>8.4</ele>
      </trkpt>
      <trkpt lat="33.30391326919198" lon="130.33803180791438">
        <ele>8.4</ele>
      </trkpt>
      <trkpt lat="33.30392307601869" lon="130.33807623200119">
        <ele>8.4</ele>
      </trkpt>
      <trkpt lat="33.303934475407004" lon="130.33813012763858">
        <ele>8.2</ele>
      </trkpt>
      <trkpt lat="33.30395149067044" lon="130.338168265298">
        <ele>8.2</ele>
      </trkpt>
      <trkpt lat="33.30396682955325" lon="130.33821755088866">
        <ele>8.2</ele>
      </trkpt>
      <trkpt lat="33.30397923476994" lon="130.3382512461394">
        <ele>8.2</ele>
      </trkpt>
      <trkpt lat="33.30399960279465" lon="130.33830204047263">
        <ele>8.2</ele>
      </trkpt>
      <trkpt lat="33.304003458470106" lon="130.33834093250334">
        <ele>8.2</ele>
      </trkpt>
      <trkpt lat="33.30401846207678" lon="130.33839583396912">
        <ele>8.0</ele>
      </trkpt>
      <trkpt lat="33.30403212457895" lon="130.338432546705">
        <ele>8.0</ele>
      </trkpt>
      <trkpt lat="33.30405442044139" lon="130.3384811617434">
        <ele>8.0</ele>
      </trkpt>
      <trkpt lat="33.30407411791384" lon="130.33851351588964">
        <ele>8.0</ele>
      </trkpt>
      <trkpt lat="33.304097754880786" lon="130.33856539987028">
        <ele>7.8</ele>
      </trkpt>
      <trkpt lat="33.304120218381286" lon="130.3386021964252">
        <ele>7.8</ele>
      </trkpt>
      <trkpt lat="33.30414796248078" lon="130.3386524040252">
        <ele>7.8</ele>
      </trkpt>
      <trkpt lat="33.30416866578162" lon="130.33868869766593">
        <ele>7.8</ele>
      </trkpt>
      <trkpt lat="33.30419699661434" lon="130.3387351334095">
        <ele>7.8</ele>
      </trkpt>
      <trkpt lat="33.30421929247677" lon="130.3387633804232">
        <ele>7.8</ele>
      </trkpt>
      <trkpt lat="33.304248210042715" lon="130.3388057090342">
        <ele>7.8</ele>
      </trkpt>
      <trkpt lat="33.30427100881934" lon="130.33883261494339">
        <ele>7.6</ele>
      </trkpt>
      <trkpt lat="33.30430109985173" lon="130.3388725966215">
        <ele>7.6</ele>
      </trkpt>
      <trkpt lat="33.30433052033186" lon="130.33890000544488">
        <ele>7.6</ele>
      </trkpt>
      <trkpt lat="33.30436228774488" lon="130.33894199877977">
        <ele>7.6</ele>
      </trkpt>
      <trkpt lat="33.304387433454394" lon="130.33897083252668">
        <ele>7.6</ele>
      </trkpt>
      <trkpt lat="33.30441735684872" lon="130.33901332877576">
        <ele>7.6</ele>
      </trkpt>
      <trkpt lat="33.30444199964404" lon="130.33904291689396">
        <ele>7.6</ele>
      </trkpt>
      <trkpt lat="33.3044733479619" lon="130.3390895202756">
        <ele>7.6</ele>
      </trkpt>
      <trkpt lat="33.304495895281434" lon="130.3391162585467">
        <ele>7.6</ele>
      </trkpt>
      <trkpt lat="33.30452732741833" lon="130.33916026353836">
        <ele>7.6</ele>
      </trkpt>
      <trkpt lat="33.30455155111849" lon="130.33918817527592">
        <ele>7.8</ele>
      </trkpt>
      <trkpt lat="33.30457669682801" lon="130.3392269834876">
        <ele>7.8</ele>
      </trkpt>
      <trkpt lat="33.30460368655622" lon="130.33924953080714">
        <ele>7.8</ele>
      </trkpt>
      <trkpt lat="33.30463444814086" lon="130.33929387107491">
        <ele>7.8</ele>
      </trkpt>
      <trkpt lat="33.304658671841025" lon="130.33932304009795">
        <ele>7.8</ele>
      </trkpt>
      <trkpt lat="33.304688008502126" lon="130.33936134539545">
        <ele>7.8</ele>
      </trkpt>
      <trkpt lat="33.304709466174245" lon="130.33939126878977">
        <ele>7.6</ele>
      </trkpt>
      <trkpt lat="33.304736288264394" lon="130.33943016082048">
        <ele>7.6</ele>
      </trkpt>
      <trkpt lat="33.30476051196456" lon="130.3394640237093">
        <ele>7.6</ele>
      </trkpt>
      <trkpt lat="33.304792530834675" lon="130.33950786106288">
        <ele>7.6</ele>
      </trkpt>
      <trkpt lat="33.30481968820095" lon="130.33953904174268">
        <ele>7.6</ele>
      </trkpt>
      <trkpt lat="33.30484550446272" lon="130.33957784995437">
        <ele>7.4</ele>
      </trkpt>
      <trkpt lat="33.30486855469644" lon="130.3396128024906">
        <ele>7.4</ele>
      </trkpt>
      <trkpt lat="33.30489194020629" lon="130.33965362235904">
        <ele>7.4</ele>
      </trkpt>
      <trkpt lat="33.30491188913584" lon="130.33969427458942">
        <ele>7.4</ele>
      </trkpt>
      <trkpt lat="33.3049329277128" lon="130.33973718993366">
        <ele>7.4</ele>
      </trkpt>
      <trkpt lat="33.30495220609009" lon="130.33978052437305">
        <ele>7.6</ele>
      </trkpt>
      <trkpt lat="33.304969388991594" lon="130.33982260152698">
        <ele>7.6</ele>
      </trkpt>
      <trkpt lat="33.304985482245684" lon="130.33986928872764">
        <ele>7.6</ele>
      </trkpt>
      <trkpt lat="33.30500207841396" lon="130.33990994095802">
        <ele>7.6</ele>
      </trkpt>
      <trkpt lat="33.30501548945904" lon="130.33995729871094">
        <ele>7.6</ele>
      </trkpt>
      <trkpt lat="33.305028984323144" lon="130.34000121988356">
        <ele>7.6</ele>
      </trkpt>
      <trkpt lat="33.30503870733082" lon="130.34005092456937">
        <ele>7.8</ele>
      </trkpt>
      <trkpt lat="33.30504775978625" lon="130.3400951810181">
        <ele>7.8</ele>
      </trkpt>
      <trkpt lat="33.305055387318134" lon="130.34014505334198">
        <ele>7.6</ele>
      </trkpt>
      <trkpt lat="33.30506485886872" lon="130.34018989652395">
        <ele>7.8</ele>
      </trkpt>
      <trkpt lat="33.30507064238191" lon="130.340242870152">
        <ele>7.8</ele>
      </trkpt>
      <trkpt lat="33.305076006799936" lon="130.34028871916234">
        <ele>7.8</ele>
      </trkpt>
      <trkpt lat="33.305081371217966" lon="130.3403438720852">
        <ele>7.8</ele>
      </trkpt>
      <trkpt lat="33.30508363433182" lon="130.34039231948555">
        <ele>7.8</ele>
      </trkpt>
      <trkpt lat="33.30508581362665" lon="130.34043858759105">
        <ele>7.8</ele>
      </trkpt>
      <trkpt lat="33.305089082568884" lon="130.34048225730658">
        <ele>7.8</ele>
      </trkpt>
      <trkpt lat="33.30509469844401" lon="130.34053715877235">
        <ele>7.8</ele>
      </trkpt>
      <trkpt lat="33.30509805120528" lon="130.3405816666782">
        <ele>7.8</ele>
      </trkpt>
      <trkpt lat="33.30510349944234" lon="130.3406345564872">
        <ele>7.8</ele>
      </trkpt>
      <trkpt lat="33.30510517582297" lon="130.34067872911692">
        <ele>7.8</ele>
      </trkpt>
      <trkpt lat="33.30510785803199" lon="130.34073237329721">
        <ele>7.8</ele>
      </trkpt>
      <trkpt lat="33.30511280335486" lon="130.3407746180892">
        <ele>7.8</ele>
      </trkpt>
      <trkpt lat="33.30511280335486" lon="130.3408259153366">
        <ele>7.8</ele>
      </trkpt>
      <trkpt lat="33.30511188134551" lon="130.3408655617386">
        <ele>7.8</ele>
      </trkpt>
      <trkpt lat="33.30511883832514" lon="130.3409130871296">
        <ele>8.0</ele>
      </trkpt>
      <trkpt lat="33.30512805841863" lon="130.34095055423677">
        <ele>7.8</ele>
      </trkpt>
      <trkpt lat="33.30513275228441" lon="130.34100545570254">
        <ele>7.8</ele>
      </trkpt>
      <trkpt lat="33.30513962544501" lon="130.34104862250388">
        <ele>7.6</ele>
      </trkpt>
      <trkpt lat="33.30514691770077" lon="130.34110385924578">
        <ele>8.0</ele>
      </trkpt>
      <trkpt lat="33.3051538746804" lon="130.34114182926714">
        <ele>8.0</ele>
      </trkpt>
      <trkpt lat="33.30515244975686" lon="130.34119178541005">
        <ele>8.0</ele>
      </trkpt>
      <trkpt lat="33.305149180814624" lon="130.3412376344204">
        <ele>8.0</ele>
      </trkpt>
      <trkpt lat="33.30514792352915" lon="130.34129387699068">
        <ele>8.0</ele>
      </trkpt>
      <trkpt lat="33.30515597015619" lon="130.3413341101259">
        <ele>8.2</ele>
      </trkpt>
      <trkpt lat="33.30515873618424" lon="130.34139202907681">
        <ele>8.2</ele>
      </trkpt>
      <trkpt lat="33.3051589038223" lon="130.34143494442105">
        <ele>8.2</ele>
      </trkpt>
      <trkpt lat="33.30516175366938" lon="130.34148775041103">
        <ele>8.2</ele>
      </trkpt>
      <trkpt lat="33.30516158603132" lon="130.34152848646045">
        <ele>8.2</ele>
      </trkpt>
      <trkpt lat="33.305167872458696" lon="130.34157785587013">
        <ele>8.2</ele>
      </trkpt>
      <trkpt lat="33.30516560934484" lon="130.34162102267146">
        <ele>8.2</ele>
      </trkpt>
      <trkpt lat="33.30516954883933" lon="130.34167349338531">
        <ele>8.2</ele>
      </trkpt>
      <trkpt lat="33.30517047084868" lon="130.34171649254858">
        <ele>8.2</ele>
      </trkpt>
      <trkpt lat="33.30517533235252" lon="130.34176695160568">
        <ele>8.0</ele>
      </trkpt>
      <trkpt lat="33.3051848039031" lon="130.34180894494057">
        <ele>7.8</ele>
      </trkpt>
      <trkpt lat="33.30519444309175" lon="130.3418592363596">
        <ele>7.6</ele>
      </trkpt>
      <trkpt lat="33.30520114861429" lon="130.341902570799">
        <ele>7.6</ele>
      </trkpt>
      <trkpt lat="33.30520701594651" lon="130.34195302985609">
        <ele>7.4</ele>
      </trkpt>
      <trkpt lat="33.30520894378424" lon="130.34199644811451">
        <ele>7.4</ele>
      </trkpt>
      <trkpt lat="33.3052143920213" lon="130.34204280003905">
        <ele>7.4</ele>
      </trkpt>
      <trkpt lat="33.30521397292614" lon="130.3420868050307">
        <ele>7.6</ele>
      </trkpt>
      <trkpt lat="33.30521849915385" lon="130.3421340789646">
        <ele>7.4</ele>
      </trkpt>
      <trkpt lat="33.305219169706106" lon="130.34217942506075">
        <ele>7.4</ele>
      </trkpt>
      <trkpt lat="33.30522361211479" lon="130.342225022614">
        <ele>7.4</ele>
      </trkpt>
      <trkpt lat="33.30523258075118" lon="130.34226659685373">
        <ele>7.6</ele>
      </trkpt>
      <trkpt lat="33.30523693934083" lon="130.34231496043503">
        <ele>7.6</ele>
      </trkpt>
      <trkpt lat="33.30524071119726" lon="130.34235854633152">
        <ele>7.6</ele>
      </trkpt>
      <trkpt lat="33.30524574033916" lon="130.34240758046508">
        <ele>7.6</ele>
      </trkpt>
      <trkpt lat="33.30525269731879" lon="130.34245854243636">
        <ele>7.6</ele>
      </trkpt>
      <trkpt lat="33.30525420606136" lon="130.34251369535923">
        <ele>7.6</ele>
      </trkpt>
      <trkpt lat="33.30525898374617" lon="130.34255267120898">
        <ele>7.6</ele>
      </trkpt>
      <trkpt lat="33.30526518635452" lon="130.34260036423802">
        <ele>7.6</ele>
      </trkpt>
      <trkpt lat="33.30527013167739" lon="130.342647889629">
        <ele>7.6</ele>
      </trkpt>
      <trkpt lat="33.30527273006737" lon="130.3426975943148">
        <ele>7.6</ele>
      </trkpt>
      <trkpt lat="33.30527960322797" lon="130.34274025820196">
        <ele>7.6</ele>
      </trkpt>
      <trkpt lat="33.30528873950243" lon="130.34278912469745">
        <ele>7.6</ele>
      </trkpt>
      <trkpt lat="33.305289410054684" lon="130.34283388406038">
        <ele>7.6</ele>
      </trkpt>
      <trkpt lat="33.305289410054684" lon="130.34288384020329">
        <ele>7.6</ele>
      </trkpt>
      <trkpt lat="33.30529083497822" lon="130.34292968921363">
        <ele>7.8</ele>
      </trkpt>
      <trkpt lat="33.30529075115919" lon="130.34297754988074">
        <ele>7.8</ele>
      </trkpt>
      <trkpt lat="33.30529251135886" lon="130.34302230924368">
        <ele>8.0</ele>
      </trkpt>
      <trkpt lat="33.305293349549174" lon="130.34307117573917">
        <ele>8.0</ele>
      </trkpt>
      <trkpt lat="33.30530005507171" lon="130.34311266615987">
        <ele>8.0</ele>
      </trkpt>
      <trkpt lat="33.305298713967204" lon="130.34316572360694">
        <ele>8.0</ele>
      </trkpt>
      <trkpt lat="33.30530324019492" lon="130.34320268779993">
        <ele>8.2</ele>
      </trkpt>
      <trkpt lat="33.30531011335552" lon="130.3432546555996">
        <ele>8.2</ele>
      </trkpt>
      <trkpt lat="33.30530818551779" lon="130.34329421818256">
        <ele>8.0</ele>
      </trkpt>
      <trkpt lat="33.305312376469374" lon="130.3433471918106">
        <ele>8.0</ele>
      </trkpt>
      <trkpt lat="33.305316902697086" lon="130.34339320845902">
        <ele>8.0</ele>
      </trkpt>
      <trkpt lat="33.30532243475318" lon="130.3434481099248">
        <ele>8.2</ele>
      </trkpt>
      <trkpt lat="33.30532964318991" lon="130.34349345602095">
        <ele>8.2</ele>
      </trkpt>
      <trkpt lat="33.30533777363598" lon="130.34354860894382">
        <ele>8.2</ele>
      </trkpt>
      <trkpt lat="33.30534347333014" lon="130.34358875826">
        <ele>8.2</ele>
      </trkpt>
      <trkpt lat="33.305350514128804" lon="130.34364089369774">
        <ele>8.2</ele>
      </trkpt>
      <trkpt lat="33.305361745879054" lon="130.34367869608104">
        <ele>8.2</ele>
      </trkpt>
      <trkpt lat="33.3053679484874" lon="130.3437282331288">
        <ele>8.2</ele>
      </trkpt>
      <trkpt lat="33.305372558534145" lon="130.3437769319862">
        <ele>8.0</ele>
      </trkpt>
      <trkpt lat="33.30538261681795" lon="130.34383074380457">
        <ele>8.0</ele>
      </trkpt>
      <trkpt lat="33.30539049580693" lon="130.3438691329211">
        <ele>8.0</ele>
      </trkpt>
      <trkpt lat="33.30539535731077" lon="130.3439238667488">
        <ele>8.0</ele>
      </trkpt>
      <trkpt lat="33.30541078001261" lon="130.34396493807435">
        <ele>8.0</ele>
      </trkpt>
      <trkpt lat="33.30542310141027" lon="130.3440229408443">
        <ele>8.0</ele>
      </trkpt>
      <trkpt lat="33.30543198622763" lon="130.34405688755214">
        <ele>8.0</ele>
      </trkpt>
      <trkpt lat="33.305447241291404" lon="130.34411497414112">
        <ele>8.0</ele>
      </trkpt>
      <trkpt lat="33.305454617366195" lon="130.34414892084897">
        <ele>8.0</ele>
      </trkpt>
      <trkpt lat="33.30546936951578" lon="130.34420642070472">
        <ele>7.8</ele>
      </trkpt>
      <trkpt lat="33.30547305755317" lon="130.34424740821123">
        <ele>7.8</ele>
      </trkpt>
      <trkpt lat="33.3054855465889" lon="130.34430767409503">
        <ele>7.8</ele>
      </trkpt>
      <trkpt lat="33.30549736507237" lon="130.34434522502124">
        <ele>7.8</ele>
      </trkpt>
      <trkpt lat="33.305508848279715" lon="130.34440054558218">
        <ele>7.8</ele>
      </trkpt>
      <trkpt lat="33.305515218526125" lon="130.34443717449903">
        <ele>7.8</ele>
      </trkpt>
      <trkpt lat="33.305525528267026" lon="130.34449500963092">
        <ele>7.8</ele>
      </trkpt>
      <trkpt lat="33.305532317608595" lon="130.34453163854778">
        <ele>7.6</ele>
      </trkpt>
      <trkpt lat="33.30554706975818" lon="130.34458687528968">
        <ele>7.6</ele>
      </trkpt>
      <trkpt lat="33.305559139698744" lon="130.3446250129491">
        <ele>7.6</ele>
      </trkpt>
      <trkpt lat="33.30556366592646" lon="130.34467832185328">
        <ele>7.6</ele>
      </trkpt>
      <trkpt lat="33.30556777305901" lon="130.34471595659852">
        <ele>7.6</ele>
      </trkpt>
      <trkpt lat="33.30558059737086" lon="130.34476893022656">
        <ele>7.6</ele>
      </trkpt>
      <trkpt lat="33.305588895455" lon="130.34480907954276">
        <ele>7.4</ele>
      </trkpt>
      <trkpt lat="33.305598283186555" lon="130.34485819749534">
        <ele>7.6</ele>
      </trkpt>
      <trkpt lat="33.30560683272779" lon="130.3448961675167">
        <ele>7.4</ele>
      </trkpt>
      <trkpt lat="33.30561856739223" lon="130.34494620747864">
        <ele>7.6</ele>
      </trkpt>
      <trkpt lat="33.30562787130475" lon="130.34498878754675">
        <ele>7.6</ele>
      </trkpt>
      <trkpt lat="33.305634493008256" lon="130.34504142589867">
        <ele>7.6</ele>
      </trkpt>
      <trkpt lat="33.30563457682729" lon="130.3450859338045">
        <ele>7.6</ele>
      </trkpt>
      <trkpt lat="33.30563901923597" lon="130.34514016471803">
        <ele>7.6</ele>
      </trkpt>
      <trkpt lat="33.30564103089273" lon="130.34518031403422">
        <ele>7.6</ele>
      </trkpt>
      <trkpt lat="33.30564932897687" lon="130.34523135982454">
        <ele>7.6</ele>
      </trkpt>
      <trkpt lat="33.30565536394715" lon="130.34527310170233">
        <ele>7.6</ele>
      </trkpt>
      <trkpt lat="33.30566290766001" lon="130.34532892517745">
        <ele>7.6</ele>
      </trkpt>
      <trkpt lat="33.305672043934464" lon="130.3453570883721">
        <ele>7.6</ele>
      </trkpt>
      <trkpt lat="33.30568511970341" lon="130.34540737979114">
        <ele>7.6</ele>
      </trkpt>
      <trkpt lat="33.30569425597787" lon="130.34544887021184">
        <ele>7.6</ele>
      </trkpt>
      <trkpt lat="33.30570255406201" lon="130.34549798816442">
        <ele>7.6</ele>
      </trkpt>
      <trkpt lat="33.305704817175865" lon="130.34554375335574">
        <ele>7.6</ele>
      </trkpt>
      <trkpt lat="33.305704314261675" lon="130.34558574669063">
        <ele>7.6</ele>
      </trkpt>
      <trkpt lat="33.30571227706969" lon="130.34562799148262">
        <ele>7.6</ele>
      </trkpt>
      <trkpt lat="33.30571982078254" lon="130.34567744471133">
        <ele>7.6</ele>
      </trkpt>
      <trkpt lat="33.30572308972478" lon="130.34572061151266">
        <ele>7.6</ele>
      </trkpt>
      <trkpt lat="33.305729208514094" lon="130.34577425569296">
        <ele>7.6</ele>
      </trkpt>
      <trkpt lat="33.30573499202728" lon="130.3458235412836">
        <ele>7.6</ele>
      </trkpt>
      <trkpt lat="33.305739518254995" lon="130.34587844274938">
        <ele>7.6</ele>
      </trkpt>
      <trkpt lat="33.30574211664498" lon="130.34591984935105">
        <ele>7.4</ele>
      </trkpt>
      <trkpt lat="33.30574672669172" lon="130.34596947021782">
        <ele>7.4</ele>
      </trkpt>
      <trkpt lat="33.30575309693813" lon="130.34601297229528">
        <ele>7.4</ele>
      </trkpt>
      <trkpt lat="33.305755192413926" lon="130.346067706123">
        <ele>7.4</ele>
      </trkpt>
      <trkpt lat="33.30576030537486" lon="130.34610643051565">
        <ele>7.4</ele>
      </trkpt>
      <trkpt lat="33.305766843259335" lon="130.34615948796272">
        <ele>7.8</ele>
      </trkpt>
      <trkpt lat="33.30577036365867" lon="130.34619896672666">
        <ele>8.0</ele>
      </trkpt>
      <trkpt lat="33.30577690154314" lon="130.34624883905053">
        <ele>7.8</ele>
      </trkpt>
      <trkpt lat="33.305782936513424" lon="130.34629125148058">
        <ele>7.8</ele>
      </trkpt>
      <trkpt lat="33.30578813329339" lon="130.34634053707123">
        <ele>8.0</ele>
      </trkpt>
      <trkpt lat="33.30579584464431" lon="130.3463816922158">
        <ele>8.0</ele>
      </trkpt>
      <trkpt lat="33.30580095760524" lon="130.34643047489226">
        <ele>8.0</ele>
      </trkpt>
      <trkpt lat="33.30580037087202" lon="130.34647749736905">
        <ele>7.8</ele>
      </trkpt>
      <trkpt lat="33.30580120906234" lon="130.34652393311262">
        <ele>7.8</ele>
      </trkpt>
      <trkpt lat="33.30579970031977" lon="130.34656927920878">
        <ele>7.8</ele>
      </trkpt>
      <trkpt lat="33.3058048132807" lon="130.34661512821913">
        <ele>7.8</ele>
      </trkpt>
      <trkpt lat="33.305809423327446" lon="130.3466578759253">
        <ele>7.8</ele>
      </trkpt>
      <trkpt lat="33.30581369809806" lon="130.34670925699174">
        <ele>7.8</ele>
      </trkpt>
      <trkpt lat="33.30581730231643" lon="130.34675426781178">
        <ele>7.6</ele>
      </trkpt>
      <trkpt lat="33.30582241527736" lon="130.34680573269725">
        <ele>7.6</ele>
      </trkpt>
      <trkpt lat="33.305826438590884" lon="130.34685334190726">
        <ele>7.4</ele>
      </trkpt>
      <trkpt lat="33.30583322793245" lon="130.34690011292696">
        <ele>7.4</ele>
      </trkpt>
      <trkpt lat="33.30583859235048" lon="130.34694738686085">
        <ele>7.4</ele>
      </trkpt>
      <trkpt lat="33.305845046415925" lon="130.3469964209944">
        <ele>7.4</ele>
      </trkpt>
      <trkpt lat="33.30584831535816" lon="130.34704335965216">
        <ele>7.4</ele>
      </trkpt>
      <trkpt lat="33.30585166811943" lon="130.34709356725216">
        <ele>7.4</ele>
      </trkpt>
      <trkpt lat="33.30585309304297" lon="130.34714167937636">
        <ele>7.4</ele>
      </trkpt>
      <trkpt lat="33.3058603014797" lon="130.34718794748187">
        <ele>7.4</ele>
      </trkpt>
      <trkpt lat="33.305863067507744" lon="130.34723605960608">
        <ele>7.4</ele>
      </trkpt>
      <trkpt lat="33.30586197786033" lon="130.34728492610157">
        <ele>7.4</ele>
      </trkpt>
      <trkpt lat="33.30586398951709" lon="130.34733370877802">
        <ele>7.4</ele>
      </trkpt>
      <trkpt lat="33.30586390569806" lon="130.34738668240607">
        <ele>7.4</ele>
      </trkpt>
      <trkpt lat="33.30586784519255" lon="130.34743135794997">
        <ele>7.4</ele>
      </trkpt>
      <trkpt lat="33.30586767755449" lon="130.34748441539705">
        <ele>7.6</ele>
      </trkpt>
      <trkpt lat="33.305873377248645" lon="130.34752959385514">
        <ele>7.6</ele>
      </trkpt>
      <trkpt lat="33.30587916076183" lon="130.3475807234645">
        <ele>7.6</ele>
      </trkpt>
      <trkpt lat="33.305877316743135" lon="130.34763394854963">
        <ele>7.6</ele>
      </trkpt>
      <trkpt lat="33.305875808000565" lon="130.34769102931023">
        <ele>7.4</ele>
      </trkpt>
      <trkpt lat="33.305872455239296" lon="130.34773788414896">
        <ele>7.4</ele>
      </trkpt>
      <trkpt lat="33.305870024487376" lon="130.34778775647283">
        <ele>7.4</ele>
      </trkpt>
      <trkpt lat="33.30587329342961" lon="130.34783318638802">
        <ele>7.4</ele>
      </trkpt>
      <trkpt lat="33.30587320961058" lon="130.34788632765412">
        <ele>7.4</ele>
      </trkpt>
      <trkpt lat="33.30587572418153" lon="130.34792731516063">
        <ele>7.4</ele>
      </trkpt>
      <trkpt lat="33.305878238752484" lon="130.34797727130353">
        <ele>7.2</ele>
      </trkpt>
      <trkpt lat="33.30587899312377" lon="130.3480239585042">
        <ele>7.4</ele>
      </trkpt>
      <trkpt lat="33.30588134005666" lon="130.34807768650353">
        <ele>7.4</ele>
      </trkpt>
      <trkpt lat="33.30588427372277" lon="130.34812144003808">
        <ele>7.4</ele>
      </trkpt>
      <trkpt lat="33.30588519573212" lon="130.3481754194945">
        <ele>7.6</ele>
      </trkpt>
      <trkpt lat="33.30588670447469" lon="130.34822185523808">
        <ele>7.6</ele>
      </trkpt>
      <trkpt lat="33.30588729120791" lon="130.34827591851354">
        <ele>7.6</ele>
      </trkpt>
      <trkpt lat="33.30588519573212" lon="130.34831925295293">
        <ele>7.4</ele>
      </trkpt>
      <trkpt lat="33.305885531008244" lon="130.34837289713323">
        <ele>7.4</ele>
      </trkpt>
      <trkpt lat="33.30588670447469" lon="130.34841547720134">
        <ele>7.4</ele>
      </trkpt>
      <trkpt lat="33.30588678829372" lon="130.34847021102905">
        <ele>7.4</ele>
      </trkpt>
      <trkpt lat="33.30588293261826" lon="130.34851388074458">
        <ele>7.4</ele>
      </trkpt>
      <trkpt lat="33.30588645301759" lon="130.34856475889683">
        <ele>7.4</ele>
      </trkpt>
      <trkpt lat="33.305889554321766" lon="130.3486056625843">
        <ele>7.4</ele>
      </trkpt>
      <trkpt lat="33.30589056015015" lon="130.34866031259298">
        <ele>7.4</ele>
      </trkpt>
      <trkpt lat="33.30589408054948" lon="130.34870071336627">
        <ele>7.6</ele>
      </trkpt>
      <trkpt lat="33.30589550547302" lon="130.34875377081335">
        <ele>7.6</ele>
      </trkpt>
      <trkpt lat="33.30589802004397" lon="130.34879869781435">
        <ele>7.6</ele>
      </trkpt>
      <trkpt lat="33.30589818768203" lon="130.34885376691818">
        <ele>7.6</ele>
      </trkpt>
      <trkpt lat="33.30590355210006" lon="130.3488924074918">
        <ele>7.6</ele>
      </trkpt>
      <trkpt lat="33.30590405501425" lon="130.34894429147243">
        <ele>7.6</ele>
      </trkpt>
      <trkpt lat="33.3059102576226" lon="130.34898159094155">
        <ele>7.6</ele>
      </trkpt>
      <trkpt lat="33.30591117963195" lon="130.3490338101983">
        <ele>7.6</ele>
      </trkpt>
      <trkpt lat="33.30591604113579" lon="130.34907563589513">
        <ele>7.6</ele>
      </trkpt>
      <trkpt lat="33.30592190846801" lon="130.3491296991706">
        <ele>7.6</ele>
      </trkpt>
      <trkpt lat="33.30592601560056" lon="130.34917294979095">
        <ele>7.6</ele>
      </trkpt>
      <trkpt lat="33.30592970363796" lon="130.3492270130664">
        <ele>7.6</ele>
      </trkpt>
      <trkpt lat="33.30593129619956" lon="130.34927261061966">
        <ele>7.6</ele>
      </trkpt>
      <trkpt lat="33.30593121238053" lon="130.34932918846607">
        <ele>7.6</ele>
      </trkpt>
      <trkpt lat="33.30593473277986" lon="130.34936665557325">
        <ele>7.6</ele>
      </trkpt>
      <trkpt lat="33.30593699589372" lon="130.3494207188487">
        <ele>7.6</ele>
      </trkpt>
      <trkpt lat="33.30594252794981" lon="130.3494640532881">
        <ele>7.6</ele>
      </trkpt>
      <trkpt lat="33.3059480600059" lon="130.3495208825916">
        <ele>7.6</ele>
      </trkpt>
      <trkpt lat="33.30595660954714" lon="130.3495649714023">
        <ele>7.6</ele>
      </trkpt>
      <trkpt lat="33.305958872660995" lon="130.3496215492487">
        <ele>7.6</ele>
      </trkpt>
      <trkpt lat="33.30596356652677" lon="130.34966320730746">
        <ele>7.6</ele>
      </trkpt>
      <trkpt lat="33.30596499145031" lon="130.34971877932549">
        <ele>7.6</ele>
      </trkpt>
      <trkpt lat="33.305970104411244" lon="130.34976446069777">
        <ele>7.6</ele>
      </trkpt>
      <trkpt lat="33.30597630701959" lon="130.34981911070645">
        <ele>7.6</ele>
      </trkpt>
      <trkpt lat="33.30598544329405" lon="130.34986085258424">
        <ele>7.6</ele>
      </trkpt>
      <trkpt lat="33.305990723893046" lon="130.34991365857422">
        <ele>7.6</ele>
      </trkpt>
      <trkpt lat="33.30599818378687" lon="130.34995422698557">
        <ele>7.6</ele>
      </trkpt>
      <trkpt lat="33.30600262619555" lon="130.3500061109662">
        <ele>7.6</ele>
      </trkpt>
      <trkpt lat="33.306016623973846" lon="130.35004952922463">
        <ele>7.6</ele>
      </trkpt>
      <trkpt lat="33.306023832410574" lon="130.35010451450944">
        <ele>7.6</ele>
      </trkpt>
      <trkpt lat="33.306034645065665" lon="130.35014374181628">
        <ele>7.6</ele>
      </trkpt>
      <trkpt lat="33.306040428578854" lon="130.35019889473915">
        <ele>7.6</ele>
      </trkpt>
      <trkpt lat="33.30605057068169" lon="130.35024206154048">
        <ele>7.6</ele>
      </trkpt>
      <trkpt lat="33.306056102737784" lon="130.35029570572078">
        <ele>7.6</ele>
      </trkpt>
      <trkpt lat="33.306063897907734" lon="130.35033258609474">
        <ele>7.4</ele>
      </trkpt>
      <trkpt lat="33.306071776896715" lon="130.35038497298956">
        <ele>7.4</ele>
      </trkpt>
      <trkpt lat="33.306075632572174" lon="130.3504273854196">
        <ele>7.4</ele>
      </trkpt>
      <trkpt lat="33.30608426593244" lon="130.35048044286668">
        <ele>7.6</ele>
      </trkpt>
      <trkpt lat="33.30608845688403" lon="130.35052738152444">
        <ele>7.4</ele>
      </trkpt>
      <trkpt lat="33.30609641969204" lon="130.35058203153312">
        <ele>7.4</ele>
      </trkpt>
      <trkpt lat="33.306107902899384" lon="130.35062670707703">
        <ele>7.4</ele>
      </trkpt>
      <trkpt lat="33.30611787736416" lon="130.3506760764867">
        <ele>7.4</ele>
      </trkpt>
      <trkpt lat="33.306128438562155" lon="130.350719159469">
        <ele>7.4</ele>
      </trkpt>
      <trkpt lat="33.30613749101758" lon="130.3507682774216">
        <ele>7.4</ele>
      </trkpt>
      <trkpt lat="33.306146459653974" lon="130.35081597045064">
        <ele>7.4</ele>
      </trkpt>
      <trkpt lat="33.30615836195648" lon="130.3508647531271">
        <ele>7.4</ele>
      </trkpt>
      <trkpt lat="33.306169006973505" lon="130.3509123623371">
        <ele>7.4</ele>
      </trkpt>
      <trkpt lat="33.306176802143455" lon="130.35096189938486">
        <ele>7.4</ele>
      </trkpt>
      <trkpt lat="33.306184094399214" lon="130.35100758075714">
        <ele>7.4</ele>
      </trkpt>
      <trkpt lat="33.30619079992175" lon="130.35105627961457">
        <ele>7.4</ele>
      </trkpt>
      <trkpt lat="33.306198846548796" lon="130.3511031344533">
        <ele>7.4</ele>
      </trkpt>
      <trkpt lat="33.30620873719454" lon="130.3511501569301">
        <ele>7.4</ele>
      </trkpt>
      <trkpt lat="33.306213011965156" lon="130.35119759850204">
        <ele>7.4</ele>
      </trkpt>
      <trkpt lat="33.30622005276382" lon="130.3512461297214">
        <ele>7.4</ele>
      </trkpt>
      <trkpt lat="33.30622776411474" lon="130.351292649284">
        <ele>7.4</ele>
      </trkpt>
      <trkpt lat="33.30623757094145" lon="130.351340174675">
        <ele>7.4</ele>
      </trkpt>
      <trkpt lat="33.30624503083527" lon="130.3513880353421">
        <ele>7.4</ele>
      </trkpt>
      <trkpt lat="33.306252993643284" lon="130.35143178887665">
        <ele>7.4</ele>
      </trkpt>
      <trkpt lat="33.306258358061314" lon="130.35148124210536">
        <ele>7.4</ele>
      </trkpt>
      <trkpt lat="33.30626145936549" lon="130.35152222961187">
        <ele>7.4</ele>
      </trkpt>
      <trkpt lat="33.30626489594579" lon="130.35157377831638">
        <ele>7.4</ele>
      </trkpt>
      <trkpt lat="33.30627202056348" lon="130.3516179509461">
        <ele>7.4</ele>
      </trkpt>
      <trkpt lat="33.30627855844796" lon="130.35166857764125">
        <ele>7.4</ele>
      </trkpt>
      <trkpt lat="33.30628811381757" lon="130.35170990042388">
        <ele>7.4</ele>
      </trkpt>
      <trkpt lat="33.30629632808268" lon="130.35175918601453">
        <ele>7.4</ele>
      </trkpt>
      <trkpt lat="33.306302865967155" lon="130.35180067643523">
        <ele>7.4</ele>
      </trkpt>
      <trkpt lat="33.30630839802325" lon="130.35185247659683">
        <ele>7.4</ele>
      </trkpt>
      <trkpt lat="33.3063159417361" lon="130.3518954757601">
        <ele>7.4</ele>
      </trkpt>
      <trkpt lat="33.30632373690605" lon="130.35195322707295">
        <ele>7.4</ele>
      </trkpt>
      <trkpt lat="33.306333124637604" lon="130.3519961424172">
        <ele>7.4</ele>
      </trkpt>
      <trkpt lat="33.30634066835046" lon="130.3520479425788">
        <ele>7.4</ele>
      </trkpt>
      <trkpt lat="33.306347792968154" lon="130.3520852420479">
        <ele>7.4</ele>
      </trkpt>
      <trkpt lat="33.306352235376835" lon="130.35213762894273">
        <ele>7.4</ele>
      </trkpt>
      <trkpt lat="33.306359024718404" lon="130.35218121483922">
        <ele>7.4</ele>
      </trkpt>
      <trkpt lat="33.30637042410672" lon="130.35223712213337">
        <ele>7.4</ele>
      </trkpt>
      <trkpt lat="33.30637738108635" lon="130.35228271968663">
        <ele>7.4</ele>
      </trkpt>
      <trkpt lat="33.306384924799204" lon="130.3523389622569">
        <ele>7.4</ele>
      </trkpt>
      <trkpt lat="33.30639095976949" lon="130.35237609408796">
        <ele>7.4</ele>
      </trkpt>
      <trkpt lat="33.30639758147299" lon="130.35243258811533">
        <ele>7.4</ele>
      </trkpt>
      <trkpt lat="33.30640663392842" lon="130.35247256979346">
        <ele>7.4</ele>
      </trkpt>
      <trkpt lat="33.30641250126064" lon="130.35252688452601">
        <ele>7.4</ele>
      </trkpt>
      <trkpt lat="33.3064195420593" lon="130.352563848719">
        <ele>7.2</ele>
      </trkpt>
      <trkpt lat="33.306426666677" lon="130.35261824727058">
        <ele>7.4</ele>
      </trkpt>
      <trkpt lat="33.30643412657082" lon="130.35265998914838">
        <ele>7.4</ele>
      </trkpt>
      <trkpt lat="33.306445106863976" lon="130.35271883010864">
        <ele>7.4</ele>
      </trkpt>
      <trkpt lat="33.30645122565329" lon="130.35276216454804">
        <ele>7.4</ele>
      </trkpt>
      <trkpt lat="33.30645902082324" lon="130.35281765274704">
        <ele>7.4</ele>
      </trkpt>
      <trkpt lat="33.30647109076381" lon="130.35285813733935">
        <ele>7.4</ele>
      </trkpt>
      <trkpt lat="33.306483244523406" lon="130.35291052423418">
        <ele>7.4</ele>
      </trkpt>
      <trkpt lat="33.306489530950785" lon="130.3529536910355">
        <ele>7.2</ele>
      </trkpt>
      <trkpt lat="33.3064972423017" lon="130.35300632938743">
        <ele>7.2</ele>
      </trkpt>
      <trkpt lat="33.30650646239519" lon="130.35304664634168">
        <ele>7.2</ele>
      </trkpt>
      <trkpt lat="33.30651719123125" lon="130.3530974406749">
        <ele>7.2</ele>
      </trkpt>
      <trkpt lat="33.306520879268646" lon="130.35313935019076">
        <ele>7.2</ele>
      </trkpt>
      <trkpt lat="33.306531021371484" lon="130.35319165326655">
        <ele>7.2</ele>
      </trkpt>
      <trkpt lat="33.30653571523726" lon="130.35323658026755">
        <ele>7.2</ele>
      </trkpt>
      <trkpt lat="33.306539822369814" lon="130.3532929904759">
        <ele>7.2</ele>
      </trkpt>
      <trkpt lat="33.306546779349446" lon="130.35333498381078">
        <ele>7.2</ele>
      </trkpt>
      <trkpt lat="33.30655532889068" lon="130.35338804125786">
        <ele>7.4</ele>
      </trkpt>
      <trkpt lat="33.3065596036613" lon="130.35343506373465">
        <ele>7.4</ele>
      </trkpt>
      <trkpt lat="33.30656932666898" lon="130.35348636098206">
        <ele>7.4</ele>
      </trkpt>
      <trkpt lat="33.30657645128667" lon="130.3535281866789">
        <ele>7.4</ele>
      </trkpt>
      <trkpt lat="33.30658349208534" lon="130.35357663407922">
        <ele>7.4</ele>
      </trkpt>
      <trkpt lat="33.30658902414143" lon="130.3536223154515">
        <ele>7.4</ele>
      </trkpt>
      <trkpt lat="33.306598998606205" lon="130.3536748699844">
        <ele>7.4</ele>
      </trkpt>
      <trkpt lat="33.30660662613809" lon="130.35372172482312">
        <ele>7.4</ele>
      </trkpt>
      <trkpt lat="33.30661207437515" lon="130.35377193242311">
        <ele>7.4</ele>
      </trkpt>
      <trkpt lat="33.306618025526404" lon="130.3538096509874">
        <ele>7.4</ele>
      </trkpt>
      <trkpt lat="33.30662774853408" lon="130.35386153496802">
        <ele>7.4</ele>
      </trkpt>
      <trkpt lat="33.30663244239986" lon="130.35390763543546">
        <ele>7.4</ele>
      </trkpt>
      <trkpt lat="33.306640489026904" lon="130.35395993851125">
        <ele>7.4</ele>
      </trkpt>
      <trkpt lat="33.306646021083" lon="130.35400536842644">
        <ele>7.4</ele>
      </trkpt>
      <trkpt lat="33.30665490590036" lon="130.3540594317019">
        <ele>7.4</ele>
      </trkpt>
      <trkpt lat="33.306660018861294" lon="130.35410662181675">
        <ele>7.4</ele>
      </trkpt>
      <trkpt lat="33.30666999332607" lon="130.35416152328253">
        <ele>7.4</ele>
      </trkpt>
      <trkpt lat="33.30667795613408" lon="130.35420075058937">
        <ele>7.4</ele>
      </trkpt>
      <trkpt lat="33.306688936427236" lon="130.3542539756745">
        <ele>7.4</ele>
      </trkpt>
      <trkpt lat="33.306697150692344" lon="130.35429345443845">
        <ele>7.4</ele>
      </trkpt>
      <trkpt lat="33.306704107671976" lon="130.35434558987617">
        <ele>7.4</ele>
      </trkpt>
      <trkpt lat="33.306707544252276" lon="130.3543937858194">
        <ele>7.6</ele>
      </trkpt>
      <trkpt lat="33.30671709962189" lon="130.3544474299997">
        <ele>7.6</ele>
      </trkpt>
      <trkpt lat="33.306721709668636" lon="130.35449487157166">
        <ele>7.6</ele>
      </trkpt>
      <trkpt lat="33.306730510666966" lon="130.3545444086194">
        <ele>7.6</ele>
      </trkpt>
      <trkpt lat="33.30673461779952" lon="130.3545900899917">
        <ele>7.6</ele>
      </trkpt>
      <trkpt lat="33.30674450844526" lon="130.35463945940137">
        <ele>7.6</ele>
      </trkpt>
      <trkpt lat="33.30675079487264" lon="130.354686062783">
        <ele>7.6</ele>
      </trkpt>
      <trkpt lat="33.306759763509035" lon="130.35473886877298">
        <ele>7.6</ele>
      </trkpt>
      <trkpt lat="33.306769989430904" lon="130.354781197384">
        <ele>7.6</ele>
      </trkpt>
      <trkpt lat="33.30677988007665" lon="130.3548319078982">
        <ele>7.6</ele>
      </trkpt>
      <trkpt lat="33.30678700469434" lon="130.35487784072757">
        <ele>7.6</ele>
      </trkpt>
      <trkpt lat="33.306797398254275" lon="130.35492871887982">
        <ele>7.4</ele>
      </trkpt>
      <trkpt lat="33.30681114457548" lon="130.35496895201504">
        <ele>7.4</ele>
      </trkpt>
      <trkpt lat="33.306826148182154" lon="130.35502217710018">
        <ele>7.4</ele>
      </trkpt>
      <trkpt lat="33.30683880485594" lon="130.35506618209183">
        <ele>7.4</ele>
      </trkpt>
      <trkpt lat="33.30684894695878" lon="130.3551131207496">
        <ele>7.4</ele>
      </trkpt>
      <trkpt lat="33.306860346347094" lon="130.35515586845577">
        <ele>7.4</ele>
      </trkpt>
      <trkpt lat="33.30687157809734" lon="130.3552080038935">
        <ele>7.4</ele>
      </trkpt>
      <trkpt lat="33.30687819980085" lon="130.35525142215192">
        <ele>7.4</ele>
      </trkpt>
      <trkpt lat="33.30688817426562" lon="130.3552968520671">
        <ele>7.4</ele>
      </trkpt>
      <trkpt lat="33.30689823254943" lon="130.3553427848965">
        <ele>7.4</ele>
      </trkpt>
      <trkpt lat="33.3069082070142" lon="130.35539676435292">
        <ele>7.6</ele>
      </trkpt>
      <trkpt lat="33.30691675655544" lon="130.35544311627746">
        <ele>7.6</ele>
      </trkpt>
      <trkpt lat="33.30692807212472" lon="130.3554942458868">
        <ele>7.6</ele>
      </trkpt>
      <trkpt lat="33.30694667994976" lon="130.3555444534868">
        <ele>7.6</ele>
      </trkpt>
      <trkpt lat="33.30696922726929" lon="130.3555825073272">
        <ele>7.4</ele>
      </trkpt>
      <trkpt lat="33.30700526945293" lon="130.35561695694923">
        <ele>7.4</ele>
      </trkpt>
      <trkpt lat="33.30703502520919" lon="130.3556369896978">
        <ele>7.4</ele>
      </trkpt>
      <trkpt lat="33.30706687644124" lon="130.35564587451518">
        <ele>7.2</ele>
      </trkpt>
      <trkpt lat="33.30711088143289" lon="130.35563598386943">
        <ele>7.2</ele>
      </trkpt>
      <trkpt lat="33.30714859999716" lon="130.3556250873953">
        <ele>7.2</ele>
      </trkpt>
      <trkpt lat="33.30719109624624" lon="130.35561284981668">
        <ele>7.0</ele>
      </trkpt>
      <trkpt lat="33.307227306067944" lon="130.35560346208513">
        <ele>7.0</ele>
      </trkpt>
      <trkpt lat="33.30726955085993" lon="130.35559373907745">
        <ele>6.8</ele>
      </trkpt>
      <trkpt lat="33.307306598871946" lon="130.35558996722102">
        <ele>6.8</ele>
      </trkpt>
      <trkpt lat="33.30734884366393" lon="130.35558233968914">
        <ele>6.8</ele>
      </trkpt>
      <trkpt lat="33.30738262273371" lon="130.35558049567044">
        <ele>6.8</ele>
      </trkpt>
      <trkpt lat="33.30742587335408" lon="130.35557345487177">
        <ele>6.8</ele>
      </trkpt>
      <trkpt lat="33.30746602267027" lon="130.3555671684444">
        <ele>6.8</ele>
      </trkpt>
      <trkpt lat="33.30750960856676" lon="130.3555584512651">
        <ele>6.8</ele>
      </trkpt>
      <trkpt lat="33.307547243312" lon="130.35554872825742">
        <ele>6.6</ele>
      </trkpt>
      <trkpt lat="33.307594768702984" lon="130.35553825087845">
        <ele>6.6</ele>
      </trkpt>
      <trkpt lat="33.307632487267256" lon="130.3555272705853">
        <ele>6.6</ele>
      </trkpt>
      <trkpt lat="33.30767615698278" lon="130.35551737993956">
        <ele>6.6</ele>
      </trkpt>
      <trkpt lat="33.30771580338478" lon="130.35550950095057">
        <ele>6.6</ele>
      </trkpt>
      <trkpt lat="33.30775980837643" lon="130.35549994558096">
        <ele>6.6</ele>
      </trkpt>
      <trkpt lat="33.307801550254226" lon="130.35549273714423">
        <ele>6.6</ele>
      </trkpt>
      <trkpt lat="33.30784463323653" lon="130.35548225976527">
        <ele>6.6</ele>
      </trkpt>
      <trkpt lat="33.30788645893335" lon="130.35547689534724">
        <ele>6.4</ele>
      </trkpt>
      <trkpt lat="33.30792501568794" lon="130.35546918399632">
        <ele>6.4</ele>
      </trkpt>
      <trkpt lat="33.30796482972801" lon="130.355460382998">
        <ele>6.6</ele>
      </trkpt>
      <trkpt lat="33.308000452816486" lon="130.35545283928514">
        <ele>6.6</ele>
      </trkpt>
      <trkpt lat="33.30804227851331" lon="130.35545049235225">
        <ele>6.6</ele>
      </trkpt>
      <trkpt lat="33.30807932652533" lon="130.35543934442103">
        <ele>6.6</ele>
      </trkpt>
      <trkpt lat="33.30812366679311" lon="130.35543481819332">
        <ele>6.6</ele>
      </trkpt>
      <trkpt lat="33.308162558823824" lon="130.35542727448046">
        <ele>6.6</ele>
      </trkpt>
      <trkpt lat="33.308209581300616" lon="130.35541956312954">
        <ele>6.8</ele>
      </trkpt>
      <trkpt lat="33.30824285745621" lon="130.35540950484574">
        <ele>6.8</ele>
      </trkpt>
      <trkpt lat="33.30828409641981" lon="130.35539978183806">
        <ele>6.8</ele>
      </trkpt>
      <trkpt lat="33.308317037299275" lon="130.3553879633546">
        <ele>6.8</ele>
      </trkpt>
      <trkpt lat="33.30835961736739" lon="130.35538494586945">
        <ele>6.8</ele>
      </trkpt>
      <trkpt lat="33.308392222970724" lon="130.3553737141192">
        <ele>6.6</ele>
      </trkpt>
      <trkpt lat="33.30843203701079" lon="130.35536734387279">
        <ele>6.4</ele>
      </trkpt>
      <trkpt lat="33.308466067537665" lon="130.35536189563572">
        <ele>6.4</ele>
      </trkpt>
      <trkpt lat="33.30850973725319" lon="130.3553576208651">
        <ele>6.4</ele>
      </trkpt>
      <trkpt lat="33.30854108557105" lon="130.3553515020758">
        <ele>6.6</ele>
      </trkpt>
      <trkpt lat="33.30858517438173" lon="130.35534932278097">
        <ele>7.0</ele>
      </trkpt>
      <trkpt lat="33.30861576832831" lon="130.35534655675292">
        <ele>7.0</ele>
      </trkpt>
      <trkpt lat="33.3086508885026" lon="130.35535183735192">
        <ele>7.0</ele>
      </trkpt>
      <trkpt lat="33.30868114717305" lon="130.3553459700197">
        <ele>7.0</ele>
      </trkpt>
      <trkpt lat="33.308728588745" lon="130.3553406894207">
        <ele>7.2</ele>
      </trkpt>
      <trkpt lat="33.30876647494733" lon="130.35532685928047">
        <ele>7.2</ele>
      </trkpt>
      <trkpt lat="33.30880737863481" lon="130.35531378351152">
        <ele>7.0</ele>
      </trkpt>
      <trkpt lat="33.30884057097137" lon="130.3553037252277">
        <ele>7.0</ele>
      </trkpt>
      <trkpt lat="33.30888600088656" lon="130.3552971035242">
        <ele>7.0</ele>
      </trkpt>
      <trkpt lat="33.30891919322312" lon="130.3552902303636">
        <ele>6.8</ele>
      </trkpt>
      <trkpt lat="33.30896571278572" lon="130.35528277046978">
        <ele>6.8</ele>
      </trkpt>
      <trkpt lat="33.30900443717837" lon="130.3552746400237">
        <ele>6.8</ele>
      </trkpt>
      <trkpt lat="33.30905062146485" lon="130.35526500083506">
        <ele>6.6</ele>
      </trkpt>
      <trkpt lat="33.309090938419104" lon="130.35525603219867">
        <ele>6.6</ele>
      </trkpt>
      <trkpt lat="33.30913854762912" lon="130.3552473988384">
        <ele>6.6</ele>
      </trkpt>
      <trkpt lat="33.309178026393056" lon="130.3552405256778">
        <ele>6.6</ele>
      </trkpt>
      <trkpt lat="33.3092259708792" lon="130.3552328981459">
        <ele>6.6</ele>
      </trkpt>
      <trkpt lat="33.30926125869155" lon="130.35522527061403">
        <ele>6.6</ele>
      </trkpt>
      <trkpt lat="33.30930417403579" lon="130.35521663725376">
        <ele>6.8</ele>
      </trkpt>
      <trkpt lat="33.30933443270624" lon="130.35520968027413">
        <ele>6.8</ele>
      </trkpt>
      <trkpt lat="33.30937726423144" lon="130.3552008792758">
        <ele>6.8</ele>
      </trkpt>
      <trkpt lat="33.30940785817802" lon="130.3551992867142">
        <ele>7.0</ele>
      </trkpt>
      <trkpt lat="33.309450689703226" lon="130.3551929164678">
        <ele>7.0</ele>
      </trkpt>
      <trkpt lat="33.3094865642488" lon="130.3551850374788">
        <ele>7.0</ele>
      </trkpt>
      <trkpt lat="33.309530820697546" lon="130.35517581738532">
        <ele>7.0</ele>
      </trkpt>
      <trkpt lat="33.30956476740539" lon="130.3551681060344">
        <ele>7.0</ele>
      </trkpt>
      <trkpt lat="33.309612795710564" lon="130.3551646694541">
        <ele>7.0</ele>
      </trkpt>
      <trkpt lat="33.30964975990355" lon="130.35515771247447">
        <ele>7.0</ele>
      </trkpt>
      <trkpt lat="33.30969971604645" lon="130.3551506716758">
        <ele>7.0</ele>
      </trkpt>
      <trkpt lat="33.309734500944614" lon="130.35513969138265">
        <ele>7.0</ele>
      </trkpt>
      <trkpt lat="33.30978127196431" lon="130.3551318962127">
        <ele>7.0</ele>
      </trkpt>
      <trkpt lat="33.30981262028217" lon="130.35512309521437">
        <ele>7.0</ele>
      </trkpt>
      <trkpt lat="33.309852266684175" lon="130.35511689260602">
        <ele>7.0</ele>
      </trkpt>
      <trkpt lat="33.30988529138267" lon="130.35511387512088">
        <ele>7.0</ele>
      </trkpt>
      <trkpt lat="33.309926614165306" lon="130.35510700196028">
        <ele>7.0</ele>
      </trkpt>
      <trkpt lat="33.3099614828825" lon="130.35510197281837">
        <ele>7.0</ele>
      </trkpt>
      <trkpt lat="33.31000356003642" lon="130.3550933394581">
        <ele>7.0</ele>
      </trkpt>
      <trkpt lat="33.31004060804844" lon="130.35508554428816">
        <ele>7.0</ele>
      </trkpt>
      <trkpt lat="33.310081427916884" lon="130.355077162385">
        <ele>7.0</ele>
      </trkpt>
      <trkpt lat="33.31011964939535" lon="130.3550706245005">
        <ele>7.0</ele>
      </trkpt>
      <trkpt lat="33.3101599663496" lon="130.35506408661604">
        <ele>7.0</ele>
      </trkpt>
      <trkpt lat="33.31020137295127" lon="130.35505914129317">
        <ele>7.0</ele>
      </trkpt>
      <trkpt lat="33.310240767896175" lon="130.35505168139935">
        <ele>7.0</ele>
      </trkpt>
      <trkpt lat="33.31028200685978" lon="130.35504765808582">
        <ele>7.2</ele>
      </trkpt>
      <trkpt lat="33.31032307818532" lon="130.355040198192">
        <ele>7.2</ele>
      </trkpt>
      <trkpt lat="33.310363395139575" lon="130.3550333250314">
        <ele>7.2</ele>
      </trkpt>
      <trkpt lat="33.310404382646084" lon="130.35502452403307">
        <ele>7.2</ele>
      </trkpt>
      <trkpt lat="33.310447381809354" lon="130.3550211712718">
        <ele>7.2</ele>
      </trkpt>
      <trkpt lat="33.31048392690718" lon="130.35501119680703">
        <ele>7.2</ele>
      </trkpt>
      <trkpt lat="33.310525668784976" lon="130.35500708967447">
        <ele>7.2</ele>
      </trkpt>
      <trkpt lat="33.310556430369616" lon="130.3549992106855">
        <ele>7.4</ele>
      </trkpt>
      <trkpt lat="33.310595992952585" lon="130.35499669611454">
        <ele>7.4</ele>
      </trkpt>
      <trkpt lat="33.31062516197562" lon="130.35499141551554">
        <ele>7.4</ele>
      </trkpt>
      <trkpt lat="33.31066505983472" lon="130.35499191842973">
        <ele>7.4</ele>
      </trkpt>
      <trkpt lat="33.31069347448647" lon="130.35497901029885">
        <ele>7.4</ele>
      </trkpt>
      <trkpt lat="33.31073312088847" lon="130.35497565753758">
        <ele>7.6</ele>
      </trkpt>
      <trkpt lat="33.31076882779598" lon="130.3549675270915">
        <ele>7.6</ele>
      </trkpt>
      <trkpt lat="33.310815431177616" lon="130.35496124066412">
        <ele>7.6</ele>
      </trkpt>
      <trkpt lat="33.310852563008666" lon="130.35494975745678">
        <ele>7.6</ele>
      </trkpt>
      <trkpt lat="33.31089925020933" lon="130.35494858399034">
        <ele>7.8</ele>
      </trkpt>
      <trkpt lat="33.31093093380332" lon="130.35493886098266">
        <ele>7.8</ele>
      </trkpt>
      <trkpt lat="33.310977118089795" lon="130.3549350053072">
        <ele>7.8</ele>
      </trkpt>
      <trkpt lat="33.3110114838928" lon="130.35492385737598">
        <ele>7.6</ele>
      </trkpt>
      <trkpt lat="33.311059679836035" lon="130.35491455346346">
        <ele>7.6</ele>
      </trkpt>
      <trkpt lat="33.31109815277159" lon="130.35490013659">
        <ele>7.6</ele>
      </trkpt>
      <trkpt lat="33.31114995293319" lon="130.35489133559167">
        <ele>7.6</ele>
      </trkpt>
      <trkpt lat="33.31118842586875" lon="130.35487859509885">
        <ele>7.6</ele>
      </trkpt>
      <trkpt lat="33.311235532164574" lon="130.3548723924905">
        <ele>7.6</ele>
      </trkpt>
      <trkpt lat="33.31126905977726" lon="130.35486141219735">
        <ele>7.6</ele>
      </trkpt>
      <trkpt lat="33.311313735321164" lon="130.35485872998834">
        <ele>7.6</ele>
      </trkpt>
      <trkpt lat="33.311349945142865" lon="130.35485219210386">
        <ele>7.6</ele>
      </trkpt>
      <trkpt lat="33.31139545887709" lon="130.35484506748617">
        <ele>7.8</ele>
      </trkpt>
      <trkpt lat="33.31142823211849" lon="130.35483475774527">
        <ele>7.8</ele>
      </trkpt>
      <trkpt lat="33.31147290766239" lon="130.35482763312757">
        <ele>7.8</ele>
      </trkpt>
      <trkpt lat="33.31150249578059" lon="130.35481866449118">
        <ele>7.8</ele>
      </trkpt>
      <trkpt lat="33.31154230982065" lon="130.35481598228216">
        <ele>7.8</ele>
      </trkpt>
      <trkpt lat="33.311576591804624" lon="130.3548055049032">
        <ele>7.8</ele>
      </trkpt>
      <trkpt lat="33.31161883659661" lon="130.3547960333526">
        <ele>7.8</ele>
      </trkpt>
      <trkpt lat="33.31165378913283" lon="130.3547848854214">
        <ele>7.8</ele>
      </trkpt>
      <trkpt lat="33.311695447191596" lon="130.35477507859468">
        <ele>7.8</ele>
      </trkpt>
      <trkpt lat="33.31172897480428" lon="130.35476577468216">
        <ele>7.8</ele>
      </trkpt>
      <trkpt lat="33.31176635809243" lon="130.354754794389">
        <ele>7.8</ele>
      </trkpt>
      <trkpt lat="33.31180281937122" lon="130.35474599339068">
        <ele>7.8</ele>
      </trkpt>
      <trkpt lat="33.311840454116464" lon="130.35473610274494">
        <ele>7.8</ele>
      </trkpt>
      <trkpt lat="33.311875658109784" lon="130.35472872667015">
        <ele>7.8</ele>
      </trkpt>
      <trkpt lat="33.311911365017295" lon="130.35471548326313">
        <ele>8.0</ele>
      </trkpt>
      <trkpt lat="33.31194933503866" lon="130.354707185179">
        <ele>8.0</ele>
      </trkpt>
      <trkpt lat="33.31198688596487" lon="130.35469754599035">
        <ele>8.0</ele>
      </trkpt>
      <trkpt lat="33.31203072331846" lon="130.35469561815262">
        <ele>8.0</ele>
      </trkpt>
      <trkpt lat="33.31207045353949" lon="130.35468254238367">
        <ele>8.2</ele>
      </trkpt>
      <trkpt lat="33.312112195417285" lon="130.35467457957566">
        <ele>8.2</ele>
      </trkpt>
      <trkpt lat="33.312156368047" lon="130.3546620067209">
        <ele>8.2</ele>
      </trkpt>
      <trkpt lat="33.312194840982556" lon="130.35465546883643">
        <ele>8.2</ele>
      </trkpt>
      <trkpt lat="33.31223649904132" lon="130.35464549437165">
        <ele>8.2</ele>
      </trkpt>
      <trkpt lat="33.31227622926235" lon="130.35463761538267">
        <ele>8.2</ele>
      </trkpt>
      <trkpt lat="33.31231570802629" lon="130.354627892375">
        <ele>8.2</ele>
      </trkpt>
      <trkpt lat="33.31235619261861" lon="130.35461984574795">
        <ele>8.2</ele>
      </trkpt>
      <trkpt lat="33.3123929053545" lon="130.35460978746414">
        <ele>8.2</ele>
      </trkpt>
      <trkpt lat="33.31242953427136" lon="130.35460375249386">
        <ele>8.2</ele>
      </trkpt>
      <trkpt lat="33.312466917559505" lon="130.35459319129586">
        <ele>8.2</ele>
      </trkpt>
      <trkpt lat="33.31250480376184" lon="130.3545861504972">
        <ele>8.2</ele>
      </trkpt>
      <trkpt lat="33.31254688091576" lon="130.3545744996518">
        <ele>8.4</ele>
      </trkpt>
      <trkpt lat="33.31258803606033" lon="130.35456561483443">
        <ele>8.4</ele>
      </trkpt>
      <trkpt lat="33.3126278501004" lon="130.35455228760839">
        <ele>8.4</ele>
      </trkpt>
      <trkpt lat="33.31266850233078" lon="130.35454222932458">
        <ele>8.4</ele>
      </trkpt>
      <trkpt lat="33.31270647235215" lon="130.35453242249787">
        <ele>8.4</ele>
      </trkpt>
      <trkpt lat="33.31274511292577" lon="130.35452655516565">
        <ele>8.4</ele>
      </trkpt>
      <trkpt lat="33.312781071290374" lon="130.35451222211123">
        <ele>8.6</ele>
      </trkpt>
      <trkpt lat="33.31282138824463" lon="130.35450275056064">
        <ele>8.4</ele>
      </trkpt>
      <trkpt lat="33.31285717897117" lon="130.354493111372">
        <ele>8.6</ele>
      </trkpt>
      <trkpt lat="33.312898920848966" lon="130.3544891718775">
        <ele>8.6</ele>
      </trkpt>
      <trkpt lat="33.312937477603555" lon="130.35447827540338">
        <ele>8.6</ele>
      </trkpt>
      <trkpt lat="33.31298156641424" lon="130.35447182133794">
        <ele>8.6</ele>
      </trkpt>
      <trkpt lat="33.313020123168826" lon="130.35445991903543">
        <ele>8.6</ele>
      </trkpt>
      <trkpt lat="33.31306639127433" lon="130.3544543031603">
        <ele>8.6</ele>
      </trkpt>
      <trkpt lat="33.31310343928635" lon="130.3544447477907">
        <ele>8.6</ele>
      </trkpt>
      <trkpt lat="33.3131424151361" lon="130.35443720407784">
        <ele>8.6</ele>
      </trkpt>
      <trkpt lat="33.313178373500705" lon="130.35442630760372">
        <ele>8.6</ele>
      </trkpt>
      <trkpt lat="33.31321634352207" lon="130.3544185962528">
        <ele>8.6</ele>
      </trkpt>
      <trkpt lat="33.31325883977115" lon="130.35440811887383">
        <ele>8.6</ele>
      </trkpt>
      <trkpt lat="33.31329949200153" lon="130.35439739003778">
        <ele>8.6</ele>
      </trkpt>
      <trkpt lat="33.313346011564136" lon="130.35438599064946">
        <ele>8.6</ele>
      </trkpt>
      <trkpt lat="33.31338565796614" lon="130.3543766029179">
        <ele>8.6</ele>
      </trkpt>
      <trkpt lat="33.313430501148105" lon="130.35436662845314">
        <ele>8.6</ele>
      </trkpt>
      <trkpt lat="33.31346444785595" lon="130.354361012578">
        <ele>8.6</ele>
      </trkpt>
      <trkpt lat="33.31350510008633" lon="130.3543512057513">
        <ele>8.6</ele>
      </trkpt>
      <trkpt lat="33.31353644840419" lon="130.35434366203845">
        <ele>8.6</ele>
      </trkpt>
      <trkpt lat="33.313579531386495" lon="130.35433779470623">
        <ele>8.6</ele>
      </trkpt>
      <trkpt lat="33.31361213698983" lon="130.35432890988886">
        <ele>8.6</ele>
      </trkpt>
      <trkpt lat="33.31365957856178" lon="130.35431583411992">
        <ele>8.6</ele>
      </trkpt>
      <trkpt lat="33.31368941813707" lon="130.35430535674095">
        <ele>8.6</ele>
      </trkpt>
      <trkpt lat="33.31373711116612" lon="130.3542925324291">
        <ele>8.8</ele>
      </trkpt>
      <trkpt lat="33.31376996822655" lon="130.3542883414775">
        <ele>8.8</ele>
      </trkpt>
      <trkpt lat="33.31381791271269" lon="130.35427836701274">
        <ele>8.8</ele>
      </trkpt>
      <trkpt lat="33.31385328434408" lon="130.35426562651992">
        <ele>8.8</ele>
      </trkpt>
      <trkpt lat="33.313899049535394" lon="130.35425062291324">
        <ele>8.8</ele>
      </trkpt>
      <trkpt lat="33.3139384444803" lon="130.35424148663878">
        <ele>8.8</ele>
      </trkpt>
      <trkpt lat="33.31398454494774" lon="130.35422849468887">
        <ele>8.8</ele>
      </trkpt>
      <trkpt lat="33.31401916220784" lon="130.35422438755631">
        <ele>8.8</ele>
      </trkpt>
      <trkpt lat="33.31406777724624" lon="130.35421600565314">
        <ele>8.8</ele>
      </trkpt>
      <trkpt lat="33.314101891592145" lon="130.3542066179216">
        <ele>8.8</ele>
      </trkpt>
      <trkpt lat="33.314145812764764" lon="130.35419723019004">
        <ele>8.8</ele>
      </trkpt>
      <trkpt lat="33.314180010929704" lon="130.35418516024947">
        <ele>8.8</ele>
      </trkpt>
      <trkpt lat="33.31422585994005" lon="130.3541751857847">
        <ele>8.8</ele>
      </trkpt>
      <trkpt lat="33.314258214086294" lon="130.3541651275009">
        <ele>9.0</ele>
      </trkpt>
      <trkpt lat="33.314300710335374" lon="130.35415733233094">
        <ele>9.0</ele>
      </trkpt>
      <trkpt lat="33.31433474086225" lon="130.35414677113295">
        <ele>9.0</ele>
      </trkpt>
      <trkpt lat="33.31438159570098" lon="130.35413780249655">
        <ele>9.2</ele>
      </trkpt>
      <trkpt lat="33.31442216411233" lon="130.35412573255599">
        <ele>9.2</ele>
      </trkpt>
      <trkpt lat="33.3144704438746" lon="130.35411668010056">
        <ele>9.2</ele>
      </trkpt>
      <trkpt lat="33.314503049477935" lon="130.35410536453128">
        <ele>9.4</ele>
      </trkpt>
      <trkpt lat="33.31455107778311" lon="130.3540969826281">
        <ele>9.4</ele>
      </trkpt>
      <trkpt lat="33.314583180472255" lon="130.35409119911492">
        <ele>9.4</ele>
      </trkpt>
      <trkpt lat="33.31462316215038" lon="130.35407946445048">
        <ele>9.4</ele>
      </trkpt>
      <trkpt lat="33.314658952876925" lon="130.35407485440373">
        <ele>9.4</ele>
      </trkpt>
      <trkpt lat="33.31470253877342" lon="130.3540626168251">
        <ele>9.4</ele>
      </trkpt>
      <trkpt lat="33.314738580957055" lon="130.35405725240707">
        <ele>9.6</ele>
      </trkpt>
      <trkpt lat="33.31478049047291" lon="130.35405012778938">
        <ele>9.6</ele>
      </trkpt>
      <trkpt lat="33.31481594592333" lon="130.3540401533246">
        <ele>9.6</ele>
      </trkpt>
      <trkpt lat="33.31486347131431" lon="130.35402791574597">
        <ele>9.6</ele>
      </trkpt>
      <trkpt lat="33.314900267869234" lon="130.3540202882141">
        <ele>9.6</ele>
      </trkpt>
      <trkpt lat="33.314944272860885" lon="130.3540076315403">
        <ele>9.6</ele>
      </trkpt>
      <trkpt lat="33.314980398863554" lon="130.35399447195232">
        <ele>9.6</ele>
      </trkpt>
      <trkpt lat="33.31502272747457" lon="130.35398449748755">
        <ele>9.8</ele>
      </trkpt>
      <trkpt lat="33.31505726091564" lon="130.3539741039276">
        <ele>9.8</ele>
      </trkpt>
      <trkpt lat="33.315100176259875" lon="130.35396144725382">
        <ele>9.8</ele>
      </trkpt>
      <trkpt lat="33.315136386081576" lon="130.35395298153162">
        <ele>9.8</ele>
      </trkpt>
      <trkpt lat="33.31517569720745" lon="130.35394359380007">
        <ele>9.8</ele>
      </trkpt>
      <trkpt lat="33.315213583409786" lon="130.3539378941059">
        <ele>9.8</ele>
      </trkpt>
      <trkpt lat="33.31526018679142" lon="130.35394007340074">
        <ele>9.8</ele>
      </trkpt>
      <trkpt lat="33.315302515402436" lon="130.35395365208387">
        <ele>9.8</ele>
      </trkpt>
      <trkpt lat="33.31534333527088" lon="130.35397158935666">
        <ele>10.0</ele>
      </trkpt>
      <trkpt lat="33.31537803635001" lon="130.3539994172752">
        <ele>10.2</ele>
      </trkpt>
      <trkpt lat="33.31540611572564" lon="130.35403235815465">
        <ele>10.4</ele>
      </trkpt>
      <trkpt lat="33.31542732194066" lon="130.3540818952024">
        <ele>10.6</ele>
      </trkpt>
      <trkpt lat="33.31544081680477" lon="130.3541268222034">
        <ele>10.6</ele>
      </trkpt>
      <trkpt lat="33.315451545640826" lon="130.35418272949755">
        <ele>10.8</ele>
      </trkpt>
      <trkpt lat="33.31545598804951" lon="130.35421910695732">
        <ele>11.0</ele>
      </trkpt>
      <trkpt lat="33.31546436995268" lon="130.3542769420892">
        <ele>11.0</ele>
      </trkpt>
      <trkpt lat="33.315473506227136" lon="130.35432312637568">
        <ele>11.0</ele>
      </trkpt>
      <trkpt lat="33.31548012793064" lon="130.35437786020339">
        <ele>11.2</ele>
      </trkpt>
      <trkpt lat="33.315486246719956" lon="130.354413818568">
        <ele>11.2</ele>
      </trkpt>
      <trkpt lat="33.31549655646086" lon="130.35446662455797">
        <ele>11.2</ele>
      </trkpt>
      <trkpt lat="33.315510554239154" lon="130.35450467839837">
        <ele>11.2</ele>
      </trkpt>
      <trkpt lat="33.31552170217037" lon="130.3545581549406">
        <ele>11.2</ele>
      </trkpt>
      <trkpt lat="33.315533939749" lon="130.35459729842842">
        <ele>11.2</ele>
      </trkpt>
      <trkpt lat="33.315540477633476" lon="130.35464976914227">
        <ele>11.2</ele>
      </trkpt>
      <trkpt lat="33.315550200641155" lon="130.35468623042107">
        <ele>11.2</ele>
      </trkpt>
      <trkpt lat="33.315559001639485" lon="130.35473878495395">
        <ele>11.2</ele>
      </trkpt>
      <trkpt lat="33.31555774435401" lon="130.35478706471622">
        <ele>11.0</ele>
      </trkpt>
      <trkpt lat="33.315558917820454" lon="130.35483911633492">
        <ele>11.0</ele>
      </trkpt>
      <trkpt lat="33.31556403078139" lon="130.35487859509885">
        <ele>11.0</ele>
      </trkpt>
      <trkpt lat="33.315573669970036" lon="130.3549331612885">
        <ele>11.0</ele>
      </trkpt>
      <trkpt lat="33.315582973882556" lon="130.3549704607576">
        <ele>11.0</ele>
      </trkpt>
      <trkpt lat="33.31559060141444" lon="130.3550235182047">
        <ele>11.0</ele>
      </trkpt>
      <trkpt lat="33.315599989145994" lon="130.35506551153958">
        <ele>11.0</ele>
      </trkpt>
      <trkpt lat="33.315611220896244" lon="130.3551149647683">
        <ele>11.0</ele>
      </trkpt>
      <trkpt lat="33.315619602799416" lon="130.35515712574124">
        <ele>11.0</ele>
      </trkpt>
      <trkpt lat="33.315629325807095" lon="130.35520892590284">
        <ele>11.0</ele>
      </trkpt>
      <trkpt lat="33.315637120977044" lon="130.3552550263703">
        <ele>11.0</ele>
      </trkpt>
      <trkpt lat="33.31564315594733" lon="130.35530883818865">
        <ele>11.0</ele>
      </trkpt>
      <trkpt lat="33.31565145403147" lon="130.3553491551429">
        <ele>11.0</ele>
      </trkpt>
      <trkpt lat="33.31565631553531" lon="130.35540506243706">
        <ele>10.8</ele>
      </trkpt>
      <trkpt lat="33.315655309706926" lon="130.35545736551285">
        <ele>10.8</ele>
      </trkpt>
      <trkpt lat="33.31565648317337" lon="130.355505309999">
        <ele>10.8</ele>
      </trkpt>
      <trkpt lat="33.31566612236202" lon="130.35554663278162">
        <ele>10.8</ele>
      </trkpt>
      <trkpt lat="33.315671905875206" lon="130.35559725947678">
        <ele>10.8</ele>
      </trkpt>
      <trkpt lat="33.315674336627126" lon="130.3556467127055">
        <ele>10.8</ele>
      </trkpt>
      <trkpt lat="33.315680203959346" lon="130.35569943487644">
        <ele>10.8</ele>
      </trkpt>
      <trkpt lat="33.31569327972829" lon="130.35574075765908">
        <ele>10.8</ele>
      </trkpt>
      <trkpt lat="33.31569788977504" lon="130.35579004324973">
        <ele>10.8</ele>
      </trkpt>
      <trkpt lat="33.31570685841143" lon="130.3558346349746">
        <ele>10.8</ele>
      </trkpt>
      <trkpt lat="33.3157118037343" lon="130.35588308237493">
        <ele>10.8</ele>
      </trkpt>
      <trkpt lat="33.3157223649323" lon="130.35592909902334">
        <ele>10.8</ele>
      </trkpt>
      <trkpt lat="33.31573158502579" lon="130.35597662441432">
        <ele>10.8</ele>
      </trkpt>
      <trkpt lat="33.315742230042815" lon="130.35602079704404">
        <ele>10.8</ele>
      </trkpt>
      <trkpt lat="33.315751031041145" lon="130.3560716751963">
        <ele>10.8</ele>
      </trkpt>
      <trkpt lat="33.315757401287556" lon="130.35611459054053">
        <ele>10.8</ele>
      </trkpt>
      <trkpt lat="33.31576511263847" lon="130.35616546869278">
        <ele>10.8</ele>
      </trkpt>
      <trkpt lat="33.31576947122812" lon="130.35621567629278">
        <ele>11.0</ele>
      </trkpt>
      <trkpt lat="33.31577651202679" lon="130.3562675602734">
        <ele>10.8</ele>
      </trkpt>
      <trkpt lat="33.315782714635134" lon="130.35631055943668">
        <ele>11.0</ele>
      </trkpt>
      <trkpt lat="33.315789671614766" lon="130.35635892301798">
        <ele>10.8</ele>
      </trkpt>
      <trkpt lat="33.31579537130892" lon="130.35640385001898">
        <ele>11.0</ele>
      </trkpt>
      <trkpt lat="33.315801406279206" lon="130.35645539872348">
        <ele>10.8</ele>
      </trkpt>
      <trkpt lat="33.31581188365817" lon="130.35649890080094">
        <ele>10.8</ele>
      </trkpt>
      <trkpt lat="33.31582110375166" lon="130.35654617473483">
        <ele>10.8</ele>
      </trkpt>
      <trkpt lat="33.315829737111926" lon="130.35659705288708">
        <ele>10.8</ele>
      </trkpt>
      <trkpt lat="33.31583593972027" lon="130.3566457517445">
        <ele>10.8</ele>
      </trkpt>
      <trkpt lat="33.31584742292762" lon="130.35668917000294">
        <ele>10.6</ele>
      </trkpt>
      <trkpt lat="33.315856559202075" lon="130.35673837177455">
        <ele>10.6</ele>
      </trkpt>
      <trkpt lat="33.3158637676388" lon="130.3567865677178">
        <ele>10.6</ele>
      </trkpt>
      <trkpt lat="33.31587156280875" lon="130.35683434456587">
        <ele>10.6</ele>
      </trkpt>
      <trkpt lat="33.315877513960004" lon="130.3568809479475">
        <ele>10.4</ele>
      </trkpt>
      <trkpt lat="33.315882794559" lon="130.35692445002496">
        <ele>10.4</ele>
      </trkpt>
      <trkpt lat="33.31588715314865" lon="130.35697541199625">
        <ele>10.4</ele>
      </trkpt>
      <trkpt lat="33.315891763195395" lon="130.35702318884432">
        <ele>10.4</ele>
      </trkpt>
      <trkpt lat="33.315896121785045" lon="130.35707741975784">
        <ele>10.4</ele>
      </trkpt>
      <trkpt lat="33.315901486203074" lon="130.35711731761694">
        <ele>10.4</ele>
      </trkpt>
      <trkpt lat="33.31590676680207" lon="130.35716836340725">
        <ele>10.2</ele>
      </trkpt>
      <trkpt lat="33.315915232524276" lon="130.3572057466954">
        <ele>10.2</ele>
      </trkpt>
      <trkpt lat="33.31592126749456" lon="130.35725821740925">
        <ele>10.2</ele>
      </trkpt>
      <trkpt lat="33.31592629663646" lon="130.35729777999222">
        <ele>10.2</ele>
      </trkpt>
      <trkpt lat="33.31593124195933" lon="130.35735041834414">
        <ele>10.2</ele>
      </trkpt>
      <trkpt lat="33.315938618034124" lon="130.35738805308938">
        <ele>10.0</ele>
      </trkpt>
      <trkpt lat="33.315945910289884" lon="130.35744471475482">
        <ele>10.0</ele>
      </trkpt>
      <trkpt lat="33.31595261581242" lon="130.3574840258807">
        <ele>10.0</ele>
      </trkpt>
      <trkpt lat="33.315961081534624" lon="130.35753943026066">
        <ele>10.0</ele>
      </trkpt>
      <trkpt lat="33.31596929579973" lon="130.3575759753585">
        <ele>10.2</ele>
      </trkpt>
      <trkpt lat="33.31597910262644" lon="130.35763272084296">
        <ele>10.2</ele>
      </trkpt>
      <trkpt lat="33.315990418195724" lon="130.35767639055848">
        <ele>10.2</ele>
      </trkpt>
      <trkpt lat="33.31600240431726" lon="130.3577340580523">
        <ele>10.0</ele>
      </trkpt>
      <trkpt lat="33.31601447425783" lon="130.357775548473">
        <ele>9.8</ele>
      </trkpt>
      <trkpt lat="33.31602344289422" lon="130.35782986320555">
        <ele>9.8</ele>
      </trkpt>
      <trkpt lat="33.316033920273185" lon="130.35787219181657">
        <ele>9.6</ele>
      </trkpt>
      <trkpt lat="33.316039368510246" lon="130.35792625509202">
        <ele>9.6</ele>
      </trkpt>
      <trkpt lat="33.31604867242277" lon="130.3579639736563">
        <ele>9.4</ele>
      </trkpt>
      <trkpt lat="33.31605764105916" lon="130.3580184560269">
        <ele>9.4</ele>
      </trkpt>
      <trkpt lat="33.31606996245682" lon="130.35805558785796">
        <ele>9.4</ele>
      </trkpt>
      <trkpt lat="33.31607683561742" lon="130.3581093158573">
        <ele>9.6</ele>
      </trkpt>
      <trkpt lat="33.31608949229121" lon="130.35814669914544">
        <ele>9.6</ele>
      </trkpt>
      <trkpt lat="33.31609234213829" lon="130.35820294171572">
        <ele>9.6</ele>
      </trkpt>
      <trkpt lat="33.316096449270844" lon="130.35824577324092">
        <ele>9.8</ele>
      </trkpt>
      <trkpt lat="33.316098377108574" lon="130.35830109380186">
        <ele>9.8</ele>
      </trkpt>
      <trkpt lat="33.316109189763665" lon="130.35834124311805">
        <ele>9.8</ele>
      </trkpt>
      <trkpt lat="33.316118996590376" lon="130.35839488729835">
        <ele>9.8</ele>
      </trkpt>
      <trkpt lat="33.31612452864647" lon="130.35843721590936">
        <ele>9.6</ele>
      </trkpt>
      <trkpt lat="33.3161298930645" lon="130.35849505104125">
        <ele>9.6</ele>
      </trkpt>
      <trkpt lat="33.316137017682195" lon="130.35853629000485">
        <ele>9.6</ele>
      </trkpt>
      <trkpt lat="33.31614162772894" lon="130.35859052091837">
        <ele>9.6</ele>
      </trkpt>
      <trkpt lat="33.31615042872727" lon="130.35863083787262">
        <ele>9.6</ele>
      </trkpt>
      <trkpt lat="33.316156128421426" lon="130.35868372768164">
        <ele>9.6</ele>
      </trkpt>
      <trkpt lat="33.31615889444947" lon="130.35872203297913">
        <ele>9.6</ele>
      </trkpt>
      <trkpt lat="33.316163923591375" lon="130.3587806224823">
        <ele>9.6</ele>
      </trkpt>
      <trkpt lat="33.316167779266834" lon="130.3588260523975">
        <ele>9.6</ele>
      </trkpt>
      <trkpt lat="33.31617725081742" lon="130.35888246260583">
        <ele>9.6</ele>
      </trkpt>
      <trkpt lat="33.31618705764413" lon="130.358925210312">
        <ele>9.6</ele>
      </trkpt>
      <trkpt lat="33.31619401462376" lon="130.35898312926292">
        <ele>9.6</ele>
      </trkpt>
      <trkpt lat="33.31619937904179" lon="130.35902461968362">
        <ele>9.4</ele>
      </trkpt>
      <trkpt lat="33.31621119752526" lon="130.3590742405504">
        <ele>9.4</ele>
      </trkpt>
      <trkpt lat="33.31622075289488" lon="130.35911539569497">
        <ele>9.4</ele>
      </trkpt>
      <trkpt lat="33.316226452589035" lon="130.35916258580983">
        <ele>9.4</ele>
      </trkpt>
      <trkpt lat="33.316235756501555" lon="130.35920231603086">
        <ele>9.4</ele>
      </trkpt>
      <trkpt lat="33.31624472513795" lon="130.35924824886024">
        <ele>9.4</ele>
      </trkpt>
      <trkpt lat="33.31625268794596" lon="130.3592904098332">
        <ele>9.4</ele>
      </trkpt>
      <trkpt lat="33.31626861356199" lon="130.35933835431933">
        <ele>9.4</ele>
      </trkpt>
      <trkpt lat="33.31628277897835" lon="130.35938101820648">
        <ele>9.4</ele>
      </trkpt>
      <trkpt lat="33.31630574539304" lon="130.35942795686424">
        <ele>9.4</ele>
      </trkpt>
      <trkpt lat="33.3163299690932" lon="130.35946207121015">
        <ele>9.4</ele>
      </trkpt>
      <trkpt lat="33.316354025155306" lon="130.35950590856373">
        <ele>9.4</ele>
      </trkpt>
      <trkpt lat="33.316376404836774" lon="130.3595438785851">
        <ele>9.4</ele>
      </trkpt>
      <trkpt lat="33.31640649586916" lon="130.3595867101103">
        <ele>9.4</ele>
      </trkpt>
      <trkpt lat="33.316431641578674" lon="130.35962065681815">
        <ele>9.4</ele>
      </trkpt>
      <trkpt lat="33.316464917734265" lon="130.3596575371921">
        <ele>9.2</ele>
      </trkpt>
      <trkpt lat="33.31649333238602" lon="130.3596910648048">
        <ele>9.2</ele>
      </trkpt>
      <trkpt lat="33.31653390079737" lon="130.35972551442683">
        <ele>9.2</ele>
      </trkpt>
      <trkpt lat="33.31657161936164" lon="130.35974504426122">
        <ele>9.0</ele>
      </trkpt>
      <trkpt lat="33.31660875119269" lon="130.35977781750262">
        <ele>9.0</ele>
      </trkpt>
      <trkpt lat="33.31664194352925" lon="130.35979818552732">
        <ele>9.0</ele>
      </trkpt>
      <trkpt lat="33.31668050028384" lon="130.35982836037874">
        <ele>8.8</ele>
      </trkpt>
      <trkpt lat="33.31671084277332" lon="130.35984814167023">
        <ele>8.8</ele>
      </trkpt>
      <trkpt lat="33.316747387871146" lon="130.35987596958876">
        <ele>8.8</ele>
      </trkpt>
      <trkpt lat="33.316777143627405" lon="130.35989189520478">
        <ele>8.8</ele>
      </trkpt>
      <trkpt lat="33.31681419163942" lon="130.35992399789393">
        <ele>8.6</ele>
      </trkpt>
      <trkpt lat="33.31684386357665" lon="130.35993908531964">
        <ele>8.8</ele>
      </trkpt>
      <trkpt lat="33.316880241036415" lon="130.35997462458909">
        <ele>8.8</ele>
      </trkpt>
      <trkpt lat="33.31691041588783" lon="130.35999482497573">
        <ele>8.8</ele>
      </trkpt>
      <trkpt lat="33.31694595515728" lon="130.36003187298775">
        <ele>8.8</ele>
      </trkpt>
      <trkpt lat="33.316973615437746" lon="130.36005215719342">
        <ele>8.8</ele>
      </trkpt>
      <trkpt lat="33.31700471229851" lon="130.36009155213833">
        <ele>8.8</ele>
      </trkpt>
      <trkpt lat="33.31702994182706" lon="130.36012021824718">
        <ele>8.8</ele>
      </trkpt>
      <trkpt lat="33.31706036813557" lon="130.3601622954011">
        <ele>8.8</ele>
      </trkpt>
      <trkpt lat="33.31708702258766" lon="130.36019439809024">
        <ele>8.8</ele>
      </trkpt>
      <trkpt lat="33.31711292266846" lon="130.36023806780577">
        <ele>8.8</ele>
      </trkpt>
      <trkpt lat="33.31713178195059" lon="130.3602658957243">
        <ele>8.8</ele>
      </trkpt>
      <trkpt lat="33.31715223379433" lon="130.3603156004101">
        <ele>8.8</ele>
      </trkpt>
      <trkpt lat="33.317170925438404" lon="130.36034921184182">
        <ele>8.8</ele>
      </trkpt>
      <trkpt lat="33.31718986853957" lon="130.36040134727955">
        <ele>8.8</ele>
      </trkpt>
      <trkpt lat="33.31720747053623" lon="130.3604350425303">
        <ele>8.8</ele>
      </trkpt>
      <trkpt lat="33.31722557544708" lon="130.36048064008355">
        <ele>8.8</ele>
      </trkpt>
      <trkpt lat="33.31724057905376" lon="130.36051534116268">
        <ele>8.8</ele>
      </trkpt>
      <trkpt lat="33.31725667230785" lon="130.3605698235333">
        <ele>8.8</ele>
      </trkpt>
      <trkpt lat="33.317268239334226" lon="130.36061164923012">
        <ele>8.8</ele>
      </trkpt>
      <trkpt lat="33.317282823845744" lon="130.3606639523059">
        <ele>8.8</ele>
      </trkpt>
      <trkpt lat="33.317290702834725" lon="130.36070167087018">
        <ele>8.8</ele>
      </trkpt>
      <trkpt lat="33.31730151548982" lon="130.36075212992728">
        <ele>9.0</ele>
      </trkpt>
      <trkpt lat="33.31730989739299" lon="130.36078951321542">
        <ele>9.0</ele>
      </trkpt>
      <trkpt lat="33.317319452762604" lon="130.36084349267185">
        <ele>9.0</ele>
      </trkpt>
      <trkpt lat="33.31732280552387" lon="130.36089353263378">
        <ele>9.0</ele>
      </trkpt>
      <trkpt lat="33.31732791848481" lon="130.3609408903867">
        <ele>9.0</ele>
      </trkpt>
      <trkpt lat="33.31733386963606" lon="130.36098799668252">
        <ele>9.2</ele>
      </trkpt>
      <trkpt lat="33.31734116189182" lon="130.36103744991124">
        <ele>9.2</ele>
      </trkpt>
      <trkpt lat="33.31735482439399" lon="130.3610846400261">
        <ele>9.2</ele>
      </trkpt>
      <trkpt lat="33.31736287102103" lon="130.36113576963544">
        <ele>9.2</ele>
      </trkpt>
      <trkpt lat="33.31736915744841" lon="130.36117969080806">
        <ele>9.2</ele>
      </trkpt>
      <trkpt lat="33.317376198247075" lon="130.3612252883613">
        <ele>9.2</ele>
      </trkpt>
      <trkpt lat="33.31738416105509" lon="130.36127013154328">
        <ele>9.2</ele>
      </trkpt>
      <trkpt lat="33.31739304587245" lon="130.36131715402007">
        <ele>9.2</ele>
      </trkpt>
      <trkpt lat="33.31740469671786" lon="130.3613650985062">
        <ele>9.2</ele>
      </trkpt>
      <trkpt lat="33.3174127433449" lon="130.36141136661172">
        <ele>9.4</ele>
      </trkpt>
      <trkpt lat="33.317418191581964" lon="130.361459646374">
        <ele>9.4</ele>
      </trkpt>
      <trkpt lat="33.31742732785642" lon="130.36150650121272">
        <ele>9.4</ele>
      </trkpt>
      <trkpt lat="33.317434871569276" lon="130.36155444569886">
        <ele>9.4</ele>
      </trkpt>
      <trkpt lat="33.31744283437729" lon="130.36159836687148">
        <ele>9.4</ele>
      </trkpt>
      <trkpt lat="33.3174492046237" lon="130.36164857447147">
        <ele>9.4</ele>
      </trkpt>
      <trkpt lat="33.317455826327205" lon="130.36169350147247">
        <ele>9.4</ele>
      </trkpt>
      <trkpt lat="33.317464124411345" lon="130.36174396052957">
        <ele>9.4</ele>
      </trkpt>
      <trkpt lat="33.31747217103839" lon="130.36178645677865">
        <ele>9.4</ele>
      </trkpt>
      <trkpt lat="33.31747803837061" lon="130.3618394304067">
        <ele>9.2</ele>
      </trkpt>
      <trkpt lat="33.31748248077929" lon="130.3618758916855">
        <ele>9.2</ele>
      </trkpt>
      <trkpt lat="33.31748834811151" lon="130.36192894913256">
        <ele>9.2</ele>
      </trkpt>
      <trkpt lat="33.31749513745308" lon="130.36196666769683">
        <ele>9.2</ele>
      </trkpt>
      <trkpt lat="33.3175044413656" lon="130.36202014423907">
        <ele>9.2</ele>
      </trkpt>
      <trkpt lat="33.31751458346844" lon="130.36205786280334">
        <ele>9.2</ele>
      </trkpt>
      <trkpt lat="33.31752120517194" lon="130.36211184225976">
        <ele>9.2</ele>
      </trkpt>
      <trkpt lat="33.31753369420767" lon="130.36214964464307">
        <ele>9.2</ele>
      </trkpt>
      <trkpt lat="33.31753813661635" lon="130.36220320500433">
        <ele>9.2</ele>
      </trkpt>
      <trkpt lat="33.31754366867244" lon="130.362239331007">
        <ele>9.4</ele>
      </trkpt>
      <trkpt lat="33.31754878163338" lon="130.36229314282537">
        <ele>9.4</ele>
      </trkpt>
      <trkpt lat="33.31756160594523" lon="130.36233320832253">
        <ele>9.4</ele>
      </trkpt>
      <trkpt lat="33.31756881438196" lon="130.36238559521735">
        <ele>9.4</ele>
      </trkpt>
      <trkpt lat="33.31757568754256" lon="130.36242440342903">
        <ele>9.4</ele>
      </trkpt>
      <trkpt lat="33.317580968141556" lon="130.3624784667045">
        <ele>9.4</ele>
      </trkpt>
      <trkpt lat="33.317588679492474" lon="130.36252213642">
        <ele>9.2</ele>
      </trkpt>
      <trkpt lat="33.31759680993855" lon="130.36257770843804">
        <ele>9.2</ele>
      </trkpt>
      <trkpt lat="33.31760351546109" lon="130.36261844448745">
        <ele>9.2</ele>
      </trkpt>
      <trkpt lat="33.31761064007878" lon="130.3626725077629">
        <ele>9.2</ele>
      </trkpt>
      <trkpt lat="33.31761977635324" lon="130.36270997487009">
        <ele>9.2</ele>
      </trkpt>
      <trkpt lat="33.31762849353254" lon="130.36276697181165">
        <ele>9.2</ele>
      </trkpt>
      <trkpt lat="33.317633271217346" lon="130.36281181499362">
        <ele>9.2</ele>
      </trkpt>
      <trkpt lat="33.3176355343312" lon="130.36286688409746">
        <ele>9.2</ele>
      </trkpt>
      <trkpt lat="33.317642491310835" lon="130.36290518939495">
        <ele>9.2</ele>
      </trkpt>
      <trkpt lat="33.31764316186309" lon="130.36296143196523">
        <ele>9.2</ele>
      </trkpt>
      <trkpt lat="33.31764894537628" lon="130.3630023356527">
        <ele>9.2</ele>
      </trkpt>
      <trkpt lat="33.317654728889465" lon="130.36305732093751">
        <ele>9.4</ele>
      </trkpt>
      <trkpt lat="33.31766185350716" lon="130.36309621296823">
        <ele>9.2</ele>
      </trkpt>
      <trkpt lat="33.31766755320132" lon="130.36315622739494">
        <ele>9.2</ele>
      </trkpt>
      <trkpt lat="33.31767241470516" lon="130.36319587379694">
        <ele>9.2</ele>
      </trkpt>
      <trkpt lat="33.31768079660833" lon="130.36324884742498">
        <ele>9.2</ele>
      </trkpt>
      <trkpt lat="33.317689346149564" lon="130.36328530870378">
        <ele>9.2</ele>
      </trkpt>
      <trkpt lat="33.317690938711166" lon="130.36333870142698">
        <ele>9.4</ele>
      </trkpt>
      <trkpt lat="33.317698733881116" lon="130.3633762523532">
        <ele>9.4</ele>
      </trkpt>
      <trkpt lat="33.31770493648946" lon="130.36343500949442">
        <ele>9.4</ele>
      </trkpt>
      <trkpt lat="33.31771616823971" lon="130.36347147077322">
        <ele>9.4</ele>
      </trkpt>
      <trkpt lat="33.3177306689322" lon="130.36352679133415">
        <ele>9.4</ele>
      </trkpt>
      <trkpt lat="33.31773796118796" lon="130.36356082186103">
        <ele>9.4</ele>
      </trkpt>
      <trkpt lat="33.31775112077594" lon="130.36361346021295">
        <ele>9.4</ele>
      </trkpt>
      <trkpt lat="33.31776034086943" lon="130.3636510949582">
        <ele>9.4</ele>
      </trkpt>
      <trkpt lat="33.3177687227726" lon="130.36370591260493">
        <ele>9.4</ele>
      </trkpt>
      <trkpt lat="33.31777358427644" lon="130.36374036222696">
        <ele>9.6</ele>
      </trkpt>
      <trkpt lat="33.317781295627356" lon="130.3637965209782">
        <ele>9.6</ele>
      </trkpt>
      <trkpt lat="33.31778682768345" lon="130.36383440718055">
        <ele>9.6</ele>
      </trkpt>
      <trkpt lat="33.31779168918729" lon="130.3638926614076">
        <ele>9.6</ele>
      </trkpt>
      <trkpt lat="33.317800825461745" lon="130.36393121816218">
        <ele>9.8</ele>
      </trkpt>
      <trkpt lat="33.317807698622346" lon="130.36398461088538">
        <ele>9.8</ele>
      </trkpt>
      <trkpt lat="33.317814068868756" lon="130.3640253469348">
        <ele>9.8</ele>
      </trkpt>
      <trkpt lat="33.317821277305484" lon="130.3640779852867">
        <ele>9.8</ele>
      </trkpt>
      <trkpt lat="33.31783032976091" lon="130.36411436274648">
        <ele>10.0</ele>
      </trkpt>
      <trkpt lat="33.317835526540875" lon="130.36416507326066">
        <ele>10.0</ele>
      </trkpt>
      <trkpt lat="33.317841142416" lon="130.36420463584363">
        <ele>10.0</ele>
      </trkpt>
      <trkpt lat="33.31784256733954" lon="130.36426280625165">
        <ele>10.2</ele>
      </trkpt>
      <trkpt lat="33.317844746634364" lon="130.36430555395782">
        <ele>10.2</ele>
      </trkpt>
      <trkpt lat="33.31784256733954" lon="130.3643647301942">
        <ele>10.4</ele>
      </trkpt>
      <trkpt lat="33.31784407608211" lon="130.36440529860556">
        <ele>10.4</ele>
      </trkpt>
      <trkpt lat="33.31784340552986" lon="130.36446204409003">
        <ele>10.6</ele>
      </trkpt>
      <trkpt lat="33.31784851849079" lon="130.36450219340622">
        <ele>10.6</ele>
      </trkpt>
      <trkpt lat="33.31784600391984" lon="130.36455675959587">
        <ele>10.6</ele>
      </trkpt>
      <trkpt lat="33.31785497255623" lon="130.3645980823785">
        <ele>10.6</ele>
      </trkpt>
      <trkpt lat="33.31786301918328" lon="130.36464979872108">
        <ele>10.2</ele>
      </trkpt>
      <trkpt lat="33.31786905415356" lon="130.36469246260822">
        <ele>10.0</ele>
      </trkpt>
      <trkpt lat="33.31787467002869" lon="130.36474124528468">
        <ele>10.0</ele>
      </trkpt>
      <trkpt lat="33.31787810660899" lon="130.3647849150002">
        <ele>10.0</ele>
      </trkpt>
      <trkpt lat="33.31787928007543" lon="130.36483529023826">
        <ele>10.0</ele>
      </trkpt>
      <trkpt lat="33.3178910985589" lon="130.3648774512112">
        <ele>10.0</ele>
      </trkpt>
      <trkpt lat="33.317897049710155" lon="130.3649289160967">
        <ele>10.0</ele>
      </trkpt>
      <trkpt lat="33.31790618598461" lon="130.36497233435512">
        <ele>10.0</ele>
      </trkpt>
      <trkpt lat="33.317912723869085" lon="130.36501843482256">
        <ele>10.0</ele>
      </trkpt>
      <trkpt lat="33.31791741773486" lon="130.36506193690002">
        <ele>10.0</ele>
      </trkpt>
      <trkpt lat="33.3179222792387" lon="130.36510912701488">
        <ele>10.0</ele>
      </trkpt>
      <trkpt lat="33.31793057732284" lon="130.36515447311103">
        <ele>10.0</ele>
      </trkpt>
      <trkpt lat="33.317936193197966" lon="130.36520442925394">
        <ele>10.0</ele>
      </trkpt>
      <trkpt lat="33.31794340163469" lon="130.36524893715978">
        <ele>10.0</ele>
      </trkpt>
      <trkpt lat="33.317947844043374" lon="130.36529545672238">
        <ele>10.4</ele>
      </trkpt>
      <trkpt lat="33.31795295700431" lon="130.36534214392304">
        <ele>10.4</ele>
      </trkpt>
      <trkpt lat="33.31796100363135" lon="130.365386987105">
        <ele>10.4</ele>
      </trkpt>
      <trkpt lat="33.31796293146908" lon="130.3654358536005">
        <ele>10.4</ele>
      </trkpt>
      <trkpt lat="33.31797709688544" lon="130.3654812835157">
        <ele>10.4</ele>
      </trkpt>
      <trkpt lat="33.317990424111485" lon="130.3655288927257">
        <ele>10.2</ele>
      </trkpt>
      <trkpt lat="33.3179999794811" lon="130.3655748255551">
        <ele>10.2</ele>
      </trkpt>
      <trkpt lat="33.318008948117495" lon="130.36562285386026">
        <ele>10.2</ele>
      </trkpt>
      <trkpt lat="33.31802009604871" lon="130.365669708699">
        <ele>10.2</ele>
      </trkpt>
      <trkpt lat="33.31803359091282" lon="130.3657170664519">
        <ele>10.2</ele>
      </trkpt>
      <trkpt lat="33.31804398447275" lon="130.36576258018613">
        <ele>10.2</ele>
      </trkpt>
      <trkpt lat="33.31804918125272" lon="130.36580884829164">
        <ele>10.2</ele>
      </trkpt>
      <trkpt lat="33.318059826269746" lon="130.36585620604455">
        <ele>10.2</ele>
      </trkpt>
      <trkpt lat="33.318074913695455" lon="130.365902306512">
        <ele>10.2</ele>
      </trkpt>
      <trkpt lat="33.31808505579829" lon="130.36595268175006">
        <ele>10.4</ele>
      </trkpt>
      <trkpt lat="33.31809813156724" lon="130.36599894985557">
        <ele>10.4</ele>
      </trkpt>
      <trkpt lat="33.31810944713652" lon="130.36604521796107">
        <ele>10.4</ele>
      </trkpt>
      <trkpt lat="33.318121852353215" lon="130.36609039641917">
        <ele>10.4</ele>
      </trkpt>
      <trkpt lat="33.31813023425639" lon="130.36613230593503">
        <ele>10.4</ele>
      </trkpt>
      <trkpt lat="33.31814305856824" lon="130.36617253907025">
        <ele>10.6</ele>
      </trkpt>
      <trkpt lat="33.31815294921398" lon="130.3662197291851">
        <ele>10.6</ele>
      </trkpt>
      <trkpt lat="33.31816351041198" lon="130.36625929176807">
        <ele>10.8</ele>
      </trkpt>
      <trkpt lat="33.318171640858054" lon="130.36630723625422">
        <ele>10.8</ele>
      </trkpt>
      <trkpt lat="33.31817666999996" lon="130.3663497325033">
        <ele>11.0</ele>
      </trkpt>
      <trkpt lat="33.31818211823702" lon="130.36640320904553">
        <ele>11.2</ele>
      </trkpt>
      <trkpt lat="33.31819578073919" lon="130.36644377745688">
        <ele>11.4</ele>
      </trkpt>
      <trkpt lat="33.318200558423996" lon="130.36649121902883">
        <ele>11.6</ele>
      </trkpt>
      <trkpt lat="33.318202989175916" lon="130.36653388291597">
        <ele>11.8</ele>
      </trkpt>
      <trkpt lat="33.31820759922266" lon="130.36658174358308">
        <ele>12.2</ele>
      </trkpt>
      <trkpt lat="33.318210281431675" lon="130.36662398837507">
        <ele>12.4</ele>
      </trkpt>
      <trkpt lat="33.31821505911648" lon="130.36667151376605">
        <ele>12.8</ele>
      </trkpt>
      <trkpt lat="33.31822268664837" lon="130.36671224981546">
        <ele>13.2</ele>
      </trkpt>
      <trkpt lat="33.31823165528476" lon="130.36676488816738">
        <ele>13.4</ele>
      </trkpt>
      <trkpt lat="33.31823500804603" lon="130.36680344492197">
        <ele>13.6</ele>
      </trkpt>
      <trkpt lat="33.31824288703501" lon="130.36685499362648">
        <ele>13.6</ele>
      </trkpt>
      <trkpt lat="33.318252777680755" lon="130.3668963164091">
        <ele>13.8</ele>
      </trkpt>
      <trkpt lat="33.31826149486005" lon="130.3669491223991">
        <ele>13.8</ele>
      </trkpt>
      <trkpt lat="33.31827021203935" lon="130.36698566749692">
        <ele>14.2</ele>
      </trkpt>
      <trkpt lat="33.31827842630446" lon="130.36704132333398">
        <ele>14.6</ele>
      </trkpt>
      <trkpt lat="33.31828806549311" lon="130.36708122119308">
        <ele>14.8</ele>
      </trkpt>
      <trkpt lat="33.31829317845404" lon="130.36713444627821">
        <ele>15.0</ele>
      </trkpt>
      <trkpt lat="33.31830239854753" lon="130.36717182956636">
        <ele>15.2</ele>
      </trkpt>
      <trkpt lat="33.318311367183924" lon="130.36722497083247">
        <ele>15.2</ele>
      </trkpt>
      <trkpt lat="33.318320168182254" lon="130.36726059392095">
        <ele>15.6</ele>
      </trkpt>
      <trkpt lat="33.31832578405738" lon="130.3673130646348">
        <ele>16.0</ele>
      </trkpt>
      <trkpt lat="33.31832922063768" lon="130.3673481848091">
        <ele>16.2</ele>
      </trkpt>
      <trkpt lat="33.318332908675075" lon="130.36740149371326">
        <ele>16.4</ele>
      </trkpt>
      <trkpt lat="33.318335842341185" lon="130.3674414753914">
        <ele>16.6</ele>
      </trkpt>
      <trkpt lat="33.3183350879699" lon="130.36749704740942">
        <ele>16.6</ele>
      </trkpt>
      <trkpt lat="33.318338273093104" lon="130.36753912456334">
        <ele>16.6</ele>
      </trkpt>
      <trkpt lat="33.31833802163601" lon="130.36758866161108">
        <ele>16.6</ele>
      </trkpt>
      <trkpt lat="33.318342631682754" lon="130.36763199605048">
        <ele>16.6</ele>
      </trkpt>
      <trkpt lat="33.31834145821631" lon="130.36768320947886">
        <ele>16.6</ele>
      </trkpt>
      <trkpt lat="33.3183419611305" lon="130.36772528663278">
        <ele>16.6</ele>
      </trkpt>
      <trkpt lat="33.3183453977108" lon="130.3677781764418">
        <ele>16.6</ele>
      </trkpt>
      <trkpt lat="33.31835604272783" lon="130.36782821640372">
        <ele>16.6</ele>
      </trkpt>
      <trkpt lat="33.318356378003955" lon="130.3678783401847">
        <ele>16.6</ele>
      </trkpt>
      <trkpt lat="33.31836459226906" lon="130.3679259493947">
        <ele>16.4</ele>
      </trkpt>
      <trkpt lat="33.31836593337357" lon="130.36797515116632">
        <ele>16.4</ele>
      </trkpt>
      <trkpt lat="33.31836819648743" lon="130.36802032962441">
        <ele>16.2</ele>
      </trkpt>
      <trkpt lat="33.31836836412549" lon="130.3680681064725">
        <ele>16.2</ele>
      </trkpt>
      <trkpt lat="33.3183765783906" lon="130.36811864934862">
        <ele>16.2</ele>
      </trkpt>
      <trkpt lat="33.31838169135153" lon="130.36816575564444">
        <ele>16.0</ele>
      </trkpt>
      <trkpt lat="33.31838822923601" lon="130.36821411922574">
        <ele>15.8</ele>
      </trkpt>
      <trkpt lat="33.31839267164469" lon="130.3682610578835">
        <ele>15.6</ele>
      </trkpt>
      <trkpt lat="33.31839778460562" lon="130.36830900236964">
        <ele>15.6</ele>
      </trkpt>
      <trkpt lat="33.31840298138559" lon="130.36835166625679">
        <ele>15.6</ele>
      </trkpt>
      <trkpt lat="33.318409686908126" lon="130.36840187385678">
        <ele>15.4</ele>
      </trkpt>
      <trkpt lat="33.31841488368809" lon="130.36844805814326">
        <ele>15.4</ele>
      </trkpt>
      <trkpt lat="33.31841924227774" lon="130.368508156389">
        <ele>15.4</ele>
      </trkpt>
      <trkpt lat="33.31842611543834" lon="130.36855090409517">
        <ele>15.4</ele>
      </trkpt>
      <trkpt lat="33.31843474879861" lon="130.36860664375126">
        <ele>15.4</ele>
      </trkpt>
      <trkpt lat="33.31843969412148" lon="130.3686458710581">
        <ele>15.4</ele>
      </trkpt>
      <trkpt lat="33.31844908185303" lon="130.36870379000902">
        <ele>15.2</ele>
      </trkpt>
      <trkpt lat="33.318461403250694" lon="130.368746034801">
        <ele>14.8</ele>
      </trkpt>
      <trkpt lat="33.31847112625837" lon="130.3687991760671">
        <ele>14.4</ele>
      </trkpt>
      <trkpt lat="33.31848185509443" lon="130.36883915774524">
        <ele>14.4</ele>
      </trkpt>
      <trkpt lat="33.3184888958931" lon="130.36889498122036">
        <ele>14.2</ele>
      </trkpt>
      <trkpt lat="33.31849652342498" lon="130.3689394891262">
        <ele>14.2</ele>
      </trkpt>
      <trkpt lat="33.31850457005203" lon="130.3689949773252">
        <ele>14.0</ele>
      </trkpt>
      <trkpt lat="33.31851580180228" lon="130.36904107779264">
        <ele>13.8</ele>
      </trkpt>
      <trkpt lat="33.31852435134351" lon="130.36909706890583">
        <ele>13.6</ele>
      </trkpt>
      <trkpt lat="33.318527871742845" lon="130.3691430017352">
        <ele>13.2</ele>
      </trkpt>
      <trkpt lat="33.3185317274183" lon="130.3691994957626">
        <ele>12.8</ele>
      </trkpt>
      <trkpt lat="33.31853985786438" lon="130.36924283020198">
        <ele>12.4</ele>
      </trkpt>
      <trkpt lat="33.31854681484401" lon="130.36929697729647">
        <ele>12.2</ele>
      </trkpt>
      <trkpt lat="33.31855653785169" lon="130.36934425123036">
        <ele>12.2</ele>
      </trkpt>
      <trkpt lat="33.31856081262231" lon="130.36939965561032">
        <ele>12.2</ele>
      </trkpt>
      <trkpt lat="33.3185665961355" lon="130.36943930201232">
        <ele>12.0</ele>
      </trkpt>
      <trkpt lat="33.31856274046004" lon="130.36949378438294">
        <ele>12.0</ele>
      </trkpt>
      <trkpt lat="33.31856542266905" lon="130.36953577771783">
        <ele>12.0</ele>
      </trkpt>
      <trkpt lat="33.318565003573895" lon="130.36958824843168">
        <ele>11.8</ele>
      </trkpt>
      <trkpt lat="33.31857296638191" lon="130.36962613463402">
        <ele>11.8</ele>
      </trkpt>
      <trkpt lat="33.318575816228986" lon="130.3696850594133">
        <ele>11.6</ele>
      </trkpt>
      <trkpt lat="33.31858042627573" lon="130.36972923204303">
        <ele>11.6</ele>
      </trkpt>
      <trkpt lat="33.31857992336154" lon="130.36978790536523">
        <ele>11.4</ele>
      </trkpt>
      <trkpt lat="33.31857942044735" lon="130.36982914432883">
        <ele>11.4</ele>
      </trkpt>
      <trkpt lat="33.31857757642865" lon="130.3698816150427">
        <ele>11.4</ele>
      </trkpt>
      <trkpt lat="33.318579168990254" lon="130.3699292242527">
        <ele>11.4</ele>
      </trkpt>
      <trkpt lat="33.31857958808541" lon="130.36998018622398">
        <ele>11.2</ele>
      </trkpt>
      <trkpt lat="33.31857841461897" lon="130.37002746015787">
        <ele>11.2</ele>
      </trkpt>
      <trkpt lat="33.31857732497156" lon="130.37007808685303">
        <ele>11.0</ele>
      </trkpt>
      <trkpt lat="33.318572379648685" lon="130.37011463195086">
        <ele>11.0</ele>
      </trkpt>
      <trkpt lat="33.31856709904969" lon="130.37016224116087">
        <ele>11.0</ele>
      </trkpt>
      <trkpt lat="33.31856248900294" lon="130.37021001800895">
        <ele>11.0</ele>
      </trkpt>
      <trkpt lat="33.31856030970812" lon="130.37026072852314">
        <ele>11.0</ele>
      </trkpt>
      <trkpt lat="33.318566009402275" lon="130.37030498497188">
        <ele>11.0</ele>
      </trkpt>
      <trkpt lat="33.31856927834451" lon="130.37035544402897">
        <ele>10.8</ele>
      </trkpt>
      <trkpt lat="33.31856860779226" lon="130.370400454849">
        <ele>10.8</ele>
      </trkpt>
      <trkpt lat="33.318569362163544" lon="130.37044982425869">
        <ele>10.8</ele>
      </trkpt>
      <trkpt lat="33.318573301658034" lon="130.3704950865358">
        <ele>10.8</ele>
      </trkpt>
      <trkpt lat="33.318572882562876" lon="130.37054319866002">
        <ele>10.6</ele>
      </trkpt>
      <trkpt lat="33.31857246346772" lon="130.37059055641294">
        <ele>10.8</ele>
      </trkpt>
      <trkpt lat="33.31856885924935" lon="130.3706411831081">
        <ele>10.6</ele>
      </trkpt>
      <trkpt lat="33.31856709904969" lon="130.3706895466894">
        <ele>10.8</ele>
      </trkpt>
      <trkpt lat="33.31856911070645" lon="130.37073883228004">
        <ele>10.6</ele>
      </trkpt>
      <trkpt lat="33.31857112236321" lon="130.3707852680236">
        <ele>10.8</ele>
      </trkpt>
      <trkpt lat="33.31856885924935" lon="130.37083396688104">
        <ele>10.8</ele>
      </trkpt>
      <trkpt lat="33.318567937240005" lon="130.3708777204156">
        <ele>10.8</ele>
      </trkpt>
      <trkpt lat="33.31856667995453" lon="130.37092943675816">
        <ele>10.8</ele>
      </trkpt>
      <trkpt lat="33.318565087392926" lon="130.3709744475782">
        <ele>10.6</ele>
      </trkpt>
      <trkpt lat="33.318567015230656" lon="130.3710223082453">
        <ele>10.6</ele>
      </trkpt>
      <trkpt lat="33.31857372075319" lon="130.37106656469405">
        <ele>10.6</ele>
      </trkpt>
      <trkpt lat="33.318574810400605" lon="130.37111802957952">
        <ele>10.8</ele>
      </trkpt>
      <trkpt lat="33.318573888391256" lon="130.37116454914212">
        <ele>10.6</ele>
      </trkpt>
      <trkpt lat="33.318572882562876" lon="130.37121475674212">
        <ele>10.6</ele>
      </trkpt>
      <trkpt lat="33.318570367991924" lon="130.37125825881958">
        <ele>10.6</ele>
      </trkpt>
      <trkpt lat="33.31856852397323" lon="130.3713053651154">
        <ele>10.6</ele>
      </trkpt>
      <trkpt lat="33.31856383010745" lon="130.37135305814445">
        <ele>10.6</ele>
      </trkpt>
      <trkpt lat="33.31856391392648" lon="130.37140083499253">
        <ele>10.8</ele>
      </trkpt>
      <trkpt lat="33.31856232136488" lon="130.37144693545997">
        <ele>10.6</ele>
      </trkpt>
      <trkpt lat="33.318563997745514" lon="130.37149848416448">
        <ele>10.6</ele>
      </trkpt>
      <trkpt lat="33.31856877543032" lon="130.3715503681451">
        <ele>10.8</ele>
      </trkpt>
      <trkpt lat="33.31857355311513" lon="130.37160065956414">
        <ele>10.8</ele>
      </trkpt>
      <trkpt lat="33.31857078708708" lon="130.37164701148868">
        <ele>10.8</ele>
      </trkpt>
      <trkpt lat="33.31857263110578" lon="130.37169654853642">
        <ele>10.8</ele>
      </trkpt>
      <trkpt lat="33.31857548095286" lon="130.3717491030693">
        <ele>10.8</ele>
      </trkpt>
      <trkpt lat="33.31857782788575" lon="130.371795874089">
        <ele>10.8</ele>
      </trkpt>
      <trkpt lat="33.318578246980906" lon="130.37184113636613">
        <ele>11.0</ele>
      </trkpt>
      <trkpt lat="33.318582605570555" lon="130.37188908085227">
        <ele>11.0</ele>
      </trkpt>
      <trkpt lat="33.318584617227316" lon="130.37193853408098">
        <ele>11.0</ele>
      </trkpt>
      <trkpt lat="33.318589394912124" lon="130.37199016660452">
        <ele>11.2</ele>
      </trkpt>
      <trkpt lat="33.31859199330211" lon="130.37204490043223">
        <ele>11.2</ele>
      </trkpt>
      <trkpt lat="33.318599285557866" lon="130.37209209054708">
        <ele>11.2</ele>
      </trkpt>
      <trkpt lat="33.31860104575753" lon="130.37214204669">
        <ele>11.0</ele>
      </trkpt>
      <trkpt lat="33.318606577813625" lon="130.3721909970045">
        <ele>11.0</ele>
      </trkpt>
      <trkpt lat="33.318607080727816" lon="130.37224003113806">
        <ele>10.8</ele>
      </trkpt>
      <trkpt lat="33.318610433489084" lon="130.37228705361485">
        <ele>10.8</ele>
      </trkpt>
      <trkpt lat="33.31861420534551" lon="130.37233717739582">
        <ele>10.8</ele>
      </trkpt>
      <trkpt lat="33.31862065941095" lon="130.37238026037812">
        <ele>10.8</ele>
      </trkpt>
      <trkpt lat="33.31862040795386" lon="130.3724372573197">
        <ele>10.8</ele>
      </trkpt>
      <trkpt lat="33.31862669438124" lon="130.37248260341585">
        <ele>10.8</ele>
      </trkpt>
      <trkpt lat="33.31863323226571" lon="130.37253633141518">
        <ele>10.6</ele>
      </trkpt>
      <trkpt lat="33.31863943487406" lon="130.37257086485624">
        <ele>10.6</ele>
      </trkpt>
      <trkpt lat="33.31864831969142" lon="130.37262476049364">
        <ele>10.4</ele>
      </trkpt>
      <trkpt lat="33.318653013557196" lon="130.37266633473337">
        <ele>10.2</ele>
      </trkpt>
      <trkpt lat="33.31865326501429" lon="130.37272199057043">
        <ele>10.0</ele>
      </trkpt>
      <trkpt lat="33.31866290420294" lon="130.37276465445757">
        <ele>10.0</ele>
      </trkpt>
      <trkpt lat="33.31866743043065" lon="130.37282056175172">
        <ele>10.0</ele>
      </trkpt>
      <trkpt lat="33.3186717890203" lon="130.37285945378244">
        <ele>10.0</ele>
      </trkpt>
      <trkpt lat="33.31867631524801" lon="130.37291678600013">
        <ele>9.8</ele>
      </trkpt>
      <trkpt lat="33.318685200065374" lon="130.37295919843018">
        <ele>9.8</ele>
      </trkpt>
      <trkpt lat="33.31869073212147" lon="130.3730176202953">
        <ele>9.8</ele>
      </trkpt>
      <trkpt lat="33.31870246678591" lon="130.37305575795472">
        <ele>9.6</ele>
      </trkpt>
      <trkpt lat="33.318717051297426" lon="130.3731096535921">
        <ele>9.6</ele>
      </trkpt>
      <trkpt lat="33.31873373128474" lon="130.37315106019378">
        <ele>9.6</ele>
      </trkpt>
      <trkpt lat="33.318747812882066" lon="130.37320679984987">
        <ele>9.6</ele>
      </trkpt>
      <trkpt lat="33.31875887699425" lon="130.3732460271567">
        <ele>9.6</ele>
      </trkpt>
      <trkpt lat="33.31876600161195" lon="130.37329950369895">
        <ele>9.4</ele>
      </trkpt>
      <trkpt lat="33.318775556981564" lon="130.37334057502449">
        <ele>9.4</ele>
      </trkpt>
      <trkpt lat="33.31878092139959" lon="130.37339681759477">
        <ele>9.4</ele>
      </trkpt>
      <trkpt lat="33.318784357979894" lon="130.37343805655837">
        <ele>9.4</ele>
      </trkpt>
      <trkpt lat="33.318791817873716" lon="130.37348583340645">
        <ele>9.4</ele>
      </trkpt>
      <trkpt lat="33.31879332661629" lon="130.3735319338739">
        <ele>9.4</ele>
      </trkpt>
      <trkpt lat="33.31880036741495" lon="130.3735811356455">
        <ele>9.4</ele>
      </trkpt>
      <trkpt lat="33.3188152872026" lon="130.37362011149526">
        <ele>9.4</ele>
      </trkpt>
      <trkpt lat="33.318827357143164" lon="130.3736701514572">
        <ele>9.4</ele>
      </trkpt>
      <trkpt lat="33.318833727389574" lon="130.37371516227722">
        <ele>9.4</ele>
      </trkpt>
      <trkpt lat="33.31884244456887" lon="130.3737668786198">
        <ele>9.4</ele>
      </trkpt>
      <trkpt lat="33.31884755752981" lon="130.37380769848824">
        <ele>9.4</ele>
      </trkpt>
      <trkpt lat="33.318859124556184" lon="130.37386142648757">
        <ele>9.4</ele>
      </trkpt>
      <trkpt lat="33.31886985339224" lon="130.37390710785985">
        <ele>9.4</ele>
      </trkpt>
      <trkpt lat="33.318879241123796" lon="130.3739566449076">
        <ele>9.4</ele>
      </trkpt>
      <trkpt lat="33.318888042122126" lon="130.37400299683213">
        <ele>9.4</ele>
      </trkpt>
      <trkpt lat="33.31889818422496" lon="130.37404800765216">
        <ele>9.4</ele>
      </trkpt>
      <trkpt lat="33.31890891306102" lon="130.3740914259106">
        <ele>9.6</ele>
      </trkpt>
      <trkpt lat="33.31891796551645" lon="130.37413626909256">
        <ele>9.6</ele>
      </trkpt>
      <trkpt lat="33.318927520886064" lon="130.37418295629323">
        <ele>9.6</ele>
      </trkpt>
      <trkpt lat="33.31893757916987" lon="130.37422511726618">
        <ele>9.6</ele>
      </trkpt>
      <trkpt lat="33.318949146196246" lon="130.3742754086852">
        <ele>9.4</ele>
      </trkpt>
      <trkpt lat="33.31896062940359" lon="130.37432050332427">
        <ele>9.4</ele>
      </trkpt>
      <trkpt lat="33.31897336989641" lon="130.3743697050959">
        <ele>9.4</ele>
      </trkpt>
      <trkpt lat="33.31898845732212" lon="130.374412285164">
        <ele>9.4</ele>
      </trkpt>
      <trkpt lat="33.3189981803298" lon="130.37446182221174">
        <ele>9.4</ele>
      </trkpt>
      <trkpt lat="33.31900740042329" lon="130.3745037317276">
        <ele>9.4</ele>
      </trkpt>
      <trkpt lat="33.31901712343097" lon="130.37455519661307">
        <ele>9.4</ele>
      </trkpt>
      <trkpt lat="33.31902709789574" lon="130.374599955976">
        <ele>9.4</ele>
      </trkpt>
      <trkpt lat="33.31903723999858" lon="130.37464982829988">
        <ele>9.4</ele>
      </trkpt>
      <trkpt lat="33.31904914230108" lon="130.37469341419637">
        <ele>9.4</ele>
      </trkpt>
      <trkpt lat="33.319058530032635" lon="130.3747439570725">
        <ele>9.4</ele>
      </trkpt>
      <trkpt lat="33.31906951032579" lon="130.37478393875062">
        <ele>9.4</ele>
      </trkpt>
      <trkpt lat="33.319078562781215" lon="130.37483582273126">
        <ele>9.4</ele>
      </trkpt>
      <trkpt lat="33.31909012980759" lon="130.3748784866184">
        <ele>9.4</ele>
      </trkpt>
      <trkpt lat="33.31909557804465" lon="130.3749307896942">
        <ele>9.4</ele>
      </trkpt>
      <trkpt lat="33.31910714507103" lon="130.37497244775295">
        <ele>9.6</ele>
      </trkpt>
      <trkpt lat="33.31911510787904" lon="130.37502533756196">
        <ele>9.6</ele>
      </trkpt>
      <trkpt lat="33.31912633962929" lon="130.37506464868784">
        <ele>9.8</ele>
      </trkpt>
      <trkpt lat="33.31913497298956" lon="130.37511602975428">
        <ele>10.0</ele>
      </trkpt>
      <trkpt lat="33.31914620473981" lon="130.37515592761338">
        <ele>10.0</ele>
      </trkpt>
      <trkpt lat="33.319155760109425" lon="130.37521024234593">
        <ele>10.2</ele>
      </trkpt>
      <trkpt lat="33.31916439346969" lon="130.3752564266324">
        <ele>10.4</ele>
      </trkpt>
      <trkpt lat="33.319172859191895" lon="130.37531174719334">
        <ele>10.2</ele>
      </trkpt>
      <trkpt lat="33.31918048672378" lon="130.37535063922405">
        <ele>10.4</ele>
      </trkpt>
      <trkpt lat="33.31918677315116" lon="130.37540554068983">
        <ele>10.4</ele>
      </trkpt>
      <trkpt lat="33.31919766962528" lon="130.37544040940702">
        <ele>10.4</ele>
      </trkpt>
      <trkpt lat="33.31920571625233" lon="130.37549195811152">
        <ele>10.2</ele>
      </trkpt>
      <trkpt lat="33.31921451725066" lon="130.37552724592388">
        <ele>10.2</ele>
      </trkpt>
      <trkpt lat="33.319221306592226" lon="130.37558248266578">
        <ele>10.0</ele>
      </trkpt>
      <trkpt lat="33.31923044286668" lon="130.3756250627339">
        <ele>9.8</ele>
      </trkpt>
      <trkpt lat="33.31923480145633" lon="130.37568180821836">
        <ele>9.8</ele>
      </trkpt>
      <trkpt lat="33.319245697930455" lon="130.37572329863906">
        <ele>9.6</ele>
      </trkpt>
      <trkpt lat="33.31925709731877" lon="130.37577660754323">
        <ele>9.6</ele>
      </trkpt>
      <trkpt lat="33.319267658516765" lon="130.37581264972687">
        <ele>9.6</ele>
      </trkpt>
      <trkpt lat="33.31927411258221" lon="130.3758647851646">
        <ele>9.6</ele>
      </trkpt>
      <trkpt lat="33.31928852945566" lon="130.37589990533888">
        <ele>9.8</ele>
      </trkpt>
      <trkpt lat="33.319299928843975" lon="130.37595002911985">
        <ele>9.8</ele>
      </trkpt>
      <trkpt lat="33.31930646672845" lon="130.3759905975312">
        <ele>9.8</ele>
      </trkpt>
      <trkpt lat="33.319309232756495" lon="130.3760469239205">
        <ele>9.8</ele>
      </trkpt>
      <trkpt lat="33.319316022098064" lon="130.37609252147377">
        <ele>9.8</ele>
      </trkpt>
      <trkpt lat="33.31932524219155" lon="130.37614474073052">
        <ele>9.8</ele>
      </trkpt>
      <trkpt lat="33.319336138665676" lon="130.37618095055223">
        <ele>9.6</ele>
      </trkpt>
      <trkpt lat="33.319349717348814" lon="130.3762347623706">
        <ele>9.6</ele>
      </trkpt>
      <trkpt lat="33.31936279311776" lon="130.37627222947776">
        <ele>9.6</ele>
      </trkpt>
      <trkpt lat="33.319371342659" lon="130.37632830440998">
        <ele>9.6</ele>
      </trkpt>
      <trkpt lat="33.3193816523999" lon="130.37636468186975">
        <ele>9.6</ele>
      </trkpt>
      <trkpt lat="33.319387938827276" lon="130.3764163982123">
        <ele>9.6</ele>
      </trkpt>
      <trkpt lat="33.31939464434981" lon="130.3764570504427">
        <ele>9.6</ele>
      </trkpt>
      <trkpt lat="33.319396656006575" lon="130.3765049111098">
        <ele>9.6</ele>
      </trkpt>
      <trkpt lat="33.319403445348144" lon="130.37654883228242">
        <ele>9.6</ele>
      </trkpt>
      <trkpt lat="33.319408893585205" lon="130.37660599686205">
        <ele>9.6</ele>
      </trkpt>
      <trkpt lat="33.319412749260664" lon="130.37664421834052">
        <ele>9.6</ele>
      </trkpt>
      <trkpt lat="33.31942121498287" lon="130.37670121528208">
        <ele>9.4</ele>
      </trkpt>
      <trkpt lat="33.31942247226834" lon="130.3767401073128">
        <ele>9.4</ele>
      </trkpt>
      <trkpt lat="33.31942708231509" lon="130.37679023109376">
        <ele>9.4</ele>
      </trkpt>
      <trkpt lat="33.319433871656656" lon="130.37683515809476">
        <ele>9.4</ele>
      </trkpt>
      <trkpt lat="33.31944275647402" lon="130.37688461132348">
        <ele>9.4</ele>
      </trkpt>
      <trkpt lat="33.31944728270173" lon="130.3769293706864">
        <ele>9.4</ele>
      </trkpt>
      <trkpt lat="33.31945801153779" lon="130.37698158994317">
        <ele>9.4</ele>
      </trkpt>
      <trkpt lat="33.31947133876383" lon="130.37702115252614">
        <ele>9.4</ele>
      </trkpt>
      <trkpt lat="33.31948039121926" lon="130.37706691771746">
        <ele>9.4</ele>
      </trkpt>
      <trkpt lat="33.31948877312243" lon="130.37710874341428">
        <ele>9.4</ele>
      </trkpt>
      <trkpt lat="33.31949799321592" lon="130.37715526297688">
        <ele>9.6</ele>
      </trkpt>
      <trkpt lat="33.31950629130006" lon="130.3772028721869">
        <ele>9.4</ele>
      </trkpt>
      <trkpt lat="33.319514924660325" lon="130.37724603898823">
        <ele>9.4</ele>
      </trkpt>
      <trkpt lat="33.31952439621091" lon="130.37729767151177">
        <ele>9.4</ele>
      </trkpt>
      <trkpt lat="33.319533448666334" lon="130.37734234705567">
        <ele>9.4</ele>
      </trkpt>
      <trkpt lat="33.319541327655315" lon="130.37739490158856">
        <ele>9.4</ele>
      </trkpt>
      <trkpt lat="33.31955440342426" lon="130.37743790075183">
        <ele>9.4</ele>
      </trkpt>
      <trkpt lat="33.31956245005131" lon="130.37748953327537">
        <ele>9.4</ele>
      </trkpt>
      <trkpt lat="33.319573011249304" lon="130.37753487937152">
        <ele>9.4</ele>
      </trkpt>
      <trkpt lat="33.319581309333444" lon="130.37758408114314">
        <ele>9.4</ele>
      </trkpt>
      <trkpt lat="33.31959027796984" lon="130.37762456573546">
        <ele>9.6</ele>
      </trkpt>
      <trkpt lat="33.319593546912074" lon="130.37767443805933">
        <ele>9.6</ele>
      </trkpt>
      <trkpt lat="33.31960410811007" lon="130.3777126595378">
        <ele>9.6</ele>
      </trkpt>
      <trkpt lat="33.31961198709905" lon="130.37776521407068">
        <ele>9.6</ele>
      </trkpt>
      <trkpt lat="33.31962464377284" lon="130.37780460901558">
        <ele>9.6</ele>
      </trkpt>
      <trkpt lat="33.319629756733775" lon="130.37785892374814">
        <ele>9.6</ele>
      </trkpt>
      <trkpt lat="33.31964174285531" lon="130.37789789959788">
        <ele>9.6</ele>
      </trkpt>
      <trkpt lat="33.31964945420623" lon="130.37795045413077">
        <ele>9.6</ele>
      </trkpt>
      <trkpt lat="33.319663954898715" lon="130.37798498757184">
        <ele>9.6</ele>
      </trkpt>
      <trkpt lat="33.31966948695481" lon="130.3780346084386">
        <ele>9.6</ele>
      </trkpt>
      <trkpt lat="33.31967552192509" lon="130.3780686389655">
        <ele>9.8</ele>
      </trkpt>
      <trkpt lat="33.31968264654279" lon="130.37811960093677">
        <ele>9.8</ele>
      </trkpt>
      <trkpt lat="33.319691782817245" lon="130.37815941497684">
        <ele>9.8</ele>
      </trkpt>
      <trkpt lat="33.31969949416816" lon="130.37821264006197">
        <ele>10.0</ele>
      </trkpt>
      <trkpt lat="33.31970871426165" lon="130.3782547172159">
        <ele>10.0</ele>
      </trkpt>
      <trkpt lat="33.319722544401884" lon="130.37830727174878">
        <ele>10.0</ele>
      </trkpt>
      <trkpt lat="33.319734279066324" lon="130.37835194729269">
        <ele>10.2</ele>
      </trkpt>
      <trkpt lat="33.31974140368402" lon="130.378408273682">
        <ele>10.2</ele>
      </trkpt>
      <trkpt lat="33.31975171342492" lon="130.3784484229982">
        <ele>10.2</ele>
      </trkpt>
      <trkpt lat="33.31975841894746" lon="130.37850223481655">
        <ele>10.4</ele>
      </trkpt>
      <trkpt lat="33.31976730376482" lon="130.37854540161788">
        <ele>10.4</ele>
      </trkpt>
      <trkpt lat="33.3197735901922" lon="130.37859426811337">
        <ele>10.6</ele>
      </trkpt>
      <trkpt lat="33.31978289410472" lon="130.37863567471504">
        <ele>10.6</ele>
      </trkpt>
      <trkpt lat="33.31978767178953" lon="130.37868370302022">
        <ele>10.8</ele>
      </trkpt>
      <trkpt lat="33.319796891883016" lon="130.3787238523364">
        <ele>11.0</ele>
      </trkpt>
      <trkpt lat="33.31980493851006" lon="130.3787690307945">
        <ele>11.2</ele>
      </trkpt>
      <trkpt lat="33.31981357187033" lon="130.37881202995777">
        <ele>11.2</ele>
      </trkpt>
      <trkpt lat="33.31981918774545" lon="130.3788593877107">
        <ele>11.4</ele>
      </trkpt>
      <trkpt lat="33.3198272343725" lon="130.37890557199717">
        <ele>11.4</ele>
      </trkpt>
      <trkpt lat="33.31983025185764" lon="130.37895577959716">
        <ele>11.6</ele>
      </trkpt>
      <trkpt lat="33.31983922049403" lon="130.379000287503">
        <ele>11.8</ele>
      </trkpt>
      <trkpt lat="33.319846680387855" lon="130.37905007600784">
        <ele>11.8</ele>
      </trkpt>
      <trkpt lat="33.319854978471994" lon="130.37909466773272">
        <ele>11.8</ele>
      </trkpt>
      <trkpt lat="33.319863863289356" lon="130.37914261221886">
        <ele>11.8</ele>
      </trkpt>
      <trkpt lat="33.319871574640274" lon="130.37918804213405">
        <ele>12.0</ele>
      </trkpt>
      <trkpt lat="33.319874089211226" lon="130.37923506461084">
        <ele>12.0</ele>
      </trkpt>
      <trkpt lat="33.319882387295365" lon="130.3792817518115">
        <ele>12.0</ele>
      </trkpt>
      <trkpt lat="33.31989378668368" lon="130.3793250862509">
        <ele>12.0</ele>
      </trkpt>
      <trkpt lat="33.319901414215565" lon="130.3793723601848">
        <ele>12.2</ele>
      </trkpt>
      <trkpt lat="33.31990987993777" lon="130.37941921502352">
        <ele>12.2</ele>
      </trkpt>
      <trkpt lat="33.31991541199386" lon="130.3794683329761">
        <ele>12.4</ele>
      </trkpt>
      <trkpt lat="33.31992471590638" lon="130.37951242178679">
        <ele>12.4</ele>
      </trkpt>
      <trkpt lat="33.319935612380505" lon="130.37956648506224">
        <ele>12.4</ele>
      </trkpt>
      <trkpt lat="33.319948771968484" lon="130.3796083945781">
        <ele>12.4</ele>
      </trkpt>
      <trkpt lat="33.31997349858284" lon="130.37965290248394">
        <ele>12.4</ele>
      </trkpt>
      <trkpt lat="33.31999596208334" lon="130.37969648838043">
        <ele>12.6</ele>
      </trkpt>
      <trkpt lat="33.32001247443259" lon="130.3797445166856">
        <ele>12.4</ele>
      </trkpt>
      <trkpt lat="33.32003032788634" lon="130.37978801876307">
        <ele>12.4</ele>
      </trkpt>
      <trkpt lat="33.320044074207544" lon="130.37984610535204">
        <ele>12.2</ele>
      </trkpt>
      <trkpt lat="33.32005748525262" lon="130.37989530712366">
        <ele>12.4</ele>
      </trkpt>
      <trkpt lat="33.320067124441266" lon="130.37994836457074">
        <ele>12.2</ele>
      </trkpt>
      <trkpt lat="33.32007450051606" lon="130.3799958061427">
        <ele>12.0</ele>
      </trkpt>
      <trkpt lat="33.32008011639118" lon="130.38005020469427">
        <ele>12.0</ele>
      </trkpt>
      <trkpt lat="33.3200859837234" lon="130.38009488023818">
        <ele>12.0</ele>
      </trkpt>
      <trkpt lat="33.32008589990437" lon="130.38014944642782">
        <ele>11.8</ele>
      </trkpt>
      <trkpt lat="33.32008824683726" lon="130.38020099513233">
        <ele>11.8</ele>
      </trkpt>
      <trkpt lat="33.32010006532073" lon="130.3802600875497">
        <ele>11.8</ele>
      </trkpt>
      <trkpt lat="33.32011171616614" lon="130.38030325435102">
        <ele>11.6</ele>
      </trkpt>
      <trkpt lat="33.32012646831572" lon="130.3803460020572">
        <ele>11.4</ele>
      </trkpt>
      <trkpt lat="33.32015119493008" lon="130.3803817089647">
        <ele>11.4</ele>
      </trkpt>
      <trkpt lat="33.3202054258436" lon="130.3803716506809">
        <ele>11.2</ele>
      </trkpt>
      <trkpt lat="33.32025043666363" lon="130.38034482859075">
        <ele>11.0</ele>
      </trkpt>
      <trkpt lat="33.32029419019818" lon="130.38030920550227">
        <ele>11.0</ele>
      </trkpt>
      <trkpt lat="33.320322688668966" lon="130.3802778571844">
        <ele>11.0</ele>
      </trkpt>
      <trkpt lat="33.32036049105227" lon="130.38023913279176">
        <ele>11.0</ele>
      </trkpt>
      <trkpt lat="33.32039041444659" lon="130.38020342588425">
        <ele>11.0</ele>
      </trkpt>
      <trkpt lat="33.32042997702956" lon="130.38016537204385">
        <ele>11.0</ele>
      </trkpt>
      <trkpt lat="33.32045579329133" lon="130.3801321797073">
        <ele>11.0</ele>
      </trkpt>
      <trkpt lat="33.32049141637981" lon="130.38008951582015">
        <ele>11.0</ele>
      </trkpt>
      <trkpt lat="33.32051681354642" lon="130.38005414418876">
        <ele>11.0</ele>
      </trkpt>
      <trkpt lat="33.32055168226361" lon="130.38001282140613">
        <ele>11.0</ele>
      </trkpt>
      <trkpt lat="33.32057699561119" lon="130.37998532876372">
        <ele>11.0</ele>
      </trkpt>
      <trkpt lat="33.32060976885259" lon="130.3799533098936">
        <ele>11.0</ele>
      </trkpt>
      <trkpt lat="33.32063692621887" lon="130.37992455996573">
        <ele>11.0</ele>
      </trkpt>
      <trkpt lat="33.32067598588765" lon="130.3798972349614">
        <ele>11.0</ele>
      </trkpt>
      <trkpt lat="33.3207044005394" lon="130.37987225688994">
        <ele>11.2</ele>
      </trkpt>
      <trkpt lat="33.320741364732385" lon="130.37985146977007">
        <ele>11.2</ele>
      </trkpt>
      <trkpt lat="33.320772210136056" lon="130.3798357117921">
        <ele>11.2</ele>
      </trkpt>
      <trkpt lat="33.320812275633216" lon="130.37981919944286">
        <ele>11.2</ele>
      </trkpt>
      <trkpt lat="33.32084563560784" lon="130.3798005077988">
        <ele>11.2</ele>
      </trkpt>
      <trkpt lat="33.32088612020016" lon="130.37978609092534">
        <ele>11.2</ele>
      </trkpt>
      <trkpt lat="33.32092844881117" lon="130.3797786310315">
        <ele>11.2</ele>
      </trkpt>
      <trkpt lat="33.32096750847995" lon="130.37977024912834">
        <ele>11.2</ele>
      </trkpt>
      <trkpt lat="33.3210080768913" lon="130.3797738533467">
        <ele>11.2</ele>
      </trkpt>
      <trkpt lat="33.32104554399848" lon="130.3797743562609">
        <ele>11.4</ele>
      </trkpt>
      <trkpt lat="33.32108644768596" lon="130.3797855041921">
        <ele>11.4</ele>
      </trkpt>
      <trkpt lat="33.32112131640315" lon="130.37979271262884">
        <ele>11.4</ele>
      </trkpt>
      <trkpt lat="33.321161549538374" lon="130.37981148809195">
        <ele>11.4</ele>
      </trkpt>
      <trkpt lat="33.3211983460933" lon="130.37982632406056">
        <ele>11.4</ele>
      </trkpt>
      <trkpt lat="33.32123531028628" lon="130.37984761409461">
        <ele>11.4</ele>
      </trkpt>
      <trkpt lat="33.321270598098636" lon="130.37986806593835">
        <ele>11.2</ele>
      </trkpt>
      <trkpt lat="33.32130974158645" lon="130.37989228963852">
        <ele>11.2</ele>
      </trkpt>
      <trkpt lat="33.321343353018165" lon="130.37991642951965">
        <ele>11.0</ele>
      </trkpt>
      <trkpt lat="33.321390794590116" lon="130.37994073703885">
        <ele>11.0</ele>
      </trkpt>
      <trkpt lat="33.321432285010815" lon="130.379949035123">
        <ele>10.8</ele>
      </trkpt>
      <trkpt lat="33.32148224115372" lon="130.37997066043317">
        <ele>10.8</ele>
      </trkpt>
      <trkpt lat="33.32151669077575" lon="130.37998851388693">
        <ele>10.6</ele>
      </trkpt>
      <trkpt lat="33.32155633717775" lon="130.38000385276973">
        <ele>10.6</ele>
      </trkpt>
      <trkpt lat="33.32159221172333" lon="130.38002866320312">
        <ele>10.6</ele>
      </trkpt>
      <trkpt lat="33.32162590697408" lon="130.3800576645881">
        <ele>10.6</ele>
      </trkpt>
      <trkpt lat="33.32166027277708" lon="130.38008213974535">
        <ele>10.6</ele>
      </trkpt>
      <trkpt lat="33.32170126028359" lon="130.38011122494936">
        <ele>10.6</ele>
      </trkpt>
      <trkpt lat="33.32173839211464" lon="130.38012865930796">
        <ele>10.6</ele>
      </trkpt>
      <trkpt lat="33.32178088836372" lon="130.38015011698008">
        <ele>10.6</ele>
      </trkpt>
      <trkpt lat="33.3218196965754" lon="130.3801599238068">
        <ele>10.6</ele>
      </trkpt>
      <trkpt lat="33.321856912225485" lon="130.38018356077373">
        <ele>10.6</ele>
      </trkpt>
      <trkpt lat="33.32188013009727" lon="130.3801958821714">
        <ele>10.6</ele>
      </trkpt>
      <trkpt lat="33.321919944137335" lon="130.38021541200578">
        <ele>10.4</ele>
      </trkpt>
      <trkpt lat="33.321955567225814" lon="130.38023100234568">
        <ele>10.6</ele>
      </trkpt>
      <trkpt lat="33.321996135637164" lon="130.38023963570595">
        <ele>10.6</ele>
      </trkpt>
      <trkpt lat="33.322037206962705" lon="130.38024835288525">
        <ele>10.6</ele>
      </trkpt>
      <trkpt lat="33.322081714868546" lon="130.3802579920739">
        <ele>10.6</ele>
      </trkpt>
      <trkpt lat="33.32212303765118" lon="130.380258243531">
        <ele>10.8</ele>
      </trkpt>
      <trkpt lat="33.32216687500477" lon="130.38026235066354">
        <ele>10.8</ele>
      </trkpt>
      <trkpt lat="33.32220953889191" lon="130.3802561480552">
        <ele>10.8</ele>
      </trkpt>
      <trkpt lat="33.32225647754967" lon="130.38024910725653">
        <ele>10.8</ele>
      </trkpt>
      <trkpt lat="33.32229729741812" lon="130.3802389651537">
        <ele>11.0</ele>
      </trkpt>
      <trkpt lat="33.32233996130526" lon="130.38022873923182">
        <ele>11.0</ele>
      </trkpt>
      <trkpt lat="33.32238329574466" lon="130.3802180942148">
        <ele>11.2</ele>
      </trkpt>
      <trkpt lat="33.322416907176375" lon="130.38020325824618">
        <ele>11.2</ele>
      </trkpt>
      <trkpt lat="33.3224589843303" lon="130.38018305785954">
        <ele>11.4</ele>
      </trkpt>
      <trkpt lat="33.32249008119106" lon="130.38016302511096">
        <ele>11.6</ele>
      </trkpt>
      <trkpt lat="33.32252997905016" lon="130.3801422379911">
        <ele>11.6</ele>
      </trkpt>
      <trkpt lat="33.322557639330626" lon="130.38011969067156">
        <ele>11.6</ele>
      </trkpt>
      <trkpt lat="33.32260432653129" lon="130.38009722717106">
        <ele>11.8</ele>
      </trkpt>
      <trkpt lat="33.32263416610658" lon="130.38007610477507">
        <ele>11.8</ele>
      </trkpt>
      <trkpt lat="33.32266869954765" lon="130.3800534736365">
        <ele>11.8</ele>
      </trkpt>
      <trkpt lat="33.32269317470491" lon="130.380031010136">
        <ele>12.0</ele>
      </trkpt>
      <trkpt lat="33.32273072563112" lon="130.38000091910362">
        <ele>12.0</ele>
      </trkpt>
      <trkpt lat="33.322757463902235" lon="130.37998273037374">
        <ele>12.0</ele>
      </trkpt>
      <trkpt lat="33.322798535227776" lon="130.37995783612132">
        <ele>12.2</ele>
      </trkpt>
      <trkpt lat="33.32282175309956" lon="130.37993436679244">
        <ele>12.2</ele>
      </trkpt>
      <trkpt lat="33.32285896874964" lon="130.3799075447023">
        <ele>12.4</ele>
      </trkpt>
      <trkpt lat="33.322885958477855" lon="130.3798866737634">
        <ele>12.6</ele>
      </trkpt>
      <trkpt lat="33.32292979583144" lon="130.3798650484532">
        <ele>12.6</ele>
      </trkpt>
      <trkpt lat="33.32296080887318" lon="130.3798470273614">
        <ele>12.8</ele>
      </trkpt>
      <trkpt lat="33.32300431095064" lon="130.37982288748026">
        <ele>13.0</ele>
      </trkpt>
      <trkpt lat="33.32303264178336" lon="130.37980302236974">
        <ele>13.0</ele>
      </trkpt>
      <trkpt lat="33.3230753056705" lon="130.3797820676118">
        <ele>13.0</ele>
      </trkpt>
      <trkpt lat="33.32311059348285" lon="130.3797690756619">
        <ele>13.0</ele>
      </trkpt>
      <trkpt lat="33.32315878942609" lon="130.3797545749694">
        <ele>13.0</ele>
      </trkpt>
      <trkpt lat="33.32319365814328" lon="130.3797447681427">
        <ele>13.0</ele>
      </trkpt>
      <trkpt lat="33.323237244039774" lon="130.37973588332534">
        <ele>13.2</ele>
      </trkpt>
      <trkpt lat="33.32327328622341" lon="130.37972976453602">
        <ele>13.2</ele>
      </trkpt>
      <trkpt lat="33.32332190126181" lon="130.3797212149948">
        <ele>13.2</ele>
      </trkpt>
      <trkpt lat="33.3233549259603" lon="130.37970948033035">
        <ele>13.4</ele>
      </trkpt>
      <trkpt lat="33.32339968532324" lon="130.3796998411417">
        <ele>13.4</ele>
      </trkpt>
      <trkpt lat="33.32343430258334" lon="130.37969288416207">
        <ele>13.4</ele>
      </trkpt>
      <trkpt lat="33.32348006777465" lon="130.37968676537275">
        <ele>13.6</ele>
      </trkpt>
      <trkpt lat="33.3235140144825" lon="130.37967980839312">
        <ele>13.6</ele>
      </trkpt>
      <trkpt lat="33.3235586900264" lon="130.37967519834638">
        <ele>13.8</ele>
      </trkpt>
      <trkpt lat="33.3235967438668" lon="130.3796673193574">
        <ele>13.8</ele>
      </trkpt>
      <trkpt lat="33.3236416708678" lon="130.3796596918255">
        <ele>13.6</ele>
      </trkpt>
      <trkpt lat="33.32368223927915" lon="130.3796599432826">
        <ele>13.8</ele>
      </trkpt>
      <trkpt lat="33.32372180186212" lon="130.37965617142618">
        <ele>13.6</ele>
      </trkpt>
      <trkpt lat="33.32376329228282" lon="130.3796512261033">
        <ele>13.4</ele>
      </trkpt>
      <trkpt lat="33.32380838692188" lon="130.3796491306275">
        <ele>13.2</ele>
      </trkpt>
      <trkpt lat="33.32384870387614" lon="130.37964519113302">
        <ele>13.0</ele>
      </trkpt>
      <trkpt lat="33.323890110477805" lon="130.3796435147524">
        <ele>13.0</ele>
      </trkpt>
      <trkpt lat="33.323931181803346" lon="130.37964208982885">
        <ele>13.0</ele>
      </trkpt>
      <trkpt lat="33.32397292368114" lon="130.37964083254337">
        <ele>12.8</ele>
      </trkpt>
      <trkpt lat="33.324014665558934" lon="130.37964192219079">
        <ele>12.8</ele>
      </trkpt>
      <trkpt lat="33.32405934110284" lon="130.37963831797242">
        <ele>12.8</ele>
      </trkpt>
      <trkpt lat="33.32409982569516" lon="130.37964267656207">
        <ele>12.8</ele>
      </trkpt>
      <trkpt lat="33.32414475269616" lon="130.37964527495205">
        <ele>12.8</ele>
      </trkpt>
      <trkpt lat="33.32418800331652" lon="130.37965139374137">
        <ele>12.8</ele>
      </trkpt>
      <trkpt lat="33.32423058338463" lon="130.3796572610736">
        <ele>12.8</ele>
      </trkpt>
      <trkpt lat="33.32427081651986" lon="130.37966765463352">
        <ele>12.8</ele>
      </trkpt>
      <trkpt lat="33.32430669106543" lon="130.37967905402184">
        <ele>12.8</ele>
      </trkpt>
      <trkpt lat="33.32434365525842" lon="130.3796977456659">
        <ele>12.8</ele>
      </trkpt>
      <trkpt lat="33.3243774343282" lon="130.37970931269228">
        <ele>12.8</ele>
      </trkpt>
      <trkpt lat="33.32441448234022" lon="130.37973253056407">
        <ele>12.8</ele>
      </trkpt>
      <trkpt lat="33.324448093771935" lon="130.37974761798978">
        <ele>12.8</ele>
      </trkpt>
      <trkpt lat="33.324484722688794" lon="130.37977636791766">
        <ele>12.8</ele>
      </trkpt>
      <trkpt lat="33.32451833412051" lon="130.37979162298143">
        <ele>12.8</ele>
      </trkpt>
      <trkpt lat="33.32455588504672" lon="130.3798232227564">
        <ele>12.8</ele>
      </trkpt>
      <trkpt lat="33.32459167577326" lon="130.37983948364854">
        <ele>12.8</ele>
      </trkpt>
      <trkpt lat="33.32462998107076" lon="130.3798745200038">
        <ele>12.8</ele>
      </trkpt>
      <trkpt lat="33.324665101245046" lon="130.37988868542016">
        <ele>12.8</ele>
      </trkpt>
      <trkpt lat="33.32470835186541" lon="130.37992145866156">
        <ele>12.8</ele>
      </trkpt>
      <trkpt lat="33.32473911345005" lon="130.37994685582817">
        <ele>12.8</ele>
      </trkpt>
      <trkpt lat="33.324768701568246" lon="130.37998901680112">
        <ele>12.8</ele>
      </trkpt>
      <trkpt lat="33.32479728385806" lon="130.38001944310963">
        <ele>12.8</ele>
      </trkpt>
      <trkpt lat="33.32482033409178" lon="130.3800688125193">
        <ele>12.8</ele>
      </trkpt>
      <trkpt lat="33.32483869045973" lon="130.38010309450328">
        <ele>12.8</ele>
      </trkpt>
      <trkpt lat="33.32485746592283" lon="130.3801538888365">
        <ele>12.8</ele>
      </trkpt>
      <trkpt lat="33.324873726814985" lon="130.38019127212465">
        <ele>12.8</ele>
      </trkpt>
      <trkpt lat="33.324889820069075" lon="130.38024441339076">
        <ele>13.0</ele>
      </trkpt>
      <trkpt lat="33.32490331493318" lon="130.38028238341212">
        <ele>12.8</ele>
      </trkpt>
      <trkpt lat="33.32491211593151" lon="130.38034080527723">
        <ele>13.0</ele>
      </trkpt>
      <trkpt lat="33.32491882145405" lon="130.38038338534534">
        <ele>13.0</ele>
      </trkpt>
      <trkpt lat="33.324923012405634" lon="130.3804392926395">
        <ele>13.0</ele>
      </trkpt>
      <trkpt lat="33.324934747070074" lon="130.38048178888857">
        <ele>13.0</ele>
      </trkpt>
      <trkpt lat="33.32493751309812" lon="130.38053652271628">
        <ele>13.0</ele>
      </trkpt>
      <trkpt lat="33.32494245842099" lon="130.3805801924318">
        <ele>13.0</ele>
      </trkpt>
      <trkpt lat="33.32494044676423" lon="130.38064079359174">
        <ele>13.0</ele>
      </trkpt>
      <trkpt lat="33.32494631409645" lon="130.38068362511694">
        <ele>13.0</ele>
      </trkpt>
      <trkpt lat="33.3249453920871" lon="130.38074129261076">
        <ele>13.0</ele>
      </trkpt>
      <trkpt lat="33.3249488286674" lon="130.38078672252595">
        <ele>13.0</ele>
      </trkpt>
      <trkpt lat="33.32494078204036" lon="130.38084388710558">
        <ele>13.0</ele>
      </trkpt>
      <trkpt lat="33.324935752898455" lon="130.38088579662144">
        <ele>13.0</ele>
      </trkpt>
      <trkpt lat="33.324928963556886" lon="130.38093784824014">
        <ele>13.0</ele>
      </trkpt>
      <trkpt lat="33.32492569461465" lon="130.38097674027085">
        <ele>13.0</ele>
      </trkpt>
      <trkpt lat="33.324914295226336" lon="130.38102862425148">
        <ele>12.8</ele>
      </trkpt>
      <trkpt lat="33.32490239292383" lon="130.3810714557767">
        <ele>12.8</ele>
      </trkpt>
      <trkpt lat="33.324881521984935" lon="130.38112367503345">
        <ele>12.6</ele>
      </trkpt>
      <trkpt lat="33.32486417144537" lon="130.3811681829393">
        <ele>12.6</ele>
      </trkpt>
      <trkpt lat="33.3248486649245" lon="130.38122199475765">
        <ele>12.6</ele>
      </trkpt>
      <trkpt lat="33.32483885809779" lon="130.38126541301608">
        <ele>12.6</ele>
      </trkpt>
      <trkpt lat="33.324824357405305" lon="130.38131813518703">
        <ele>12.4</ele>
      </trkpt>
      <trkpt lat="33.3248074259609" lon="130.38136390037835">
        <ele>12.4</ele>
      </trkpt>
      <trkpt lat="33.32479418255389" lon="130.3814195562154">
        <ele>12.4</ele>
      </trkpt>
      <trkpt lat="33.32479041069746" lon="130.38147646933794">
        <ele>12.4</ele>
      </trkpt>
      <trkpt lat="33.32481564022601" lon="130.38152910768986">
        <ele>12.4</ele>
      </trkpt>
      <trkpt lat="33.32483550533652" lon="130.38154092617333">
        <ele>12.2</ele>
      </trkpt>
      <trkpt lat="33.324882946908474" lon="130.38154092617333">
        <ele>12.0</ele>
      </trkpt>
      <trkpt lat="33.324924102053046" lon="130.38153111934662">
        <ele>11.8</ele>
      </trkpt>
      <trkpt lat="33.32497171126306" lon="130.38152441382408">
        <ele>11.6</ele>
      </trkpt>
      <trkpt lat="33.32501035183668" lon="130.38151410408318">
        <ele>11.6</ele>
      </trkpt>
      <trkpt lat="33.32505326718092" lon="130.38150932639837">
        <ele>11.6</ele>
      </trkpt>
      <trkpt lat="33.32508930936456" lon="130.38150270469487">
        <ele>11.6</ele>
      </trkpt>
      <trkpt lat="33.32513163797557" lon="130.38150153122842">
        <ele>11.6</ele>
      </trkpt>
      <trkpt lat="33.32516801543534" lon="130.38149164058268">
        <ele>11.8</ele>
      </trkpt>
      <trkpt lat="33.32521143369377" lon="130.38148988038301">
        <ele>11.8</ele>
      </trkpt>
      <trkpt lat="33.32524688914418" lon="130.3814861085266">
        <ele>12.0</ele>
      </trkpt>
      <trkpt lat="33.325294414535165" lon="130.38148602470756">
        <ele>12.0</ele>
      </trkpt>
      <trkpt lat="33.325336994603276" lon="130.38147102110088">
        <ele>12.0</ele>
      </trkpt>
      <trkpt lat="33.32538804039359" lon="130.381450233981">
        <ele>12.0</ele>
      </trkpt>
      <trkpt lat="33.325415616855025" lon="130.3814203105867">
        <ele>12.2</ele>
      </trkpt>
      <trkpt lat="33.32543523050845" lon="130.3813730366528">
        <ele>12.2</ele>
      </trkpt>
      <trkpt lat="33.325425842776895" lon="130.3813183028251">
        <ele>12.4</ele>
      </trkpt>
      <trkpt lat="33.32541008479893" lon="130.3812699392438">
        <ele>12.4</ele>
      </trkpt>
      <trkpt lat="33.3253893814981" lon="130.38121771998703">
        <ele>12.4</ele>
      </trkpt>
      <trkpt lat="33.325368259102106" lon="130.3811745531857">
        <ele>12.4</ele>
      </trkpt>
      <trkpt lat="33.32534311339259" lon="130.3811282850802">
        <ele>12.2</ele>
      </trkpt>
      <trkpt lat="33.32532643340528" lon="130.38108746521175">
        <ele>12.2</ele>
      </trkpt>
      <trkpt lat="33.32530916668475" lon="130.38104262202978">
        <ele>12.2</ele>
      </trkpt>
      <trkpt lat="33.325295923277736" lon="130.38100096397102">
        <ele>12.2</ele>
      </trkpt>
      <trkpt lat="33.32527848891914" lon="130.38095444440842">
        <ele>12.0</ele>
      </trkpt>
      <trkpt lat="33.32526683807373" lon="130.38091270253062">
        <ele>12.0</ele>
      </trkpt>
      <trkpt lat="33.32526055164635" lon="130.38087238557637">
        <ele>12.0</ele>
      </trkpt>
      <trkpt lat="33.32524923607707" lon="130.38082486018538">
        <ele>11.8</ele>
      </trkpt>
      <trkpt lat="33.32524328492582" lon="130.3807746525854">
        <ele>11.8</ele>
      </trkpt>
      <trkpt lat="33.3252371661365" lon="130.38072654046118">
        <ele>11.8</ele>
      </trkpt>
      <trkpt lat="33.3252287004143" lon="130.38067096844316">
        <ele>11.8</ele>
      </trkpt>
      <trkpt lat="33.3252202346921" lon="130.38062805309892">
        <ele>11.8</ele>
      </trkpt>
      <trkpt lat="33.3252131100744" lon="130.38058530539274">
        <ele>11.8</ele>
      </trkpt>
      <trkpt lat="33.325203554704785" lon="130.38054146803916">
        <ele>11.8</ele>
      </trkpt>
      <trkpt lat="33.325195256620646" lon="130.38049167953432">
        <ele>11.8</ele>
      </trkpt>
      <trkpt lat="33.325185952708125" lon="130.38044557906687">
        <ele>12.0</ele>
      </trkpt>
      <trkpt lat="33.32517581060529" lon="130.38039587438107">
        <ele>12.0</ele>
      </trkpt>
      <trkpt lat="33.32516876980662" lon="130.38034960627556">
        <ele>12.2</ele>
      </trkpt>
      <trkpt lat="33.32516424357891" lon="130.38030593656003">
        <ele>12.2</ele>
      </trkpt>
      <trkpt lat="33.32515938207507" lon="130.38025707006454">
        <ele>12.4</ele>
      </trkpt>
      <trkpt lat="33.32515150308609" lon="130.3802120592445">
        <ele>12.6</ele>
      </trkpt>
      <trkpt lat="33.325147312134504" lon="130.38015975616872">
        <ele>12.6</ele>
      </trkpt>
      <trkpt lat="33.32514136098325" lon="130.38011466152966">
        <ele>12.6</ele>
      </trkpt>
      <trkpt lat="33.3251335658133" lon="130.38006286136806">
        <ele>12.6</ele>
      </trkpt>
      <trkpt lat="33.32512895576656" lon="130.38001994602382">
        <ele>12.6</ele>
      </trkpt>
      <trkpt lat="33.325122920796275" lon="130.37997107952833">
        <ele>12.6</ele>
      </trkpt>
      <trkpt lat="33.32511621527374" lon="130.37993218749762">
        <ele>12.6</ele>
      </trkpt>
      <trkpt lat="33.325108755379915" lon="130.37988130934536">
        <ele>12.6</ele>
      </trkpt>
      <trkpt lat="33.325106827542186" lon="130.3798399027437">
        <ele>12.4</ele>
      </trkpt>
      <trkpt lat="33.3251042291522" lon="130.37978667765856">
        <ele>12.4</ele>
      </trkpt>
      <trkpt lat="33.325101463124156" lon="130.37974677979946">
        <ele>12.4</ele>
      </trkpt>
      <trkpt lat="33.32508989609778" lon="130.37969305180013">
        <ele>12.4</ele>
      </trkpt>
      <trkpt lat="33.3250854536891" lon="130.3796498849988">
        <ele>12.4</ele>
      </trkpt>
      <trkpt lat="33.32507614977658" lon="130.37959900684655">
        <ele>12.4</ele>
      </trkpt>
      <trkpt lat="33.325067684054375" lon="130.37955936044455">
        <ele>12.2</ele>
      </trkpt>
      <trkpt lat="33.325058463960886" lon="130.3795093204826">
        <ele>12.2</ele>
      </trkpt>
      <trkpt lat="33.3250489924103" lon="130.37946481257677">
        <ele>12.2</ele>
      </trkpt>
      <trkpt lat="33.32503667101264" lon="130.37941502407193">
        <ele>12.2</ele>
      </trkpt>
      <trkpt lat="33.32503281533718" lon="130.37937202490866">
        <ele>12.2</ele>
      </trkpt>
      <trkpt lat="33.325023762881756" lon="130.37931729108095">
        <ele>12.2</ele>
      </trkpt>
      <trkpt lat="33.325013956055045" lon="130.37927764467895">
        <ele>12.2</ele>
      </trkpt>
      <trkpt lat="33.325000209733844" lon="130.3792322985828">
        <ele>12.2</ele>
      </trkpt>
      <trkpt lat="33.324988977983594" lon="130.3791929036379">
        <ele>12.2</ele>
      </trkpt>
      <trkpt lat="33.324971459805965" lon="130.37914646789432">
        <ele>12.2</ele>
      </trkpt>
      <trkpt lat="33.324957210570574" lon="130.37910665385425">
        <ele>12.2</ele>
      </trkpt>
      <trkpt lat="33.32493701018393" lon="130.37905795499682">
        <ele>12.2</ele>
      </trkpt>
      <trkpt lat="33.324919575825334" lon="130.37901856005192">
        <ele>12.2</ele>
      </trkpt>
      <trkpt lat="33.324891747906804" lon="130.37897153757513">
        <ele>12.4</ele>
      </trkpt>
      <trkpt lat="33.324870290234685" lon="130.37893591448665">
        <ele>12.4</ele>
      </trkpt>
      <trkpt lat="33.324841456487775" lon="130.37889551371336">
        <ele>12.6</ele>
      </trkpt>
      <trkpt lat="33.32481538876891" lon="130.3788639139384">
        <ele>12.6</ele>
      </trkpt>
      <trkpt lat="33.32478445954621" lon="130.37882912904024">
        <ele>12.6</ele>
      </trkpt>
      <trkpt lat="33.32476258277893" lon="130.37880775518715">
        <ele>12.8</ele>
      </trkpt>
      <trkpt lat="33.32473332993686" lon="130.3787732217461">
        <ele>12.8</ele>
      </trkpt>
      <trkpt lat="33.324707094579935" lon="130.37874799221754">
        <ele>12.6</ele>
      </trkpt>
      <trkpt lat="33.324670465663075" lon="130.37871647626162">
        <ele>12.6</ele>
      </trkpt>
      <trkpt lat="33.324634255841374" lon="130.3786947671324">
        <ele>12.6</ele>
      </trkpt>
      <trkpt lat="33.324591843411326" lon="130.3786670230329">
        <ele>12.6</ele>
      </trkpt>
      <trkpt lat="33.32456091418862" lon="130.3786535281688">
        <ele>12.8</ele>
      </trkpt>
      <trkpt lat="33.324517495930195" lon="130.3786294721067">
        <ele>12.8</ele>
      </trkpt>
      <trkpt lat="33.32448405213654" lon="130.37861078046262">
        <ele>12.8</ele>
      </trkpt>
      <trkpt lat="33.324441807344556" lon="130.3785874787718">
        <ele>13.2</ele>
      </trkpt>
      <trkpt lat="33.32440727390349" lon="130.37857566028833">
        <ele>13.4</ele>
      </trkpt>
      <trkpt lat="33.32436595112085" lon="130.37856057286263">
        <ele>13.4</ele>
      </trkpt>
      <trkpt lat="33.32433166913688" lon="130.37855051457882">
        <ele>13.4</ele>
      </trkpt>
      <trkpt lat="33.324286323040724" lon="130.37854213267565">
        <ele>13.4</ele>
      </trkpt>
      <trkpt lat="33.32424893975258" lon="130.37853810936213">
        <ele>13.4</ele>
      </trkpt>
      <trkpt lat="33.32420317456126" lon="130.37853056564927">
        <ele>13.4</ele>
      </trkpt>
      <trkpt lat="33.324163779616356" lon="130.37853148765862">
        <ele>13.4</ele>
      </trkpt>
      <trkpt lat="33.32412337884307" lon="130.37852997891605">
        <ele>13.4</ele>
      </trkpt>
      <trkpt lat="33.324083145707846" lon="130.3785335831344">
        <ele>13.4</ele>
      </trkpt>
      <trkpt lat="33.32404375076294" lon="130.37853341549635">
        <ele>13.4</ele>
      </trkpt>
      <trkpt lat="33.324007373303175" lon="130.3785380255431">
        <ele>13.2</ele>
      </trkpt>
      <trkpt lat="33.32396864891052" lon="130.37854179739952">
        <ele>13.4</ele>
      </trkpt>
      <trkpt lat="33.32393076270819" lon="130.37855244241655">
        <ele>13.4</ele>
      </trkpt>
      <trkpt lat="33.32389463670552" lon="130.3785623330623">
        <ele>13.4</ele>
      </trkpt>
      <trkpt lat="33.323853900656104" lon="130.37858010269701">
        <ele>13.4</ele>
      </trkpt>
      <trkpt lat="33.323808973655105" lon="130.37858940660954">
        <ele>13.8</ele>
      </trkpt>
      <trkpt lat="33.32377100363374" lon="130.37860524840653">
        <ele>14.0</ele>
      </trkpt>
      <trkpt lat="33.32372875884175" lon="130.37861622869968">
        <ele>14.2</ele>
      </trkpt>
      <trkpt lat="33.32369238138199" lon="130.37863391451538">
        <ele>14.2</ele>
      </trkpt>
      <trkpt lat="33.32364636473358" lon="130.37864414043725">
        <ele>14.2</ele>
      </trkpt>
      <trkpt lat="33.32360856235027" lon="130.3786588087678">
        <ele>14.4</ele>
      </trkpt>
      <trkpt lat="33.32356774248183" lon="130.37866802886128">
        <ele>14.4</ele>
      </trkpt>
      <trkpt lat="33.323530443012714" lon="130.37868479266763">
        <ele>14.4</ele>
      </trkpt>
      <trkpt lat="33.323485013097525" lon="130.37869485095143">
        <ele>14.4</ele>
      </trkpt>
      <trkpt lat="33.323449306190014" lon="130.37870960310102">
        <ele>14.4</ele>
      </trkpt>
      <trkpt lat="33.32340572029352" lon="130.37872125394642">
        <ele>14.4</ele>
      </trkpt>
      <trkpt lat="33.32336833700538" lon="130.3787375986576">
        <ele>14.4</ele>
      </trkpt>
      <trkpt lat="33.32332106307149" lon="130.37874572910368">
        <ele>14.4</ele>
      </trkpt>
      <trkpt lat="33.323282673954964" lon="130.37876391783357">
        <ele>14.6</ele>
      </trkpt>
      <trkpt lat="33.32323808223009" lon="130.37877288646996">
        <ele>14.4</ele>
      </trkpt>
      <trkpt lat="33.323200196027756" lon="130.3787891473621">
        <ele>14.6</ele>
      </trkpt>
      <trkpt lat="33.32315501756966" lon="130.37879794836044">
        <ele>14.8</ele>
      </trkpt>
      <trkpt lat="33.32311629317701" lon="130.3788107726723">
        <ele>14.8</ele>
      </trkpt>
      <trkpt lat="33.32307178527117" lon="130.37881840020418">
        <ele>14.8</ele>
      </trkpt>
      <trkpt lat="33.323033982887864" lon="130.3788327332586">
        <ele>14.6</ele>
      </trkpt>
      <trkpt lat="33.32298746332526" lon="130.37884572520852">
        <ele>14.4</ele>
      </trkpt>
      <trkpt lat="33.32295234315097" lon="130.3788556996733">
        <ele>14.4</ele>
      </trkpt>
      <trkpt lat="33.32290967926383" lon="130.37886667996645">
        <ele>14.2</ele>
      </trkpt>
      <trkpt lat="33.32287782803178" lon="130.37888235412538">
        <ele>14.2</ele>
      </trkpt>
      <trkpt lat="33.32283541560173" lon="130.37889149039984">
        <ele>14.2</ele>
      </trkpt>
      <trkpt lat="33.322798535227776" lon="130.3789067454636">
        <ele>14.4</ele>
      </trkpt>
      <trkpt lat="33.32275721244514" lon="130.37891873158514">
        <ele>14.4</ele>
      </trkpt>
      <trkpt lat="33.32272502593696" lon="130.37893356755376">
        <ele>14.4</ele>
      </trkpt>
      <trkpt lat="33.32268345169723" lon="130.3789434581995">
        <ele>14.6</ele>
      </trkpt>
      <trkpt lat="33.32264581695199" lon="130.3789577074349">
        <ele>14.6</ele>
      </trkpt>
      <trkpt lat="33.32260441035032" lon="130.37896768189967">
        <ele>14.6</ele>
      </trkpt>
      <trkpt lat="33.32256752997637" lon="130.37898050621152">
        <ele>14.8</ele>
      </trkpt>
      <trkpt lat="33.32252712920308" lon="130.37898763082922">
        <ele>14.6</ele>
      </trkpt>
      <trkpt lat="33.32249091938138" lon="130.37899986840785">
        <ele>14.8</ele>
      </trkpt>
      <trkpt lat="33.32245144061744" lon="130.37900808267295">
        <ele>14.6</ele>
      </trkpt>
      <trkpt lat="33.32241355441511" lon="130.3790163807571">
        <ele>14.6</ele>
      </trkpt>
      <trkpt lat="33.32237214781344" lon="130.37902928888798">
        <ele>14.4</ele>
      </trkpt>
      <trkpt lat="33.322336692363024" lon="130.37904119119048">
        <ele>14.4</ele>
      </trkpt>
      <trkpt lat="33.32229637540877" lon="130.37905451841652">
        <ele>14.2</ele>
      </trkpt>
      <trkpt lat="33.32225538790226" lon="130.37906440906227">
        <ele>14.2</ele>
      </trkpt>
      <trkpt lat="33.322213562205434" lon="130.3790745511651">
        <ele>14.0</ele>
      </trkpt>
      <trkpt lat="33.322172155603766" lon="130.37908980622888">
        <ele>14.0</ele>
      </trkpt>
      <trkpt lat="33.32213435322046" lon="130.3790972661227">
        <ele>14.0</ele>
      </trkpt>
      <trkpt lat="33.32208816893399" lon="130.3791064862162">
        <ele>14.0</ele>
      </trkpt>
      <trkpt lat="33.322050953283906" lon="130.37910908460617">
        <ele>14.0</ele>
      </trkpt>
      <trkpt lat="33.3220065291971" lon="130.37912065163255">
        <ele>14.0</ele>
      </trkpt>
      <trkpt lat="33.32197098992765" lon="130.37912718951702">
        <ele>14.2</ele>
      </trkpt>
      <trkpt lat="33.32192447036505" lon="130.379132386297">
        <ele>14.2</ele>
      </trkpt>
      <trkpt lat="33.321898989379406" lon="130.37913573905826">
        <ele>14.2</ele>
      </trkpt>
      <trkpt lat="33.32185070961714" lon="130.37914923392236">
        <ele>14.0</ele>
      </trkpt>
      <trkpt lat="33.321819361299276" lon="130.37916197441518">
        <ele>14.0</ele>
      </trkpt>
      <trkpt lat="33.321777284145355" lon="130.37917882204056">
        <ele>14.0</ele>
      </trkpt>
      <trkpt lat="33.32174333743751" lon="130.37918971851468">
        <ele>14.0</ele>
      </trkpt>
      <trkpt lat="33.321697572246194" lon="130.37920145317912">
        <ele>13.8</ele>
      </trkpt>
      <trkpt lat="33.32165633328259" lon="130.37921243347228">
        <ele>13.8</ele>
      </trkpt>
      <trkpt lat="33.32160520367324" lon="130.37922341376543">
        <ele>13.8</ele>
      </trkpt>
      <trkpt lat="33.321570586413145" lon="130.3792331367731">
        <ele>14.0</ele>
      </trkpt>
      <trkpt lat="33.321523731574416" lon="130.3792492300272">
        <ele>13.8</ele>
      </trkpt>
      <trkpt lat="33.32149154506624" lon="130.37925736047328">
        <ele>14.0</ele>
      </trkpt>
      <trkpt lat="33.32144804298878" lon="130.3792735375464">
        <ele>14.0</ele>
      </trkpt>
      <trkpt lat="33.32141677848995" lon="130.37928217090666">
        <ele>14.2</ele>
      </trkpt>
      <trkpt lat="33.32137671299279" lon="130.37929851561785">
        <ele>14.0</ele>
      </trkpt>
      <trkpt lat="33.32134067080915" lon="130.3793142735958">
        <ele>14.0</ele>
      </trkpt>
      <trkpt lat="33.32129834219813" lon="130.37932751700282">
        <ele>13.8</ele>
      </trkpt>
      <trkpt lat="33.32126104272902" lon="130.37934109568596">
        <ele>14.0</ele>
      </trkpt>
      <trkpt lat="33.3212118409574" lon="130.37935584783554">
        <ele>14.0</ele>
      </trkpt>
      <trkpt lat="33.32117311656475" lon="130.37936397828162">
        <ele>14.0</ele>
      </trkpt>
      <trkpt lat="33.32113154232502" lon="130.37937588058412">
        <ele>14.0</ele>
      </trkpt>
      <trkpt lat="33.321102457121015" lon="130.37938409484923">
        <ele>14.0</ele>
      </trkpt>
      <trkpt lat="33.321061972528696" lon="130.3793945722282">
        <ele>14.0</ele>
      </trkpt>
      <trkpt lat="33.321030121296644" lon="130.37940370850265">
        <ele>13.8</ele>
      </trkpt>
      <trkpt lat="33.320983685553074" lon="130.37941661663353">
        <ele>13.8</ele>
      </trkpt>
      <trkpt lat="33.32094538025558" lon="130.37942642346025">
        <ele>13.8</ele>
      </trkpt>
      <trkpt lat="33.32089735195041" lon="130.37944436073303">
        <ele>13.6</ele>
      </trkpt>
      <trkpt lat="33.320860136300325" lon="130.37945735268295">
        <ele>13.6</ele>
      </trkpt>
      <trkpt lat="33.32081445492804" lon="130.37947218865156">
        <ele>13.6</ele>
      </trkpt>
      <trkpt lat="33.32077732309699" lon="130.37948300130665">
        <ele>13.6</ele>
      </trkpt>
      <trkpt lat="33.320731138810515" lon="130.37949414923787">
        <ele>13.6</ele>
      </trkpt>
      <trkpt lat="33.320697359740734" lon="130.3795045427978">
        <ele>13.8</ele>
      </trkpt>
      <trkpt lat="33.320652935653925" lon="130.37951678037643">
        <ele>13.8</ele>
      </trkpt>
      <trkpt lat="33.32062376663089" lon="130.3795270062983">
        <ele>13.8</ele>
      </trkpt>
      <trkpt lat="33.3205799292773" lon="130.37953832186759">
        <ele>13.8</ele>
      </trkpt>
      <trkpt lat="33.320543467998505" lon="130.37954687140882">
        <ele>13.6</ele>
      </trkpt>
      <trkpt lat="33.320487728342414" lon="130.37955307401717">
        <ele>13.6</ele>
      </trkpt>
      <trkpt lat="33.32045369781554" lon="130.37957092747092">
        <ele>13.6</ele>
      </trkpt>
      <trkpt lat="33.32040491513908" lon="130.37958601489663">
        <ele>13.6</ele>
      </trkpt>
      <trkpt lat="33.32037121988833" lon="130.37959565408528">
        <ele>13.8</ele>
      </trkpt>
      <trkpt lat="33.32032587379217" lon="130.37960671819746">
        <ele>13.8</ele>
      </trkpt>
      <trkpt lat="33.3202984649688" lon="130.3796163573861">
        <ele>13.8</ele>
      </trkpt>
      <trkpt lat="33.32025295123458" lon="130.37962490692735">
        <ele>13.8</ele>
      </trkpt>
      <trkpt lat="33.32022411748767" lon="130.37964100018144">
        <ele>13.6</ele>
      </trkpt>
      <trkpt lat="33.32018069922924" lon="130.37965089082718">
        <ele>13.6</ele>
      </trkpt>
      <trkpt lat="33.320150105282664" lon="130.37966832518578">
        <ele>13.8</ele>
      </trkpt>
      <trkpt lat="33.32009805366397" lon="130.37967427633703">
        <ele>13.8</ele>
      </trkpt>
      <trkpt lat="33.32005362957716" lon="130.37967092357576">
        <ele>13.8</ele>
      </trkpt>
      <trkpt lat="33.32001364789903" lon="130.37966363132">
        <ele>14.0</ele>
      </trkpt>
      <trkpt lat="33.3199876639992" lon="130.37962113507092">
        <ele>14.0</ele>
      </trkpt>
      <trkpt lat="33.31995950080454" lon="130.37956447340548">
        <ele>14.2</ele>
      </trkpt>
      <trkpt lat="33.31994508393109" lon="130.37950814701617">
        <ele>14.2</ele>
      </trkpt>
      <trkpt lat="33.319935612380505" lon="130.3794506471604">
        <ele>14.2</ele>
      </trkpt>
      <trkpt lat="33.31992764957249" lon="130.37939708679914">
        <ele>14.0</ele>
      </trkpt>
      <trkpt lat="33.319921949878335" lon="130.37934553809464">
        <ele>14.0</ele>
      </trkpt>
      <trkpt lat="33.319911723956466" lon="130.37929482758045">
        <ele>13.8</ele>
      </trkpt>
      <trkpt lat="33.319906275719404" lon="130.37924562580884">
        <ele>13.6</ele>
      </trkpt>
      <trkpt lat="33.31989680416882" lon="130.37919248454273">
        <ele>13.4</ele>
      </trkpt>
      <trkpt lat="33.3198875002563" lon="130.37914579734206">
        <ele>13.4</ele>
      </trkpt>
      <trkpt lat="33.319875597953796" lon="130.37909500300884">
        <ele>13.2</ele>
      </trkpt>
      <trkpt lat="33.31986436620355" lon="130.3790507465601">
        <ele>13.2</ele>
      </trkpt>
      <trkpt lat="33.31985388882458" lon="130.37899827584624">
        <ele>13.0</ele>
      </trkpt>
      <trkpt lat="33.31984240561724" lon="130.37895343266428">
        <ele>12.6</ele>
      </trkpt>
      <trkpt lat="33.31983117386699" lon="130.37890154868364">
        <ele>12.4</ele>
      </trkpt>
      <trkpt lat="33.319819271564484" lon="130.37885930389166">
        <ele>12.2</ele>
      </trkpt>
      <trkpt lat="33.319805609062314" lon="130.37880482152104">
        <ele>12.2</ele>
      </trkpt>
      <trkpt lat="33.319796891883016" lon="130.37876123562455">
        <ele>12.0</ele>
      </trkpt>
      <trkpt lat="33.319784654304385" lon="130.37870759144425">
        <ele>12.0</ele>
      </trkpt>
      <trkpt lat="33.31977275200188" lon="130.3786609042436">
        <ele>12.0</ele>
      </trkpt>
      <trkpt lat="33.31976747140288" lon="130.37860248237848">
        <ele>11.8</ele>
      </trkpt>
      <trkpt lat="33.319760262966156" lon="130.37855696864426">
        <ele>11.4</ele>
      </trkpt>
      <trkpt lat="33.31975749693811" lon="130.37849561311305">
        <ele>11.4</ele>
      </trkpt>
      <trkpt lat="33.31975053995848" lon="130.3784550447017">
        <ele>11.4</ele>
      </trkpt>
      <trkpt lat="33.31975053995848" lon="130.37839461117983">
        <ele>11.4</ele>
      </trkpt>
      <trkpt lat="33.31974199041724" lon="130.37835270166397">
        <ele>11.4</ele>
      </trkpt>
      <trkpt lat="33.31973151303828" lon="130.37829603999853">
        <ele>11.4</ele>
      </trkpt>
      <trkpt lat="33.3197252266109" lon="130.37825186736882">
        <ele>11.4</ele>
      </trkpt>
      <trkpt lat="33.31971877254546" lon="130.37819596007466">
        <ele>11.4</ele>
      </trkpt>
      <trkpt lat="33.31970728933811" lon="130.3781548049301">
        <ele>11.4</ele>
      </trkpt>
      <trkpt lat="33.31969706341624" lon="130.37810442969203">
        <ele>11.4</ele>
      </trkpt>
      <trkpt lat="33.319685915485024" lon="130.3780655376613">
        <ele>11.6</ele>
      </trkpt>
      <trkpt lat="33.31967577338219" lon="130.37801013328135">
        <ele>11.6</ele>
      </trkpt>
      <trkpt lat="33.31966387107968" lon="130.37796964868903">
        <ele>11.8</ele>
      </trkpt>
      <trkpt lat="33.31966093741357" lon="130.37791348993778">
        <ele>11.8</ele>
      </trkpt>
      <trkpt lat="33.31965163350105" lon="130.37787065841258">
        <ele>11.8</ele>
      </trkpt>
      <trkpt lat="33.31964517943561" lon="130.3778176009655">
        <ele>11.8</ele>
      </trkpt>
      <trkpt lat="33.31963453441858" lon="130.3777772001922">
        <ele>11.6</ele>
      </trkpt>
      <trkpt lat="33.319638054817915" lon="130.37771936506033">
        <ele>11.4</ele>
      </trkpt>
      <trkpt lat="33.319630343467" lon="130.3776775393635">
        <ele>11.2</ele>
      </trkpt>
      <trkpt lat="33.31962112337351" lon="130.37762247025967">
        <ele>11.2</ele>
      </trkpt>
      <trkpt lat="33.319610143080354" lon="130.3775789681822">
        <ele>11.0</ele>
      </trkpt>
      <trkpt lat="33.3196025993675" lon="130.37752255797386">
        <ele>11.0</ele>
      </trkpt>
      <trkpt lat="33.31959002651274" lon="130.3774856775999">
        <ele>10.8</ele>
      </trkpt>
      <trkpt lat="33.3195766992867" lon="130.37744133733213">
        <ele>10.8</ele>
      </trkpt>
      <trkpt lat="33.319563791155815" lon="130.37740604951978">
        <ele>10.8</ele>
      </trkpt>
      <trkpt lat="33.319557923823595" lon="130.37735399790108">
        <ele>10.6</ele>
      </trkpt>
      <trkpt lat="33.31954677589238" lon="130.37731242366135">
        <ele>10.2</ele>
      </trkpt>
      <trkpt lat="33.31954593770206" lon="130.37725551053882">
        <ele>10.0</ele>
      </trkpt>
      <trkpt lat="33.319539399817586" lon="130.37721075117588">
        <ele>10.0</ele>
      </trkpt>
      <trkpt lat="33.31953554414213" lon="130.37715199403465">
        <ele>9.8</ele>
      </trkpt>
      <trkpt lat="33.31952263601124" lon="130.3771061450243">
        <ele>9.8</ele>
      </trkpt>
      <trkpt lat="33.31952355802059" lon="130.377049818635">
        <ele>10.0</ele>
      </trkpt>
      <trkpt lat="33.31951752305031" lon="130.3770059812814">
        <ele>10.0</ele>
      </trkpt>
      <trkpt lat="33.319514924660325" lon="130.37695191800594">
        <ele>10.2</ele>
      </trkpt>
      <trkpt lat="33.31950444728136" lon="130.37691654637456">
        <ele>10.4</ele>
      </trkpt>
      <trkpt lat="33.319502267986536" lon="130.37686633877456">
        <ele>10.6</ele>
      </trkpt>
      <trkpt lat="33.319492461159825" lon="130.3768239263445">
        <ele>10.6</ele>
      </trkpt>
      <trkpt lat="33.31948986276984" lon="130.37676768377423">
        <ele>10.8</ele>
      </trkpt>
      <trkpt lat="33.31947913393378" lon="130.3767258580774">
        <ele>10.6</ele>
      </trkpt>
      <trkpt lat="33.31946890801191" lon="130.37667238153517">
        <ele>10.4</ele>
      </trkpt>
      <trkpt lat="33.31945843063295" lon="130.37663080729544">
        <ele>10.4</ele>
      </trkpt>
      <trkpt lat="33.31945172511041" lon="130.37658043205738">
        <ele>10.2</ele>
      </trkpt>
      <trkpt lat="33.319439738988876" lon="130.37653910927474">
        <ele>10.2</ele>
      </trkpt>
      <trkpt lat="33.319433284923434" lon="130.3764877282083">
        <ele>10.2</ele>
      </trkpt>
      <trkpt lat="33.31942833960056" lon="130.37643978372216">
        <ele>10.0</ele>
      </trkpt>
      <trkpt lat="33.319419706240296" lon="130.37638865411282">
        <ele>10.0</ele>
      </trkpt>
      <trkpt lat="33.31940663047135" lon="130.3763421345502">
        <ele>10.0</ele>
      </trkpt>
      <trkpt lat="33.31940076313913" lon="130.37629486061633">
        <ele>9.8</ele>
      </trkpt>
      <trkpt lat="33.319390285760164" lon="130.37625269964337">
        <ele>10.0</ele>
      </trkpt>
      <trkpt lat="33.31938601098955" lon="130.37619955837727">
        <ele>10.2</ele>
      </trkpt>
      <trkpt lat="33.31937746144831" lon="130.3761579003185">
        <ele>10.2</ele>
      </trkpt>
      <trkpt lat="33.319373773410916" lon="130.37610811181366">
        <ele>10.2</ele>
      </trkpt>
      <trkpt lat="33.319363463670015" lon="130.37607022561133">
        <ele>10.2</ele>
      </trkpt>
      <trkpt lat="33.31935927271843" lon="130.37601909600198">
        <ele>10.2</ele>
      </trkpt>
      <trkpt lat="33.319350723177195" lon="130.3759755101055">
        <ele>10.2</ele>
      </trkpt>
      <trkpt lat="33.31934317946434" lon="130.37592706270516">
        <ele>10.0</ele>
      </trkpt>
      <trkpt lat="33.31933253444731" lon="130.3758769389242">
        <ele>10.0</ele>
      </trkpt>
      <trkpt lat="33.31932255998254" lon="130.37583217956126">
        <ele>9.8</ele>
      </trkpt>
      <trkpt lat="33.319308226928115" lon="130.37577895447612">
        <ele>9.8</ele>
      </trkpt>
      <trkpt lat="33.31929540261626" lon="130.37573469802737">
        <ele>9.8</ele>
      </trkpt>
      <trkpt lat="33.31928400322795" lon="130.3756845742464">
        <ele>9.8</ele>
      </trkpt>
      <trkpt lat="33.31926606595516" lon="130.37563889287412">
        <ele>9.8</ele>
      </trkpt>
      <trkpt lat="33.31925977952778" lon="130.3755880985409">
        <ele>9.8</ele>
      </trkpt>
      <trkpt lat="33.31924896687269" lon="130.37554618902504">
        <ele>9.8</ele>
      </trkpt>
      <trkpt lat="33.319238321855664" lon="130.37550109438598">
        <ele>9.6</ele>
      </trkpt>
      <trkpt lat="33.31922491081059" lon="130.37545960396528">
        <ele>9.6</ele>
      </trkpt>
      <trkpt lat="33.31921258941293" lon="130.3754073008895">
        <ele>9.6</ele>
      </trkpt>
      <trkpt lat="33.31919951364398" lon="130.37536958232522">
        <ele>9.6</ele>
      </trkpt>
      <trkpt lat="33.31919180229306" lon="130.3753174468875">
        <ele>9.4</ele>
      </trkpt>
      <trkpt lat="33.319175289943814" lon="130.37527997978032">
        <ele>9.4</ele>
      </trkpt>
      <trkpt lat="33.31916104070842" lon="130.37523111328483">
        <ele>9.4</ele>
      </trkpt>
      <trkpt lat="33.319152826443315" lon="130.37519121542573">
        <ele>9.6</ele>
      </trkpt>
      <trkpt lat="33.31914637237787" lon="130.37513547576964">
        <ele>9.4</ele>
      </trkpt>
      <trkpt lat="33.319134721532464" lon="130.37509909830987">
        <ele>9.6</ele>
      </trkpt>
      <trkpt lat="33.319129440933466" lon="130.37504042498767">
        <ele>9.4</ele>
      </trkpt>
      <trkpt lat="33.31911385059357" lon="130.37500916048884">
        <ele>9.6</ele>
      </trkpt>
      <trkpt lat="33.319100607186556" lon="130.3749504033476">
        <ele>9.6</ele>
      </trkpt>
      <trkpt lat="33.319088285788894" lon="130.37490698508918">
        <ele>9.6</ele>
      </trkpt>
      <trkpt lat="33.319081496447325" lon="130.37485359236598">
        <ele>9.6</ele>
      </trkpt>
      <trkpt lat="33.31906758248806" lon="130.37481646053493">
        <ele>9.8</ele>
      </trkpt>
      <trkpt lat="33.319057524204254" lon="130.37475963123143">
        <ele>10.0</ele>
      </trkpt>
      <trkpt lat="33.31904788501561" lon="130.3747143689543">
        <ele>10.2</ele>
      </trkpt>
      <trkpt lat="33.31904595717788" lon="130.3746556956321">
        <ele>10.4</ele>
      </trkpt>
      <trkpt lat="33.31903631798923" lon="130.3746096789837">
        <ele>10.6</ele>
      </trkpt>
      <trkpt lat="33.31902952864766" lon="130.37455284968019">
        <ele>11.0</ele>
      </trkpt>
      <trkpt lat="33.31902374513447" lon="130.3745066653937">
        <ele>11.0</ele>
      </trkpt>
      <trkpt lat="33.31901812925935" lon="130.37445444613695">
        <ele>11.0</ele>
      </trkpt>
      <trkpt lat="33.319006226956844" lon="130.3744104411453">
        <ele>11.0</ele>
      </trkpt>
      <trkpt lat="33.31899859942496" lon="130.37435964681208">
        <ele>11.0</ele>
      </trkpt>
      <trkpt lat="33.31898803822696" lon="130.37431388162076">
        <ele>11.0</ele>
      </trkpt>
      <trkpt lat="33.318979907780886" lon="130.37426685914397">
        <ele>10.8</ele>
      </trkpt>
      <trkpt lat="33.31897018477321" lon="130.37422159686685">
        <ele>10.8</ele>
      </trkpt>
      <trkpt lat="33.318962305784225" lon="130.37417063489556">
        <ele>10.6</ele>
      </trkpt>
      <trkpt lat="33.31895233131945" lon="130.37412386387587">
        <ele>10.8</ele>
      </trkpt>
      <trkpt lat="33.31894118338823" lon="130.374079272151">
        <ele>10.8</ele>
      </trkpt>
      <trkpt lat="33.318925676867366" lon="130.3740304056555">
        <ele>10.8</ele>
      </trkpt>
      <trkpt lat="33.318911930546165" lon="130.37398690357804">
        <ele>10.8</ele>
      </trkpt>
      <trkpt lat="33.31890053115785" lon="130.37394013255835">
        <ele>10.8</ele>
      </trkpt>
      <trkpt lat="33.31889156252146" lon="130.37389629520476">
        <ele>10.8</ele>
      </trkpt>
      <trkpt lat="33.31888150423765" lon="130.37385161966085">
        <ele>10.8</ele>
      </trkpt>
      <trkpt lat="33.318870859220624" lon="130.3738078661263">
        <ele>11.0</ele>
      </trkpt>
      <trkpt lat="33.31885979510844" lon="130.373762184754">
        <ele>11.0</ele>
      </trkpt>
      <trkpt lat="33.31885367631912" lon="130.37371491082013">
        <ele>10.8</ele>
      </trkpt>
      <trkpt lat="33.318844959139824" lon="130.3736683074385">
        <ele>10.8</ele>
      </trkpt>
      <trkpt lat="33.31883800216019" lon="130.37361952476203">
        <ele>10.8</ele>
      </trkpt>
      <trkpt lat="33.31882928498089" lon="130.3735734242946">
        <ele>10.8</ele>
      </trkpt>
      <trkpt lat="33.318816628307104" lon="130.37353151477873">
        <ele>10.8</ele>
      </trkpt>
      <trkpt lat="33.318804977461696" lon="130.3734812233597">
        <ele>10.8</ele>
      </trkpt>
      <trkpt lat="33.31879408098757" lon="130.37343738600612">
        <ele>10.8</ele>
      </trkpt>
      <trkpt lat="33.31878033466637" lon="130.3733836580068">
        <ele>10.8</ele>
      </trkpt>
      <trkpt lat="33.31876952201128" lon="130.37334015592933">
        <ele>11.0</ele>
      </trkpt>
      <trkpt lat="33.31875678151846" lon="130.37328843958676">
        <ele>11.0</ele>
      </trkpt>
      <trkpt lat="33.31874454393983" lon="130.37324686534703">
        <ele>11.2</ele>
      </trkpt>
      <trkpt lat="33.3187375869602" lon="130.37319833412766">
        <ele>11.4</ele>
      </trkpt>
      <trkpt lat="33.31873180344701" lon="130.373154329136">
        <ele>11.6</ele>
      </trkpt>
      <trkpt lat="33.31872493028641" lon="130.3731043729931">
        <ele>11.6</ele>
      </trkpt>
      <trkpt lat="33.318719398230314" lon="130.37305827252567">
        <ele>11.6</ele>
      </trkpt>
      <trkpt lat="33.31871244125068" lon="130.37300907075405">
        <ele>11.4</ele>
      </trkpt>
      <trkpt lat="33.3187045622617" lon="130.37296649068594">
        <ele>11.4</ele>
      </trkpt>
      <trkpt lat="33.31869567744434" lon="130.37291184067726">
        <ele>11.4</ele>
      </trkpt>
      <trkpt lat="33.31868511624634" lon="130.37287554703653">
        <ele>11.4</ele>
      </trkpt>
      <trkpt lat="33.3186802547425" lon="130.37282768636942">
        <ele>11.4</ele>
      </trkpt>
      <trkpt lat="33.3186752256006" lon="130.37278477102518">
        <ele>11.8</ele>
      </trkpt>
      <trkpt lat="33.31867321394384" lon="130.3727354016155">
        <ele>12.0</ele>
      </trkpt>
      <trkpt lat="33.318670615553856" lon="130.37269240245223">
        <ele>12.0</ele>
      </trkpt>
      <trkpt lat="33.3186701964587" lon="130.37263984791934">
        <ele>12.0</ele>
      </trkpt>
      <trkpt lat="33.31866407766938" lon="130.37259860895574">
        <ele>12.0</ele>
      </trkpt>
      <trkpt lat="33.31866441294551" lon="130.37253775633872">
        <ele>12.0</ele>
      </trkpt>
      <trkpt lat="33.31865510903299" lon="130.37249919958413">
        <ele>12.0</ele>
      </trkpt>
      <trkpt lat="33.31865360029042" lon="130.37244027480483">
        <ele>11.8</ele>
      </trkpt>
      <trkpt lat="33.3186424523592" lon="130.3724055737257">
        <ele>12.0</ele>
      </trkpt>
      <trkpt lat="33.31864186562598" lon="130.37235042080283">
        <ele>12.0</ele>
      </trkpt>
      <trkpt lat="33.31863516010344" lon="130.37231261841953">
        <ele>12.2</ele>
      </trkpt>
      <trkpt lat="33.31863448955119" lon="130.37226291373372">
        <ele>12.2</ele>
      </trkpt>
      <trkpt lat="33.318626610562205" lon="130.37222343496978">
        <ele>12.4</ele>
      </trkpt>
      <trkpt lat="33.31862443126738" lon="130.37216886878014">
        <ele>12.6</ele>
      </trkpt>
      <trkpt lat="33.31861596554518" lon="130.37213408388197">
        <ele>12.8</ele>
      </trkpt>
      <trkpt lat="33.31861319951713" lon="130.37208404392004">
        <ele>13.0</ele>
      </trkpt>
      <trkpt lat="33.31860532052815" lon="130.3720477502793">
        <ele>13.0</ele>
      </trkpt>
      <trkpt lat="33.31860833801329" lon="130.37198999896646">
        <ele>13.0</ele>
      </trkpt>
      <trkpt lat="33.31859903410077" lon="130.37195110693574">
        <ele>13.0</ele>
      </trkpt>
      <trkpt lat="33.31859861500561" lon="130.3718976303935">
        <ele>13.0</ele>
      </trkpt>
      <trkpt lat="33.31859149038792" lon="130.3718584869057">
        <ele>13.0</ele>
      </trkpt>
      <trkpt lat="33.318588975816965" lon="130.37180048413575">
        <ele>13.0</ele>
      </trkpt>
      <trkpt lat="33.318583779037" lon="130.37175706587732">
        <ele>13.0</ele>
      </trkpt>
      <trkpt lat="33.31858294084668" lon="130.37169788964093">
        <ele>13.0</ele>
      </trkpt>
      <trkpt lat="33.3185803424567" lon="130.37165002897382">
        <ele>13.0</ele>
      </trkpt>
      <trkpt lat="33.318584533408284" lon="130.37159839645028">
        <ele>13.0</ele>
      </trkpt>
      <trkpt lat="33.31858051009476" lon="130.3715540561825">
        <ele>12.8</ele>
      </trkpt>
      <trkpt lat="33.31858662888408" lon="130.3714988194406">
        <ele>12.8</ele>
      </trkpt>
      <trkpt lat="33.31858042627573" lon="130.37145607173443">
        <ele>12.6</ele>
      </trkpt>
      <trkpt lat="33.31858386285603" lon="130.371399410069">
        <ele>12.6</ele>
      </trkpt>
      <trkpt lat="33.31857841461897" lon="130.37135724909604">
        <ele>12.6</ele>
      </trkpt>
      <trkpt lat="33.31858235411346" lon="130.3713026829064">
        <ele>12.8</ele>
      </trkpt>
      <trkpt lat="33.31858025863767" lon="130.37126010283828">
        <ele>12.8</ele>
      </trkpt>
      <trkpt lat="33.318583527579904" lon="130.37120872177184">
        <ele>12.8</ele>
      </trkpt>
      <trkpt lat="33.318581599742174" lon="130.3711689915508">
        <ele>12.6</ele>
      </trkpt>
      <trkpt lat="33.31858520396054" lon="130.37111861631274">
        <ele>12.8</ele>
      </trkpt>
      <trkpt lat="33.318579168990254" lon="130.37107503041625">
        <ele>12.6</ele>
      </trkpt>
      <trkpt lat="33.318580593913794" lon="130.37102105095983">
        <ele>12.6</ele>
      </trkpt>
      <trkpt lat="33.31857548095286" lon="130.37097671069205">
        <ele>12.6</ele>
      </trkpt>
      <trkpt lat="33.31857950426638" lon="130.37092658691108">
        <ele>12.6</ele>
      </trkpt>
      <trkpt lat="33.31857766024768" lon="130.37088501267135">
        <ele>12.6</ele>
      </trkpt>
      <trkpt lat="33.31857908517122" lon="130.3708336316049">
        <ele>12.6</ele>
      </trkpt>
      <trkpt lat="33.31857363693416" lon="130.37078585475683">
        <ele>12.6</ele>
      </trkpt>
      <trkpt lat="33.318577241152525" lon="130.37073405459523">
        <ele>12.6</ele>
      </trkpt>
      <trkpt lat="33.318576319143176" lon="130.37068460136652">
        <ele>12.6</ele>
      </trkpt>
      <trkpt lat="33.31858134828508" lon="130.37063154391944">
        <ele>12.6</ele>
      </trkpt>
      <trkpt lat="33.3185769058764" lon="130.37058745510876">
        <ele>12.6</ele>
      </trkpt>
      <trkpt lat="33.31858042627573" lon="130.37053506821394">
        <ele>12.6</ele>
      </trkpt>
      <trkpt lat="33.318576738238335" lon="130.37049047648907">
        <ele>12.8</ele>
      </trkpt>
      <trkpt lat="33.318579755723476" lon="130.3704387601465">
        <ele>12.6</ele>
      </trkpt>
      <trkpt lat="33.31858000718057" lon="130.3703956771642">
        <ele>12.8</ele>
      </trkpt>
      <trkpt lat="33.31858595833182" lon="130.37034463137388">
        <ele>12.8</ele>
      </trkpt>
      <trkpt lat="33.3185856230557" lon="130.37030255421996">
        <ele>12.8</ele>
      </trkpt>
      <trkpt lat="33.31858872435987" lon="130.3702519275248">
        <ele>12.6</ele>
      </trkpt>
      <trkpt lat="33.31858822144568" lon="130.3702088445425">
        <ele>12.6</ele>
      </trkpt>
      <trkpt lat="33.318593837320805" lon="130.37015536800027">
        <ele>12.6</ele>
      </trkpt>
      <trkpt lat="33.31859031692147" lon="130.37011010572314">
        <ele>12.6</ele>
      </trkpt>
      <trkpt lat="33.31858662888408" lon="130.37005914375186">
        <ele>12.6</ele>
      </trkpt>
      <trkpt lat="33.31858738325536" lon="130.37001119926572">
        <ele>12.6</ele>
      </trkpt>
      <trkpt lat="33.3185888081789" lon="130.3699659369886">
        <ele>12.2</ele>
      </trkpt>
      <trkpt lat="33.318589059636" lon="130.36991673521698">
        <ele>12.2</ele>
      </trkpt>
      <trkpt lat="33.31858587451279" lon="130.36987180821598">
        <ele>12.2</ele>
      </trkpt>
      <trkpt lat="33.31858419813216" lon="130.36982394754887">
        <ele>12.4</ele>
      </trkpt>
      <trkpt lat="33.31858319230378" lon="130.3697804454714">
        <ele>12.4</ele>
      </trkpt>
      <trkpt lat="33.318581683561206" lon="130.36973141133785">
        <ele>12.4</ele>
      </trkpt>
      <trkpt lat="33.318579168990254" lon="130.36968933418393">
        <ele>12.4</ele>
      </trkpt>
      <trkpt lat="33.318575732409954" lon="130.36963988095522">
        <ele>12.6</ele>
      </trkpt>
      <trkpt lat="33.31857179291546" lon="130.36960056982934">
        <ele>12.6</ele>
      </trkpt>
      <trkpt lat="33.31856760196388" lon="130.36955513991416">
        <ele>12.6</ele>
      </trkpt>
      <trkpt lat="33.31856282427907" lon="130.36951021291316">
        <ele>12.6</ele>
      </trkpt>
      <trkpt lat="33.318565087392926" lon="130.3694598376751">
        <ele>12.6</ele>
      </trkpt>
      <trkpt lat="33.31855595111847" lon="130.3694212809205">
        <ele>12.8</ele>
      </trkpt>
      <trkpt lat="33.318552346900105" lon="130.36936805583537">
        <ele>12.8</ele>
      </trkpt>
      <trkpt lat="33.31854681484401" lon="130.36933251656592">
        <ele>13.0</ele>
      </trkpt>
      <trkpt lat="33.318547988310456" lon="130.36927359178662">
        <ele>13.0</ele>
      </trkpt>
      <trkpt lat="33.318536169826984" lon="130.3692388907075">
        <ele>13.2</ele>
      </trkpt>
      <trkpt lat="33.31853734329343" lon="130.36918357014656">
        <ele>13.2</ele>
      </trkpt>
      <trkpt lat="33.31852527335286" lon="130.36914777942002">
        <ele>13.4</ele>
      </trkpt>
      <trkpt lat="33.318521082401276" lon="130.36909396760166">
        <ele>13.6</ele>
      </trkpt>
      <trkpt lat="33.318511275574565" lon="130.36905792541802">
        <ele>13.6</ele>
      </trkpt>
      <trkpt lat="33.31851052120328" lon="130.36901132203639">
        <ele>13.8</ele>
      </trkpt>
      <trkpt lat="33.318501971662045" lon="130.36897762678564">
        <ele>13.8</ele>
      </trkpt>
      <trkpt lat="33.31849627196789" lon="130.36893093958497">
        <ele>13.8</ele>
      </trkpt>
      <trkpt lat="33.31848512403667" lon="130.36889154464006">
        <ele>14.0</ele>
      </trkpt>
      <trkpt lat="33.31848135218024" lon="130.36883840337396">
        <ele>14.2</ele>
      </trkpt>
      <trkpt lat="33.31847246736288" lon="130.36880210973322">
        <ele>14.6</ele>
      </trkpt>
      <trkpt lat="33.31846542656422" lon="130.3687545005232">
        <ele>15.0</ele>
      </trkpt>
      <trkpt lat="33.31845536828041" lon="130.36870881915092">
        <ele>15.6</ele>
      </trkpt>
      <trkpt lat="33.31845176406205" lon="130.36866322159767">
        <ele>15.8</ele>
      </trkpt>
      <trkpt lat="33.318443885073066" lon="130.3686149418354">
        <ele>16.0</ele>
      </trkpt>
      <trkpt lat="33.3184405323118" lon="130.3685686737299">
        <ele>16.2</ele>
      </trkpt>
      <trkpt lat="33.31843106076121" lon="130.36851880140603">
        <ele>16.4</ele>
      </trkpt>
      <trkpt lat="33.31842611543834" lon="130.36847546696663">
        <ele>16.6</ele>
      </trkpt>
      <trkpt lat="33.318418487906456" lon="130.36842844448984">
        <ele>16.6</ele>
      </trkpt>
      <trkpt lat="33.31841580569744" lon="130.368383936584">
        <ele>17.0</ele>
      </trkpt>
      <trkpt lat="33.318411111831665" lon="130.36833808757365">
        <ele>17.2</ele>
      </trkpt>
      <trkpt lat="33.31840759143233" lon="130.36829299293458">
        <ele>17.4</ele>
      </trkpt>
      <trkpt lat="33.31839996390045" lon="130.368243874982">
        <ele>17.4</ele>
      </trkpt>
      <trkpt lat="33.318395521491766" lon="130.36819827742875">
        <ele>17.8</ele>
      </trkpt>
      <trkpt lat="33.31838789395988" lon="130.3681492432952">
        <ele>17.8</ele>
      </trkpt>
      <trkpt lat="33.31838437356055" lon="130.36810263991356">
        <ele>17.8</ele>
      </trkpt>
      <trkpt lat="33.3183797635138" lon="130.3680525161326">
        <ele>17.8</ele>
      </trkpt>
      <trkpt lat="33.31837280653417" lon="130.3680091816932">
        <ele>17.8</ele>
      </trkpt>
      <trkpt lat="33.3183678612113" lon="130.3679573815316">
        <ele>17.8</ele>
      </trkpt>
      <trkpt lat="33.31835956312716" lon="130.36791580729187">
        <ele>17.8</ele>
      </trkpt>
      <trkpt lat="33.31835285760462" lon="130.36786761134863">
        <ele>17.8</ele>
      </trkpt>
      <trkpt lat="33.31834782846272" lon="130.36782637238503">
        <ele>18.0</ele>
      </trkpt>
      <trkpt lat="33.318343721330166" lon="130.36778077483177">
        <ele>18.0</ele>
      </trkpt>
      <trkpt lat="33.31833944655955" lon="130.36773551255465">
        <ele>18.2</ele>
      </trkpt>
      <trkpt lat="33.31833659671247" lon="130.3676878195256">
        <ele>18.6</ele>
      </trkpt>
      <trkpt lat="33.31832888536155" lon="130.36764197051525">
        <ele>18.8</ele>
      </trkpt>
      <trkpt lat="33.31832100637257" lon="130.36759151145816">
        <ele>19.0</ele>
      </trkpt>
      <trkpt lat="33.31831069663167" lon="130.36754733882844">
        <ele>19.0</ele>
      </trkpt>
      <trkpt lat="33.31831119954586" lon="130.36748849786818">
        <ele>19.2</ele>
      </trkpt>
      <trkpt lat="33.31830223090947" lon="130.3674444090575">
        <ele>19.2</ele>
      </trkpt>
      <trkpt lat="33.31830105744302" lon="130.3673884179443">
        <ele>19.2</ele>
      </trkpt>
      <trkpt lat="33.31830030307174" lon="130.3673418983817">
        <ele>19.2</ele>
      </trkpt>
      <trkpt lat="33.31830005161464" lon="130.3672813810408">
        <ele>19.2</ele>
      </trkpt>
      <trkpt lat="33.318291418254375" lon="130.36723611876369">
        <ele>19.2</ele>
      </trkpt>
      <trkpt lat="33.31829007714987" lon="130.3671812172979">
        <ele>19.2</ele>
      </trkpt>
      <trkpt lat="33.31828320398927" lon="130.36713620647788">
        <ele>19.0</ele>
      </trkpt>
      <trkpt lat="33.31828244961798" lon="130.36708222702146">
        <ele>18.8</ele>
      </trkpt>
      <trkpt lat="33.31827213987708" lon="130.36703973077238">
        <ele>18.8</ele>
      </trkpt>
      <trkpt lat="33.318270882591605" lon="130.36698130890727">
        <ele>18.6</ele>
      </trkpt>
      <trkpt lat="33.31826434470713" lon="130.36692741326988">
        <ele>18.2</ele>
      </trkpt>
      <trkpt lat="33.318264512345195" lon="130.36686555482447">
        <ele>18.0</ele>
      </trkpt>
      <trkpt lat="33.31825076602399" lon="130.3668191190809">
        <ele>17.8</ele>
      </trkpt>
      <trkpt lat="33.31824623979628" lon="130.3667652234435">
        <ele>17.4</ele>
      </trkpt>
      <trkpt lat="33.31823634915054" lon="130.36672205664217">
        <ele>17.2</ele>
      </trkpt>
      <trkpt lat="33.31823140382767" lon="130.36666799336672">
        <ele>17.0</ele>
      </trkpt>
      <trkpt lat="33.31822075881064" lon="130.366623820737">
        <ele>16.6</ele>
      </trkpt>
      <trkpt lat="33.31821204163134" lon="130.36656816489995">
        <ele>16.4</ele>
      </trkpt>
      <trkpt lat="33.3182021509856" lon="130.36652466282248">
        <ele>16.2</ele>
      </trkpt>
      <trkpt lat="33.318196535110474" lon="130.36647705361247">
        <ele>15.6</ele>
      </trkpt>
      <trkpt lat="33.31819234415889" lon="130.36642391234636">
        <ele>15.4</ele>
      </trkpt>
      <trkpt lat="33.318184884265065" lon="130.36637705750763">
        <ele>15.2</ele>
      </trkpt>
      <trkpt lat="33.3181762509048" lon="130.36632257513702">
        <ele>15.0</ele>
      </trkpt>
      <trkpt lat="33.31816803663969" lon="130.36628058180213">
        <ele>15.0</ele>
      </trkpt>
      <trkpt lat="33.31816694699228" lon="130.36622584797442">
        <ele>14.8</ele>
      </trkpt>
      <trkpt lat="33.31815596669912" lon="130.36618435755372">
        <ele>14.6</ele>
      </trkpt>
      <trkpt lat="33.318150686100125" lon="130.36613448522985">
        <ele>14.6</ele>
      </trkpt>
      <trkpt lat="33.318137023597956" lon="130.36609877832234">
        <ele>14.2</ele>
      </trkpt>
      <trkpt lat="33.31813040189445" lon="130.36604018881917">
        <ele>14.0</ele>
      </trkpt>
      <trkpt lat="33.318123780190945" lon="130.36600230261683">
        <ele>13.8</ele>
      </trkpt>
      <trkpt lat="33.31811179406941" lon="130.3659474849701">
        <ele>13.8</ele>
      </trkpt>
      <trkpt lat="33.31810249015689" lon="130.36590909585357">
        <ele>13.8</ele>
      </trkpt>
      <trkpt lat="33.318095030263066" lon="130.36585981026292">
        <ele>13.6</ele>
      </trkpt>
      <trkpt lat="33.318080361932516" lon="130.36581974476576">
        <ele>13.4</ele>
      </trkpt>
      <trkpt lat="33.31806535832584" lon="130.36577682942152">
        <ele>13.4</ele>
      </trkpt>
      <trkpt lat="33.31805119290948" lon="130.36573223769665">
        <ele>13.4</ele>
      </trkpt>
      <trkpt lat="33.31804004497826" lon="130.36568261682987">
        <ele>13.4</ele>
      </trkpt>
      <trkpt lat="33.31802939996123" lon="130.36563391797245">
        <ele>13.4</ele>
      </trkpt>
      <trkpt lat="33.318017749115825" lon="130.36558873951435">
        <ele>13.2</ele>
      </trkpt>
      <trkpt lat="33.318001655861735" lon="130.36553517915308">
        <ele>13.2</ele>
      </trkpt>
      <trkpt lat="33.31799101084471" lon="130.3654931858182">
        <ele>13.2</ele>
      </trkpt>
      <trkpt lat="33.31798086874187" lon="130.3654448222369">
        <ele>13.0</ele>
      </trkpt>
      <trkpt lat="33.31797005608678" lon="130.36539654247463">
        <ele>13.0</ele>
      </trkpt>
      <trkpt lat="33.31795882433653" lon="130.3653483465314">
        <ele>13.0</ele>
      </trkpt>
      <trkpt lat="33.31795061007142" lon="130.36530073732138">
        <ele>13.0</ele>
      </trkpt>
      <trkpt lat="33.31794088706374" lon="130.36525011062622">
        <ele>13.2</ele>
      </trkpt>
      <trkpt lat="33.317930325865746" lon="130.3652082849294">
        <ele>13.2</ele>
      </trkpt>
      <trkpt lat="33.31792077049613" lon="130.3651620168239">
        <ele>13.2</ele>
      </trkpt>
      <trkpt lat="33.31791247241199" lon="130.36511759273708">
        <ele>13.4</ele>
      </trkpt>
      <trkpt lat="33.317904341965914" lon="130.36507082171738">
        <ele>13.4</ele>
      </trkpt>
      <trkpt lat="33.31789889372885" lon="130.3650264814496">
        <ele>13.4</ele>
      </trkpt>
      <trkpt lat="33.31788933835924" lon="130.36497644148767">
        <ele>13.4</ele>
      </trkpt>
      <trkpt lat="33.317883387207985" lon="130.36493218503892">
        <ele>13.4</ele>
      </trkpt>
      <trkpt lat="33.31787986680865" lon="130.364879546687">
        <ele>13.2</ele>
      </trkpt>
      <trkpt lat="33.317873077467084" lon="130.36483411677182">
        <ele>13.2</ele>
      </trkpt>
      <trkpt lat="33.31786913797259" lon="130.36478457972407">
        <ele>13.0</ele>
      </trkpt>
      <trkpt lat="33.3178636059165" lon="130.36474091000855">
        <ele>13.0</ele>
      </trkpt>
      <trkpt lat="33.31785916350782" lon="130.3646884392947">
        <ele>13.0</ele>
      </trkpt>
      <trkpt lat="33.31785572692752" lon="130.36464518867433">
        <ele>13.0</ele>
      </trkpt>
      <trkpt lat="33.31785522401333" lon="130.3645959869027">
        <ele>13.0</ele>
      </trkpt>
      <trkpt lat="33.31785094924271" lon="130.3645470365882">
        <ele>13.0</ele>
      </trkpt>
      <trkpt lat="33.317846674472094" lon="130.3644912969321">
        <ele>12.8</ele>
      </trkpt>
      <trkpt lat="33.317844243720174" lon="130.36444511264563">
        <ele>12.8</ele>
      </trkpt>
      <trkpt lat="33.31783787347376" lon="130.36438987590373">
        <ele>12.8</ele>
      </trkpt>
      <trkpt lat="33.317833514884114" lon="130.36434419453144">
        <ele>12.8</ele>
      </trkpt>
      <trkpt lat="33.31782320514321" lon="130.3642904665321">
        <ele>12.6</ele>
      </trkpt>
      <trkpt lat="33.317822869867086" lon="130.36424637772143">
        <ele>12.6</ele>
      </trkpt>
      <trkpt lat="33.31781666725874" lon="130.3641990199685">
        <ele>12.4</ele>
      </trkpt>
      <trkpt lat="33.31780795007944" lon="130.36416213959455">
        <ele>12.4</ele>
      </trkpt>
      <trkpt lat="33.317804262042046" lon="130.36410866305232">
        <ele>12.4</ele>
      </trkpt>
      <trkpt lat="33.31780350767076" lon="130.3640634007752">
        <ele>12.4</ele>
      </trkpt>
      <trkpt lat="33.31779898144305" lon="130.3640081640333">
        <ele>12.4</ele>
      </trkpt>
      <trkpt lat="33.31779479049146" lon="130.36396206356585">
        <ele>12.4</ele>
      </trkpt>
      <trkpt lat="33.317790599539876" lon="130.36391261033714">
        <ele>12.4</ele>
      </trkpt>
      <trkpt lat="33.31778674386442" lon="130.3638691920787">
        <ele>12.6</ele>
      </trkpt>
      <trkpt lat="33.31778238527477" lon="130.36381856538355">
        <ele>12.6</ele>
      </trkpt>
      <trkpt lat="33.31777509301901" lon="130.36376877687871">
        <ele>12.6</ele>
      </trkpt>
      <trkpt lat="33.31776738166809" lon="130.36372602917254">
        <ele>12.6</ele>
      </trkpt>
      <trkpt lat="33.31775899976492" lon="130.36367774941027">
        <ele>12.4</ele>
      </trkpt>
      <trkpt lat="33.31775137223303" lon="130.36362913437188">
        <ele>12.4</ele>
      </trkpt>
      <trkpt lat="33.317745588719845" lon="130.36358571611345">
        <ele>12.4</ele>
      </trkpt>
      <trkpt lat="33.31773955374956" lon="130.36353953182697">
        <ele>12.4</ele>
      </trkpt>
      <trkpt lat="33.3177306689322" lon="130.36349535919726">
        <ele>12.4</ele>
      </trkpt>
      <trkpt lat="33.31772295758128" lon="130.3634500131011">
        <ele>12.4</ele>
      </trkpt>
      <trkpt lat="33.31771641969681" lon="130.3634053375572">
        <ele>12.4</ele>
      </trkpt>
      <trkpt lat="33.3177082054317" lon="130.36335630342364">
        <ele>12.4</ele>
      </trkpt>
      <trkpt lat="33.317702170461416" lon="130.36330768838525">
        <ele>12.4</ele>
      </trkpt>
      <trkpt lat="33.31769370473921" lon="130.3632629290223">
        <ele>12.4</ele>
      </trkpt>
      <trkpt lat="33.31768817268312" lon="130.36321179941297">
        <ele>12.2</ele>
      </trkpt>
      <trkpt lat="33.31767853349447" lon="130.36316544748843">
        <ele>12.2</ele>
      </trkpt>
      <trkpt lat="33.31767249852419" lon="130.36311934702098">
        <ele>12.4</ele>
      </trkpt>
      <trkpt lat="33.31766604445875" lon="130.3630739171058">
        <ele>12.4</ele>
      </trkpt>
      <trkpt lat="33.317661434412" lon="130.36302446387708">
        <ele>12.2</ele>
      </trkpt>
      <trkpt lat="33.31765363924205" lon="130.36297869868577">
        <ele>12.4</ele>
      </trkpt>
      <trkpt lat="33.31764852628112" lon="130.36293284967542">
        <ele>12.2</ele>
      </trkpt>
      <trkpt lat="33.31763930618763" lon="130.3628870844841">
        <ele>12.4</ele>
      </trkpt>
      <trkpt lat="33.31763746216893" lon="130.36283729597926">
        <ele>12.2</ele>
      </trkpt>
      <trkpt lat="33.31763243302703" lon="130.3627914469689">
        <ele>12.2</ele>
      </trkpt>
      <trkpt lat="33.317627822980285" lon="130.3627443406731">
        <ele>12.2</ele>
      </trkpt>
      <trkpt lat="33.31761944107711" lon="130.36269379779696">
        <ele>12.2</ele>
      </trkpt>
      <trkpt lat="33.31761541776359" lon="130.36264702677727">
        <ele>12.0</ele>
      </trkpt>
      <trkpt lat="33.3176046051085" lon="130.36260126158595">
        <ele>12.0</ele>
      </trkpt>
      <trkpt lat="33.317598570138216" lon="130.36255650222301">
        <ele>12.0</ele>
      </trkpt>
      <trkpt lat="33.31759278662503" lon="130.36251216195524">
        <ele>12.0</ele>
      </trkpt>
      <trkpt lat="33.31758515909314" lon="130.36247025243938">
        <ele>12.0</ele>
      </trkpt>
      <trkpt lat="33.317577028647065" lon="130.36241828463972">
        <ele>12.2</ele>
      </trkpt>
      <trkpt lat="33.3175736758858" lon="130.36237000487745">
        <ele>12.2</ele>
      </trkpt>
      <trkpt lat="33.317561941221356" lon="130.36232348531485">
        <ele>12.4</ele>
      </trkpt>
      <trkpt lat="33.31755666062236" lon="130.36227570846677">
        <ele>12.4</ele>
      </trkpt>
      <trkpt lat="33.31754811108112" lon="130.36222843453288">
        <ele>12.6</ele>
      </trkpt>
      <trkpt lat="33.317544255405664" lon="130.36218333989382">
        <ele>12.4</ele>
      </trkpt>
      <trkpt lat="33.31753570586443" lon="130.3621348924935">
        <ele>12.6</ele>
      </trkpt>
      <trkpt lat="33.31753067672253" lon="130.36208745092154">
        <ele>12.4</ele>
      </trkpt>
      <trkpt lat="33.3175216242671" lon="130.3620360698551">
        <ele>12.4</ele>
      </trkpt>
      <trkpt lat="33.3175163436681" lon="130.36199105903506">
        <ele>12.2</ele>
      </trkpt>
      <trkpt lat="33.31750896759331" lon="130.36194982007146">
        <ele>12.2</ele>
      </trkpt>
      <trkpt lat="33.3175025973469" lon="130.3619007859379">
        <ele>12.0</ele>
      </trkpt>
      <trkpt lat="33.31749094650149" lon="130.36186046898365">
        <ele>12.0</ele>
      </trkpt>
      <trkpt lat="33.31748390570283" lon="130.36181294359267">
        <ele>12.0</ele>
      </trkpt>
      <trkpt lat="33.31747644580901" lon="130.36176877096295">
        <ele>12.0</ele>
      </trkpt>
      <trkpt lat="33.31747384741902" lon="130.36172308959067">
        <ele>12.0</ele>
      </trkpt>
      <trkpt lat="33.3174663875252" lon="130.36167581565678">
        <ele>12.0</ele>
      </trkpt>
      <trkpt lat="33.3174576703459" lon="130.3616335708648">
        <ele>12.0</ele>
      </trkpt>
      <trkpt lat="33.3174492046237" lon="130.3615833632648">
        <ele>12.2</ele>
      </trkpt>
      <trkpt lat="33.31744333729148" lon="130.36153726279736">
        <ele>12.2</ele>
      </trkpt>
      <trkpt lat="33.31743495538831" lon="130.3614837024361">
        <ele>12.2</ele>
      </trkpt>
      <trkpt lat="33.31742690876126" lon="130.36143600940704">
        <ele>12.2</ele>
      </trkpt>
      <trkpt lat="33.31741886213422" lon="130.36138722673059">
        <ele>12.4</ele>
      </trkpt>
      <trkpt lat="33.317412408068776" lon="130.3613383602351">
        <ele>12.2</ele>
      </trkpt>
      <trkpt lat="33.31740293651819" lon="130.3612902481109">
        <ele>12.2</ele>
      </trkpt>
      <trkpt lat="33.31739698536694" lon="130.3612453211099">
        <ele>12.0</ele>
      </trkpt>
      <trkpt lat="33.317389860749245" lon="130.36120232194662">
        <ele>12.0</ele>
      </trkpt>
      <trkpt lat="33.31738273613155" lon="130.36116041243076">
        <ele>12.0</ele>
      </trkpt>
      <trkpt lat="33.31737359985709" lon="130.36111976020038">
        <ele>12.0</ele>
      </trkpt>
      <trkpt lat="33.31736287102103" lon="130.3610714804381">
        <ele>12.0</ele>
      </trkpt>
      <trkpt lat="33.31735490821302" lon="130.36102923564613">
        <ele>12.2</ele>
      </trkpt>
      <trkpt lat="33.31735189072788" lon="130.36097701638937">
        <ele>12.0</ele>
      </trkpt>
      <trkpt lat="33.31734233535826" lon="130.36093016155064">
        <ele>12.2</ele>
      </trkpt>
      <trkpt lat="33.31733588129282" lon="130.36088523454964">
        <ele>12.0</ele>
      </trkpt>
      <trkpt lat="33.3173281699419" lon="130.36083787679672">
        <ele>12.0</ele>
      </trkpt>
      <trkpt lat="33.31732330843806" lon="130.36078884266317">
        <ele>12.2</ele>
      </trkpt>
      <trkpt lat="33.31731861457229" lon="130.3607485257089">
        <ele>12.2</ele>
      </trkpt>
      <trkpt lat="33.31731484271586" lon="130.36069823428988">
        <ele>12.0</ele>
      </trkpt>
      <trkpt lat="33.31730361096561" lon="130.3606502059847">
        <ele>12.0</ele>
      </trkpt>
      <trkpt lat="33.31729304976761" lon="130.3606099728495">
        <ele>11.8</ele>
      </trkpt>
      <trkpt lat="33.31728148274124" lon="130.36056512966752">
        <ele>12.0</ele>
      </trkpt>
      <trkpt lat="33.31726999953389" lon="130.3605230525136">
        <ele>12.0</ele>
      </trkpt>
      <trkpt lat="33.317257007583976" lon="130.36047804169357">
        <ele>12.0</ele>
      </trkpt>
      <trkpt lat="33.31724443472922" lon="130.36043336614966">
        <ele>12.0</ele>
      </trkpt>
      <trkpt lat="33.31722632981837" lon="130.36039003171027">
        <ele>12.0</ele>
      </trkpt>
      <trkpt lat="33.31721015274525" lon="130.36034929566085">
        <ele>12.0</ele>
      </trkpt>
      <trkpt lat="33.31718668341637" lon="130.36030855961144">
        <ele>12.2</ele>
      </trkpt>
      <trkpt lat="33.31716631539166" lon="130.36026497371495">
        <ele>12.2</ele>
      </trkpt>
      <trkpt lat="33.31714008003473" lon="130.36022331565619">
        <ele>12.4</ele>
      </trkpt>
      <trkpt lat="33.317118706181645" lon="130.36018190905452">
        <ele>12.6</ele>
      </trkpt>
      <trkpt lat="33.317091800272465" lon="130.36014913581312">
        <ele>12.8</ele>
      </trkpt>
      <trkpt lat="33.31706657074392" lon="130.3601134289056">
        <ele>13.0</ele>
      </trkpt>
      <trkpt lat="33.31703673116863" lon="130.36008333787322">
        <ele>13.2</ele>
      </trkpt>
      <trkpt lat="33.317008316516876" lon="130.36005232483149">
        <ele>13.0</ele>
      </trkpt>
      <trkpt lat="33.31697638146579" lon="130.36002583801746">
        <ele>13.0</ele>
      </trkpt>
      <trkpt lat="33.31694536842406" lon="130.35999331623316">
        <ele>13.0</ele>
      </trkpt>
      <trkpt lat="33.31690899096429" lon="130.35996691323817">
        <ele>13.0</ele>
      </trkpt>
      <trkpt lat="33.31687663681805" lon="130.3599405940622">
        <ele>13.0</ele>
      </trkpt>
      <trkpt lat="33.31683782860637" lon="130.35991184413433">
        <ele>12.8</ele>
      </trkpt>
      <trkpt lat="33.31680555827916" lon="130.35989239811897">
        <ele>12.8</ele>
      </trkpt>
      <trkpt lat="33.31676817499101" lon="130.35986398346722">
        <ele>13.0</ele>
      </trkpt>
      <trkpt lat="33.31673867069185" lon="130.3598335571587">
        <ele>13.4</ele>
      </trkpt>
      <trkpt lat="33.31669877283275" lon="130.359810506925">
        <ele>13.4</ele>
      </trkpt>
      <trkpt lat="33.31666893325746" lon="130.35979357548058">
        <ele>13.2</ele>
      </trkpt>
      <trkpt lat="33.316629622131586" lon="130.35976415500045">
        <ele>13.2</ele>
      </trkpt>
      <trkpt lat="33.31659818999469" lon="130.3597368299961">
        <ele>13.2</ele>
      </trkpt>
      <trkpt lat="33.316566003486514" lon="130.3597011230886">
        <ele>13.0</ele>
      </trkpt>
      <trkpt lat="33.316540187224746" lon="130.35968301817775">
        <ele>13.0</ele>
      </trkpt>
      <trkpt lat="33.31650733016431" lon="130.35965493880212">
        <ele>12.8</ele>
      </trkpt>
      <trkpt lat="33.31647841259837" lon="130.35962459631264">
        <ele>12.6</ele>
      </trkpt>
      <trkpt lat="33.31644790247083" lon="130.35958386026323">
        <ele>12.2</ele>
      </trkpt>
      <trkpt lat="33.31641579978168" lon="130.35956013947725">
        <ele>12.0</ele>
      </trkpt>
      <trkpt lat="33.3163907378912" lon="130.35951831378043">
        <ele>12.0</ele>
      </trkpt>
      <trkpt lat="33.31636701710522" lon="130.35948252305388">
        <ele>11.8</ele>
      </trkpt>
      <trkpt lat="33.316345224156976" lon="130.35944287665188">
        <ele>11.8</ele>
      </trkpt>
      <trkpt lat="33.316319743171334" lon="130.35939292050898">
        <ele>11.8</ele>
      </trkpt>
      <trkpt lat="33.316301219165325" lon="130.3593549504876">
        <ele>12.0</ele>
      </trkpt>
      <trkpt lat="33.31628378480673" lon="130.35930474288762">
        <ele>12.0</ele>
      </trkpt>
      <trkpt lat="33.31626492552459" lon="130.35927096381783">
        <ele>12.0</ele>
      </trkpt>
      <trkpt lat="33.316250927746296" lon="130.359218576923">
        <ele>12.2</ele>
      </trkpt>
      <trkpt lat="33.31623709760606" lon="130.35918169654906">
        <ele>12.2</ele>
      </trkpt>
      <trkpt lat="33.316231397911906" lon="130.35913090221584">
        <ele>12.2</ele>
      </trkpt>
      <trkpt lat="33.31622024998069" lon="130.35908815450966">
        <ele>12.2</ele>
      </trkpt>
      <trkpt lat="33.31621589139104" lon="130.3590398747474">
        <ele>12.0</ele>
      </trkpt>
      <trkpt lat="33.316207425668836" lon="130.35899008624256">
        <ele>12.0</ele>
      </trkpt>
      <trkpt lat="33.316201474517584" lon="130.35894465632737">
        <ele>12.2</ele>
      </trkpt>
      <trkpt lat="33.31619451753795" lon="130.35889126360416">
        <ele>12.0</ele>
      </trkpt>
      <trkpt lat="33.31618621945381" lon="130.3588464204222">
        <ele>12.0</ele>
      </trkpt>
      <trkpt lat="33.31617750227451" lon="130.35878875292838">
        <ele>12.0</ele>
      </trkpt>
      <trkpt lat="33.31616207957268" lon="130.3587531298399">
        <ele>12.0</ele>
      </trkpt>
      <trkpt lat="33.316151183098555" lon="130.35869780927896">
        <ele>12.2</ele>
      </trkpt>
      <trkpt lat="33.31614749506116" lon="130.358658246696">
        <ele>12.2</ele>
      </trkpt>
      <trkpt lat="33.31614414229989" lon="130.35860359668732">
        <ele>12.6</ele>
      </trkpt>
      <trkpt lat="33.31613324582577" lon="130.35856730304658">
        <ele>12.6</ele>
      </trkpt>
      <trkpt lat="33.3161264564842" lon="130.3585168439895">
        <ele>13.0</ele>
      </trkpt>
      <trkpt lat="33.316115057095885" lon="130.35847929306328">
        <ele>13.0</ele>
      </trkpt>
      <trkpt lat="33.31610759720206" lon="130.3584328573197">
        <ele>13.0</ele>
      </trkpt>
      <trkpt lat="33.316099885851145" lon="130.35838851705194">
        <ele>13.0</ele>
      </trkpt>
      <trkpt lat="33.31609804183245" lon="130.35833512432873">
        <ele>13.0</ele>
      </trkpt>
      <trkpt lat="33.31609049811959" lon="130.35829665139318">
        <ele>13.0</ele>
      </trkpt>
      <trkpt lat="33.31608748063445" lon="130.35824476741254">
        <ele>13.0</ele>
      </trkpt>
      <trkpt lat="33.31607817672193" lon="130.358206294477">
        <ele>13.0</ele>
      </trkpt>
      <trkpt lat="33.316071135923266" lon="130.35815097391605">
        <ele>13.2</ele>
      </trkpt>
      <trkpt lat="33.316062754020095" lon="130.35810914821923">
        <ele>13.0</ele>
      </trkpt>
      <trkpt lat="33.31605529412627" lon="130.35805391147733">
        <ele>13.0</ele>
      </trkpt>
      <trkpt lat="33.316044146195054" lon="130.35801677964628">
        <ele>13.0</ele>
      </trkpt>
      <trkpt lat="33.316040709614754" lon="130.3579586930573">
        <ele>13.2</ele>
      </trkpt>
      <trkpt lat="33.31602964550257" lon="130.35792080685496">
        <ele>13.2</ele>
      </trkpt>
      <trkpt lat="33.31602528691292" lon="130.35786733031273">
        <ele>13.2</ele>
      </trkpt>
      <trkpt lat="33.316020676866174" lon="130.35782801918685">
        <ele>13.2</ele>
      </trkpt>
      <trkpt lat="33.316016318276525" lon="130.3577723633498">
        <ele>13.4</ele>
      </trkpt>
      <trkpt lat="33.31600424833596" lon="130.3577282745391">
        <ele>13.2</ele>
      </trkpt>
      <trkpt lat="33.31600475125015" lon="130.35767555236816">
        <ele>13.4</ele>
      </trkpt>
      <trkpt lat="33.31599687226117" lon="130.3576338943094">
        <ele>13.2</ele>
      </trkpt>
      <trkpt lat="33.31599393859506" lon="130.35758653655648">
        <ele>13.2</ele>
      </trkpt>
      <trkpt lat="33.31598547287285" lon="130.35754756070673">
        <ele>13.0</ele>
      </trkpt>
      <trkpt lat="33.31598329357803" lon="130.35749626345932">
        <ele>12.8</ele>
      </trkpt>
      <trkpt lat="33.315972648561" lon="130.35745385102928">
        <ele>12.8</ele>
      </trkpt>
      <trkpt lat="33.31596678122878" lon="130.35740339197218">
        <ele>12.8</ele>
      </trkpt>
      <trkpt lat="33.31595848314464" lon="130.35735812969506">
        <ele>12.8</ele>
      </trkpt>
      <trkpt lat="33.3159538730979" lon="130.3573054075241">
        <ele>12.8</ele>
      </trkpt>
      <trkpt lat="33.31594389863312" lon="130.3572596423328">
        <ele>12.8</ele>
      </trkpt>
      <trkpt lat="33.31594197079539" lon="130.3572102729231">
        <ele>13.0</ele>
      </trkpt>
      <trkpt lat="33.315931325778365" lon="130.35716886632144">
        <ele>13.0</ele>
      </trkpt>
      <trkpt lat="33.31592411734164" lon="130.35712150856853">
        <ele>13.0</ele>
      </trkpt>
      <trkpt lat="33.31591598689556" lon="130.35707607865334">
        <ele>13.2</ele>
      </trkpt>
      <trkpt lat="33.315912801772356" lon="130.3570260386914">
        <ele>13.0</ele>
      </trkpt>
      <trkpt lat="33.3159036654979" lon="130.3569818660617">
        <ele>13.2</ele>
      </trkpt>
      <trkpt lat="33.31589695997536" lon="130.35693677142262">
        <ele>13.2</ele>
      </trkpt>
      <trkpt lat="33.31588950008154" lon="130.3568912576884">
        <ele>13.2</ele>
      </trkpt>
      <trkpt lat="33.315882878378034" lon="130.35684733651578">
        <ele>13.4</ele>
      </trkpt>
      <trkpt lat="33.315874161198735" lon="130.3567971289158">
        <ele>13.4</ele>
      </trkpt>
      <trkpt lat="33.315865779295564" lon="130.35676024854183">
        <ele>13.4</ele>
      </trkpt>
      <trkpt lat="33.31585890613496" lon="130.35670610144734">
        <ele>13.4</ele>
      </trkpt>
      <trkpt lat="33.31584524363279" lon="130.35666989162564">
        <ele>13.4</ele>
      </trkpt>
      <trkpt lat="33.31583736464381" lon="130.3566192649305">
        <ele>13.4</ele>
      </trkpt>
      <trkpt lat="33.31582982093096" lon="130.35658129490912">
        <ele>13.4</ele>
      </trkpt>
      <trkpt lat="33.31582705490291" lon="130.35652723163366">
        <ele>13.6</ele>
      </trkpt>
      <trkpt lat="33.31581615842879" lon="130.35649227909744">
        <ele>13.6</ele>
      </trkpt>
      <trkpt lat="33.31581297330558" lon="130.35643897019327">
        <ele>13.6</ele>
      </trkpt>
      <trkpt lat="33.31580408848822" lon="130.35640007816255">
        <ele>13.6</ele>
      </trkpt>
      <trkpt lat="33.31580316647887" lon="130.3563455119729">
        <ele>13.8</ele>
      </trkpt>
      <trkpt lat="33.31579361110926" lon="130.35630678758025">
        <ele>13.8</ele>
      </trkpt>
      <trkpt lat="33.31577802076936" lon="130.35626236349344">
        <ele>13.8</ele>
      </trkpt>
      <trkpt lat="33.315773913636804" lon="130.35622430965304">
        <ele>14.0</ele>
      </trkpt>
      <trkpt lat="33.31576771102846" lon="130.35617334768176">
        <ele>14.0</ele>
      </trkpt>
      <trkpt lat="33.3157604187727" lon="130.3561327792704">
        <ele>14.0</ele>
      </trkpt>
      <trkpt lat="33.31575798802078" lon="130.35608265548944">
        <ele>14.0</ele>
      </trkpt>
      <trkpt lat="33.31575178541243" lon="130.35604225471616">
        <ele>14.0</ele>
      </trkpt>
      <trkpt lat="33.31574893556535" lon="130.3559953160584">
        <ele>14.0</ele>
      </trkpt>
      <trkpt lat="33.315740218386054" lon="130.35595047287643">
        <ele>14.0</ele>
      </trkpt>
      <trkpt lat="33.315737368538976" lon="130.3559025283903">
        <ele>14.0</ele>
      </trkpt>
      <trkpt lat="33.31572823226452" lon="130.3558550029993">
        <ele>14.0</ele>
      </trkpt>
      <trkpt lat="33.31572345457971" lon="130.35580588504672">
        <ele>14.0</ele>
      </trkpt>
      <trkpt lat="33.315714905038476" lon="130.35576162859797">
        <ele>14.0</ele>
      </trkpt>
      <trkpt lat="33.315708367154" lon="130.35571192391217">
        <ele>14.0</ele>
      </trkpt>
      <trkpt lat="33.31569939851761" lon="130.3556659910828">
        <ele>14.0</ele>
      </trkpt>
      <trkpt lat="33.315693782642484" lon="130.35562022589147">
        <ele>14.0</ele>
      </trkpt>
      <trkpt lat="33.31568481400609" lon="130.35557320341468">
        <ele>14.0</ele>
      </trkpt>
      <trkpt lat="33.31567894667387" lon="130.35552978515625">
        <ele>14.0</ele>
      </trkpt>
      <trkpt lat="33.31567257642746" lon="130.35547538660467">
        <ele>14.0</ele>
      </trkpt>
      <trkpt lat="33.315666038542986" lon="130.35542861558497">
        <ele>14.0</ele>
      </trkpt>
      <trkpt lat="33.31566226668656" lon="130.35536851733923">
        <ele>13.8</ele>
      </trkpt>
      <trkpt lat="33.315653717145324" lon="130.35533205606043">
        <ele>13.8</ele>
      </trkpt>
      <trkpt lat="33.31564877182245" lon="130.35527204163373">
        <ele>13.8</ele>
      </trkpt>
      <trkpt lat="33.31563460640609" lon="130.35523692145944">
        <ele>13.8</ele>
      </trkpt>
      <trkpt lat="33.315627397969365" lon="130.3551821038127">
        <ele>13.8</ele>
      </trkpt>
      <trkpt lat="33.31561490893364" lon="130.35514212213457">
        <ele>13.8</ele>
      </trkpt>
      <trkpt lat="33.31561088562012" lon="130.35508789122105">
        <ele>13.8</ele>
      </trkpt>
      <trkpt lat="33.31559881567955" lon="130.3550500050187">
        <ele>13.8</ele>
      </trkpt>
      <trkpt lat="33.315594121813774" lon="130.3549966122955">
        <ele>13.8</ele>
      </trkpt>
      <trkpt lat="33.315581884235144" lon="130.35496006719768">
        <ele>13.8</ele>
      </trkpt>
      <trkpt lat="33.315583392977715" lon="130.35490457899868">
        <ele>13.6</ele>
      </trkpt>
      <trkpt lat="33.31557828001678" lon="130.35487121902406">
        <ele>13.6</ele>
      </trkpt>
      <trkpt lat="33.31557819619775" lon="130.35482143051922">
        <ele>13.4</ele>
      </trkpt>
      <trkpt lat="33.31556444987655" lon="130.35478287376463">
        <ele>13.4</ele>
      </trkpt>
      <trkpt lat="33.315561935305595" lon="130.35473249852657">
        <ele>13.6</ele>
      </trkpt>
      <trkpt lat="33.31555925309658" lon="130.35469218157232">
        <ele>13.6</ele>
      </trkpt>
      <trkpt lat="33.315557492896914" lon="130.3546395432204">
        <ele>13.8</ele>
      </trkpt>
      <trkpt lat="33.315549697726965" lon="130.35459503531456">
        <ele>13.8</ele>
      </trkpt>
      <trkpt lat="33.31554315984249" lon="130.3545423131436">
        <ele>14.0</ele>
      </trkpt>
      <trkpt lat="33.31553276628256" lon="130.35450174473226">
        <ele>14.0</ele>
      </trkpt>
      <trkpt lat="33.31552807241678" lon="130.35444701090455">
        <ele>14.0</ele>
      </trkpt>
      <trkpt lat="33.31551851704717" lon="130.354405939579">
        <ele>13.8</ele>
      </trkpt>
      <trkpt lat="33.31551231443882" lon="130.35435053519905">
        <ele>13.8</ele>
      </trkpt>
      <trkpt lat="33.31550259143114" lon="130.35431189462543">
        <ele>13.8</ele>
      </trkpt>
      <trkpt lat="33.31549705937505" lon="130.35426126793027">
        <ele>13.8</ele>
      </trkpt>
      <trkpt lat="33.315489012748" lon="130.35421743057668">
        <ele>13.8</ele>
      </trkpt>
      <trkpt lat="33.31548725254834" lon="130.35416403785348">
        <ele>14.0</ele>
      </trkpt>
      <trkpt lat="33.315479876473546" lon="130.35412170924246">
        <ele>14.0</ele>
      </trkpt>
      <trkpt lat="33.31547560170293" lon="130.35406705923378">
        <ele>14.0</ele>
      </trkpt>
      <trkpt lat="33.31546939909458" lon="130.35402439534664">
        <ele>14.0</ele>
      </trkpt>
      <trkpt lat="33.31546914763749" lon="130.35396580584347">
        <ele>14.2</ele>
      </trkpt>
      <trkpt lat="33.31546914763749" lon="130.35391635261476">
        <ele>14.2</ele>
      </trkpt>
      <trkpt lat="33.315464202314615" lon="130.35386530682445">
        <ele>14.2</ele>
      </trkpt>
      <trkpt lat="33.31545791588724" lon="130.35381090827286">
        <ele>14.2</ele>
      </trkpt>
      <trkpt lat="33.31545213237405" lon="130.35375885665417">
        <ele>14.2</ele>
      </trkpt>
      <trkpt lat="33.315447103232145" lon="130.35370722413063">
        <ele>14.2</ele>
      </trkpt>
      <trkpt lat="33.315444169566035" lon="130.3536569327116">
        <ele>14.0</ele>
      </trkpt>
      <trkpt lat="33.315439224243164" lon="130.35360714420676">
        <ele>13.8</ele>
      </trkpt>
      <trkpt lat="33.31543318927288" lon="130.3535588644445">
        <ele>13.8</ele>
      </trkpt>
      <trkpt lat="33.3154269028455" lon="130.3535115905106">
        <ele>13.6</ele>
      </trkpt>
      <trkpt lat="33.31542304717004" lon="130.3534605447203">
        <ele>13.6</ele>
      </trkpt>
      <trkpt lat="33.315413827076554" lon="130.35341771319509">
        <ele>13.6</ele>
      </trkpt>
      <trkpt lat="33.31541072577238" lon="130.35337119363248">
        <ele>13.6</ele>
      </trkpt>
      <trkpt lat="33.315405026078224" lon="130.35332961939275">
        <ele>13.6</ele>
      </trkpt>
      <trkpt lat="33.31539882346988" lon="130.3532798308879">
        <ele>13.6</ele>
      </trkpt>
      <trkpt lat="33.31538960337639" lon="130.35323825664818">
        <ele>13.6</ele>
      </trkpt>
      <trkpt lat="33.31538055092096" lon="130.35319140180945">
        <ele>13.4</ele>
      </trkpt>
      <trkpt lat="33.31536856479943" lon="130.35314161330462">
        <ele>13.4</ele>
      </trkpt>
      <trkpt lat="33.31535850651562" lon="130.35309995524585">
        <ele>13.2</ele>
      </trkpt>
      <trkpt lat="33.31535347737372" lon="130.35304480232298">
        <ele>13.2</ele>
      </trkpt>
      <trkpt lat="33.315338138490915" lon="130.35301345400512">
        <ele>13.2</ele>
      </trkpt>
      <trkpt lat="33.31533218733966" lon="130.3529581334442">
        <ele>13.2</ele>
      </trkpt>
      <trkpt lat="33.31531894393265" lon="130.3529184870422">
        <ele>13.2</ele>
      </trkpt>
      <trkpt lat="33.31530813127756" lon="130.35286945290864">
        <ele>13.4</ele>
      </trkpt>
      <trkpt lat="33.31530209630728" lon="130.35282435826957">
        <ele>13.4</ele>
      </trkpt>
      <trkpt lat="33.315297067165375" lon="130.35277482122183">
        <ele>13.4</ele>
      </trkpt>
      <trkpt lat="33.31528793089092" lon="130.35273081623018">
        <ele>13.4</ele>
      </trkpt>
      <trkpt lat="33.31528072245419" lon="130.3526872303337">
        <ele>13.4</ele>
      </trkpt>
      <trkpt lat="33.315272675827146" lon="130.35263719037175">
        <ele>13.6</ele>
      </trkpt>
      <trkpt lat="33.315264293923974" lon="130.35259620286524">
        <ele>13.6</ele>
      </trkpt>
      <trkpt lat="33.31525783985853" lon="130.35254364833236">
        <ele>13.6</ele>
      </trkpt>
      <trkpt lat="33.31524610519409" lon="130.35250819288194">
        <ele>13.8</ele>
      </trkpt>
      <trkpt lat="33.315239399671555" lon="130.352450190112">
        <ele>13.8</ele>
      </trkpt>
      <trkpt lat="33.31522732973099" lon="130.35241230390966">
        <ele>13.8</ele>
      </trkpt>
      <trkpt lat="33.31522121094167" lon="130.35235622897744">
        <ele>13.8</ele>
      </trkpt>
      <trkpt lat="33.31521182321012" lon="130.35231901332736">
        <ele>13.8</ele>
      </trkpt>
      <trkpt lat="33.31520402804017" lon="130.35227014683187">
        <ele>13.8</ele>
      </trkpt>
      <trkpt lat="33.31519480794668" lon="130.3522221185267">
        <ele>13.8</ele>
      </trkpt>
      <trkpt lat="33.31518357619643" lon="130.35217836499214">
        <ele>13.8</ele>
      </trkpt>
      <trkpt lat="33.31517955288291" lon="130.3521222062409">
        <ele>13.8</ele>
      </trkpt>
      <trkpt lat="33.31516698002815" lon="130.35208825953305">
        <ele>13.8</ele>
      </trkpt>
      <trkpt lat="33.315165136009455" lon="130.35203696228564">
        <ele>14.0</ele>
      </trkpt>
      <trkpt lat="33.31515616737306" lon="130.3520014230162">
        <ele>13.8</ele>
      </trkpt>
      <trkpt lat="33.31514594145119" lon="130.35195180214942">
        <ele>14.0</ele>
      </trkpt>
      <trkpt lat="33.31513898447156" lon="130.35191232338548">
        <ele>13.8</ele>
      </trkpt>
      <trkpt lat="33.31513412296772" lon="130.351858176291">
        <ele>13.8</ele>
      </trkpt>
      <trkpt lat="33.31512423232198" lon="130.35182079300284">
        <ele>13.8</ele>
      </trkpt>
      <trkpt lat="33.315117694437504" lon="130.35177217796445">
        <ele>13.8</ele>
      </trkpt>
      <trkpt lat="33.31510629504919" lon="130.35172163508832">
        <ele>13.8</ele>
      </trkpt>
      <trkpt lat="33.315096236765385" lon="130.35168047994375">
        <ele>13.8</ele>
      </trkpt>
      <trkpt lat="33.31508810631931" lon="130.35163060761988">
        <ele>13.8</ele>
      </trkpt>
      <trkpt lat="33.31507452763617" lon="130.3515928890556">
        <ele>13.8</ele>
      </trkpt>
      <trkpt lat="33.31506849266589" lon="130.3515360597521">
        <ele>13.8</ele>
      </trkpt>
      <trkpt lat="33.315055249258876" lon="130.35149993374944">
        <ele>14.0</ele>
      </trkpt>
      <trkpt lat="33.315053740516305" lon="130.35144385881722">
        <ele>14.2</ele>
      </trkpt>
      <trkpt lat="33.31504309549928" lon="130.35140396095812">
        <ele>14.4</ele>
      </trkpt>
      <trkpt lat="33.315038150176406" lon="130.35135174170136">
        <ele>14.4</ele>
      </trkpt>
      <trkpt lat="33.315032785758376" lon="130.35130647942424">
        <ele>14.4</ele>
      </trkpt>
      <trkpt lat="33.31502750515938" lon="130.35125585272908">
        <ele>14.4</ele>
      </trkpt>
      <trkpt lat="33.31501727923751" lon="130.35120497457683">
        <ele>14.4</ele>
      </trkpt>
      <trkpt lat="33.31500529311597" lon="130.3511636517942">
        <ele>14.2</ele>
      </trkpt>
      <trkpt lat="33.31499934196472" lon="130.35111294128">
        <ele>14.0</ele>
      </trkpt>
      <trkpt lat="33.31498861312866" lon="130.3510714508593">
        <ele>14.0</ele>
      </trkpt>
      <trkpt lat="33.3149797283113" lon="130.35101369954646">
        <ele>14.0</ele>
      </trkpt>
      <trkpt lat="33.314971681684256" lon="130.35097346641123">
        <ele>14.0</ele>
      </trkpt>
      <trkpt lat="33.31496790982783" lon="130.35091856494546">
        <ele>14.0</ele>
      </trkpt>
      <trkpt lat="33.31495977938175" lon="130.35088067874312">
        <ele>14.0</ele>
      </trkpt>
      <trkpt lat="33.314954582601786" lon="130.35082762129605">
        <ele>14.0</ele>
      </trkpt>
      <trkpt lat="33.31494553014636" lon="130.3507873043418">
        <ele>13.8</ele>
      </trkpt>
      <trkpt lat="33.314938405528665" lon="130.3507379349321">
        <ele>14.0</ele>
      </trkpt>
      <trkpt lat="33.314926754683256" lon="130.35069946199656">
        <ele>14.0</ele>
      </trkpt>
      <trkpt lat="33.31492315046489" lon="130.350647745654">
        <ele>14.0</ele>
      </trkpt>
      <trkpt lat="33.314909655600786" lon="130.35061061382294">
        <ele>14.0</ele>
      </trkpt>
      <trkpt lat="33.3149054646492" lon="130.35055629909039">
        <ele>14.2</ele>
      </trkpt>
      <trkpt lat="33.31489775329828" lon="130.35051849670708">
        <ele>14.2</ele>
      </trkpt>
      <trkpt lat="33.3148933108896" lon="130.35046787001193">
        <ele>14.2</ele>
      </trkpt>
      <trkpt lat="33.31488585099578" lon="130.35042487084866">
        <ele>14.0</ele>
      </trkpt>
      <trkpt lat="33.31487562507391" lon="130.3503827098757">
        <ele>14.0</ele>
      </trkpt>
      <trkpt lat="33.314866656437516" lon="130.3503325022757">
        <ele>14.0</ele>
      </trkpt>
      <trkpt lat="33.31485567614436" lon="130.35029117949307">
        <ele>13.8</ele>
      </trkpt>
      <trkpt lat="33.31485425122082" lon="130.3502344340086">
        <ele>13.8</ele>
      </trkpt>
      <trkpt lat="33.314844612032175" lon="130.3501977212727">
        <ele>13.6</ele>
      </trkpt>
      <trkpt lat="33.31483715213835" lon="130.350148268044">
        <ele>13.6</ele>
      </trkpt>
      <trkpt lat="33.31482860259712" lon="130.3501072805375">
        <ele>13.6</ele>
      </trkpt>
      <trkpt lat="33.314824076369405" lon="130.35005690529943">
        <ele>13.6</ele>
      </trkpt>
      <trkpt lat="33.314817706122994" lon="130.35001390613616">
        <ele>13.6</ele>
      </trkpt>
      <trkpt lat="33.31481209024787" lon="130.34996210597456">
        <ele>13.8</ele>
      </trkpt>
      <trkpt lat="33.31480479799211" lon="130.34991793334484">
        <ele>13.8</ele>
      </trkpt>
      <trkpt lat="33.314797170460224" lon="130.34986990503967">
        <ele>14.0</ele>
      </trkpt>
      <trkpt lat="33.314786944538355" lon="130.3498181886971">
        <ele>14.2</ele>
      </trkpt>
      <trkpt lat="33.31477537751198" lon="130.3497753571719">
        <ele>14.2</ele>
      </trkpt>
      <trkpt lat="33.314765486866236" lon="130.3497219644487">
        <ele>14.2</ele>
      </trkpt>
      <trkpt lat="33.31475391983986" lon="130.34968533553183">
        <ele>14.0</ele>
      </trkpt>
      <trkpt lat="33.31474863924086" lon="130.34963018260896">
        <ele>13.8</ele>
      </trkpt>
      <trkpt lat="33.31473556347191" lon="130.34959455952048">
        <ele>13.8</ele>
      </trkpt>
      <trkpt lat="33.31472709774971" lon="130.34953764639795">
        <ele>13.8</ele>
      </trkpt>
      <trkpt lat="33.31471829675138" lon="130.349492887035">
        <ele>13.6</ele>
      </trkpt>
      <trkpt lat="33.314710166305304" lon="130.34943882375956">
        <ele>13.6</ele>
      </trkpt>
      <trkpt lat="33.31470228731632" lon="130.34939724951982">
        <ele>13.6</ele>
      </trkpt>
      <trkpt lat="33.31469583325088" lon="130.34934771247208">
        <ele>13.8</ele>
      </trkpt>
      <trkpt lat="33.31468803808093" lon="130.34930144436657">
        <ele>14.0</ele>
      </trkpt>
      <trkpt lat="33.314682422205806" lon="130.34925718791783">
        <ele>14.0</ele>
      </trkpt>
      <trkpt lat="33.3146742079407" lon="130.3492053039372">
        <ele>14.2</ele>
      </trkpt>
      <trkpt lat="33.31466741859913" lon="130.3491585329175">
        <ele>14.4</ele>
      </trkpt>
      <trkpt lat="33.31465970724821" lon="130.3491088282317">
        <ele>14.4</ele>
      </trkpt>
      <trkpt lat="33.31465543247759" lon="130.34906373359263">
        <ele>14.6</ele>
      </trkpt>
      <trkpt lat="33.314648140221834" lon="130.34900782629848">
        <ele>14.6</ele>
      </trkpt>
      <trkpt lat="33.31463481299579" lon="130.34896935336292">
        <ele>14.6</ele>
      </trkpt>
      <trkpt lat="33.31463078968227" lon="130.34892031922936">
        <ele>14.6</ele>
      </trkpt>
      <trkpt lat="33.31462014466524" lon="130.34888612106442">
        <ele>14.4</ele>
      </trkpt>
      <trkpt lat="33.314615953713655" lon="130.34883339889348">
        <ele>14.4</ele>
      </trkpt>
      <trkpt lat="33.31460447050631" lon="130.34880012273788">
        <ele>14.4</ele>
      </trkpt>
      <trkpt lat="33.31459801644087" lon="130.34875184297562">
        <ele>14.4</ele>
      </trkpt>
      <trkpt lat="33.314585192129016" lon="130.34871513023973">
        <ele>14.4</ele>
      </trkpt>
      <trkpt lat="33.31457622349262" lon="130.34866760484874">
        <ele>14.2</ele>
      </trkpt>
      <trkpt lat="33.31456767395139" lon="130.3486230969429">
        <ele>14.2</ele>
      </trkpt>
      <trkpt lat="33.31455753184855" lon="130.348575823009">
        <ele>14.2</ele>
      </trkpt>
      <trkpt lat="33.31455116160214" lon="130.34852678887546">
        <ele>14.4</ele>
      </trkpt>
      <trkpt lat="33.31454277969897" lon="130.34848613664508">
        <ele>14.4</ele>
      </trkpt>
      <trkpt lat="33.31453364342451" lon="130.34843919798732">
        <ele>14.4</ele>
      </trkpt>
      <trkpt lat="33.31452299840748" lon="130.34839930012822">
        <ele>14.4</ele>
      </trkpt>
      <trkpt lat="33.3145151194185" lon="130.34834791906178">
        <ele>14.4</ele>
      </trkpt>
      <trkpt lat="33.3145029656589" lon="130.3483109548688">
        <ele>14.4</ele>
      </trkpt>
      <trkpt lat="33.314495170488954" lon="130.34825722686946">
        <ele>14.4</ele>
      </trkpt>
      <trkpt lat="33.31448527984321" lon="130.34821783192456">
        <ele>14.6</ele>
      </trkpt>
      <trkpt lat="33.314478658139706" lon="130.34816737286747">
        <ele>14.6</ele>
      </trkpt>
      <trkpt lat="33.31447052769363" lon="130.34811976365745">
        <ele>14.6</ele>
      </trkpt>
      <trkpt lat="33.314459631219506" lon="130.3480794467032">
        <ele>14.6</ele>
      </trkpt>
      <trkpt lat="33.314450327306986" lon="130.348031334579">
        <ele>14.6</ele>
      </trkpt>
      <trkpt lat="33.31444278359413" lon="130.34799193963408">
        <ele>14.6</ele>
      </trkpt>
      <trkpt lat="33.31444043666124" lon="130.34794089384377">
        <ele>14.8</ele>
      </trkpt>
      <trkpt lat="33.314429707825184" lon="130.34790216945112">
        <ele>14.6</ele>
      </trkpt>
      <trkpt lat="33.31442174501717" lon="130.34785036928952">
        <ele>14.8</ele>
      </trkpt>
      <trkpt lat="33.314412692561746" lon="130.3478098846972">
        <ele>14.8</ele>
      </trkpt>
      <trkpt lat="33.31440942361951" lon="130.34775565378368">
        <ele>14.6</ele>
      </trkpt>
      <trkpt lat="33.31440011970699" lon="130.34771575592458">
        <ele>14.6</ele>
      </trkpt>
      <trkpt lat="33.314394587650895" lon="130.3476645424962">
        <ele>14.6</ele>
      </trkpt>
      <trkpt lat="33.31438687629998" lon="130.3476185258478">
        <ele>14.6</ele>
      </trkpt>
      <trkpt lat="33.31437933258712" lon="130.347571503371">
        <ele>14.6</ele>
      </trkpt>
      <trkpt lat="33.31437447108328" lon="130.34752272069454">
        <ele>14.6</ele>
      </trkpt>
      <trkpt lat="33.314370196312666" lon="130.34747653640807">
        <ele>14.6</ele>
      </trkpt>
      <trkpt lat="33.3143649995327" lon="130.34742339514196">
        <ele>14.6</ele>
      </trkpt>
      <trkpt lat="33.314355947077274" lon="130.34738400019705">
        <ele>14.6</ele>
      </trkpt>
      <trkpt lat="33.31435183994472" lon="130.34732985310256">
        <ele>14.6</ele>
      </trkpt>
      <trkpt lat="33.31434194929898" lon="130.34729263745248">
        <ele>14.6</ele>
      </trkpt>
      <trkpt lat="33.31433532759547" lon="130.34723631106317">
        <ele>14.6</ele>
      </trkpt>
      <trkpt lat="33.31432434730232" lon="130.3472017776221">
        <ele>14.8</ele>
      </trkpt>
      <trkpt lat="33.31431579776108" lon="130.34714830107987">
        <ele>14.8</ele>
      </trkpt>
      <trkpt lat="33.31430255435407" lon="130.347111672163">
        <ele>14.8</ele>
      </trkpt>
      <trkpt lat="33.3142941724509" lon="130.34705635160208">
        <ele>14.8</ele>
      </trkpt>
      <trkpt lat="33.31428864039481" lon="130.3470167890191">
        <ele>14.8</ele>
      </trkpt>
      <trkpt lat="33.31428302451968" lon="130.34696700051427">
        <ele>14.8</ele>
      </trkpt>
      <trkpt lat="33.31427447497845" lon="130.34692861139774">
        <ele>14.8</ele>
      </trkpt>
      <trkpt lat="33.31427363678813" lon="130.34687714651227">
        <ele>14.8</ele>
      </trkpt>
      <trkpt lat="33.314261650666595" lon="130.34683984704316">
        <ele>14.8</ele>
      </trkpt>
      <trkpt lat="33.31425519660115" lon="130.3467889688909">
        <ele>14.8</ele>
      </trkpt>
      <trkpt lat="33.31424622796476" lon="130.34675108268857">
        <ele>14.8</ele>
      </trkpt>
      <trkpt lat="33.31424178555608" lon="130.34669919870794">
        <ele>15.0</ele>
      </trkpt>
      <trkpt lat="33.31423214636743" lon="130.34666726365685">
        <ele>15.0</ele>
      </trkpt>
      <trkpt lat="33.31422619521618" lon="130.34661881625652">
        <ele>15.0</ele>
      </trkpt>
      <trkpt lat="33.31421437673271" lon="130.34658419899642">
        <ele>15.0</ele>
      </trkpt>
      <trkpt lat="33.31421253271401" lon="130.34652753733099">
        <ele>15.2</ele>
      </trkpt>
      <trkpt lat="33.314204066991806" lon="130.3464866336435">
        <ele>15.2</ele>
      </trkpt>
      <trkpt lat="33.31419878639281" lon="130.3464358393103">
        <ele>15.4</ele>
      </trkpt>
      <trkpt lat="33.314191326498985" lon="130.3463896550238">
        <ele>15.4</ele>
      </trkpt>
      <trkpt lat="33.31418428570032" lon="130.3463422972709">
        <ele>15.4</ele>
      </trkpt>
      <trkpt lat="33.314177161082625" lon="130.3462994657457">
        <ele>15.4</ele>
      </trkpt>
      <trkpt lat="33.31416894681752" lon="130.3462577238679">
        <ele>15.4</ele>
      </trkpt>
      <trkpt lat="33.31415913999081" lon="130.34621003083885">
        <ele>15.4</ele>
      </trkpt>
      <trkpt lat="33.314148746430874" lon="130.34616225399077">
        <ele>15.4</ele>
      </trkpt>
      <trkpt lat="33.31414329819381" lon="130.34611757844687">
        <ele>15.2</ele>
      </trkpt>
      <trkpt lat="33.314134078100324" lon="130.34607290290296">
        <ele>15.2</ele>
      </trkpt>
      <trkpt lat="33.31413156352937" lon="130.34602194093168">
        <ele>15.2</ele>
      </trkpt>
      <trkpt lat="33.31412217579782" lon="130.34597927704453">
        <ele>15.0</ele>
      </trkpt>
      <trkpt lat="33.31411781720817" lon="130.34593183547258">
        <ele>15.0</ele>
      </trkpt>
      <trkpt lat="33.31410859711468" lon="130.3458890877664">
        <ele>15.0</ele>
      </trkpt>
      <trkpt lat="33.31410398706794" lon="130.34584038890898">
        <ele>15.0</ele>
      </trkpt>
      <trkpt lat="33.314095521345735" lon="130.3457963000983">
        <ele>15.0</ele>
      </trkpt>
      <trkpt lat="33.314092168584466" lon="130.34574600867927">
        <ele>15.0</ele>
      </trkpt>
      <trkpt lat="33.314084792509675" lon="130.34570996649563">
        <ele>15.0</ele>
      </trkpt>
      <trkpt lat="33.314083367586136" lon="130.34565866924822">
        <ele>15.0</ele>
      </trkpt>
      <trkpt lat="33.31407515332103" lon="130.34561650827527">
        <ele>15.0</ele>
      </trkpt>
      <trkpt lat="33.31407247111201" lon="130.3455700725317">
        <ele>15.0</ele>
      </trkpt>
      <trkpt lat="33.31406299956143" lon="130.34553537145257">
        <ele>15.0</ele>
      </trkpt>
      <trkpt lat="33.314054952934384" lon="130.3454910311848">
        <ele>15.0</ele>
      </trkpt>
      <trkpt lat="33.314044224098325" lon="130.3454522229731">
        <ele>15.2</ele>
      </trkpt>
      <trkpt lat="33.31403634510934" lon="130.34540318883955">
        <ele>15.2</ele>
      </trkpt>
      <trkpt lat="33.314029136672616" lon="130.3453610278666">
        <ele>15.4</ele>
      </trkpt>
      <trkpt lat="33.31402109004557" lon="130.3453134186566">
        <ele>15.4</ele>
      </trkpt>
      <trkpt lat="33.31400977447629" lon="130.34526522271335">
        <ele>15.4</ele>
      </trkpt>
      <trkpt lat="33.314002146944404" lon="130.34521551802754">
        <ele>15.4</ele>
      </trkpt>
      <trkpt lat="33.31398814916611" lon="130.34516908228397">
        <ele>15.4</ele>
      </trkpt>
      <trkpt lat="33.31398186273873" lon="130.3451192099601">
        <ele>15.4</ele>
      </trkpt>
      <trkpt lat="33.313982700929046" lon="130.3450655657798">
        <ele>15.6</ele>
      </trkpt>
      <trkpt lat="33.31399904564023" lon="130.34502080641687">
        <ele>15.6</ele>
      </trkpt>
      <trkpt lat="33.31403240561485" lon="130.34498325549066">
        <ele>15.6</ele>
      </trkpt>
      <trkpt lat="33.31406685523689" lon="130.34496121108532">
        <ele>15.6</ele>
      </trkpt>
      <trkpt lat="33.31411278806627" lon="130.34494302235544">
        <ele>15.8</ele>
      </trkpt>
      <trkpt lat="33.314152183011174" lon="130.34492827020586">
        <ele>15.8</ele>
      </trkpt>
      <trkpt lat="33.31419778056443" lon="130.34491586498916">
        <ele>15.6</ele>
      </trkpt>
      <trkpt lat="33.31423516385257" lon="130.34490438178182">
        <ele>15.6</ele>
      </trkpt>
      <trkpt lat="33.31427707336843" lon="130.34489080309868">
        <ele>15.8</ele>
      </trkpt>
      <trkpt lat="33.314312444999814" lon="130.34488074481487">
        <ele>15.8</ele>
      </trkpt>
      <trkpt lat="33.31435225903988" lon="130.34486775286496">
        <ele>15.8</ele>
      </trkpt>
      <trkpt lat="33.314390731975436" lon="130.3448549285531">
        <ele>15.8</ele>
      </trkpt>
      <trkpt lat="33.31442886963487" lon="130.34484160132706">
        <ele>16.0</ele>
      </trkpt>
      <trkpt lat="33.31446751020849" lon="130.34483280032873">
        <ele>16.0</ele>
      </trkpt>
      <trkpt lat="33.31450514495373" lon="130.34482148475945">
        <ele>16.0</ele>
      </trkpt>
      <trkpt lat="33.3145444560796" lon="130.3448139410466">
        <ele>16.0</ele>
      </trkpt>
      <trkpt lat="33.31457940861583" lon="130.344799188897">
        <ele>16.0</ele>
      </trkpt>
      <trkpt lat="33.31461846828461" lon="130.3447896335274">
        <ele>15.8</ele>
      </trkpt>
      <trkpt lat="33.31465216353536" lon="130.34477647393942">
        <ele>16.0</ele>
      </trkpt>
      <trkpt lat="33.31469248048961" lon="130.34476968459785">
        <ele>15.8</ele>
      </trkpt>
      <trkpt lat="33.314724834635854" lon="130.3447605483234">
        <ele>16.2</ele>
      </trkpt>
      <trkpt lat="33.31476682797074" lon="130.3447602968663">
        <ele>16.0</ele>
      </trkpt>
      <trkpt lat="33.31480127759278" lon="130.34474797546864">
        <ele>16.0</ele>
      </trkpt>
      <trkpt lat="33.31484352238476" lon="130.34474621526897">
        <ele>16.0</ele>
      </trkpt>
      <trkpt lat="33.314874870702624" lon="130.34473531879485">
        <ele>16.2</ele>
      </trkpt>
      <trkpt lat="33.31491678021848" lon="130.34473448060453">
        <ele>16.0</ele>
      </trkpt>
      <trkpt lat="33.31495072692633" lon="130.34472651779652">
        <ele>16.0</ele>
      </trkpt>
      <trkpt lat="33.31499330699444" lon="130.34472241066396">
        <ele>16.0</ele>
      </trkpt>
      <trkpt lat="33.315028846263885" lon="130.34471319057047">
        <ele>16.0</ele>
      </trkpt>
      <trkpt lat="33.315070336684585" lon="130.34470288082957">
        <ele>16.0</ele>
      </trkpt>
      <trkpt lat="33.31510839052498" lon="130.34469592384994">
        <ele>16.0</ele>
      </trkpt>
      <trkpt lat="33.31514476798475" lon="130.34468410536647">
        <ele>16.0</ele>
      </trkpt>
      <trkpt lat="33.315183743834496" lon="130.34467195160687">
        <ele>16.0</ele>
      </trkpt>
      <trkpt lat="33.31522196531296" lon="130.34466340206563">
        <ele>16.0</ele>
      </trkpt>
      <trkpt lat="33.315276531502604" lon="130.34464211203158">
        <ele>16.0</ele>
      </trkpt>
      <trkpt lat="33.31530964002013" lon="130.34462534822524">
        <ele>16.2</ele>
      </trkpt>
      <trkpt lat="33.31534878350794" lon="130.34460389055312">
        <ele>16.2</ele>
      </trkpt>
      <trkpt lat="33.31537711434066" lon="130.34458654001355">
        <ele>16.2</ele>
      </trkpt>
      <trkpt lat="33.31542229279876" lon="130.34457120113075">
        <ele>16.4</ele>
      </trkpt>
      <trkpt lat="33.31545255146921" lon="130.34456357359886">
        <ele>16.4</ele>
      </trkpt>
      <trkpt lat="33.31550217233598" lon="130.34455795772374">
        <ele>16.4</ele>
      </trkpt>
      <trkpt lat="33.31553821451962" lon="130.3445565328002">
        <ele>16.4</ele>
      </trkpt>
      <trkpt lat="33.31558138132095" lon="130.3445385955274">
        <ele>16.4</ele>
      </trkpt>
      <trkpt lat="33.31561105325818" lon="130.34452602267265">
        <ele>16.4</ele>
      </trkpt>
      <trkpt lat="33.31564701162279" lon="130.3445086721331">
        <ele>16.4</ele>
      </trkpt>
      <trkpt lat="33.31567266024649" lon="130.34448956139386">
        <ele>16.4</ele>
      </trkpt>
      <trkpt lat="33.315710881724954" lon="130.34447128884494">
        <ele>16.4</ele>
      </trkpt>
      <trkpt lat="33.31574290059507" lon="130.3444666787982">
        <ele>16.4</ele>
      </trkpt>
      <trkpt lat="33.31578120589256" lon="130.34444823861122">
        <ele>16.4</ele>
      </trkpt>
      <trkpt lat="33.31581532023847" lon="130.34443558193743">
        <ele>16.6</ele>
      </trkpt>
      <trkpt lat="33.31585404463112" lon="130.344415968284">
        <ele>16.6</ele>
      </trkpt>
      <trkpt lat="33.31589595414698" lon="130.34439727663994">
        <ele>16.8</ele>
      </trkpt>
      <trkpt lat="33.315935181453824" lon="130.34437330439687">
        <ele>16.8</ele>
      </trkpt>
      <trkpt lat="33.31596812233329" lon="130.34435947425663">
        <ele>17.0</ele>
      </trkpt>
      <trkpt lat="33.3160091098398" lon="130.34434002824128">
        <ele>17.0</ele>
      </trkpt>
      <trkpt lat="33.316045654937625" lon="130.34433458000422">
        <ele>17.0</ele>
      </trkpt>
      <trkpt lat="33.316092509776354" lon="130.3443239349872">
        <ele>17.0</ele>
      </trkpt>
      <trkpt lat="33.31613056361675" lon="130.34432007931173">
        <ele>17.0</ele>
      </trkpt>
      <trkpt lat="33.31617356278002" lon="130.34431044012308">
        <ele>17.0</ele>
      </trkpt>
      <trkpt lat="33.31620030105114" lon="130.34429468214512">
        <ele>17.2</ele>
      </trkpt>
      <trkpt lat="33.31624673679471" lon="130.34427791833878">
        <ele>17.2</ele>
      </trkpt>
      <trkpt lat="33.3162715472281" lon="130.3442681953311">
        <ele>17.4</ele>
      </trkpt>
      <trkpt lat="33.31631949171424" lon="130.34425042569637">
        <ele>17.4</ele>
      </trkpt>
      <trkpt lat="33.316345643252134" lon="130.3442324884236">
        <ele>17.4</ele>
      </trkpt>
      <trkpt lat="33.31639585085213" lon="130.3442079294473">
        <ele>17.4</ele>
      </trkpt>
      <trkpt lat="33.316422840580344" lon="130.34417926333845">
        <ele>17.4</ele>
      </trkpt>
      <trkpt lat="33.31645251251757" lon="130.3441175725311">
        <ele>17.4</ele>
      </trkpt>
      <trkpt lat="33.316449243575335" lon="130.34407432191074">
        <ele>17.4</ele>
      </trkpt>
      <trkpt lat="33.316444801166654" lon="130.34402143210173">
        <ele>17.2</ele>
      </trkpt>
      <trkpt lat="33.31643574871123" lon="130.34397969022393">
        <ele>17.2</ele>
      </trkpt>
      <trkpt lat="33.31642493605614" lon="130.34393191337585">
        <ele>17.2</ele>
      </trkpt>
      <trkpt lat="33.316408675163984" lon="130.34389335662127">
        <ele>17.4</ele>
      </trkpt>
      <trkpt lat="33.316395096480846" lon="130.34383677877486">
        <ele>17.6</ele>
      </trkpt>
      <trkpt lat="33.31637439318001" lon="130.34379730001092">
        <ele>17.8</ele>
      </trkpt>
      <trkpt lat="33.31636307761073" lon="130.34374591894448">
        <ele>17.8</ele>
      </trkpt>
      <trkpt lat="33.31635075621307" lon="130.3437055181712">
        <ele>17.8</ele>
      </trkpt>
      <trkpt lat="33.31634187139571" lon="130.3436537180096">
        <ele>17.6</ele>
      </trkpt>
      <trkpt lat="33.316323682665825" lon="130.34361817874014">
        <ele>17.6</ele>
      </trkpt>
      <trkpt lat="33.31631521694362" lon="130.3435636125505">
        <ele>17.4</ele>
      </trkpt>
      <trkpt lat="33.31630381755531" lon="130.3435255587101">
        <ele>17.4</ele>
      </trkpt>
      <trkpt lat="33.31629769876599" lon="130.34347543492913">
        <ele>17.4</ele>
      </trkpt>
      <trkpt lat="33.31628277897835" lon="130.34344056621194">
        <ele>17.4</ele>
      </trkpt>
      <trkpt lat="33.316268948838115" lon="130.34339413046837">
        <ele>17.4</ele>
      </trkpt>
      <trkpt lat="33.31625662744045" lon="130.34335808828473">
        <ele>17.4</ele>
      </trkpt>
      <trkpt lat="33.31624707207084" lon="130.3433093894273">
        <ele>17.6</ele>
      </trkpt>
      <trkpt lat="33.316232319921255" lon="130.3432713355869">
        <ele>17.6</ele>
      </trkpt>
      <trkpt lat="33.31622578203678" lon="130.34321702085435">
        <ele>17.6</ele>
      </trkpt>
      <trkpt lat="33.31621019169688" lon="130.3431759495288">
        <ele>17.8</ele>
      </trkpt>
      <trkpt lat="33.316200552508235" lon="130.34312339499593">
        <ele>17.8</ele>
      </trkpt>
      <trkpt lat="33.31618705764413" lon="130.34308115020394">
        <ele>17.8</ele>
      </trkpt>
      <trkpt lat="33.31618127413094" lon="130.34302775748074">
        <ele>17.8</ele>
      </trkpt>
      <trkpt lat="33.31616895273328" lon="130.34298676997423">
        <ele>17.8</ele>
      </trkpt>
      <trkpt lat="33.31616509705782" lon="130.34292742609978">
        <ele>17.8</ele>
      </trkpt>
      <trkpt lat="33.316154116764665" lon="130.3428841754794">
        <ele>17.8</ele>
      </trkpt>
      <trkpt lat="33.31614498049021" lon="130.3428291901946">
        <ele>17.8</ele>
      </trkpt>
      <trkpt lat="33.31613349728286" lon="130.34278711304069">
        <ele>17.8</ele>
      </trkpt>
      <trkpt lat="33.316125283017755" lon="130.34273036755621">
        <ele>17.8</ele>
      </trkpt>
      <trkpt lat="33.3161092735827" lon="130.3426885418594">
        <ele>17.8</ele>
      </trkpt>
      <trkpt lat="33.31610097549856" lon="130.3426333051175">
        <ele>17.8</ele>
      </trkpt>
      <trkpt lat="33.31608404405415" lon="130.34259349107742">
        <ele>17.8</ele>
      </trkpt>
      <trkpt lat="33.31605764105916" lon="130.34254672005773">
        <ele>17.8</ele>
      </trkpt>
      <trkpt lat="33.316029980778694" lon="130.34252249635756">
        <ele>17.8</ele>
      </trkpt>
      <trkpt lat="33.315987065434456" lon="130.34251302480698">
        <ele>17.8</ele>
      </trkpt>
      <trkpt lat="33.3159467484802" lon="130.34252484329045">
        <ele>17.8</ele>
      </trkpt>
      <trkpt lat="33.31590224057436" lon="130.34253305755556">
        <ele>17.8</ele>
      </trkpt>
      <trkpt lat="33.31585379317403" lon="130.34253775142133">
        <ele>17.8</ele>
      </trkpt>
      <trkpt lat="33.31582018174231" lon="130.3425186406821">
        <ele>17.8</ele>
      </trkpt>
      <trkpt lat="33.31578548066318" lon="130.34248360432684">
        <ele>17.8</ele>
      </trkpt>
      <trkpt lat="33.3157636038959" lon="130.34244446083903">
        <ele>18.0</ele>
      </trkpt>
      <trkpt lat="33.315747091546655" lon="130.34238855354488">
        <ele>18.0</ele>
      </trkpt>
      <trkpt lat="33.315730998292565" lon="130.34234622493386">
        <ele>17.8</ele>
      </trkpt>
      <trkpt lat="33.31571423448622" lon="130.34229048527777">
        <ele>17.8</ele>
      </trkpt>
      <trkpt lat="33.315700655803084" lon="130.34224413335323">
        <ele>17.6</ele>
      </trkpt>
      <trkpt lat="33.31569294445217" lon="130.34218445420265">
        <ele>17.6</ele>
      </trkpt>
      <trkpt lat="33.3156790304929" lon="130.34214061684906">
        <ele>17.8</ele>
      </trkpt>
      <trkpt lat="33.315667463466525" lon="130.3420899901539">
        <ele>17.6</ele>
      </trkpt>
      <trkpt lat="33.31565363332629" lon="130.34205025993288">
        <ele>17.6</ele>
      </trkpt>
      <trkpt lat="33.31564147956669" lon="130.34200332127512">
        <ele>17.6</ele>
      </trkpt>
      <trkpt lat="33.31563024781644" lon="130.34195981919765">
        <ele>17.6</ele>
      </trkpt>
      <trkpt lat="33.315621530637145" lon="130.34190064296126">
        <ele>17.6</ele>
      </trkpt>
      <trkpt lat="33.31561155617237" lon="130.341857643798">
        <ele>17.4</ele>
      </trkpt>
      <trkpt lat="33.31560627557337" lon="130.3418026585132">
        <ele>17.4</ele>
      </trkpt>
      <trkpt lat="33.31558892503381" lon="130.34176829271019">
        <ele>17.4</ele>
      </trkpt>
      <trkpt lat="33.315577609464526" lon="130.3417138941586">
        <ele>17.4</ele>
      </trkpt>
      <trkpt lat="33.315567299723625" lon="130.34167667850852">
        <ele>17.6</ele>
      </trkpt>
      <trkpt lat="33.31555841490626" lon="130.34162546508014">
        <ele>17.8</ele>
      </trkpt>
      <trkpt lat="33.315548775717616" lon="130.34158565104008">
        <ele>18.0</ele>
      </trkpt>
      <trkpt lat="33.315546344965696" lon="130.34152823500335">
        <ele>18.2</ele>
      </trkpt>
      <trkpt lat="33.31553586758673" lon="130.3414897620678">
        <ele>18.2</ele>
      </trkpt>
      <trkpt lat="33.315529245883226" lon="130.3414329327643">
        <ele>18.4</ele>
      </trkpt>
      <trkpt lat="33.31551809795201" lon="130.34139538183808">
        <ele>18.6</ele>
      </trkpt>
      <trkpt lat="33.315510554239154" lon="130.34133654087782">
        <ele>18.4</ele>
      </trkpt>
      <trkpt lat="33.31550074741244" lon="130.34128993749619">
        <ele>18.4</ele>
      </trkpt>
      <trkpt lat="33.31549379043281" lon="130.34123277291656">
        <ele>18.2</ele>
      </trkpt>
      <trkpt lat="33.31547853536904" lon="130.34119622781873">
        <ele>18.0</ele>
      </trkpt>
      <trkpt lat="33.315470572561026" lon="130.3411477804184">
        <ele>18.0</ele>
      </trkpt>
      <trkpt lat="33.3154631126672" lon="130.3411089722067">
        <ele>18.0</ele>
      </trkpt>
      <trkpt lat="33.31545556895435" lon="130.34105784259737">
        <ele>18.0</ele>
      </trkpt>
      <trkpt lat="33.315444169566035" lon="130.34102020785213">
        <ele>18.2</ele>
      </trkpt>
      <trkpt lat="33.3154303394258" lon="130.34096874296665">
        <ele>18.2</ele>
      </trkpt>
      <trkpt lat="33.31541717983782" lon="130.3409270849079">
        <ele>18.2</ele>
      </trkpt>
      <trkpt lat="33.315403182059526" lon="130.340879810974">
        <ele>18.2</ele>
      </trkpt>
      <trkpt lat="33.31538759171963" lon="130.34084284678102">
        <ele>18.2</ele>
      </trkpt>
      <trkpt lat="33.31537761725485" lon="130.34079900942743">
        <ele>18.2</ele>
      </trkpt>
      <trkpt lat="33.31536487676203" lon="130.34075567498803">
        <ele>18.2</ele>
      </trkpt>
      <trkpt lat="33.31535942852497" lon="130.34070052206516">
        <ele>18.2</ele>
      </trkpt>
      <trkpt lat="33.31534618511796" lon="130.34066062420607">
        <ele>18.2</ele>
      </trkpt>
      <trkpt lat="33.31533654592931" lon="130.3406134340912">
        <ele>18.2</ele>
      </trkpt>
      <trkpt lat="33.315327325835824" lon="130.34057093784213">
        <ele>18.2</ele>
      </trkpt>
      <trkpt lat="33.31531785428524" lon="130.34052626229823">
        <ele>18.2</ele>
      </trkpt>
      <trkpt lat="33.315309807658195" lon="130.3404778148979">
        <ele>18.2</ele>
      </trkpt>
      <trkpt lat="33.31530368886888" lon="130.34042769111693">
        <ele>18.2</ele>
      </trkpt>
      <trkpt lat="33.315295055508614" lon="130.34038343466818">
        <ele>18.4</ele>
      </trkpt>
      <trkpt lat="33.315284410491586" lon="130.34033347852528">
        <ele>18.4</ele>
      </trkpt>
      <trkpt lat="33.31527711823583" lon="130.3402883000672">
        <ele>18.4</ele>
      </trkpt>
      <trkpt lat="33.31527275964618" lon="130.34023859538138">
        <ele>18.4</ele>
      </trkpt>
      <trkpt lat="33.31526907160878" lon="130.34019391983747">
        <ele>18.4</ele>
      </trkpt>
      <trkpt lat="33.315259432420135" lon="130.34014966338873">
        <ele>18.4</ele>
      </trkpt>
      <trkpt lat="33.315254068002105" lon="130.3401004616171">
        <ele>18.4</ele>
      </trkpt>
      <trkpt lat="33.31524501554668" lon="130.3400549478829">
        <ele>18.2</ele>
      </trkpt>
      <trkpt lat="33.31523864530027" lon="130.34000616520643">
        <ele>18.2</ele>
      </trkpt>
      <trkpt lat="33.31523152068257" lon="130.3399624954909">
        <ele>18.2</ele>
      </trkpt>
      <trkpt lat="33.315223306417465" lon="130.3399127908051">
        <ele>18.2</ele>
      </trkpt>
      <trkpt lat="33.315215511247516" lon="130.33986560069025">
        <ele>18.2</ele>
      </trkpt>
      <trkpt lat="33.315212493762374" lon="130.3398184105754">
        <ele>18.4</ele>
      </trkpt>
      <trkpt lat="33.31520201638341" lon="130.33977524377406">
        <ele>18.4</ele>
      </trkpt>
      <trkpt lat="33.31519681960344" lon="130.33972579054534">
        <ele>18.6</ele>
      </trkpt>
      <trkpt lat="33.31518894061446" lon="130.33968321047723">
        <ele>18.8</ele>
      </trkpt>
      <trkpt lat="33.31518558785319" lon="130.33963216468692">
        <ele>18.8</ele>
      </trkpt>
      <trkpt lat="33.31517552956939" lon="130.33959260210395">
        <ele>19.0</ele>
      </trkpt>
      <trkpt lat="33.315171506255865" lon="130.33954398706555">
        <ele>19.0</ele>
      </trkpt>
      <trkpt lat="33.315162202343345" lon="130.33950425684452">
        <ele>19.0</ele>
      </trkpt>
      <trkpt lat="33.315158765763044" lon="130.33945572562516">
        <ele>19.0</ele>
      </trkpt>
      <trkpt lat="33.315150048583746" lon="130.33941473811865">
        <ele>18.8</ele>
      </trkpt>
      <trkpt lat="33.315147114917636" lon="130.33936478197575">
        <ele>18.6</ele>
      </trkpt>
      <trkpt lat="33.31513957120478" lon="130.33932153135538">
        <ele>18.8</ele>
      </trkpt>
      <trkpt lat="33.31513848155737" lon="130.33927115611732">
        <ele>18.8</ele>
      </trkpt>
      <trkpt lat="33.31513077020645" lon="130.3392301686108">
        <ele>18.8</ele>
      </trkpt>
      <trkpt lat="33.31512959674001" lon="130.33917694352567">
        <ele>18.8</ele>
      </trkpt>
      <trkpt lat="33.31512029282749" lon="130.3391344472766">
        <ele>19.0</ele>
      </trkpt>
      <trkpt lat="33.31511719152331" lon="130.33907853998244">
        <ele>18.8</ele>
      </trkpt>
      <trkpt lat="33.31510688178241" lon="130.33903621137142">
        <ele>18.8</ele>
      </trkpt>
      <trkpt lat="33.315105792135" lon="130.33898206427693">
        <ele>18.8</ele>
      </trkpt>
      <trkpt lat="33.315093386918306" lon="130.3389444295317">
        <ele>18.6</ele>
      </trkpt>
      <trkpt lat="33.31508710049093" lon="130.33889045007527">
        <ele>18.6</ele>
      </trkpt>
      <trkpt lat="33.31507452763617" lon="130.33884946256876">
        <ele>18.6</ele>
      </trkpt>
      <trkpt lat="33.315074779093266" lon="130.33879481256008">
        <ele>18.6</ele>
      </trkpt>
      <trkpt lat="33.31506287679076" lon="130.33875659108162">
        <ele>18.4</ele>
      </trkpt>
      <trkpt lat="33.31505348905921" lon="130.33870009705424">
        <ele>18.4</ele>
      </trkpt>
      <trkpt lat="33.315038653090596" lon="130.3386576846242">
        <ele>18.4</ele>
      </trkpt>
      <trkpt lat="33.315034629777074" lon="130.3386008553207">
        <ele>18.6</ele>
      </trkpt>
      <trkpt lat="33.315020045265555" lon="130.3385617956519">
        <ele>18.6</ele>
      </trkpt>
      <trkpt lat="33.31501727923751" lon="130.3385086543858">
        <ele>18.6</ele>
      </trkpt>
      <trkpt lat="33.31500504165888" lon="130.3384676668793">
        <ele>18.6</ele>
      </trkpt>
      <trkpt lat="33.31500361673534" lon="130.33840958029032">
        <ele>18.8</ele>
      </trkpt>
      <trkpt lat="33.31499154679477" lon="130.33837454393506">
        <ele>19.0</ele>
      </trkpt>
      <trkpt lat="33.314991211518645" lon="130.33831989392638">
        <ele>19.0</ele>
      </trkpt>
      <trkpt lat="33.31498232670128" lon="130.33828443847597">
        <ele>19.0</ele>
      </trkpt>
      <trkpt lat="33.31497729755938" lon="130.3382279444486">
        <ele>19.0</ele>
      </trkpt>
      <trkpt lat="33.31496908329427" lon="130.3381872922182">
        <ele>19.0</ele>
      </trkpt>
      <trkpt lat="33.314968161284924" lon="130.33813540823758">
        <ele>19.2</ele>
      </trkpt>
      <trkpt lat="33.314957516267896" lon="130.33809182234108">
        <ele>19.0</ele>
      </trkpt>
      <trkpt lat="33.31495609134436" lon="130.33803683705628">
        <ele>19.0</ele>
      </trkpt>
      <trkpt lat="33.31494661979377" lon="130.33799308352172">
        <ele>19.0</ele>
      </trkpt>
      <trkpt lat="33.31494360230863" lon="130.33793558366597">
        <ele>19.0</ele>
      </trkpt>
      <trkpt lat="33.31493672914803" lon="130.33789359033108">
        <ele>19.0</ele>
      </trkpt>
      <trkpt lat="33.31493522040546" lon="130.3378381859511">
        <ele>19.0</ele>
      </trkpt>
      <trkpt lat="33.31492222845554" lon="130.33779501914978">
        <ele>19.0</ele>
      </trkpt>
      <trkpt lat="33.31491895951331" lon="130.3377366811037">
        <ele>19.0</ele>
      </trkpt>
      <trkpt lat="33.31490688957274" lon="130.33769820816815">
        <ele>19.0</ele>
      </trkpt>
      <trkpt lat="33.31490437500179" lon="130.33764238469303">
        <ele>19.0</ele>
      </trkpt>
      <trkpt lat="33.31489725038409" lon="130.33760114572942">
        <ele>19.0</ele>
      </trkpt>
      <trkpt lat="33.314892556518316" lon="130.3375495132059">
        <ele>19.0</ele>
      </trkpt>
      <trkpt lat="33.314877385273576" lon="130.33751028589904">
        <ele>19.0</ele>
      </trkpt>
      <trkpt lat="33.31487176939845" lon="130.33745907247066">
        <ele>18.8</ele>
      </trkpt>
      <trkpt lat="33.31486003473401" lon="130.33741758204997">
        <ele>18.8</ele>
      </trkpt>
      <trkpt lat="33.314858358353376" lon="130.3373677097261">
        <ele>18.8</ele>
      </trkpt>
      <trkpt lat="33.314848467707634" lon="130.3373294044286">
        <ele>18.8</ele>
      </trkpt>
      <trkpt lat="33.31484578549862" lon="130.33727936446667">
        <ele>18.8</ele>
      </trkpt>
      <trkpt lat="33.31483178772032" lon="130.33723720349371">
        <ele>18.6</ele>
      </trkpt>
      <trkpt lat="33.314830865710974" lon="130.33718096092343">
        <ele>18.6</ele>
      </trkpt>
      <trkpt lat="33.314822064712644" lon="130.33713561482728">
        <ele>18.6</ele>
      </trkpt>
      <trkpt lat="33.31481753848493" lon="130.33708213828504">
        <ele>18.6</ele>
      </trkpt>
      <trkpt lat="33.31480856984854" lon="130.3370410669595">
        <ele>18.6</ele>
      </trkpt>
      <trkpt lat="33.314802031964064" lon="130.33698784187436">
        <ele>18.4</ele>
      </trkpt>
      <trkpt lat="33.31479063257575" lon="130.3369475249201">
        <ele>18.4</ele>
      </trkpt>
      <trkpt lat="33.314787950366735" lon="130.33689497038722">
        <ele>18.4</ele>
      </trkpt>
      <trkpt lat="33.31477923318744" lon="130.3368465229869">
        <ele>18.6</ele>
      </trkpt>
      <trkpt lat="33.31477629952133" lon="130.33679598011076">
        <ele>18.4</ele>
      </trkpt>
      <trkpt lat="33.314768923446536" lon="130.33675348386168">
        <ele>18.4</ele>
      </trkpt>
      <trkpt lat="33.31476439721882" lon="130.33670101314783">
        <ele>18.4</ele>
      </trkpt>
      <trkpt lat="33.314753668382764" lon="130.33665767870843">
        <ele>18.6</ele>
      </trkpt>
      <trkpt lat="33.31474922597408" lon="130.33660721965134">
        <ele>18.6</ele>
      </trkpt>
      <trkpt lat="33.31473925150931" lon="130.33656648360193">
        <ele>18.6</ele>
      </trkpt>
      <trkpt lat="33.31473589874804" lon="130.33651577308774">
        <ele>18.4</ele>
      </trkpt>
      <trkpt lat="33.31472709774971" lon="130.33647562377155">
        <ele>18.6</ele>
      </trkpt>
      <trkpt lat="33.31472466699779" lon="130.33642491325736">
        <ele>18.6</ele>
      </trkpt>
      <trkpt lat="33.31471695564687" lon="130.33637914806604">
        <ele>18.8</ele>
      </trkpt>
      <trkpt lat="33.31471033394337" lon="130.33632785081863">
        <ele>18.8</ele>
      </trkpt>
      <trkpt lat="33.31470320932567" lon="130.33627789467573">
        <ele>18.8</ele>
      </trkpt>
      <trkpt lat="33.314700024202466" lon="130.336223077029">
        <ele>19.0</ele>
      </trkpt>
      <trkpt lat="33.31468904390931" lon="130.336180832237">
        <ele>19.0</ele>
      </trkpt>
      <trkpt lat="33.31468845717609" lon="130.33612593077123">
        <ele>19.0</ele>
      </trkpt>
      <trkpt lat="33.314676554873586" lon="130.33608360216022">
        <ele>19.0</ele>
      </trkpt>
      <trkpt lat="33.3146742079407" lon="130.33603079617023">
        <ele>19.0</ele>
      </trkpt>
      <trkpt lat="33.314665826037526" lon="130.3359887190163">
        <ele>19.0</ele>
      </trkpt>
      <trkpt lat="33.314661802724004" lon="130.3359374217689">
        <ele>19.0</ele>
      </trkpt>
      <trkpt lat="33.31465375609696" lon="130.3358885552734">
        <ele>19.0</ele>
      </trkpt>
      <trkpt lat="33.31464654766023" lon="130.33583868294954">
        <ele>19.2</ele>
      </trkpt>
      <trkpt lat="33.31463531590998" lon="130.33579660579562">
        <ele>19.2</ele>
      </trkpt>
      <trkpt lat="33.31462726928294" lon="130.3357494994998">
        <ele>19.2</ele>
      </trkpt>
      <trkpt lat="33.3146171271801" lon="130.33570306375623">
        <ele>19.4</ele>
      </trkpt>
      <trkpt lat="33.31460882909596" lon="130.3356567118317">
        <ele>19.4</ele>
      </trkpt>
      <trkpt lat="33.31459902226925" lon="130.3356067556888">
        <ele>19.6</ele>
      </trkpt>
      <trkpt lat="33.31459508277476" lon="130.33555227331817">
        <ele>19.6</ele>
      </trkpt>
      <trkpt lat="33.3145861979574" lon="130.33550323918462">
        <ele>19.6</ele>
      </trkpt>
      <trkpt lat="33.31458452157676" lon="130.33545068465173">
        <ele>19.6</ele>
      </trkpt>
      <trkpt lat="33.314575385302305" lon="130.3354102000594">
        <ele>19.8</ele>
      </trkpt>
      <trkpt lat="33.31457328982651" lon="130.33536192029715">
        <ele>19.8</ele>
      </trkpt>
      <trkpt lat="33.3145671710372" lon="130.33531841821969">
        <ele>19.8</ele>
      </trkpt>
      <trkpt lat="33.31456474028528" lon="130.3352672047913">
        <ele>19.8</ele>
      </trkpt>
      <trkpt lat="33.31455602310598" lon="130.33522211015224">
        <ele>20.0</ele>
      </trkpt>
      <trkpt lat="33.31454956904054" lon="130.33517265692353">
        <ele>20.0</ele>
      </trkpt>
      <trkpt lat="33.314541187137365" lon="130.33512848429382">
        <ele>20.0</ele>
      </trkpt>
      <trkpt lat="33.31453800201416" lon="130.3350771870464">
        <ele>19.8</ele>
      </trkpt>
      <trkpt lat="33.31452953629196" lon="130.33503150567412">
        <ele>19.6</ele>
      </trkpt>
      <trkpt lat="33.31451939418912" lon="130.33498356118798">
        <ele>19.6</ele>
      </trkpt>
      <trkpt lat="33.31450908444822" lon="130.33493980765343">
        <ele>19.4</ele>
      </trkpt>
      <trkpt lat="33.31450472585857" lon="130.33488960005343">
        <ele>19.4</ele>
      </trkpt>
      <trkpt lat="33.31449659541249" lon="130.33483964391053">
        <ele>19.4</ele>
      </trkpt>
      <trkpt lat="33.31449114717543" lon="130.33479480072856">
        <ele>19.4</ele>
      </trkpt>
      <trkpt lat="33.314485531300306" lon="130.33474484458566">
        <ele>19.4</ele>
      </trkpt>
      <trkpt lat="33.31448460929096" lon="130.3346965648234">
        <ele>19.6</ele>
      </trkpt>
      <trkpt lat="33.314476143568754" lon="130.33463805913925">
        <ele>19.6</ele>
      </trkpt>
      <trkpt lat="33.314469773322344" lon="130.33459464088082">
        <ele>19.6</ele>
      </trkpt>
      <trkpt lat="33.314466420561075" lon="130.33453529700637">
        <ele>19.6</ele>
      </trkpt>
      <trkpt lat="33.31445678137243" lon="130.33449313603342">
        <ele>19.8</ele>
      </trkpt>
      <trkpt lat="33.31444479525089" lon="130.33444401808083">
        <ele>19.8</ele>
      </trkpt>
      <trkpt lat="33.31443624570966" lon="130.33440101891756">
        <ele>19.8</ele>
      </trkpt>
      <trkpt lat="33.31442987546325" lon="130.33435181714594">
        <ele>19.8</ele>
      </trkpt>
      <trkpt lat="33.31442300230265" lon="130.33430856652558">
        <ele>19.8</ele>
      </trkpt>
      <trkpt lat="33.31441889517009" lon="130.3342573530972">
        <ele>20.0</ele>
      </trkpt>
      <trkpt lat="33.314413363114" lon="130.33421494066715">
        <ele>20.0</ele>
      </trkpt>
      <trkpt lat="33.314405819401145" lon="130.33416414633393">
        <ele>20.0</ele>
      </trkpt>
      <trkpt lat="33.31439131870866" lon="130.33412424847484">
        <ele>19.8</ele>
      </trkpt>
      <trkpt lat="33.314380422234535" lon="130.33407278358936">
        <ele>20.0</ele>
      </trkpt>
      <trkpt lat="33.31437053158879" lon="130.3340334724635">
        <ele>19.8</ele>
      </trkpt>
      <trkpt lat="33.31436164677143" lon="130.33398158848286">
        <ele>19.8</ele>
      </trkpt>
      <trkpt lat="33.31435326486826" lon="130.33393565565348">
        <ele>20.0</ele>
      </trkpt>
      <trkpt lat="33.31434546969831" lon="130.33388326875865">
        <ele>20.0</ele>
      </trkpt>
      <trkpt lat="33.31433675251901" lon="130.33384010195732">
        <ele>20.0</ele>
      </trkpt>
      <trkpt lat="33.314331974834204" lon="130.3337792493403">
        <ele>20.0</ele>
      </trkpt>
      <trkpt lat="33.31432359293103" lon="130.3337351605296">
        <ele>20.0</ele>
      </trkpt>
      <trkpt lat="33.314321245998144" lon="130.33368813805282">
        <ele>20.0</ele>
      </trkpt>
      <trkpt lat="33.31431143917143" lon="130.33363902010024">
        <ele>20.0</ele>
      </trkpt>
      <trkpt lat="33.31430775113404" lon="130.3335913270712">
        <ele>20.0</ele>
      </trkpt>
      <trkpt lat="33.31430339254439" lon="130.3335440531373">
        <ele>20.0</ele>
      </trkpt>
      <trkpt lat="33.31429903395474" lon="130.33349267207086">
        <ele>20.0</ele>
      </trkpt>
      <trkpt lat="33.31429031677544" lon="130.3334526065737">
        <ele>20.0</ele>
      </trkpt>
      <trkpt lat="33.31428671255708" lon="130.3334095235914">
        <ele>20.0</ele>
      </trkpt>
      <trkpt lat="33.314280677586794" lon="130.33336551859975">
        <ele>20.0</ele>
      </trkpt>
      <trkpt lat="33.314275313168764" lon="130.33331950195134">
        <ele>20.0</ele>
      </trkpt>
      <trkpt lat="33.31426617689431" lon="130.3332758322358">
        <ele>20.0</ele>
      </trkpt>
      <trkpt lat="33.31425393931568" lon="130.3332266304642">
        <ele>20.2</ele>
      </trkpt>
      <trkpt lat="33.31424480304122" lon="130.33318178728223">
        <ele>20.2</ele>
      </trkpt>
      <trkpt lat="33.31423985771835" lon="130.3331397101283">
        <ele>20.2</ele>
      </trkpt>
      <trkpt lat="33.31423147581518" lon="130.33309302292764">
        <ele>20.2</ele>
      </trkpt>
      <trkpt lat="33.3142199087888" lon="130.3330418933183">
        <ele>20.2</ele>
      </trkpt>
      <trkpt lat="33.3142077550292" lon="130.33299730159342">
        <ele>20.2</ele>
      </trkpt>
      <trkpt lat="33.314195768907666" lon="130.33294692635536">
        <ele>20.2</ele>
      </trkpt>
      <trkpt lat="33.31418763846159" lon="130.33290082588792">
        <ele>20.0</ele>
      </trkpt>
      <trkpt lat="33.314179591834545" lon="130.3328579943627">
        <ele>20.0</ele>
      </trkpt>
      <trkpt lat="33.31417590379715" lon="130.33280812203884">
        <ele>20.0</ele>
      </trkpt>
      <trkpt lat="33.314169785007834" lon="130.33276051282883">
        <ele>20.0</ele>
      </trkpt>
      <trkpt lat="33.31416659988463" lon="130.33271323889494">
        <ele>20.0</ele>
      </trkpt>
      <trkpt lat="33.31415796652436" lon="130.332668479532">
        <ele>19.8</ele>
      </trkpt>
      <trkpt lat="33.314154613763094" lon="130.3326180204749">
        <ele>19.8</ele>
      </trkpt>
      <trkpt lat="33.31414891406894" lon="130.33257577568293">
        <ele>19.8</ele>
      </trkpt>
      <trkpt lat="33.314144890755415" lon="130.33253101632">
        <ele>19.8</ele>
      </trkpt>
      <trkpt lat="33.31413684412837" lon="130.33248759806156">
        <ele>19.8</ele>
      </trkpt>
      <trkpt lat="33.31413139589131" lon="130.3324383124709">
        <ele>19.8</ele>
      </trkpt>
      <trkpt lat="33.31412460654974" lon="130.33239372074604">
        <ele>19.8</ele>
      </trkpt>
      <trkpt lat="33.31412008032203" lon="130.33234586007893">
        <ele>19.8</ele>
      </trkpt>
      <trkpt lat="33.31411136314273" lon="130.33230151981115">
        <ele>19.8</ele>
      </trkpt>
      <trkpt lat="33.31410658545792" lon="130.3322529885918">
        <ele>19.8</ele>
      </trkpt>
      <trkpt lat="33.31409971229732" lon="130.33220772631466">
        <ele>19.8</ele>
      </trkpt>
      <trkpt lat="33.31409392878413" lon="130.33215953037143">
        <ele>19.8</ele>
      </trkpt>
      <trkpt lat="33.314087223261595" lon="130.33211250789464">
        <ele>19.8</ele>
      </trkpt>
      <trkpt lat="33.31407976336777" lon="130.3320648148656">
        <ele>19.6</ele>
      </trkpt>
      <trkpt lat="33.3140695374459" lon="130.33202315680683">
        <ele>19.6</ele>
      </trkpt>
      <trkpt lat="33.31406601704657" lon="130.33197118900716">
        <ele>19.8</ele>
      </trkpt>
      <trkpt lat="33.3140576351434" lon="130.33192542381585">
        <ele>19.8</ele>
      </trkpt>
      <trkpt lat="33.31404950469732" lon="130.331878233701">
        <ele>20.0</ele>
      </trkpt>
      <trkpt lat="33.31403969787061" lon="130.3318301215768">
        <ele>19.8</ele>
      </trkpt>
      <trkpt lat="33.31403232179582" lon="130.33178569748998">
        <ele>19.8</ele>
      </trkpt>
      <trkpt lat="33.31402444280684" lon="130.33173523843288">
        <ele>19.8</ele>
      </trkpt>
      <trkpt lat="33.314015474170446" lon="130.33168922178447">
        <ele>19.8</ele>
      </trkpt>
      <trkpt lat="33.31400650553405" lon="130.33163507468998">
        <ele>19.8</ele>
      </trkpt>
      <trkpt lat="33.313996782526374" lon="130.33159182406962">
        <ele>19.8</ele>
      </trkpt>
      <trkpt lat="33.31398974172771" lon="130.33154178410769">
        <ele>19.8</ele>
      </trkpt>
      <trkpt lat="33.3139815274626" lon="130.33149920403957">
        <ele>20.0</ele>
      </trkpt>
      <trkpt lat="33.31397959962487" lon="130.33144279383123">
        <ele>20.0</ele>
      </trkpt>
      <trkpt lat="33.313970966264606" lon="130.33140180632472">
        <ele>20.0</ele>
      </trkpt>
      <trkpt lat="33.313968451693654" lon="130.33135092817247">
        <ele>20.2</ele>
      </trkpt>
      <trkpt lat="33.3139590639621" lon="130.33130876719952">
        <ele>20.2</ele>
      </trkpt>
      <trkpt lat="33.313951939344406" lon="130.3312529437244">
        <ele>20.2</ele>
      </trkpt>
      <trkpt lat="33.31394414417446" lon="130.33121480606496">
        <ele>20.2</ele>
      </trkpt>
      <trkpt lat="33.313940204679966" lon="130.33115847967565">
        <ele>20.2</ele>
      </trkpt>
      <trkpt lat="33.31393215805292" lon="130.33111774362624">
        <ele>20.4</ele>
      </trkpt>
      <trkpt lat="33.313921093940735" lon="130.33106518909335">
        <ele>20.4</ele>
      </trkpt>
      <trkpt lat="33.3139143884182" lon="130.3310216870159">
        <ele>20.4</ele>
      </trkpt>
      <trkpt lat="33.313906928524375" lon="130.33097181469202">
        <ele>20.4</ele>
      </trkpt>
      <trkpt lat="33.313900642096996" lon="130.33092462457716">
        <ele>20.4</ele>
      </trkpt>
      <trkpt lat="33.313893266022205" lon="130.33088129013777">
        <ele>20.2</ele>
      </trkpt>
      <trkpt lat="33.313885470852256" lon="130.33083694987">
        <ele>20.2</ele>
      </trkpt>
      <trkpt lat="33.313877591863275" lon="130.33079663291574">
        <ele>20.0</ele>
      </trkpt>
      <trkpt lat="33.31387013196945" lon="130.33075120300055">
        <ele>20.0</ele>
      </trkpt>
      <trkpt lat="33.313863426446915" lon="130.33071122132242">
        <ele>20.0</ele>
      </trkpt>
      <trkpt lat="33.313856637105346" lon="130.33066872507334">
        <ele>20.0</ele>
      </trkpt>
      <trkpt lat="33.313845908269286" lon="130.3306212835014">
        <ele>20.0</ele>
      </trkpt>
      <trkpt lat="33.31383618526161" lon="130.33057660795748">
        <ele>20.0</ele>
      </trkpt>
      <trkpt lat="33.31382704898715" lon="130.33052916638553">
        <ele>20.0</ele>
      </trkpt>
      <trkpt lat="33.31382570788264" lon="130.33047879114747">
        <ele>20.0</ele>
      </trkpt>
      <trkpt lat="33.3138174097985" lon="130.3304321039468">
        <ele>20.0</ele>
      </trkpt>
      <trkpt lat="33.31381196156144" lon="130.33038617111742">
        <ele>20.0</ele>
      </trkpt>
      <trkpt lat="33.313802825286984" lon="130.33033680170774">
        <ele>20.0</ele>
      </trkpt>
      <trkpt lat="33.313795533031225" lon="130.33028743229806">
        <ele>19.8</ele>
      </trkpt>
      <trkpt lat="33.31378664821386" lon="130.33024401403964">
        <ele>20.0</ele>
      </trkpt>
      <trkpt lat="33.3137796074152" lon="130.33019598573446">
        <ele>20.0</ele>
      </trkpt>
      <trkpt lat="33.31377197988331" lon="130.33015692606568">
        <ele>20.0</ele>
      </trkpt>
      <trkpt lat="33.31376854330301" lon="130.33011116087437">
        <ele>20.0</ele>
      </trkpt>
      <trkpt lat="33.31376024521887" lon="130.33006640151143">
        <ele>20.0</ele>
      </trkpt>
      <trkpt lat="33.313754042610526" lon="130.33002038486302">
        <ele>20.0</ele>
      </trkpt>
      <trkpt lat="33.313747085630894" lon="130.32997554168105">
        <ele>20.0</ele>
      </trkpt>
      <trkpt lat="33.31374205648899" lon="130.32992717809975">
        <ele>20.0</ele>
      </trkpt>
      <trkpt lat="33.31373434513807" lon="130.32988443039358">
        <ele>20.0</ele>
      </trkpt>
      <trkpt lat="33.313728142529726" lon="130.3298355638981">
        <ele>20.0</ele>
      </trkpt>
      <trkpt lat="33.313719257712364" lon="130.32979315146804">
        <ele>20.0</ele>
      </trkpt>
      <trkpt lat="33.31371942535043" lon="130.32974294386804">
        <ele>20.0</ele>
      </trkpt>
      <trkpt lat="33.313713390380144" lon="130.32970011234283">
        <ele>19.8</ele>
      </trkpt>
      <trkpt lat="33.31371188163757" lon="130.32964881509542">
        <ele>19.8</ele>
      </trkpt>
      <trkpt lat="33.31370450556278" lon="130.32960657030344">
        <ele>20.0</ele>
      </trkpt>
      <trkpt lat="33.313698805868626" lon="130.32955560833216">
        <ele>20.0</ele>
      </trkpt>
      <trkpt lat="33.313687490299344" lon="130.3295131959021">
        <ele>20.0</ele>
      </trkpt>
      <trkpt lat="33.31368078477681" lon="130.3294650837779">
        <ele>20.0</ele>
      </trkpt>
      <trkpt lat="33.313672402873635" lon="130.3294206596911">
        <ele>20.0</ele>
      </trkpt>
      <trkpt lat="33.313670726493" lon="130.3293696977198">
        <ele>20.0</ele>
      </trkpt>
      <trkpt lat="33.31366175785661" lon="130.3293247707188">
        <ele>20.0</ele>
      </trkpt>
      <trkpt lat="33.31366184167564" lon="130.3292695339769">
        <ele>20.0</ele>
      </trkpt>
      <trkpt lat="33.31365413032472" lon="130.3292272053659">
        <ele>20.0</ele>
      </trkpt>
      <trkpt lat="33.31365119665861" lon="130.32917574048042">
        <ele>20.0</ele>
      </trkpt>
      <trkpt lat="33.31364021636546" lon="130.3291373513639">
        <ele>20.0</ele>
      </trkpt>
      <trkpt lat="33.31363828852773" lon="130.3290837071836">
        <ele>20.0</ele>
      </trkpt>
      <trkpt lat="33.31362521275878" lon="130.32904263585806">
        <ele>20.0</ele>
      </trkpt>
      <trkpt lat="33.31361934542656" lon="130.32899033278227">
        <ele>20.0</ele>
      </trkpt>
      <trkpt lat="33.31361138261855" lon="130.32894641160965">
        <ele>20.0</ele>
      </trkpt>
      <trkpt lat="33.31360568292439" lon="130.32889519818127">
        <ele>20.0</ele>
      </trkpt>
      <trkpt lat="33.31359453499317" lon="130.32885664142668">
        <ele>20.0</ele>
      </trkpt>
      <trkpt lat="33.313590344041586" lon="130.32880190759897">
        <ele>20.0</ele>
      </trkpt>
      <trkpt lat="33.31357919611037" lon="130.3287646919489">
        <ele>20.2</ele>
      </trkpt>
      <trkpt lat="33.313578609377146" lon="130.32870853319764">
        <ele>20.2</ele>
      </trkpt>
      <trkpt lat="33.313569305464625" lon="130.32866922207177">
        <ele>20.0</ele>
      </trkpt>
      <trkpt lat="33.31356544978917" lon="130.32861532643437">
        <ele>20.2</ele>
      </trkpt>
      <trkpt lat="33.3135515358299" lon="130.32858020626009">
        <ele>20.0</ele>
      </trkpt>
      <trkpt lat="33.313547261059284" lon="130.32852597534657">
        <ele>20.0</ele>
      </trkpt>
      <trkpt lat="33.313535023480654" lon="130.3284856583923">
        <ele>20.0</ele>
      </trkpt>
      <trkpt lat="33.31353200599551" lon="130.32843377441168">
        <ele>20.0</ele>
      </trkpt>
      <trkpt lat="33.31352110952139" lon="130.32839404419065">
        <ele>19.8</ele>
      </trkpt>
      <trkpt lat="33.313518511131406" lon="130.3283383883536">
        <ele>19.8</ele>
      </trkpt>
      <trkpt lat="33.31350744701922" lon="130.32829731702805">
        <ele>19.6</ele>
      </trkpt>
      <trkpt lat="33.31350367516279" lon="130.32824501395226">
        <ele>19.6</ele>
      </trkpt>
      <trkpt lat="33.313493616878986" lon="130.32820729538798">
        <ele>19.6</ele>
      </trkpt>
      <trkpt lat="33.31348833627999" lon="130.32815247774124">
        <ele>19.6</ele>
      </trkpt>
      <trkpt lat="33.31347676925361" lon="130.32811610028148">
        <ele>19.6</ele>
      </trkpt>
      <trkpt lat="33.31346930935979" lon="130.32806555740535">
        <ele>19.6</ele>
      </trkpt>
      <trkpt lat="33.31345899961889" lon="130.32802557572722">
        <ele>19.6</ele>
      </trkpt>
      <trkpt lat="33.31345682032406" lon="130.32796983607113">
        <ele>19.8</ele>
      </trkpt>
      <trkpt lat="33.313452964648604" lon="130.32792566344142">
        <ele>19.6</ele>
      </trkpt>
      <trkpt lat="33.31345229409635" lon="130.32787310890853">
        <ele>19.6</ele>
      </trkpt>
      <trkpt lat="33.3134426549077" lon="130.32783404923975">
        <ele>19.6</ele>
      </trkpt>
      <trkpt lat="33.31343997269869" lon="130.32778199762106">
        <ele>19.8</ele>
      </trkpt>
      <trkpt lat="33.313427567481995" lon="130.32774042338133">
        <ele>19.8</ele>
      </trkpt>
      <trkpt lat="33.3134254720062" lon="130.32768401317298">
        <ele>19.8</ele>
      </trkpt>
      <trkpt lat="33.31341608427465" lon="130.32764235511422">
        <ele>19.8</ele>
      </trkpt>
      <trkpt lat="33.313411977142096" lon="130.32758644782007">
        <ele>19.8</ele>
      </trkpt>
      <trkpt lat="33.31340032629669" lon="130.32754881307483">
        <ele>19.8</ele>
      </trkpt>
      <trkpt lat="33.31339596770704" lon="130.32749684527516">
        <ele>20.0</ele>
      </trkpt>
      <trkpt lat="33.31338431686163" lon="130.32745988108218">
        <ele>20.0</ele>
      </trkpt>
      <trkpt lat="33.313377359882" lon="130.32740799710155">
        <ele>20.0</ele>
      </trkpt>
      <trkpt lat="33.3133686427027" lon="130.32736709341407">
        <ele>19.8</ele>
      </trkpt>
      <trkpt lat="33.31336235627532" lon="130.327311437577">
        <ele>19.8</ele>
      </trkpt>
      <trkpt lat="33.313353806734085" lon="130.32727061770856">
        <ele>19.8</ele>
      </trkpt>
      <trkpt lat="33.313351878896356" lon="130.32721529714763">
        <ele>19.8</ele>
      </trkpt>
      <trkpt lat="33.313339138403535" lon="130.3271776624024">
        <ele>19.6</ele>
      </trkpt>
      <trkpt lat="33.313336204737425" lon="130.32712703570724">
        <ele>19.6</ele>
      </trkpt>
      <trkpt lat="33.31332731992006" lon="130.32708445563912">
        <ele>19.6</ele>
      </trkpt>
      <trkpt lat="33.313325475901365" lon="130.32703299075365">
        <ele>19.6</ele>
      </trkpt>
      <trkpt lat="33.31331826746464" lon="130.3269945178181">
        <ele>19.6</ele>
      </trkpt>
      <trkpt lat="33.31331608816981" lon="130.32694330438972">
        <ele>19.6</ele>
      </trkpt>
      <trkpt lat="33.31330485641956" lon="130.32689820975065">
        <ele>19.6</ele>
      </trkpt>
      <trkpt lat="33.31329882144928" lon="130.3268441464752">
        <ele>19.6</ele>
      </trkpt>
      <trkpt lat="33.31329002045095" lon="130.3267976269126">
        <ele>19.6</ele>
      </trkpt>
      <trkpt lat="33.31328373402357" lon="130.32674884423614">
        <ele>19.6</ele>
      </trkpt>
      <trkpt lat="33.31327526830137" lon="130.3266990557313">
        <ele>19.6</ele>
      </trkpt>
      <trkpt lat="33.31326814368367" lon="130.32664868049324">
        <ele>19.6</ele>
      </trkpt>
      <trkpt lat="33.3132579177618" lon="130.3266007360071">
        <ele>19.6</ele>
      </trkpt>
      <trkpt lat="33.313252218067646" lon="130.3265507798642">
        <ele>19.6</ele>
      </trkpt>
      <trkpt lat="33.313242830336094" lon="130.3265035059303">
        <ele>19.6</ele>
      </trkpt>
      <trkpt lat="33.31323469989002" lon="130.3264567349106">
        <ele>19.6</ele>
      </trkpt>
      <trkpt lat="33.3132269885391" lon="130.32640535384417">
        <ele>19.6</ele>
      </trkpt>
      <trkpt lat="33.31321768462658" lon="130.32636252231896">
        <ele>19.6</ele>
      </trkpt>
      <trkpt lat="33.313214499503374" lon="130.32630971632898">
        <ele>19.4</ele>
      </trkpt>
      <trkpt lat="33.31320544704795" lon="130.3262683097273">
        <ele>19.4</ele>
      </trkpt>
      <trkpt lat="33.313203854486346" lon="130.32620796002448">
        <ele>19.4</ele>
      </trkpt>
      <trkpt lat="33.31319538876414" lon="130.32616211101413">
        <ele>19.4</ele>
      </trkpt>
      <trkpt lat="33.31319186836481" lon="130.3261094726622">
        <ele>19.6</ele>
      </trkpt>
      <trkpt lat="33.31318608485162" lon="130.3260645456612">
        <ele>19.6</ele>
      </trkpt>
      <trkpt lat="33.3131802175194" lon="130.32601039856672">
        <ele>19.8</ele>
      </trkpt>
      <trkpt lat="33.313172589987516" lon="130.32596731558442">
        <ele>20.0</ele>
      </trkpt>
      <trkpt lat="33.31316823139787" lon="130.3259151801467">
        <ele>20.2</ele>
      </trkpt>
      <trkpt lat="33.31315658055246" lon="130.3258731868118">
        <ele>20.2</ele>
      </trkpt>
      <trkpt lat="33.31315482035279" lon="130.32582381740212">
        <ele>20.4</ele>
      </trkpt>
      <trkpt lat="33.313151551410556" lon="130.32578257843852">
        <ele>20.6</ele>
      </trkpt>
      <trkpt lat="33.31315364688635" lon="130.32573010772467">
        <ele>20.6</ele>
      </trkpt>
      <trkpt lat="33.31314727663994" lon="130.32568811438978">
        <ele>20.8</ele>
      </trkpt>
      <trkpt lat="33.31314694136381" lon="130.32562877051532">
        <ele>21.0</ele>
      </trkpt>
      <trkpt lat="33.31313721835613" lon="130.32559155486524">
        <ele>21.0</ele>
      </trkpt>
      <trkpt lat="33.313136380165815" lon="130.32553405500948">
        <ele>21.0</ele>
      </trkpt>
      <trkpt lat="33.3131321053952" lon="130.32549591735005">
        <ele>21.2</ele>
      </trkpt>
      <trkpt lat="33.31313461996615" lon="130.32544059678912">
        <ele>21.2</ele>
      </trkpt>
      <trkpt lat="33.313129590824246" lon="130.32539818435907">
        <ele>21.2</ele>
      </trkpt>
      <trkpt lat="33.313125064596534" lon="130.3253411874175">
        <ele>21.2</ele>
      </trkpt>
      <trkpt lat="33.31311450339854" lon="130.32530380412936">
        <ele>21.2</ele>
      </trkpt>
      <trkpt lat="33.313111402094364" lon="130.32524831593037">
        <ele>21.4</ele>
      </trkpt>
      <trkpt lat="33.313097823411226" lon="130.32521001063287">
        <ele>21.4</ele>
      </trkpt>
      <trkpt lat="33.31309857778251" lon="130.32515292987227">
        <ele>21.4</ele>
      </trkpt>
      <trkpt lat="33.31309447064996" lon="130.32511646859348">
        <ele>21.4</ele>
      </trkpt>
      <trkpt lat="33.31309472210705" lon="130.32506383024156">
        <ele>21.2</ele>
      </trkpt>
      <trkpt lat="33.313088435679674" lon="130.3250242676586">
        <ele>21.2</ele>
      </trkpt>
      <trkpt lat="33.3130853343755" lon="130.32497556880116">
        <ele>21.2</ele>
      </trkpt>
      <trkpt lat="33.313075779005885" lon="130.3249336592853">
        <ele>21.2</ele>
      </trkpt>
      <trkpt lat="33.313071420416236" lon="130.3248837031424">
        <ele>21.2</ele>
      </trkpt>
      <trkpt lat="33.31306345760822" lon="130.3248392790556">
        <ele>21.2</ele>
      </trkpt>
      <trkpt lat="33.31306044012308" lon="130.32479208894074">
        <ele>21.0</ele>
      </trkpt>
      <trkpt lat="33.31305541098118" lon="130.32474749721587">
        <ele>21.0</ele>
      </trkpt>
      <trkpt lat="33.31305239349604" lon="130.3246891591698">
        <ele>21.0</ele>
      </trkpt>
      <trkpt lat="33.31304518505931" lon="130.3246463276446">
        <ele>21.0</ele>
      </trkpt>
      <trkpt lat="33.313040155917406" lon="130.32459637150168">
        <ele>21.0</ele>
      </trkpt>
      <trkpt lat="33.3130369707942" lon="130.32455370761454">
        <ele>21.0</ele>
      </trkpt>
      <trkpt lat="33.31303437240422" lon="130.32451070845127">
        <ele>21.0</ele>
      </trkpt>
      <trkpt lat="33.31302942708135" lon="130.32446552999318">
        <ele>21.0</ele>
      </trkpt>
      <trkpt lat="33.31302775070071" lon="130.32442018389702">
        <ele>21.0</ele>
      </trkpt>
      <trkpt lat="33.31302473321557" lon="130.32437433488667">
        <ele>21.0</ele>
      </trkpt>
      <trkpt lat="33.31301827915013" lon="130.32432806678116">
        <ele>21.0</ele>
      </trkpt>
      <trkpt lat="33.313014255836606" lon="130.32428414560854">
        <ele>21.0</ele>
      </trkpt>
      <trkpt lat="33.31300620920956" lon="130.32423787750304">
        <ele>21.0</ele>
      </trkpt>
      <trkpt lat="33.31300185061991" lon="130.32419035211205">
        <ele>21.0</ele>
      </trkpt>
      <trkpt lat="33.31299489364028" lon="130.32414374873042">
        <ele>21.0</ele>
      </trkpt>
      <trkpt lat="33.31299304962158" lon="130.3240945469588">
        <ele>21.0</ele>
      </trkpt>
      <trkpt lat="33.312987769022584" lon="130.3240443393588">
        <ele>21.0</ele>
      </trkpt>
      <trkpt lat="33.31298575736582" lon="130.32399455085397">
        <ele>21.0</ele>
      </trkpt>
      <trkpt lat="33.31297963857651" lon="130.32394610345364">
        <ele>21.0</ele>
      </trkpt>
      <trkpt lat="33.31297494471073" lon="130.32389857806265">
        <ele>21.0</ele>
      </trkpt>
      <trkpt lat="33.31296991556883" lon="130.32385155558586">
        <ele>20.8</ele>
      </trkpt>
      <trkpt lat="33.312967736274004" lon="130.32380361109972">
        <ele>20.8</ele>
      </trkpt>
      <trkpt lat="33.31296279095113" lon="130.32375885173678">
        <ele>20.8</ele>
      </trkpt>
      <trkpt lat="33.31295792944729" lon="130.3237129189074">
        <ele>20.8</ele>
      </trkpt>
      <trkpt lat="33.312951726838946" lon="130.32367025502026">
        <ele>20.6</ele>
      </trkpt>
      <trkpt lat="33.31294460222125" lon="130.3236119169742">
        <ele>20.6</ele>
      </trkpt>
      <trkpt lat="33.312938483431935" lon="130.32356506213546">
        <ele>20.6</ele>
      </trkpt>
      <trkpt lat="33.312937058508396" lon="130.32351292669773">
        <ele>20.6</ele>
      </trkpt>
      <trkpt lat="33.31293286755681" lon="130.3234655689448">
        <ele>20.6</ele>
      </trkpt>
      <trkpt lat="33.312931694090366" lon="130.32341234385967">
        <ele>20.6</ele>
      </trkpt>
      <trkpt lat="33.312928173691034" lon="130.32336859032512">
        <ele>20.6</ele>
      </trkpt>
      <trkpt lat="33.312926245853305" lon="130.32332005910575">
        <ele>20.6</ele>
      </trkpt>
      <trkpt lat="33.312921803444624" lon="130.32327270135283">
        <ele>20.6</ele>
      </trkpt>
      <trkpt lat="33.312922390177846" lon="130.3232226613909">
        <ele>20.6</ele>
      </trkpt>
      <trkpt lat="33.312916522845626" lon="130.32317572273314">
        <ele>20.6</ele>
      </trkpt>
      <trkpt lat="33.31291442736983" lon="130.323127778247">
        <ele>20.4</ele>
      </trkpt>
      <trkpt lat="33.312907721847296" lon="130.32308754511178">
        <ele>20.4</ele>
      </trkpt>
      <trkpt lat="33.312907135114074" lon="130.32304177992046">
        <ele>20.4</ele>
      </trkpt>
      <trkpt lat="33.31290076486766" lon="130.32300288788974">
        <ele>20.4</ele>
      </trkpt>
      <trkpt lat="33.31290252506733" lon="130.32294932752848">
        <ele>20.4</ele>
      </trkpt>
      <trkpt lat="33.312896490097046" lon="130.3229100164026">
        <ele>20.4</ele>
      </trkpt>
      <trkpt lat="33.31289221532643" lon="130.3228566236794">
        <ele>20.4</ele>
      </trkpt>
      <trkpt lat="33.312883162871" lon="130.32281789928675">
        <ele>20.4</ele>
      </trkpt>
      <trkpt lat="33.31288056448102" lon="130.32276400364935">
        <ele>20.4</ele>
      </trkpt>
      <trkpt lat="33.31287528388202" lon="130.32272695563734">
        <ele>20.4</ele>
      </trkpt>
      <trkpt lat="33.31287461332977" lon="130.3226753231138">
        <ele>20.4</ele>
      </trkpt>
      <trkpt lat="33.31286430358887" lon="130.32263584434986">
        <ele>20.4</ele>
      </trkpt>
      <trkpt lat="33.312862291932106" lon="130.32258027233183">
        <ele>20.4</ele>
      </trkpt>
      <trkpt lat="33.31285416148603" lon="130.32254087738693">
        <ele>20.4</ele>
      </trkpt>
      <trkpt lat="33.31285650841892" lon="130.32248170115054">
        <ele>20.4</ele>
      </trkpt>
      <trkpt lat="33.31284586340189" lon="130.3224451560527">
        <ele>20.4</ele>
      </trkpt>
      <trkpt lat="33.31284737214446" lon="130.32239402644336">
        <ele>20.4</ele>
      </trkpt>
      <trkpt lat="33.31283572129905" lon="130.32235890626907">
        <ele>20.4</ele>
      </trkpt>
      <trkpt lat="33.31283546984196" lon="130.32230501063168">
        <ele>20.4</ele>
      </trkpt>
      <trkpt lat="33.31282080151141" lon="130.32226896844804">
        <ele>20.2</ele>
      </trkpt>
      <trkpt lat="33.31281711347401" lon="130.3222146537155">
        <ele>20.2</ele>
      </trkpt>
      <trkpt lat="33.31280780956149" lon="130.3221745043993">
        <ele>20.2</ele>
      </trkpt>
      <trkpt lat="33.31280437298119" lon="130.3221176750958">
        <ele>20.2</ele>
      </trkpt>
      <trkpt lat="33.31279993057251" lon="130.32208532094955">
        <ele>20.2</ele>
      </trkpt>
      <trkpt lat="33.312790878117085" lon="130.32203209586442">
        <ele>20.6</ele>
      </trkpt>
      <trkpt lat="33.31278542988002" lon="130.3220048546791">
        <ele>20.6</ele>
      </trkpt>
      <trkpt lat="33.31278333440423" lon="130.32194475643337">
        <ele>20.6</ele>
      </trkpt>
      <trkpt lat="33.3127763774246" lon="130.32190695405006">
        <ele>20.6</ele>
      </trkpt>
      <trkpt lat="33.312775706872344" lon="130.3218528907746">
        <ele>20.6</ele>
      </trkpt>
      <trkpt lat="33.31276858225465" lon="130.32181433402002">
        <ele>20.6</ele>
      </trkpt>
      <trkpt lat="33.312765061855316" lon="130.32176052220166">
        <ele>20.6</ele>
      </trkpt>
      <trkpt lat="33.31275726668537" lon="130.3217204567045">
        <ele>20.6</ele>
      </trkpt>
      <trkpt lat="33.31275642849505" lon="130.32166723161936">
        <ele>20.4</ele>
      </trkpt>
      <trkpt lat="33.3127486333251" lon="130.3216306027025">
        <ele>20.4</ele>
      </trkpt>
      <trkpt lat="33.31274586729705" lon="130.32157679088414">
        <ele>20.2</ele>
      </trkpt>
      <trkpt lat="33.31273891031742" lon="130.32153848558664">
        <ele>20.4</ele>
      </trkpt>
      <trkpt lat="33.312734216451645" lon="130.32149146310985">
        <ele>20.2</ele>
      </trkpt>
      <trkpt lat="33.31272533163428" lon="130.32145231962204">
        <ele>20.2</ele>
      </trkpt>
      <trkpt lat="33.31272013485432" lon="130.3213975019753">
        <ele>20.2</ele>
      </trkpt>
      <trkpt lat="33.31270756199956" lon="130.32136087305844">
        <ele>20.2</ele>
      </trkpt>
      <trkpt lat="33.31270571798086" lon="130.32130412757397">
        <ele>20.2</ele>
      </trkpt>
      <trkpt lat="33.312704963609576" lon="130.32125995494425">
        <ele>20.2</ele>
      </trkpt>
      <trkpt lat="33.3127055503428" lon="130.32121209427714">
        <ele>20.2</ele>
      </trkpt>
      <trkpt lat="33.31270504742861" lon="130.3211630601436">
        <ele>20.4</ele>
      </trkpt>
      <trkpt lat="33.312697084620595" lon="130.32111746259034">
        <ele>20.4</ele>
      </trkpt>
      <trkpt lat="33.312690714374185" lon="130.32107437960804">
        <ele>20.4</ele>
      </trkpt>
      <trkpt lat="33.31268350593746" lon="130.32102467492223">
        <ele>20.4</ele>
      </trkpt>
      <trkpt lat="33.312673699110746" lon="130.32099056057632">
        <ele>20.4</ele>
      </trkpt>
      <trkpt lat="33.31266707740724" lon="130.320947393775">
        <ele>20.4</ele>
      </trkpt>
      <trkpt lat="33.31265861168504" lon="130.32090523280203">
        <ele>20.4</ele>
      </trkpt>
      <trkpt lat="33.31265911459923" lon="130.3208501636982">
        <ele>20.4</ele>
      </trkpt>
      <trkpt lat="33.31264788284898" lon="130.32080423086882">
        <ele>20.2</ele>
      </trkpt>
      <trkpt lat="33.31264218315482" lon="130.320751843974">
        <ele>20.0</ele>
      </trkpt>
      <trkpt lat="33.3126310352236" lon="130.32071320340037">
        <ele>19.4</ele>
      </trkpt>
      <trkpt lat="33.31262365914881" lon="130.32066827639937">
        <ele>19.4</ele>
      </trkpt>
      <trkpt lat="33.3126207254827" lon="130.32063089311123">
        <ele>19.4</ele>
      </trkpt>
      <trkpt lat="33.312616031616926" lon="130.3205811046064">
        <ele>19.6</ele>
      </trkpt>
      <trkpt lat="33.31261083483696" lon="130.32054036855698">
        <ele>19.6</ele>
      </trkpt>
      <trkpt lat="33.31260873936117" lon="130.32048932276666">
        <ele>19.8</ele>
      </trkpt>
      <trkpt lat="33.312602285295725" lon="130.32044841907918">
        <ele>20.0</ele>
      </trkpt>
      <trkpt lat="33.31260119564831" lon="130.32039552927017">
        <ele>20.0</ele>
      </trkpt>
      <trkpt lat="33.312593987211585" lon="130.32035336829722">
        <ele>19.8</ele>
      </trkpt>
      <trkpt lat="33.312592981383204" lon="130.3202996402979">
        <ele>19.6</ele>
      </trkpt>
      <trkpt lat="33.31258627586067" lon="130.32025462947786">
        <ele>19.8</ele>
      </trkpt>
      <trkpt lat="33.31258350983262" lon="130.32019930891693">
        <ele>19.8</ele>
      </trkpt>
      <trkpt lat="33.312575966119766" lon="130.3201588243246">
        <ele>19.6</ele>
      </trkpt>
      <trkpt lat="33.312575966119766" lon="130.32010761089623">
        <ele>19.6</ele>
      </trkpt>
      <trkpt lat="33.31256641075015" lon="130.3200710657984">
        <ele>19.8</ele>
      </trkpt>
      <trkpt lat="33.312562219798565" lon="130.3200208581984">
        <ele>19.8</ele>
      </trkpt>
      <trkpt lat="33.312553418800235" lon="130.3199809603393">
        <ele>19.8</ele>
      </trkpt>
      <trkpt lat="33.31254788674414" lon="130.31993301585317">
        <ele>19.8</ele>
      </trkpt>
      <trkpt lat="33.312538247555494" lon="130.3198934532702">
        <ele>19.8</ele>
      </trkpt>
      <trkpt lat="33.3125345595181" lon="130.31984131783247">
        <ele>19.8</ele>
      </trkpt>
      <trkpt lat="33.31252567470074" lon="130.31980250962079">
        <ele>19.8</ele>
      </trkpt>
      <trkpt lat="33.312521148473024" lon="130.31974894925952">
        <ele>19.8</ele>
      </trkpt>
      <trkpt lat="33.3125139400363" lon="130.3197150863707">
        <ele>19.8</ele>
      </trkpt>
      <trkpt lat="33.31250857561827" lon="130.31966127455235">
        <ele>20.0</ele>
      </trkpt>
      <trkpt lat="33.3124980982393" lon="130.31961928121746">
        <ele>19.8</ele>
      </trkpt>
      <trkpt lat="33.312492817640305" lon="130.3195657208562">
        <ele>20.0</ele>
      </trkpt>
      <trkpt lat="33.31248150207102" lon="130.31952599063516">
        <ele>20.0</ele>
      </trkpt>
      <trkpt lat="33.31248125061393" lon="130.31946681439877">
        <ele>20.0</ele>
      </trkpt>
      <trkpt lat="33.31246775574982" lon="130.31942892819643">
        <ele>19.8</ele>
      </trkpt>
      <trkpt lat="33.31246859394014" lon="130.31937327235937">
        <ele>19.8</ele>
      </trkpt>
      <trkpt lat="33.312461553141475" lon="130.319332620129">
        <ele>19.8</ele>
      </trkpt>
      <trkpt lat="33.312459122389555" lon="130.3192816581577">
        <ele>19.8</ele>
      </trkpt>
      <trkpt lat="33.31245115958154" lon="130.3192420117557">
        <ele>19.8</ele>
      </trkpt>
      <trkpt lat="33.31245040521026" lon="130.3191888704896">
        <ele>19.8</ele>
      </trkpt>
      <trkpt lat="33.312444034963846" lon="130.31914771534503">
        <ele>19.8</ele>
      </trkpt>
      <trkpt lat="33.312440011650324" lon="130.31909390352666">
        <ele>19.8</ele>
      </trkpt>
      <trkpt lat="33.31243104301393" lon="130.3190488088876">
        <ele>19.8</ele>
      </trkpt>
      <trkpt lat="33.31243204884231" lon="130.3189912252128">
        <ele>19.6</ele>
      </trkpt>
      <trkpt lat="33.31242970190942" lon="130.3189502377063">
        <ele>19.6</ele>
      </trkpt>
      <trkpt lat="33.312432803213596" lon="130.318893911317">
        <ele>19.6</ele>
      </trkpt>
      <trkpt lat="33.31242668442428" lon="130.31885359436274">
        <ele>19.6</ele>
      </trkpt>
      <trkpt lat="33.3124272711575" lon="130.318798776716">
        <ele>19.6</ele>
      </trkpt>
      <trkpt lat="33.31241964362562" lon="130.3187567833811">
        <ele>19.6</ele>
      </trkpt>
      <trkpt lat="33.31240757368505" lon="130.31870590522885">
        <ele>19.4</ele>
      </trkpt>
      <trkpt lat="33.312388211488724" lon="130.3186658397317">
        <ele>19.4</ele>
      </trkpt>
      <trkpt lat="33.31235929392278" lon="130.3186389338225">
        <ele>19.4</ele>
      </trkpt>
      <trkpt lat="33.3123273588717" lon="130.3186261933297">
        <ele>19.4</ele>
      </trkpt>
      <trkpt lat="33.312283186241984" lon="130.31861462630332">
        <ele>19.4</ele>
      </trkpt>
      <trkpt lat="33.31224957481027" lon="130.3186238463968">
        <ele>19.4</ele>
      </trkpt>
      <trkpt lat="33.31220271997154" lon="130.3186261933297">
        <ele>19.4</ele>
      </trkpt>
      <trkpt lat="33.312171287834644" lon="130.3186293784529">
        <ele>19.4</ele>
      </trkpt>
      <trkpt lat="33.3121235948056" lon="130.3186312224716">
        <ele>19.4</ele>
      </trkpt>
      <trkpt lat="33.31208839081228" lon="130.31864027492702">
        <ele>19.4</ele>
      </trkpt>
      <trkpt lat="33.312042877078056" lon="130.31864966265857">
        <ele>19.4</ele>
      </trkpt>
      <trkpt lat="33.312010522931814" lon="130.31865569762886">
        <ele>19.4</ele>
      </trkpt>
      <trkpt lat="33.311964590102434" lon="130.3186547756195">
        <ele>19.6</ele>
      </trkpt>
      <trkpt lat="33.311932319775224" lon="130.3186573740095">
        <ele>19.6</ele>
      </trkpt>
      <trkpt lat="33.31188806332648" lon="130.31865695491433">
        <ele>19.6</ele>
      </trkpt>
      <trkpt lat="33.31185436807573" lon="130.318666677922">
        <ele>19.6</ele>
      </trkpt>
      <trkpt lat="33.31181086599827" lon="130.31866659410298">
        <ele>19.6</ele>
      </trkpt>
      <trkpt lat="33.31178027205169" lon="130.31867899931967">
        <ele>19.6</ele>
      </trkpt>
      <trkpt lat="33.3117385301739" lon="130.31867916695774">
        <ele>19.6</ele>
      </trkpt>
      <trkpt lat="33.31170299090445" lon="130.3186872974038">
        <ele>19.6</ele>
      </trkpt>
      <trkpt lat="33.31165647134185" lon="130.31868972815573">
        <ele>19.6</ele>
      </trkpt>
      <trkpt lat="33.3116246201098" lon="130.3186994511634">
        <ele>19.6</ele>
      </trkpt>
      <trkpt lat="33.31157742999494" lon="130.3187052346766">
        <ele>19.6</ele>
      </trkpt>
      <trkpt lat="33.3115450758487" lon="130.31871336512268">
        <ele>19.6</ele>
      </trkpt>
      <trkpt lat="33.31149662844837" lon="130.31871495768428">
        <ele>19.6</ele>
      </trkpt>
      <trkpt lat="33.31146611832082" lon="130.3187184780836">
        <ele>19.6</ele>
      </trkpt>
      <trkpt lat="33.311417838558555" lon="130.3187173884362">
        <ele>19.6</ele>
      </trkpt>
      <trkpt lat="33.31138481386006" lon="130.31872459687293">
        <ele>19.6</ele>
      </trkpt>
      <trkpt lat="33.31134030595422" lon="130.31872325576842">
        <ele>19.6</ele>
      </trkpt>
      <trkpt lat="33.31130686216056" lon="130.31873356550932">
        <ele>19.6</ele>
      </trkpt>
      <trkpt lat="33.31126185134053" lon="130.31874127686024">
        <ele>19.6</ele>
      </trkpt>
      <trkpt lat="33.311233185231686" lon="130.31875024549663">
        <ele>19.8</ele>
      </trkpt>
      <trkpt lat="33.311190102249384" lon="130.31875276006758">
        <ele>19.8</ele>
      </trkpt>
      <trkpt lat="33.311162358149886" lon="130.3187615610659">
        <ele>19.8</ele>
      </trkpt>
      <trkpt lat="33.31111273728311" lon="130.31876717694104">
        <ele>20.0</ele>
      </trkpt>
      <trkpt lat="33.311078706756234" lon="130.31877966597676">
        <ele>20.0</ele>
      </trkpt>
      <trkpt lat="33.3110336959362" lon="130.3187810909003">
        <ele>20.0</ele>
      </trkpt>
      <trkpt lat="33.31099631264806" lon="130.318788215518">
        <ele>20.0</ele>
      </trkpt>
      <trkpt lat="33.31095037981868" lon="130.31878913752735">
        <ele>19.8</ele>
      </trkpt>
      <trkpt lat="33.31091718748212" lon="130.31879768706858">
        <ele>19.8</ele>
      </trkpt>
      <trkpt lat="33.310872595757246" lon="130.31880028545856">
        <ele>19.8</ele>
      </trkpt>
      <trkpt lat="33.31084242090583" lon="130.31880707480013">
        <ele>19.8</ele>
      </trkpt>
      <trkpt lat="33.31079799681902" lon="130.31880824826658">
        <ele>19.8</ele>
      </trkpt>
      <trkpt lat="33.31076036207378" lon="130.31882015056908">
        <ele>19.8</ele>
      </trkpt>
      <trkpt lat="33.310714764520526" lon="130.31881822273135">
        <ele>19.8</ele>
      </trkpt>
      <trkpt lat="33.310679057613015" lon="130.3188262693584">
        <ele>19.8</ele>
      </trkpt>
      <trkpt lat="33.31063287332654" lon="130.31882643699646">
        <ele>19.6</ele>
      </trkpt>
      <trkpt lat="33.31059607677162" lon="130.31883347779512">
        <ele>19.4</ele>
      </trkpt>
      <trkpt lat="33.310546875" lon="130.31883515417576">
        <ele>19.4</ele>
      </trkpt>
      <trkpt lat="33.31050496548414" lon="130.318843703717">
        <ele>19.2</ele>
      </trkpt>
      <trkpt lat="33.31045408733189" lon="130.31883934512734">
        <ele>19.2</ele>
      </trkpt>
      <trkpt lat="33.31042097881436" lon="130.31884881667793">
        <ele>19.0</ele>
      </trkpt>
      <trkpt lat="33.31037035211921" lon="130.31885015778244">
        <ele>19.0</ele>
      </trkpt>
      <trkpt lat="33.31033640541136" lon="130.31885677948594">
        <ele>19.0</ele>
      </trkpt>
      <trkpt lat="33.31029240041971" lon="130.31885728240013">
        <ele>19.0</ele>
      </trkpt>
      <trkpt lat="33.31025417894125" lon="130.31886918470263">
        <ele>18.8</ele>
      </trkpt>
      <trkpt lat="33.31020682118833" lon="130.3188746329397">
        <ele>18.8</ele>
      </trkpt>
      <trkpt lat="33.310170443728566" lon="130.31888402067125">
        <ele>18.6</ele>
      </trkpt>
      <trkpt lat="33.31012358888984" lon="130.31888913363218">
        <ele>18.6</ele>
      </trkpt>
      <trkpt lat="33.31009115092456" lon="130.3188989404589">
        <ele>18.6</ele>
      </trkpt>
      <trkpt lat="33.31004161387682" lon="130.31890648417175">
        <ele>18.6</ele>
      </trkpt>
      <trkpt lat="33.31000548787415" lon="130.31891813501716">
        <ele>18.6</ele>
      </trkpt>
      <trkpt lat="33.30995955504477" lon="130.31892173923552">
        <ele>18.6</ele>
      </trkpt>
      <trkpt lat="33.30992745235562" lon="130.31892878003418">
        <ele>18.6</ele>
      </trkpt>
      <trkpt lat="33.309880681335926" lon="130.3189317137003">
        <ele>18.4</ele>
      </trkpt>
      <trkpt lat="33.30984706990421" lon="130.31894026324153">
        <ele>18.4</ele>
      </trkpt>
      <trkpt lat="33.309800466522574" lon="130.31894219107926">
        <ele>18.4</ele>
      </trkpt>
      <trkpt lat="33.30976258032024" lon="130.31895199790597">
        <ele>18.4</ele>
      </trkpt>
      <trkpt lat="33.3097162283957" lon="130.31895174644887">
        <ele>18.4</ele>
      </trkpt>
      <trkpt lat="33.309682784602046" lon="130.31895937398076">
        <ele>18.4</ele>
      </trkpt>
      <trkpt lat="33.30964003689587" lon="130.31896071508527">
        <ele>18.4</ele>
      </trkpt>
      <trkpt lat="33.309605587273836" lon="130.3189639840275">
        <ele>18.2</ele>
      </trkpt>
      <trkpt lat="33.309562588110566" lon="130.3189647383988">
        <ele>18.2</ele>
      </trkpt>
      <trkpt lat="33.30952428281307" lon="130.31897236593068">
        <ele>18.2</ele>
      </trkpt>
      <trkpt lat="33.309479439631104" lon="130.31897513195872">
        <ele>18.2</ele>
      </trkpt>
      <trkpt lat="33.30944063141942" lon="130.3189856093377">
        <ele>18.0</ele>
      </trkpt>
      <trkpt lat="33.309396877884865" lon="130.31899315305054">
        <ele>18.0</ele>
      </trkpt>
      <trkpt lat="33.30935999751091" lon="130.31900195404887">
        <ele>18.0</ele>
      </trkpt>
      <trkpt lat="33.30931691452861" lon="130.31900689937174">
        <ele>17.8</ele>
      </trkpt>
      <trkpt lat="33.30927601084113" lon="130.3190149459988">
        <ele>17.8</ele>
      </trkpt>
      <trkpt lat="33.30923401750624" lon="130.31902014277875">
        <ele>17.8</ele>
      </trkpt>
      <trkpt lat="33.309196969494224" lon="130.3190274350345">
        <ele>17.8</ele>
      </trkpt>
      <trkpt lat="33.30915137194097" lon="130.31903305090964">
        <ele>17.8</ele>
      </trkpt>
      <trkpt lat="33.30911583267152" lon="130.31903606839478">
        <ele>17.8</ele>
      </trkpt>
      <trkpt lat="33.30907115712762" lon="130.31904151663184">
        <ele>17.8</ele>
      </trkpt>
      <trkpt lat="33.30903058871627" lon="130.31904478557408">
        <ele>17.8</ele>
      </trkpt>
      <trkpt lat="33.30898725427687" lon="130.31904797069728">
        <ele>17.8</ele>
      </trkpt>
      <trkpt lat="33.30894710496068" lon="130.31905207782984">
        <ele>17.8</ele>
      </trkpt>
      <trkpt lat="33.308907793834805" lon="130.3190559335053">
        <ele>17.8</ele>
      </trkpt>
      <trkpt lat="33.30886781215668" lon="130.31906188465655">
        <ele>17.8</ele>
      </trkpt>
      <trkpt lat="33.30882799811661" lon="130.31906272284687">
        <ele>17.8</ele>
      </trkpt>
      <trkpt lat="33.30879505723715" lon="130.31907085329294">
        <ele>17.8</ele>
      </trkpt>
      <trkpt lat="33.30875130370259" lon="130.31907085329294">
        <ele>17.6</ele>
      </trkpt>
      <trkpt lat="33.3087164349854" lon="130.31907772645354">
        <ele>17.6</ele>
      </trkpt>
      <trkpt lat="33.30867343582213" lon="130.31907965429127">
        <ele>17.6</ele>
      </trkpt>
      <trkpt lat="33.30863395705819" lon="130.31908904202282">
        <ele>17.6</ele>
      </trkpt>
      <trkpt lat="33.30858810804784" lon="130.31909231096506">
        <ele>17.6</ele>
      </trkpt>
      <trkpt lat="33.30854938365519" lon="130.31910153105855">
        <ele>17.6</ele>
      </trkpt>
      <trkpt lat="33.308507641777396" lon="130.3191035427153">
        <ele>17.4</ele>
      </trkpt>
      <trkpt lat="33.30847025848925" lon="130.31911058351398">
        <ele>17.4</ele>
      </trkpt>
      <trkpt lat="33.30842616967857" lon="130.31911058351398">
        <ele>17.4</ele>
      </trkpt>
      <trkpt lat="33.3083900436759" lon="130.3191214799881">
        <ele>17.6</ele>
      </trkpt>
      <trkpt lat="33.30834553577006" lon="130.31912349164486">
        <ele>17.6</ele>
      </trkpt>
      <trkpt lat="33.308306224644184" lon="130.31913329847157">
        <ele>17.6</ele>
      </trkpt>
      <trkpt lat="33.30826414749026" lon="130.31913505867124">
        <ele>17.4</ele>
      </trkpt>
      <trkpt lat="33.308228524401784" lon="130.3191410098225">
        <ele>17.4</ele>
      </trkpt>
      <trkpt lat="33.3081846870482" lon="130.31914033927023">
        <ele>17.2</ele>
      </trkpt>
      <trkpt lat="33.30814914777875" lon="130.31914729624987">
        <ele>17.2</ele>
      </trkpt>
      <trkpt lat="33.30810380168259" lon="130.31915022991598">
        <ele>17.0</ele>
      </trkpt>
      <trkpt lat="33.308068765327334" lon="130.3191606234759">
        <ele>17.0</ele>
      </trkpt>
      <trkpt lat="33.308021407574415" lon="130.319163473323">
        <ele>17.0</ele>
      </trkpt>
      <trkpt lat="33.30798955634236" lon="130.3191748727113">
        <ele>17.0</ele>
      </trkpt>
      <trkpt lat="33.30794345587492" lon="130.31917931511998">
        <ele>17.0</ele>
      </trkpt>
      <trkpt lat="33.307907581329346" lon="130.319189960137">
        <ele>17.0</ele>
      </trkpt>
      <trkpt lat="33.307862570509315" lon="130.31919197179377">
        <ele>17.2</ele>
      </trkpt>
      <trkpt lat="33.30782703123987" lon="130.3192002698779">
        <ele>17.0</ele>
      </trkpt>
      <trkpt lat="33.30777891911566" lon="130.3192002698779">
        <ele>17.0</ele>
      </trkpt>
      <trkpt lat="33.307742876932025" lon="130.31920362263918">
        <ele>17.0</ele>
      </trkpt>
      <trkpt lat="33.307696944102645" lon="130.3192073944956">
        <ele>17.0</ele>
      </trkpt>
      <trkpt lat="33.30766232684255" lon="130.3192131780088">
        <ele>17.0</ele>
      </trkpt>
      <trkpt lat="33.307615891098976" lon="130.31921460293233">
        <ele>17.0</ele>
      </trkpt>
      <trkpt lat="33.30757942982018" lon="130.3192200511694">
        <ele>17.0</ele>
      </trkpt>
      <trkpt lat="33.30753207206726" lon="130.31922206282616">
        <ele>16.8</ele>
      </trkpt>
      <trkpt lat="33.30750265158713" lon="130.3192298579961">
        <ele>16.8</ele>
      </trkpt>
      <trkpt lat="33.30745680257678" lon="130.31922834925354">
        <ele>16.6</ele>
      </trkpt>
      <trkpt lat="33.30742394551635" lon="130.31923497095704">
        <ele>16.6</ele>
      </trkpt>
      <trkpt lat="33.30737943761051" lon="130.31923631206155">
        <ele>16.6</ele>
      </trkpt>
      <trkpt lat="33.307349514216185" lon="130.31923798844218">
        <ele>16.4</ele>
      </trkpt>
      <trkpt lat="33.307306598871946" lon="130.3192377369851">
        <ele>16.6</ele>
      </trkpt>
      <trkpt lat="33.307272819802165" lon="130.31924536451697">
        <ele>16.6</ele>
      </trkpt>
      <trkpt lat="33.30723040737212" lon="130.31924771144986">
        <ele>16.6</ele>
      </trkpt>
      <trkpt lat="33.30719344317913" lon="130.31925751827657">
        <ele>16.6</ele>
      </trkpt>
      <trkpt lat="33.307147258892655" lon="130.31926011666656">
        <ele>16.6</ele>
      </trkpt>
      <trkpt lat="33.30711389891803" lon="130.31926724128425">
        <ele>16.6</ele>
      </trkpt>
      <trkpt lat="33.307069977745414" lon="130.3192676603794">
        <ele>16.8</ele>
      </trkpt>
      <trkpt lat="33.30704256892204" lon="130.31927411444485">
        <ele>16.8</ele>
      </trkpt>
      <trkpt lat="33.30700283870101" lon="130.31927838921547">
        <ele>16.8</ele>
      </trkpt>
      <trkpt lat="33.30697165802121" lon="130.31928492709994">
        <ele>16.8</ele>
      </trkpt>
      <trkpt lat="33.30692555755377" lon="130.31928123906255">
        <ele>16.8</ele>
      </trkpt>
      <trkpt lat="33.30688809044659" lon="130.31928651966155">
        <ele>16.8</ele>
      </trkpt>
      <trkpt lat="33.30683880485594" lon="130.31928517855704">
        <ele>16.8</ele>
      </trkpt>
      <trkpt lat="33.306803265586495" lon="130.31929364427924">
        <ele>16.8</ele>
      </trkpt>
      <trkpt lat="33.30675800330937" lon="130.31929255463183">
        <ele>16.8</ele>
      </trkpt>
      <trkpt lat="33.30672640353441" lon="130.3193004336208">
        <ele>16.8</ele>
      </trkpt>
      <trkpt lat="33.30667938105762" lon="130.3193011879921">
        <ele>16.8</ele>
      </trkpt>
      <trkpt lat="33.30664409324527" lon="130.31930236145854">
        <ele>16.8</ele>
      </trkpt>
      <trkpt lat="33.30659883096814" lon="130.3192990925163">
        <ele>16.8</ele>
      </trkpt>
      <trkpt lat="33.30656404606998" lon="130.3193025290966">
        <ele>16.8</ele>
      </trkpt>
      <trkpt lat="33.30651802942157" lon="130.31930211000144">
        <ele>16.8</ele>
      </trkpt>
      <trkpt lat="33.30648492090404" lon="130.3193109948188">
        <ele>17.0</ele>
      </trkpt>
      <trkpt lat="33.30644250847399" lon="130.31931795179844">
        <ele>16.8</ele>
      </trkpt>
      <trkpt lat="33.306410405784845" lon="130.31932407058775">
        <ele>17.0</ele>
      </trkpt>
      <trkpt lat="33.30636749044061" lon="130.31932247802615">
        <ele>16.8</ele>
      </trkpt>
      <trkpt lat="33.30632692202926" lon="130.31932943500578">
        <ele>17.0</ele>
      </trkpt>
      <trkpt lat="33.3062868565321" lon="130.31933069229126">
        <ele>16.8</ele>
      </trkpt>
      <trkpt lat="33.30625282600522" lon="130.31933329068124">
        <ele>16.8</ele>
      </trkpt>
      <trkpt lat="33.30621468834579" lon="130.31933756545186">
        <ele>16.8</ele>
      </trkpt>
      <trkpt lat="33.306177807971835" lon="130.31934527680278">
        <ele>16.8</ele>
      </trkpt>
      <trkpt lat="33.3061380777508" lon="130.3193572629243">
        <ele>16.8</ele>
      </trkpt>
      <trkpt lat="33.306101029738784" lon="130.3193630464375">
        <ele>16.8</ele>
      </trkpt>
      <trkpt lat="33.306061467155814" lon="130.31936891376972">
        <ele>16.8</ele>
      </trkpt>
      <trkpt lat="33.30602316185832" lon="130.31937377527356">
        <ele>16.8</ele>
      </trkpt>
      <trkpt lat="33.30598276108503" lon="130.31938081607223">
        <ele>16.8</ele>
      </trkpt>
      <trkpt lat="33.30594562925398" lon="130.31938106752932">
        <ele>16.8</ele>
      </trkpt>
      <trkpt lat="33.30590506084263" lon="130.31938307918608">
        <ele>16.8</ele>
      </trkpt>
      <trkpt lat="33.305866504088044" lon="130.3193878568709">
        <ele>16.8</ele>
      </trkpt>
      <trkpt lat="33.305825516581535" lon="130.31939255073667">
        <ele>16.8</ele>
      </trkpt>
      <trkpt lat="33.30578704364598" lon="130.31939682550728">
        <ele>16.8</ele>
      </trkpt>
      <trkpt lat="33.305742368102074" lon="130.31939892098308">
        <ele>16.8</ele>
      </trkpt>
      <trkpt lat="33.30570473335683" lon="130.31940545886755">
        <ele>17.0</ele>
      </trkpt>
      <trkpt lat="33.305666176602244" lon="130.31940788961947">
        <ele>17.0</ele>
      </trkpt>
      <trkpt lat="33.30562502145767" lon="130.31941199675202">
        <ele>17.0</ele>
      </trkpt>
      <trkpt lat="33.30558579415083" lon="130.31941602006555">
        <ele>17.0</ele>
      </trkpt>
      <trkpt lat="33.305547991767526" lon="130.31941752880812">
        <ele>17.0</ele>
      </trkpt>
      <trkpt lat="33.30550809390843" lon="130.31942264176905">
        <ele>17.0</ele>
      </trkpt>
      <trkpt lat="33.30546920187771" lon="130.31942423433065">
        <ele>17.0</ele>
      </trkpt>
      <trkpt lat="33.305430226027966" lon="130.31943429261446">
        <ele>17.0</ele>
      </trkpt>
      <trkpt lat="33.30538781359792" lon="130.31943848356605">
        <ele>16.8</ele>
      </trkpt>
      <trkpt lat="33.30535185523331" lon="130.31944904476404">
        <ele>16.8</ele>
      </trkpt>
      <trkpt lat="33.30530491657555" lon="130.31945541501045">
        <ele>16.8</ele>
      </trkpt>
      <trkpt lat="33.30526200123131" lon="130.31946932896972">
        <ele>16.8</ele>
      </trkpt>
      <trkpt lat="33.30522185191512" lon="130.31945751048625">
        <ele>16.6</ele>
      </trkpt>
      <trkpt lat="33.30520601011813" lon="130.31942339614034">
        <ele>16.6</ele>
      </trkpt>
      <trkpt lat="33.305221516638994" lon="130.31939774751663">
        <ele>16.4</ele>
      </trkpt>
      <trkpt lat="33.305249428376555" lon="130.31938224099576">
        <ele>16.4</ele>
      </trkpt>
      <trkpt lat="33.30529108643532" lon="130.31937805004418">
        <ele>16.4</ele>
      </trkpt>
      <trkpt lat="33.30532972700894" lon="130.31937109306455">
        <ele>16.4</ele>
      </trkpt>
      <trkpt lat="33.3053750731051" lon="130.3193672373891">
        <ele>16.2</ele>
      </trkpt>
      <trkpt lat="33.305413546040654" lon="130.31935768201947">
        <ele>16.2</ele>
      </trkpt>
      <trkpt lat="33.30545696429908" lon="130.31935843639076">
        <ele>16.4</ele>
      </trkpt>
      <trkpt lat="33.30549099482596" lon="130.3193524852395">
        <ele>16.4</ele>
      </trkpt>
      <trkpt lat="33.30553944222629" lon="130.31935256905854">
        <ele>16.4</ele>
      </trkpt>
      <trkpt lat="33.305574813857675" lon="130.3193453606218">
        <ele>16.4</ele>
      </trkpt>
      <trkpt lat="33.30561772920191" lon="130.31934628263116">
        <ele>16.4</ele>
      </trkpt>
      <trkpt lat="33.30564849078655" lon="130.3193360567093">
        <ele>16.4</ele>
      </trkpt>
      <trkpt lat="33.30569006502628" lon="130.3193302731961">
        <ele>16.4</ele>
      </trkpt>
      <trkpt lat="33.30572694540024" lon="130.31932247802615">
        <ele>16.2</ele>
      </trkpt>
      <trkpt lat="33.30577111802995" lon="130.3193244896829">
        <ele>16.2</ele>
      </trkpt>
      <trkpt lat="33.30580489709973" lon="130.31931669451296">
        <ele>16.2</ele>
      </trkpt>
      <trkpt lat="33.30584881827235" lon="130.31931594014168">
        <ele>16.2</ele>
      </trkpt>
      <trkpt lat="33.305883184075356" lon="130.31930864788592">
        <ele>16.2</ele>
      </trkpt>
      <trkpt lat="33.30592459067702" lon="130.31930931843817">
        <ele>16.2</ele>
      </trkpt>
      <trkpt lat="33.3059586212039" lon="130.319300936535">
        <ele>16.2</ele>
      </trkpt>
      <trkpt lat="33.30600505694747" lon="130.3192988410592">
        <ele>16.2</ele>
      </trkpt>
      <trkpt lat="33.30604218877852" lon="130.31929213553667">
        <ele>16.2</ele>
      </trkpt>
      <trkpt lat="33.30608803778887" lon="130.31928945332766">
        <ele>16.2</ele>
      </trkpt>
      <trkpt lat="33.306123996153474" lon="130.31928685493767">
        <ele>16.0</ele>
      </trkpt>
      <trkpt lat="33.30616791732609" lon="130.3192869387567">
        <ele>16.2</ele>
      </trkpt>
      <trkpt lat="33.30620010383427" lon="130.3192808199674">
        <ele>16.2</ele>
      </trkpt>
      <trkpt lat="33.30624486319721" lon="130.31927931122482">
        <ele>16.2</ele>
      </trkpt>
      <trkpt lat="33.30627864226699" lon="130.31927277334034">
        <ele>16.2</ele>
      </trkpt>
      <trkpt lat="33.306320467963815" lon="130.31926992349327">
        <ele>16.2</ele>
      </trkpt>
      <trkpt lat="33.30635231919587" lon="130.31926112249494">
        <ele>16.4</ele>
      </trkpt>
      <trkpt lat="33.306391881778836" lon="130.31926221214235">
        <ele>16.4</ele>
      </trkpt>
      <trkpt lat="33.30642775632441" lon="130.31925408169627">
        <ele>16.4</ele>
      </trkpt>
      <trkpt lat="33.306468576192856" lon="130.31925408169627">
        <ele>16.4</ele>
      </trkpt>
      <trkpt lat="33.30650260671973" lon="130.319248046726">
        <ele>16.4</ele>
      </trkpt>
      <trkpt lat="33.306550886482" lon="130.31925005838275">
        <ele>16.6</ele>
      </trkpt>
      <trkpt lat="33.30658843740821" lon="130.3192425146699">
        <ele>16.6</ele>
      </trkpt>
      <trkpt lat="33.306635627523065" lon="130.319242766127">
        <ele>16.6</ele>
      </trkpt>
      <trkpt lat="33.306668400764465" lon="130.3192425146699">
        <ele>16.6</ele>
      </trkpt>
      <trkpt lat="33.30670762807131" lon="130.31924486160278">
        <ele>16.6</ele>
      </trkpt>
      <trkpt lat="33.30673939548433" lon="130.31923706643283">
        <ele>16.6</ele>
      </trkpt>
      <trkpt lat="33.306783232837915" lon="130.31923865899444">
        <ele>16.6</ele>
      </trkpt>
      <trkpt lat="33.30681558698416" lon="130.3192274272442">
        <ele>16.8</ele>
      </trkpt>
      <trkpt lat="33.30685925669968" lon="130.31922600232065">
        <ele>16.8</ele>
      </trkpt>
      <trkpt lat="33.306894460693" lon="130.31921829096973">
        <ele>16.8</ele>
      </trkpt>
      <trkpt lat="33.30693586729467" lon="130.31921879388392">
        <ele>16.8</ele>
      </trkpt>
      <trkpt lat="33.30697174184024" lon="130.31921275891364">
        <ele>17.0</ele>
      </trkpt>
      <trkpt lat="33.30701314844191" lon="130.31920932233334">
        <ele>17.0</ele>
      </trkpt>
      <trkpt lat="33.307055896148086" lon="130.31920412555337">
        <ele>17.0</ele>
      </trkpt>
      <trkpt lat="33.30709713511169" lon="130.31920060515404">
        <ele>17.0</ele>
      </trkpt>
      <trkpt lat="33.30713493749499" lon="130.31919775530696">
        <ele>17.0</ele>
      </trkpt>
      <trkpt lat="33.30717441625893" lon="130.31920018605888">
        <ele>17.0</ele>
      </trkpt>
      <trkpt lat="33.3072121348232" lon="130.31919540837407">
        <ele>17.0</ele>
      </trkpt>
      <trkpt lat="33.307248344644904" lon="130.3191915526986">
        <ele>17.0</ele>
      </trkpt>
      <trkpt lat="33.307291343808174" lon="130.31918476335704">
        <ele>17.0</ele>
      </trkpt>
      <trkpt lat="33.30733258277178" lon="130.31917369924486">
        <ele>17.0</ele>
      </trkpt>
      <trkpt lat="33.3073762524873" lon="130.3191690891981">
        <ele>17.0</ele>
      </trkpt>
      <trkpt lat="33.30741464160383" lon="130.319166155532">
        <ele>17.0</ele>
      </trkpt>
      <trkpt lat="33.307457976043224" lon="130.31916573643684">
        <ele>17.0</ele>
      </trkpt>
      <trkpt lat="33.30749234184623" lon="130.31916053965688">
        <ele>17.0</ele>
      </trkpt>
      <trkpt lat="33.30753659829497" lon="130.31916263513267">
        <ele>17.0</ele>
      </trkpt>
      <trkpt lat="33.30757565796375" lon="130.31915651634336">
        <ele>17.0</ele>
      </trkpt>
      <trkpt lat="33.30762343481183" lon="130.31916280277073">
        <ele>17.0</ele>
      </trkpt>
      <trkpt lat="33.307660231366754" lon="130.3191571868956">
        <ele>17.0</ele>
      </trkpt>
      <trkpt lat="33.30770490691066" lon="130.3191524092108">
        <ele>17.0</ele>
      </trkpt>
      <trkpt lat="33.3077391050756" lon="130.31914277002215">
        <ele>17.0</ele>
      </trkpt>
      <trkpt lat="33.30778663046658" lon="130.3191407583654">
        <ele>17.2</ele>
      </trkpt>
      <trkpt lat="33.30782619304955" lon="130.31913346610963">
        <ele>17.2</ele>
      </trkpt>
      <trkpt lat="33.30787321552634" lon="130.31913321465254">
        <ele>17.2</ele>
      </trkpt>
      <trkpt lat="33.30790238454938" lon="130.3191294427961">
        <ele>17.2</ele>
      </trkpt>
      <trkpt lat="33.307948652654886" lon="130.31912986189127">
        <ele>17.2</ele>
      </trkpt>
      <trkpt lat="33.307977905496955" lon="130.31911636702716">
        <ele>17.2</ele>
      </trkpt>
      <trkpt lat="33.308020401746035" lon="130.31910966150463">
        <ele>17.2</ele>
      </trkpt>
      <trkpt lat="33.308060551062226" lon="130.31910371035337">
        <ele>17.2</ele>
      </trkpt>
      <trkpt lat="33.30810874700546" lon="130.3190960828215">
        <ele>17.2</ele>
      </trkpt>
      <trkpt lat="33.30813850276172" lon="130.31909390352666">
        <ele>17.4</ele>
      </trkpt>
      <trkpt lat="33.308183094486594" lon="130.3190887067467">
        <ele>17.4</ele>
      </trkpt>
      <trkpt lat="33.30821670591831" lon="130.31908141449094">
        <ele>17.4</ele>
      </trkpt>
      <trkpt lat="33.30826414749026" lon="130.31908418051898">
        <ele>17.6</ele>
      </trkpt>
      <trkpt lat="33.30829951912165" lon="130.3190836776048">
        <ele>17.6</ele>
      </trkpt>
      <trkpt lat="33.30834469757974" lon="130.31908200122416">
        <ele>17.6</ele>
      </trkpt>
      <trkpt lat="33.308379063382745" lon="130.31906842254102">
        <ele>17.4</ele>
      </trkpt>
      <trkpt lat="33.30842231400311" lon="130.31906498596072">
        <ele>17.4</ele>
      </trkpt>
      <trkpt lat="33.30845793709159" lon="130.31905534677207">
        <ele>17.4</ele>
      </trkpt>
      <trkpt lat="33.3085023611784" lon="130.3190540894866">
        <ele>17.6</ele>
      </trkpt>
      <trkpt lat="33.3085369784385" lon="130.31904713250697">
        <ele>17.6</ele>
      </trkpt>
      <trkpt lat="33.30857461318374" lon="130.31904453411698">
        <ele>17.6</ele>
      </trkpt>
      <trkpt lat="33.308605793863535" lon="130.3190371580422">
        <ele>17.6</ele>
      </trkpt>
      <trkpt lat="33.308643847703934" lon="130.3190371580422">
        <ele>17.6</ele>
      </trkpt>
      <trkpt lat="33.30867284908891" lon="130.31902642920613">
        <ele>17.6</ele>
      </trkpt>
      <trkpt lat="33.30871517769992" lon="130.31902626156807">
        <ele>17.6</ele>
      </trkpt>
      <trkpt lat="33.30874627456069" lon="130.3190218191594">
        <ele>17.6</ele>
      </trkpt>
      <trkpt lat="33.3087872620672" lon="130.31902123242617">
        <ele>17.6</ele>
      </trkpt>
      <trkpt lat="33.3088181912899" lon="130.31900564208627">
        <ele>17.8</ele>
      </trkpt>
      <trkpt lat="33.308867225423455" lon="130.31900220550597">
        <ele>17.8</ele>
      </trkpt>
      <trkpt lat="33.30890100449324" lon="130.3189882915467">
        <ele>17.8</ele>
      </trkpt>
      <trkpt lat="33.308945344761014" lon="130.3189819213003">
        <ele>17.8</ele>
      </trkpt>
      <trkpt lat="33.30898096784949" lon="130.31897856853902">
        <ele>18.0</ele>
      </trkpt>
      <trkpt lat="33.309024050831795" lon="130.3189745452255">
        <ele>18.0</ele>
      </trkpt>
      <trkpt lat="33.30905766226351" lon="130.31897806562483">
        <ele>18.0</ele>
      </trkpt>
      <trkpt lat="33.30909957177937" lon="130.3189711086452">
        <ele>18.0</ele>
      </trkpt>
      <trkpt lat="33.309137457981706" lon="130.3189660795033">
        <ele>18.0</ele>
      </trkpt>
      <trkpt lat="33.30918297171593" lon="130.3189587034285">
        <ele>18.0</ele>
      </trkpt>
      <trkpt lat="33.30921675078571" lon="130.31895677559078">
        <ele>18.2</ele>
      </trkpt>
      <trkpt lat="33.3092587441206" lon="130.31895384192467">
        <ele>18.2</ele>
      </trkpt>
      <trkpt lat="33.3092949539423" lon="130.3189562726766">
        <ele>18.2</ele>
      </trkpt>
      <trkpt lat="33.30933568999171" lon="130.31894931569695">
        <ele>18.4</ele>
      </trkpt>
      <trkpt lat="33.30937215127051" lon="130.3189523331821">
        <ele>18.4</ele>
      </trkpt>
      <trkpt lat="33.309408109635115" lon="130.31893900595605">
        <ele>18.4</ele>
      </trkpt>
      <trkpt lat="33.309444738551974" lon="130.31893112696707">
        <ele>18.4</ele>
      </trkpt>
      <trkpt lat="33.30948505550623" lon="130.31892073340714">
        <ele>18.4</ele>
      </trkpt>
      <trkpt lat="33.30951732583344" lon="130.31891277059913">
        <ele>18.4</ele>
      </trkpt>
      <trkpt lat="33.309557642787695" lon="130.31890497542918">
        <ele>18.4</ele>
      </trkpt>
      <trkpt lat="33.30959075130522" lon="130.31889885663986">
        <ele>18.6</ele>
      </trkpt>
      <trkpt lat="33.30962645821273" lon="130.31889072619379">
        <ele>18.6</ele>
      </trkpt>
      <trkpt lat="33.30966107547283" lon="130.318886032328">
        <ele>18.6</ele>
      </trkpt>
      <trkpt lat="33.30969527363777" lon="130.3188815061003">
        <ele>18.6</ele>
      </trkpt>
      <trkpt lat="33.30973818898201" lon="130.31887848861516">
        <ele>18.6</ele>
      </trkpt>
      <trkpt lat="33.3097730576992" lon="130.3188743814826">
        <ele>18.8</ele>
      </trkpt>
      <trkpt lat="33.30981312319636" lon="130.31887337565422">
        <ele>18.8</ele>
      </trkpt>
      <trkpt lat="33.30984698608518" lon="130.31886667013168">
        <ele>18.8</ele>
      </trkpt>
      <trkpt lat="33.30988856032491" lon="130.31886633485556">
        <ele>18.8</ele>
      </trkpt>
      <trkpt lat="33.30991990864277" lon="130.3188582882285">
        <ele>18.8</ele>
      </trkpt>
      <trkpt lat="33.30996450036764" lon="130.31885728240013">
        <ele>18.8</ele>
      </trkpt>
      <trkpt lat="33.30999827943742" lon="130.31885158270597">
        <ele>18.8</ele>
      </trkpt>
      <trkpt lat="33.310039434581995" lon="130.31885091215372">
        <ele>18.8</ele>
      </trkpt>
      <trkpt lat="33.310075141489506" lon="130.3188432008028">
        <ele>18.8</ele>
      </trkpt>
      <trkpt lat="33.31011797301471" lon="130.3188405185938">
        <ele>18.8</ele>
      </trkpt>
      <trkpt lat="33.31015091389418" lon="130.31883398070931">
        <ele>18.8</ele>
      </trkpt>
      <trkpt lat="33.31019466742873" lon="130.31883096322417">
        <ele>19.0</ele>
      </trkpt>
      <trkpt lat="33.31022978760302" lon="130.3188159596175">
        <ele>19.0</ele>
      </trkpt>
      <trkpt lat="33.3102757204324" lon="130.318814618513">
        <ele>19.0</ele>
      </trkpt>
      <trkpt lat="33.31031436100602" lon="130.31880824826658">
        <ele>19.0</ele>
      </trkpt>
      <trkpt lat="33.310353672131896" lon="130.31881285831332">
        <ele>19.0</ele>
      </trkpt>
      <trkpt lat="33.31039155833423" lon="130.31880657188594">
        <ele>19.0</ele>
      </trkpt>
      <trkpt lat="33.31043489277363" lon="130.3188046440482">
        <ele>19.0</ele>
      </trkpt>
      <trkpt lat="33.3104691747576" lon="130.31880095601082">
        <ele>19.2</ele>
      </trkpt>
      <trkpt lat="33.310512509197" lon="130.3187998663634">
        <ele>19.4</ele>
      </trkpt>
      <trkpt lat="33.31054628826678" lon="130.31878804787993">
        <ele>19.4</ele>
      </trkpt>
      <trkpt lat="33.31058786250651" lon="130.3187852818519">
        <ele>19.6</ele>
      </trkpt>
      <trkpt lat="33.3106211386621" lon="130.31877706758678">
        <ele>19.6</ele>
      </trkpt>
      <trkpt lat="33.31066011451185" lon="130.31877405010164">
        <ele>19.8</ele>
      </trkpt>
      <trkpt lat="33.310693223029375" lon="130.31876558437943">
        <ele>20.0</ele>
      </trkpt>
      <trkpt lat="33.31073580309749" lon="130.31876080669463">
        <ele>20.2</ele>
      </trkpt>
      <trkpt lat="33.31077410839498" lon="130.31875502318144">
        <ele>20.2</ele>
      </trkpt>
      <trkpt lat="33.31081551499665" lon="130.3187528438866">
        <ele>20.2</ele>
      </trkpt>
      <trkpt lat="33.31085122190416" lon="130.3187414444983">
        <ele>20.4</ele>
      </trkpt>
      <trkpt lat="33.31089321523905" lon="130.31873708590865">
        <ele>20.4</ele>
      </trkpt>
      <trkpt lat="33.310929760336876" lon="130.31872568652034">
        <ele>20.6</ele>
      </trkpt>
      <trkpt lat="33.31097485497594" lon="130.31871822662652">
        <ele>20.6</ele>
      </trkpt>
      <trkpt lat="33.311006873846054" lon="130.3187047317624">
        <ele>20.6</ele>
      </trkpt>
      <trkpt lat="33.31105180084705" lon="130.31869919970632">
        <ele>20.6</ele>
      </trkpt>
      <trkpt lat="33.31108725629747" lon="130.31869232654572">
        <ele>20.8</ele>
      </trkpt>
      <trkpt lat="33.311130590736866" lon="130.31869065016508">
        <ele>20.8</ele>
      </trkpt>
      <trkpt lat="33.311163699254394" lon="130.31868176534772">
        <ele>20.8</ele>
      </trkpt>
      <trkpt lat="33.31120619550347" lon="130.3186846151948">
        <ele>20.8</ele>
      </trkpt>
      <trkpt lat="33.31124081276357" lon="130.31867715530097">
        <ele>20.8</ele>
      </trkpt>
      <trkpt lat="33.311281548812985" lon="130.3186724614352">
        <ele>21.0</ele>
      </trkpt>
      <trkpt lat="33.31131650134921" lon="130.31866332516074">
        <ele>21.0</ele>
      </trkpt>
      <trkpt lat="33.311361595988274" lon="130.3186655882746">
        <ele>21.0</ele>
      </trkpt>
      <trkpt lat="33.31140107475221" lon="130.3186579607427">
        <ele>21.0</ele>
      </trkpt>
      <trkpt lat="33.31144968979061" lon="130.3186634927988">
        <ele>21.0</ele>
      </trkpt>
      <trkpt lat="33.31148196011782" lon="130.3186502493918">
        <ele>21.0</ele>
      </trkpt>
      <trkpt lat="33.31152504310012" lon="130.3186489082873">
        <ele>21.0</ele>
      </trkpt>
      <trkpt lat="33.311555134132504" lon="130.31863885000348">
        <ele>21.0</ele>
      </trkpt>
      <trkpt lat="33.311596205458045" lon="130.31863474287093">
        <ele>21.0</ele>
      </trkpt>
      <trkpt lat="33.31162755377591" lon="130.3186235949397">
        <ele>21.0</ele>
      </trkpt>
      <trkpt lat="33.311670050024986" lon="130.31861864961684">
        <ele>21.0</ele>
      </trkpt>
      <trkpt lat="33.311703745275736" lon="130.3186132851988">
        <ele>21.0</ele>
      </trkpt>
      <trkpt lat="33.31174951046705" lon="130.3186055738479">
        <ele>21.0</ele>
      </trkpt>
      <trkpt lat="33.31178513355553" lon="130.318595264107">
        <ele>21.0</ele>
      </trkpt>
      <trkpt lat="33.311827797442675" lon="130.31859090551734">
        <ele>20.8</ele>
      </trkpt>
      <trkpt lat="33.31186073832214" lon="130.3185815177858">
        <ele>20.8</ele>
      </trkpt>
      <trkpt lat="33.31190147437155" lon="130.3185754828155">
        <ele>20.8</ele>
      </trkpt>
      <trkpt lat="33.31193458288908" lon="130.31857028603554">
        <ele>20.8</ele>
      </trkpt>
      <trkpt lat="33.311979342252016" lon="130.31856559216976">
        <ele>20.8</ele>
      </trkpt>
      <trkpt lat="33.312013456597924" lon="130.31856106594205">
        <ele>20.6</ele>
      </trkpt>
      <trkpt lat="33.312061401084065" lon="130.31855494715273">
        <ele>20.6</ele>
      </trkpt>
      <trkpt lat="33.3121011313051" lon="130.31855444423854">
        <ele>20.6</ele>
      </trkpt>
      <trkpt lat="33.31214119680226" lon="130.31854706816375">
        <ele>20.6</ele>
      </trkpt>
      <trkpt lat="33.31217656843364" lon="130.31854371540248">
        <ele>20.6</ele>
      </trkpt>
      <trkpt lat="33.31221948377788" lon="130.31853650696576">
        <ele>20.6</ele>
      </trkpt>
      <trkpt lat="33.31225669942796" lon="130.31853918917477">
        <ele>20.6</ele>
      </trkpt>
      <trkpt lat="33.3122977707535" lon="130.31852862797678">
        <ele>20.6</ele>
      </trkpt>
      <trkpt lat="33.31233297474682" lon="130.31851429492235">
        <ele>20.6</ele>
      </trkpt>
      <trkpt lat="33.31236373633146" lon="130.31848546117544">
        <ele>20.6</ele>
      </trkpt>
      <trkpt lat="33.31238167360425" lon="130.31844640150666">
        <ele>20.8</ele>
      </trkpt>
      <trkpt lat="33.31239541992545" lon="130.31839778646827">
        <ele>20.8</ele>
      </trkpt>
      <trkpt lat="33.3123979344964" lon="130.31834850087762">
        <ele>20.8</ele>
      </trkpt>
      <trkpt lat="33.31239240244031" lon="130.31829988583922">
        <ele>20.8</ele>
      </trkpt>
      <trkpt lat="33.31238511018455" lon="130.3182509355247">
        <ele>20.8</ele>
      </trkpt>
      <trkpt lat="33.31237488426268" lon="130.31820609234273">
        <ele>20.8</ele>
      </trkpt>
      <trkpt lat="33.312369687482715" lon="130.31816074624658">
        <ele>20.8</ele>
      </trkpt>
      <trkpt lat="33.3123617246747" lon="130.31812051311135">
        <ele>20.8</ele>
      </trkpt>
      <trkpt lat="33.31235594116151" lon="130.3180754184723">
        <ele>20.6</ele>
      </trkpt>
      <trkpt lat="33.31234789453447" lon="130.31803535297513">
        <ele>20.8</ele>
      </trkpt>
      <trkpt lat="33.312348229810596" lon="130.31798472627997">
        <ele>20.6</ele>
      </trkpt>
      <trkpt lat="33.31234127283096" lon="130.31794893555343">
        <ele>20.6</ele>
      </trkpt>
      <trkpt lat="33.31234160810709" lon="130.31789721921086">
        <ele>20.6</ele>
      </trkpt>
      <trkpt lat="33.31233515404165" lon="130.31785463914275">
        <ele>20.6</ele>
      </trkpt>
      <trkpt lat="33.312334064394236" lon="130.31780418008566">
        <ele>20.6</ele>
      </trkpt>
      <trkpt lat="33.312323335558176" lon="130.3177664615214">
        <ele>20.6</ele>
      </trkpt>
      <trkpt lat="33.31232543103397" lon="130.31771147623658">
        <ele>20.6</ele>
      </trkpt>
      <trkpt lat="33.31232308410108" lon="130.31767124310136">
        <ele>20.6</ele>
      </trkpt>
      <trkpt lat="33.312325179576874" lon="130.31761935912073">
        <ele>20.6</ele>
      </trkpt>
      <trkpt lat="33.312318390235305" lon="130.3175833169371">
        <ele>20.8</ele>
      </trkpt>
      <trkpt lat="33.31231654621661" lon="130.3175323549658">
        <ele>20.6</ele>
      </trkpt>
      <trkpt lat="33.31230548210442" lon="130.31749446876347">
        <ele>20.6</ele>
      </trkpt>
      <trkpt lat="33.31230011768639" lon="130.3174411598593">
        <ele>20.6</ele>
      </trkpt>
      <trkpt lat="33.31228989176452" lon="130.31740620732307">
        <ele>20.6</ele>
      </trkpt>
      <trkpt lat="33.312291568145156" lon="130.31735591590405">
        <ele>20.6</ele>
      </trkpt>
      <trkpt lat="33.31228536553681" lon="130.31731626950204">
        <ele>20.6</ele>
      </trkpt>
      <trkpt lat="33.31227916292846" lon="130.3172690793872">
        <ele>20.6</ele>
      </trkpt>
      <trkpt lat="33.3122702781111" lon="130.31722884625196">
        <ele>20.6</ele>
      </trkpt>
      <trkpt lat="33.312268098816276" lon="130.3171837516129">
        <ele>20.6</ele>
      </trkpt>
      <trkpt lat="33.312266087159514" lon="130.31714083626866">
        <ele>20.6</ele>
      </trkpt>
      <trkpt lat="33.3122649975121" lon="130.31709029339254">
        <ele>20.6</ele>
      </trkpt>
      <trkpt lat="33.31225770525634" lon="130.31704955734313">
        <ele>20.6</ele>
      </trkpt>
      <trkpt lat="33.31224664114416" lon="130.31700261868536">
        <ele>20.8</ele>
      </trkpt>
      <trkpt lat="33.31224136054516" lon="130.31695878133178">
        <ele>20.8</ele>
      </trkpt>
      <trkpt lat="33.312238259240985" lon="130.31691695563495">
        <ele>20.8</ele>
      </trkpt>
      <trkpt lat="33.31223809160292" lon="130.31686624512076">
        <ele>20.8</ele>
      </trkpt>
      <trkpt lat="33.31223465502262" lon="130.31682550907135">
        <ele>20.8</ele>
      </trkpt>
      <trkpt lat="33.31223281100392" lon="130.31677312217653">
        <ele>20.8</ele>
      </trkpt>
      <trkpt lat="33.31222577020526" lon="130.31672853045166">
        <ele>20.8</ele>
      </trkpt>
      <trkpt lat="33.31222836859524" lon="130.316671282053">
        <ele>20.6</ele>
      </trkpt>
      <trkpt lat="33.31222442910075" lon="130.3166231699288">
        <ele>20.4</ele>
      </trkpt>
      <trkpt lat="33.312228033319116" lon="130.31657103449106">
        <ele>20.4</ele>
      </trkpt>
      <trkpt lat="33.31221763975918" lon="130.31653088517487">
        <ele>20.2</ele>
      </trkpt>
      <trkpt lat="33.31221981905401" lon="130.31647640280426">
        <ele>20.0</ele>
      </trkpt>
      <trkpt lat="33.31221068277955" lon="130.31643331982195">
        <ele>19.8</ele>
      </trkpt>
      <trkpt lat="33.31221353262663" lon="130.31637934036553">
        <ele>19.8</ele>
      </trkpt>
      <trkpt lat="33.3122028876096" lon="130.31633516773582">
        <ele>19.6</ele>
      </trkpt>
      <trkpt lat="33.31220028921962" lon="130.31628286466002">
        <ele>19.6</ele>
      </trkpt>
      <trkpt lat="33.31219308078289" lon="130.3162394464016">
        <ele>19.6</ele>
      </trkpt>
      <trkpt lat="33.31219023093581" lon="130.31618521548808">
        <ele>19.4</ele>
      </trkpt>
      <trkpt lat="33.31218235194683" lon="130.31614582054317">
        <ele>19.4</ele>
      </trkpt>
      <trkpt lat="33.312182519584894" lon="130.3160956967622">
        <ele>19.4</ele>
      </trkpt>
      <trkpt lat="33.312169862911105" lon="130.31606074422598">
        <ele>19.4</ele>
      </trkpt>
      <trkpt lat="33.312166426330805" lon="130.31600693240762">
        <ele>19.4</ele>
      </trkpt>
      <trkpt lat="33.312157709151506" lon="130.31597114168108">
        <ele>19.4</ele>
      </trkpt>
      <trkpt lat="33.312156200408936" lon="130.31591540202498">
        <ele>19.4</ele>
      </trkpt>
      <trkpt lat="33.31214698031545" lon="130.3158797789365">
        <ele>19.4</ele>
      </trkpt>
      <trkpt lat="33.31214287318289" lon="130.31582261435688">
        <ele>19.2</ele>
      </trkpt>
      <trkpt lat="33.3121391851455" lon="130.31577819027007">
        <ele>19.2</ele>
      </trkpt>
      <trkpt lat="33.31213440746069" lon="130.31572923995554">
        <ele>19.2</ele>
      </trkpt>
      <trkpt lat="33.31212460063398" lon="130.31569085083902">
        <ele>19.2</ele>
      </trkpt>
      <trkpt lat="33.31211546435952" lon="130.31564525328577">
        <ele>19.0</ele>
      </trkpt>
      <trkpt lat="33.312107836827636" lon="130.3156033437699">
        <ele>19.0</ele>
      </trkpt>
      <trkpt lat="33.31209870055318" lon="130.3155600093305">
        <ele>19.0</ele>
      </trkpt>
      <trkpt lat="33.31208981573582" lon="130.31551667489111">
        <ele>19.0</ele>
      </trkpt>
      <trkpt lat="33.312081936746836" lon="130.3154745977372">
        <ele>19.0</ele>
      </trkpt>
      <trkpt lat="33.31207858398557" lon="130.3154278267175">
        <ele>19.0</ele>
      </trkpt>
      <trkpt lat="33.3120733872056" lon="130.31538675539196">
        <ele>19.0</ele>
      </trkpt>
      <trkpt lat="33.312073638662696" lon="130.3153372183442">
        <ele>19.2</ele>
      </trkpt>
      <trkpt lat="33.312066262587905" lon="130.31530193053186">
        <ele>19.2</ele>
      </trkpt>
      <trkpt lat="33.31206785514951" lon="130.31525381840765">
        <ele>19.2</ele>
      </trkpt>
      <trkpt lat="33.31205871887505" lon="130.3152140043676">
        <ele>19.0</ele>
      </trkpt>
      <trkpt lat="33.31205519847572" lon="130.31516413204372">
        <ele>19.0</ele>
      </trkpt>
      <trkpt lat="33.312043799087405" lon="130.31512725166976">
        <ele>19.0</ele>
      </trkpt>
      <trkpt lat="33.312043296173215" lon="130.31507804989815">
        <ele>19.0</ele>
      </trkpt>
      <trkpt lat="33.312033070251346" lon="130.31504401937127">
        <ele>18.8</ele>
      </trkpt>
      <trkpt lat="33.312031561508775" lon="130.31499171629548">
        <ele>18.8</ele>
      </trkpt>
      <trkpt lat="33.3120199944824" lon="130.3149590268731">
        <ele>18.6</ele>
      </trkpt>
      <trkpt lat="33.31201781518757" lon="130.3149053826928">
        <ele>18.4</ele>
      </trkpt>
      <trkpt lat="33.31200675107539" lon="130.31487185508013">
        <ele>18.4</ele>
      </trkpt>
      <trkpt lat="33.312001302838326" lon="130.31481938436627">
        <ele>18.4</ele>
      </trkpt>
      <trkpt lat="33.31198747269809" lon="130.31478233635426">
        <ele>18.4</ele>
      </trkpt>
      <trkpt lat="33.31198110245168" lon="130.31473606824875">
        <ele>18.6</ele>
      </trkpt>
      <trkpt lat="33.311973977833986" lon="130.31469424255192">
        <ele>18.6</ele>
      </trkpt>
      <trkpt lat="33.31196894869208" lon="130.31464730389416">
        <ele>18.6</ele>
      </trkpt>
      <trkpt lat="33.31196542829275" lon="130.31460296362638">
        <ele>18.6</ele>
      </trkpt>
      <trkpt lat="33.31195771694183" lon="130.31455803662539">
        <ele>18.6</ele>
      </trkpt>
      <trkpt lat="33.31195159815252" lon="130.31451252289116">
        <ele>18.4</ele>
      </trkpt>
      <trkpt lat="33.31194296479225" lon="130.31446734443307">
        <ele>18.4</ele>
      </trkpt>
      <trkpt lat="33.311936846002936" lon="130.31442048959434">
        <ele>18.4</ele>
      </trkpt>
      <trkpt lat="33.31192888319492" lon="130.31438193283975">
        <ele>18.4</ele>
      </trkpt>
      <trkpt lat="33.311926955357194" lon="130.31433616764843">
        <ele>18.4</ele>
      </trkpt>
      <trkpt lat="33.31191748380661" lon="130.3143017180264">
        <ele>18.4</ele>
      </trkpt>
      <trkpt lat="33.311916813254356" lon="130.31425436027348">
        <ele>18.4</ele>
      </trkpt>
      <trkpt lat="33.31191195175052" lon="130.31422468833625">
        <ele>18.4</ele>
      </trkpt>
      <trkpt lat="33.31191312521696" lon="130.31417582184076">
        <ele>18.4</ele>
      </trkpt>
      <trkpt lat="33.31190524622798" lon="130.3141352534294">
        <ele>18.4</ele>
      </trkpt>
      <trkpt lat="33.31190717406571" lon="130.31407976523042">
        <ele>18.4</ele>
      </trkpt>
      <trkpt lat="33.311896193772554" lon="130.31404263339937">
        <ele>18.4</ele>
      </trkpt>
      <trkpt lat="33.31189208664" lon="130.31399510800838">
        <ele>18.4</ele>
      </trkpt>
      <trkpt lat="33.31187850795686" lon="130.3139568027109">
        <ele>18.4</ele>
      </trkpt>
      <trkpt lat="33.31187155097723" lon="130.31391103751957">
        <ele>18.4</ele>
      </trkpt>
      <trkpt lat="33.31186124123633" lon="130.31387289986014">
        <ele>18.4</ele>
      </trkpt>
      <trkpt lat="33.31185596063733" lon="130.31382847577333">
        <ele>18.4</ele>
      </trkpt>
      <trkpt lat="33.3118487522006" lon="130.31378304585814">
        <ele>18.4</ele>
      </trkpt>
      <trkpt lat="33.31184087321162" lon="130.3137308266014">
        <ele>18.4</ele>
      </trkpt>
      <trkpt lat="33.3118384424597" lon="130.31368321739137">
        <ele>18.4</ele>
      </trkpt>
      <trkpt lat="33.311831234022975" lon="130.31363770365715">
        <ele>18.4</ele>
      </trkpt>
      <trkpt lat="33.31182519905269" lon="130.31359621323645">
        <ele>18.4</ele>
      </trkpt>
      <trkpt lat="33.31181815825403" lon="130.31355304643512">
        <ele>18.4</ele>
      </trkpt>
      <trkpt lat="33.31181296147406" lon="130.31350644305348">
        <ele>18.4</ele>
      </trkpt>
      <trkpt lat="33.311804831027985" lon="130.31346512027085">
        <ele>18.4</ele>
      </trkpt>
      <trkpt lat="33.31180575303733" lon="130.31341306865215">
        <ele>18.4</ele>
      </trkpt>
      <trkpt lat="33.31179628148675" lon="130.31337099149823">
        <ele>18.4</ele>
      </trkpt>
      <trkpt lat="33.31179477274418" lon="130.31331642530859">
        <ele>18.2</ele>
      </trkpt>
      <trkpt lat="33.31178253516555" lon="130.3132799640298">
        <ele>18.2</ele>
      </trkpt>
      <trkpt lat="33.3117850497365" lon="130.31322757713497">
        <ele>18.2</ele>
      </trkpt>
      <trkpt lat="33.31177239306271" lon="130.31319153495133">
        <ele>18.2</ele>
      </trkpt>
      <trkpt lat="33.311775075271726" lon="130.31313923187554">
        <ele>18.4</ele>
      </trkpt>
      <trkpt lat="33.31176593899727" lon="130.31310536898673">
        <ele>18.4</ele>
      </trkpt>
      <trkpt lat="33.31176409497857" lon="130.31305465847254">
        <ele>18.4</ele>
      </trkpt>
      <trkpt lat="33.31175319850445" lon="130.31301853246987">
        <ele>18.4</ele>
      </trkpt>
      <trkpt lat="33.311747163534164" lon="130.312968660146">
        <ele>18.4</ele>
      </trkpt>
      <trkpt lat="33.3117332495749" lon="130.31293462961912">
        <ele>18.4</ele>
      </trkpt>
      <trkpt lat="33.31173274666071" lon="130.31288484111428">
        <ele>18.4</ele>
      </trkpt>
      <trkpt lat="33.311721347272396" lon="130.31284301541746">
        <ele>18.4</ele>
      </trkpt>
      <trkpt lat="33.311714977025986" lon="130.3127965796739">
        <ele>18.4</ele>
      </trkpt>
      <trkpt lat="33.31170533783734" lon="130.31275584362447">
        <ele>18.4</ele>
      </trkpt>
      <trkpt lat="33.31169812940061" lon="130.31271200627089">
        <ele>18.4</ele>
      </trkpt>
      <trkpt lat="33.31169075332582" lon="130.31266666017473">
        <ele>18.4</ele>
      </trkpt>
      <trkpt lat="33.311686143279076" lon="130.31261603347957">
        <ele>18.4</ele>
      </trkpt>
      <trkpt lat="33.31167935393751" lon="130.31256783753633">
        <ele>18.4</ele>
      </trkpt>
      <trkpt lat="33.31166963092983" lon="130.3125235810876">
        <ele>18.4</ele>
      </trkpt>
      <trkpt lat="33.31166594289243" lon="130.312474463135">
        <ele>18.4</ele>
      </trkpt>
      <trkpt lat="33.311655297875404" lon="130.31243884004653">
        <ele>18.4</ele>
      </trkpt>
      <trkpt lat="33.31165353767574" lon="130.31238687224686">
        <ele>18.4</ele>
      </trkpt>
      <trkpt lat="33.31164398230612" lon="130.3123507462442">
        <ele>18.4</ele>
      </trkpt>
      <trkpt lat="33.31164540722966" lon="130.31230003573">
        <ele>18.4</ele>
      </trkpt>
      <trkpt lat="33.31163509748876" lon="130.31226265244186">
        <ele>18.4</ele>
      </trkpt>
      <trkpt lat="33.31163593567908" lon="130.31220775097609">
        <ele>18.4</ele>
      </trkpt>
      <trkpt lat="33.311624117195606" lon="130.31217405572534">
        <ele>18.4</ele>
      </trkpt>
      <trkpt lat="33.31162420101464" lon="130.3121226746589">
        <ele>18.2</ele>
      </trkpt>
      <trkpt lat="33.311615735292435" lon="130.31207967549562">
        <ele>18.2</ele>
      </trkpt>
      <trkpt lat="33.31161213107407" lon="130.3120314795524">
        <ele>18.2</ele>
      </trkpt>
      <trkpt lat="33.31160081550479" lon="130.31199384480715">
        <ele>18.2</ele>
      </trkpt>
      <trkpt lat="33.31159746274352" lon="130.3119461517781">
        <ele>18.2</ele>
      </trkpt>
      <trkpt lat="33.311592852696776" lon="130.31190566718578">
        <ele>18.2</ele>
      </trkpt>
      <trkpt lat="33.31158673390746" lon="130.31185168772936">
        <ele>18.0</ele>
      </trkpt>
      <trkpt lat="33.31158195622265" lon="130.31180910766125">
        <ele>18.2</ele>
      </trkpt>
      <trkpt lat="33.31157315522432" lon="130.31176174990833">
        <ele>18.0</ele>
      </trkpt>
      <trkpt lat="33.31156611442566" lon="130.31171849928796">
        <ele>18.0</ele>
      </trkpt>
      <trkpt lat="33.311559073626995" lon="130.31168019399047">
        <ele>18.0</ele>
      </trkpt>
      <trkpt lat="33.31155396066606" lon="130.31163493171334">
        <ele>17.8</ele>
      </trkpt>
      <trkpt lat="33.311548512429" lon="130.31158841215074">
        <ele>17.8</ele>
      </trkpt>
      <trkpt lat="33.31154499202967" lon="130.31154038384557">
        <ele>17.8</ele>
      </trkpt>
      <trkpt lat="33.31154130399227" lon="130.31149403192103">
        <ele>17.8</ele>
      </trkpt>
      <trkpt lat="33.31153937615454" lon="130.3114450816065">
        <ele>17.8</ele>
      </trkpt>
      <trkpt lat="33.311534179374576" lon="130.31140082515776">
        <ele>17.8</ele>
      </trkpt>
      <trkpt lat="33.3115347661078" lon="130.3113491088152">
        <ele>17.8</ele>
      </trkpt>
      <trkpt lat="33.311519427224994" lon="130.31131382100284">
        <ele>17.8</ele>
      </trkpt>
      <trkpt lat="33.311493527144194" lon="130.31127316877246">
        <ele>17.8</ele>
      </trkpt>
      <trkpt lat="33.31146536394954" lon="130.3112542256713">
        <ele>17.8</ele>
      </trkpt>
      <trkpt lat="33.311424292624" lon="130.31123637221754">
        <ele>17.8</ele>
      </trkpt>
      <trkpt lat="33.311389004811645" lon="130.31123913824558">
        <ele>17.8</ele>
      </trkpt>
      <trkpt lat="33.31134533509612" lon="130.31123821623623">
        <ele>17.8</ele>
      </trkpt>
      <trkpt lat="33.311319099739194" lon="130.3112518787384">
        <ele>17.8</ele>
      </trkpt>
      <trkpt lat="33.31127744168043" lon="130.31125782988966">
        <ele>18.0</ele>
      </trkpt>
      <trkpt lat="33.31124810501933" lon="130.3112706542015">
        <ele>18.0</ele>
      </trkpt>
      <trkpt lat="33.31120116636157" lon="130.31127744354308">
        <ele>18.0</ele>
      </trkpt>
      <trkpt lat="33.3111721649766" lon="130.3112885914743">
        <ele>18.0</ele>
      </trkpt>
      <trkpt lat="33.311130590736866" lon="130.3112933691591">
        <ele>18.0</ele>
      </trkpt>
      <trkpt lat="33.31110351718962" lon="130.31130217015743">
        <ele>18.0</ele>
      </trkpt>
      <trkpt lat="33.311061607673764" lon="130.31131180934608">
        <ele>18.0</ele>
      </trkpt>
      <trkpt lat="33.31103302538395" lon="130.3113234601915">
        <ele>18.0</ele>
      </trkpt>
      <trkpt lat="33.31099438481033" lon="130.31133527867496">
        <ele>18.0</ele>
      </trkpt>
      <trkpt lat="33.3109562471509" lon="130.3113456722349">
        <ele>18.0</ele>
      </trkpt>
      <trkpt lat="33.31091827712953" lon="130.31135455705225">
        <ele>17.8</ele>
      </trkpt>
      <trkpt lat="33.31087779253721" lon="130.3113602567464">
        <ele>17.8</ele>
      </trkpt>
      <trkpt lat="33.31084158271551" lon="130.31136721372604">
        <ele>17.8</ele>
      </trkpt>
      <trkpt lat="33.31080344505608" lon="130.31136796809733">
        <ele>17.8</ele>
      </trkpt>
      <trkpt lat="33.31077058799565" lon="130.3113742545247">
        <ele>17.8</ele>
      </trkpt>
      <trkpt lat="33.31073312088847" lon="130.31137601472437">
        <ele>17.8</ele>
      </trkpt>
      <trkpt lat="33.31070336513221" lon="130.3113811276853">
        <ele>17.8</ele>
      </trkpt>
      <trkpt lat="33.31065877340734" lon="130.31138263642788">
        <ele>18.0</ele>
      </trkpt>
      <trkpt lat="33.310626167804" lon="130.31139235943556">
        <ele>18.0</ele>
      </trkpt>
      <trkpt lat="33.31057822331786" lon="130.31139286234975">
        <ele>18.0</ele>
      </trkpt>
      <trkpt lat="33.31054427661002" lon="130.31140166334808">
        <ele>18.2</ele>
      </trkpt>
      <trkpt lat="33.3104966674" lon="130.31140367500484">
        <ele>18.0</ele>
      </trkpt>
      <trkpt lat="33.31046624109149" lon="130.31141138635576">
        <ele>18.0</ele>
      </trkpt>
      <trkpt lat="33.31042458303273" lon="130.31141775660217">
        <ele>18.0</ele>
      </trkpt>
      <trkpt lat="33.31039826385677" lon="130.3114260546863">
        <ele>18.0</ele>
      </trkpt>
      <trkpt lat="33.310362389311194" lon="130.3114347718656">
        <ele>17.8</ele>
      </trkpt>
      <trkpt lat="33.31033104099333" lon="130.3114450816065">
        <ele>17.8</ele>
      </trkpt>
      <trkpt lat="33.31029332242906" lon="130.3114506136626">
        <ele>17.6</ele>
      </trkpt>
      <trkpt lat="33.31026021391153" lon="130.31145706772804">
        <ele>17.6</ele>
      </trkpt>
      <trkpt lat="33.31022400408983" lon="130.3114657010883">
        <ele>17.6</ele>
      </trkpt>
      <trkpt lat="33.31018712371588" lon="130.31147408299148">
        <ele>17.6</ele>
      </trkpt>
      <trkpt lat="33.310148902237415" lon="130.31147919595242">
        <ele>17.6</ele>
      </trkpt>
      <trkpt lat="33.31010858528316" lon="130.31148623675108">
        <ele>17.6</ele>
      </trkpt>
      <trkpt lat="33.310073632746935" lon="130.31149721704423">
        <ele>17.4</ele>
      </trkpt>
      <trkpt lat="33.31003683619201" lon="130.31150233000517">
        <ele>17.2</ele>
      </trkpt>
      <trkpt lat="33.310005236417055" lon="130.31151155009866">
        <ele>17.2</ele>
      </trkpt>
      <trkpt lat="33.3099633269012" lon="130.31151473522186">
        <ele>17.0</ele>
      </trkpt>
      <trkpt lat="33.309932397678494" lon="130.31152085401118">
        <ele>17.0</ele>
      </trkpt>
      <trkpt lat="33.30989509820938" lon="130.31152445822954">
        <ele>17.2</ele>
      </trkpt>
      <trkpt lat="33.30987263470888" lon="130.3115349356085">
        <ele>17.4</ele>
      </trkpt>
      <trkpt lat="33.30982913263142" lon="130.31153577379882">
        <ele>17.4</ele>
      </trkpt>
      <trkpt lat="33.30980122089386" lon="130.31154164113104">
        <ele>17.6</ele>
      </trkpt>
      <trkpt lat="33.30975235439837" lon="130.31154239550233">
        <ele>17.6</ele>
      </trkpt>
      <trkpt lat="33.309723353013396" lon="130.3115547169">
        <ele>17.4</ele>
      </trkpt>
      <trkpt lat="33.30968135967851" lon="130.31155454926193">
        <ele>17.4</ele>
      </trkpt>
      <trkpt lat="33.309647999703884" lon="130.31155991367996">
        <ele>17.4</ele>
      </trkpt>
      <trkpt lat="33.30960810184479" lon="130.31156351789832">
        <ele>17.4</ele>
      </trkpt>
      <trkpt lat="33.309570886194706" lon="130.31157231889665">
        <ele>17.4</ele>
      </trkpt>
      <trkpt lat="33.309529814869165" lon="130.31157885678113">
        <ele>17.6</ele>
      </trkpt>
      <trkpt lat="33.309500897303224" lon="130.31158925034106">
        <ele>17.6</ele>
      </trkpt>
      <trkpt lat="33.30946443602443" lon="130.31159302219748">
        <ele>17.8</ele>
      </trkpt>
      <trkpt lat="33.30943032167852" lon="130.31160173937678">
        <ele>18.0</ele>
      </trkpt>
      <trkpt lat="33.30939159728587" lon="130.31160819344223">
        <ele>18.0</ele>
      </trkpt>
      <trkpt lat="33.30935723148286" lon="130.31161372549832">
        <ele>18.0</ele>
      </trkpt>
      <trkpt lat="33.309319177642465" lon="130.31162126921117">
        <ele>18.2</ele>
      </trkpt>
      <trkpt lat="33.309285985305905" lon="130.31162512488663">
        <ele>18.2</ele>
      </trkpt>
      <trkpt lat="33.309250362217426" lon="130.31163258478045">
        <ele>18.2</ele>
      </trkpt>
      <trkpt lat="33.3092119731009" lon="130.31163845211267">
        <ele>18.0</ele>
      </trkpt>
      <trkpt lat="33.3091807924211" lon="130.31164490617812">
        <ele>18.0</ele>
      </trkpt>
      <trkpt lat="33.30914449878037" lon="130.3116480074823">
        <ele>18.0</ele>
      </trkpt>
      <trkpt lat="33.30910979770124" lon="130.31165521591902">
        <ele>18.0</ele>
      </trkpt>
      <trkpt lat="33.30906772054732" lon="130.31165127642453">
        <ele>17.8</ele>
      </trkpt>
      <trkpt lat="33.309034863486886" lon="130.31165320426226">
        <ele>17.8</ele>
      </trkpt>
      <trkpt lat="33.30899613909423" lon="130.31164783984423">
        <ele>17.8</ele>
      </trkpt>
      <trkpt lat="33.30896420404315" lon="130.31165194697678">
        <ele>17.8</ele>
      </trkpt>
      <trkpt lat="33.308921456336975" lon="130.3116490971297">
        <ele>17.8</ele>
      </trkpt>
      <trkpt lat="33.30889237113297" lon="130.31165789812803">
        <ele>17.6</ele>
      </trkpt>
      <trkpt lat="33.30884417518973" lon="130.3116538748145">
        <ele>17.6</ele>
      </trkpt>
      <trkpt lat="33.308813916519284" lon="130.3116509411484">
        <ele>17.4</ele>
      </trkpt>
      <trkpt lat="33.308768989518285" lon="130.3116417210549">
        <ele>17.4</ele>
      </trkpt>
      <trkpt lat="33.30874132923782" lon="130.31164188869298">
        <ele>17.4</ele>
      </trkpt>
      <trkpt lat="33.30870076082647" lon="130.3116374462843">
        <ele>17.4</ele>
      </trkpt>
      <trkpt lat="33.30866270698607" lon="130.31164306215942">
        <ele>17.2</ele>
      </trkpt>
      <trkpt lat="33.308613169938326" lon="130.31164071522653">
        <ele>17.2</ele>
      </trkpt>
      <trkpt lat="33.308578887954354" lon="130.31164834275842">
        <ele>17.2</ele>
      </trkpt>
      <trkpt lat="33.30853949300945" lon="130.31164716929197">
        <ele>17.2</ele>
      </trkpt>
      <trkpt lat="33.30850839614868" lon="130.31166083179414">
        <ele>17.0</ele>
      </trkpt>
      <trkpt lat="33.30846422351897" lon="130.31166745349765">
        <ele>16.6</ele>
      </trkpt>
      <trkpt lat="33.3084228169173" lon="130.31167457811534">
        <ele>16.6</ele>
      </trkpt>
      <trkpt lat="33.30837738700211" lon="130.3116779308766">
        <ele>16.6</ele>
      </trkpt>
      <trkpt lat="33.30834654159844" lon="130.31168497167528">
        <ele>16.4</ele>
      </trkpt>
      <trkpt lat="33.30830555409193" lon="130.3116937726736">
        <ele>16.2</ele>
      </trkpt>
      <trkpt lat="33.30827470868826" lon="130.31169938854873">
        <ele>16.2</ele>
      </trkpt>
      <trkpt lat="33.30823824740946" lon="130.31170341186225">
        <ele>16.2</ele>
      </trkpt>
      <trkpt lat="33.308200780302286" lon="130.3117103688419">
        <ele>16.2</ele>
      </trkpt>
      <trkpt lat="33.30816465429962" lon="130.31171799637377">
        <ele>16.2</ele>
      </trkpt>
      <trkpt lat="33.3081276062876" lon="130.31172528862953">
        <ele>16.2</ele>
      </trkpt>
      <trkpt lat="33.308096593245864" lon="130.31173610128462">
        <ele>16.2</ele>
      </trkpt>
      <trkpt lat="33.30805962905288" lon="130.31174222007394">
        <ele>16.2</ele>
      </trkpt>
      <trkpt lat="33.30803188495338" lon="130.31175227835774">
        <ele>16.2</ele>
      </trkpt>
      <trkpt lat="33.30798704177141" lon="130.31175948679447">
        <ele>16.2</ele>
      </trkpt>
      <trkpt lat="33.30795577727258" lon="130.3117770049721">
        <ele>16.2</ele>
      </trkpt>
      <trkpt lat="33.30791277810931" lon="130.3117852192372">
        <ele>16.2</ele>
      </trkpt>
      <trkpt lat="33.30788637511432" lon="130.31179703772068">
        <ele>16.4</ele>
      </trkpt>
      <trkpt lat="33.307847399264574" lon="130.31180315651">
        <ele>16.4</ele>
      </trkpt>
      <trkpt lat="33.30782233737409" lon="130.3118171542883">
        <ele>16.4</ele>
      </trkpt>
      <trkpt lat="33.30778269097209" lon="130.3118306491524">
        <ele>16.4</ele>
      </trkpt>
      <trkpt lat="33.307750755921006" lon="130.31184565275908">
        <ele>16.4</ele>
      </trkpt>
      <trkpt lat="33.3077113609761" lon="130.31185688450933">
        <ele>16.4</ele>
      </trkpt>
      <trkpt lat="33.30767900682986" lon="130.31186677515507">
        <ele>16.4</ele>
      </trkpt>
      <trkpt lat="33.30763810314238" lon="130.31188571825624">
        <ele>16.4</ele>
      </trkpt>
      <trkpt lat="33.307601725682616" lon="130.31189929693937">
        <ele>16.4</ele>
      </trkpt>
      <trkpt lat="33.307563001289964" lon="130.31191061250865">
        <ele>16.4</ele>
      </trkpt>
      <trkpt lat="33.307528384029865" lon="130.31192142516375">
        <ele>16.4</ele>
      </trkpt>
      <trkpt lat="33.3074920065701" lon="130.3119345009327">
        <ele>16.4</ele>
      </trkpt>
      <trkpt lat="33.3074523601681" lon="130.31194263137877">
        <ele>16.2</ele>
      </trkpt>
      <trkpt lat="33.30741346813738" lon="130.31195344403386">
        <ele>16.2</ele>
      </trkpt>
      <trkpt lat="33.30737080425024" lon="130.31195763498545">
        <ele>16.2</ele>
      </trkpt>
      <trkpt lat="33.30733945593238" lon="130.31197087839246">
        <ele>16.2</ele>
      </trkpt>
      <trkpt lat="33.30729989334941" lon="130.3119768295437">
        <ele>16.2</ele>
      </trkpt>
      <trkpt lat="33.30727147869766" lon="130.3119844570756">
        <ele>16.2</ele>
      </trkpt>
      <trkpt lat="33.30723334103823" lon="130.31198588199914">
        <ele>16.2</ele>
      </trkpt>
      <trkpt lat="33.30720274709165" lon="130.31198730692267">
        <ele>16.2</ele>
      </trkpt>
      <trkpt lat="33.30716360360384" lon="130.31198797747493">
        <ele>16.4</ele>
      </trkpt>
      <trkpt lat="33.307139379903674" lon="130.31199828721583">
        <ele>16.4</ele>
      </trkpt>
      <trkpt lat="33.30710040405393" lon="130.3119956050068">
        <ele>16.6</ele>
      </trkpt>
      <trkpt lat="33.30707458779216" lon="130.31200046651065">
        <ele>16.8</ele>
      </trkpt>
      <trkpt lat="33.30702982842922" lon="130.31200063414872">
        <ele>17.0</ele>
      </trkpt>
      <trkpt lat="33.30700376071036" lon="130.312014631927">
        <ele>17.2</ele>
      </trkpt>
      <trkpt lat="33.306961013004184" lon="130.31202293001115">
        <ele>17.2</ele>
      </trkpt>
      <trkpt lat="33.30693385563791" lon="130.3120346646756">
        <ele>17.2</ele>
      </trkpt>
      <trkpt lat="33.30689328722656" lon="130.31204195693135">
        <ele>17.4</ele>
      </trkpt>
      <trkpt lat="33.30687057226896" lon="130.31205235049129">
        <ele>17.6</ele>
      </trkpt>
      <trkpt lat="33.306833021342754" lon="130.31206090003252">
        <ele>17.8</ele>
      </trkpt>
      <trkpt lat="33.306801756843925" lon="130.31207238323987">
        <ele>18.2</ele>
      </trkpt>
      <trkpt lat="33.3067599311471" lon="130.31208110041916">
        <ele>18.2</ele>
      </trkpt>
      <trkpt lat="33.30673512071371" lon="130.3120997082442">
        <ele>18.4</ele>
      </trkpt>
      <trkpt lat="33.3066943846643" lon="130.3121155500412">
        <ele>18.6</ele>
      </trkpt>
      <trkpt lat="33.30666429363191" lon="130.3121332358569">
        <ele>18.6</ele>
      </trkpt>
      <trkpt lat="33.30662749707699" lon="130.312136169523">
        <ele>18.8</ele>
      </trkpt>
      <trkpt lat="33.30659832805395" lon="130.3121158014983">
        <ele>18.8</ele>
      </trkpt>
      <trkpt lat="33.30658458173275" lon="130.3120743110776">
        <ele>18.8</ele>
      </trkpt>
      <trkpt lat="33.30658080987632" lon="130.31202209182084">
        <ele>19.0</ele>
      </trkpt>
      <trkpt lat="33.30657787621021" lon="130.31196769326925">
        <ele>19.0</ele>
      </trkpt>
      <trkpt lat="33.30657326616347" lon="130.3119205031544">
        <ele>19.0</ele>
      </trkpt>
      <trkpt lat="33.30657033249736" lon="130.31187809072435">
        <ele>19.0</ele>
      </trkpt>
      <trkpt lat="33.30657125450671" lon="130.31182360835373">
        <ele>19.0</ele>
      </trkpt>
      <trkpt lat="33.30656739883125" lon="130.31177742406726">
        <ele>19.0</ele>
      </trkpt>
      <trkpt lat="33.30657980404794" lon="130.3117215167731">
        <ele>19.0</ele>
      </trkpt>
      <trkpt lat="33.30658491700888" lon="130.31168270856142">
        <ele>19.0</ele>
      </trkpt>
      <trkpt lat="33.30659246072173" lon="130.31163367442787">
        <ele>18.8</ele>
      </trkpt>
      <trkpt lat="33.30658944323659" lon="130.311594363302">
        <ele>18.8</ele>
      </trkpt>
      <trkpt lat="33.30659623257816" lon="130.3115397132933">
        <ele>18.6</ele>
      </trkpt>
      <trkpt lat="33.306599417701364" lon="130.3115008212626">
        <ele>18.6</ele>
      </trkpt>
      <trkpt lat="33.306614169850945" lon="130.31145120039582">
        <ele>18.6</ele>
      </trkpt>
      <trkpt lat="33.3066095598042" lon="130.311412056908">
        <ele>18.6</ele>
      </trkpt>
      <trkpt lat="33.30661978572607" lon="130.31136645935476">
        <ele>18.6</ele>
      </trkpt>
      <trkpt lat="33.306618612259626" lon="130.311327483505">
        <ele>18.4</ele>
      </trkpt>
      <trkpt lat="33.30662322230637" lon="130.31127425841987">
        <ele>18.4</ele>
      </trkpt>
      <trkpt lat="33.30662422813475" lon="130.31123612076044">
        <ele>18.4</ele>
      </trkpt>
      <trkpt lat="33.306630263105035" lon="130.31118733808398">
        <ele>18.2</ele>
      </trkpt>
      <trkpt lat="33.30662665888667" lon="130.31114400364459">
        <ele>18.2</ele>
      </trkpt>
      <trkpt lat="33.306628838181496" lon="130.3110956400633">
        <ele>18.0</ele>
      </trkpt>
      <trkpt lat="33.30662380903959" lon="130.31105113215744">
        <ele>17.8</ele>
      </trkpt>
      <trkpt lat="33.3066251501441" lon="130.31100595369935">
        <ele>17.6</ele>
      </trkpt>
      <trkpt lat="33.306626910343766" lon="130.3109553270042">
        <ele>17.6</ele>
      </trkpt>
      <trkpt lat="33.30662598833442" lon="130.31091291457415">
        <ele>17.4</ele>
      </trkpt>
      <trkpt lat="33.30663135275245" lon="130.31086379662156">
        <ele>17.2</ele>
      </trkpt>
      <trkpt lat="33.30663059838116" lon="130.31082096509635">
        <ele>17.0</ele>
      </trkpt>
      <trkpt lat="33.306640069931746" lon="130.31076908111572">
        <ele>17.0</ele>
      </trkpt>
      <trkpt lat="33.30663973465562" lon="130.31073312275112">
        <ele>16.6</ele>
      </trkpt>
      <trkpt lat="33.30664551816881" lon="130.31068224459887">
        <ele>16.6</ele>
      </trkpt>
      <trkpt lat="33.306644009426236" lon="130.31064553186297">
        <ele>16.4</ele>
      </trkpt>
      <trkpt lat="33.306656666100025" lon="130.31058945693076">
        <ele>16.4</ele>
      </trkpt>
      <trkpt lat="33.30666077323258" lon="130.3105502296239">
        <ele>16.4</ele>
      </trkpt>
      <trkpt lat="33.30667988397181" lon="130.31049591489136">
        <ele>16.4</ele>
      </trkpt>
      <trkpt lat="33.306686505675316" lon="130.31045752577484">
        <ele>16.2</ele>
      </trkpt>
      <trkpt lat="33.306703604757786" lon="130.3104017022997">
        <ele>16.2</ele>
      </trkpt>
      <trkpt lat="33.30670570023358" lon="130.31036130152643">
        <ele>16.2</ele>
      </trkpt>
      <trkpt lat="33.30671793781221" lon="130.31030774116516">
        <ele>16.0</ele>
      </trkpt>
      <trkpt lat="33.30672279931605" lon="130.31026734039187">
        <ele>16.0</ele>
      </trkpt>
      <trkpt lat="33.306735372170806" lon="130.31021998263896">
        <ele>16.0</ele>
      </trkpt>
      <trkpt lat="33.30674031749368" lon="130.31018092297018">
        <ele>15.8</ele>
      </trkpt>
      <trkpt lat="33.306753896176815" lon="130.3101347386837">
        <ele>15.6</ele>
      </trkpt>
      <trkpt lat="33.30675900913775" lon="130.31009341590106">
        <ele>15.6</ele>
      </trkpt>
      <trkpt lat="33.3067686483264" lon="130.31005024909973">
        <ele>15.6</ele>
      </trkpt>
      <trkpt lat="33.306774348020554" lon="130.31000607647002">
        <ele>15.4</ele>
      </trkpt>
      <trkpt lat="33.306785663589835" lon="130.30996676534414">
        <ele>15.4</ele>
      </trkpt>
      <trkpt lat="33.30679974518716" lon="130.30992284417152">
        <ele>15.4</ele>
      </trkpt>
      <trkpt lat="33.30681097693741" lon="130.3098839521408">
        <ele>15.2</ele>
      </trkpt>
      <trkpt lat="33.30682740546763" lon="130.30983525328338">
        <ele>15.2</ele>
      </trkpt>
      <trkpt lat="33.306835535913706" lon="130.30979267321527">
        <ele>15.2</ele>
      </trkpt>
      <trkpt lat="33.30685037188232" lon="130.30974665656686">
        <ele>15.2</ele>
      </trkpt>
      <trkpt lat="33.306858502328396" lon="130.30971069820225">
        <ele>15.2</ele>
      </trkpt>
      <trkpt lat="33.306870153173804" lon="130.30966476537287">
        <ele>15.0</ele>
      </trkpt>
      <trkpt lat="33.30687643960118" lon="130.3096278011799">
        <ele>15.0</ele>
      </trkpt>
      <trkpt lat="33.30689781345427" lon="130.3095791861415">
        <ele>15.0</ele>
      </trkpt>
      <trkpt lat="33.306908793747425" lon="130.30953803099692">
        <ele>15.0</ele>
      </trkpt>
      <trkpt lat="33.3069274853915" lon="130.30949402600527">
        <ele>15.2</ele>
      </trkpt>
      <trkpt lat="33.30693360418081" lon="130.30945940874517">
        <ele>15.2</ele>
      </trkpt>
      <trkpt lat="33.30695413984358" lon="130.3094132244587">
        <ele>15.2</ele>
      </trkpt>
      <trkpt lat="33.306963527575135" lon="130.30937793664634">
        <ele>15.2</ele>
      </trkpt>
      <trkpt lat="33.30698238685727" lon="130.30933703295887">
        <ele>15.2</ele>
      </trkpt>
      <trkpt lat="33.30699663609266" lon="130.30930266715586">
        <ele>15.2</ele>
      </trkpt>
      <trkpt lat="33.3070136513561" lon="130.30926746316254">
        <ele>15.4</ele>
      </trkpt>
      <trkpt lat="33.30702831968665" lon="130.30922840349376">
        <ele>15.4</ele>
      </trkpt>
      <trkpt lat="33.30704382620752" lon="130.30919345095754">
        <ele>15.4</ele>
      </trkpt>
      <trkpt lat="33.30706536769867" lon="130.30915204435587">
        <ele>15.4</ele>
      </trkpt>
      <trkpt lat="33.3070776052773" lon="130.3091161698103">
        <ele>15.4</ele>
      </trkpt>
      <trkpt lat="33.30710090696812" lon="130.30907912179828">
        <ele>15.4</ele>
      </trkpt>
      <trkpt lat="33.30711423419416" lon="130.30904266051948">
        <ele>15.4</ele>
      </trkpt>
      <trkpt lat="33.3071328420192" lon="130.30900142155588">
        <ele>15.4</ele>
      </trkpt>
      <trkpt lat="33.30713921226561" lon="130.3089692350477">
        <ele>15.2</ele>
      </trkpt>
      <trkpt lat="33.30716896802187" lon="130.30893377959728">
        <ele>15.2</ele>
      </trkpt>
      <trkpt lat="33.307179445400834" lon="130.30890963971615">
        <ele>15.0</ele>
      </trkpt>
      <trkpt lat="33.307205429300666" lon="130.30887234024704">
        <ele>15.0</ele>
      </trkpt>
      <trkpt lat="33.30721733160317" lon="130.30884090811014">
        <ele>15.0</ele>
      </trkpt>
      <trkpt lat="33.30724163912237" lon="130.30879866331816">
        <ele>14.8</ele>
      </trkpt>
      <trkpt lat="33.30725446343422" lon="130.3087675664574">
        <ele>14.8</ele>
      </trkpt>
      <trkpt lat="33.30727851949632" lon="130.30872641131282">
        <ele>15.0</ele>
      </trkpt>
      <trkpt lat="33.30729159526527" lon="130.3086922969669">
        <ele>15.2</ele>
      </trkpt>
      <trkpt lat="33.3073141425848" lon="130.3086518123746">
        <ele>15.2</ele>
      </trkpt>
      <trkpt lat="33.307327972725034" lon="130.3086119145155">
        <ele>15.2</ele>
      </trkpt>
      <trkpt lat="33.30734917894006" lon="130.3085667360574">
        <ele>15.4</ele>
      </trkpt>
      <trkpt lat="33.30736242234707" lon="130.30852382071316">
        <ele>15.4</ele>
      </trkpt>
      <trkpt lat="33.30738304182887" lon="130.30848149210215">
        <ele>15.4</ele>
      </trkpt>
      <trkpt lat="33.30740315839648" lon="130.30844260007143">
        <ele>15.4</ele>
      </trkpt>
      <trkpt lat="33.30741874873638" lon="130.3084055520594">
        <ele>15.4</ele>
      </trkpt>
      <trkpt lat="33.307443810626864" lon="130.30836263671517">
        <ele>15.4</ele>
      </trkpt>
      <trkpt lat="33.307458981871605" lon="130.30832894146442">
        <ele>15.4</ele>
      </trkpt>
      <trkpt lat="33.30748069100082" lon="130.3082889597863">
        <ele>15.4</ele>
      </trkpt>
      <trkpt lat="33.30749209038913" lon="130.3082596231252">
        <ele>15.4</ele>
      </trkpt>
      <trkpt lat="33.307514218613505" lon="130.30822232365608">
        <ele>15.4</ele>
      </trkpt>
      <trkpt lat="33.307526959106326" lon="130.30818594619632">
        <ele>15.4</ele>
      </trkpt>
      <trkpt lat="33.30755160190165" lon="130.30814135447145">
        <ele>15.4</ele>
      </trkpt>
      <trkpt lat="33.30756710842252" lon="130.30810355208814">
        <ele>15.4</ele>
      </trkpt>
      <trkpt lat="33.30759325996041" lon="130.3080601338297">
        <ele>15.4</ele>
      </trkpt>
      <trkpt lat="33.30760105513036" lon="130.308023924008">
        <ele>15.4</ele>
      </trkpt>
      <trkpt lat="33.307621758431196" lon="130.307984277606">
        <ele>15.4</ele>
      </trkpt>
      <trkpt lat="33.30762913450599" lon="130.307947229594">
        <ele>15.4</ele>
      </trkpt>
      <trkpt lat="33.3076542802155" lon="130.30791252851486">
        <ele>15.4</ele>
      </trkpt>
      <trkpt lat="33.307666098698974" lon="130.3078788332641">
        <ele>15.4</ele>
      </trkpt>
      <trkpt lat="33.30768696963787" lon="130.30784429982305">
        <ele>15.4</ele>
      </trkpt>
      <trkpt lat="33.30770440399647" lon="130.3078058268875">
        <ele>15.4</ele>
      </trkpt>
      <trkpt lat="33.3077235147357" lon="130.3077688626945">
        <ele>15.4</ele>
      </trkpt>
      <trkpt lat="33.30774036236107" lon="130.30773013830185">
        <ele>15.4</ele>
      </trkpt>
      <trkpt lat="33.30775494687259" lon="130.3077012207359">
        <ele>15.4</ele>
      </trkpt>
      <trkpt lat="33.30777917057276" lon="130.30766056850553">
        <ele>15.6</ele>
      </trkpt>
      <trkpt lat="33.30779308453202" lon="130.30763123184443">
        <ele>15.6</ele>
      </trkpt>
      <trkpt lat="33.307818062603474" lon="130.30759108252823">
        <ele>15.6</ele>
      </trkpt>
      <trkpt lat="33.30783105455339" lon="130.30755914747715">
        <ele>15.6</ele>
      </trkpt>
      <trkpt lat="33.30785888247192" lon="130.3075148910284">
        <ele>15.8</ele>
      </trkpt>
      <trkpt lat="33.307875813916326" lon="130.30748094432056">
        <ele>15.8</ele>
      </trkpt>
      <trkpt lat="33.30790330655873" lon="130.30744439922273">
        <ele>15.8</ele>
      </trkpt>
      <trkpt lat="33.307921160012484" lon="130.30741380527616">
        <ele>15.8</ele>
      </trkpt>
      <trkpt lat="33.30794638954103" lon="130.30737147666514">
        <ele>15.8</ele>
      </trkpt>
      <trkpt lat="33.30795334652066" lon="130.30733685940504">
        <ele>15.8</ele>
      </trkpt>
      <trkpt lat="33.3079756423831" lon="130.30729008838534">
        <ele>15.8</ele>
      </trkpt>
      <trkpt lat="33.30798368901014" lon="130.3072545491159">
        <ele>15.8</ele>
      </trkpt>
      <trkpt lat="33.308001877740026" lon="130.30720836482942">
        <ele>16.0</ele>
      </trkpt>
      <trkpt lat="33.308008667081594" lon="130.30717399902642">
        <ele>16.0</ele>
      </trkpt>
      <trkpt lat="33.30803054384887" lon="130.30713678337634">
        <ele>16.0</ele>
      </trkpt>
      <trkpt lat="33.308048313483596" lon="130.30710065737367">
        <ele>16.2</ele>
      </trkpt>
      <trkpt lat="33.30807262100279" lon="130.3070560656488">
        <ele>16.2</ele>
      </trkpt>
      <trkpt lat="33.30808385275304" lon="130.30702614225447">
        <ele>16.2</ele>
      </trkpt>
      <trkpt lat="33.3081069868058" lon="130.3069778624922">
        <ele>16.2</ele>
      </trkpt>
      <trkpt lat="33.3081170450896" lon="130.30694869346917">
        <ele>16.2</ele>
      </trkpt>
      <trkpt lat="33.30814437009394" lon="130.30690183863044">
        <ele>16.2</ele>
      </trkpt>
      <trkpt lat="33.308153841644526" lon="130.30687099322677">
        <ele>16.2</ele>
      </trkpt>
      <trkpt lat="33.308176808059216" lon="130.30682816170156">
        <ele>16.2</ele>
      </trkpt>
      <trkpt lat="33.30818980000913" lon="130.30679295770824">
        <ele>16.2</ele>
      </trkpt>
      <trkpt lat="33.30820865929127" lon="130.30674928799272">
        <ele>16.2</ele>
      </trkpt>
      <trkpt lat="33.30821922048926" lon="130.3067204542458">
        <ele>16.2</ele>
      </trkpt>
      <trkpt lat="33.308242773637176" lon="130.3066778741777">
        <ele>16.2</ele>
      </trkpt>
      <trkpt lat="33.30825425684452" lon="130.30664384365082">
        <ele>16.2</ele>
      </trkpt>
      <trkpt lat="33.30827311612666" lon="130.3066036105156">
        <ele>16.2</ele>
      </trkpt>
      <trkpt lat="33.30828711390495" lon="130.30656790360808">
        <ele>16.2</ele>
      </trkpt>
      <trkpt lat="33.30830597318709" lon="130.30653135851026">
        <ele>16.2</ele>
      </trkpt>
      <trkpt lat="33.30832458101213" lon="130.3064905386418">
        <ele>16.2</ele>
      </trkpt>
      <trkpt lat="33.308339919894934" lon="130.3064561728388">
        <ele>16.2</ele>
      </trkpt>
      <trkpt lat="33.30836028791964" lon="130.30641920864582">
        <ele>16.2</ele>
      </trkpt>
      <trkpt lat="33.308373279869556" lon="130.30638542957604">
        <ele>16.4</ele>
      </trkpt>
      <trkpt lat="33.30839314498007" lon="130.30634259805083">
        <ele>16.4</ele>
      </trkpt>
      <trkpt lat="33.308414770290256" lon="130.30631041154265">
        <ele>16.4</ele>
      </trkpt>
      <trkpt lat="33.308438658714294" lon="130.30627336353064">
        <ele>16.4</ele>
      </trkpt>
      <trkpt lat="33.308456260710955" lon="130.30623807571828">
        <ele>16.6</ele>
      </trkpt>
      <trkpt lat="33.3084727730602" lon="130.30620622448623">
        <ele>16.6</ele>
      </trkpt>
      <trkpt lat="33.30849498510361" lon="130.3061669971794">
        <ele>16.6</ele>
      </trkpt>
      <trkpt lat="33.30850537866354" lon="130.30612877570093">
        <ele>16.6</ele>
      </trkpt>
      <trkpt lat="33.30852247774601" lon="130.30609340406954">
        <ele>16.6</ele>
      </trkpt>
      <trkpt lat="33.3085298538208" lon="130.30605501495302">
        <ele>16.6</ele>
      </trkpt>
      <trkpt lat="33.308550557121634" lon="130.30601486563683">
        <ele>16.6</ele>
      </trkpt>
      <trkpt lat="33.308570170775056" lon="130.30597714707255">
        <ele>16.6</ele>
      </trkpt>
      <trkpt lat="33.30859590321779" lon="130.30593833886087">
        <ele>16.6</ele>
      </trkpt>
      <trkpt lat="33.30860788933933" lon="130.30590229667723">
        <ele>16.6</ele>
      </trkpt>
      <trkpt lat="33.308623898774385" lon="130.30585669912398">
        <ele>16.8</ele>
      </trkpt>
      <trkpt lat="33.30863730981946" lon="130.30581965111196">
        <ele>16.8</ele>
      </trkpt>
      <trkpt lat="33.30865524709225" lon="130.30577698722482">
        <ele>16.8</ele>
      </trkpt>
      <trkpt lat="33.30867846496403" lon="130.30573708936572">
        <ele>16.8</ele>
      </trkpt>
      <trkpt lat="33.308698581531644" lon="130.30569643713534">
        <ele>16.8</ele>
      </trkpt>
      <trkpt lat="33.30871241167188" lon="130.3056574612856">
        <ele>16.8</ele>
      </trkpt>
      <trkpt lat="33.30873152241111" lon="130.30561932362616">
        <ele>16.8</ele>
      </trkpt>
      <trkpt lat="33.30874820239842" lon="130.30558185651898">
        <ele>16.8</ele>
      </trkpt>
      <trkpt lat="33.30876421183348" lon="130.30554816126823">
        <ele>16.8</ele>
      </trkpt>
      <trkpt lat="33.30878650769591" lon="130.30551144853234">
        <ele>16.8</ele>
      </trkpt>
      <trkpt lat="33.30880050547421" lon="130.30547892674804">
        <ele>17.0</ele>
      </trkpt>
      <trkpt lat="33.30882204696536" lon="130.3054399508983">
        <ele>17.0</ele>
      </trkpt>
      <trkpt lat="33.30883679911494" lon="130.30540424399078">
        <ele>17.0</ele>
      </trkpt>
      <trkpt lat="33.30886269919574" lon="130.30536535196006">
        <ele>17.0</ele>
      </trkpt>
      <trkpt lat="33.308874601498246" lon="130.3053321596235">
        <ele>17.0</ele>
      </trkpt>
      <trkpt lat="33.30890066921711" lon="130.30528941191733">
        <ele>17.0</ele>
      </trkpt>
      <trkpt lat="33.30891039222479" lon="130.30525714159012">
        <ele>17.0</ele>
      </trkpt>
      <trkpt lat="33.30893679521978" lon="130.30521766282618">
        <ele>17.0</ele>
      </trkpt>
      <trkpt lat="33.30894467420876" lon="130.3051894158125">
        <ele>17.0</ele>
      </trkpt>
      <trkpt lat="33.308970825746655" lon="130.30514943413436">
        <ele>17.2</ele>
      </trkpt>
      <trkpt lat="33.308982476592064" lon="130.30511791817844">
        <ele>17.2</ele>
      </trkpt>
      <trkpt lat="33.30900804139674" lon="130.3050755057484">
        <ele>17.2</ele>
      </trkpt>
      <trkpt lat="33.30901835113764" lon="130.30504231341183">
        <ele>17.2</ele>
      </trkpt>
      <trkpt lat="33.30903897061944" lon="130.30500107444823">
        <ele>17.2</ele>
      </trkpt>
      <trkpt lat="33.30904869362712" lon="130.3049682173878">
        <ele>17.2</ele>
      </trkpt>
      <trkpt lat="33.30907124094665" lon="130.3049259725958">
        <ele>17.2</ele>
      </trkpt>
      <trkpt lat="33.30908255651593" lon="130.30489169061184">
        <ele>17.2</ele>
      </trkpt>
      <trkpt lat="33.30910284072161" lon="130.3048506192863">
        <ele>17.2</ele>
      </trkpt>
      <trkpt lat="33.30911608412862" lon="130.30481474474072">
        <ele>17.2</ele>
      </trkpt>
      <trkpt lat="33.30913477577269" lon="130.30477434396744">
        <ele>17.4</ele>
      </trkpt>
      <trkpt lat="33.309153970330954" lon="130.30473385937512">
        <ele>17.4</ele>
      </trkpt>
      <trkpt lat="33.309172075241804" lon="130.3046949673444">
        <ele>17.4</ele>
      </trkpt>
      <trkpt lat="33.30919227562845" lon="130.30465674586594">
        <ele>17.4</ele>
      </trkpt>
      <trkpt lat="33.3092085365206" lon="130.3046188596636">
        <ele>17.4</ele>
      </trkpt>
      <trkpt lat="33.309230329468846" lon="130.30457904562354">
        <ele>17.4</ele>
      </trkpt>
      <trkpt lat="33.309240974485874" lon="130.3045480325818">
        <ele>17.6</ele>
      </trkpt>
      <trkpt lat="33.30926419235766" lon="130.30450562015176">
        <ele>17.6</ele>
      </trkpt>
      <trkpt lat="33.30927316099405" lon="130.30447251163423">
        <ele>17.6</ele>
      </trkpt>
      <trkpt lat="33.309299144893885" lon="130.30442741699517">
        <ele>17.6</ele>
      </trkpt>
      <trkpt lat="33.30931439995766" lon="130.30439942143857">
        <ele>17.6</ele>
      </trkpt>
      <trkpt lat="33.30933610908687" lon="130.30435600318015">
        <ele>17.6</ele>
      </trkpt>
      <trkpt lat="33.30935128033161" lon="130.3043241519481">
        <ele>17.8</ele>
      </trkpt>
      <trkpt lat="33.30937810242176" lon="130.30428643338382">
        <ele>17.8</ele>
      </trkpt>
      <trkpt lat="33.3093879930675" lon="130.30425433069468">
        <ele>17.8</ele>
      </trkpt>
      <trkpt lat="33.30940576270223" lon="130.30421258881688">
        <ele>17.8</ele>
      </trkpt>
      <trkpt lat="33.309415737167" lon="130.30417520552874">
        <ele>17.8</ele>
      </trkpt>
      <trkpt lat="33.30942898057401" lon="130.3041301947087">
        <ele>17.8</ele>
      </trkpt>
      <trkpt lat="33.30944557674229" lon="130.304091302678">
        <ele>17.8</ele>
      </trkpt>
      <trkpt lat="33.30946837551892" lon="130.3040550928563">
        <ele>17.8</ele>
      </trkpt>
      <trkpt lat="33.30948597751558" lon="130.30401226133108">
        <ele>17.8</ele>
      </trkpt>
      <trkpt lat="33.30950282514095" lon="130.30397328548133">
        <ele>17.8</ele>
      </trkpt>
      <trkpt lat="33.30952210351825" lon="130.30393347144127">
        <ele>17.8</ele>
      </trkpt>
      <trkpt lat="33.30953819677234" lon="130.3038986865431">
        <ele>17.8</ele>
      </trkpt>
      <trkpt lat="33.309561498463154" lon="130.30386147089303">
        <ele>18.0</ele>
      </trkpt>
      <trkpt lat="33.309575663879514" lon="130.30382718890905">
        <ele>18.0</ele>
      </trkpt>
      <trkpt lat="33.30960198305547" lon="130.30378594994545">
        <ele>18.0</ele>
      </trkpt>
      <trkpt lat="33.309614388272166" lon="130.30374839901924">
        <ele>18.0</ele>
      </trkpt>
      <trkpt lat="33.30964003689587" lon="130.30370950698853">
        <ele>18.0</ele>
      </trkpt>
      <trkpt lat="33.309653950855136" lon="130.3036740515381">
        <ele>18.0</ele>
      </trkpt>
      <trkpt lat="33.3096818625927" lon="130.30363616533577">
        <ele>18.0</ele>
      </trkpt>
      <trkpt lat="33.30969418399036" lon="130.30360473319888">
        <ele>18.0</ele>
      </trkpt>
      <trkpt lat="33.30971379764378" lon="130.30356483533978">
        <ele>18.0</ele>
      </trkpt>
      <trkpt lat="33.309718910604715" lon="130.30353457666934">
        <ele>18.0</ele>
      </trkpt>
      <trkpt lat="33.30973768606782" lon="130.303491409868">
        <ele>18.0</ele>
      </trkpt>
      <trkpt lat="33.30974983982742" lon="130.30345779843628">
        <ele>18.0</ele>
      </trkpt>
      <trkpt lat="33.309771716594696" lon="130.30341412872076">
        <ele>18.0</ele>
      </trkpt>
      <trkpt lat="33.309786301106215" lon="130.30337582342327">
        <ele>18.0</ele>
      </trkpt>
      <trkpt lat="33.309799544513226" lon="130.30334305018187">
        <ele>18.0</ele>
      </trkpt>
      <trkpt lat="33.309812201187015" lon="130.3032947704196">
        <ele>18.0</ele>
      </trkpt>
      <trkpt lat="33.30982376821339" lon="130.3032527770847">
        <ele>18.0</ele>
      </trkpt>
      <trkpt lat="33.30983969382942" lon="130.30320659279823">
        <ele>18.2</ele>
      </trkpt>
      <trkpt lat="33.30984924919903" lon="130.30316912569106">
        <ele>18.2</ele>
      </trkpt>
      <trkpt lat="33.309866432100534" lon="130.30312361195683">
        <ele>18.2</ele>
      </trkpt>
      <trkpt lat="33.309870371595025" lon="130.30308689922094">
        <ele>18.2</ele>
      </trkpt>
      <trkpt lat="33.30988663248718" lon="130.30303979292512">
        <ele>18.2</ele>
      </trkpt>
      <trkpt lat="33.30989635549486" lon="130.30300031416118">
        <ele>18.2</ele>
      </trkpt>
      <trkpt lat="33.30991404131055" lon="130.30295530334115">
        <ele>18.4</ele>
      </trkpt>
      <trkpt lat="33.309917813166976" lon="130.3029168304056">
        <ele>18.4</ele>
      </trkpt>
      <trkpt lat="33.30993893556297" lon="130.3028698079288">
        <ele>18.4</ele>
      </trkpt>
      <trkpt lat="33.309947149828076" lon="130.30283192172647">
        <ele>18.4</ele>
      </trkpt>
      <trkpt lat="33.309963159263134" lon="130.30278565362096">
        <ele>18.4</ele>
      </trkpt>
      <trkpt lat="33.30997648648918" lon="130.30274709686637">
        <ele>18.6</ele>
      </trkpt>
      <trkpt lat="33.30998679623008" lon="130.30270610935986">
        <ele>18.6</ele>
      </trkpt>
      <trkpt lat="33.30999853089452" lon="130.30266034416854">
        <ele>18.6</ele>
      </trkpt>
      <trkpt lat="33.31000188365579" lon="130.30262203887105">
        <ele>18.6</ele>
      </trkpt>
      <trkpt lat="33.31001462414861" lon="130.30257903970778">
        <ele>18.6</ele>
      </trkpt>
      <trkpt lat="33.31001613289118" lon="130.3025418240577">
        <ele>18.6</ele>
      </trkpt>
      <trkpt lat="33.31003122031689" lon="130.3024948015809">
        <ele>18.4</ele>
      </trkpt>
      <trkpt lat="33.31003465689719" lon="130.30246127396822">
        <ele>18.6</ele>
      </trkpt>
      <trkpt lat="33.31004798412323" lon="130.30241567641497">
        <ele>18.4</ele>
      </trkpt>
      <trkpt lat="33.31004798412323" lon="130.3023769520223">
        <ele>18.4</ele>
      </trkpt>
      <trkpt lat="33.31006030552089" lon="130.3023277502507">
        <ele>18.2</ele>
      </trkpt>
      <trkpt lat="33.31006181426346" lon="130.3022931329906">
        <ele>18.2</ele>
      </trkpt>
      <trkpt lat="33.31007388420403" lon="130.30224191956222">
        <ele>18.0</ele>
      </trkpt>
      <trkpt lat="33.31007665023208" lon="130.30220587737858">
        <ele>18.0</ele>
      </trkpt>
      <trkpt lat="33.310086876153946" lon="130.30215902253985">
        <ele>18.0</ele>
      </trkpt>
      <trkpt lat="33.31009492278099" lon="130.30211862176657">
        <ele>18.0</ele>
      </trkpt>
      <trkpt lat="33.31010514870286" lon="130.30207260511816">
        <ele>18.0</ele>
      </trkpt>
      <trkpt lat="33.31011353060603" lon="130.3020327910781">
        <ele>18.0</ele>
      </trkpt>
      <trkpt lat="33.31012266688049" lon="130.3019931446761">
        <ele>18.0</ele>
      </trkpt>
      <trkpt lat="33.31013012677431" lon="130.30195157043636">
        <ele>18.0</ele>
      </trkpt>
      <trkpt lat="33.31013456918299" lon="130.30190588906407">
        <ele>18.0</ele>
      </trkpt>
      <trkpt lat="33.310135239735246" lon="130.30186347663403">
        <ele>17.8</ele>
      </trkpt>
      <trkpt lat="33.3101359102875" lon="130.30182290822268">
        <ele>18.0</ele>
      </trkpt>
      <trkpt lat="33.31014337018132" lon="130.30177454464138">
        <ele>18.0</ele>
      </trkpt>
      <trkpt lat="33.31014194525778" lon="130.30173397623003">
        <ele>17.8</ele>
      </trkpt>
      <trkpt lat="33.310149908065796" lon="130.3016815893352">
        <ele>18.0</ele>
      </trkpt>
      <trkpt lat="33.3101549372077" lon="130.30163934454322">
        <ele>18.0</ele>
      </trkpt>
      <trkpt lat="33.31016147509217" lon="130.3015856165439">
        <ele>18.0</ele>
      </trkpt>
      <trkpt lat="33.31015979871154" lon="130.30154982581735">
        <ele>18.0</ele>
      </trkpt>
      <trkpt lat="33.31016767770052" lon="130.30150364153087">
        <ele>18.0</ele>
      </trkpt>
      <trkpt lat="33.310163486748934" lon="130.30146575532854">
        <ele>18.2</ele>
      </trkpt>
      <trkpt lat="33.31017019227147" lon="130.30142409726977">
        <ele>18.2</ele>
      </trkpt>
      <trkpt lat="33.310170359909534" lon="130.3013845346868">
        <ele>18.2</ele>
      </trkpt>
      <trkpt lat="33.31017781980336" lon="130.3013350814581">
        <ele>18.2</ele>
      </trkpt>
      <trkpt lat="33.31017664633691" lon="130.30128956772387">
        <ele>18.2</ele>
      </trkpt>
      <trkpt lat="33.31018343567848" lon="130.3012355044484">
        <ele>18.2</ele>
      </trkpt>
      <trkpt lat="33.3101877104491" lon="130.3011926729232">
        <ele>18.2</ele>
      </trkpt>
      <trkpt lat="33.31019416451454" lon="130.30114372260869">
        <ele>18.0</ele>
      </trkpt>
      <trkpt lat="33.3101998642087" lon="130.30110139399767">
        <ele>18.0</ele>
      </trkpt>
      <trkpt lat="33.31020908430219" lon="130.3010562993586">
        <ele>18.0</ele>
      </trkpt>
      <trkpt lat="33.31021402962506" lon="130.30100810341537">
        <ele>18.0</ele>
      </trkpt>
      <trkpt lat="33.310221154242754" lon="130.30096569098532">
        <ele>18.2</ele>
      </trkpt>
      <trkpt lat="33.31022878177464" lon="130.3009151481092">
        <ele>18.2</ele>
      </trkpt>
      <trkpt lat="33.310230961069465" lon="130.3008734062314">
        <ele>18.2</ele>
      </trkpt>
      <trkpt lat="33.310234816744924" lon="130.30082386918366">
        <ele>18.2</ele>
      </trkpt>
      <trkpt lat="33.31024009734392" lon="130.30078078620136">
        <ele>18.4</ele>
      </trkpt>
      <trkpt lat="33.31024596467614" lon="130.30073191970587">
        <ele>18.4</ele>
      </trkpt>
      <trkpt lat="33.310246635228395" lon="130.30068699270487">
        <ele>18.4</ele>
      </trkpt>
      <trkpt lat="33.31025216728449" lon="130.30063468962908">
        <ele>18.4</ele>
      </trkpt>
      <trkpt lat="33.31025677733123" lon="130.30059294775128">
        <ele>18.6</ele>
      </trkpt>
      <trkpt lat="33.310254933312535" lon="130.30054114758968">
        <ele>18.6</ele>
      </trkpt>
      <trkpt lat="33.310257783159614" lon="130.3004994057119">
        <ele>18.6</ele>
      </trkpt>
      <trkpt lat="33.31026650033891" lon="130.30045037157834">
        <ele>18.4</ele>
      </trkpt>
      <trkpt lat="33.31026683561504" lon="130.3004106413573">
        <ele>18.6</ele>
      </trkpt>
      <trkpt lat="33.310272535309196" lon="130.30035632662475">
        <ele>18.6</ele>
      </trkpt>
      <trkpt lat="33.31027521751821" lon="130.3003157582134">
        <ele>18.6</ele>
      </trkpt>
      <trkpt lat="33.31028678454459" lon="130.3002658020705">
        <ele>18.4</ele>
      </trkpt>
      <trkpt lat="33.31028359942138" lon="130.30023084953427">
        <ele>18.4</ele>
      </trkpt>
      <trkpt lat="33.310290640220046" lon="130.30018667690456">
        <ele>18.4</ele>
      </trkpt>
      <trkpt lat="33.310292484238744" lon="130.30014736577868">
        <ele>18.4</ele>
      </trkpt>
      <trkpt lat="33.31030061468482" lon="130.30009724199772">
        <ele>18.4</ele>
      </trkpt>
      <trkpt lat="33.31030094996095" lon="130.30005776323378">
        <ele>18.4</ele>
      </trkpt>
      <trkpt lat="33.3103034645319" lon="130.3000136744231">
        <ele>18.4</ele>
      </trkpt>
      <trkpt lat="33.310300866141915" lon="130.29997495003045">
        <ele>18.4</ele>
      </trkpt>
      <trkpt lat="33.31029960885644" lon="130.29993672855198">
        <ele>18.4</ele>
      </trkpt>
      <trkpt lat="33.310303799808025" lon="130.2998921368271">
        <ele>18.4</ele>
      </trkpt>
      <trkpt lat="33.31030564382672" lon="130.29984888620675">
        <ele>18.4</ele>
      </trkpt>
      <trkpt lat="33.31030832603574" lon="130.29980085790157">
        <ele>18.6</ele>
      </trkpt>
      <trkpt lat="33.3103121817112" lon="130.29975584708154">
        <ele>18.8</ele>
      </trkpt>
      <trkpt lat="33.31032156944275" lon="130.2997031249106">
        <ele>19.0</ele>
      </trkpt>
      <trkpt lat="33.31032014451921" lon="130.29966264031827">
        <ele>19.0</ele>
      </trkpt>
      <trkpt lat="33.3103259280324" lon="130.29961176216602">
        <ele>19.0</ele>
      </trkpt>
      <trkpt lat="33.310331627726555" lon="130.29956884682178">
        <ele>19.0</ele>
      </trkpt>
      <trkpt lat="33.31033917143941" lon="130.29951855540276">
        <ele>19.0</ele>
      </trkpt>
      <trkpt lat="33.31033757887781" lon="130.29947924427688">
        <ele>19.0</ele>
      </trkpt>
      <trkpt lat="33.310340931639075" lon="130.29943984933197">
        <ele>19.0</ele>
      </trkpt>
      <trkpt lat="33.31034512259066" lon="130.29939793981612">
        <ele>19.0</ele>
      </trkpt>
      <trkpt lat="33.31034855917096" lon="130.2993529289961">
        <ele>19.2</ele>
      </trkpt>
      <trkpt lat="33.3103534206748" lon="130.29930892400444">
        <ele>19.2</ele>
      </trkpt>
      <trkpt lat="33.31035568378866" lon="130.29927011579275">
        <ele>19.2</ele>
      </trkpt>
      <trkpt lat="33.31036314368248" lon="130.29922368004918">
        <ele>19.2</ele>
      </trkpt>
      <trkpt lat="33.31036364659667" lon="130.29918336309493">
        <ele>19.2</ele>
      </trkpt>
      <trkpt lat="33.31036658026278" lon="130.29913843609393">
        <ele>19.2</ele>
      </trkpt>
      <trkpt lat="33.31036658026278" lon="130.29910339973867">
        <ele>19.0</ele>
      </trkpt>
      <trkpt lat="33.310372447595" lon="130.29905092902482">
        <ele>19.0</ele>
      </trkpt>
      <trkpt lat="33.31037328578532" lon="130.2990125399083">
        <ele>19.0</ele>
      </trkpt>
      <trkpt lat="33.31038041040301" lon="130.2989660203457">
        <ele>19.0</ele>
      </trkpt>
      <trkpt lat="33.31038367934525" lon="130.29893006198108">
        <ele>19.2</ele>
      </trkpt>
      <trkpt lat="33.31039105542004" lon="130.29888060875237">
        <ele>19.2</ele>
      </trkpt>
      <trkpt lat="33.31038845703006" lon="130.29883978888392">
        <ele>19.2</ele>
      </trkpt>
      <trkpt lat="33.310394240543246" lon="130.29879176057875">
        <ele>19.2</ele>
      </trkpt>
      <trkpt lat="33.310390803962946" lon="130.29874993488193">
        <ele>19.4</ele>
      </trkpt>
      <trkpt lat="33.310403460636735" lon="130.29871112667024">
        <ele>19.4</ele>
      </trkpt>
      <trkpt lat="33.31040111370385" lon="130.29867416247725">
        <ele>19.4</ele>
      </trkpt>
      <trkpt lat="33.31040756776929" lon="130.29862579889596">
        <ele>19.4</ele>
      </trkpt>
      <trkpt lat="33.31041092053056" lon="130.2985891699791">
        <ele>19.6</ele>
      </trkpt>
      <trkpt lat="33.31041502766311" lon="130.29853954911232">
        <ele>19.6</ele>
      </trkpt>
      <trkpt lat="33.31042114645243" lon="130.29849462211132">
        <ele>19.6</ele>
      </trkpt>
      <trkpt lat="33.31042357720435" lon="130.29845447279513">
        <ele>19.6</ele>
      </trkpt>
      <trkpt lat="33.31042382866144" lon="130.29840619303286">
        <ele>19.6</ele>
      </trkpt>
      <trkpt lat="33.31042131409049" lon="130.29836570844054">
        <ele>19.6</ele>
      </trkpt>
      <trkpt lat="33.31043019890785" lon="130.29831415973604">
        <ele>19.6</ele>
      </trkpt>
      <trkpt lat="33.3104258403182" lon="130.2982741780579">
        <ele>19.6</ele>
      </trkpt>
      <trkpt lat="33.31043438985944" lon="130.29822137206793">
        <ele>19.6</ele>
      </trkpt>
      <trkpt lat="33.31043070182204" lon="130.2981827314943">
        <ele>19.4</ele>
      </trkpt>
      <trkpt lat="33.3104416821152" lon="130.29813503846526">
        <ele>19.4</ele>
      </trkpt>
      <trkpt lat="33.31044268794358" lon="130.29809438623488">
        <ele>19.2</ele>
      </trkpt>
      <trkpt lat="33.31044805236161" lon="130.29803965240717">
        <ele>19.2</ele>
      </trkpt>
      <trkpt lat="33.3104448672384" lon="130.29799623414874">
        <ele>19.2</ele>
      </trkpt>
      <trkpt lat="33.31045760773122" lon="130.29795164242387">
        <ele>19.2</ele>
      </trkpt>
      <trkpt lat="33.31045894883573" lon="130.2979118283838">
        <ele>19.2</ele>
      </trkpt>
      <trkpt lat="33.31046330742538" lon="130.2978687454015">
        <ele>19.2</ele>
      </trkpt>
      <trkpt lat="33.31046783365309" lon="130.29782968573272">
        <ele>19.2</ele>
      </trkpt>
      <trkpt lat="33.310477221384645" lon="130.29778861440718">
        <ele>19.4</ele>
      </trkpt>
      <trkpt lat="33.310485519468784" lon="130.29774025082588">
        <ele>19.4</ele>
      </trkpt>
      <trkpt lat="33.31049105152488" lon="130.2976961620152">
        <ele>19.4</ele>
      </trkpt>
      <trkpt lat="33.310492811724544" lon="130.29764981009066">
        <ele>19.4</ele>
      </trkpt>
      <trkpt lat="33.3104966674" lon="130.2975991833955">
        <ele>19.4</ele>
      </trkpt>
      <trkpt lat="33.31050077453256" lon="130.29755291529">
        <ele>19.4</ele>
      </trkpt>
      <trkpt lat="33.31050085835159" lon="130.2975116763264">
        <ele>19.4</ele>
      </trkpt>
      <trkpt lat="33.31050571985543" lon="130.29746431857347">
        <ele>19.4</ele>
      </trkpt>
      <trkpt lat="33.310501612722874" lon="130.2974318806082">
        <ele>19.2</ele>
      </trkpt>
      <trkpt lat="33.31050421111286" lon="130.29738435521722">
        <ele>19.2</ele>
      </trkpt>
      <trkpt lat="33.31050337292254" lon="130.29733825474977">
        <ele>19.2</ele>
      </trkpt>
      <trkpt lat="33.31050178036094" lon="130.29728159308434">
        <ele>19.2</ele>
      </trkpt>
      <trkpt lat="33.31050429493189" lon="130.29723943211138">
        <ele>19.2</ele>
      </trkpt>
      <trkpt lat="33.31051116809249" lon="130.297188218683">
        <ele>19.2</ele>
      </trkpt>
      <trkpt lat="33.31051217392087" lon="130.29714656062424">
        <ele>19.2</ele>
      </trkpt>
      <trkpt lat="33.310518795624375" lon="130.29710138216615">
        <ele>19.2</ele>
      </trkpt>
      <trkpt lat="33.310520304366946" lon="130.29705402441323">
        <ele>19.2</ele>
      </trkpt>
      <trkpt lat="33.31052357330918" lon="130.2970151323825">
        <ele>19.0</ele>
      </trkpt>
      <trkpt lat="33.310529524460435" lon="130.29697012156248">
        <ele>19.0</ele>
      </trkpt>
      <trkpt lat="33.310533380135894" lon="130.29692695476115">
        <ele>19.0</ele>
      </trkpt>
      <trkpt lat="33.3105365652591" lon="130.29688286595047">
        <ele>19.0</ele>
      </trkpt>
      <trkpt lat="33.31053757108748" lon="130.29683525674045">
        <ele>19.0</ele>
      </trkpt>
      <trkpt lat="33.31054645590484" lon="130.29678588733077">
        <ele>18.8</ele>
      </trkpt>
      <trkpt lat="33.310550982132554" lon="130.29674221761525">
        <ele>18.6</ele>
      </trkpt>
      <trkpt lat="33.31055483780801" lon="130.29669863171875">
        <ele>18.6</ele>
      </trkpt>
      <trkpt lat="33.31055701710284" lon="130.2966551296413">
        <ele>18.8</ele>
      </trkpt>
      <trkpt lat="33.31056891940534" lon="130.29660676606">
        <ele>18.8</ele>
      </trkpt>
      <trkpt lat="33.3105711825192" lon="130.2965629287064">
        <ele>19.0</ele>
      </trkpt>
      <trkpt lat="33.3105796482414" lon="130.29651381075382">
        <ele>19.0</ele>
      </trkpt>
      <trkpt lat="33.3105778042227" lon="130.296477265656">
        <ele>19.0</ele>
      </trkpt>
      <trkpt lat="33.31058543175459" lon="130.29643292538822">
        <ele>19.0</ele>
      </trkpt>
      <trkpt lat="33.310586521402" lon="130.29639738611877">
        <ele>19.0</ele>
      </trkpt>
      <trkpt lat="33.31058979034424" lon="130.29635053128004">
        <ele>19.0</ele>
      </trkpt>
      <trkpt lat="33.31059138290584" lon="130.2963073644787">
        <ele>19.0</ele>
      </trkpt>
      <trkpt lat="33.310601357370615" lon="130.2962531335652">
        <ele>19.0</ele>
      </trkpt>
      <trkpt lat="33.31059884279966" lon="130.29621767811477">
        <ele>19.0</ele>
      </trkpt>
      <trkpt lat="33.310606218874454" lon="130.29616638086736">
        <ele>19.0</ele>
      </trkpt>
      <trkpt lat="33.31060487776995" lon="130.29613008722663">
        <ele>19.0</ele>
      </trkpt>
      <trkpt lat="33.31060839816928" lon="130.29608448967338">
        <ele>19.0</ele>
      </trkpt>
      <trkpt lat="33.31061091274023" lon="130.2960451785475">
        <ele>19.0</ele>
      </trkpt>
      <trkpt lat="33.31061820499599" lon="130.29600326903164">
        <ele>19.0</ele>
      </trkpt>
      <trkpt lat="33.31062667071819" lon="130.2959595154971">
        <ele>19.0</ele>
      </trkpt>
      <trkpt lat="33.31062859855592" lon="130.29591584578156">
        <ele>19.2</ele>
      </trkpt>
      <trkpt lat="33.31063387915492" lon="130.29586907476187">
        <ele>19.2</ele>
      </trkpt>
      <trkpt lat="33.31063639372587" lon="130.29582909308374">
        <ele>19.4</ele>
      </trkpt>
      <trkpt lat="33.310637483373284" lon="130.29578391462564">
        <ele>19.4</ele>
      </trkpt>
      <trkpt lat="33.31063907593489" lon="130.2957423403859">
        <ele>19.4</ele>
      </trkpt>
      <trkpt lat="33.31064469181001" lon="130.29569665901363">
        <ele>19.4</ele>
      </trkpt>
      <trkpt lat="33.31064418889582" lon="130.29566044919193">
        <ele>19.4</ele>
      </trkpt>
      <trkpt lat="33.31065324135125" lon="130.2956125047058">
        <ele>19.4</ele>
      </trkpt>
      <trkpt lat="33.310652235522866" lon="130.29557285830379">
        <ele>19.6</ele>
      </trkpt>
      <trkpt lat="33.310659443959594" lon="130.29552273452282">
        <ele>19.6</ele>
      </trkpt>
      <trkpt lat="33.31065776757896" lon="130.2954875305295">
        <ele>19.6</ele>
      </trkpt>
      <trkpt lat="33.31066522747278" lon="130.2954370714724">
        <ele>19.6</ele>
      </trkpt>
      <trkpt lat="33.31066556274891" lon="130.2954024542123">
        <ele>19.6</ele>
      </trkpt>
      <trkpt lat="33.31067595630884" lon="130.29535886831582">
        <ele>19.6</ele>
      </trkpt>
      <trkpt lat="33.310671765357256" lon="130.29532383196056">
        <ele>19.8</ele>
      </trkpt>
      <trkpt lat="33.31067184917629" lon="130.29527546837926">
        <ele>19.8</ele>
      </trkpt>
      <trkpt lat="33.31066966988146" lon="130.2952406834811">
        <ele>19.8</ele>
      </trkpt>
      <trkpt lat="33.31066908314824" lon="130.2951923198998">
        <ele>19.8</ele>
      </trkpt>
      <trkpt lat="33.31066866405308" lon="130.29515158385038">
        <ele>19.8</ele>
      </trkpt>
      <trkpt lat="33.31067645922303" lon="130.2951141167432">
        <ele>20.0</ele>
      </trkpt>
      <trkpt lat="33.31068224273622" lon="130.295066004619">
        <ele>20.0</ele>
      </trkpt>
      <trkpt lat="33.31069163046777" lon="130.29502518475056">
        <ele>20.0</ele>
      </trkpt>
      <trkpt lat="33.31069531850517" lon="130.294981431216">
        <ele>20.0</ele>
      </trkpt>
      <trkpt lat="33.310698168352246" lon="130.29494010843337">
        <ele>20.0</ele>
      </trkpt>
      <trkpt lat="33.310703532770276" lon="130.2948934212327">
        <ele>20.0</ele>
      </trkpt>
      <trkpt lat="33.3107022754848" lon="130.29485209845006">
        <ele>20.0</ele>
      </trkpt>
      <trkpt lat="33.31070973537862" lon="130.29480616562068">
        <ele>19.8</ele>
      </trkpt>
      <trkpt lat="33.310708310455084" lon="130.29476702213287">
        <ele>19.8</ele>
      </trkpt>
      <trkpt lat="33.3107162732631" lon="130.29472050257027">
        <ele>19.8</ele>
      </trkpt>
      <trkpt lat="33.31071308813989" lon="130.29468814842403">
        <ele>19.8</ele>
      </trkpt>
      <trkpt lat="33.3107144292444" lon="130.29463844373822">
        <ele>20.0</ele>
      </trkpt>
      <trkpt lat="33.31071250140667" lon="130.29459670186043">
        <ele>20.0</ele>
      </trkpt>
      <trkpt lat="33.310721302405" lon="130.29454867355525">
        <ele>20.0</ele>
      </trkpt>
      <trkpt lat="33.31072482280433" lon="130.2945094462484">
        <ele>20.2</ele>
      </trkpt>
      <trkpt lat="33.31073446199298" lon="130.29446326196194">
        <ele>20.2</ele>
      </trkpt>
      <trkpt lat="33.3107297681272" lon="130.2944301534444">
        <ele>20.2</ele>
      </trkpt>
      <trkpt lat="33.310738233849406" lon="130.29438480734825">
        <ele>20.2</ele>
      </trkpt>
      <trkpt lat="33.31073856912553" lon="130.29434541240335">
        <ele>20.2</ele>
      </trkpt>
      <trkpt lat="33.310744520276785" lon="130.29430174268782">
        <ele>20.2</ele>
      </trkpt>
      <trkpt lat="33.31074980087578" lon="130.29425815679133">
        <ele>20.2</ele>
      </trkpt>
      <trkpt lat="33.31075633876026" lon="130.29421482235193">
        <ele>20.4</ele>
      </trkpt>
      <trkpt lat="33.310756757855415" lon="130.29417240992188">
        <ele>20.4</ele>
      </trkpt>
      <trkpt lat="33.31075709313154" lon="130.29413712210953">
        <ele>20.4</ele>
      </trkpt>
      <trkpt lat="33.310760110616684" lon="130.29409060254693">
        <ele>20.4</ele>
      </trkpt>
      <trkpt lat="33.31075617112219" lon="130.29405489563942">
        <ele>20.4</ele>
      </trkpt>
      <trkpt lat="33.310764050111175" lon="130.29400762170553">
        <ele>20.4</ele>
      </trkpt>
      <trkpt lat="33.31076027825475" lon="130.2939681429416">
        <ele>20.4</ele>
      </trkpt>
      <trkpt lat="33.31076136790216" lon="130.29391760006547">
        <ele>20.4</ele>
      </trkpt>
      <trkpt lat="33.310762541368604" lon="130.2938801329583">
        <ele>20.4</ele>
      </trkpt>
      <trkpt lat="33.31077561713755" lon="130.29382690787315">
        <ele>20.6</ele>
      </trkpt>
      <trkpt lat="33.310771929100156" lon="130.29378742910922">
        <ele>20.6</ele>
      </trkpt>
      <trkpt lat="33.310782657936215" lon="130.29373562894762">
        <ele>20.6</ele>
      </trkpt>
      <trkpt lat="33.310781149193645" lon="130.29370050877333">
        <ele>20.6</ele>
      </trkpt>
      <trkpt lat="33.31078760325909" lon="130.29364560730755">
        <ele>20.6</ele>
      </trkpt>
      <trkpt lat="33.31078374758363" lon="130.29361291788518">
        <ele>20.6</ele>
      </trkpt>
      <trkpt lat="33.31078785471618" lon="130.29357151128352">
        <ele>20.6</ele>
      </trkpt>
      <trkpt lat="33.31078642979264" lon="130.29353647492826">
        <ele>20.8</ele>
      </trkpt>
      <trkpt lat="33.31079472787678" lon="130.2934932243079">
        <ele>20.8</ele>
      </trkpt>
      <trkpt lat="33.31079615280032" lon="130.29345114715397">
        <ele>20.8</ele>
      </trkpt>
      <trkpt lat="33.31079891882837" lon="130.29340353794396">
        <ele>20.8</ele>
      </trkpt>
      <trkpt lat="33.310801265761256" lon="130.293358694762">
        <ele>20.8</ele>
      </trkpt>
      <trkpt lat="33.31080788746476" lon="130.29331955127418">
        <ele>20.8</ele>
      </trkpt>
      <trkpt lat="33.31081316806376" lon="130.29327822849154">
        <ele>20.8</ele>
      </trkpt>
      <trkpt lat="33.31081652082503" lon="130.2932358160615">
        <ele>20.8</ele>
      </trkpt>
      <trkpt lat="33.3108214661479" lon="130.29318837448955">
        <ele>20.8</ele>
      </trkpt>
      <trkpt lat="33.31082347780466" lon="130.29314747080207">
        <ele>20.6</ele>
      </trkpt>
      <trkpt lat="33.310834877192974" lon="130.29309634119272">
        <ele>20.6</ele>
      </trkpt>
      <trkpt lat="33.31083169206977" lon="130.2930595446378">
        <ele>20.6</ele>
      </trkpt>
      <trkpt lat="33.31083822995424" lon="130.2930069901049">
        <ele>20.4</ele>
      </trkpt>
      <trkpt lat="33.31083755940199" lon="130.29296826571226">
        <ele>20.4</ele>
      </trkpt>
      <trkpt lat="33.31084510311484" lon="130.2929168008268">
        <ele>20.2</ele>
      </trkpt>
      <trkpt lat="33.31084971316159" lon="130.2928758971393">
        <ele>20.2</ele>
      </trkpt>
      <trkpt lat="33.310862286016345" lon="130.29282719828188">
        <ele>20.0</ele>
      </trkpt>
      <trkpt lat="33.31086211837828" lon="130.2927883900702">
        <ele>20.0</ele>
      </trkpt>
      <trkpt lat="33.31087611615658" lon="130.29273876920342">
        <ele>19.8</ele>
      </trkpt>
      <trkpt lat="33.31087368540466" lon="130.29269551858306">
        <ele>19.8</ele>
      </trkpt>
      <trkpt lat="33.31087335012853" lon="130.2926483284682">
        <ele>19.8</ele>
      </trkpt>
      <trkpt lat="33.31086848862469" lon="130.2926065865904">
        <ele>19.8</ele>
      </trkpt>
      <trkpt lat="33.310872595757246" lon="130.29256149195135">
        <ele>19.8</ele>
      </trkpt>
      <trkpt lat="33.3108767028898" lon="130.29252192936838">
        <ele>19.8</ele>
      </trkpt>
      <trkpt lat="33.3108854200691" lon="130.2924725599587">
        <ele>19.8</ele>
      </trkpt>
      <trkpt lat="33.31089329905808" lon="130.29242461547256">
        <ele>20.0</ele>
      </trkpt>
      <trkpt lat="33.31089614890516" lon="130.2923771739006">
        <ele>20.0</ele>
      </trkpt>
      <trkpt lat="33.3108938857913" lon="130.29233266599476">
        <ele>20.0</ele>
      </trkpt>
      <trkpt lat="33.31089681945741" lon="130.2922841347754">
        <ele>19.8</ele>
      </trkpt>
      <trkpt lat="33.310899417847395" lon="130.29223904013634">
        <ele>19.8</ele>
      </trkpt>
      <trkpt lat="33.31090293824673" lon="130.29220266267657">
        <ele>19.8</ele>
      </trkpt>
      <trkpt lat="33.310908218845725" lon="130.29215740039945">
        <ele>19.8</ele>
      </trkpt>
      <trkpt lat="33.31090402789414" lon="130.29212253168225">
        <ele>20.0</ele>
      </trkpt>
      <trkpt lat="33.31090587191284" lon="130.29207165353">
        <ele>20.0</ele>
      </trkpt>
      <trkpt lat="33.310901429504156" lon="130.29203695245087">
        <ele>20.0</ele>
      </trkpt>
      <trkpt lat="33.310904866084456" lon="130.29198423027992">
        <ele>20.0</ele>
      </trkpt>
      <trkpt lat="33.31090511754155" lon="130.29195045121014">
        <ele>20.0</ele>
      </trkpt>
      <trkpt lat="33.31091534346342" lon="130.2918953821063">
        <ele>20.0</ele>
      </trkpt>
      <trkpt lat="33.31091232597828" lon="130.29185540042818">
        <ele>20.0</ele>
      </trkpt>
      <trkpt lat="33.310922384262085" lon="130.2918134070933">
        <ele>20.0</ele>
      </trkpt>
      <trkpt lat="33.31092841923237" lon="130.2917674742639">
        <ele>20.0</ele>
      </trkpt>
      <trkpt lat="33.310936046764255" lon="130.291728079319">
        <ele>20.0</ele>
      </trkpt>
      <trkpt lat="33.31093789078295" lon="130.29168432578444">
        <ele>20.0</ele>
      </trkpt>
      <trkpt lat="33.310940908268094" lon="130.29163604602218">
        <ele>20.0</ele>
      </trkpt>
      <trkpt lat="33.310938561335206" lon="130.2915898617357">
        <ele>20.0</ele>
      </trkpt>
      <trkpt lat="33.31094266846776" lon="130.29154594056308">
        <ele>20.0</ele>
      </trkpt>
      <trkpt lat="33.31094803288579" lon="130.29150109738111">
        <ele>20.0</ele>
      </trkpt>
      <trkpt lat="33.310950295999646" lon="130.29146161861718">
        <ele>20.0</ele>
      </trkpt>
      <trkpt lat="33.3109559956938" lon="130.29141870327294">
        <ele>20.0</ele>
      </trkpt>
      <trkpt lat="33.31095918081701" lon="130.29137779958546">
        <ele>20.2</ele>
      </trkpt>
      <trkpt lat="33.310961024835706" lon="130.29133387841284">
        <ele>20.4</ele>
      </trkpt>
      <trkpt lat="33.310963371768594" lon="130.2912969980389">
        <ele>20.4</ele>
      </trkpt>
      <trkpt lat="33.31097058020532" lon="130.29124025255442">
        <ele>20.2</ele>
      </trkpt>
      <trkpt lat="33.310971753671765" lon="130.2911997679621">
        <ele>20.2</ele>
      </trkpt>
      <trkpt lat="33.310981057584286" lon="130.29114972800016">
        <ele>20.2</ele>
      </trkpt>
      <trkpt lat="33.31098181195557" lon="130.2911104168743">
        <ele>20.0</ele>
      </trkpt>
      <trkpt lat="33.31099044531584" lon="130.29105744324625">
        <ele>20.0</ele>
      </trkpt>
      <trkpt lat="33.310989271849394" lon="130.29101888649166">
        <ele>20.0</ele>
      </trkpt>
      <trkpt lat="33.310995725914836" lon="130.29096918180585">
        <ele>19.8</ele>
      </trkpt>
      <trkpt lat="33.31099455244839" lon="130.29093322344124">
        <ele>20.0</ele>
      </trkpt>
      <trkpt lat="33.31100410781801" lon="130.29088720679283">
        <ele>20.0</ele>
      </trkpt>
      <trkpt lat="33.31100662238896" lon="130.29085158370435">
        <ele>20.2</ele>
      </trkpt>
      <trkpt lat="33.31101592630148" lon="130.2908062376082">
        <ele>20.2</ele>
      </trkpt>
      <trkpt lat="33.31102145835757" lon="130.2907589636743">
        <ele>20.2</ele>
      </trkpt>
      <trkpt lat="33.31102430820465" lon="130.29071839526296">
        <ele>20.2</ele>
      </trkpt>
      <trkpt lat="33.31102975644171" lon="130.29067313298583">
        <ele>20.2</ele>
      </trkpt>
      <trkpt lat="33.31103067845106" lon="130.2906334027648">
        <ele>20.2</ele>
      </trkpt>
      <trkpt lat="33.311038222163916" lon="130.29058596119285">
        <ele>20.2</ele>
      </trkpt>
      <trkpt lat="33.31103612668812" lon="130.2905469853431">
        <ele>20.4</ele>
      </trkpt>
      <trkpt lat="33.31104232929647" lon="130.29049644246697">
        <ele>20.4</ele>
      </trkpt>
      <trkpt lat="33.31103989854455" lon="130.2904605679214">
        <ele>20.4</ele>
      </trkpt>
      <trkpt lat="33.31103755161166" lon="130.29040549881756">
        <ele>20.6</ele>
      </trkpt>
      <trkpt lat="33.31103461794555" lon="130.29036995954812">
        <ele>20.6</ele>
      </trkpt>
      <trkpt lat="33.31104383803904" lon="130.29031908139586">
        <ele>20.6</ele>
      </trkpt>
      <trkpt lat="33.31104467622936" lon="130.2902811113745">
        <ele>20.6</ele>
      </trkpt>
      <trkpt lat="33.311050459742546" lon="130.2902372740209">
        <ele>20.6</ele>
      </trkpt>
      <trkpt lat="33.311050375923514" lon="130.2902013156563">
        <ele>20.6</ele>
      </trkpt>
      <trkpt lat="33.31104719080031" lon="130.29015102423728">
        <ele>20.6</ele>
      </trkpt>
      <trkpt lat="33.31105079501867" lon="130.29010425321758">
        <ele>20.6</ele>
      </trkpt>
      <trkpt lat="33.31104719080031" lon="130.29006351716816">
        <ele>20.8</ele>
      </trkpt>
      <trkpt lat="33.311047023162246" lon="130.29002177529037">
        <ele>20.8</ele>
      </trkpt>
      <trkpt lat="33.31104182638228" lon="130.28998523019254">
        <ele>20.8</ele>
      </trkpt>
      <trkpt lat="33.31104090437293" lon="130.2899370342493">
        <ele>20.8</ele>
      </trkpt>
      <trkpt lat="33.31103411503136" lon="130.28990509919822">
        <ele>20.8</ele>
      </trkpt>
      <trkpt lat="33.31103118136525" lon="130.28985707089305">
        <ele>20.8</ele>
      </trkpt>
      <trkpt lat="33.311026990413666" lon="130.28982262127101">
        <ele>20.8</ele>
      </trkpt>
      <trkpt lat="33.31102422438562" lon="130.28977015055716">
        <ele>20.8</ele>
      </trkpt>
      <trkpt lat="33.31102229654789" lon="130.2897314261645">
        <ele>20.8</ele>
      </trkpt>
      <trkpt lat="33.31102129071951" lon="130.28967836871743">
        <ele>20.6</ele>
      </trkpt>
      <trkpt lat="33.311012824997306" lon="130.28963453136384">
        <ele>20.6</ele>
      </trkpt>
      <trkpt lat="33.31101709976792" lon="130.2895913645625">
        <ele>20.6</ele>
      </trkpt>
      <trkpt lat="33.31101165153086" lon="130.2895519696176">
        <ele>20.6</ele>
      </trkpt>
      <trkpt lat="33.31100997515023" lon="130.28950897045434">
        <ele>20.6</ele>
      </trkpt>
      <trkpt lat="33.31100377254188" lon="130.2894692402333">
        <ele>20.4</ele>
      </trkpt>
      <trkpt lat="33.31099673174322" lon="130.28942330740392">
        <ele>20.4</ele>
      </trkpt>
      <trkpt lat="33.310988852754235" lon="130.28938659466803">
        <ele>20.4</ele>
      </trkpt>
      <trkpt lat="33.310983991250396" lon="130.28933588415384">
        <ele>20.4</ele>
      </trkpt>
      <trkpt lat="33.310979129746556" lon="130.2892921306193">
        <ele>20.4</ele>
      </trkpt>
      <trkpt lat="33.31097829155624" lon="130.28924083337188">
        <ele>20.4</ele>
      </trkpt>
      <trkpt lat="33.310973681509495" lon="130.2892017737031">
        <ele>20.4</ele>
      </trkpt>
      <trkpt lat="33.310966892167926" lon="130.28915927745402">
        <ele>20.4</ele>
      </trkpt>
      <trkpt lat="33.310960438102484" lon="130.28912214562297">
        <ele>20.4</ele>
      </trkpt>
      <trkpt lat="33.31095289438963" lon="130.28908660635352">
        <ele>20.4</ele>
      </trkpt>
      <trkpt lat="33.31094644032419" lon="130.28903966769576">
        <ele>20.4</ele>
      </trkpt>
      <trkpt lat="33.31093680113554" lon="130.289000691846">
        <ele>20.4</ele>
      </trkpt>
      <trkpt lat="33.31093420274556" lon="130.28895048424602">
        <ele>20.4</ele>
      </trkpt>
      <trkpt lat="33.310939483344555" lon="130.2889115922153">
        <ele>20.4</ele>
      </trkpt>
      <trkpt lat="33.31092833541334" lon="130.28886197134852">
        <ele>20.2</ele>
      </trkpt>
      <trkpt lat="33.310916516929865" lon="130.28882316313684">
        <ele>20.2</ele>
      </trkpt>
      <trkpt lat="33.310904363170266" lon="130.28877329081297">
        <ele>20.2</ele>
      </trkpt>
      <trkpt lat="33.31088785082102" lon="130.2887408528477">
        <ele>20.0</ele>
      </trkpt>
      <trkpt lat="33.3108782954514" lon="130.28868972323835">
        <ele>19.8</ele>
      </trkpt>
      <trkpt lat="33.310865638777614" lon="130.28865820728242">
        <ele>19.8</ele>
      </trkpt>
      <trkpt lat="33.31085775978863" lon="130.28860732913017">
        <ele>19.6</ele>
      </trkpt>
      <trkpt lat="33.310843678191304" lon="130.28857547789812">
        <ele>19.6</ele>
      </trkpt>
      <trkpt lat="33.31083772704005" lon="130.28853071853518">
        <ele>19.6</ele>
      </trkpt>
      <trkpt lat="33.310824232175946" lon="130.2884942572564">
        <ele>19.6</ele>
      </trkpt>
      <trkpt lat="33.310811156407" lon="130.28845838271081">
        <ele>19.6</ele>
      </trkpt>
      <trkpt lat="33.31079950556159" lon="130.28841429390013">
        <ele>19.6</ele>
      </trkpt>
      <trkpt lat="33.31078483723104" lon="130.28836458921432">
        <ele>19.8</ele>
      </trkpt>
      <trkpt lat="33.31077167764306" lon="130.28833642601967">
        <ele>19.8</ele>
      </trkpt>
      <trkpt lat="33.31075550056994" lon="130.28828588314354">
        <ele>19.8</ele>
      </trkpt>
      <trkpt lat="33.3107453584671" lon="130.28825151734054">
        <ele>19.8</ele>
      </trkpt>
      <trkpt lat="33.31073731184006" lon="130.28820164501667">
        <ele>19.8</ele>
      </trkpt>
      <trkpt lat="33.31072264350951" lon="130.28816753067076">
        <ele>19.8</ele>
      </trkpt>
      <trkpt lat="33.310711327940226" lon="130.28812394477427">
        <ele>19.8</ele>
      </trkpt>
      <trkpt lat="33.310703951865435" lon="130.2880832925439">
        <ele>19.6</ele>
      </trkpt>
      <trkpt lat="33.31068727187812" lon="130.28803450986743">
        <ele>19.6</ele>
      </trkpt>
      <trkpt lat="33.3106782194227" lon="130.28799125924706">
        <ele>19.6</ele>
      </trkpt>
      <trkpt lat="33.310667825862765" lon="130.2879519481212">
        <ele>19.6</ele>
      </trkpt>
      <trkpt lat="33.31065617501736" lon="130.28791196644306">
        <ele>19.6</ele>
      </trkpt>
      <trkpt lat="33.31065273843706" lon="130.28786594979465">
        <ele>19.6</ele>
      </trkpt>
      <trkpt lat="33.31064787693322" lon="130.28782781213522">
        <ele>19.8</ele>
      </trkpt>
      <trkpt lat="33.31063974648714" lon="130.28778489679098">
        <ele>19.6</ele>
      </trkpt>
      <trkpt lat="33.310631448403" lon="130.28774592094123">
        <ele>19.2</ele>
      </trkpt>
      <trkpt lat="33.310621809214354" lon="130.2877014130354">
        <ele>19.2</ele>
      </trkpt>
      <trkpt lat="33.310607643797994" lon="130.28766226954758">
        <ele>19.2</ele>
      </trkpt>
      <trkpt lat="33.31059490330517" lon="130.28762404806912">
        <ele>19.2</ele>
      </trkpt>
      <trkpt lat="33.310582246631384" lon="130.28758448548615">
        <ele>19.4</ele>
      </trkpt>
      <trkpt lat="33.31056497991085" lon="130.28754274360836">
        <ele>19.2</ele>
      </trkpt>
      <trkpt lat="33.31054637208581" lon="130.2875026781112">
        <ele>19.6</ele>
      </trkpt>
      <trkpt lat="33.31053547561169" lon="130.28746345080435">
        <ele>19.6</ele>
      </trkpt>
      <trkpt lat="33.31052768044174" lon="130.28741634450853">
        <ele>19.6</ele>
      </trkpt>
      <trkpt lat="33.31051351502538" lon="130.2873777039349">
        <ele>19.6</ele>
      </trkpt>
      <trkpt lat="33.31050337292254" lon="130.28733411803842">
        <ele>19.6</ele>
      </trkpt>
      <trkpt lat="33.310488453134894" lon="130.28730033896863">
        <ele>19.6</ele>
      </trkpt>
      <trkpt lat="33.31047747284174" lon="130.2872518915683">
        <ele>19.6</ele>
      </trkpt>
      <trkpt lat="33.3104641456157" lon="130.2872198726982">
        <ele>19.6</ele>
      </trkpt>
      <trkpt lat="33.31045065075159" lon="130.2871720958501">
        <ele>19.6</ele>
      </trkpt>
      <trkpt lat="33.31043413840234" lon="130.28714049607515">
        <ele>19.8</ele>
      </trkpt>
      <trkpt lat="33.31042131409049" lon="130.2870914619416">
        <ele>19.8</ele>
      </trkpt>
      <trkpt lat="33.310410836711526" lon="130.2870575990528">
        <ele>19.8</ele>
      </trkpt>
      <trkpt lat="33.31040077842772" lon="130.28701912611723">
        <ele>19.8</ele>
      </trkpt>
      <trkpt lat="33.31039784476161" lon="130.28697696514428">
        <ele>19.8</ele>
      </trkpt>
      <trkpt lat="33.31039105542004" lon="130.28693522326648">
        <ele>19.8</ele>
      </trkpt>
      <trkpt lat="33.31037965603173" lon="130.28689524158835">
        <ele>19.6</ele>
      </trkpt>
      <trkpt lat="33.31036917865276" lon="130.28686087578535">
        <ele>19.6</ele>
      </trkpt>
      <trkpt lat="33.31035819835961" lon="130.28682148084044">
        <ele>19.6</ele>
      </trkpt>
      <trkpt lat="33.31034445203841" lon="130.28678510338068">
        <ele>19.6</ele>
      </trkpt>
      <trkpt lat="33.310331627726555" lon="130.28674327768385">
        <ele>19.6</ele>
      </trkpt>
      <trkpt lat="33.31031444482505" lon="130.286711929366">
        <ele>19.6</ele>
      </trkpt>
      <trkpt lat="33.31030614674091" lon="130.2866706904024">
        <ele>19.4</ele>
      </trkpt>
      <trkpt lat="33.3102965913713" lon="130.28663288801908">
        <ele>19.4</ele>
      </trkpt>
      <trkpt lat="33.31028837710619" lon="130.28658460825682">
        <ele>19.4</ele>
      </trkpt>
      <trkpt lat="33.31027479842305" lon="130.28654797933996">
        <ele>19.6</ele>
      </trkpt>
      <trkpt lat="33.310264740139246" lon="130.28650162741542">
        <ele>19.6</ele>
      </trkpt>
      <trkpt lat="33.31024898216128" lon="130.286466171965">
        <ele>19.6</ele>
      </trkpt>
      <trkpt lat="33.310238840058446" lon="130.2864201553166">
        <ele>19.6</ele>
      </trkpt>
      <trkpt lat="33.310219729319215" lon="130.28638788498938">
        <ele>19.6</ele>
      </trkpt>
      <trkpt lat="33.31021059304476" lon="130.28634496964514">
        <ele>19.6</ele>
      </trkpt>
      <trkpt lat="33.31019709818065" lon="130.2863139566034">
        <ele>19.6</ele>
      </trkpt>
      <trkpt lat="33.31019173376262" lon="130.28626685030758">
        <ele>19.8</ele>
      </trkpt>
      <trkpt lat="33.31018335185945" lon="130.2862344123423">
        <ele>19.8</ele>
      </trkpt>
      <trkpt lat="33.310175808146596" lon="130.28618034906685">
        <ele>19.6</ele>
      </trkpt>
      <trkpt lat="33.31016281619668" lon="130.28614514507353">
        <ele>19.8</ele>
      </trkpt>
      <trkpt lat="33.31015250645578" lon="130.28609678149223">
        <ele>19.8</ele>
      </trkpt>
      <trkpt lat="33.3101393468678" lon="130.28606375679374">
        <ele>19.8</ele>
      </trkpt>
      <trkpt lat="33.310132725164294" lon="130.2860229369253">
        <ele>19.8</ele>
      </trkpt>
      <trkpt lat="33.310124510899186" lon="130.28598236851394">
        <ele>19.8</ele>
      </trkpt>
      <trkpt lat="33.310116128996015" lon="130.28593383729458">
        <ele>19.8</ele>
      </trkpt>
      <trkpt lat="33.3101031370461" lon="130.2858974598348">
        <ele>19.8</ele>
      </trkpt>
      <trkpt lat="33.31008863635361" lon="130.2858519461006">
        <ele>19.8</ele>
      </trkpt>
      <trkpt lat="33.310077069327235" lon="130.2858141437173">
        <ele>19.8</ele>
      </trkpt>
      <trkpt lat="33.3100634906441" lon="130.28577039018273">
        <ele>19.8</ele>
      </trkpt>
      <trkpt lat="33.31005544401705" lon="130.2857301570475">
        <ele>20.0</ele>
      </trkpt>
      <trkpt lat="33.31004069186747" lon="130.28568883426487">
        <ele>19.8</ele>
      </trkpt>
      <trkpt lat="33.310032058507204" lon="130.28564784675837">
        <ele>20.0</ele>
      </trkpt>
      <trkpt lat="33.31001680344343" lon="130.28560811653733">
        <ele>20.2</ele>
      </trkpt>
      <trkpt lat="33.31000699661672" lon="130.28556562028825">
        <ele>20.2</ele>
      </trkpt>
      <trkpt lat="33.30999325029552" lon="130.2855303324759">
        <ele>20.2</ele>
      </trkpt>
      <trkpt lat="33.30998646095395" lon="130.2854838129133">
        <ele>20.2</ele>
      </trkpt>
      <trkpt lat="33.30997472628951" lon="130.2854476030916">
        <ele>20.0</ele>
      </trkpt>
      <trkpt lat="33.30996626056731" lon="130.28539957478642">
        <ele>20.0</ele>
      </trkpt>
      <trkpt lat="33.30995469354093" lon="130.2853638678789">
        <ele>20.0</ele>
      </trkpt>
      <trkpt lat="33.30994178541005" lon="130.2853117324412">
        <ele>20.0</ele>
      </trkpt>
      <trkpt lat="33.30992770381272" lon="130.28527359478176">
        <ele>20.0</ele>
      </trkpt>
      <trkpt lat="33.30991521477699" lon="130.28522472828627">
        <ele>20.0</ele>
      </trkpt>
      <trkpt lat="33.30989308655262" lon="130.28518876992166">
        <ele>20.0</ele>
      </trkpt>
      <trkpt lat="33.30988688394427" lon="130.2851407416165">
        <ele>20.0</ele>
      </trkpt>
      <trkpt lat="33.30987556837499" lon="130.2851083036512">
        <ele>20.0</ele>
      </trkpt>
      <trkpt lat="33.30986333079636" lon="130.28506010770798">
        <ele>20.0</ele>
      </trkpt>
      <trkpt lat="33.309850841760635" lon="130.28502867557108">
        <ele>20.0</ele>
      </trkpt>
      <trkpt lat="33.30984422005713" lon="130.284980898723">
        <ele>20.0</ele>
      </trkpt>
      <trkpt lat="33.309832736849785" lon="130.28494066558778">
        <ele>19.8</ele>
      </trkpt>
      <trkpt lat="33.30982418730855" lon="130.28489775024354">
        <ele>19.8</ele>
      </trkpt>
      <trkpt lat="33.3098129555583" lon="130.28486397117376">
        <ele>19.8</ele>
      </trkpt>
      <trkpt lat="33.309802478179336" lon="130.28481988236308">
        <ele>19.6</ele>
      </trkpt>
      <trkpt lat="33.3097973652184" lon="130.28478551656008">
        <ele>19.8</ele>
      </trkpt>
      <trkpt lat="33.309788731858134" lon="130.28474343940616">
        <ele>19.8</ele>
      </trkpt>
      <trkpt lat="33.309777583926916" lon="130.2846999373287">
        <ele>19.8</ele>
      </trkpt>
      <trkpt lat="33.30976509489119" lon="130.28465509414673">
        <ele>19.8</ele>
      </trkpt>
      <trkpt lat="33.309758976101875" lon="130.28461343608797">
        <ele>19.8</ele>
      </trkpt>
      <trkpt lat="33.30974254757166" lon="130.2845725324005">
        <ele>19.6</ele>
      </trkpt>
      <trkpt lat="33.30973005853593" lon="130.28452794067562">
        <ele>19.6</ele>
      </trkpt>
      <trkpt lat="33.30971430055797" lon="130.28448821045458">
        <ele>19.8</ele>
      </trkpt>
      <trkpt lat="33.30970658920705" lon="130.2844436187297">
        <ele>19.6</ele>
      </trkpt>
      <trkpt lat="33.30969024449587" lon="130.2844108454883">
        <ele>19.6</ele>
      </trkpt>
      <trkpt lat="33.309678342193365" lon="130.28436290100217">
        <ele>19.6</ele>
      </trkpt>
      <trkpt lat="33.3096662722528" lon="130.28432778082788">
        <ele>19.6</ele>
      </trkpt>
      <trkpt lat="33.309655375778675" lon="130.284275226295">
        <ele>19.6</ele>
      </trkpt>
      <trkpt lat="33.30964246764779" lon="130.2842371724546">
        <ele>19.6</ele>
      </trkpt>
      <trkpt lat="33.309633415192366" lon="130.28418067842722">
        <ele>19.6</ele>
      </trkpt>
      <trkpt lat="33.309622686356306" lon="130.28414748609066">
        <ele>19.6</ele>
      </trkpt>
      <trkpt lat="33.309615310281515" lon="130.2840997930616">
        <ele>19.6</ele>
      </trkpt>
      <trkpt lat="33.30960382707417" lon="130.28406869620085">
        <ele>19.4</ele>
      </trkpt>
      <trkpt lat="33.30958932638168" lon="130.28401589021087">
        <ele>19.4</ele>
      </trkpt>
      <trkpt lat="33.30957742407918" lon="130.2839747350663">
        <ele>19.2</ele>
      </trkpt>
      <trkpt lat="33.309564013034105" lon="130.28393131680787">
        <ele>19.2</ele>
      </trkpt>
      <trkpt lat="33.30955881625414" lon="130.28388421051204">
        <ele>19.2</ele>
      </trkpt>
      <trkpt lat="33.309545489028096" lon="130.2838420495391">
        <ele>19.2</ele>
      </trkpt>
      <trkpt lat="33.30953945405781" lon="130.2837950270623">
        <ele>19.4</ele>
      </trkpt>
      <trkpt lat="33.30952654592693" lon="130.28375596739352">
        <ele>19.6</ele>
      </trkpt>
      <trkpt lat="33.30952109768987" lon="130.28370575979352">
        <ele>19.6</ele>
      </trkpt>
      <trkpt lat="33.3095039986074" lon="130.28366359882057">
        <ele>19.6</ele>
      </trkpt>
      <trkpt lat="33.30949720926583" lon="130.28361230157316">
        <ele>19.6</ele>
      </trkpt>
      <trkpt lat="33.309482457116246" lon="130.28357651084661">
        <ele>19.6</ele>
      </trkpt>
      <trkpt lat="33.30947826616466" lon="130.28352445922792">
        <ele>19.6</ele>
      </trkpt>
      <trkpt lat="33.309463765472174" lon="130.28348674066365">
        <ele>19.4</ele>
      </trkpt>
      <trkpt lat="33.30945672467351" lon="130.28343418613076">
        <ele>19.4</ele>
      </trkpt>
      <trkpt lat="33.309448678046465" lon="130.2833996526897">
        <ele>19.4</ele>
      </trkpt>
      <trkpt lat="33.309440882876515" lon="130.2833496965468">
        <ele>19.4</ele>
      </trkpt>
      <trkpt lat="33.309429567307234" lon="130.28331214562058">
        <ele>19.4</ele>
      </trkpt>
      <trkpt lat="33.30942638218403" lon="130.28326294384897">
        <ele>19.4</ele>
      </trkpt>
      <trkpt lat="33.30941364169121" lon="130.2832291647792">
        <ele>19.4</ele>
      </trkpt>
      <trkpt lat="33.3094088640064" lon="130.28318122029305">
        <ele>19.4</ele>
      </trkpt>
      <trkpt lat="33.309396458789706" lon="130.28314786031842">
        <ele>19.4</ele>
      </trkpt>
      <trkpt lat="33.309389585629106" lon="130.2830954734236">
        <ele>19.4</ele>
      </trkpt>
      <trkpt lat="33.30937902443111" lon="130.28305800631642">
        <ele>19.6</ele>
      </trkpt>
      <trkpt lat="33.30937307327986" lon="130.28302246704698">
        <ele>19.6</ele>
      </trkpt>
      <trkpt lat="33.309367541223764" lon="130.28298038989305">
        <ele>19.6</ele>
      </trkpt>
      <trkpt lat="33.30936150625348" lon="130.28293227776885">
        <ele>19.6</ele>
      </trkpt>
      <trkpt lat="33.30936301499605" lon="130.28288332745433">
        <ele>19.6</ele>
      </trkpt>
      <trkpt lat="33.309351867064834" lon="130.28283420950174">
        <ele>19.8</ele>
      </trkpt>
      <trkpt lat="33.30934734083712" lon="130.28278768993914">
        <ele>19.8</ele>
      </trkpt>
      <trkpt lat="33.309337701648474" lon="130.28274561278522">
        <ele>19.8</ele>
      </trkpt>
      <trkpt lat="33.309334348887205" lon="130.2826977521181">
        <ele>19.8</ele>
      </trkpt>
      <trkpt lat="33.30932672135532" lon="130.28265760280192">
        <ele>20.0</ele>
      </trkpt>
      <trkpt lat="33.30932378768921" lon="130.28260756283998">
        <ele>19.8</ele>
      </trkpt>
      <trkpt lat="33.30931792035699" lon="130.28256598860025">
        <ele>20.0</ele>
      </trkpt>
      <trkpt lat="33.30931163392961" lon="130.28251552954316">
        <ele>20.0</ele>
      </trkpt>
      <trkpt lat="33.30929503776133" lon="130.28247856535017">
        <ele>19.8</ele>
      </trkpt>
      <trkpt lat="33.30928288400173" lon="130.2824328839779">
        <ele>19.8</ele>
      </trkpt>
      <trkpt lat="33.309267461299896" lon="130.2824027929455">
        <ele>19.8</ele>
      </trkpt>
      <trkpt lat="33.30926435999572" lon="130.28235585428774">
        <ele>19.8</ele>
      </trkpt>
      <trkpt lat="33.309261091053486" lon="130.28231914155185">
        <ele>19.8</ele>
      </trkpt>
      <trkpt lat="33.30925933085382" lon="130.28226633556187">
        <ele>19.8</ele>
      </trkpt>
      <trkpt lat="33.30925044603646" lon="130.28222744353116">
        <ele>19.8</ele>
      </trkpt>
      <trkpt lat="33.30924851819873" lon="130.28218092396855">
        <ele>19.8</ele>
      </trkpt>
      <trkpt lat="33.30924181267619" lon="130.2821429539472">
        <ele>19.8</ele>
      </trkpt>
      <trkpt lat="33.309239046648145" lon="130.28210129588842">
        <ele>19.8</ele>
      </trkpt>
      <trkpt lat="33.30924022011459" lon="130.28205678798258">
        <ele>19.8</ele>
      </trkpt>
      <trkpt lat="33.309239046648145" lon="130.2820124477148">
        <ele>19.8</ele>
      </trkpt>
      <trkpt lat="33.30923410132527" lon="130.2819650899619">
        <ele>19.8</ele>
      </trkpt>
      <trkpt lat="33.30922404304147" lon="130.2819246891886">
        <ele>19.8</ele>
      </trkpt>
      <trkpt lat="33.30922320485115" lon="130.28187707997859">
        <ele>19.8</ele>
      </trkpt>
      <trkpt lat="33.309207363054156" lon="130.28183843940496">
        <ele>19.8</ele>
      </trkpt>
      <trkpt lat="33.30920543521643" lon="130.2817901596427">
        <ele>20.0</ele>
      </trkpt>
      <trkpt lat="33.309197472408414" lon="130.28175009414554">
        <ele>20.2</ele>
      </trkpt>
      <trkpt lat="33.30919437110424" lon="130.28170064091682">
        <ele>20.4</ele>
      </trkpt>
      <trkpt lat="33.309183390811086" lon="130.2816625032574">
        <ele>20.4</ele>
      </trkpt>
      <trkpt lat="33.30917467363179" lon="130.2816141396761">
        <ele>20.4</ele>
      </trkpt>
      <trkpt lat="33.30916654318571" lon="130.28157516382635">
        <ele>20.6</ele>
      </trkpt>
      <trkpt lat="33.309169141575694" lon="130.28152344748378">
        <ele>20.4</ele>
      </trkpt>
      <trkpt lat="33.30916151404381" lon="130.28148690238595">
        <ele>20.2</ele>
      </trkpt>
      <trkpt lat="33.30916159786284" lon="130.28144197538495">
        <ele>20.2</ele>
      </trkpt>
      <trkpt lat="33.30915908329189" lon="130.28140241280198">
        <ele>20.2</ele>
      </trkpt>
      <trkpt lat="33.30915765836835" lon="130.28134876862168">
        <ele>20.2</ele>
      </trkpt>
      <trkpt lat="33.30915413796902" lon="130.28130568563938">
        <ele>20.2</ele>
      </trkpt>
      <trkpt lat="33.30914684571326" lon="130.2812684699893">
        <ele>20.2</ele>
      </trkpt>
      <trkpt lat="33.30914265476167" lon="130.28122178278863">
        <ele>20.0</ele>
      </trkpt>
      <trkpt lat="33.30913142301142" lon="130.28118347749114">
        <ele>20.0</ele>
      </trkpt>
      <trkpt lat="33.30912882462144" lon="130.28113754466176">
        <ele>20.0</ele>
      </trkpt>
      <trkpt lat="33.309120358899236" lon="130.28110602870584">
        <ele>20.0</ele>
      </trkpt>
      <trkpt lat="33.30911432392895" lon="130.2810580842197">
        <ele>20.0</ele>
      </trkpt>
      <trkpt lat="33.309105690568686" lon="130.2810227125883">
        <ele>20.0</ele>
      </trkpt>
      <trkpt lat="33.30910208635032" lon="130.28096789494157">
        <ele>20.0</ele>
      </trkpt>
      <trkpt lat="33.30909236334264" lon="130.28093134984374">
        <ele>20.0</ele>
      </trkpt>
      <trkpt lat="33.309095380827785" lon="130.2808857522905">
        <ele>20.2</ele>
      </trkpt>
      <trkpt lat="33.30908582545817" lon="130.2808529790491">
        <ele>20.2</ele>
      </trkpt>
      <trkpt lat="33.30908339470625" lon="130.28080637566745">
        <ele>20.4</ele>
      </trkpt>
      <trkpt lat="33.30907358787954" lon="130.28076496906579">
        <ele>20.4</ele>
      </trkpt>
      <trkpt lat="33.30907258205116" lon="130.28072213754058">
        <ele>20.4</ele>
      </trkpt>
      <trkpt lat="33.309066044166684" lon="130.28068047948182">
        <ele>20.4</ele>
      </trkpt>
      <trkpt lat="33.30906135030091" lon="130.28062616474926">
        <ele>20.4</ele>
      </trkpt>
      <trkpt lat="33.309057746082544" lon="130.2805808186531">
        <ele>20.4</ele>
      </trkpt>
      <trkpt lat="33.30905003473163" lon="130.28053362853825">
        <ele>20.4</ele>
      </trkpt>
      <trkpt lat="33.30904718488455" lon="130.28048870153725">
        <ele>20.6</ele>
      </trkpt>
      <trkpt lat="33.309040647000074" lon="130.28045492246747">
        <ele>20.8</ele>
      </trkpt>
      <trkpt lat="33.30904081463814" lon="130.28040756471455">
        <ele>20.8</ele>
      </trkpt>
      <trkpt lat="33.30903511494398" lon="130.28037311509252">
        <ele>20.8</ele>
      </trkpt>
      <trkpt lat="33.30903603695333" lon="130.28031947091222">
        <ele>20.8</ele>
      </trkpt>
      <trkpt lat="33.30902421846986" lon="130.2802847698331">
        <ele>20.6</ele>
      </trkpt>
      <trkpt lat="33.30901784822345" lon="130.28023657388985">
        <ele>20.6</ele>
      </trkpt>
      <trkpt lat="33.30901390872896" lon="130.2801944129169">
        <ele>20.6</ele>
      </trkpt>
      <trkpt lat="33.309015249833465" lon="130.28014110401273">
        <ele>20.4</ele>
      </trkpt>
      <trkpt lat="33.309008460491896" lon="130.2801008708775">
        <ele>20.4</ele>
      </trkpt>
      <trkpt lat="33.30901156179607" lon="130.28004756197333">
        <ele>20.4</ele>
      </trkpt>
      <trkpt lat="33.30900426954031" lon="130.28000749647617">
        <ele>20.2</ele>
      </trkpt>
      <trkpt lat="33.3090116456151" lon="130.2799520920962">
        <ele>20.2</ele>
      </trkpt>
      <trkpt lat="33.30901063978672" lon="130.27991177514195">
        <ele>20.0</ele>
      </trkpt>
      <trkpt lat="33.30901491455734" lon="130.2798622380942">
        <ele>20.0</ele>
      </trkpt>
      <trkpt lat="33.309009885415435" lon="130.2798199094832">
        <ele>20.0</ele>
      </trkpt>
      <trkpt lat="33.30900812521577" lon="130.2797776646912">
        <ele>20.0</ele>
      </trkpt>
      <trkpt lat="33.30900343134999" lon="130.27972963638604">
        <ele>20.0</ele>
      </trkpt>
      <trkpt lat="33.30900074914098" lon="130.2796901576221">
        <ele>20.0</ele>
      </trkpt>
      <trkpt lat="33.30900141969323" lon="130.2796457335353">
        <ele>20.0</ele>
      </trkpt>
      <trkpt lat="33.30899907276034" lon="130.27960256673396">
        <ele>20.2</ele>
      </trkpt>
      <trkpt lat="33.30900125205517" lon="130.27955839410424">
        <ele>20.2</ele>
      </trkpt>
      <trkpt lat="33.30899588763714" lon="130.2795178256929">
        <ele>20.4</ele>
      </trkpt>
      <trkpt lat="33.309002090245485" lon="130.2794723957777">
        <ele>20.4</ele>
      </trkpt>
      <trkpt lat="33.30899798311293" lon="130.27943149209023">
        <ele>20.4</ele>
      </trkpt>
      <trkpt lat="33.309008879587054" lon="130.2793827932328">
        <ele>20.4</ele>
      </trkpt>
      <trkpt lat="33.30900443717837" lon="130.27934406884015">
        <ele>20.4</ele>
      </trkpt>
      <trkpt lat="33.30901466310024" lon="130.27929235249758">
        <ele>20.2</ele>
      </trkpt>
      <trkpt lat="33.30901055596769" lon="130.27925949543715">
        <ele>20.2</ele>
      </trkpt>
      <trkpt lat="33.30902178771794" lon="130.27920409105718">
        <ele>20.2</ele>
      </trkpt>
      <trkpt lat="33.309023128822446" lon="130.27917073108256">
        <ele>20.2</ele>
      </trkpt>
      <trkpt lat="33.309031426906586" lon="130.27912362478673">
        <ele>20.2</ele>
      </trkpt>
      <trkpt lat="33.30902396701276" lon="130.2790880855173">
        <ele>20.2</ele>
      </trkpt>
      <trkpt lat="33.30902916379273" lon="130.27903703972697">
        <ele>20.2</ele>
      </trkpt>
      <trkpt lat="33.309030840173364" lon="130.27899119071662">
        <ele>20.2</ele>
      </trkpt>
      <trkpt lat="33.309042658656836" lon="130.27896084822714">
        <ele>20.2</ele>
      </trkpt>
      <trkpt lat="33.30904542468488" lon="130.27891382575035">
        <ele>20.2</ele>
      </trkpt>
      <trkpt lat="33.30905003473163" lon="130.2788693178445">
        <ele>20.2</ele>
      </trkpt>
      <trkpt lat="33.30906327813864" lon="130.27881684713066">
        <ele>20.2</ele>
      </trkpt>
      <trkpt lat="33.309070905670524" lon="130.27877409942448">
        <ele>20.2</ele>
      </trkpt>
      <trkpt lat="33.309079790487885" lon="130.27873076498508">
        <ele>20.2</ele>
      </trkpt>
      <trkpt lat="33.3090877532959" lon="130.27869120240211">
        <ele>20.4</ele>
      </trkpt>
      <trkpt lat="33.30909848213196" lon="130.2786446828395">
        <ele>20.4</ele>
      </trkpt>
      <trkpt lat="33.309103175997734" lon="130.27860436588526">
        <ele>20.4</ele>
      </trkpt>
      <trkpt lat="33.309117844328284" lon="130.27856027707458">
        <ele>20.6</ele>
      </trkpt>
      <trkpt lat="33.30912530422211" lon="130.27852264232934">
        <ele>20.8</ele>
      </trkpt>
      <trkpt lat="33.30914223566651" lon="130.2784710098058">
        <ele>20.8</ele>
      </trkpt>
      <trkpt lat="33.309145253151655" lon="130.2784313634038">
        <ele>20.8</ele>
      </trkpt>
      <trkpt lat="33.30915581434965" lon="130.27838576585054">
        <ele>21.0</ele>
      </trkpt>
      <trkpt lat="33.309157490730286" lon="130.27834955602884">
        <ele>21.0</ele>
      </trkpt>
      <trkpt lat="33.30916746519506" lon="130.27830278500915">
        <ele>21.2</ele>
      </trkpt>
      <trkpt lat="33.3091704826802" lon="130.27826942503452">
        <ele>21.4</ele>
      </trkpt>
      <trkpt lat="33.30918506719172" lon="130.27822064235806">
        <ele>21.6</ele>
      </trkpt>
      <trkpt lat="33.309189761057496" lon="130.27818937785923">
        <ele>21.8</ele>
      </trkpt>
      <trkpt lat="33.30920409411192" lon="130.27814269065857">
        <ele>22.0</ele>
      </trkpt>
      <trkpt lat="33.30920560285449" lon="130.27811276726425">
        <ele>22.2</ele>
      </trkpt>
      <trkpt lat="33.30921448767185" lon="130.27806591242552">
        <ele>22.4</ele>
      </trkpt>
      <trkpt lat="33.30921867862344" lon="130.27803313918412">
        <ele>22.6</ele>
      </trkpt>
      <trkpt lat="33.30922404304147" lon="130.2779924031347">
        <ele>22.8</ele>
      </trkpt>
      <trkpt lat="33.30922546796501" lon="130.27794915251434">
        <ele>23.0</ele>
      </trkpt>
      <trkpt lat="33.309226306155324" lon="130.27790850028396">
        <ele>23.4</ele>
      </trkpt>
      <trkpt lat="33.30923351459205" lon="130.27786566875875">
        <ele>23.4</ele>
      </trkpt>
      <trkpt lat="33.309232760220766" lon="130.2778269443661">
        <ele>23.6</ele>
      </trkpt>
      <trkpt lat="33.309235693886876" lon="130.27778671123087">
        <ele>23.6</ele>
      </trkpt>
      <trkpt lat="33.30923150293529" lon="130.27774983085692">
        <ele>23.8</ele>
      </trkpt>
      <trkpt lat="33.309240052476525" lon="130.27770448476076">
        <ele>24.2</ele>
      </trkpt>
      <trkpt lat="33.30923636443913" lon="130.2776702027768">
        <ele>24.4</ele>
      </trkpt>
      <trkpt lat="33.309246422722936" lon="130.2776210848242">
        <ele>24.4</ele>
      </trkpt>
      <trkpt lat="33.30924466252327" lon="130.27758319862187">
        <ele>24.4</ele>
      </trkpt>
      <trkpt lat="33.309255642816424" lon="130.27753156609833">
        <ele>24.4</ele>
      </trkpt>
      <trkpt lat="33.30925111658871" lon="130.27749275788665">
        <ele>24.6</ele>
      </trkpt>
      <trkpt lat="33.309258073568344" lon="130.27744221501052">
        <ele>24.6</ele>
      </trkpt>
      <trkpt lat="33.30925547517836" lon="130.27740583755076">
        <ele>25.0</ele>
      </trkpt>
      <trkpt lat="33.309263018891215" lon="130.2773522771895">
        <ele>25.0</ele>
      </trkpt>
      <trkpt lat="33.30925203859806" lon="130.27731782756746">
        <ele>25.2</ele>
      </trkpt>
      <trkpt lat="33.309253212064505" lon="130.27726996690035">
        <ele>25.2</ele>
      </trkpt>
      <trkpt lat="33.30924323759973" lon="130.27723191305995">
        <ele>25.2</ele>
      </trkpt>
      <trkpt lat="33.309238543733954" lon="130.27718698605895">
        <ele>25.2</ele>
      </trkpt>
      <trkpt lat="33.309233179315925" lon="130.2771482616663">
        <ele>25.2</ele>
      </trkpt>
      <trkpt lat="33.30923586152494" lon="130.27710207737982">
        <ele>25.2</ele>
      </trkpt>
      <trkpt lat="33.309237537905574" lon="130.27704910375178">
        <ele>25.4</ele>
      </trkpt>
      <trkpt lat="33.30923435278237" lon="130.27700493112206">
        <ele>25.4</ele>
      </trkpt>
      <trkpt lat="33.30923150293529" lon="130.2769632730633">
        <ele>25.6</ele>
      </trkpt>
      <trkpt lat="33.3092291560024" lon="130.2769204415381">
        <ele>25.6</ele>
      </trkpt>
      <trkpt lat="33.30922672525048" lon="130.2768771070987">
        <ele>25.6</ele>
      </trkpt>
      <trkpt lat="33.309219013899565" lon="130.2768367063254">
        <ele>25.8</ele>
      </trkpt>
      <trkpt lat="33.30921926535666" lon="130.27679680846632">
        <ele>26.0</ele>
      </trkpt>
      <trkpt lat="33.30921138636768" lon="130.2767555695027">
        <ele>26.0</ele>
      </trkpt>
      <trkpt lat="33.309213146567345" lon="130.2767090499401">
        <ele>26.0</ele>
      </trkpt>
      <trkpt lat="33.30920794978738" lon="130.27667091228068">
        <ele>26.2</ele>
      </trkpt>
      <trkpt lat="33.30921331420541" lon="130.27662246488035">
        <ele>26.4</ele>
      </trkpt>
      <trkpt lat="33.3092085365206" lon="130.27658340521157">
        <ele>26.6</ele>
      </trkpt>
      <trkpt lat="33.30921331420541" lon="130.27653152123094">
        <ele>26.8</ele>
      </trkpt>
      <trkpt lat="33.30921088345349" lon="130.27649606578052">
        <ele>27.0</ele>
      </trkpt>
      <trkpt lat="33.30921473912895" lon="130.27644359506667">
        <ele>27.0</ele>
      </trkpt>
      <trkpt lat="33.30921105109155" lon="130.2764040324837">
        <ele>27.0</ele>
      </trkpt>
      <trkpt lat="33.30921784043312" lon="130.276351980865">
        <ele>27.0</ele>
      </trkpt>
      <trkpt lat="33.30921113491058" lon="130.27631225064397">
        <ele>27.0</ele>
      </trkpt>
      <trkpt lat="33.309193113818765" lon="130.27626095339656">
        <ele>27.0</ele>
      </trkpt>
      <trkpt lat="33.30916662700474" lon="130.27624410577118">
        <ele>27.0</ele>
      </trkpt>
      <trkpt lat="33.30913511104882" lon="130.27623103000224">
        <ele>27.0</ele>
      </trkpt>
      <trkpt lat="33.30910535529256" lon="130.2762454468757">
        <ele>27.0</ele>
      </trkpt>
      <trkpt lat="33.3090600091964" lon="130.27626279741526">
        <ele>26.8</ele>
      </trkpt>
      <trkpt lat="33.30902824178338" lon="130.2762766275555">
        <ele>26.8</ele>
      </trkpt>
      <trkpt lat="33.30898926593363" lon="130.27628760784864">
        <ele>26.6</ele>
      </trkpt>
      <trkpt lat="33.30895917490125" lon="130.27629632502794">
        <ele>26.8</ele>
      </trkpt>
      <trkpt lat="33.30892212688923" lon="130.27631040662527">
        <ele>26.6</ele>
      </trkpt>
      <trkpt lat="33.30888541415334" lon="130.27632004581392">
        <ele>26.4</ele>
      </trkpt>
      <trkpt lat="33.30884895287454" lon="130.27633178047836">
        <ele>26.4</ele>
      </trkpt>
      <trkpt lat="33.30881483852863" lon="130.27633756399155">
        <ele>26.4</ele>
      </trkpt>
      <trkpt lat="33.30878340639174" lon="130.27634737081826">
        <ele>26.4</ele>
      </trkpt>
      <trkpt lat="33.308742586523294" lon="130.27634628117085">
        <ele>26.4</ele>
      </trkpt>
      <trkpt lat="33.30871492624283" lon="130.27635508216918">
        <ele>26.4</ele>
      </trkpt>
      <trkpt lat="33.30867343582213" lon="130.27636086568236">
        <ele>26.4</ele>
      </trkpt>
      <trkpt lat="33.308645440265536" lon="130.27637360617518">
        <ele>26.4</ele>
      </trkpt>
      <trkpt lat="33.30860797315836" lon="130.27637184597552">
        <ele>26.4</ele>
      </trkpt>
      <trkpt lat="33.30858014523983" lon="130.27637612074614">
        <ele>26.6</ele>
      </trkpt>
      <trkpt lat="33.30853622406721" lon="130.27637645602226">
        <ele>26.6</ele>
      </trkpt>
      <trkpt lat="33.308507138863206" lon="130.2763792220503">
        <ele>26.6</ele>
      </trkpt>
      <trkpt lat="33.30846288241446" lon="130.27637754566967">
        <ele>26.6</ele>
      </trkpt>
      <trkpt lat="33.308433294296265" lon="130.27638148516417">
        <ele>26.4</ele>
      </trkpt>
      <trkpt lat="33.308389792218804" lon="130.2763760369271">
        <ele>26.4</ele>
      </trkpt>
      <trkpt lat="33.30835333094001" lon="130.2763707563281">
        <ele>26.4</ele>
      </trkpt>
      <trkpt lat="33.3083089068532" lon="130.27636581100523">
        <ele>26.4</ele>
      </trkpt>
      <trkpt lat="33.308275043964386" lon="130.27635030448437">
        <ele>26.4</ele>
      </trkpt>
      <trkpt lat="33.30823598429561" lon="130.27633471414447">
        <ele>26.4</ele>
      </trkpt>
      <trkpt lat="33.30820279195905" lon="130.2763152681291">
        <ele>26.4</ele>
      </trkpt>
      <trkpt lat="33.30816959962249" lon="130.276299091056">
        <ele>26.4</ele>
      </trkpt>
      <trkpt lat="33.308132803067565" lon="130.27627578936517">
        <ele>26.4</ele>
      </trkpt>
      <trkpt lat="33.30810095183551" lon="130.27625910937786">
        <ele>26.4</ele>
      </trkpt>
      <trkpt lat="33.308067759498954" lon="130.27623195201159">
        <ele>26.4</ele>
      </trkpt>
      <trkpt lat="33.308039931580424" lon="130.27621527202427">
        <ele>26.4</ele>
      </trkpt>
      <trkpt lat="33.30800246447325" lon="130.27618937194347">
        <ele>26.4</ele>
      </trkpt>
      <trkpt lat="33.30797731876373" lon="130.2761714346707">
        <ele>26.4</ele>
      </trkpt>
      <trkpt lat="33.30794437788427" lon="130.27614167891443">
        <ele>26.4</ele>
      </trkpt>
      <trkpt lat="33.307918310165405" lon="130.27611762285233">
        <ele>26.6</ele>
      </trkpt>
      <trkpt lat="33.30788914114237" lon="130.27608493342996">
        <ele>26.6</ele>
      </trkpt>
      <trkpt lat="33.30785905010998" lon="130.2760599553585">
        <ele>26.6</ele>
      </trkpt>
      <trkpt lat="33.307827450335026" lon="130.2760313730687">
        <ele>26.6</ele>
      </trkpt>
      <trkpt lat="33.30780314281583" lon="130.27599549852312">
        <ele>26.6</ele>
      </trkpt>
      <trkpt lat="33.30777296796441" lon="130.27596750296652">
        <ele>26.6</ele>
      </trkpt>
      <trkpt lat="33.307744804769754" lon="130.27593037113547">
        <ele>26.6</ele>
      </trkpt>
      <trkpt lat="33.307715049013495" lon="130.27590782381594">
        <ele>26.6</ele>
      </trkpt>
      <trkpt lat="33.30768789164722" lon="130.27586943469942">
        <ele>26.6</ele>
      </trkpt>
      <trkpt lat="33.30766148865223" lon="130.27584621682763">
        <ele>26.6</ele>
      </trkpt>
      <trkpt lat="33.30763625912368" lon="130.27580799534917">
        <ele>26.6</ele>
      </trkpt>
      <trkpt lat="33.3076146338135" lon="130.27578460983932">
        <ele>26.6</ele>
      </trkpt>
      <trkpt lat="33.30759267322719" lon="130.2757452148944">
        <ele>26.6</ele>
      </trkpt>
      <trkpt lat="33.307570461183786" lon="130.27571235783398">
        <ele>26.6</ele>
      </trkpt>
      <trkpt lat="33.30754523165524" lon="130.27567790821195">
        <ele>26.6</ele>
      </trkpt>
      <trkpt lat="33.30752461217344" lon="130.2756460569799">
        <ele>26.8</ele>
      </trkpt>
      <trkpt lat="33.30749594606459" lon="130.2756132837385">
        <ele>26.8</ele>
      </trkpt>
      <trkpt lat="33.30747541040182" lon="130.27557925321162">
        <ele>26.8</ele>
      </trkpt>
      <trkpt lat="33.30744506791234" lon="130.27554899454117">
        <ele>26.8</ele>
      </trkpt>
      <trkpt lat="33.307422855868936" lon="130.27551010251045">
        <ele>26.8</ele>
      </trkpt>
      <trkpt lat="33.3073989674449" lon="130.27548210695386">
        <ele>26.6</ele>
      </trkpt>
      <trkpt lat="33.307374492287636" lon="130.27544346638024">
        <ele>26.6</ele>
      </trkpt>
      <trkpt lat="33.30734825693071" lon="130.27541806921363">
        <ele>26.6</ele>
      </trkpt>
      <trkpt lat="33.307324619963765" lon="130.2753785904497">
        <ele>26.6</ele>
      </trkpt>
      <trkpt lat="33.30730240792036" lon="130.2753464039415">
        <ele>26.6</ele>
      </trkpt>
      <trkpt lat="33.30727944150567" lon="130.2753091044724">
        <ele>26.4</ele>
      </trkpt>
      <trkpt lat="33.307260079309344" lon="130.27527649886906">
        <ele>26.4</ele>
      </trkpt>
      <trkpt lat="33.30723392777145" lon="130.2752438094467">
        <ele>26.4</ele>
      </trkpt>
      <trkpt lat="33.30721305683255" lon="130.27520801872015">
        <ele>26.2</ele>
      </trkpt>
      <trkpt lat="33.30718598328531" lon="130.27517792768776">
        <ele>26.2</ele>
      </trkpt>
      <trkpt lat="33.307165866717696" lon="130.27513777837157">
        <ele>26.2</ele>
      </trkpt>
      <trkpt lat="33.30714692361653" lon="130.27510911226273">
        <ele>26.2</ele>
      </trkpt>
      <trkpt lat="33.30712613649666" lon="130.27506720274687">
        <ele>26.4</ele>
      </trkpt>
      <trkpt lat="33.307105684652925" lon="130.27504105120897">
        <ele>26.4</ele>
      </trkpt>
      <trkpt lat="33.30707618035376" lon="130.27500593103468">
        <ele>26.4</ele>
      </trkpt>
      <trkpt lat="33.3070569857955" lon="130.27498170733452">
        <ele>26.4</ele>
      </trkpt>
      <trkpt lat="33.3070308342576" lon="130.2749462518841">
        <ele>26.4</ele>
      </trkpt>
      <trkpt lat="33.307010969147086" lon="130.27491800487041">
        <ele>26.4</ele>
      </trkpt>
      <trkpt lat="33.3069877512753" lon="130.27488498017192">
        <ele>26.4</ele>
      </trkpt>
      <trkpt lat="33.3069671317935" lon="130.2748518716544">
        <ele>26.4</ele>
      </trkpt>
      <trkpt lat="33.30693737603724" lon="130.27481390163302">
        <ele>26.6</ele>
      </trkpt>
      <trkpt lat="33.306912649422884" lon="130.2747823856771">
        <ele>26.6</ele>
      </trkpt>
      <trkpt lat="33.306888760998845" lon="130.27475732378662">
        <ele>26.4</ele>
      </trkpt>
      <trkpt lat="33.30686118453741" lon="130.2747268974781">
        <ele>26.6</ele>
      </trkpt>
      <trkpt lat="33.306835032999516" lon="130.27470527216792">
        <ele>26.4</ele>
      </trkpt>
      <trkpt lat="33.30680586397648" lon="130.27467048726976">
        <ele>26.4</ele>
      </trkpt>
      <trkpt lat="33.306774934753776" lon="130.27464408427477">
        <ele>26.4</ele>
      </trkpt>
      <trkpt lat="33.30674333497882" lon="130.27460896410048">
        <ele>26.4</ele>
      </trkpt>
      <trkpt lat="33.30671709962189" lon="130.27458541095257">
        <ele>26.6</ele>
      </trkpt>
      <trkpt lat="33.3066872600466" lon="130.27455003932118">
        <ele>26.6</ele>
      </trkpt>
      <trkpt lat="33.30665918067098" lon="130.2745260670781">
        <ele>26.4</ele>
      </trkpt>
      <trkpt lat="33.30662908963859" lon="130.2744977362454">
        <ele>26.4</ele>
      </trkpt>
      <trkpt lat="33.30660168081522" lon="130.27447627857327">
        <ele>26.6</ele>
      </trkpt>
      <trkpt lat="33.306570164859295" lon="130.2744504623115">
        <ele>26.6</ele>
      </trkpt>
      <trkpt lat="33.306544767692685" lon="130.27442908845842">
        <ele>26.4</ele>
      </trkpt>
      <trkpt lat="33.3065078034997" lon="130.27440964244306">
        <ele>26.4</ele>
      </trkpt>
      <trkpt lat="33.306476371362805" lon="130.27439036406577">
        <ele>26.2</ele>
      </trkpt>
      <trkpt lat="33.306442676112056" lon="130.27437368407845">
        <ele>26.2</ele>
      </trkpt>
      <trkpt lat="33.30641149543226" lon="130.2743494603783">
        <ele>26.4</ele>
      </trkpt>
      <trkpt lat="33.306379057466984" lon="130.27434040792286">
        <ele>26.4</ele>
      </trkpt>
      <trkpt lat="33.306344356387854" lon="130.27431928552687">
        <ele>26.4</ele>
      </trkpt>
      <trkpt lat="33.306316025555134" lon="130.27430411428213">
        <ele>26.4</ele>
      </trkpt>
      <trkpt lat="33.306280402466655" lon="130.27428651228547">
        <ele>26.4</ele>
      </trkpt>
      <trkpt lat="33.306251652538776" lon="130.2742776274681">
        <ele>26.6</ele>
      </trkpt>
      <trkpt lat="33.30620840191841" lon="130.2742611989379">
        <ele>26.6</ele>
      </trkpt>
      <trkpt lat="33.30617420375347" lon="130.27425482869148">
        <ele>26.4</ele>
      </trkpt>
      <trkpt lat="33.306130953133106" lon="130.27424309402704">
        <ele>26.4</ele>
      </trkpt>
      <trkpt lat="33.30609943717718" lon="130.2742414176464">
        <ele>26.4</ele>
      </trkpt>
      <trkpt lat="33.30605601891875" lon="130.27422876097262">
        <ele>26.4</ele>
      </trkpt>
      <trkpt lat="33.30602207221091" lon="130.27422406710684">
        <ele>26.4</ele>
      </trkpt>
      <trkpt lat="33.305982677266" lon="130.2742205467075">
        <ele>26.4</ele>
      </trkpt>
      <trkpt lat="33.305950658395886" lon="130.274221803993">
        <ele>26.4</ele>
      </trkpt>
      <trkpt lat="33.30591226927936" lon="130.27422138489783">
        <ele>26.6</ele>
      </trkpt>
      <trkpt lat="33.305881675332785" lon="130.27422440238297">
        <ele>26.6</ele>
      </trkpt>
      <trkpt lat="33.305842112749815" lon="130.27422188781202">
        <ele>26.6</ele>
      </trkpt>
      <trkpt lat="33.30580439418554" lon="130.27421903796494">
        <ele>26.6</ele>
      </trkpt>
      <trkpt lat="33.30577002838254" lon="130.27422121725976">
        <ele>26.4</ele>
      </trkpt>
      <trkpt lat="33.30573105253279" lon="130.2742141764611">
        <ele>26.4</ele>
      </trkpt>
      <trkpt lat="33.30570364370942" lon="130.27421719394624">
        <ele>26.4</ele>
      </trkpt>
      <trkpt lat="33.305662320926785" lon="130.27421090751886">
        <ele>26.4</ele>
      </trkpt>
      <trkpt lat="33.30563122406602" lon="130.27421174570918">
        <ele>26.2</ele>
      </trkpt>
      <trkpt lat="33.30559174530208" lon="130.27421141043305">
        <ele>26.2</ele>
      </trkpt>
      <trkpt lat="33.30555989407003" lon="130.27421534992754">
        <ele>26.4</ele>
      </trkpt>
      <trkpt lat="33.305518571287394" lon="130.27421459555626">
        <ele>26.4</ele>
      </trkpt>
      <trkpt lat="33.305484876036644" lon="130.27421350590885">
        <ele>26.2</ele>
      </trkpt>
      <trkpt lat="33.30544363707304" lon="130.27421350590885">
        <ele>26.4</ele>
      </trkpt>
      <trkpt lat="33.305407762527466" lon="130.27421518228948">
        <ele>26.2</ele>
      </trkpt>
      <trkpt lat="33.30537280999124" lon="130.27421426028013">
        <ele>26.2</ele>
      </trkpt>
      <trkpt lat="33.30533576197922" lon="130.2742107398808">
        <ele>26.2</ele>
      </trkpt>
      <trkpt lat="33.305302150547504" lon="130.27421132661402">
        <ele>26.2</ele>
      </trkpt>
      <trkpt lat="33.30525848083198" lon="130.27420579455793">
        <ele>26.2</ele>
      </trkpt>
      <trkpt lat="33.305228389799595" lon="130.27420847676694">
        <ele>26.0</ele>
      </trkpt>
      <trkpt lat="33.305186899378896" lon="130.27420529164374">
        <ele>26.0</ele>
      </trkpt>
      <trkpt lat="33.30515773035586" lon="130.27421191334724">
        <ele>26.0</ele>
      </trkpt>
      <trkpt lat="33.30511246807873" lon="130.2742093987763">
        <ele>26.0</ele>
      </trkpt>
      <trkpt lat="33.30508237704635" lon="130.27421560138464">
        <ele>26.0</ele>
      </trkpt>
      <trkpt lat="33.30503476783633" lon="130.27421635575593">
        <ele>26.0</ele>
      </trkpt>
      <trkpt lat="33.305001659318805" lon="130.27422046288848">
        <ele>26.0</ele>
      </trkpt>
      <trkpt lat="33.30496486276388" lon="130.27422348037362">
        <ele>26.2</ele>
      </trkpt>
      <trkpt lat="33.304932340979576" lon="130.27422406710684">
        <ele>26.2</ele>
      </trkpt>
      <trkpt lat="33.304899483919144" lon="130.2742274198681">
        <ele>26.2</ele>
      </trkpt>
      <trkpt lat="33.304858077317476" lon="130.2742281742394">
        <ele>26.2</ele>
      </trkpt>
      <trkpt lat="33.304820358753204" lon="130.27423035353422">
        <ele>26.2</ele>
      </trkpt>
      <trkpt lat="33.30478247255087" lon="130.27423278428614">
        <ele>26.2</ele>
      </trkpt>
      <trkpt lat="33.30474643036723" lon="130.27423563413322">
        <ele>26.2</ele>
      </trkpt>
      <trkpt lat="33.3047082927078" lon="130.27423588559031">
        <ele>26.2</ele>
      </trkpt>
      <trkpt lat="33.30468004569411" lon="130.27423890307546">
        <ele>26.2</ele>
      </trkpt>
      <trkpt lat="33.30463947728276" lon="130.27423563413322">
        <ele>26.2</ele>
      </trkpt>
      <trkpt lat="33.304612236097455" lon="130.27424359694123">
        <ele>26.2</ele>
      </trkpt>
      <trkpt lat="33.304572170600295" lon="130.27423781342804">
        <ele>26.2</ele>
      </trkpt>
      <trkpt lat="33.304545264691114" lon="130.27424200437963">
        <ele>26.2</ele>
      </trkpt>
      <trkpt lat="33.30449916422367" lon="130.27424049563706">
        <ele>26.2</ele>
      </trkpt>
      <trkpt lat="33.304464630782604" lon="130.27424435131252">
        <ele>26.2</ele>
      </trkpt>
      <trkpt lat="33.30441744066775" lon="130.27424502186477">
        <ele>26.4</ele>
      </trkpt>
      <trkpt lat="33.30438776873052" lon="130.27425130829215">
        <ele>26.4</ele>
      </trkpt>
      <trkpt lat="33.30434124916792" lon="130.27424996718764">
        <ele>26.4</ele>
      </trkpt>
      <trkpt lat="33.30431182868779" lon="130.27425625361502">
        <ele>26.4</ele>
      </trkpt>
      <trkpt lat="33.30427201464772" lon="130.2742609474808">
        <ele>26.4</ele>
      </trkpt>
      <trkpt lat="33.3042370621115" lon="130.27426999993622">
        <ele>26.4</ele>
      </trkpt>
      <trkpt lat="33.30420009791851" lon="130.2742834109813">
        <ele>26.6</ele>
      </trkpt>
      <trkpt lat="33.304163636639714" lon="130.27429455891252">
        <ele>26.6</ele>
      </trkpt>
      <trkpt lat="33.30412985756993" lon="130.2743035275489">
        <ele>26.6</ele>
      </trkpt>
      <trkpt lat="33.30409004352987" lon="130.274314340204">
        <ele>26.8</ele>
      </trkpt>
      <trkpt lat="33.30405450426042" lon="130.27432666160166">
        <ele>26.8</ele>
      </trkpt>
      <trkpt lat="33.30402131192386" lon="130.27433831244707">
        <ele>26.8</ele>
      </trkpt>
      <trkpt lat="33.303986778482795" lon="130.27435356751084">
        <ele>26.6</ele>
      </trkpt>
      <trkpt lat="33.30394654534757" lon="130.27436999604106">
        <ele>26.6</ele>
      </trkpt>
      <trkpt lat="33.30391477793455" lon="130.27438499964774">
        <ele>26.6</ele>
      </trkpt>
      <trkpt lat="33.30388493835926" lon="130.27440981008112">
        <ele>26.6</ele>
      </trkpt>
      <trkpt lat="33.303860295563936" lon="130.27443344704807">
        <ele>26.6</ele>
      </trkpt>
      <trkpt lat="33.30382634885609" lon="130.27445976622403">
        <ele>26.6</ele>
      </trkpt>
      <trkpt lat="33.303800197318196" lon="130.27448290027678">
        <ele>26.6</ele>
      </trkpt>
      <trkpt lat="33.303770273923874" lon="130.2745056990534">
        <ele>26.8</ele>
      </trkpt>
      <trkpt lat="33.30373892560601" lon="130.27453386224806">
        <ele>26.8</ele>
      </trkpt>
      <trkpt lat="33.30370447598398" lon="130.2745559066534">
        <ele>26.8</ele>
      </trkpt>
      <trkpt lat="33.30367580987513" lon="130.27457987889647">
        <ele>26.8</ele>
      </trkpt>
      <trkpt lat="33.303644293919206" lon="130.27460544370115">
        <ele>26.8</ele>
      </trkpt>
      <trkpt lat="33.30361772328615" lon="130.27463528327644">
        <ele>26.6</ele>
      </trkpt>
      <trkpt lat="33.30358344130218" lon="130.27466068044305">
        <ele>26.8</ele>
      </trkpt>
      <trkpt lat="33.303553853183985" lon="130.27468523941934">
        <ele>26.6</ele>
      </trkpt>
      <trkpt lat="33.30351395532489" lon="130.27469856664538">
        <ele>26.8</ele>
      </trkpt>
      <trkpt lat="33.30348419956863" lon="130.27471357025206">
        <ele>26.8</ele>
      </trkpt>
      <trkpt lat="33.303441451862454" lon="130.2747189346701">
        <ele>26.8</ele>
      </trkpt>
      <trkpt lat="33.30341052263975" lon="130.2747234608978">
        <ele>26.8</ele>
      </trkpt>
      <trkpt lat="33.303366769105196" lon="130.27470870874822">
        <ele>26.8</ele>
      </trkpt>
      <trkpt lat="33.303337851539254" lon="130.27470342814922">
        <ele>26.6</ele>
      </trkpt>
      <trkpt lat="33.30329862423241" lon="130.27468230575323">
        <ele>26.6</ele>
      </trkpt>
      <trkpt lat="33.30326434224844" lon="130.27467023581266">
        <ele>26.4</ele>
      </trkpt>
      <trkpt lat="33.30323006026447" lon="130.27464986778796">
        <ele>26.0</ele>
      </trkpt>
      <trkpt lat="33.30319653265178" lon="130.27463394217193">
        <ele>25.6</ele>
      </trkpt>
      <trkpt lat="33.303163927048445" lon="130.27461835183203">
        <ele>25.6</ele>
      </trkpt>
      <trkpt lat="33.30313014797866" lon="130.27460418641567">
        <ele>25.6</ele>
      </trkpt>
      <trkpt lat="33.30309628508985" lon="130.2745802141726">
        <ele>25.6</ele>
      </trkpt>
      <trkpt lat="33.30306502059102" lon="130.27455783449113">
        <ele>25.8</ele>
      </trkpt>
      <trkpt lat="33.30303409136832" lon="130.27452464215457">
        <ele>25.8</ele>
      </trkpt>
      <trkpt lat="33.30301020294428" lon="130.27450519613922">
        <ele>25.8</ele>
      </trkpt>
      <trkpt lat="33.30297214910388" lon="130.27447032742202">
        <ele>26.0</ele>
      </trkpt>
      <trkpt lat="33.3029418066144" lon="130.27445674873888">
        <ele>26.0</ele>
      </trkpt>
      <trkpt lat="33.30290140584111" lon="130.2744346205145">
        <ele>26.0</ele>
      </trkpt>
      <trkpt lat="33.30287433229387" lon="130.27442330494523">
        <ele>25.8</ele>
      </trkpt>
      <trkpt lat="33.302833596244454" lon="130.27439991943538">
        <ele>25.6</ele>
      </trkpt>
      <trkpt lat="33.30280266702175" lon="130.27438600547612">
        <ele>25.6</ele>
      </trkpt>
      <trkpt lat="33.30276360735297" lon="130.27435624971986">
        <ele>25.8</ele>
      </trkpt>
      <trkpt lat="33.30273502506316" lon="130.27434493415058">
        <ele>25.6</ele>
      </trkpt>
      <trkpt lat="33.30269806087017" lon="130.2743230573833">
        <ele>25.6</ele>
      </trkpt>
      <trkpt lat="33.30266419798136" lon="130.27431182563305">
        <ele>25.8</ele>
      </trkpt>
      <trkpt lat="33.3026275690645" lon="130.2743000909686">
        <ele>25.8</ele>
      </trkpt>
      <trkpt lat="33.30259194597602" lon="130.27429305016994">
        <ele>25.8</ele>
      </trkpt>
      <trkpt lat="33.30255355685949" lon="130.2743045333773">
        <ele>25.8</ele>
      </trkpt>
      <trkpt lat="33.30252447165549" lon="130.2743172738701">
        <ele>25.8</ele>
      </trkpt>
      <trkpt lat="33.30248826183379" lon="130.27433956973255">
        <ele>25.8</ele>
      </trkpt>
      <trkpt lat="33.3024547342211" lon="130.2743608597666">
        <ele>25.8</ele>
      </trkpt>
      <trkpt lat="33.302420200780034" lon="130.2743862569332">
        <ele>25.8</ele>
      </trkpt>
      <trkpt lat="33.30238541588187" lon="130.27441115118563">
        <ele>25.8</ele>
      </trkpt>
      <trkpt lat="33.3023580070585" lon="130.27443738654256">
        <ele>25.8</ele>
      </trkpt>
      <trkpt lat="33.302319617941976" lon="130.27446571737528">
        <ele>25.8</ele>
      </trkpt>
      <trkpt lat="33.30229631625116" lon="130.2744927071035">
        <ele>25.6</ele>
      </trkpt>
      <trkpt lat="33.30226547084749" lon="130.2745270729065">
        <ele>25.6</ele>
      </trkpt>
      <trkpt lat="33.30224459990859" lon="130.2745611872524">
        <ele>25.4</ele>
      </trkpt>
      <trkpt lat="33.30221576616168" lon="130.27460753917694">
        <ele>25.4</ele>
      </trkpt>
      <trkpt lat="33.302197409793735" lon="130.27464701794088">
        <ele>25.4</ele>
      </trkpt>
      <trkpt lat="33.3021732699126" lon="130.27469655498862">
        <ele>25.2</ele>
      </trkpt>
      <trkpt lat="33.30216061323881" lon="130.27473871596158">
        <ele>25.2</ele>
      </trkpt>
      <trkpt lat="33.302145106717944" lon="130.27479043230414">
        <ele>25.2</ele>
      </trkpt>
      <trkpt lat="33.302146615460515" lon="130.2748254686594">
        <ele>25.0</ele>
      </trkpt>
      <trkpt lat="33.30213756300509" lon="130.27487391605973">
        <ele>25.0</ele>
      </trkpt>
      <trkpt lat="33.30213504843414" lon="130.2749164123088">
        <ele>25.0</ele>
      </trkpt>
      <trkpt lat="33.30213085748255" lon="130.27496670372784">
        <ele>25.0</ele>
      </trkpt>
      <trkpt lat="33.30212742090225" lon="130.27501028962433">
        <ele>25.0</ele>
      </trkpt>
      <trkpt lat="33.302124068140984" lon="130.27505823411047">
        <ele>24.8</ele>
      </trkpt>
      <trkpt lat="33.30212155357003" lon="130.27510366402566">
        <ele>24.8</ele>
      </trkpt>
      <trkpt lat="33.30212105065584" lon="130.2751479204744">
        <ele>24.6</ele>
      </trkpt>
      <trkpt lat="33.302119290456176" lon="130.2751965355128">
        <ele>24.4</ele>
      </trkpt>
      <trkpt lat="33.30212088301778" lon="130.27523978613317">
        <ele>24.2</ele>
      </trkpt>
      <trkpt lat="33.30211895518005" lon="130.27528923936188">
        <ele>23.8</ele>
      </trkpt>
      <trkpt lat="33.30212431959808" lon="130.27533223852515">
        <ele>23.2</ele>
      </trkpt>
      <trkpt lat="33.302118703722954" lon="130.27538781054318">
        <ele>22.8</ele>
      </trkpt>
      <trkpt lat="33.30212096683681" lon="130.27543131262064">
        <ele>22.4</ele>
      </trkpt>
      <trkpt lat="33.3021127525717" lon="130.27548822574317">
        <ele>22.4</ele>
      </trkpt>
      <trkpt lat="33.30210386775434" lon="130.2755358349532">
        <ele>22.0</ele>
      </trkpt>
      <trkpt lat="33.30208249390125" lon="130.27558671310544">
        <ele>21.8</ele>
      </trkpt>
      <trkpt lat="33.302062544971704" lon="130.27562476694584">
        <ele>21.6</ele>
      </trkpt>
      <trkpt lat="33.3020318672061" lon="130.27566650882363">
        <ele>21.4</ele>
      </trkpt>
      <trkpt lat="33.30200655385852" lon="130.2756968513131">
        <ele>21.4</ele>
      </trkpt>
      <trkpt lat="33.30197227187455" lon="130.27573758736253">
        <ele>21.2</ele>
      </trkpt>
      <trkpt lat="33.30194762907922" lon="130.27577044442296">
        <ele>21.0</ele>
      </trkpt>
      <trkpt lat="33.30191468819976" lon="130.2758115157485">
        <ele>20.8</ele>
      </trkpt>
      <trkpt lat="33.30188853666186" lon="130.27584990486503">
        <ele>20.8</ele>
      </trkpt>
      <trkpt lat="33.301855931058526" lon="130.2758897189051">
        <ele>20.4</ele>
      </trkpt>
      <trkpt lat="33.30183011479676" lon="130.2759230788797">
        <ele>20.2</ele>
      </trkpt>
      <trkpt lat="33.30180203542113" lon="130.27596674859524">
        <ele>20.2</ele>
      </trkpt>
      <trkpt lat="33.30177906900644" lon="130.27600245550275">
        <ele>20.0</ele>
      </trkpt>
      <trkpt lat="33.30174528993666" lon="130.27604788541794">
        <ele>20.0</ele>
      </trkpt>
      <trkpt lat="33.30171637237072" lon="130.27608233503997">
        <ele>20.0</ele>
      </trkpt>
      <trkpt lat="33.301689215004444" lon="130.2761212270707">
        <ele>20.0</ele>
      </trkpt>
      <trkpt lat="33.30166934989393" lon="130.2761580236256">
        <ele>20.0</ele>
      </trkpt>
      <trkpt lat="33.301647221669555" lon="130.2761965803802">
        <ele>20.0</ele>
      </trkpt>
      <trkpt lat="33.30162157304585" lon="130.27623396366835">
        <ele>20.0</ele>
      </trkpt>
      <trkpt lat="33.30160145647824" lon="130.2762690000236">
        <ele>20.0</ele>
      </trkpt>
      <trkpt lat="33.30157320946455" lon="130.27630286291242">
        <ele>20.0</ele>
      </trkpt>
      <trkpt lat="33.30155024304986" lon="130.27633605524898">
        <ele>20.0</ele>
      </trkpt>
      <trkpt lat="33.30151881091297" lon="130.27637008577585">
        <ele>20.0</ele>
      </trkpt>
      <trkpt lat="33.30149752087891" lon="130.27639959007502">
        <ele>20.0</ele>
      </trkpt>
      <trkpt lat="33.30146701075137" lon="130.27643093839288">
        <ele>20.2</ele>
      </trkpt>
      <trkpt lat="33.30144957639277" lon="130.2764613647014">
        <ele>20.0</ele>
      </trkpt>
      <trkpt lat="33.30141537822783" lon="130.27649489231408">
        <ele>20.0</ele>
      </trkpt>
      <trkpt lat="33.301392663270235" lon="130.2765293419361">
        <ele>20.0</ele>
      </trkpt>
      <trkpt lat="33.30136081203818" lon="130.2765684016049">
        <ele>20.0</ele>
      </trkpt>
      <trkpt lat="33.30134144984186" lon="130.2765958942473">
        <ele>20.2</ele>
      </trkpt>
      <trkpt lat="33.30130917951465" lon="130.27663646265864">
        <ele>20.0</ele>
      </trkpt>
      <trkpt lat="33.301287135109305" lon="130.2766622789204">
        <ele>20.2</ele>
      </trkpt>
      <trkpt lat="33.30125545151532" lon="130.27669538743794">
        <ele>20.2</ele>
      </trkpt>
      <trkpt lat="33.30122678540647" lon="130.27672396972775">
        <ele>20.2</ele>
      </trkpt>
      <trkpt lat="33.30119728110731" lon="130.276759006083">
        <ele>20.0</ele>
      </trkpt>
      <trkpt lat="33.30117071047425" lon="130.27678809128702">
        <ele>20.2</ele>
      </trkpt>
      <trkpt lat="33.3011407032609" lon="130.27681860141456">
        <ele>20.0</ele>
      </trkpt>
      <trkpt lat="33.30111128278077" lon="130.27684584259987">
        <ele>20.0</ele>
      </trkpt>
      <trkpt lat="33.301086723804474" lon="130.2768713235855">
        <ele>20.0</ele>
      </trkpt>
      <trkpt lat="33.30105470493436" lon="130.27689571492374">
        <ele>20.0</ele>
      </trkpt>
      <trkpt lat="33.30103090032935" lon="130.27691926807165">
        <ele>20.0</ele>
      </trkpt>
      <trkpt lat="33.30099091865122" lon="130.27694164775312">
        <ele>19.8</ele>
      </trkpt>
      <trkpt lat="33.300961162894964" lon="130.27696360833943">
        <ele>19.8</ele>
      </trkpt>
      <trkpt lat="33.30091539770365" lon="130.27698221616447">
        <ele>19.8</ele>
      </trkpt>
      <trkpt lat="33.300883043557405" lon="130.27700618840754">
        <ele>19.8</ele>
      </trkpt>
      <trkpt lat="33.30084356479347" lon="130.27702496387064">
        <ele>19.8</ele>
      </trkpt>
      <trkpt lat="33.30081355758011" lon="130.27703661471605">
        <ele>20.0</ele>
      </trkpt>
      <trkpt lat="33.300772570073605" lon="130.27704549953341">
        <ele>20.0</ele>
      </trkpt>
      <trkpt lat="33.30074105411768" lon="130.2770542167127">
        <ele>20.0</ele>
      </trkpt>
      <trkpt lat="33.30069956369698" lon="130.27705773711205">
        <ele>20.0</ele>
      </trkpt>
      <trkpt lat="33.300669556483626" lon="130.27706251479685">
        <ele>20.0</ele>
      </trkpt>
      <trkpt lat="33.30063049681485" lon="130.27706519700587">
        <ele>20.0</ele>
      </trkpt>
      <trkpt lat="33.30059529282153" lon="130.2770716510713">
        <ele>20.0</ele>
      </trkpt>
      <trkpt lat="33.300552209839225" lon="130.27707114815712">
        <ele>20.0</ele>
      </trkpt>
      <trkpt lat="33.30051616765559" lon="130.2770737465471">
        <ele>20.0</ele>
      </trkpt>
      <trkpt lat="33.30047316849232" lon="130.2770739980042">
        <ele>20.0</ele>
      </trkpt>
      <trkpt lat="33.3004395570606" lon="130.27707039378583">
        <ele>20.0</ele>
      </trkpt>
      <trkpt lat="33.30039664171636" lon="130.27706595137715">
        <ele>20.0</ele>
      </trkpt>
      <trkpt lat="33.30035833641887" lon="130.27705614455044">
        <ele>19.8</ele>
      </trkpt>
      <trkpt lat="33.30031952820718" lon="130.2770393807441">
        <ele>20.0</ele>
      </trkpt>
      <trkpt lat="33.300282480195165" lon="130.27701406739652">
        <ele>19.8</ele>
      </trkpt>
      <trkpt lat="33.300251215696335" lon="130.27699084952474">
        <ele>19.8</ele>
      </trkpt>
      <trkpt lat="33.3002202026546" lon="130.27694776654243">
        <ele>19.8</ele>
      </trkpt>
      <trkpt lat="33.30020067282021" lon="130.27691398747265">
        <ele>19.8</ele>
      </trkpt>
      <trkpt lat="33.30017946660519" lon="130.27686160057783">
        <ele>19.8</ele>
      </trkpt>
      <trkpt lat="33.300164714455605" lon="130.2768216188997">
        <ele>19.8</ele>
      </trkpt>
      <trkpt lat="33.300151554867625" lon="130.2767677232623">
        <ele>19.8</ele>
      </trkpt>
      <trkpt lat="33.300142753869295" lon="130.2767320163548">
        <ele>19.8</ele>
      </trkpt>
      <trkpt lat="33.30013512633741" lon="130.27668767608702">
        <ele>19.8</ele>
      </trkpt>
      <trkpt lat="33.30013227649033" lon="130.276647945866">
        <ele>19.8</ele>
      </trkpt>
      <trkpt lat="33.30012917518616" lon="130.27660285122693">
        <ele>19.8</ele>
      </trkpt>
      <trkpt lat="33.30012825317681" lon="130.27655817568302">
        <ele>19.8</ele>
      </trkpt>
      <trkpt lat="33.300123140215874" lon="130.276515847072">
        <ele>19.8</ele>
      </trkpt>
      <trkpt lat="33.30012196674943" lon="130.2764672320336">
        <ele>19.8</ele>
      </trkpt>
      <trkpt lat="33.30011668615043" lon="130.27642775326967">
        <ele>19.8</ele>
      </trkpt>
      <trkpt lat="33.300111908465624" lon="130.27637796476483">
        <ele>19.8</ele>
      </trkpt>
      <trkpt lat="33.3001113217324" lon="130.27634066529572">
        <ele>20.0</ele>
      </trkpt>
      <trkpt lat="33.30010872334242" lon="130.27628626674414">
        <ele>20.0</ele>
      </trkpt>
      <trkpt lat="33.30010277219117" lon="130.27625223621726">
        <ele>20.0</ele>
      </trkpt>
      <trkpt lat="33.30009120516479" lon="130.27620454318821">
        <ele>20.0</ele>
      </trkpt>
      <trkpt lat="33.30007997341454" lon="130.27616213075817">
        <ele>20.0</ele>
      </trkpt>
      <trkpt lat="33.30005784519017" lon="130.27611812576652">
        <ele>20.0</ele>
      </trkpt>
      <trkpt lat="33.300034292042255" lon="130.27609096840024">
        <ele>19.8</ele>
      </trkpt>
      <trkpt lat="33.300002021715045" lon="130.2760572731495">
        <ele>19.8</ele>
      </trkpt>
      <trkpt lat="33.299973187968135" lon="130.27604897506535">
        <ele>19.8</ele>
      </trkpt>
      <trkpt lat="33.29992993734777" lon="130.27604947797954">
        <ele>19.8</ele>
      </trkpt>
      <trkpt lat="33.29990118741989" lon="130.27606188319623">
        <ele>19.8</ele>
      </trkpt>
      <trkpt lat="33.29986455850303" lon="130.27608074247837">
        <ele>19.8</ele>
      </trkpt>
      <trkpt lat="33.29983580857515" lon="130.2760971710086">
        <ele>19.8</ele>
      </trkpt>
      <trkpt lat="33.29980186186731" lon="130.2761239092797">
        <ele>19.8</ele>
      </trkpt>
      <trkpt lat="33.29976766370237" lon="130.27614754624665">
        <ele>20.0</ele>
      </trkpt>
      <trkpt lat="33.29973732121289" lon="130.27617210522294">
        <ele>20.0</ele>
      </trkpt>
      <trkpt lat="33.2997040450573" lon="130.27619482018054">
        <ele>20.0</ele>
      </trkpt>
      <trkpt lat="33.29967747442424" lon="130.27622180990875">
        <ele>20.0</ele>
      </trkpt>
      <trkpt lat="33.299642438068986" lon="130.2762534096837">
        <ele>20.0</ele>
      </trkpt>
      <trkpt lat="33.29962349496782" lon="130.27628215961158">
        <ele>20.0</ele>
      </trkpt>
      <trkpt lat="33.299592062830925" lon="130.27631082572043">
        <ele>20.0</ele>
      </trkpt>
      <trkpt lat="33.2995674200356" lon="130.27633387595415">
        <ele>20.0</ele>
      </trkpt>
      <trkpt lat="33.299539256840944" lon="130.27636740356684">
        <ele>20.0</ele>
      </trkpt>
      <trkpt lat="33.299516374245286" lon="130.27639598585665">
        <ele>20.0</ele>
      </trkpt>
      <trkpt lat="33.29948334954679" lon="130.27642691507936">
        <ele>20.0</ele>
      </trkpt>
      <trkpt lat="33.29946490935981" lon="130.27645985595882">
        <ele>20.0</ele>
      </trkpt>
      <trkpt lat="33.29943498596549" lon="130.27649623341858">
        <ele>19.8</ele>
      </trkpt>
      <trkpt lat="33.29940657131374" lon="130.276523726061">
        <ele>19.8</ele>
      </trkpt>
      <trkpt lat="33.29938008449972" lon="130.27655859477818">
        <ele>20.0</ele>
      </trkpt>
      <trkpt lat="33.299354519695044" lon="130.27659002691507">
        <ele>20.0</ele>
      </trkpt>
      <trkpt lat="33.2993361633271" lon="130.27662305161357">
        <ele>20.0</ele>
      </trkpt>
      <trkpt lat="33.2993134483695" lon="130.27665867470205">
        <ele>20.0</ele>
      </trkpt>
      <trkpt lat="33.29929819330573" lon="130.27668968774378">
        <ele>20.0</ele>
      </trkpt>
      <trkpt lat="33.29927556216717" lon="130.27672363445163">
        <ele>20.2</ele>
      </trkpt>
      <trkpt lat="33.299261899665" lon="130.2767544798553">
        <ele>20.2</ele>
      </trkpt>
      <trkpt lat="33.29923901706934" lon="130.27679513208568">
        <ele>20.2</ele>
      </trkpt>
      <trkpt lat="33.2992288749665" lon="130.27683016844094">
        <ele>20.0</ele>
      </trkpt>
      <trkpt lat="33.29920590855181" lon="130.27687484398484">
        <ele>20.0</ele>
      </trkpt>
      <trkpt lat="33.299197275191545" lon="130.27690518647432">
        <ele>20.0</ele>
      </trkpt>
      <trkpt lat="33.29917372204363" lon="130.27694491669536">
        <ele>20.0</ele>
      </trkpt>
      <trkpt lat="33.29915687441826" lon="130.27698196470737">
        <ele>20.0</ele>
      </trkpt>
      <trkpt lat="33.299135249108076" lon="130.27702077291906">
        <ele>20.0</ele>
      </trkpt>
      <trkpt lat="33.2991186529398" lon="130.27705539017916">
        <ele>20.0</ele>
      </trkpt>
      <trkpt lat="33.29910038039088" lon="130.27709134854376">
        <ele>20.0</ele>
      </trkpt>
      <trkpt lat="33.29907858744264" lon="130.27712831273675">
        <ele>20.0</ele>
      </trkpt>
      <trkpt lat="33.299059895798564" lon="130.27716611512005">
        <ele>20.2</ele>
      </trkpt>
      <trkpt lat="33.299037516117096" lon="130.27720157057047">
        <ele>20.0</ele>
      </trkpt>
      <trkpt lat="33.29901672899723" lon="130.27723350562155">
        <ele>20.2</ele>
      </trkpt>
      <trkpt lat="33.29898932017386" lon="130.2772645186633">
        <ele>20.2</ele>
      </trkpt>
      <trkpt lat="33.298974903300405" lon="130.27729569934309">
        <ele>20.2</ele>
      </trkpt>
      <trkpt lat="33.298946572467685" lon="130.2773295622319">
        <ele>20.2</ele>
      </trkpt>
      <trkpt lat="33.2989286351949" lon="130.27735504321754">
        <ele>20.2</ele>
      </trkpt>
      <trkpt lat="33.298896700143814" lon="130.27738756500185">
        <ele>20.2</ele>
      </trkpt>
      <trkpt lat="33.29887172207236" lon="130.27741673402488">
        <ele>20.2</ele>
      </trkpt>
      <trkpt lat="33.29883576370776" lon="130.27744464576244">
        <ele>20.0</ele>
      </trkpt>
      <trkpt lat="33.298811288550496" lon="130.2774741500616">
        <ele>20.0</ele>
      </trkpt>
      <trkpt lat="33.298777006566525" lon="130.2775032352656">
        <ele>20.0</ele>
      </trkpt>
      <trkpt lat="33.29875429160893" lon="130.27752997353673">
        <ele>19.8</ele>
      </trkpt>
      <trkpt lat="33.29871824942529" lon="130.2775560412556">
        <ele>19.8</ele>
      </trkpt>
      <trkpt lat="33.29869612120092" lon="130.2775769121945">
        <ele>19.8</ele>
      </trkpt>
      <trkpt lat="33.298659743741155" lon="130.27760842815042">
        <ele>19.8</ele>
      </trkpt>
      <trkpt lat="33.298636358231306" lon="130.27762142010033">
        <ele>19.8</ele>
      </trkpt>
      <trkpt lat="33.298596795648336" lon="130.27764480561018">
        <ele>20.0</ele>
      </trkpt>
      <trkpt lat="33.29857743345201" lon="130.27766902931035">
        <ele>20.0</ele>
      </trkpt>
      <trkpt lat="33.29853820614517" lon="130.27768973261118">
        <ele>20.0</ele>
      </trkpt>
      <trkpt lat="33.29850719310343" lon="130.27770574204624">
        <ele>20.0</ele>
      </trkpt>
      <trkpt lat="33.298469055444" lon="130.27771906927228">
        <ele>20.0</ele>
      </trkpt>
      <trkpt lat="33.29843343235552" lon="130.27773298323154">
        <ele>20.0</ele>
      </trkpt>
      <trkpt lat="33.29839613288641" lon="130.27774178422987">
        <ele>20.0</ele>
      </trkpt>
      <trkpt lat="33.29836537130177" lon="130.27774865739048">
        <ele>20.0</ele>
      </trkpt>
      <trkpt lat="33.29832723364234" lon="130.2777558658272">
        <ele>20.0</ele>
      </trkpt>
      <trkpt lat="33.29829110763967" lon="130.27775695547462">
        <ele>20.0</ele>
      </trkpt>
      <trkpt lat="33.29825573600829" lon="130.27775351889431">
        <ele>20.0</ele>
      </trkpt>
      <trkpt lat="33.29821575433016" lon="130.27774203568697">
        <ele>20.0</ele>
      </trkpt>
      <trkpt lat="33.29818130470812" lon="130.27773801237345">
        <ele>20.0</ele>
      </trkpt>
      <trkpt lat="33.29814559780061" lon="130.27771999128163">
        <ele>20.0</ele>
      </trkpt>
      <trkpt lat="33.298116344958544" lon="130.2777122799307">
        <ele>20.0</ele>
      </trkpt>
      <trkpt lat="33.29807418398559" lon="130.27769224718213">
        <ele>20.0</ele>
      </trkpt>
      <trkpt lat="33.29804669134319" lon="130.2776868827641">
        <ele>20.0</ele>
      </trkpt>
      <trkpt lat="33.29801291227341" lon="130.2776694484055">
        <ele>20.0</ele>
      </trkpt>
      <trkpt lat="33.29798374325037" lon="130.2776564564556">
        <ele>20.0</ele>
      </trkpt>
      <trkpt lat="33.29794694669545" lon="130.27763072401285">
        <ele>20.0</ele>
      </trkpt>
      <trkpt lat="33.29791283234954" lon="130.27761186473072">
        <ele>20.0</ele>
      </trkpt>
      <trkpt lat="33.29787729308009" lon="130.2775848750025">
        <ele>20.0</ele>
      </trkpt>
      <trkpt lat="33.29784896224737" lon="130.27756509371102">
        <ele>20.0</ele>
      </trkpt>
      <trkpt lat="33.29781618900597" lon="130.27753114700317">
        <ele>20.0</ele>
      </trkpt>
      <trkpt lat="33.297791965305805" lon="130.27750491164625">
        <ele>20.0</ele>
      </trkpt>
      <trkpt lat="33.297762209549546" lon="130.27747532352805">
        <ele>20.0</ele>
      </trkpt>
      <trkpt lat="33.29773563891649" lon="130.27744858525693">
        <ele>20.0</ele>
      </trkpt>
      <trkpt lat="33.29771149903536" lon="130.2774178236723">
        <ele>20.0</ele>
      </trkpt>
      <trkpt lat="33.297688867896795" lon="130.27738220058382">
        <ele>20.0</ele>
      </trkpt>
      <trkpt lat="33.29766808077693" lon="130.27735194191337">
        <ele>20.0</ele>
      </trkpt>
      <trkpt lat="33.29764469526708" lon="130.2773126307875">
        <ele>20.0</ele>
      </trkpt>
      <trkpt lat="33.29762223176658" lon="130.27728706598282">
        <ele>20.0</ele>
      </trkpt>
      <trkpt lat="33.29759180545807" lon="130.27725068852305">
        <ele>20.0</ele>
      </trkpt>
      <trkpt lat="33.297565234825015" lon="130.2772312425077">
        <ele>20.0</ele>
      </trkpt>
      <trkpt lat="33.29752592369914" lon="130.2772048395127">
        <ele>20.0</ele>
      </trkpt>
      <trkpt lat="33.29749692231417" lon="130.2772014029324">
        <ele>20.2</ele>
      </trkpt>
      <trkpt lat="33.29745492897928" lon="130.27719394303858">
        <ele>20.0</ele>
      </trkpt>
      <trkpt lat="33.29742911271751" lon="130.27720207348466">
        <ele>20.4</ele>
      </trkpt>
      <trkpt lat="33.29738795757294" lon="130.27720970101655">
        <ele>20.4</ele>
      </trkpt>
      <trkpt lat="33.29735619015992" lon="130.27722244150937">
        <ele>20.4</ele>
      </trkpt>
      <trkpt lat="33.29731469973922" lon="130.27723685838282">
        <ele>20.2</ele>
      </trkpt>
      <trkpt lat="33.297275975346565" lon="130.27724926359951">
        <ele>20.2</ele>
      </trkpt>
      <trkpt lat="33.29723951406777" lon="130.2772568911314">
        <ele>20.2</ele>
      </trkpt>
      <trkpt lat="33.29720112495124" lon="130.27726200409234">
        <ele>20.2</ele>
      </trkpt>
      <trkpt lat="33.297170866280794" lon="130.2772703859955">
        <ele>20.2</ele>
      </trkpt>
      <trkpt lat="33.297130381688476" lon="130.2772764209658">
        <ele>20.2</ele>
      </trkpt>
      <trkpt lat="33.29710573889315" lon="130.27728740125895">
        <ele>20.2</ele>
      </trkpt>
      <trkpt lat="33.2970633264631" lon="130.27729343622923">
        <ele>20.2</ele>
      </trkpt>
      <trkpt lat="33.297038013115525" lon="130.2773070987314">
        <ele>20.2</ele>
      </trkpt>
      <trkpt lat="33.297000797465444" lon="130.27731497772038">
        <ele>20.2</ele>
      </trkpt>
      <trkpt lat="33.29697045497596" lon="130.2773242816329">
        <ele>20.2</ele>
      </trkpt>
      <trkpt lat="33.296934915706515" lon="130.27733283117414">
        <ele>20.2</ele>
      </trkpt>
      <trkpt lat="33.29690054990351" lon="130.2773412130773">
        <ele>20.2</ele>
      </trkpt>
      <trkpt lat="33.29686685465276" lon="130.2773449011147">
        <ele>20.2</ele>
      </trkpt>
      <trkpt lat="33.29682997427881" lon="130.27734867297113">
        <ele>20.2</ele>
      </trkpt>
      <trkpt lat="33.29679896123707" lon="130.2773541212082">
        <ele>20.2</ele>
      </trkpt>
      <trkpt lat="33.29675931483507" lon="130.27735403738916">
        <ele>20.4</ele>
      </trkpt>
      <trkpt lat="33.29672779887915" lon="130.2773602399975">
        <ele>20.2</ele>
      </trkpt>
      <trkpt lat="33.296688152477145" lon="130.27736040763557">
        <ele>20.2</ele>
      </trkpt>
      <trkpt lat="33.29665336757898" lon="130.2773681189865">
        <ele>20.2</ele>
      </trkpt>
      <trkpt lat="33.29661053605378" lon="130.27736828662455">
        <ele>20.2</ele>
      </trkpt>
      <trkpt lat="33.29657952301204" lon="130.27737298049033">
        <ele>20.2</ele>
      </trkpt>
      <trkpt lat="33.296544905751944" lon="130.27737163938582">
        <ele>20.2</ele>
      </trkpt>
      <trkpt lat="33.29651146195829" lon="130.27737524360418">
        <ele>20.2</ele>
      </trkpt>
      <trkpt lat="33.29647625796497" lon="130.27737482450902">
        <ele>20.2</ele>
      </trkpt>
      <trkpt lat="33.29644306562841" lon="130.277380021289">
        <ele>20.0</ele>
      </trkpt>
      <trkpt lat="33.296406185254455" lon="130.27738261967897">
        <ele>20.0</ele>
      </trkpt>
      <trkpt lat="33.29636972397566" lon="130.2773866429925">
        <ele>20.0</ele>
      </trkpt>
      <trkpt lat="33.29633275978267" lon="130.27739410288632">
        <ele>20.0</ele>
      </trkpt>
      <trkpt lat="33.29629654996097" lon="130.27740114368498">
        <ele>20.0</ele>
      </trkpt>
      <trkpt lat="33.29625933431089" lon="130.2774122916162">
        <ele>20.0</ele>
      </trkpt>
      <trkpt lat="33.29621868208051" lon="130.27741639874876">
        <ele>20.0</ele>
      </trkpt>
      <trkpt lat="33.296185825020075" lon="130.2774241939187">
        <ele>20.0</ele>
      </trkpt>
      <trkpt lat="33.296143328770995" lon="130.27742846868932">
        <ele>20.0</ele>
      </trkpt>
      <trkpt lat="33.296115417033434" lon="130.27743944898248">
        <ele>20.2</ele>
      </trkpt>
      <trkpt lat="33.29607468098402" lon="130.27743701823056">
        <ele>20.2</ele>
      </trkpt>
      <trkpt lat="33.29603704623878" lon="130.27744489721954">
        <ele>20.2</ele>
      </trkpt>
      <trkpt lat="33.295992705971" lon="130.27744464576244">
        <ele>20.2</ele>
      </trkpt>
      <trkpt lat="33.29596219584346" lon="130.27744908817112">
        <ele>20.0</ele>
      </trkpt>
      <trkpt lat="33.295919531956315" lon="130.27744573540986">
        <ele>20.0</ele>
      </trkpt>
      <trkpt lat="33.29588650725782" lon="130.2774561289698">
        <ele>20.0</ele>
      </trkpt>
      <trkpt lat="33.29584166407585" lon="130.27745822444558">
        <ele>19.8</ele>
      </trkpt>
      <trkpt lat="33.295810567215085" lon="130.27746501378715">
        <ele>19.8</ele>
      </trkpt>
      <trkpt lat="33.29577025026083" lon="130.27746316976845">
        <ele>20.0</ele>
      </trkpt>
      <trkpt lat="33.29574191942811" lon="130.2774680312723">
        <ele>20.0</ele>
      </trkpt>
      <trkpt lat="33.295699171721935" lon="130.27746694162488">
        <ele>20.2</ele>
      </trkpt>
      <trkpt lat="33.295665895566344" lon="130.27747339569032">
        <ele>20.2</ele>
      </trkpt>
      <trkpt lat="33.295625327154994" lon="130.2774757426232">
        <ele>20.2</ele>
      </trkpt>
      <trkpt lat="33.29558459110558" lon="130.2774785924703">
        <ele>20.2</ele>
      </trkpt>
      <trkpt lat="33.2955471239984" lon="130.27747716754675">
        <ele>20.2</ele>
      </trkpt>
      <trkpt lat="33.29550881870091" lon="130.27747197076678">
        <ele>20.2</ele>
      </trkpt>
      <trkpt lat="33.29547721892595" lon="130.277467276901">
        <ele>20.2</ele>
      </trkpt>
      <trkpt lat="33.29544075764716" lon="130.27745738625526">
        <ele>20.0</ele>
      </trkpt>
      <trkpt lat="33.29541703686118" lon="130.2774548716843">
        <ele>20.0</ele>
      </trkpt>
      <trkpt lat="33.295375630259514" lon="130.27744682505727">
        <ele>20.0</ele>
      </trkpt>
      <trkpt lat="33.29534553922713" lon="130.27745076455176">
        <ele>20.0</ele>
      </trkpt>
      <trkpt lat="33.29530346207321" lon="130.2774516865611">
        <ele>20.2</ele>
      </trkpt>
      <trkpt lat="33.29527429305017" lon="130.27745822444558">
        <ele>20.2</ele>
      </trkpt>
      <trkpt lat="33.29523556865752" lon="130.27747364714742">
        <ele>20.2</ele>
      </trkpt>
      <trkpt lat="33.295208578929305" lon="130.2774923387915">
        <ele>20.2</ele>
      </trkpt>
      <trkpt lat="33.295170776546" lon="130.2775108627975">
        <ele>20.2</ele>
      </trkpt>
      <trkpt lat="33.29513951204717" lon="130.27752947062254">
        <ele>20.2</ele>
      </trkpt>
      <trkpt lat="33.295100117102265" lon="130.2775523532182">
        <ele>20.2</ele>
      </trkpt>
      <trkpt lat="33.295065835118294" lon="130.2775724697858">
        <ele>20.2</ele>
      </trkpt>
      <trkpt lat="33.29503331333399" lon="130.27759962715209">
        <ele>20.2</ele>
      </trkpt>
      <trkpt lat="33.295006239786744" lon="130.2776250243187">
        <ele>20.2</ele>
      </trkpt>
      <trkpt lat="33.29497086815536" lon="130.2776488289237">
        <ele>20.2</ele>
      </trkpt>
      <trkpt lat="33.294939771294594" lon="130.2776694484055">
        <ele>20.0</ele>
      </trkpt>
      <trkpt lat="33.29491236247122" lon="130.2776908222586">
        <ele>20.0</ele>
      </trkpt>
      <trkpt lat="33.294877409935" lon="130.27771177701652">
        <ele>20.0</ele>
      </trkpt>
      <trkpt lat="33.29485218040645" lon="130.2777281217277">
        <ele>20.0</ele>
      </trkpt>
      <trkpt lat="33.29481261782348" lon="130.27774337679148">
        <ele>20.0</ele>
      </trkpt>
      <trkpt lat="33.29478696919978" lon="130.27776793576777">
        <ele>20.0</ele>
      </trkpt>
      <trkpt lat="33.29475545324385" lon="130.27779056690633">
        <ele>20.0</ele>
      </trkpt>
      <trkpt lat="33.29473148100078" lon="130.27781361714005">
        <ele>20.0</ele>
      </trkpt>
      <trkpt lat="33.29469669610262" lon="130.27783708646894">
        <ele>20.0</ele>
      </trkpt>
      <trkpt lat="33.29466970637441" lon="130.27786323800683">
        <ele>20.0</ele>
      </trkpt>
      <trkpt lat="33.29463525675237" lon="130.27788394130766">
        <ele>20.0</ele>
      </trkpt>
      <trkpt lat="33.29460726119578" lon="130.27790875174105">
        <ele>20.0</ele>
      </trkpt>
      <trkpt lat="33.29457792453468" lon="130.2779358252883">
        <ele>20.0</ele>
      </trkpt>
      <trkpt lat="33.294545067474246" lon="130.2779633179307">
        <ele>19.8</ele>
      </trkpt>
      <trkpt lat="33.294513802975416" lon="130.2779908105731">
        <ele>19.8</ele>
      </trkpt>
      <trkpt lat="33.29448605887592" lon="130.27802081778646">
        <ele>19.8</ele>
      </trkpt>
      <trkpt lat="33.29446258954704" lon="130.27805048972368">
        <ele>20.0</ele>
      </trkpt>
      <trkpt lat="33.294433169066906" lon="130.27808083221316">
        <ele>20.0</ele>
      </trkpt>
      <trkpt lat="33.29441003501415" lon="130.27810782194138">
        <ele>20.0</ele>
      </trkpt>
      <trkpt lat="33.29437751322985" lon="130.27813363820314">
        <ele>20.0</ele>
      </trkpt>
      <trkpt lat="33.294356893748045" lon="130.27815719135106">
        <ele>20.0</ele>
      </trkpt>
      <trkpt lat="33.29432495869696" lon="130.27818711474538">
        <ele>20.2</ele>
      </trkpt>
      <trkpt lat="33.294297214597464" lon="130.2782159484923">
        <ele>20.0</ele>
      </trkpt>
      <trkpt lat="33.294264525175095" lon="130.2782440278679">
        <ele>20.0</ele>
      </trkpt>
      <trkpt lat="33.29423728398979" lon="130.2782722748816">
        <ele>20.2</ele>
      </trkpt>
      <trkpt lat="33.294201577082276" lon="130.27830102480948">
        <ele>20.2</ele>
      </trkpt>
      <trkpt lat="33.29418523237109" lon="130.27832524850965">
        <ele>20.2</ele>
      </trkpt>
      <trkpt lat="33.29415975138545" lon="130.2783563453704">
        <ele>20.2</ele>
      </trkpt>
      <trkpt lat="33.29414022155106" lon="130.2783835027367">
        <ele>20.2</ele>
      </trkpt>
      <trkpt lat="33.29411465674639" lon="130.27841795235872">
        <ele>20.2</ele>
      </trkpt>
      <trkpt lat="33.294085152447224" lon="130.2784443553537">
        <ele>20.0</ele>
      </trkpt>
      <trkpt lat="33.29405874945223" lon="130.27847017161548">
        <ele>20.0</ele>
      </trkpt>
      <trkpt lat="33.294028993695974" lon="130.2784948144108">
        <ele>20.0</ele>
      </trkpt>
      <trkpt lat="33.2940071169287" lon="130.27852104976773">
        <ele>20.0</ele>
      </trkpt>
      <trkpt lat="33.29397493042052" lon="130.27854627929628">
        <ele>20.0</ele>
      </trkpt>
      <trkpt lat="33.29395238310099" lon="130.27857234701514">
        <ele>20.0</ele>
      </trkpt>
      <trkpt lat="33.29391994513571" lon="130.2785994205624">
        <ele>20.0</ele>
      </trkpt>
      <trkpt lat="33.293897146359086" lon="130.2786253206432">
        <ele>20.0</ele>
      </trkpt>
      <trkpt lat="33.29386303201318" lon="130.2786499634385">
        <ele>20.0</ele>
      </trkpt>
      <trkpt lat="33.29383981414139" lon="130.27867645025253">
        <ele>20.0</ele>
      </trkpt>
      <trkpt lat="33.293804693967104" lon="130.2787070441991">
        <ele>20.2</ele>
      </trkpt>
      <trkpt lat="33.29378340393305" lon="130.27873218990862">
        <ele>20.2</ele>
      </trkpt>
      <trkpt lat="33.29375306144357" lon="130.2787664718926">
        <ele>20.2</ele>
      </trkpt>
      <trkpt lat="33.293727496638894" lon="130.27879379689693">
        <ele>20.2</ele>
      </trkpt>
      <trkpt lat="33.293699165806174" lon="130.2788267377764">
        <ele>20.2</ele>
      </trkpt>
      <trkpt lat="33.29367955215275" lon="130.27885196730494">
        <ele>20.2</ele>
      </trkpt>
      <trkpt lat="33.29364485107362" lon="130.2788843214512">
        <ele>20.2</ele>
      </trkpt>
      <trkpt lat="33.29361476004124" lon="130.2789094671607">
        <ele>20.2</ele>
      </trkpt>
      <trkpt lat="33.29358005896211" lon="130.2789435815066">
        <ele>20.2</ele>
      </trkpt>
      <trkpt lat="33.293553572148085" lon="130.27897534891963">
        <ele>20.2</ele>
      </trkpt>
      <trkpt lat="33.29352540895343" lon="130.27900879271328">
        <ele>20.2</ele>
      </trkpt>
      <trkpt lat="33.29349556937814" lon="130.27903653681278">
        <ele>20.2</ele>
      </trkpt>
      <trkpt lat="33.29346556216478" lon="130.27906981296837">
        <ele>20.2</ele>
      </trkpt>
      <trkpt lat="33.29343748278916" lon="130.2791002392769">
        <ele>20.2</ele>
      </trkpt>
      <trkpt lat="33.29341149888933" lon="130.27913376688957">
        <ele>20.2</ele>
      </trkpt>
      <trkpt lat="33.29338132403791" lon="130.2791647799313">
        <ele>20.2</ele>
      </trkpt>
      <trkpt lat="33.29335441812873" lon="130.2791938651353">
        <ele>20.2</ele>
      </trkpt>
      <trkpt lat="33.29332357272506" lon="130.27922227978706">
        <ele>20.2</ele>
      </trkpt>
      <trkpt lat="33.293302282691" lon="130.2792517002672">
        <ele>20.2</ele>
      </trkpt>
      <trkpt lat="33.29327177256346" lon="130.27928355149925">
        <ele>20.4</ele>
      </trkpt>
      <trkpt lat="33.29325375147164" lon="130.27931179851294">
        <ele>20.4</ele>
      </trkpt>
      <trkpt lat="33.29322709701955" lon="130.27934306301177">
        <ele>20.4</ele>
      </trkpt>
      <trkpt lat="33.293212512508035" lon="130.2793687954545">
        <ele>20.4</ele>
      </trkpt>
      <trkpt lat="33.293188540264964" lon="130.27940324507654">
        <ele>20.4</ele>
      </trkpt>
      <trkpt lat="33.29317068681121" lon="130.27943216264248">
        <ele>20.6</ele>
      </trkpt>
      <trkpt lat="33.293143613263965" lon="130.27946527116">
        <ele>20.6</ele>
      </trkpt>
      <trkpt lat="33.293126095086336" lon="130.27949108742177">
        <ele>20.8</ele>
      </trkpt>
      <trkpt lat="33.293101619929075" lon="130.27953006327152">
        <ele>20.8</ele>
      </trkpt>
      <trkpt lat="33.2930797431618" lon="130.27955738827586">
        <ele>21.0</ele>
      </trkpt>
      <trkpt lat="33.29305090941489" lon="130.27959066443145">
        <ele>21.0</ele>
      </trkpt>
      <trkpt lat="33.29302718862891" lon="130.27961740270257">
        <ele>21.0</ele>
      </trkpt>
      <trkpt lat="33.29300070181489" lon="130.2796486672014">
        <ele>21.0</ele>
      </trkpt>
      <trkpt lat="33.292971197515726" lon="130.27967657893896">
        <ele>21.0</ele>
      </trkpt>
      <trkpt lat="33.292951080948114" lon="130.2797039039433">
        <ele>21.0</ele>
      </trkpt>
      <trkpt lat="33.29291654750705" lon="130.27972536161542">
        <ele>21.0</ele>
      </trkpt>
      <trkpt lat="33.29289567656815" lon="130.2797511778772">
        <ele>20.8</ele>
      </trkpt>
      <trkpt lat="33.29286097548902" lon="130.27977758087218">
        <ele>20.8</ele>
      </trkpt>
      <trkpt lat="33.29283549450338" lon="130.27979987673461">
        <ele>20.8</ele>
      </trkpt>
      <trkpt lat="33.2927980273962" lon="130.27982426807284">
        <ele>20.8</ele>
      </trkpt>
      <trkpt lat="33.29277455806732" lon="130.27985150925815">
        <ele>21.0</ele>
      </trkpt>
      <trkpt lat="33.29273818060756" lon="130.27988193556666">
        <ele>21.0</ele>
      </trkpt>
      <trkpt lat="33.29271588474512" lon="130.27990414761007">
        <ele>20.8</ele>
      </trkpt>
      <trkpt lat="33.29268311150372" lon="130.27993314899504">
        <ele>20.8</ele>
      </trkpt>
      <trkpt lat="33.29265377484262" lon="130.2799589652568">
        <ele>20.8</ele>
      </trkpt>
      <trkpt lat="33.29262100160122" lon="130.27998654171824">
        <ele>20.8</ele>
      </trkpt>
      <trkpt lat="33.292591413483024" lon="130.28001235798">
        <ele>20.8</ele>
      </trkpt>
      <trkpt lat="33.2925598975271" lon="130.28003918007016">
        <ele>20.6</ele>
      </trkpt>
      <trkpt lat="33.292527459561825" lon="130.2800612244755">
        <ele>20.6</ele>
      </trkpt>
      <trkpt lat="33.292495692148805" lon="130.28008863329887">
        <ele>20.4</ele>
      </trkpt>
      <trkpt lat="33.292458560317755" lon="130.28010715730488">
        <ele>20.4</ele>
      </trkpt>
      <trkpt lat="33.29242561943829" lon="130.28012576512992">
        <ele>20.4</ele>
      </trkpt>
      <trkpt lat="33.29239041544497" lon="130.28014378622174">
        <ele>20.4</ele>
      </trkpt>
      <trkpt lat="33.29236317425966" lon="130.28016792610288">
        <ele>20.4</ele>
      </trkpt>
      <trkpt lat="33.29232646152377" lon="130.28018821030855">
        <ele>20.6</ele>
      </trkpt>
      <trkpt lat="33.29229025170207" lon="130.28021092526615">
        <ele>20.8</ele>
      </trkpt>
      <trkpt lat="33.29224934801459" lon="130.28022794052958">
        <ele>20.8</ele>
      </trkpt>
      <trkpt lat="33.292222525924444" lon="130.28024629689753">
        <ele>20.6</ele>
      </trkpt>
      <trkpt lat="33.292182963341475" lon="130.28026264160872">
        <ele>20.6</ele>
      </trkpt>
      <trkpt lat="33.29215798527002" lon="130.28028300963342">
        <ele>20.6</ele>
      </trkpt>
      <trkpt lat="33.29212018288672" lon="130.28029994107783">
        <ele>20.6</ele>
      </trkpt>
      <trkpt lat="33.29209269024432" lon="130.28031771071255">
        <ele>20.6</ele>
      </trkpt>
      <trkpt lat="33.29205815680325" lon="130.28033271431923">
        <ele>20.6</ele>
      </trkpt>
      <trkpt lat="33.29202747903764" lon="130.28035232797265">
        <ele>20.4</ele>
      </trkpt>
      <trkpt lat="33.29199152067304" lon="130.28037613257766">
        <ele>20.6</ele>
      </trkpt>
      <trkpt lat="33.291968470439315" lon="130.2803979255259">
        <ele>20.6</ele>
      </trkpt>
      <trkpt lat="33.291932763531804" lon="130.28042231686413">
        <ele>20.6</ele>
      </trkpt>
      <trkpt lat="33.29190535470843" lon="130.28044327162206">
        <ele>20.8</ele>
      </trkpt>
      <trkpt lat="33.291873671114445" lon="130.28046271763742">
        <ele>20.8</ele>
      </trkpt>
      <trkpt lat="33.29183913767338" lon="130.28048124164343">
        <ele>20.8</ele>
      </trkpt>
      <trkpt lat="33.29180753789842" lon="130.28050236403942">
        <ele>20.8</ele>
      </trkpt>
      <trkpt lat="33.29177518375218" lon="130.28051912784576">
        <ele>20.8</ele>
      </trkpt>
      <trkpt lat="33.29174794256687" lon="130.28054201044142">
        <ele>20.8</ele>
      </trkpt>
      <trkpt lat="33.29170938581228" lon="130.28055902570486">
        <ele>20.8</ele>
      </trkpt>
      <trkpt lat="33.29168239608407" lon="130.28057855553925">
        <ele>20.8</ele>
      </trkpt>
      <trkpt lat="33.291647862643" lon="130.28059196658432">
        <ele>20.8</ele>
      </trkpt>
      <trkpt lat="33.29161827452481" lon="130.28060680255294">
        <ele>20.8</ele>
      </trkpt>
      <trkpt lat="33.29158013686538" lon="130.2806188724935">
        <ele>20.8</ele>
      </trkpt>
      <trkpt lat="33.29155440442264" lon="130.2806342113763">
        <ele>21.0</ele>
      </trkpt>
      <trkpt lat="33.291518026962876" lon="130.2806524001062">
        <ele>21.0</ele>
      </trkpt>
      <trkpt lat="33.29149363562465" lon="130.280670421198">
        <ele>21.2</ele>
      </trkpt>
      <trkpt lat="33.29145574942231" lon="130.28069606982172">
        <ele>21.4</ele>
      </trkpt>
      <trkpt lat="33.29142448492348" lon="130.28071702457964">
        <ele>21.4</ele>
      </trkpt>
      <trkpt lat="33.29139020293951" lon="130.28073605149984">
        <ele>21.4</ele>
      </trkpt>
      <trkpt lat="33.29135223291814" lon="130.28075189329684">
        <ele>21.4</ele>
      </trkpt>
      <trkpt lat="33.29132406972349" lon="130.280770836398">
        <ele>21.4</ele>
      </trkpt>
      <trkpt lat="33.29129003919661" lon="130.28078525327146">
        <ele>21.4</ele>
      </trkpt>
      <trkpt lat="33.291265815496445" lon="130.28080235235393">
        <ele>21.6</ele>
      </trkpt>
      <trkpt lat="33.29123086296022" lon="130.28081727214158">
        <ele>21.6</ele>
      </trkpt>
      <trkpt lat="33.29120638780296" lon="130.28082900680602">
        <ele>21.6</ele>
      </trkpt>
      <trkpt lat="33.29116967506707" lon="130.28084409423172">
        <ele>21.6</ele>
      </trkpt>
      <trkpt lat="33.291145702824" lon="130.28086178004742">
        <ele>21.8</ele>
      </trkpt>
      <trkpt lat="33.29110865481198" lon="130.2808781247586">
        <ele>21.8</ele>
      </trkpt>
      <trkpt lat="33.291085520759225" lon="130.28089455328882">
        <ele>22.0</ele>
      </trkpt>
      <trkpt lat="33.29104998148978" lon="130.28091886080801">
        <ele>22.0</ele>
      </trkpt>
      <trkpt lat="33.29101687297225" lon="130.2809397317469">
        <ele>22.0</ele>
      </trkpt>
      <trkpt lat="33.29098594374955" lon="130.280955825001">
        <ele>22.0</ele>
      </trkpt>
      <trkpt lat="33.29095124267042" lon="130.28097233735025">
        <ele>22.0</ele>
      </trkpt>
      <trkpt lat="33.29091679304838" lon="130.28098667040467">
        <ele>22.0</ele>
      </trkpt>
      <trkpt lat="33.29087337478995" lon="130.28099379502237">
        <ele>21.8</ele>
      </trkpt>
      <trkpt lat="33.29084588214755" lon="130.28100485913455">
        <ele>21.8</ele>
      </trkpt>
      <trkpt lat="33.29080581665039" lon="130.28101718053222">
        <ele>21.8</ele>
      </trkpt>
      <trkpt lat="33.29077639617026" lon="130.2810295857489">
        <ele>21.6</ele>
      </trkpt>
      <trkpt lat="33.290731720626354" lon="130.28103872202337">
        <ele>21.6</ele>
      </trkpt>
      <trkpt lat="33.29070313833654" lon="130.28105003759265">
        <ele>21.6</ele>
      </trkpt>
      <trkpt lat="33.29066508449614" lon="130.28106026351452">
        <ele>21.6</ele>
      </trkpt>
      <trkpt lat="33.29062594100833" lon="130.28107115998864">
        <ele>21.6</ele>
      </trkpt>
      <trkpt lat="33.2905878033489" lon="130.28107803314924">
        <ele>21.6</ele>
      </trkpt>
      <trkpt lat="33.29055670648813" lon="130.28108364902437">
        <ele>21.8</ele>
      </trkpt>
      <trkpt lat="33.290521167218685" lon="130.28109186328948">
        <ele>21.8</ele>
      </trkpt>
      <trkpt lat="33.2904839515686" lon="130.28109680861235">
        <ele>21.6</ele>
      </trkpt>
      <trkpt lat="33.29045402817428" lon="130.281103849411">
        <ele>21.6</ele>
      </trkpt>
      <trkpt lat="33.29041630961001" lon="130.28110862709582">
        <ele>21.6</ele>
      </trkpt>
      <trkpt lat="33.29039300791919" lon="130.2811151649803">
        <ele>21.4</ele>
      </trkpt>
      <trkpt lat="33.29035478644073" lon="130.28111424297094">
        <ele>21.2</ele>
      </trkpt>
      <trkpt lat="33.290326623246074" lon="130.28112119995058">
        <ele>21.2</ele>
      </trkpt>
      <trkpt lat="33.29028697684407" lon="130.2811215352267">
        <ele>21.0</ele>
      </trkpt>
      <trkpt lat="33.29026233404875" lon="130.28113092295825">
        <ele>21.2</ele>
      </trkpt>
      <trkpt lat="33.290223106741905" lon="130.28113964013755">
        <ele>21.2</ele>
      </trkpt>
      <trkpt lat="33.290198631584644" lon="130.28114408254623">
        <ele>21.2</ele>
      </trkpt>
      <trkpt lat="33.29016267322004" lon="130.28114894405007">
        <ele>21.2</ele>
      </trkpt>
      <trkpt lat="33.29012562520802" lon="130.28114827349782">
        <ele>21.2</ele>
      </trkpt>
      <trkpt lat="33.290089750662446" lon="130.2811550628394">
        <ele>21.4</ele>
      </trkpt>
      <trkpt lat="33.290049182251096" lon="130.28115757741034">
        <ele>21.4</ele>
      </trkpt>
      <trkpt lat="33.29001900739968" lon="130.2811630256474">
        <ele>21.4</ele>
      </trkpt>
      <trkpt lat="33.28997357748449" lon="130.28116629458964">
        <ele>21.4</ele>
      </trkpt>
      <trkpt lat="33.289943654090166" lon="130.28118398040533">
        <ele>21.4</ele>
      </trkpt>
      <trkpt lat="33.28990182839334" lon="130.28118951246142">
        <ele>21.4</ele>
      </trkpt>
      <trkpt lat="33.28987685032189" lon="130.28119663707912">
        <ele>21.4</ele>
      </trkpt>
      <trkpt lat="33.28983452171087" lon="130.28120149858296">
        <ele>21.4</ele>
      </trkpt>
      <trkpt lat="33.28981624916196" lon="130.281214825809">
        <ele>21.4</ele>
      </trkpt>
      <trkpt lat="33.28978255391121" lon="130.2812198549509">
        <ele>21.2</ele>
      </trkpt>
      <trkpt lat="33.28975263051689" lon="130.28122873976827">
        <ele>21.2</ele>
      </trkpt>
      <trkpt lat="33.289717845618725" lon="130.28123980388045">
        <ele>21.2</ele>
      </trkpt>
      <trkpt lat="33.28968532383442" lon="130.2812510356307">
        <ele>21.2</ele>
      </trkpt>
      <trkpt lat="33.28964961692691" lon="130.28126729652286">
        <ele>21.2</ele>
      </trkpt>
      <trkpt lat="33.28961097635329" lon="130.28128313831985">
        <ele>21.2</ele>
      </trkpt>
      <trkpt lat="33.28957485035062" lon="130.28130107559264">
        <ele>21.2</ele>
      </trkpt>
      <trkpt lat="33.28954031690955" lon="130.28130903840065">
        <ele>21.2</ele>
      </trkpt>
      <trkpt lat="33.289503771811724" lon="130.28132035396993">
        <ele>21.2</ele>
      </trkpt>
      <trkpt lat="33.28946940600872" lon="130.28133544139564">
        <ele>21.2</ele>
      </trkpt>
      <trkpt lat="33.28943772241473" lon="130.281349606812">
        <ele>21.4</ele>
      </trkpt>
      <trkpt lat="33.289404110983014" lon="130.2813636045903">
        <ele>21.4</ele>
      </trkpt>
      <trkpt lat="33.28937645070255" lon="130.2813778538257">
        <ele>21.4</ele>
      </trkpt>
      <trkpt lat="33.28933898359537" lon="130.28139210306108">
        <ele>21.4</ele>
      </trkpt>
      <trkpt lat="33.289311826229095" lon="130.28140610083938">
        <ele>21.2</ele>
      </trkpt>
      <trkpt lat="33.28927394002676" lon="130.28142311610281">
        <ele>21.2</ele>
      </trkpt>
      <trkpt lat="33.28924401663244" lon="130.2814360242337">
        <ele>21.2</ele>
      </trkpt>
      <trkpt lat="33.28920805826783" lon="130.28144876472652">
        <ele>20.8</ele>
      </trkpt>
      <trkpt lat="33.28918467275798" lon="130.28146075084805">
        <ele>20.6</ele>
      </trkpt>
      <trkpt lat="33.28914351761341" lon="130.28146955184639">
        <ele>20.6</ele>
      </trkpt>
      <trkpt lat="33.289113426581025" lon="130.28147902339697">
        <ele>20.6</ele>
      </trkpt>
      <trkpt lat="33.28907067887485" lon="130.28148799203336">
        <ele>20.6</ele>
      </trkpt>
      <trkpt lat="33.28903949819505" lon="130.2815010678023">
        <ele>20.6</ele>
      </trkpt>
      <trkpt lat="33.28899599611759" lon="130.281513473019">
        <ele>20.6</ele>
      </trkpt>
      <trkpt lat="33.28897043131292" lon="130.28153057210147">
        <ele>20.6</ele>
      </trkpt>
      <trkpt lat="33.28893229365349" lon="130.28154892846942">
        <ele>20.6</ele>
      </trkpt>
      <trkpt lat="33.28889583237469" lon="130.2815652731806">
        <ele>20.6</ele>
      </trkpt>
      <trkpt lat="33.28885719180107" lon="130.2815729007125">
        <ele>20.6</ele>
      </trkpt>
      <trkpt lat="33.28882592730224" lon="130.2815884910524">
        <ele>20.6</ele>
      </trkpt>
      <trkpt lat="33.288786951452494" lon="130.28160416521132">
        <ele>20.6</ele>
      </trkpt>
      <trkpt lat="33.28876071609557" lon="130.28161556459963">
        <ele>20.8</ele>
      </trkpt>
      <trkpt lat="33.28873003832996" lon="130.28163023293018">
        <ele>20.8</ele>
      </trkpt>
      <trkpt lat="33.28870170749724" lon="130.28164205141366">
        <ele>20.8</ele>
      </trkpt>
      <trkpt lat="33.288668347522616" lon="130.28165839612484">
        <ele>20.6</ele>
      </trkpt>
      <trkpt lat="33.28863574191928" lon="130.28166971169412">
        <ele>20.8</ele>
      </trkpt>
      <trkpt lat="33.288608668372035" lon="130.28168538585305">
        <ele>20.8</ele>
      </trkpt>
      <trkpt lat="33.288575392216444" lon="130.28170064091682">
        <ele>20.6</ele>
      </trkpt>
      <trkpt lat="33.288547145202756" lon="130.28172394260764">
        <ele>20.6</ele>
      </trkpt>
      <trkpt lat="33.28851127065718" lon="130.28173525817692">
        <ele>20.6</ele>
      </trkpt>
      <trkpt lat="33.28848126344383" lon="130.28174992650747">
        <ele>20.8</ele>
      </trkpt>
      <trkpt lat="33.28844069503248" lon="130.28176409192383">
        <ele>20.8</ele>
      </trkpt>
      <trkpt lat="33.28841831535101" lon="130.28177674859762">
        <ele>20.8</ele>
      </trkpt>
      <trkpt lat="33.288383446633816" lon="130.28178772889078">
        <ele>20.8</ele>
      </trkpt>
      <trkpt lat="33.28835813328624" lon="130.28180038556457">
        <ele>20.8</ele>
      </trkpt>
      <trkpt lat="33.28832561150193" lon="130.2818176522851">
        <ele>20.8</ele>
      </trkpt>
      <trkpt lat="33.28829702921212" lon="130.28184019960463">
        <ele>20.8</ele>
      </trkpt>
      <trkpt lat="33.288266183808446" lon="130.28185947798193">
        <ele>20.8</ele>
      </trkpt>
      <trkpt lat="33.288232404738665" lon="130.28187280520797">
        <ele>20.8</ele>
      </trkpt>
      <trkpt lat="33.28820281662047" lon="130.28188730590045">
        <ele>21.0</ele>
      </trkpt>
      <trkpt lat="33.28816627152264" lon="130.28189526870847">
        <ele>21.0</ele>
      </trkpt>
      <trkpt lat="33.2881357613951" lon="130.28191220015287">
        <ele>21.0</ele>
      </trkpt>
      <trkpt lat="33.28809645026922" lon="130.2819217555225">
        <ele>21.0</ele>
      </trkpt>
      <trkpt lat="33.28806736506522" lon="130.28193675912917">
        <ele>21.0</ele>
      </trkpt>
      <trkpt lat="33.288031155243516" lon="130.28194882906973">
        <ele>21.0</ele>
      </trkpt>
      <trkpt lat="33.28800391405821" lon="130.2819640841335">
        <ele>21.0</ele>
      </trkpt>
      <trkpt lat="33.28797088935971" lon="130.28197715990245">
        <ele>21.0</ele>
      </trkpt>
      <trkpt lat="33.28794079832733" lon="130.28199275024235">
        <ele>21.0</ele>
      </trkpt>
      <trkpt lat="33.287910372018814" lon="130.2820126991719">
        <ele>21.0</ele>
      </trkpt>
      <trkpt lat="33.287870809435844" lon="130.28202443383634">
        <ele>21.2</ele>
      </trkpt>
      <trkpt lat="33.287835605442524" lon="130.28203926980495">
        <ele>21.2</ele>
      </trkpt>
      <trkpt lat="33.28779419884086" lon="130.28204505331814">
        <ele>21.0</ele>
      </trkpt>
      <trkpt lat="33.28776461072266" lon="130.2820557821542">
        <ele>21.0</ele>
      </trkpt>
      <trkpt lat="33.28772219829261" lon="130.2820599731058">
        <ele>21.0</ele>
      </trkpt>
      <trkpt lat="33.28769034706056" lon="130.28207103721797">
        <ele>21.0</ele>
      </trkpt>
      <trkpt lat="33.28764550387859" lon="130.28207489289343">
        <ele>21.0</ele>
      </trkpt>
      <trkpt lat="33.287617675960064" lon="130.28208578936756">
        <ele>21.0</ele>
      </trkpt>
      <trkpt lat="33.28758087940514" lon="130.28208763338625">
        <ele>20.8</ele>
      </trkpt>
      <trkpt lat="33.287549782544374" lon="130.28209316544235">
        <ele>20.8</ele>
      </trkpt>
      <trkpt lat="33.28751432709396" lon="130.2820898965001">
        <ele>20.8</ele>
      </trkpt>
      <trkpt lat="33.287485744804144" lon="130.28209257870913">
        <ele>20.6</ele>
      </trkpt>
      <trkpt lat="33.287455569952726" lon="130.28208838775754">
        <ele>20.6</ele>
      </trkpt>
      <trkpt lat="33.287417348474264" lon="130.2820837777108">
        <ele>20.4</ele>
      </trkpt>
      <trkpt lat="33.28738650307059" lon="130.28207564726472">
        <ele>20.4</ele>
      </trkpt>
      <trkpt lat="33.28735029324889" lon="130.2820695284754">
        <ele>20.4</ele>
      </trkpt>
      <trkpt lat="33.287314334884286" lon="130.2820732165128">
        <ele>20.4</ele>
      </trkpt>
      <trkpt lat="33.2872704975307" lon="130.28206282295287">
        <ele>20.2</ele>
      </trkpt>
      <trkpt lat="33.287233700975776" lon="130.2820613142103">
        <ele>20.2</ele>
      </trkpt>
      <trkpt lat="33.28719086945057" lon="130.28204949572682">
        <ele>20.2</ele>
      </trkpt>
      <trkpt lat="33.28716253861785" lon="130.28204035945237">
        <ele>20.2</ele>
      </trkpt>
      <trkpt lat="33.287123730406165" lon="130.28201839886606">
        <ele>20.0</ele>
      </trkpt>
      <trkpt lat="33.28709506429732" lon="130.28200616128743">
        <ele>20.2</ele>
      </trkpt>
      <trkpt lat="33.28706421889365" lon="130.28198537416756">
        <ele>20.0</ele>
      </trkpt>
      <trkpt lat="33.287035217508674" lon="130.2819719631225">
        <ele>20.0</ele>
      </trkpt>
      <trkpt lat="33.28700135461986" lon="130.28196550905704">
        <ele>20.0</ele>
      </trkpt>
      <trkpt lat="33.28696950338781" lon="130.28195209801197">
        <ele>19.8</ele>
      </trkpt>
      <trkpt lat="33.286943435668945" lon="130.28194312937558">
        <ele>20.0</ele>
      </trkpt>
      <trkpt lat="33.28690814785659" lon="130.28192510828376">
        <ele>20.0</ele>
      </trkpt>
      <trkpt lat="33.28688258305192" lon="130.28191421180964">
        <ele>19.8</ele>
      </trkpt>
      <trkpt lat="33.28684402629733" lon="130.28189392760396">
        <ele>20.0</ele>
      </trkpt>
      <trkpt lat="33.2868111692369" lon="130.2818763256073">
        <ele>20.0</ele>
      </trkpt>
      <trkpt lat="33.2867765519768" lon="130.28185981325805">
        <ele>19.8</ele>
      </trkpt>
      <trkpt lat="33.28674570657313" lon="130.28184087015688">
        <ele>19.8</ele>
      </trkpt>
      <trkpt lat="33.28671201132238" lon="130.28182544745505">
        <ele>19.8</ele>
      </trkpt>
      <trkpt lat="33.28667948953807" lon="130.28180742636323">
        <ele>19.8</ele>
      </trkpt>
      <trkpt lat="33.286654176190495" lon="130.28179426677525">
        <ele>19.8</ele>
      </trkpt>
      <trkpt lat="33.28661855310202" lon="130.2817713841796">
        <ele>19.8</ele>
      </trkpt>
      <trkpt lat="33.28659441322088" lon="130.28176073916256">
        <ele>19.8</ele>
      </trkpt>
      <trkpt lat="33.28655971214175" lon="130.28173383325338">
        <ele>19.8</ele>
      </trkpt>
      <trkpt lat="33.286534482613206" lon="130.28172058984637">
        <ele>19.8</ele>
      </trkpt>
      <trkpt lat="33.28649466857314" lon="130.28169142082334">
        <ele>19.8</ele>
      </trkpt>
      <trkpt lat="33.28646826557815" lon="130.2816833741963">
        <ele>19.8</ele>
      </trkpt>
      <trkpt lat="33.2864292897284" lon="130.28166392818093">
        <ele>19.8</ele>
      </trkpt>
      <trkpt lat="33.286400623619556" lon="130.28165680356324">
        <ele>19.8</ele>
      </trkpt>
      <trkpt lat="33.286366341635585" lon="130.28164406307042">
        <ele>19.8</ele>
      </trkpt>
      <trkpt lat="33.28633960336447" lon="130.28163232840598">
        <ele>19.8</ele>
      </trkpt>
      <trkpt lat="33.28631294891238" lon="130.28162478469312">
        <ele>20.0</ele>
      </trkpt>
      <trkpt lat="33.28627900220454" lon="130.2816083561629">
        <ele>20.0</ele>
      </trkpt>
      <trkpt lat="33.2862482406199" lon="130.28159838169813">
        <ele>20.0</ele>
      </trkpt>
      <trkpt lat="33.286204654723406" lon="130.28158740140498">
        <ele>20.0</ele>
      </trkpt>
      <trkpt lat="33.28617691062391" lon="130.28158253990114">
        <ele>20.0</ele>
      </trkpt>
      <trkpt lat="33.28613843768835" lon="130.28157038614154">
        <ele>20.0</ele>
      </trkpt>
      <trkpt lat="33.28611488454044" lon="130.28156887739897">
        <ele>20.0</ele>
      </trkpt>
      <trkpt lat="33.28607833944261" lon="130.28155823238194">
        <ele>19.8</ele>
      </trkpt>
      <trkpt lat="33.28604992479086" lon="130.2815552148968">
        <ele>19.8</ele>
      </trkpt>
      <trkpt lat="33.286012122407556" lon="130.28155345469713">
        <ele>19.8</ele>
      </trkpt>
      <trkpt lat="33.28597222454846" lon="130.2815541252494">
        <ele>19.6</ele>
      </trkpt>
      <trkpt lat="33.28594230115414" lon="130.28156083077192">
        <ele>19.6</ele>
      </trkpt>
      <trkpt lat="33.28590039163828" lon="130.28156301006675">
        <ele>19.6</ele>
      </trkpt>
      <trkpt lat="33.28587499447167" lon="130.2815694641322">
        <ele>19.6</ele>
      </trkpt>
      <trkpt lat="33.28583300113678" lon="130.28157600201666">
        <ele>19.6</ele>
      </trkpt>
      <trkpt lat="33.28579721041024" lon="130.28158899396658">
        <ele>19.6</ele>
      </trkpt>
      <trkpt lat="33.285762844607234" lon="130.2815993875265">
        <ele>19.8</ele>
      </trkpt>
      <trkpt lat="33.285739878192544" lon="130.28161405585706">
        <ele>20.0</ele>
      </trkpt>
      <trkpt lat="33.28570894896984" lon="130.2816308196634">
        <ele>19.8</ele>
      </trkpt>
      <trkpt lat="33.2856816239655" lon="130.281642973423">
        <ele>20.0</ele>
      </trkpt>
      <trkpt lat="33.28565371222794" lon="130.28165780939162">
        <ele>20.0</ele>
      </trkpt>
      <trkpt lat="33.28562437556684" lon="130.28166920877993">
        <ele>19.8</ele>
      </trkpt>
      <trkpt lat="33.2855986431241" lon="130.28168119490147">
        <ele>19.8</ele>
      </trkpt>
      <trkpt lat="33.28556218184531" lon="130.28168806806207">
        <ele>19.8</ele>
      </trkpt>
      <trkpt lat="33.28552748076618" lon="130.28170206584036">
        <ele>19.8</ele>
      </trkpt>
      <trkpt lat="33.285486325621605" lon="130.28170759789646">
        <ele>20.0</ele>
      </trkpt>
      <trkpt lat="33.285457491874695" lon="130.28172008693218">
        <ele>20.0</ele>
      </trkpt>
      <trkpt lat="33.2854207791388" lon="130.28172872029245">
        <ele>20.0</ele>
      </trkpt>
      <trkpt lat="33.28539387322962" lon="130.28174431063235">
        <ele>20.2</ele>
      </trkpt>
      <trkpt lat="33.28535716049373" lon="130.28176149353385">
        <ele>20.2</ele>
      </trkpt>
      <trkpt lat="33.28533176332712" lon="130.2817798499018">
        <ele>20.2</ele>
      </trkpt>
      <trkpt lat="33.28529714606702" lon="130.28179594315588">
        <ele>20.2</ele>
      </trkpt>
      <trkpt lat="33.28526127152145" lon="130.28180792927742">
        <ele>20.2</ele>
      </trkpt>
      <trkpt lat="33.285233778879046" lon="130.28182008303702">
        <ele>20.2</ele>
      </trkpt>
      <trkpt lat="33.28519497066736" lon="130.28182988986373">
        <ele>20.0</ele>
      </trkpt>
      <trkpt lat="33.285164292901754" lon="130.28184447437525">
        <ele>19.8</ele>
      </trkpt>
      <trkpt lat="33.28512313775718" lon="130.2818501740694">
        <ele>19.8</ele>
      </trkpt>
      <trkpt lat="33.285091035068035" lon="130.28186299838126">
        <ele>19.6</ele>
      </trkpt>
      <trkpt lat="33.28505088575184" lon="130.28186936862767">
        <ele>19.6</ele>
      </trkpt>
      <trkpt lat="33.28502087853849" lon="130.28187758289278">
        <ele>19.6</ele>
      </trkpt>
      <trkpt lat="33.28498533926904" lon="130.2818852942437">
        <ele>19.6</ele>
      </trkpt>
      <trkpt lat="33.28495432622731" lon="130.2818953525275">
        <ele>19.6</ele>
      </trkpt>
      <trkpt lat="33.284915182739496" lon="130.28190524317324">
        <ele>19.6</ele>
      </trkpt>
      <trkpt lat="33.28487964347005" lon="130.28191479854286">
        <ele>19.6</ele>
      </trkpt>
      <trkpt lat="33.284845696762204" lon="130.28192292898893">
        <ele>19.8</ele>
      </trkpt>
      <trkpt lat="33.28480722382665" lon="130.28192401863635">
        <ele>19.8</ele>
      </trkpt>
      <trkpt lat="33.284779815003276" lon="130.28193164616823">
        <ele>19.8</ele>
      </trkpt>
      <trkpt lat="33.28473606146872" lon="130.28193080797791">
        <ele>20.0</ele>
      </trkpt>
      <trkpt lat="33.28470479696989" lon="130.2819426264614">
        <ele>19.8</ele>
      </trkpt>
      <trkpt lat="33.284662552177906" lon="130.28194304555655">
        <ele>20.0</ele>
      </trkpt>
      <trkpt lat="33.284633634611964" lon="130.28194866143167">
        <ele>20.0</ele>
      </trkpt>
      <trkpt lat="33.28459926880896" lon="130.2819487452507">
        <ele>20.0</ele>
      </trkpt>
      <trkpt lat="33.28457378782332" lon="130.2819463983178">
        <ele>20.0</ele>
      </trkpt>
      <trkpt lat="33.284539924934506" lon="130.28194312937558">
        <ele>19.8</ele>
      </trkpt>
      <trkpt lat="33.28450983390212" lon="130.28194799087942">
        <ele>19.4</ele>
      </trkpt>
      <trkpt lat="33.284472450613976" lon="130.2819498348981">
        <ele>19.4</ele>
      </trkpt>
      <trkpt lat="33.28443758189678" lon="130.28194455429912">
        <ele>19.4</ele>
      </trkpt>
      <trkpt lat="33.28440522775054" lon="130.28193994425237">
        <ele>19.4</ele>
      </trkpt>
      <trkpt lat="33.284362480044365" lon="130.28192879632115">
        <ele>19.6</ele>
      </trkpt>
      <trkpt lat="33.28433054499328" lon="130.2819260302931">
        <ele>19.6</ele>
      </trkpt>
      <trkpt lat="33.28428595326841" lon="130.28191027231514">
        <ele>19.6</ele>
      </trkpt>
      <trkpt lat="33.28425175510347" lon="130.2819017227739">
        <ele>19.6</ele>
      </trkpt>
      <trkpt lat="33.284213449805975" lon="130.28188219293952">
        <ele>19.8</ele>
      </trkpt>
      <trkpt lat="33.2841794192791" lon="130.28187087737024">
        <ele>19.8</ele>
      </trkpt>
      <trkpt lat="33.28414086252451" lon="130.28184732422233">
        <ele>19.8</ele>
      </trkpt>
      <trkpt lat="33.2841136213392" lon="130.2818353381008">
        <ele>19.8</ele>
      </trkpt>
      <trkpt lat="33.28408461995423" lon="130.2818126231432">
        <ele>19.8</ele>
      </trkpt>
      <trkpt lat="33.284050757065415" lon="130.28179594315588">
        <ele>19.6</ele>
      </trkpt>
      <trkpt lat="33.28401077538729" lon="130.28178286738694">
        <ele>19.8</ele>
      </trkpt>
      <trkpt lat="33.28397967852652" lon="130.28176811523736">
        <ele>19.6</ele>
      </trkpt>
      <trkpt lat="33.28394648618996" lon="130.2817526087165">
        <ele>19.6</ele>
      </trkpt>
      <trkpt lat="33.28391036018729" lon="130.28173207305372">
        <ele>19.6</ele>
      </trkpt>
      <trkpt lat="33.28387934714556" lon="130.2817257028073">
        <ele>19.6</ele>
      </trkpt>
      <trkpt lat="33.28383978456259" lon="130.28171681798995">
        <ele>19.8</ele>
      </trkpt>
      <trkpt lat="33.283810866996646" lon="130.28172109276056">
        <ele>19.8</ele>
      </trkpt>
      <trkpt lat="33.283767867833376" lon="130.2817106153816">
        <ele>19.8</ele>
      </trkpt>
      <trkpt lat="33.28374221920967" lon="130.28171128593385">
        <ele>20.0</ele>
      </trkpt>
      <trkpt lat="33.28370299190283" lon="130.28170206584036">
        <ele>20.0</ele>
      </trkpt>
      <trkpt lat="33.28367658890784" lon="130.28170432895422">
        <ele>20.2</ele>
      </trkpt>
      <trkpt lat="33.28363308683038" lon="130.2817053347826">
        <ele>20.2</ele>
      </trkpt>
      <trkpt lat="33.28360098414123" lon="130.28170675970614">
        <ele>20.2</ele>
      </trkpt>
      <trkpt lat="33.28356879763305" lon="130.28170617297292">
        <ele>20.0</ele>
      </trkpt>
      <trkpt lat="33.28353250399232" lon="130.28170617297292">
        <ele>20.0</ele>
      </trkpt>
      <trkpt lat="33.283500568941236" lon="130.28170893900096">
        <ele>19.8</ele>
      </trkpt>
      <trkpt lat="33.283463437110186" lon="130.28170340694487">
        <ele>19.8</ele>
      </trkpt>
      <trkpt lat="33.2834351900965" lon="130.28170458041131">
        <ele>19.8</ele>
      </trkpt>
      <trkpt lat="33.283389173448086" lon="130.28169971890748">
        <ele>19.8</ele>
      </trkpt>
      <trkpt lat="33.283357406035066" lon="130.28170290403068">
        <ele>19.8</ele>
      </trkpt>
      <trkpt lat="33.28331373631954" lon="130.28170223347843">
        <ele>19.8</ele>
      </trkpt>
      <trkpt lat="33.283286076039076" lon="130.281711705029">
        <ele>20.0</ele>
      </trkpt>
      <trkpt lat="33.28325011767447" lon="130.28171413578093">
        <ele>20.0</ele>
      </trkpt>
      <trkpt lat="33.28322128392756" lon="130.2817163988948">
        <ele>20.0</ele>
      </trkpt>
      <trkpt lat="33.28318658284843" lon="130.28171832673252">
        <ele>20.0</ele>
      </trkpt>
      <trkpt lat="33.28315146267414" lon="130.28171665035188">
        <ele>20.0</ele>
      </trkpt>
      <trkpt lat="33.28311684541404" lon="130.2817198354751">
        <ele>20.0</ele>
      </trkpt>
      <trkpt lat="33.28308122232556" lon="130.2817140519619">
        <ele>20.0</ele>
      </trkpt>
      <trkpt lat="33.28304652124643" lon="130.28171287849545">
        <ele>20.0</ele>
      </trkpt>
      <trkpt lat="33.2830049470067" lon="130.28170265257359">
        <ele>20.0</ele>
      </trkpt>
      <trkpt lat="33.28297837637365" lon="130.28170466423035">
        <ele>19.8</ele>
      </trkpt>
      <trkpt lat="33.28293688595295" lon="130.2816918399185">
        <ele>19.8</ele>
      </trkpt>
      <trkpt lat="33.28290277160704" lon="130.2816894929856">
        <ele>19.8</ele>
      </trkpt>
      <trkpt lat="33.28286547213793" lon="130.28168203309178">
        <ele>19.8</ele>
      </trkpt>
      <trkpt lat="33.28283705748618" lon="130.2816836256534">
        <ele>19.8</ele>
      </trkpt>
      <trkpt lat="33.28279682435095" lon="130.28167842887342">
        <ele>19.8</ele>
      </trkpt>
      <trkpt lat="33.282766565680504" lon="130.28167725540698">
        <ele>19.8</ele>
      </trkpt>
      <trkpt lat="33.28272473998368" lon="130.28167080134153">
        <ele>19.8</ele>
      </trkpt>
      <trkpt lat="33.28268660232425" lon="130.281661497429">
        <ele>19.6</ele>
      </trkpt>
      <trkpt lat="33.28264997340739" lon="130.28164967894554">
        <ele>19.4</ele>
      </trkpt>
      <trkpt lat="33.28261787071824" lon="130.28163811191916">
        <ele>19.4</ele>
      </trkpt>
      <trkpt lat="33.2825871091336" lon="130.28163492679596">
        <ele>19.4</ele>
      </trkpt>
      <trkpt lat="33.28254788182676" lon="130.2816196717322">
        <ele>19.4</ele>
      </trkpt>
      <trkpt lat="33.282517371699214" lon="130.28161321766675">
        <ele>19.4</ele>
      </trkpt>
      <trkpt lat="33.28247898258269" lon="130.281592765823">
        <ele>19.4</ele>
      </trkpt>
      <trkpt lat="33.28245283104479" lon="130.2815893292427">
        <ele>19.4</ele>
      </trkpt>
      <trkpt lat="33.282414777204394" lon="130.28157407417893">
        <ele>19.6</ele>
      </trkpt>
      <trkpt lat="33.28238636255264" lon="130.28156938031316">
        <ele>19.6</ele>
      </trkpt>
      <trkpt lat="33.28235099092126" lon="130.28156007640064">
        <ele>19.6</ele>
      </trkpt>
      <trkpt lat="33.28232106752694" lon="130.2815541252494">
        <ele>19.6</ele>
      </trkpt>
      <trkpt lat="33.28228913247585" lon="130.28154708445072">
        <ele>19.6</ele>
      </trkpt>
      <trkpt lat="33.28225954435766" lon="130.28153551742435">
        <ele>19.6</ele>
      </trkpt>
      <trkpt lat="33.28222878277302" lon="130.28153015300632">
        <ele>19.6</ele>
      </trkpt>
      <trkpt lat="33.28219315968454" lon="130.28151464648545">
        <ele>19.8</ele>
      </trkpt>
      <trkpt lat="33.28216524794698" lon="130.28151447884738">
        <ele>19.6</ele>
      </trkpt>
      <trkpt lat="33.28212627209723" lon="130.2814992237836">
        <ele>19.8</ele>
      </trkpt>
      <trkpt lat="33.282094253227115" lon="130.28149503283203">
        <ele>19.8</ele>
      </trkpt>
      <trkpt lat="33.282053768634796" lon="130.2814846392721">
        <ele>19.8</ele>
      </trkpt>
      <trkpt lat="33.28202350996435" lon="130.28148346580565">
        <ele>19.8</ele>
      </trkpt>
      <trkpt lat="33.28198361210525" lon="130.28147164732218">
        <ele>19.8</ele>
      </trkpt>
      <trkpt lat="33.28195041976869" lon="130.28146971948445">
        <ele>19.8</ele>
      </trkpt>
      <trkpt lat="33.28191462904215" lon="130.28146728873253">
        <ele>19.8</ele>
      </trkpt>
      <trkpt lat="33.28188235871494" lon="130.28146200813353">
        <ele>19.6</ele>
      </trkpt>
      <trkpt lat="33.28184774145484" lon="130.28146267868578">
        <ele>19.6</ele>
      </trkpt>
      <trkpt lat="33.28180977143347" lon="130.28145781718194">
        <ele>19.4</ele>
      </trkpt>
      <trkpt lat="33.28177976422012" lon="130.28145756572485">
        <ele>19.4</ele>
      </trkpt>
      <trkpt lat="33.281740033999085" lon="130.28145052492619">
        <ele>19.4</ele>
      </trkpt>
      <trkpt lat="33.28171530738473" lon="130.28145387768745">
        <ele>19.2</ele>
      </trkpt>
      <trkpt lat="33.28167473897338" lon="130.28145052492619">
        <ele>19.4</ele>
      </trkpt>
      <trkpt lat="33.281648084521294" lon="130.2814529556781">
        <ele>19.4</ele>
      </trkpt>
      <trkpt lat="33.28160743229091" lon="130.28144935145974">
        <ele>19.2</ele>
      </trkpt>
      <trkpt lat="33.28157608397305" lon="130.28145262040198">
        <ele>19.4</ele>
      </trkpt>
      <trkpt lat="33.28153442591429" lon="130.28145245276392">
        <ele>19.4</ele>
      </trkpt>
      <trkpt lat="33.281501987949014" lon="130.28145102784038">
        <ele>19.4</ele>
      </trkpt>
      <trkpt lat="33.2814630959183" lon="130.28144708834589">
        <ele>19.4</ele>
      </trkpt>
      <trkpt lat="33.281427305191755" lon="130.28144574724138">
        <ele>19.4</ele>
      </trkpt>
      <trkpt lat="33.28139377757907" lon="130.28144557960331">
        <ele>19.2</ele>
      </trkpt>
      <trkpt lat="33.281357903033495" lon="130.2814405504614">
        <ele>19.2</ele>
      </trkpt>
      <trkpt lat="33.281335858628154" lon="130.28143904171884">
        <ele>19.2</ele>
      </trkpt>
      <trkpt lat="33.28129721805453" lon="130.28142579831183">
        <ele>19.0</ele>
      </trkpt>
      <trkpt lat="33.28127416782081" lon="130.28141942806542">
        <ele>19.0</ele>
      </trkpt>
      <trkpt lat="33.28123200684786" lon="130.2814003173262">
        <ele>18.8</ele>
      </trkpt>
      <trkpt lat="33.281196216121316" lon="130.28139629401267">
        <ele>18.6</ele>
      </trkpt>
      <trkpt lat="33.28116017393768" lon="130.28139025904238">
        <ele>18.6</ele>
      </trkpt>
      <trkpt lat="33.28112907707691" lon="130.28138590045273">
        <ele>18.6</ele>
      </trkpt>
      <trkpt lat="33.28110024333" lon="130.28138112276793">
        <ele>18.6</ele>
      </trkpt>
      <trkpt lat="33.28106495551765" lon="130.28137508779764">
        <ele>18.6</ele>
      </trkpt>
      <trkpt lat="33.28102723695338" lon="130.2813686337322">
        <ele>18.8</ele>
      </trkpt>
      <trkpt lat="33.280989937484264" lon="130.28135765343904">
        <ele>18.8</ele>
      </trkpt>
      <trkpt lat="33.280961690470576" lon="130.28135312721133">
        <ele>18.8</ele>
      </trkpt>
      <trkpt lat="33.28092481009662" lon="130.28133988380432">
        <ele>18.8</ele>
      </trkpt>
      <trkpt lat="33.280899999663234" lon="130.28134332038462">
        <ele>19.0</ele>
      </trkpt>
      <trkpt lat="33.28085733577609" lon="130.2813308313489">
        <ele>19.2</ele>
      </trkpt>
      <trkpt lat="33.280829675495625" lon="130.28132773004472">
        <ele>19.4</ele>
      </trkpt>
      <trkpt lat="33.280791537836194" lon="130.2813123073429">
        <ele>19.2</ele>
      </trkpt>
      <trkpt lat="33.28075700439513" lon="130.28130141086876">
        <ele>19.4</ele>
      </trkpt>
      <trkpt lat="33.28072146512568" lon="130.28128288686275">
        <ele>19.4</ele>
      </trkpt>
      <trkpt lat="33.28069020062685" lon="130.2812689729035">
        <ele>19.4</ele>
      </trkpt>
      <trkpt lat="33.28065642155707" lon="130.2812620997429">
        <ele>19.4</ele>
      </trkpt>
      <trkpt lat="33.28062163665891" lon="130.2812483534217">
        <ele>19.4</ele>
      </trkpt>
      <trkpt lat="33.28059506602585" lon="130.28124005533755">
        <ele>19.2</ele>
      </trkpt>
      <trkpt lat="33.28055684454739" lon="130.2812285721302">
        <ele>19.4</ele>
      </trkpt>
      <trkpt lat="33.28052926808596" lon="130.2812290750444">
        <ele>19.2</ele>
      </trkpt>
      <trkpt lat="33.28048995696008" lon="130.2812153287232">
        <ele>19.4</ele>
      </trkpt>
      <trkpt lat="33.280462212860584" lon="130.28121122159064">
        <ele>19.4</ele>
      </trkpt>
      <trkpt lat="33.28042441047728" lon="130.28119881637394">
        <ele>19.4</ele>
      </trkpt>
      <trkpt lat="33.28039448708296" lon="130.2811971399933">
        <ele>19.4</ele>
      </trkpt>
      <trkpt lat="33.28035986982286" lon="130.28118716552854">
        <ele>19.4</ele>
      </trkpt>
      <trkpt lat="33.280329359695315" lon="130.28118322603405">
        <ele>19.6</ele>
      </trkpt>
      <trkpt lat="33.28029180876911" lon="130.28117819689214">
        <ele>19.6</ele>
      </trkpt>
      <trkpt lat="33.28025677241385" lon="130.28116713277996">
        <ele>19.4</ele>
      </trkpt>
      <trkpt lat="33.280226765200496" lon="130.28115992434323">
        <ele>19.6</ele>
      </trkpt>
      <trkpt lat="33.2801887113601" lon="130.281138215214">
        <ele>19.6</ele>
      </trkpt>
      <trkpt lat="33.2801628112793" lon="130.2811310067773">
        <ele>19.6</ele>
      </trkpt>
      <trkpt lat="33.28012492507696" lon="130.2811130695045">
        <ele>19.6</ele>
      </trkpt>
      <trkpt lat="33.28009902499616" lon="130.28110686689615">
        <ele>19.6</ele>
      </trkpt>
      <trkpt lat="33.280060132965446" lon="130.2810961380601">
        <ele>19.4</ele>
      </trkpt>
      <trkpt lat="33.280028868466616" lon="130.28108700178564">
        <ele>19.4</ele>
      </trkpt>
      <trkpt lat="33.279992658644915" lon="130.28107753023505">
        <ele>19.4</ele>
      </trkpt>
      <trkpt lat="33.279958041384816" lon="130.28106696903706">
        <ele>19.4</ele>
      </trkpt>
      <trkpt lat="33.279923340305686" lon="130.28105523437262">
        <ele>19.4</ele>
      </trkpt>
      <trkpt lat="33.27988780103624" lon="130.28104215860367">
        <ele>19.2</ele>
      </trkpt>
      <trkpt lat="33.27985603362322" lon="130.2810330223292">
        <ele>19.2</ele>
      </trkpt>
      <trkpt lat="33.27981865033507" lon="130.28101877309382">
        <ele>19.2</ele>
      </trkpt>
      <trkpt lat="33.279783027246594" lon="130.2810221258551">
        <ele>19.2</ele>
      </trkpt>
      <trkpt lat="33.2797378487885" lon="130.28101433068514">
        <ele>19.2</ele>
      </trkpt>
      <trkpt lat="33.27970608137548" lon="130.28101692907512">
        <ele>19.2</ele>
      </trkpt>
      <trkpt lat="33.27966107055545" lon="130.28101047500968">
        <ele>19.2</ele>
      </trkpt>
      <trkpt lat="33.27963123098016" lon="130.28101382777095">
        <ele>19.2</ele>
      </trkpt>
      <trkpt lat="33.279592003673315" lon="130.28100728988647">
        <ele>19.2</ele>
      </trkpt>
      <trkpt lat="33.27956233173609" lon="130.28100276365876">
        <ele>19.2</ele>
      </trkpt>
      <trkpt lat="33.27952670864761" lon="130.28099982999265">
        <ele>19.2</ele>
      </trkpt>
      <trkpt lat="33.27949058264494" lon="130.28099991381168">
        <ele>19.2</ele>
      </trkpt>
      <trkpt lat="33.27945412136614" lon="130.28099404647946">
        <ele>19.2</ele>
      </trkpt>
      <trkpt lat="33.27941682189703" lon="130.28098415583372">
        <ele>19.2</ele>
      </trkpt>
      <trkpt lat="33.279383378103375" lon="130.2809780370444">
        <ele>19.2</ele>
      </trkpt>
      <trkpt lat="33.27934046275914" lon="130.28096445836127">
        <ele>19.2</ele>
      </trkpt>
      <trkpt lat="33.27931607142091" lon="130.28096496127546">
        <ele>19.2</ele>
      </trkpt>
      <trkpt lat="33.27927617356181" lon="130.2809518855065">
        <ele>19.2</ele>
      </trkpt>
      <trkpt lat="33.279245076701045" lon="130.28094425797462">
        <ele>19.2</ele>
      </trkpt>
      <trkpt lat="33.27920819632709" lon="130.2809354569763">
        <ele>19.2</ele>
      </trkpt>
      <trkpt lat="33.279177602380514" lon="130.28093294240534">
        <ele>19.2</ele>
      </trkpt>
      <trkpt lat="33.279142482206225" lon="130.28091466985643">
        <ele>19.0</ele>
      </trkpt>
      <trkpt lat="33.2791125588119" lon="130.28090846724808">
        <ele>18.8</ele>
      </trkpt>
      <trkpt lat="33.27907609753311" lon="130.280897654593">
        <ele>18.8</ele>
      </trkpt>
      <trkpt lat="33.279045252129436" lon="130.28088415972888">
        <ele>18.6</ele>
      </trkpt>
      <trkpt lat="33.27901356853545" lon="130.2808770351112">
        <ele>18.6</ele>
      </trkpt>
      <trkpt lat="33.278979789465666" lon="130.28086605481803">
        <ele>18.6</ele>
      </trkpt>
      <trkpt lat="33.27894785441458" lon="130.28086421079934">
        <ele>18.6</ele>
      </trkpt>
      <trkpt lat="33.27890778891742" lon="130.2808540686965">
        <ele>18.6</ele>
      </trkpt>
      <trkpt lat="33.27887484803796" lon="130.28084895573556">
        <ele>18.4</ele>
      </trkpt>
      <trkpt lat="33.27883184887469" lon="130.28084451332688">
        <ele>18.6</ele>
      </trkpt>
      <trkpt lat="33.27880251221359" lon="130.2808506321162">
        <ele>18.6</ele>
      </trkpt>
      <trkpt lat="33.27876496128738" lon="130.2808503806591">
        <ele>18.6</ele>
      </trkpt>
      <trkpt lat="33.27873503789306" lon="130.28085708618164">
        <ele>18.6</ele>
      </trkpt>
      <trkpt lat="33.278704108670354" lon="130.28085993602872">
        <ele>18.6</ele>
      </trkpt>
      <trkpt lat="33.27866923995316" lon="130.28086286969483">
        <ele>18.6</ele>
      </trkpt>
      <trkpt lat="33.27863453887403" lon="130.28086823411286">
        <ele>18.6</ele>
      </trkpt>
      <trkpt lat="33.278598161414266" lon="130.2808744367212">
        <ele>18.6</ele>
      </trkpt>
      <trkpt lat="33.27856941148639" lon="130.2808857522905">
        <ele>18.6</ele>
      </trkpt>
      <trkpt lat="33.27853127382696" lon="130.2808958105743">
        <ele>18.6</ele>
      </trkpt>
      <trkpt lat="33.278504367917776" lon="130.28091215528548">
        <ele>18.6</ele>
      </trkpt>
      <trkpt lat="33.278465643525124" lon="130.28092548251152">
        <ele>18.6</ele>
      </trkpt>
      <trkpt lat="33.27843949198723" lon="130.28094249777496">
        <ele>18.8</ele>
      </trkpt>
      <trkpt lat="33.278402192518115" lon="130.28095280751586">
        <ele>18.8</ele>
      </trkpt>
      <trkpt lat="33.27836816199124" lon="130.280969068408">
        <ele>18.8</ele>
      </trkpt>
      <trkpt lat="33.27833094634116" lon="130.28098633512855">
        <ele>19.0</ele>
      </trkpt>
      <trkpt lat="33.278304040431976" lon="130.28100427240133">
        <ele>19.0</ele>
      </trkpt>
      <trkpt lat="33.278267746791244" lon="130.28102237731218">
        <ele>18.8</ele>
      </trkpt>
      <trkpt lat="33.27824201434851" lon="130.2810427453369">
        <ele>18.8</ele>
      </trkpt>
      <trkpt lat="33.27820546925068" lon="130.28106252662838">
        <ele>18.8</ele>
      </trkpt>
      <trkpt lat="33.27817244455218" lon="130.2810787037015">
        <ele>18.8</ele>
      </trkpt>
      <trkpt lat="33.2781336363405" lon="130.281101167202">
        <ele>18.8</ele>
      </trkpt>
      <trkpt lat="33.278100276365876" lon="130.2811186015606">
        <ele>18.6</ele>
      </trkpt>
      <trkpt lat="33.278063060715795" lon="130.28114089742303">
        <ele>18.6</ele>
      </trkpt>
      <trkpt lat="33.27803154475987" lon="130.28115916997194">
        <ele>18.6</ele>
      </trkpt>
      <trkpt lat="33.277998603880405" lon="130.28117802925408">
        <ele>18.4</ele>
      </trkpt>
      <trkpt lat="33.27796465717256" lon="130.281191021204">
        <ele>18.4</ele>
      </trkpt>
      <trkpt lat="33.27793397940695" lon="130.28120283968747">
        <ele>18.4</ele>
      </trkpt>
      <trkpt lat="33.27789315953851" lon="130.28121205978096">
        <ele>18.4</ele>
      </trkpt>
      <trkpt lat="33.277861727401614" lon="130.28122739866376">
        <ele>18.2</ele>
      </trkpt>
      <trkpt lat="33.277819231152534" lon="130.28123033232987">
        <ele>18.2</ele>
      </trkpt>
      <trkpt lat="33.277788972482085" lon="130.28124793432653">
        <ele>18.2</ele>
      </trkpt>
      <trkpt lat="33.2777485717088" lon="130.28125195764005">
        <ele>18.2</ele>
      </trkpt>
      <trkpt lat="33.27771697193384" lon="130.2812629379332">
        <ele>18.2</ele>
      </trkpt>
      <trkpt lat="33.27767732553184" lon="130.28126939199865">
        <ele>18.2</ele>
      </trkpt>
      <trkpt lat="33.2776484079659" lon="130.2812829706818">
        <ele>18.4</ele>
      </trkpt>
      <trkpt lat="33.27761462889612" lon="130.28128707781434">
        <ele>18.4</ele>
      </trkpt>
      <trkpt lat="33.27758252620697" lon="130.28129428625107">
        <ele>18.4</ele>
      </trkpt>
      <trkpt lat="33.277543717995286" lon="130.28130266815424">
        <ele>18.6</ele>
      </trkpt>
      <trkpt lat="33.27750884927809" lon="130.28130593709648">
        <ele>18.6</ele>
      </trkpt>
      <trkpt lat="33.277474315837026" lon="130.28131071478128">
        <ele>18.6</ele>
      </trkpt>
      <trkpt lat="33.277436597272754" lon="130.2813113015145">
        <ele>18.6</ele>
      </trkpt>
      <trkpt lat="33.27740793116391" lon="130.2813144866377">
        <ele>18.6</ele>
      </trkpt>
      <trkpt lat="33.27736996114254" lon="130.2813115529716">
        <ele>18.6</ele>
      </trkpt>
      <trkpt lat="33.27734196558595" lon="130.2813149895519">
        <ele>18.6</ele>
      </trkpt>
      <trkpt lat="33.27730248682201" lon="130.2813168335706">
        <ele>18.4</ele>
      </trkpt>
      <trkpt lat="33.27726988121867" lon="130.28132613748312">
        <ele>18.4</ele>
      </trkpt>
      <trkpt lat="33.27722663059831" lon="130.2813271433115">
        <ele>18.4</ele>
      </trkpt>
      <trkpt lat="33.2772028259933" lon="130.28133527375758">
        <ele>18.2</ele>
      </trkpt>
      <trkpt lat="33.277166951447725" lon="130.2813351061195">
        <ele>18.2</ele>
      </trkpt>
      <trkpt lat="33.27714272774756" lon="130.28133887797594">
        <ele>18.2</ele>
      </trkpt>
      <trkpt lat="33.27710936777294" lon="130.28134281747043">
        <ele>18.2</ele>
      </trkpt>
      <trkpt lat="33.27708036638796" lon="130.28134818188846">
        <ele>18.2</ele>
      </trkpt>
      <trkpt lat="33.277042815461755" lon="130.28135606087744">
        <ele>18.2</ele>
      </trkpt>
      <trkpt lat="33.27700685709715" lon="130.2813675440848">
        <ele>18.2</ele>
      </trkpt>
      <trkpt lat="33.27697274275124" lon="130.2813765965402">
        <ele>18.2</ele>
      </trkpt>
      <trkpt lat="33.27693401835859" lon="130.28138615190983">
        <ele>18.2</ele>
      </trkpt>
      <trkpt lat="33.27690686099231" lon="130.28139646165073">
        <ele>18.2</ele>
      </trkpt>
      <trkpt lat="33.276868890970945" lon="130.2814053464681">
        <ele>18.4</ele>
      </trkpt>
      <trkpt lat="33.276847852393985" lon="130.28141096234322">
        <ele>18.4</ele>
      </trkpt>
      <trkpt lat="33.276810301467776" lon="130.28141682967544">
        <ele>18.2</ele>
      </trkpt>
      <trkpt lat="33.276783814653754" lon="130.28142831288278">
        <ele>18.4</ele>
      </trkpt>
      <trkpt lat="33.27674802392721" lon="130.2814408019185">
        <ele>18.4</ele>
      </trkpt>
      <trkpt lat="33.27671818435192" lon="130.28145127929747">
        <ele>18.4</ele>
      </trkpt>
      <trkpt lat="33.2766845729202" lon="130.28146158903837">
        <ele>18.4</ele>
      </trkpt>
      <trkpt lat="33.2766536436975" lon="130.2814664505422">
        <ele>18.4</ele>
      </trkpt>
      <trkpt lat="33.276622127741575" lon="130.28147927485406">
        <ele>18.6</ele>
      </trkpt>
      <trkpt lat="33.276583068072796" lon="130.28148296289146">
        <ele>18.6</ele>
      </trkpt>
      <trkpt lat="33.27655867673457" lon="130.28148723766208">
        <ele>18.6</ele>
      </trkpt>
      <trkpt lat="33.276510732248425" lon="130.2814878243953">
        <ele>18.6</ele>
      </trkpt>
      <trkpt lat="33.276480389758945" lon="130.28149570338428">
        <ele>18.8</ele>
      </trkpt>
      <trkpt lat="33.276438899338245" lon="130.2814986370504">
        <ele>18.6</ele>
      </trkpt>
      <trkpt lat="33.27640931122005" lon="130.28150626458228">
        <ele>18.8</ele>
      </trkpt>
      <trkpt lat="33.27637620270252" lon="130.2815100364387">
        <ele>18.6</ele>
      </trkpt>
      <trkpt lat="33.2763444352895" lon="130.28151816688478">
        <ele>18.6</ele>
      </trkpt>
      <trkpt lat="33.276307471096516" lon="130.28152487240732">
        <ele>18.6</ele>
      </trkpt>
      <trkpt lat="33.27627629041672" lon="130.2815359365195">
        <ele>18.6</ele>
      </trkpt>
      <trkpt lat="33.276243852451444" lon="130.28155026957393">
        <ele>18.6</ele>
      </trkpt>
      <trkpt lat="33.276211163029075" lon="130.2815602440387">
        <ele>18.6</ele>
      </trkpt>
      <trkpt lat="33.27617151662707" lon="130.2815763372928">
        <ele>18.6</ele>
      </trkpt>
      <trkpt lat="33.27613262459636" lon="130.28158731758595">
        <ele>18.6</ele>
      </trkpt>
      <trkpt lat="33.27609607949853" lon="130.28159905225039">
        <ele>18.6</ele>
      </trkpt>
      <trkpt lat="33.27605115249753" lon="130.28160450048745">
        <ele>18.6</ele>
      </trkpt>
      <trkpt lat="33.276017624884844" lon="130.2816133853048">
        <ele>18.6</ele>
      </trkpt>
      <trkpt lat="33.2759733684361" lon="130.28162009082735">
        <ele>18.6</ele>
      </trkpt>
      <trkpt lat="33.275942942127585" lon="130.28162889182568">
        <ele>18.4</ele>
      </trkpt>
      <trkpt lat="33.275898434221745" lon="130.2816308196634">
        <ele>18.2</ele>
      </trkpt>
      <trkpt lat="33.275866163894534" lon="130.28164364397526">
        <ele>18.0</ele>
      </trkpt>
      <trkpt lat="33.27582199126482" lon="130.28164364397526">
        <ele>17.8</ele>
      </trkpt>
      <trkpt lat="33.27578938566148" lon="130.28165294788778">
        <ele>17.8</ele>
      </trkpt>
      <trkpt lat="33.27574932016432" lon="130.28164842166007">
        <ele>17.6</ele>
      </trkpt>
      <trkpt lat="33.275712355971336" lon="130.28164993040264">
        <ele>17.6</ele>
      </trkpt>
      <trkpt lat="33.275671284645796" lon="130.28164624236524">
        <ele>17.6</ele>
      </trkpt>
      <trkpt lat="33.275635074824095" lon="130.28164439834654">
        <ele>17.6</ele>
      </trkpt>
      <trkpt lat="33.275592997670174" lon="130.2816397882998">
        <ele>17.6</ele>
      </trkpt>
      <trkpt lat="33.27555519528687" lon="130.28163098730147">
        <ele>17.6</ele>
      </trkpt>
      <trkpt lat="33.27552150003612" lon="130.28162478469312">
        <ele>17.6</ele>
      </trkpt>
      <trkpt lat="33.275482608005404" lon="130.28160776942968">
        <ele>17.6</ele>
      </trkpt>
      <trkpt lat="33.27545209787786" lon="130.28159712441266">
        <ele>17.6</ele>
      </trkpt>
      <trkpt lat="33.27541639097035" lon="130.28158052824438">
        <ele>17.6</ele>
      </trkpt>
      <trkpt lat="33.27538227662444" lon="130.28156912885606">
        <ele>17.6</ele>
      </trkpt>
      <trkpt lat="33.27533927746117" lon="130.2815599925816">
        <ele>17.6</ele>
      </trkpt>
      <trkpt lat="33.275304324924946" lon="130.28156124986708">
        <ele>17.8</ele>
      </trkpt>
      <trkpt lat="33.27526149339974" lon="130.28156460262835">
        <ele>18.0</ele>
      </trkpt>
      <trkpt lat="33.27523282729089" lon="130.28156979940832">
        <ele>18.2</ele>
      </trkpt>
      <trkpt lat="33.2751945219934" lon="130.28157097287476">
        <ele>18.2</ele>
      </trkpt>
      <trkpt lat="33.27515797689557" lon="130.281574241817">
        <ele>18.2</ele>
      </trkpt>
      <trkpt lat="33.27511799521744" lon="130.28157725930214">
        <ele>18.2</ele>
      </trkpt>
      <trkpt lat="33.27508212067187" lon="130.28158647939563">
        <ele>18.2</ele>
      </trkpt>
      <trkpt lat="33.275045743212104" lon="130.2815903350711">
        <ele>18.2</ele>
      </trkpt>
      <trkpt lat="33.27501045539975" lon="130.28159930370748">
        <ele>18.2</ele>
      </trkpt>
      <trkpt lat="33.27497432939708" lon="130.28160693123937">
        <ele>18.2</ele>
      </trkpt>
      <trkpt lat="33.2749442383647" lon="130.2816200070083">
        <ele>18.2</ele>
      </trkpt>
      <trkpt lat="33.27490828000009" lon="130.28164196759462">
        <ele>18.2</ele>
      </trkpt>
      <trkpt lat="33.274874752387404" lon="130.28165479190648">
        <ele>18.0</ele>
      </trkpt>
      <trkpt lat="33.27485220506787" lon="130.28167800977826">
        <ele>18.0</ele>
      </trkpt>
      <trkpt lat="33.27481440268457" lon="130.28169443830848">
        <ele>18.0</ele>
      </trkpt>
      <trkpt lat="33.27478397637606" lon="130.28171556070447">
        <ele>17.8</ele>
      </trkpt>
      <trkpt lat="33.274745335802436" lon="130.28173458762467">
        <ele>17.8</ele>
      </trkpt>
      <trkpt lat="33.274725722149014" lon="130.28175487183034">
        <ele>17.8</ele>
      </trkpt>
      <trkpt lat="33.27469144016504" lon="130.28178018517792">
        <ele>17.8</ele>
      </trkpt>
      <trkpt lat="33.27466654591262" lon="130.28180214576423">
        <ele>17.8</ele>
      </trkpt>
      <trkpt lat="33.2746350299567" lon="130.28182226233184">
        <ele>17.8</ele>
      </trkpt>
      <trkpt lat="33.27460720203817" lon="130.28184003196657">
        <ele>17.8</ele>
      </trkpt>
      <trkpt lat="33.274577194824815" lon="130.2818588912487">
        <ele>17.8</ele>
      </trkpt>
      <trkpt lat="33.274544002488256" lon="130.2818739786744">
        <ele>18.0</ele>
      </trkpt>
      <trkpt lat="33.274512654170394" lon="130.281891413033">
        <ele>18.0</ele>
      </trkpt>
      <trkpt lat="33.27447568997741" lon="130.28190448880196">
        <ele>18.2</ele>
      </trkpt>
      <trkpt lat="33.27444601804018" lon="130.28191748075187">
        <ele>18.4</ele>
      </trkpt>
      <trkpt lat="33.27440628781915" lon="130.28193248435855">
        <ele>18.6</ele>
      </trkpt>
      <trkpt lat="33.27438239939511" lon="130.2819508407265">
        <ele>18.6</ele>
      </trkpt>
      <trkpt lat="33.27434719540179" lon="130.2819696161896">
        <ele>18.6</ele>
      </trkpt>
      <trkpt lat="33.274326492100954" lon="130.28198529034853">
        <ele>18.6</ele>
      </trkpt>
      <trkpt lat="33.27429019846022" lon="130.28199702501297">
        <ele>18.6</ele>
      </trkpt>
      <trkpt lat="33.274261113256216" lon="130.28201521374285">
        <ele>18.6</ele>
      </trkpt>
      <trkpt lat="33.274222975596786" lon="130.28202611021698">
        <ele>18.6</ele>
      </trkpt>
      <trkpt lat="33.274183915928006" lon="130.28204295784235">
        <ele>18.6</ele>
      </trkpt>
      <trkpt lat="33.27415122650564" lon="130.28205477632582">
        <ele>18.6</ele>
      </trkpt>
      <trkpt lat="33.27411325648427" lon="130.28206232003868">
        <ele>18.6</ele>
      </trkpt>
      <trkpt lat="33.27407947741449" lon="130.2820642478764">
        <ele>18.6</ele>
      </trkpt>
      <trkpt lat="33.2740459498018" lon="130.28207036666572">
        <ele>18.6</ele>
      </trkpt>
      <trkpt lat="33.274013763293624" lon="130.2820745576173">
        <ele>18.6</ele>
      </trkpt>
      <trkpt lat="33.27397872693837" lon="130.28207497671247">
        <ele>18.6</ele>
      </trkpt>
      <trkpt lat="33.27394670806825" lon="130.28208419680595">
        <ele>18.6</ele>
      </trkpt>
      <trkpt lat="33.27392256818712" lon="130.28208235278726">
        <ele>18.8</ele>
      </trkpt>
      <trkpt lat="33.27388124540448" lon="130.28208042494953">
        <ele>18.8</ele>
      </trkpt>
      <trkpt lat="33.273841850459576" lon="130.2820814307779">
        <ele>18.8</ele>
      </trkpt>
      <trkpt lat="33.27381435781717" lon="130.28208578936756">
        <ele>19.0</ele>
      </trkpt>
      <trkpt lat="33.27377454377711" lon="130.28208595700562">
        <ele>19.0</ele>
      </trkpt>
      <trkpt lat="33.27375065535307" lon="130.28209165669978">
        <ele>19.2</ele>
      </trkpt>
      <trkpt lat="33.27370824292302" lon="130.28209718875587">
        <ele>19.4</ele>
      </trkpt>
      <trkpt lat="33.27368577942252" lon="130.2821073308587">
        <ele>19.4</ele>
      </trkpt>
      <trkpt lat="33.27364814467728" lon="130.2821142040193">
        <ele>19.4</ele>
      </trkpt>
      <trkpt lat="33.2736178021878" lon="130.28212442994118">
        <ele>19.4</ele>
      </trkpt>
      <trkpt lat="33.273582346737385" lon="130.28213356621563">
        <ele>19.6</ele>
      </trkpt>
      <trkpt lat="33.27354454435408" lon="130.28214077465236">
        <ele>19.6</ele>
      </trkpt>
      <trkpt lat="33.2735107652843" lon="130.2821495756507">
        <ele>19.6</ele>
      </trkpt>
      <trkpt lat="33.27349282801151" lon="130.282160975039">
        <ele>19.6</ele>
      </trkpt>
      <trkpt lat="33.27345904894173" lon="130.28217329643667">
        <ele>19.6</ele>
      </trkpt>
      <trkpt lat="33.27343750745058" lon="130.2821850311011">
        <ele>19.8</ele>
      </trkpt>
      <trkpt lat="33.27339903451502" lon="130.28219726867974">
        <ele>19.8</ele>
      </trkpt>
      <trkpt lat="33.27337137423456" lon="130.28221059590578">
        <ele>20.0</ele>
      </trkpt>
      <trkpt lat="33.27334111556411" lon="130.28221864253283">
        <ele>20.2</ele>
      </trkpt>
      <trkpt lat="33.273317562416196" lon="130.28223213739693">
        <ele>20.4</ele>
      </trkpt>
      <trkpt lat="33.2732845377177" lon="130.2822439558804">
        <ele>20.4</ele>
      </trkpt>
      <trkpt lat="33.2732517644763" lon="130.28225937858224">
        <ele>20.4</ele>
      </trkpt>
      <trkpt lat="33.27321412973106" lon="130.28227387927473">
        <ele>20.6</ele>
      </trkpt>
      <trkpt lat="33.2731759082526" lon="130.28228988870978">
        <ele>20.6</ele>
      </trkpt>
      <trkpt lat="33.27314958907664" lon="130.2823237515986">
        <ele>20.6</ele>
      </trkpt>
      <trkpt lat="33.27313835732639" lon="130.28236088342965">
        <ele>20.8</ele>
      </trkpt>
      <trkpt lat="33.27313466928899" lon="130.28240413405">
        <ele>21.0</ele>
      </trkpt>
      <trkpt lat="33.273131819441915" lon="130.28245258145034">
        <ele>21.2</ele>
      </trkpt>
      <trkpt lat="33.27313693240285" lon="130.28249667026103">
        <ele>21.2</ele>
      </trkpt>
      <trkpt lat="33.273136764764786" lon="130.2825465425849">
        <ele>21.2</ele>
      </trkpt>
      <trkpt lat="33.2731463201344" lon="130.28258602134883">
        <ele>21.4</ele>
      </trkpt>
      <trkpt lat="33.27315017580986" lon="130.28263438493013">
        <ele>21.4</ele>
      </trkpt>
      <trkpt lat="33.27315738424659" lon="130.28267478570342">
        <ele>21.4</ele>
      </trkpt>
      <trkpt lat="33.27316098846495" lon="130.28272558003664">
        <ele>21.4</ele>
      </trkpt>
      <trkpt lat="33.273171465843916" lon="130.2827658969909">
        <ele>21.2</ele>
      </trkpt>
      <trkpt lat="33.273174902424216" lon="130.28282021172345">
        <ele>21.2</ele>
      </trkpt>
      <trkpt lat="33.27317842282355" lon="130.28286220505834">
        <ele>21.0</ele>
      </trkpt>
      <trkpt lat="33.273170962929726" lon="130.2829171065241">
        <ele>20.8</ele>
      </trkpt>
      <trkpt lat="33.273176830261946" lon="130.28296169824898">
        <ele>20.8</ele>
      </trkpt>
      <trkpt lat="33.27317900955677" lon="130.28301718644798">
        <ele>20.6</ele>
      </trkpt>
      <trkpt lat="33.273185044527054" lon="130.28305733576417">
        <ele>20.6</ele>
      </trkpt>
      <trkpt lat="33.273185044527054" lon="130.2831131592393">
        <ele>20.4</ele>
      </trkpt>
      <trkpt lat="33.27318336814642" lon="130.28315163217485">
        <ele>20.2</ele>
      </trkpt>
      <trkpt lat="33.273179261013865" lon="130.28320795856416">
        <ele>20.2</ele>
      </trkpt>
      <trkpt lat="33.27318420633674" lon="130.28324341401458">
        <ele>20.0</ele>
      </trkpt>
      <trkpt lat="33.273185044527054" lon="130.28330183587968">
        <ele>20.0</ele>
      </trkpt>
      <trkpt lat="33.273186553269625" lon="130.28334458358586">
        <ele>20.0</ele>
      </trkpt>
      <trkpt lat="33.27318839728832" lon="130.2833980601281">
        <ele>19.6</ele>
      </trkpt>
      <trkpt lat="33.27318772673607" lon="130.28344390913844">
        <ele>19.6</ele>
      </trkpt>
      <trkpt lat="33.273192839697" lon="130.2834874112159">
        <ele>19.4</ele>
      </trkpt>
      <trkpt lat="33.273192839697" lon="130.28353166766465">
        <ele>19.2</ele>
      </trkpt>
      <trkpt lat="33.27319795265794" lon="130.28357642702758">
        <ele>18.8</ele>
      </trkpt>
      <trkpt lat="33.273199209943414" lon="130.2836261317134">
        <ele>18.8</ele>
      </trkpt>
      <trkpt lat="33.27320398762822" lon="130.28366728685796">
        <ele>18.8</ele>
      </trkpt>
      <trkpt lat="33.273209016770124" lon="130.28371665626764">
        <ele>18.6</ele>
      </trkpt>
      <trkpt lat="33.27321614138782" lon="130.2837503515184">
        <ele>18.4</ele>
      </trkpt>
      <trkpt lat="33.27321773394942" lon="130.28379494324327">
        <ele>18.4</ele>
      </trkpt>
      <trkpt lat="33.27322628349066" lon="130.28383115306497">
        <ele>18.2</ele>
      </trkpt>
      <trkpt lat="33.27322703786194" lon="130.283881444484">
        <ele>18.2</ele>
      </trkpt>
      <trkpt lat="33.27323717996478" lon="130.2839176543057">
        <ele>18.0</ele>
      </trkpt>
      <trkpt lat="33.273239778354764" lon="130.28397062793374">
        <ele>18.0</ele>
      </trkpt>
      <trkpt lat="33.27324656769633" lon="130.28401262126863">
        <ele>18.0</ele>
      </trkpt>
      <trkpt lat="33.273243801668286" lon="130.2840682771057">
        <ele>17.8</ele>
      </trkpt>
      <trkpt lat="33.27324950136244" lon="130.2841106057167">
        <ele>17.8</ele>
      </trkpt>
      <trkpt lat="33.273250088095665" lon="130.28416601009667">
        <ele>17.8</ele>
      </trkpt>
      <trkpt lat="33.27324924990535" lon="130.28420884162188">
        <ele>17.6</ele>
      </trkpt>
      <trkpt lat="33.27325075864792" lon="130.28425477445126">
        <ele>17.6</ele>
      </trkpt>
      <trkpt lat="33.27325469814241" lon="130.284296348691">
        <ele>17.4</ele>
      </trkpt>
      <trkpt lat="33.273256877437234" lon="130.28433959931135">
        <ele>17.6</ele>
      </trkpt>
      <trkpt lat="33.27325293794274" lon="130.2843801677227">
        <ele>17.6</ele>
      </trkpt>
      <trkpt lat="33.27325436286628" lon="130.28442945331335">
        <ele>17.6</ele>
      </trkpt>
      <trkpt lat="33.27325377613306" lon="130.28447622433305">
        <ele>17.6</ele>
      </trkpt>
      <trkpt lat="33.2732552010566" lon="130.28451637364924">
        <ele>17.6</ele>
      </trkpt>
      <trkpt lat="33.27325603924692" lon="130.28456314466894">
        <ele>17.6</ele>
      </trkpt>
      <trkpt lat="33.27326173894107" lon="130.28460010886192">
        <ele>17.6</ele>
      </trkpt>
      <trkpt lat="33.27326484024525" lon="130.28464931063354">
        <ele>17.6</ele>
      </trkpt>
      <trkpt lat="33.273268193006516" lon="130.28468635864556">
        <ele>17.4</ele>
      </trkpt>
      <trkpt lat="33.27326928265393" lon="130.28474201448262">
        <ele>17.4</ele>
      </trkpt>
      <trkpt lat="33.27327481471002" lon="130.28477462008595">
        <ele>17.6</ele>
      </trkpt>
      <trkpt lat="33.27327389270067" lon="130.2848257496953">
        <ele>17.4</ele>
      </trkpt>
      <trkpt lat="33.273275988176465" lon="130.2848640549928">
        <ele>17.6</ele>
      </trkpt>
      <trkpt lat="33.27328344807029" lon="130.28490965254605">
        <ele>17.6</ele>
      </trkpt>
      <trkpt lat="33.27328302897513" lon="130.28495064005256">
        <ele>17.4</ele>
      </trkpt>
      <trkpt lat="33.27328889630735" lon="130.28499674052">
        <ele>17.4</ele>
      </trkpt>
      <trkpt lat="33.27329275198281" lon="130.2850414160639">
        <ele>17.4</ele>
      </trkpt>
      <trkpt lat="33.27329610474408" lon="130.28508064337075">
        <ele>17.4</ele>
      </trkpt>
      <trkpt lat="33.27329618856311" lon="130.28511718846858">
        <ele>17.4</ele>
      </trkpt>
      <trkpt lat="33.27330423519015" lon="130.2851510513574">
        <ele>17.4</ele>
      </trkpt>
      <trkpt lat="33.273302894085646" lon="130.28519497253">
        <ele>17.4</ele>
      </trkpt>
      <trkpt lat="33.2733104377985" lon="130.28522908687592">
        <ele>17.4</ele>
      </trkpt>
      <trkpt lat="33.27330800704658" lon="130.2852771151811">
        <ele>17.4</ele>
      </trkpt>
      <trkpt lat="33.2733104377985" lon="130.2853072900325">
        <ele>17.4</ele>
      </trkpt>
      <trkpt lat="33.2733088452369" lon="130.28535330668092">
        <ele>17.4</ele>
      </trkpt>
      <trkpt lat="33.273312617093325" lon="130.2853854931891">
        <ele>17.4</ele>
      </trkpt>
      <trkpt lat="33.27331077307463" lon="130.28543134219944">
        <ele>17.4</ele>
      </trkpt>
      <trkpt lat="33.273311108350754" lon="130.28546889312565">
        <ele>17.4</ele>
      </trkpt>
      <trkpt lat="33.27331974171102" lon="130.28552060946822">
        <ele>17.4</ele>
      </trkpt>
      <trkpt lat="33.27332569286227" lon="130.28556344099343">
        <ele>17.4</ele>
      </trkpt>
      <trkpt lat="33.27332996763289" lon="130.2856114692986">
        <ele>17.4</ele>
      </trkpt>
      <trkpt lat="33.27333147637546" lon="130.2856550551951">
        <ele>17.4</ele>
      </trkpt>
      <trkpt lat="33.27333692461252" lon="130.2856957912445">
        <ele>17.4</ele>
      </trkpt>
      <trkpt lat="33.27333826571703" lon="130.2857404667884">
        <ele>17.4</ele>
      </trkpt>
      <trkpt lat="33.27334430068731" lon="130.28577810153365">
        <ele>17.4</ele>
      </trkpt>
      <trkpt lat="33.273342372849584" lon="130.28582327999175">
        <ele>17.4</ele>
      </trkpt>
      <trkpt lat="33.27334647998214" lon="130.28585529886186">
        <ele>17.4</ele>
      </trkpt>
      <trkpt lat="33.27334673143923" lon="130.2859101165086">
        <ele>17.4</ele>
      </trkpt>
      <trkpt lat="33.27335083857179" lon="130.28594699688256">
        <ele>17.4</ele>
      </trkpt>
      <trkpt lat="33.273354610428214" lon="130.28598957695067">
        <ele>17.4</ele>
      </trkpt>
      <trkpt lat="33.273358047008514" lon="130.2860293071717">
        <ele>17.4</ele>
      </trkpt>
      <trkpt lat="33.27336332760751" lon="130.2860765811056">
        <ele>17.4</ele>
      </trkpt>
      <trkpt lat="33.273365842178464" lon="130.28611714951694">
        <ele>17.4</ele>
      </trkpt>
      <trkpt lat="33.273368356749415" lon="130.28616417199373">
        <ele>17.4</ele>
      </trkpt>
      <trkpt lat="33.273369865491986" lon="130.28620935045183">
        <ele>17.2</ele>
      </trkpt>
      <trkpt lat="33.27337380498648" lon="130.2862531878054">
        <ele>17.4</ele>
      </trkpt>
      <trkpt lat="33.27337481081486" lon="130.2863009646535">
        <ele>17.4</ele>
      </trkpt>
      <trkpt lat="33.27338520437479" lon="130.286331390962">
        <ele>17.4</ele>
      </trkpt>
      <trkpt lat="33.273384030908346" lon="130.2863779105246">
        <ele>17.4</ele>
      </trkpt>
      <trkpt lat="33.27338763512671" lon="130.2864104323089">
        <ele>17.4</ele>
      </trkpt>
      <trkpt lat="33.27338193543255" lon="130.28645670041442">
        <ele>17.6</ele>
      </trkpt>
      <trkpt lat="33.27337975613773" lon="130.2865015435964">
        <ele>17.6</ele>
      </trkpt>
      <trkpt lat="33.2733778283" lon="130.28655661270022">
        <ele>17.6</ele>
      </trkpt>
      <trkpt lat="33.273387886583805" lon="130.28659181669354">
        <ele>17.8</ele>
      </trkpt>
      <trkpt lat="33.2733950112015" lon="130.28664126992226">
        <ele>17.8</ele>
      </trkpt>
      <trkpt lat="33.27339408919215" lon="130.28667923994362">
        <ele>17.8</ele>
      </trkpt>
      <trkpt lat="33.273395178839564" lon="130.28672550804913">
        <ele>17.8</ele>
      </trkpt>
      <trkpt lat="33.273394256830215" lon="130.2867632266134">
        <ele>17.8</ele>
      </trkpt>
      <trkpt lat="33.27339459210634" lon="130.28680538758636">
        <ele>17.8</ele>
      </trkpt>
      <trkpt lat="33.27339299954474" lon="130.2868491411209">
        <ele>17.6</ele>
      </trkpt>
      <trkpt lat="33.27339651994407" lon="130.28689121827483">
        <ele>17.6</ele>
      </trkpt>
      <trkpt lat="33.273394675925374" lon="130.28693865984678">
        <ele>17.6</ele>
      </trkpt>
      <trkpt lat="33.273399621248245" lon="130.28697453439236">
        <ele>17.4</ele>
      </trkpt>
      <trkpt lat="33.27339945361018" lon="130.28702440671623">
        <ele>17.4</ele>
      </trkpt>
      <trkpt lat="33.27340666204691" lon="130.28706388548017">
        <ele>17.4</ele>
      </trkpt>
      <trkpt lat="33.27340674586594" lon="130.28711836785078">
        <ele>17.4</ele>
      </trkpt>
      <trkpt lat="33.27340926043689" lon="130.28715415857732">
        <ele>17.2</ele>
      </trkpt>
      <trkpt lat="33.27340951189399" lon="130.28720126487315">
        <ele>17.2</ele>
      </trkpt>
      <trkpt lat="33.273412277922034" lon="130.2872336190194">
        <ele>17.4</ele>
      </trkpt>
      <trkpt lat="33.27341202646494" lon="130.2872812282294">
        <ele>17.4</ele>
      </trkpt>
      <trkpt lat="33.273410852998495" lon="130.28732213191688">
        <ele>17.4</ele>
      </trkpt>
      <trkpt lat="33.27341839671135" lon="130.28736177831888">
        <ele>17.4</ele>
      </trkpt>
      <trkpt lat="33.27341797761619" lon="130.28740611858666">
        <ele>17.4</ele>
      </trkpt>
      <trkpt lat="33.273424599319696" lon="130.287446686998">
        <ele>17.4</ele>
      </trkpt>
      <trkpt lat="33.273425018414855" lon="130.28749094344676">
        <ele>17.4</ele>
      </trkpt>
      <trkpt lat="33.273430382832885" lon="130.2875267341733">
        <ele>17.4</ele>
      </trkpt>
      <trkpt lat="33.2734330650419" lon="130.28757685795426">
        <ele>17.4</ele>
      </trkpt>
      <trkpt lat="33.27343566343188" lon="130.287618432194">
        <ele>17.4</ele>
      </trkpt>
      <trkpt lat="33.273432897403836" lon="130.2876681368798">
        <ele>17.4</ele>
      </trkpt>
      <trkpt lat="33.27343750745058" lon="130.2877072803676">
        <ele>17.4</ele>
      </trkpt>
      <trkpt lat="33.27343884855509" lon="130.28776310384274">
        <ele>17.4</ele>
      </trkpt>
      <trkpt lat="33.27344438061118" lon="130.2878013253212">
        <ele>17.4</ele>
      </trkpt>
      <trkpt lat="33.27344421297312" lon="130.28785463422537">
        <ele>17.4</ele>
      </trkpt>
      <trkpt lat="33.27345008030534" lon="130.2878911793232">
        <ele>17.4</ele>
      </trkpt>
      <trkpt lat="33.27344739809632" lon="130.28793870471418">
        <ele>17.4</ele>
      </trkpt>
      <trkpt lat="33.27345125377178" lon="130.28797558508813">
        <ele>17.2</ele>
      </trkpt>
      <trkpt lat="33.27345175668597" lon="130.28802109882236">
        <ele>17.2</ele>
      </trkpt>
      <trkpt lat="33.2734608091414" lon="130.28805579990149">
        <ele>17.4</ele>
      </trkpt>
      <trkpt lat="33.27346634119749" lon="130.28810030780733">
        <ele>17.4</ele>
      </trkpt>
      <trkpt lat="33.273468436673284" lon="130.28814372606575">
        <ele>17.4</ele>
      </trkpt>
      <trkpt lat="33.27347463928163" lon="130.28818194754422">
        <ele>17.4</ele>
      </trkpt>
      <trkpt lat="33.27347313053906" lon="130.28822704218328">
        <ele>17.4</ele>
      </trkpt>
      <trkpt lat="33.27347354963422" lon="130.28826995752752">
        <ele>17.6</ele>
      </trkpt>
      <trkpt lat="33.273476315662265" lon="130.28831790201366">
        <ele>17.6</ele>
      </trkpt>
      <trkpt lat="33.27348385937512" lon="130.28835746459663">
        <ele>17.6</ele>
      </trkpt>
      <trkpt lat="33.27348771505058" lon="130.28840457089245">
        <ele>17.6</ele>
      </trkpt>
      <trkpt lat="33.2734935823828" lon="130.2884398587048">
        <ele>17.8</ele>
      </trkpt>
      <trkpt lat="33.273493414744735" lon="130.28849123977125">
        <ele>17.8</ele>
      </trkpt>
      <trkpt lat="33.27349760569632" lon="130.288524935022">
        <ele>17.8</ele>
      </trkpt>
      <trkpt lat="33.273500790819526" lon="130.2885748911649">
        <ele>17.8</ele>
      </trkpt>
      <trkpt lat="33.27351210638881" lon="130.28861839324236">
        <ele>17.8</ele>
      </trkpt>
      <trkpt lat="33.27351864427328" lon="130.2886665891856">
        <ele>17.8</ele>
      </trkpt>
      <trkpt lat="33.273514369502664" lon="130.2887110132724">
        <ele>17.8</ele>
      </trkpt>
      <trkpt lat="33.2735176384449" lon="130.28875702992082">
        <ele>17.8</ele>
      </trkpt>
      <trkpt lat="33.273521326482296" lon="130.28879625722766">
        <ele>17.8</ele>
      </trkpt>
      <trkpt lat="33.27353264205158" lon="130.28883875347674">
        <ele>17.8</ele>
      </trkpt>
      <trkpt lat="33.2735348213464" lon="130.28888451866806">
        <ele>17.8</ele>
      </trkpt>
      <trkpt lat="33.27354211360216" lon="130.28892131522298">
        <ele>17.6</ele>
      </trkpt>
      <trkpt lat="33.2735453825444" lon="130.28896741569042">
        <ele>17.6</ele>
      </trkpt>
      <trkpt lat="33.27354990877211" lon="130.28900320641696">
        <ele>17.6</ele>
      </trkpt>
      <trkpt lat="33.27355426736176" lon="130.2890493068844">
        <ele>17.6</ele>
      </trkpt>
      <trkpt lat="33.27356264926493" lon="130.28908660635352">
        <ele>17.6</ele>
      </trkpt>
      <trkpt lat="33.27356357127428" lon="130.28913698159158">
        <ele>17.6</ele>
      </trkpt>
      <trkpt lat="33.27357295900583" lon="130.28917520307004">
        <ele>17.6</ele>
      </trkpt>
      <trkpt lat="33.27358611859381" lon="130.28922339901328">
        <ele>17.8</ele>
      </trkpt>
      <trkpt lat="33.27360363677144" lon="130.2892530709505">
        <ele>17.8</ele>
      </trkpt>
      <trkpt lat="33.27364470809698" lon="130.28926673345268">
        <ele>17.8</ele>
      </trkpt>
      <trkpt lat="33.273679576814175" lon="130.28926773928106">
        <ele>17.8</ele>
      </trkpt>
      <trkpt lat="33.27372190542519" lon="130.289264973253">
        <ele>17.8</ele>
      </trkpt>
      <trkpt lat="33.27375610359013" lon="130.28925659134984">
        <ele>17.8</ele>
      </trkpt>
      <trkpt lat="33.27379893511534" lon="130.28924762271345">
        <ele>17.8</ele>
      </trkpt>
      <trkpt lat="33.27383472584188" lon="130.28923806734383">
        <ele>17.6</ele>
      </trkpt>
      <trkpt lat="33.2738768029958" lon="130.28923437930644">
        <ele>17.4</ele>
      </trkpt>
      <trkpt lat="33.273908318951726" lon="130.28922297991812">
        <ele>17.4</ele>
      </trkpt>
      <trkpt lat="33.273947294801474" lon="130.28921166434884">
        <ele>17.2</ele>
      </trkpt>
      <trkpt lat="33.27398367226124" lon="130.2892033662647">
        <ele>17.2</ele>
      </trkpt>
      <trkpt lat="33.274015774950385" lon="130.2891864348203">
        <ele>17.2</ele>
      </trkpt>
      <trkpt lat="33.27404930256307" lon="130.2891726884991">
        <ele>17.2</ele>
      </trkpt>
      <trkpt lat="33.27407469972968" lon="130.28916497714818">
        <ele>17.2</ele>
      </trkpt>
      <trkpt lat="33.27411870472133" lon="130.2891526557505">
        <ele>17.4</ele>
      </trkpt>
      <trkpt lat="33.27415147796273" lon="130.28913555666804">
        <ele>17.4</ele>
      </trkpt>
      <trkpt lat="33.274191124364734" lon="130.2891264203936">
        <ele>17.4</ele>
      </trkpt>
      <trkpt lat="33.274217527359724" lon="130.28911736793816">
        <ele>17.4</ele>
      </trkpt>
      <trkpt lat="33.274255162104964" lon="130.28910814784467">
        <ele>17.4</ele>
      </trkpt>
      <trkpt lat="33.274286007508636" lon="130.2891013585031">
        <ele>17.4</ele>
      </trkpt>
      <trkpt lat="33.27432665973902" lon="130.28908434323967">
        <ele>17.4</ele>
      </trkpt>
      <trkpt lat="33.27436337247491" lon="130.28907478787005">
        <ele>17.4</ele>
      </trkpt>
      <trkpt lat="33.27440251596272" lon="130.2890580240637">
        <ele>17.4</ele>
      </trkpt>
      <trkpt lat="33.274439396336675" lon="130.28904695995152">
        <ele>17.4</ele>
      </trkpt>
      <trkpt lat="33.274469655007124" lon="130.28903237544">
        <ele>17.4</ele>
      </trkpt>
      <trkpt lat="33.27450955286622" lon="130.28902449645102">
        <ele>17.4</ele>
      </trkpt>
      <trkpt lat="33.27454048208892" lon="130.28901217505336">
        <ele>17.4</ele>
      </trkpt>
      <trkpt lat="33.27458289451897" lon="130.2890041284263">
        <ele>17.4</ele>
      </trkpt>
      <trkpt lat="33.27461055479944" lon="130.28899239376187">
        <ele>17.4</ele>
      </trkpt>
      <trkpt lat="33.27465263195336" lon="130.28898493386805">
        <ele>17.4</ele>
      </trkpt>
      <trkpt lat="33.27468213625252" lon="130.28897521086037">
        <ele>17.4</ele>
      </trkpt>
      <trkpt lat="33.274721866473556" lon="130.2889752946794">
        <ele>17.4</ele>
      </trkpt>
      <trkpt lat="33.27475095167756" lon="130.28896666131914">
        <ele>17.4</ele>
      </trkpt>
      <trkpt lat="33.274785401299596" lon="130.2889628894627">
        <ele>17.4</ele>
      </trkpt>
      <trkpt lat="33.274814737960696" lon="130.28895802795887">
        <ele>17.4</ele>
      </trkpt>
      <trkpt lat="33.274855725467205" lon="130.28894713148475">
        <ele>17.4</ele>
      </trkpt>
      <trkpt lat="33.27488673850894" lon="130.28893925249577">
        <ele>17.4</ele>
      </trkpt>
      <trkpt lat="33.274926133453846" lon="130.28893154114485">
        <ele>17.4</ele>
      </trkpt>
      <trkpt lat="33.27496577985585" lon="130.2889274340123">
        <ele>17.4</ele>
      </trkpt>
      <trkpt lat="33.2750060968101" lon="130.28891251422465">
        <ele>17.4</ele>
      </trkpt>
      <trkpt lat="33.27504834160209" lon="130.28890195302665">
        <ele>17.4</ele>
      </trkpt>
      <trkpt lat="33.275077091529965" lon="130.2888856921345">
        <ele>17.4</ele>
      </trkpt>
      <trkpt lat="33.275120006874204" lon="130.28887705877423">
        <ele>17.4</ele>
      </trkpt>
      <trkpt lat="33.27515152283013" lon="130.28886306099594">
        <ele>17.4</ele>
      </trkpt>
      <trkpt lat="33.27519075013697" lon="130.28885484673083">
        <ele>17.4</ele>
      </trkpt>
      <trkpt lat="33.27522151172161" lon="130.28884319588542">
        <ele>17.4</ele>
      </trkpt>
      <trkpt lat="33.27526400797069" lon="130.28883473016322">
        <ele>17.4</ele>
      </trkpt>
      <trkpt lat="33.27529275789857" lon="130.28882400132716">
        <ele>17.4</ele>
      </trkpt>
      <trkpt lat="33.27533567324281" lon="130.28881913982332">
        <ele>17.4</ele>
      </trkpt>
      <trkpt lat="33.275373140349984" lon="130.28882534243166">
        <ele>17.6</ele>
      </trkpt>
      <trkpt lat="33.275415133684874" lon="130.28884856030345">
        <ele>17.6</ele>
      </trkpt>
      <trkpt lat="33.275445057079196" lon="130.2888751309365">
        <ele>17.6</ele>
      </trkpt>
      <trkpt lat="33.275475315749645" lon="130.2889102511108">
        <ele>17.8</ele>
      </trkpt>
      <trkpt lat="33.27550297603011" lon="130.28894537128508">
        <ele>17.8</ele>
      </trkpt>
      <trkpt lat="33.27552443370223" lon="130.2889829222113">
        <ele>17.8</ele>
      </trkpt>
      <trkpt lat="33.27554211951792" lon="130.28903178870678">
        <ele>17.8</ele>
      </trkpt>
      <trkpt lat="33.27555662021041" lon="130.28907629661262">
        <ele>17.8</ele>
      </trkpt>
      <trkpt lat="33.275565253570676" lon="130.289127510041">
        <ele>17.8</ele>
      </trkpt>
      <trkpt lat="33.2755761500448" lon="130.28917151503265">
        <ele>17.8</ele>
      </trkpt>
      <trkpt lat="33.27558344230056" lon="130.28922138735652">
        <ele>17.8</ele>
      </trkpt>
      <trkpt lat="33.27559324912727" lon="130.28926120139658">
        <ele>17.8</ele>
      </trkpt>
      <trkpt lat="33.27560171484947" lon="130.2893138397485">
        <ele>17.8</ele>
      </trkpt>
      <trkpt lat="33.27561520971358" lon="130.28934854082763">
        <ele>17.8</ele>
      </trkpt>
      <trkpt lat="33.27562845312059" lon="130.28939581476152">
        <ele>17.8</ele>
      </trkpt>
      <trkpt lat="33.275641947984695" lon="130.28943235985935">
        <ele>17.8</ele>
      </trkpt>
      <trkpt lat="33.27564957551658" lon="130.28948550112545">
        <ele>17.8</ele>
      </trkpt>
      <trkpt lat="33.275660052895546" lon="130.28952640481293">
        <ele>18.0</ele>
      </trkpt>
      <trkpt lat="33.27566843479872" lon="130.2895836532116">
        <ele>18.0</ele>
      </trkpt>
      <trkpt lat="33.275680588558316" lon="130.28962397016585">
        <ele>18.0</ele>
      </trkpt>
      <trkpt lat="33.27568754553795" lon="130.2896801289171">
        <ele>18.0</ele>
      </trkpt>
      <trkpt lat="33.27570145949721" lon="130.2897163387388">
        <ele>18.2</ele>
      </trkpt>
      <trkpt lat="33.27570606954396" lon="130.28977300040424">
        <ele>18.4</ele>
      </trkpt>
      <trkpt lat="33.2757159601897" lon="130.2898091264069">
        <ele>18.4</ele>
      </trkpt>
      <trkpt lat="33.275723503902555" lon="130.28986570425332">
        <ele>18.4</ele>
      </trkpt>
      <trkpt lat="33.27572769485414" lon="130.28990115970373">
        <ele>18.4</ele>
      </trkpt>
      <trkpt lat="33.275734819471836" lon="130.28995748609304">
        <ele>18.4</ele>
      </trkpt>
      <trkpt lat="33.27574521303177" lon="130.28999403119087">
        <ele>18.4</ele>
      </trkpt>
      <trkpt lat="33.27574613504112" lon="130.29004993848503">
        <ele>18.4</ele>
      </trkpt>
      <trkpt lat="33.27575200237334" lon="130.29008732177317">
        <ele>18.2</ele>
      </trkpt>
      <trkpt lat="33.275756780058146" lon="130.2901387028396">
        <ele>18.2</ele>
      </trkpt>
      <trkpt lat="33.27576415613294" lon="130.29017424210906">
        <ele>18.0</ele>
      </trkpt>
      <trkpt lat="33.27577446587384" lon="130.2902240306139">
        <ele>18.0</ele>
      </trkpt>
      <trkpt lat="33.27578469179571" lon="130.29026124626398">
        <ele>17.8</ele>
      </trkpt>
      <trkpt lat="33.27579885721207" lon="130.29031354933977">
        <ele>17.8</ele>
      </trkpt>
      <trkpt lat="33.27581126242876" lon="130.29034892097116">
        <ele>17.8</ele>
      </trkpt>
      <trkpt lat="33.275825595483184" lon="130.29039703309536">
        <ele>17.8</ele>
      </trkpt>
      <trkpt lat="33.27583925798535" lon="130.29043567366898">
        <ele>17.6</ele>
      </trkpt>
      <trkpt lat="33.2758592069149" lon="130.29048034921288">
        <ele>17.6</ele>
      </trkpt>
      <trkpt lat="33.275880329310894" lon="130.29050775803626">
        <ele>17.4</ele>
      </trkpt>
      <trkpt lat="33.27591142617166" lon="130.29054438695312">
        <ele>17.4</ele>
      </trkpt>
      <trkpt lat="33.27593782916665" lon="130.29056274332106">
        <ele>17.2</ele>
      </trkpt>
      <trkpt lat="33.27597940340638" lon="130.2905834466219">
        <ele>17.2</ele>
      </trkpt>
      <trkpt lat="33.27601158991456" lon="130.290581099689">
        <ele>17.0</ele>
      </trkpt>
      <trkpt lat="33.276057690382004" lon="130.2905792556703">
        <ele>17.0</ele>
      </trkpt>
      <trkpt lat="33.276093481108546" lon="130.29056902974844">
        <ele>17.0</ele>
      </trkpt>
      <trkpt lat="33.276142766699195" lon="130.29056374914944">
        <ele>17.0</ele>
      </trkpt>
      <trkpt lat="33.27617336064577" lon="130.2905474882573">
        <ele>17.0</ele>
      </trkpt>
      <trkpt lat="33.276212587952614" lon="130.29054069891572">
        <ele>17.0</ele>
      </trkpt>
      <trkpt lat="33.27624619938433" lon="130.29052997007966">
        <ele>17.0</ele>
      </trkpt>
      <trkpt lat="33.276290288195014" lon="130.290522929281">
        <ele>17.0</ele>
      </trkpt>
      <trkpt lat="33.27632423490286" lon="130.2905139606446">
        <ele>17.0</ele>
      </trkpt>
      <trkpt lat="33.27636094763875" lon="130.29050985351205">
        <ele>17.0</ele>
      </trkpt>
      <trkpt lat="33.276394894346595" lon="130.29050406999886">
        <ele>17.2</ele>
      </trkpt>
      <trkpt lat="33.27643278054893" lon="130.29049292206764">
        <ele>17.2</ele>
      </trkpt>
      <trkpt lat="33.27646396122873" lon="130.29048428870738">
        <ele>17.2</ele>
      </trkpt>
      <trkpt lat="33.276508720591664" lon="130.29047674499452">
        <ele>17.2</ele>
      </trkpt>
      <trkpt lat="33.276542918756604" lon="130.29046685434878">
        <ele>17.2</ele>
      </trkpt>
      <trkpt lat="33.27658700756729" lon="130.29045218601823">
        <ele>17.2</ele>
      </trkpt>
      <trkpt lat="33.27662782743573" lon="130.29045118018985">
        <ele>17.2</ele>
      </trkpt>
      <trkpt lat="33.27666747383773" lon="130.29043793678284">
        <ele>17.2</ele>
      </trkpt>
      <trkpt lat="33.276700833812356" lon="130.2904246095568">
        <ele>17.2</ele>
      </trkpt>
      <trkpt lat="33.27673561871052" lon="130.29041002504528">
        <ele>17.2</ele>
      </trkpt>
      <trkpt lat="33.27677291817963" lon="130.2904003020376">
        <ele>17.2</ele>
      </trkpt>
      <trkpt lat="33.27680703252554" lon="130.29038940556347">
        <ele>17.2</ele>
      </trkpt>
      <trkpt lat="33.276846427470446" lon="130.29037976637483">
        <ele>17.0</ele>
      </trkpt>
      <trkpt lat="33.276878613978624" lon="130.2903659362346">
        <ele>17.0</ele>
      </trkpt>
      <trkpt lat="33.27692002058029" lon="130.29035319574177">
        <ele>17.0</ele>
      </trkpt>
      <trkpt lat="33.27695354819298" lon="130.29034104198217">
        <ele>17.0</ele>
      </trkpt>
      <trkpt lat="33.27699311077595" lon="130.2903310675174">
        <ele>17.0</ele>
      </trkpt>
      <trkpt lat="33.277021357789636" lon="130.29031354933977">
        <ele>17.0</ele>
      </trkpt>
      <trkpt lat="33.277060920372605" lon="130.29030005447567">
        <ele>17.0</ele>
      </trkpt>
      <trkpt lat="33.27709226869047" lon="130.2902900800109">
        <ele>17.0</ele>
      </trkpt>
      <trkpt lat="33.277137195691466" lon="130.29028169810772">
        <ele>17.0</ele>
      </trkpt>
      <trkpt lat="33.27717047184706" lon="130.29027574695647">
        <ele>17.0</ele>
      </trkpt>
      <trkpt lat="33.277215817943215" lon="130.29027440585196">
        <ele>17.0</ele>
      </trkpt>
      <trkpt lat="33.27725328505039" lon="130.290269209072">
        <ele>17.0</ele>
      </trkpt>
      <trkpt lat="33.277296870946884" lon="130.29027683660388">
        <ele>17.0</ele>
      </trkpt>
      <trkpt lat="33.27733375132084" lon="130.2902755793184">
        <ele>17.2</ele>
      </trkpt>
      <trkpt lat="33.277373816818" lon="130.29028630815446">
        <ele>17.2</ele>
      </trkpt>
      <trkpt lat="33.27741404995322" lon="130.29030273668468">
        <ele>17.2</ele>
      </trkpt>
      <trkpt lat="33.277454702183604" lon="130.29032679274678">
        <ele>17.2</ele>
      </trkpt>
      <trkpt lat="33.277484038844705" lon="130.2903585601598">
        <ele>17.2</ele>
      </trkpt>
      <trkpt lat="33.277514381334186" lon="130.29040256515145">
        <ele>17.2</ele>
      </trkpt>
      <trkpt lat="33.277529552578926" lon="130.29045059345663">
        <ele>17.2</ele>
      </trkpt>
      <trkpt lat="33.277543131262064" lon="130.29051119461656">
        <ele>17.2</ele>
      </trkpt>
      <trkpt lat="33.27755796723068" lon="130.29056458733976">
        <ele>17.2</ele>
      </trkpt>
      <trkpt lat="33.27757129445672" lon="130.29062745161355">
        <ele>17.4</ele>
      </trkpt>
      <trkpt lat="33.277589064091444" lon="130.29066969640553">
        <ele>17.4</ele>
      </trkpt>
      <trkpt lat="33.27760021202266" lon="130.29072870500386">
        <ele>17.2</ele>
      </trkpt>
      <trkpt lat="33.27760683372617" lon="130.290771368891">
        <ele>17.2</ele>
      </trkpt>
      <trkpt lat="33.277617478743196" lon="130.29082668945193">
        <ele>17.2</ele>
      </trkpt>
      <trkpt lat="33.27762795612216" lon="130.29087144881487">
        <ele>17.2</ele>
      </trkpt>
      <trkpt lat="33.27763088978827" lon="130.2909278590232">
        <ele>17.2</ele>
      </trkpt>
      <trkpt lat="33.277628207579255" lon="130.2909785695374">
        <ele>17.2</ele>
      </trkpt>
      <trkpt lat="33.277617897838354" lon="130.2910229936242">
        <ele>17.2</ele>
      </trkpt>
      <trkpt lat="33.27758596278727" lon="130.29105023480952">
        <ele>17.2</ele>
      </trkpt>
      <trkpt lat="33.27754505909979" lon="130.29107336886227">
        <ele>17.2</ele>
      </trkpt>
      <trkpt lat="33.277510944753885" lon="130.2910985145718">
        <ele>17.0</ele>
      </trkpt>
      <trkpt lat="33.27745344489813" lon="130.29111351817846">
        <ele>17.0</ele>
      </trkpt>
      <trkpt lat="33.27741329558194" lon="130.29113522730768">
        <ele>17.0</ele>
      </trkpt>
      <trkpt lat="33.277364848181605" lon="130.29114830307662">
        <ele>17.2</ele>
      </trkpt>
      <trkpt lat="33.27732947655022" lon="130.29116523452103">
        <ele>17.2</ele>
      </trkpt>
      <trkpt lat="33.27727776020765" lon="130.29117537662387">
        <ele>17.4</ele>
      </trkpt>
      <trkpt lat="33.27724230475724" lon="130.29119004495442">
        <ele>17.6</ele>
      </trkpt>
      <trkpt lat="33.2771922647953" lon="130.29119985178113">
        <ele>17.6</ele>
      </trkpt>
      <trkpt lat="33.27715219929814" lon="130.29121435247362">
        <ele>17.8</ele>
      </trkpt>
      <trkpt lat="33.27710165642202" lon="130.29121896252036">
        <ele>17.8</ele>
      </trkpt>
      <trkpt lat="33.27706326730549" lon="130.29123187065125">
        <ele>17.8</ele>
      </trkpt>
      <trkpt lat="33.277013981714845" lon="130.2912415098399">
        <ele>17.6</ele>
      </trkpt>
      <trkpt lat="33.27698045410216" lon="130.29125584289432">
        <ele>17.4</ele>
      </trkpt>
      <trkpt lat="33.27693175524473" lon="130.29126229695976">
        <ele>17.2</ele>
      </trkpt>
      <trkpt lat="33.27689445577562" lon="130.29127788729966">
        <ele>17.2</ele>
      </trkpt>
      <trkpt lat="33.276845421642065" lon="130.29128551483154">
        <ele>17.2</ele>
      </trkpt>
      <trkpt lat="33.276807283982635" lon="130.29130253009498">
        <ele>17.2</ele>
      </trkpt>
      <trkpt lat="33.27676487155259" lon="130.2913089003414">
        <ele>17.2</ele>
      </trkpt>
      <trkpt lat="33.27672983519733" lon="130.29132231138647">
        <ele>17.2</ele>
      </trkpt>
      <trkpt lat="33.276689602062106" lon="130.29133153147995">
        <ele>17.2</ele>
      </trkpt>
      <trkpt lat="33.276651967316866" lon="130.29134519398212">
        <ele>17.2</ele>
      </trkpt>
      <trkpt lat="33.27660771086812" lon="130.2913549169898">
        <ele>17.2</ele>
      </trkpt>
      <trkpt lat="33.276566890999675" lon="130.29136899858713">
        <ele>17.2</ele>
      </trkpt>
      <trkpt lat="33.276526322588325" lon="130.2913787215948">
        <ele>17.2</ele>
      </trkpt>
      <trkpt lat="33.27648650854826" lon="130.29138911515474">
        <ele>17.2</ele>
      </trkpt>
      <trkpt lat="33.27644711360335" lon="130.29139976017177">
        <ele>17.2</ele>
      </trkpt>
      <trkpt lat="33.276405120268464" lon="130.29141417704523">
        <ele>17.4</ele>
      </trkpt>
      <trkpt lat="33.276359690353274" lon="130.29142381623387">
        <ele>17.4</ele>
      </trkpt>
      <trkpt lat="33.27631744556129" lon="130.29143345542252">
        <ele>17.6</ele>
      </trkpt>
      <trkpt lat="33.276280062273145" lon="130.29144376516342">
        <ele>17.8</ele>
      </trkpt>
      <trkpt lat="33.27624653466046" lon="130.29144971631467">
        <ele>18.2</ele>
      </trkpt>
    </trkseg>
  </trk>
</gpx>
