<?xml version="1.0" encoding="UTF-8"?>
<gpx creator="Garmin Connect" version="1.1"
  xsi:schemaLocation="http://www.topografix.com/GPX/1/1 http://www.topografix.com/GPX/11.xsd"
  xmlns:ns3="http://www.garmin.com/xmlschemas/TrackPointExtension/v1"
  xmlns="http://www.topografix.com/GPX/1/1"
  xmlns:xsi="http://www.w3.org/2001/XMLSchema-instance" xmlns:ns2="http://www.garmin.com/xmlschemas/GpxExtensions/v3">
  <metadata>
    <name>勝田全国マラソン</name>
    <link href="connect.garmin.com">
      <text>Garmin Connect</text>
    </link>
    <time>2026-01-17T09:40:22.000Z</time>
  </metadata>
  <trk>
    <name>勝田全国マラソン</name>
    <trkseg>
      <trkpt lat="36.38755199499428" lon="140.52731897681952">
        <ele>27.17</ele>
      </trkpt>
      <trkpt lat="36.38756792061031" lon="140.527314953506">
        <ele>27.27</ele>
      </trkpt>
      <trkpt lat="36.38768493197858" lon="140.52729894407094">
        <ele>27.47</ele>
      </trkpt>
      <trkpt lat="36.387834968045354" lon="140.5272919870913">
        <ele>27.72</ele>
      </trkpt>
      <trkpt lat="36.38790596276522" lon="140.52728796377778">
        <ele>27.94</ele>
      </trkpt>
      <trkpt lat="36.387946950271726" lon="140.52728796377778">
        <ele>28.12</ele>
      </trkpt>
      <trkpt lat="36.38806396164" lon="140.52727497182786">
        <ele>28.27</ele>
      </trkpt>
      <trkpt lat="36.38821399770677" lon="140.52725695073605">
        <ele>28.44</ele>
      </trkpt>
      <trkpt lat="36.38825196772814" lon="140.5272499937564">
        <ele>28.55</ele>
      </trkpt>
      <trkpt lat="36.38836797326803" lon="140.52723792381585">
        <ele>28.62</ele>
      </trkpt>
      <trkpt lat="36.38857299461961" lon="140.527203977108">
        <ele>28.57</ele>
      </trkpt>
      <trkpt lat="36.38865698128939" lon="140.52718394435942">
        <ele>28.5</ele>
      </trkpt>
      <trkpt lat="36.388783967122436" lon="140.5271619837731">
        <ele>28.38</ele>
      </trkpt>
      <trkpt lat="36.388827972114086" lon="140.5271629896015">
        <ele>28.24</ele>
      </trkpt>
      <trkpt lat="36.38890692964196" lon="140.5271529313177">
        <ele>28.08</ele>
      </trkpt>
      <trkpt lat="36.38907398097217" lon="140.52713398821652">
        <ele>27.88</ele>
      </trkpt>
      <trkpt lat="36.38916098512709" lon="140.52711898460984">
        <ele>27.72</ele>
      </trkpt>
      <trkpt lat="36.389343962073326" lon="140.52707095630467">
        <ele>27.61</ele>
      </trkpt>
      <trkpt lat="36.38942493125796" lon="140.52705796435475">
        <ele>27.5</ele>
      </trkpt>
      <trkpt lat="36.389512941241264" lon="140.52704597823322">
        <ele>27.42</ele>
      </trkpt>
      <trkpt lat="36.389686949551105" lon="140.52701597101986">
        <ele>27.35</ele>
      </trkpt>
      <trkpt lat="36.38972491957247" lon="140.52701194770634">
        <ele>27.32</ele>
      </trkpt>
      <trkpt lat="36.38976599089801" lon="140.52700993604958">
        <ele>27.31</ele>
      </trkpt>
      <trkpt lat="36.389809995889664" lon="140.5270049907267">
        <ele>27.33</ele>
      </trkpt>
      <trkpt lat="36.390004958957434" lon="140.52699392661452">
        <ele>27.39</ele>
      </trkpt>
      <trkpt lat="36.390091963112354" lon="140.52698294632137">
        <ele>27.41</ele>
      </trkpt>
      <trkpt lat="36.390220960602164" lon="140.52697096019983">
        <ele>27.42</ele>
      </trkpt>
      <trkpt lat="36.390394968912005" lon="140.52695092745125">
        <ele>27.54</ele>
      </trkpt>
      <trkpt lat="36.39044391922653" lon="140.5269449763">
        <ele>27.65</ele>
      </trkpt>
      <trkpt lat="36.39064592309296" lon="140.52691396325827">
        <ele>27.84</ele>
      </trkpt>
      <trkpt lat="36.390735944733024" lon="140.52690197713673">
        <ele>28.01</ele>
      </trkpt>
      <trkpt lat="36.39082797802985" lon="140.5268929246813">
        <ele>28.18</ele>
      </trkpt>
      <trkpt lat="36.39096292667091" lon="140.526878926903">
        <ele>28.28</ele>
      </trkpt>
      <trkpt lat="36.39113894663751" lon="140.5268759932369">
        <ele>28.33</ele>
      </trkpt>
      <trkpt lat="36.39123894274235" lon="140.52685596048832">
        <ele>28.36</ele>
      </trkpt>
      <trkpt lat="36.39133592136204" lon="140.52683995105326">
        <ele>28.39</ele>
      </trkpt>
      <trkpt lat="36.391423931345344" lon="140.52681396715343">
        <ele>28.45</ele>
      </trkpt>
      <trkpt lat="36.39151596464217" lon="140.52678697742522">
        <ele>28.53</ele>
      </trkpt>
      <trkpt lat="36.39173297211528" lon="140.5267499294132">
        <ele>28.61</ele>
      </trkpt>
      <trkpt lat="36.391814947128296" lon="140.52673492580652">
        <ele>28.66</ele>
      </trkpt>
      <trkpt lat="36.39203396625817" lon="140.52669293247163">
        <ele>28.7</ele>
      </trkpt>
      <trkpt lat="36.3921809848398" lon="140.52667994052172">
        <ele>28.8</ele>
      </trkpt>
      <trkpt lat="36.39236597344279" lon="140.5266389530152">
        <ele>29.0</ele>
      </trkpt>
      <trkpt lat="36.392456917092204" lon="140.52663694135845">
        <ele>29.21</ele>
      </trkpt>
      <trkpt lat="36.39250595122576" lon="140.5266349297017">
        <ele>29.41</ele>
      </trkpt>
      <trkpt lat="36.39268398284912" lon="140.52660492248833">
        <ele>29.7</ele>
      </trkpt>
      <trkpt lat="36.392823960632086" lon="140.5265789385885">
        <ele>29.98</ele>
      </trkpt>
      <trkpt lat="36.393013978376985" lon="140.52655496634543">
        <ele>30.29</ele>
      </trkpt>
      <trkpt lat="36.39321497641504" lon="140.526537951082">
        <ele>30.56</ele>
      </trkpt>
      <trkpt lat="36.39325998723507" lon="140.52652697078884">
        <ele>30.79</ele>
      </trkpt>
      <trkpt lat="36.39330399222672" lon="140.52651699632406">
        <ele>31.01</ele>
      </trkpt>
      <trkpt lat="36.39334598556161" lon="140.52650392055511">
        <ele>31.19</ele>
      </trkpt>
      <trkpt lat="36.39353793114424" lon="140.52648497745395">
        <ele>31.34</ele>
      </trkpt>
      <trkpt lat="36.393640944734216" lon="140.5264689680189">
        <ele>31.5</ele>
      </trkpt>
      <trkpt lat="36.39383498579264" lon="140.52645295858383">
        <ele>31.67</ele>
      </trkpt>
      <trkpt lat="36.3938869535923" lon="140.52644692361355">
        <ele>31.8</ele>
      </trkpt>
      <trkpt lat="36.39409298077226" lon="140.52642999216914">
        <ele>31.94</ele>
      </trkpt>
      <trkpt lat="36.39429498463869" lon="140.52640694193542">
        <ele>31.99</ele>
      </trkpt>
      <trkpt lat="36.39433798380196" lon="140.52640199661255">
        <ele>32.04</ele>
      </trkpt>
      <trkpt lat="36.39443093910813" lon="140.52638992667198">
        <ele>32.04</ele>
      </trkpt>
      <trkpt lat="36.394520960748196" lon="140.52639495581388">
        <ele>32.0</ele>
      </trkpt>
      <trkpt lat="36.3945949729532" lon="140.52641096524894">
        <ele>31.93</ele>
      </trkpt>
      <trkpt lat="36.394668985158205" lon="140.5264489352703">
        <ele>31.86</ele>
      </trkpt>
      <trkpt lat="36.394735956564546" lon="140.52652194164693">
        <ele>31.8</ele>
      </trkpt>
      <trkpt lat="36.3947709929198" lon="140.5266339238733">
        <ele>31.76</ele>
      </trkpt>
      <trkpt lat="36.39478096738458" lon="140.52669594995677">
        <ele>31.72</ele>
      </trkpt>
      <trkpt lat="36.39478599652648" lon="140.5267639271915">
        <ele>31.69</ele>
      </trkpt>
      <trkpt lat="36.39480393379927" lon="140.52703097462654">
        <ele>31.73</ele>
      </trkpt>
      <trkpt lat="36.39481692574918" lon="140.52728092297912">
        <ele>31.74</ele>
      </trkpt>
      <trkpt lat="36.39482497237623" lon="140.52747496403754">
        <ele>31.59</ele>
      </trkpt>
      <trkpt lat="36.39481793157756" lon="140.52774092182517">
        <ele>31.32</ele>
      </trkpt>
      <trkpt lat="36.39482899568975" lon="140.52799698896706">
        <ele>31.1</ele>
      </trkpt>
      <trkpt lat="36.39483092352748" lon="140.52825498394668">
        <ele>31.02</ele>
      </trkpt>
      <trkpt lat="36.39483796432614" lon="140.52851499058306">
        <ele>31.06</ele>
      </trkpt>
      <trkpt lat="36.39482899568975" lon="140.52864599972963">
        <ele>31.03</ele>
      </trkpt>
      <trkpt lat="36.39482497237623" lon="140.52870995365083">
        <ele>30.96</ele>
      </trkpt>
      <trkpt lat="36.39481793157756" lon="140.52895998582244">
        <ele>30.95</ele>
      </trkpt>
      <trkpt lat="36.39483394101262" lon="140.52920892834663">
        <ele>30.9</ele>
      </trkpt>
      <trkpt lat="36.39484793879092" lon="140.5294559430331">
        <ele>30.81</ele>
      </trkpt>
      <trkpt lat="36.39486093074083" lon="140.52957898937166">
        <ele>30.66</ele>
      </trkpt>
      <trkpt lat="36.39485799707472" lon="140.52982893772423">
        <ele>30.46</ele>
      </trkpt>
      <trkpt lat="36.39487199485302" lon="140.5300809815526">
        <ele>30.15</ele>
      </trkpt>
      <trkpt lat="36.394883980974555" lon="140.53033897653222">
        <ele>29.69</ele>
      </trkpt>
      <trkpt lat="36.39489496126771" lon="140.53058297373354">
        <ele>29.26</ele>
      </trkpt>
      <trkpt lat="36.39489999040961" lon="140.53082998842">
        <ele>28.87</ele>
      </trkpt>
      <trkpt lat="36.39490996487439" lon="140.53101195953786">
        <ele>28.57</ele>
      </trkpt>
      <trkpt lat="36.39491893351078" lon="140.5311909969896">
        <ele>28.3</ele>
      </trkpt>
      <trkpt lat="36.39492195099592" lon="140.53131295368075">
        <ele>28.03</ele>
      </trkpt>
      <trkpt lat="36.394926980137825" lon="140.5315419472754">
        <ele>27.77</ele>
      </trkpt>
      <trkpt lat="36.394926980137825" lon="140.5316029675305">
        <ele>27.51</ele>
      </trkpt>
      <trkpt lat="36.394927985966206" lon="140.5318469647318">
        <ele>27.26</ele>
      </trkpt>
      <trkpt lat="36.394931925460696" lon="140.53209196776152">
        <ele>27.05</ele>
      </trkpt>
      <trkpt lat="36.39493393711746" lon="140.53215198218822">
        <ele>26.82</ele>
      </trkpt>
      <trkpt lat="36.394947934895754" lon="140.53239497356117">
        <ele>26.65</ele>
      </trkpt>
      <trkpt lat="36.39496696181595" lon="140.53257099352777">
        <ele>26.44</ele>
      </trkpt>
      <trkpt lat="36.39497593045235" lon="140.53262799046934">
        <ele>26.22</ele>
      </trkpt>
      <trkpt lat="36.39497894793749" lon="140.53268699906766">
        <ele>26.01</ele>
      </trkpt>
      <trkpt lat="36.394990934059024" lon="140.53279395215213">
        <ele>25.79</ele>
      </trkpt>
      <trkpt lat="36.39500895515084" lon="140.53290995769203">
        <ele>25.55</ele>
      </trkpt>
      <trkpt lat="36.39500996097922" lon="140.53316191770136">
        <ele>25.28</ele>
      </trkpt>
      <trkpt lat="36.395014990121126" lon="140.5332259554416">
        <ele>25.07</ele>
      </trkpt>
      <trkpt lat="36.39502094127238" lon="140.5332909990102">
        <ele>24.87</ele>
      </trkpt>
      <trkpt lat="36.39502798207104" lon="140.53348093293607">
        <ele>24.67</ele>
      </trkpt>
      <trkpt lat="36.39504097402096" lon="140.53366592153907">
        <ele>24.49</ele>
      </trkpt>
      <trkpt lat="36.395059917122126" lon="140.53385292179883">
        <ele>24.31</ele>
      </trkpt>
      <trkpt lat="36.39508296735585" lon="140.53403195925057">
        <ele>24.14</ele>
      </trkpt>
      <trkpt lat="36.39509093016386" lon="140.53415592759848">
        <ele>23.98</ele>
      </trkpt>
      <trkpt lat="36.3951129745692" lon="140.5344049539417">
        <ele>23.87</ele>
      </trkpt>
      <trkpt lat="36.395116997882724" lon="140.53446698002517">
        <ele>23.74</ele>
      </trkpt>
      <trkpt lat="36.39511791989207" lon="140.53453193977475">
        <ele>23.61</ele>
      </trkpt>
      <trkpt lat="36.39513594098389" lon="140.5347849894315">
        <ele>23.5</ele>
      </trkpt>
      <trkpt lat="36.395142981782556" lon="140.53484793752432">
        <ele>23.37</ele>
      </trkpt>
      <trkpt lat="36.39515496790409" lon="140.5350999813527">
        <ele>23.27</ele>
      </trkpt>
      <trkpt lat="36.395184975117445" lon="140.53534297272563">
        <ele>23.16</ele>
      </trkpt>
      <trkpt lat="36.39519293792546" lon="140.53540298715234">
        <ele>23.03</ele>
      </trkpt>
      <trkpt lat="36.39522093348205" lon="140.53566098213196">
        <ele>22.86</ele>
      </trkpt>
      <trkpt lat="36.395227974280715" lon="140.53572191856802">
        <ele>22.71</ele>
      </trkpt>
      <trkpt lat="36.395252952352166" lon="140.53595292381942">
        <ele>22.52</ele>
      </trkpt>
      <trkpt lat="36.395275918766856" lon="140.5361299496144">
        <ele>22.35</ele>
      </trkpt>
      <trkpt lat="36.395292934030294" lon="140.5363809876144">
        <ele>22.18</ele>
      </trkpt>
      <trkpt lat="36.395315984264016" lon="140.5366259906441">
        <ele>22.04</ele>
      </trkpt>
      <trkpt lat="36.395332999527454" lon="140.53685791790485">
        <ele>21.88</ele>
      </trkpt>
      <trkpt lat="36.3953479193151" lon="140.53710895590484">
        <ele>21.71</ele>
      </trkpt>
      <trkpt lat="36.39537096954882" lon="140.53735194727778">
        <ele>21.58</ele>
      </trkpt>
      <trkpt lat="36.39538899064064" lon="140.53759192116559">
        <ele>21.52</ele>
      </trkpt>
      <trkpt lat="36.39539393596351" lon="140.53765294142067">
        <ele>21.51</ele>
      </trkpt>
      <trkpt lat="36.39542897231877" lon="140.53788998164237">
        <ele>21.51</ele>
      </trkpt>
      <trkpt lat="36.39545193873346" lon="140.5380729585886">
        <ele>21.58</ele>
      </trkpt>
      <trkpt lat="36.395466942340136" lon="140.53825099021196">
        <ele>21.68</ele>
      </trkpt>
      <trkpt lat="36.395483957603574" lon="140.53847797214985">
        <ele>21.83</ele>
      </trkpt>
      <trkpt lat="36.39550197869539" lon="140.5387069657445">
        <ele>21.97</ele>
      </trkpt>
      <trkpt lat="36.39553793706" lon="140.53893193602562">
        <ele>22.11</ele>
      </trkpt>
      <trkpt lat="36.3955569639802" lon="140.53920694626868">
        <ele>22.31</ele>
      </trkpt>
      <trkpt lat="36.395570961758494" lon="140.5394289828837">
        <ele>22.49</ele>
      </trkpt>
      <trkpt lat="36.395571967586875" lon="140.53948799148202">
        <ele>22.68</ele>
      </trkpt>
      <trkpt lat="36.39558797702193" lon="140.53971597924829">
        <ele>22.92</ele>
      </trkpt>
      <trkpt lat="36.39558898285031" lon="140.53977398201823">
        <ele>23.13</ele>
      </trkpt>
      <trkpt lat="36.395615972578526" lon="140.54004195146263">
        <ele>23.3</ele>
      </trkpt>
      <trkpt lat="36.39562695287168" lon="140.54020799696445">
        <ele>23.52</ele>
      </trkpt>
      <trkpt lat="36.39564195647836" lon="140.54042894393206">
        <ele>23.74</ele>
      </trkpt>
      <trkpt lat="36.39564296230674" lon="140.54054595530033">
        <ele>23.98</ele>
      </trkpt>
      <trkpt lat="36.39565193094313" lon="140.54070294834673">
        <ele>24.26</ele>
      </trkpt>
      <trkpt lat="36.39566693454981" lon="140.54087192751467">
        <ele>24.55</ele>
      </trkpt>
      <trkpt lat="36.39569099061191" lon="140.54114199243486">
        <ele>24.79</ele>
      </trkpt>
      <trkpt lat="36.3957089278847" lon="140.54130795411766">
        <ele>24.98</ele>
      </trkpt>
      <trkpt lat="36.39571496285498" lon="140.54153393022716">
        <ele>25.12</ele>
      </trkpt>
      <trkpt lat="36.39573097229004" lon="140.54176594130695">
        <ele>25.18</ele>
      </trkpt>
      <trkpt lat="36.39577698893845" lon="140.54202997125685">
        <ele>25.25</ele>
      </trkpt>
      <trkpt lat="36.3957829400897" lon="140.54208395071328">
        <ele>25.38</ele>
      </trkpt>
      <trkpt lat="36.395787969231606" lon="140.54213994182646">
        <ele>25.5</ele>
      </trkpt>
      <trkpt lat="36.39581495895982" lon="140.54241193458438">
        <ele>25.63</ele>
      </trkpt>
      <trkpt lat="36.39582199975848" lon="140.54257395677269">
        <ele>25.77</ele>
      </trkpt>
      <trkpt lat="36.39581697061658" lon="140.54269096814096">
        <ele>25.88</ele>
      </trkpt>
      <trkpt lat="36.39583691954613" lon="140.54292398504913">
        <ele>26.02</ele>
      </trkpt>
      <trkpt lat="36.39586198143661" lon="140.54316295310855">
        <ele>26.16</ele>
      </trkpt>
      <trkpt lat="36.39586198143661" lon="140.54329295642674">
        <ele>26.24</ele>
      </trkpt>
      <trkpt lat="36.39586399309337" lon="140.54335992783308">
        <ele>26.28</ele>
      </trkpt>
      <trkpt lat="36.395874973386526" lon="140.54342195391655">
        <ele>26.28</ele>
      </trkpt>
      <trkpt lat="36.39588394202292" lon="140.5434879194945">
        <ele>26.24</ele>
      </trkpt>
      <trkpt lat="36.395893916487694" lon="140.54354793392122">
        <ele>26.18</ele>
      </trkpt>
      <trkpt lat="36.39592694118619" lon="140.54365396499634">
        <ele>26.08</ele>
      </trkpt>
      <trkpt lat="36.39598594978452" lon="140.54389293305576">
        <ele>25.94</ele>
      </trkpt>
      <trkpt lat="36.396003970876336" lon="140.54401497356594">
        <ele>25.75</ele>
      </trkpt>
      <trkpt lat="36.39601394534111" lon="140.54407599382102">
        <ele>25.57</ele>
      </trkpt>
      <trkpt lat="36.396055938676" lon="140.54432393051684">
        <ele>25.34</ele>
      </trkpt>
      <trkpt lat="36.39610195532441" lon="140.54456893354654">
        <ele>25.13</ele>
      </trkpt>
      <trkpt lat="36.396131962537766" lon="140.5448219832033">
        <ele>24.88</ele>
      </trkpt>
      <trkpt lat="36.39614495448768" lon="140.54487898014486">
        <ele>24.65</ele>
      </trkpt>
      <trkpt lat="36.3961579464376" lon="140.5449379887432">
        <ele>24.41</ele>
      </trkpt>
      <trkpt lat="36.396195916458964" lon="140.5451769568026">
        <ele>24.14</ele>
      </trkpt>
      <trkpt lat="36.39620798639953" lon="140.54530293680727">
        <ele>23.88</ele>
      </trkpt>
      <trkpt lat="36.396215949207544" lon="140.54536093957722">
        <ele>23.63</ele>
      </trkpt>
      <trkpt lat="36.39622299000621" lon="140.54542397148907">
        <ele>23.39</ele>
      </trkpt>
      <trkpt lat="36.396235981956124" lon="140.54548499174416">
        <ele>23.15</ele>
      </trkpt>
      <trkpt lat="36.396279986947775" lon="140.54572697728872">
        <ele>22.92</ele>
      </trkpt>
      <trkpt lat="36.39629096724093" lon="140.5457879975438">
        <ele>22.7</ele>
      </trkpt>
      <trkpt lat="36.39633296057582" lon="140.54601598531008">
        <ele>22.57</ele>
      </trkpt>
      <trkpt lat="36.396370930597186" lon="140.54625595919788">
        <ele>22.45</ele>
      </trkpt>
      <trkpt lat="36.39640194363892" lon="140.5464859586209">
        <ele>22.29</ele>
      </trkpt>
      <trkpt lat="36.396430945023894" lon="140.54665493778884">
        <ele>22.05</ele>
      </trkpt>
      <trkpt lat="36.39646497555077" lon="140.5468939896673">
        <ele>21.84</ele>
      </trkpt>
      <trkpt lat="36.39650294557214" lon="140.5471249949187">
        <ele>21.61</ele>
      </trkpt>
      <trkpt lat="36.39654996804893" lon="140.54735499434173">
        <ele>21.45</ele>
      </trkpt>
      <trkpt lat="36.39655591920018" lon="140.54747493937612">
        <ele>21.33</ele>
      </trkpt>
      <trkpt lat="36.396561954170465" lon="140.54753294214606">
        <ele>21.22</ele>
      </trkpt>
      <trkpt lat="36.39660897664726" lon="140.5477669648826">
        <ele>21.16</ele>
      </trkpt>
      <trkpt lat="36.396621968597174" lon="140.54782496765256">
        <ele>21.09</ele>
      </trkpt>
      <trkpt lat="36.39664996415377" lon="140.5479439906776">
        <ele>21.02</ele>
      </trkpt>
      <trkpt lat="36.39670394361019" lon="140.54818195290864">
        <ele>20.93</ele>
      </trkpt>
      <trkpt lat="36.39674895443022" lon="140.5483639240265">
        <ele>20.88</ele>
      </trkpt>
      <trkpt lat="36.396754989400506" lon="140.54842293262482">
        <ele>20.91</ele>
      </trkpt>
      <trkpt lat="36.39678893610835" lon="140.5486609786749">
        <ele>20.96</ele>
      </trkpt>
      <trkpt lat="36.396819949150085" lon="140.54882694035769">
        <ele>21.04</ele>
      </trkpt>
      <trkpt lat="36.396838976070285" lon="140.54899591952562">
        <ele>21.2</ele>
      </trkpt>
      <trkpt lat="36.39687795192003" lon="140.54922399111092">
        <ele>21.39</ele>
      </trkpt>
      <trkpt lat="36.39689295552671" lon="140.5493439361453">
        <ele>21.59</ele>
      </trkpt>
      <trkpt lat="36.396926986053586" lon="140.5495669785887">
        <ele>21.83</ele>
      </trkpt>
      <trkpt lat="36.39696395024657" lon="140.5497989896685">
        <ele>22.1</ele>
      </trkpt>
      <trkpt lat="36.39697099104524" lon="140.5498529691249">
        <ele>22.36</ele>
      </trkpt>
      <trkpt lat="36.39701499603689" lon="140.55006997659802">
        <ele>22.64</ele>
      </trkpt>
      <trkpt lat="36.39703997410834" lon="140.55024096742272">
        <ele>22.93</ele>
      </trkpt>
      <trkpt lat="36.397053971886635" lon="140.5503529496491">
        <ele>23.26</ele>
      </trkpt>
      <trkpt lat="36.39708993025124" lon="140.5505749862641">
        <ele>23.65</ele>
      </trkpt>
      <trkpt lat="36.397115997970104" lon="140.55074396543205">
        <ele>24.06</ele>
      </trkpt>
      <trkpt lat="36.39712597243488" lon="140.55079995654523">
        <ele>24.42</ele>
      </trkpt>
      <trkpt lat="36.39716796576977" lon="140.55102098733187">
        <ele>24.8</ele>
      </trkpt>
      <trkpt lat="36.39719596132636" lon="140.55119197815657">
        <ele>25.18</ele>
      </trkpt>
      <trkpt lat="36.39722194522619" lon="140.55141493678093">
        <ele>25.56</ele>
      </trkpt>
      <trkpt lat="36.397249940782785" lon="140.55163697339594">
        <ele>25.95</ele>
      </trkpt>
      <trkpt lat="36.39725899323821" lon="140.5516949761659">
        <ele>26.33</ele>
      </trkpt>
      <trkpt lat="36.39729897491634" lon="140.55192497558892">
        <ele>26.74</ele>
      </trkpt>
      <trkpt lat="36.39734197407961" lon="140.5521519575268">
        <ele>27.16</ele>
      </trkpt>
      <trkpt lat="36.397353960201144" lon="140.55220794864">
        <ele>27.54</ele>
      </trkpt>
      <trkpt lat="36.397376926615834" lon="140.5523179192096">
        <ele>27.93</ele>
      </trkpt>
      <trkpt lat="36.39740098267794" lon="140.55242696776986">
        <ele>28.31</ele>
      </trkpt>
      <trkpt lat="36.39743694104254" lon="140.55264892056584">
        <ele>28.67</ele>
      </trkpt>
      <trkpt lat="36.39745194464922" lon="140.5528139602393">
        <ele>29.01</ele>
      </trkpt>
      <trkpt lat="36.397483963519335" lon="140.5530399363488">
        <ele>29.33</ele>
      </trkpt>
      <trkpt lat="36.397504918277264" lon="140.55315191857517">
        <ele>29.64</ele>
      </trkpt>
      <trkpt lat="36.39754397794604" lon="140.55337697267532">
        <ele>29.94</ele>
      </trkpt>
      <trkpt lat="36.39757691882551" lon="140.5536129232496">
        <ele>30.24</ele>
      </trkpt>
      <trkpt lat="36.39758295379579" lon="140.55367092601955">
        <ele>30.51</ele>
      </trkpt>
      <trkpt lat="36.39761698432267" lon="140.55390394292772">
        <ele>30.79</ele>
      </trkpt>
      <trkpt lat="36.39764598570764" lon="140.55407694540918">
        <ele>31.02</ele>
      </trkpt>
      <trkpt lat="36.39767297543585" lon="140.55425497703254">
        <ele>31.21</ele>
      </trkpt>
      <trkpt lat="36.39770499430597" lon="140.55448598228395">
        <ele>31.39</ele>
      </trkpt>
      <trkpt lat="36.39773692935705" lon="140.5546549614519">
        <ele>31.63</ele>
      </trkpt>
      <trkpt lat="36.397762997075915" lon="140.55482695810497">
        <ele>31.84</ele>
      </trkpt>
      <trkpt lat="36.39777196571231" lon="140.55488496087492">
        <ele>31.99</ele>
      </trkpt>
      <trkpt lat="36.397802978754044" lon="140.55511898361146">
        <ele>32.13</ele>
      </trkpt>
      <trkpt lat="36.39783994294703" lon="140.55534998886287">
        <ele>32.21</ele>
      </trkpt>
      <trkpt lat="36.397871961817145" lon="140.55551192723215">
        <ele>32.27</ele>
      </trkpt>
      <trkpt lat="36.39790892601013" lon="140.55574494414032">
        <ele>32.31</ele>
      </trkpt>
      <trkpt lat="36.39794697985053" lon="140.55598994717002">
        <ele>32.38</ele>
      </trkpt>
      <trkpt lat="36.397956954315305" lon="140.5560599360615">
        <ele>32.41</ele>
      </trkpt>
      <trkpt lat="36.39801596291363" lon="140.55633896961808">
        <ele>32.44</ele>
      </trkpt>
      <trkpt lat="36.398023925721645" lon="140.55639596655965">
        <ele>32.41</ele>
      </trkpt>
      <trkpt lat="36.39803096652031" lon="140.55644491687417">
        <ele>32.35</ele>
      </trkpt>
      <trkpt lat="36.39806994237006" lon="140.55668899789453">
        <ele>32.25</ele>
      </trkpt>
      <trkpt lat="36.39809299260378" lon="140.55680198594928">
        <ele>32.1</ele>
      </trkpt>
      <trkpt lat="36.39811897650361" lon="140.5569659359753">
        <ele>31.92</ele>
      </trkpt>
      <trkpt lat="36.398170944303274" lon="140.55714899674058">
        <ele>31.77</ele>
      </trkpt>
      <trkpt lat="36.39821997843683" lon="140.5573189817369">
        <ele>31.61</ele>
      </trkpt>
      <trkpt lat="36.398256942629814" lon="140.55750095285475">
        <ele>31.46</ele>
      </trkpt>
      <trkpt lat="36.398282926529646" lon="140.55773992091417">
        <ele>31.31</ele>
      </trkpt>
      <trkpt lat="36.39831494539976" lon="140.55797193199396">
        <ele>31.12</ele>
      </trkpt>
      <trkpt lat="36.398319974541664" lon="140.55801895447075">
        <ele>30.96</ele>
      </trkpt>
      <trkpt lat="36.39833891764283" lon="140.55827099829912">
        <ele>30.77</ele>
      </trkpt>
      <trkpt lat="36.39835995621979" lon="140.55850393138826">
        <ele>30.61</ele>
      </trkpt>
      <trkpt lat="36.398386945948005" lon="140.55873694829643">
        <ele>30.47</ele>
      </trkpt>
      <trkpt lat="36.39842097647488" lon="140.55896191857755">
        <ele>30.33</ele>
      </trkpt>
      <trkpt lat="36.3984339684248" lon="140.5590799357742">
        <ele>30.2</ele>
      </trkpt>
      <trkpt lat="36.398471938446164" lon="140.55931496433914">
        <ele>30.1</ele>
      </trkpt>
      <trkpt lat="36.39848291873932" lon="140.55937296710908">
        <ele>30.01</ele>
      </trkpt>
      <trkpt lat="36.39850395731628" lon="140.55948997847736">
        <ele>29.94</ele>
      </trkpt>
      <trkpt lat="36.398560954257846" lon="140.5597139429301">
        <ele>29.87</ele>
      </trkpt>
      <trkpt lat="36.398601941764355" lon="140.5599459540099">
        <ele>29.86</ele>
      </trkpt>
      <trkpt lat="36.398645946756005" lon="140.56017092429101">
        <ele>29.86</ele>
      </trkpt>
      <trkpt lat="36.39868492260575" lon="140.56033294647932">
        <ele>29.87</ele>
      </trkpt>
      <trkpt lat="36.39869095757604" lon="140.56039195507765">
        <ele>29.88</ele>
      </trkpt>
      <trkpt lat="36.39873395673931" lon="140.56061399169266">
        <ele>29.92</ele>
      </trkpt>
      <trkpt lat="36.39874191954732" lon="140.56066998280585">
        <ele>29.94</ele>
      </trkpt>
      <trkpt lat="36.39876597560942" lon="140.56089998222888">
        <ele>29.96</ele>
      </trkpt>
      <trkpt lat="36.39878491871059" lon="140.56107591837645">
        <ele>29.98</ele>
      </trkpt>
      <trkpt lat="36.39881199225783" lon="140.56130893528461">
        <ele>29.98</ele>
      </trkpt>
      <trkpt lat="36.3988449331373" lon="140.5615549441427">
        <ele>29.98</ele>
      </trkpt>
      <trkpt lat="36.39885398559272" lon="140.56161395274103">
        <ele>30.0</ele>
      </trkpt>
      <trkpt lat="36.3988639600575" lon="140.56167396716774">
        <ele>30.03</ele>
      </trkpt>
      <trkpt lat="36.39888692647219" lon="140.5618549324572">
        <ele>30.03</ele>
      </trkpt>
      <trkpt lat="36.39891693368554" lon="140.56204696185887">
        <ele>30.04</ele>
      </trkpt>
      <trkpt lat="36.398947946727276" lon="140.56229196488857">
        <ele>30.07</ele>
      </trkpt>
      <trkpt lat="36.398967979475856" lon="140.56240797042847">
        <ele>30.1</ele>
      </trkpt>
      <trkpt lat="36.398991951718926" lon="140.5625299271196">
        <ele>30.14</ele>
      </trkpt>
      <trkpt lat="36.39904693700373" lon="140.56276596151292">
        <ele>30.17</ele>
      </trkpt>
      <trkpt lat="36.39907895587385" lon="140.56294097565114">
        <ele>30.19</ele>
      </trkpt>
      <trkpt lat="36.39911097474396" lon="140.5631749983877">
        <ele>30.18</ele>
      </trkpt>
      <trkpt lat="36.3991419877857" lon="140.56334699504077">
        <ele>30.14</ele>
      </trkpt>
      <trkpt lat="36.39918792061508" lon="140.5635769944638">
        <ele>30.1</ele>
      </trkpt>
      <trkpt lat="36.399206947535276" lon="140.56369199417531">
        <ele>30.04</ele>
      </trkpt>
      <trkpt lat="36.39923796057701" lon="140.5639189761132">
        <ele>30.0</ele>
      </trkpt>
      <trkpt lat="36.399267967790365" lon="140.56414092890918">
        <ele>29.88</ele>
      </trkpt>
      <trkpt lat="36.39928791671991" lon="140.56424796581268">
        <ele>29.72</ele>
      </trkpt>
      <trkpt lat="36.39932697638869" lon="140.56449598632753">
        <ele>29.53</ele>
      </trkpt>
      <trkpt lat="36.399352960288525" lon="140.56473596021533">
        <ele>29.32</ele>
      </trkpt>
      <trkpt lat="36.39938397333026" lon="140.5649829749018">
        <ele>29.03</ele>
      </trkpt>
      <trkpt lat="36.39940199442208" lon="140.56516394019127">
        <ele>28.72</ele>
      </trkpt>
      <trkpt lat="36.399420937523246" lon="140.56527491658926">
        <ele>28.41</ele>
      </trkpt>
      <trkpt lat="36.39946896582842" lon="140.56550198234618">
        <ele>28.02</ele>
      </trkpt>
      <trkpt lat="36.39948992058635" lon="140.56561497040093">
        <ele>27.66</ele>
      </trkpt>
      <trkpt lat="36.399527974426746" lon="140.56584094651043">
        <ele>27.25</ele>
      </trkpt>
      <trkpt lat="36.399546917527914" lon="140.5659589637071">
        <ele>26.87</ele>
      </trkpt>
      <trkpt lat="36.39955999329686" lon="140.56602098979056">
        <ele>26.53</ele>
      </trkpt>
      <trkpt lat="36.39960198663175" lon="140.56626297533512">
        <ele>26.13</ele>
      </trkpt>
      <trkpt lat="36.399610955268145" lon="140.56645592674613">
        <ele>25.8</ele>
      </trkpt>
      <trkpt lat="36.399654960259795" lon="140.5666939727962">
        <ele>25.51</ele>
      </trkpt>
      <trkpt lat="36.399695947766304" lon="140.5669399816543">
        <ele>25.24</ele>
      </trkpt>
      <trkpt lat="36.399742970243096" lon="140.56718196719885">
        <ele>24.95</ele>
      </trkpt>
      <trkpt lat="36.39977691695094" lon="140.56742093525827">
        <ele>24.71</ele>
      </trkpt>
      <trkpt lat="36.39978798106313" lon="140.5674799438566">
        <ele>24.58</ele>
      </trkpt>
      <trkpt lat="36.39981798827648" lon="140.5677159782499">
        <ele>24.47</ele>
      </trkpt>
      <trkpt lat="36.399848917499185" lon="140.5678819399327">
        <ele>24.44</ele>
      </trkpt>
      <trkpt lat="36.399890994653106" lon="140.56809894740582">
        <ele>24.5</ele>
      </trkpt>
      <trkpt lat="36.39991697855294" lon="140.5682099238038">
        <ele>24.6</ele>
      </trkpt>
      <trkpt lat="36.39994597993791" lon="140.5684329662472">
        <ele>24.82</ele>
      </trkpt>
      <trkpt lat="36.399956960231066" lon="140.56848593987525">
        <ele>24.99</ele>
      </trkpt>
      <trkpt lat="36.399974981322885" lon="140.56859691627324">
        <ele>25.24</ele>
      </trkpt>
      <trkpt lat="36.400042958557606" lon="140.56880495510995">
        <ele>25.55</ele>
      </trkpt>
      <trkpt lat="36.40005494467914" lon="140.568857928738">
        <ele>25.83</ele>
      </trkpt>
      <trkpt lat="36.400061985477805" lon="140.56891098618507">
        <ele>26.13</ele>
      </trkpt>
      <trkpt lat="36.4000759832561" lon="140.56896295398474">
        <ele>26.44</ele>
      </trkpt>
      <trkpt lat="36.400082940235734" lon="140.56912296451628">
        <ele>26.79</ele>
      </trkpt>
      <trkpt lat="36.400104984641075" lon="140.56935195811093">
        <ele>27.11</ele>
      </trkpt>
      <trkpt lat="36.40013398602605" lon="140.56946192868054">
        <ele>27.46</ele>
      </trkpt>
      <trkpt lat="36.40014194883406" lon="140.56951699778438">
        <ele>27.81</ele>
      </trkpt>
      <trkpt lat="36.40015494078398" lon="140.5696259625256">
        <ele>28.17</ele>
      </trkpt>
      <trkpt lat="36.40016097575426" lon="140.56973794475198">
        <ele>28.53</ele>
      </trkpt>
      <trkpt lat="36.400172961875796" lon="140.5699129588902">
        <ele>28.93</ele>
      </trkpt>
      <trkpt lat="36.40020992606878" lon="140.57007397525012">
        <ele>29.32</ele>
      </trkpt>
      <trkpt lat="36.4002229180187" lon="140.5701249372214">
        <ele>29.69</ele>
      </trkpt>
      <trkpt lat="36.400254936888814" lon="140.57033993303776">
        <ele>30.1</ele>
      </trkpt>
      <trkpt lat="36.400276981294155" lon="140.57043397799134">
        <ele>30.42</ele>
      </trkpt>
      <trkpt lat="36.40029592439532" lon="140.57053095661104">
        <ele>30.74</ele>
      </trkpt>
      <trkpt lat="36.400319980457425" lon="140.57075995020568">
        <ele>31.04</ele>
      </trkpt>
      <trkpt lat="36.4003299549222" lon="140.57087293826044">
        <ele>31.32</ele>
      </trkpt>
      <trkpt lat="36.400361973792315" lon="140.5711429193616">
        <ele>31.59</ele>
      </trkpt>
      <trkpt lat="36.400367924943566" lon="140.57119597680867">
        <ele>31.85</ele>
      </trkpt>
      <trkpt lat="36.40038091689348" lon="140.5712449271232">
        <ele>32.09</ele>
      </trkpt>
      <trkpt lat="36.40041897073388" lon="140.57140292599797">
        <ele>32.33</ele>
      </trkpt>
      <trkpt lat="36.400423999875784" lon="140.5714579951018">
        <ele>32.54</ele>
      </trkpt>
      <trkpt lat="36.400453923270106" lon="140.57168195955455">
        <ele>32.74</ele>
      </trkpt>
      <trkpt lat="36.4004819188267" lon="140.5719109531492">
        <ele>32.95</ele>
      </trkpt>
      <trkpt lat="36.40049893409014" lon="140.5720219295472">
        <ele>33.11</ele>
      </trkpt>
      <trkpt lat="36.40053799375892" lon="140.5722939223051">
        <ele>33.26</ele>
      </trkpt>
      <trkpt lat="36.40054495073855" lon="140.57235393673182">
        <ele>33.36</ele>
      </trkpt>
      <trkpt lat="36.40055492520332" lon="140.57241395115852">
        <ele>33.44</ele>
      </trkpt>
      <trkpt lat="36.400576969608665" lon="140.57259893976152">
        <ele>33.49</ele>
      </trkpt>
      <trkpt lat="36.40061091631651" lon="140.572816953063">
        <ele>33.52</ele>
      </trkpt>
      <trkpt lat="36.40064997598529" lon="140.57305298745632">
        <ele>33.58</ele>
      </trkpt>
      <trkpt lat="36.4006959926337" lon="140.57328399270773">
        <ele>33.56</ele>
      </trkpt>
      <trkpt lat="36.400709990412" lon="140.5733299255371">
        <ele>33.59</ele>
      </trkpt>
      <trkpt lat="36.40075592324138" lon="140.57357392273843">
        <ele>33.67</ele>
      </trkpt>
      <trkpt lat="36.400793977081776" lon="140.57380492798984">
        <ele>33.68</ele>
      </trkpt>
      <trkpt lat="36.40082499012351" lon="140.57403098791838">
        <ele>33.71</ele>
      </trkpt>
      <trkpt lat="36.40082691796124" lon="140.57407893240452">
        <ele>33.76</ele>
      </trkpt>
      <trkpt lat="36.40084594488144" lon="140.57420499622822">
        <ele>33.81</ele>
      </trkpt>
      <trkpt lat="36.40088492073119" lon="140.57443499565125">
        <ele>33.89</ele>
      </trkpt>
      <trkpt lat="36.400919957086444" lon="140.57466097176075">
        <ele>34.01</ele>
      </trkpt>
      <trkpt lat="36.400923980399966" lon="140.5747189745307">
        <ele>34.08</ele>
      </trkpt>
      <trkpt lat="36.400942923501134" lon="140.57495693676174">
        <ele>34.22</ele>
      </trkpt>
      <trkpt lat="36.4009549934417" lon="140.5750699248165">
        <ele>34.3</ele>
      </trkpt>
      <trkpt lat="36.40095993876457" lon="140.57524795643985">
        <ele>34.36</ele>
      </trkpt>
      <trkpt lat="36.400942923501134" lon="140.57536295615137">
        <ele>34.42</ele>
      </trkpt>
      <trkpt lat="36.40090797096491" lon="140.57543797418475">
        <ele>34.47</ele>
      </trkpt>
      <trkpt lat="36.40082792378962" lon="140.57548793032765">
        <ele>34.52</ele>
      </trkpt>
      <trkpt lat="36.400791965425014" lon="140.57549798861146">
        <ele>34.56</ele>
      </trkpt>
      <trkpt lat="36.40073899179697" lon="140.57550293393433">
        <ele>34.6</ele>
      </trkpt>
      <trkpt lat="36.40054092742503" lon="140.575509974733">
        <ele>34.6</ele>
      </trkpt>
      <trkpt lat="36.40047797933221" lon="140.57551098056138">
        <ele>34.63</ele>
      </trkpt>
      <trkpt lat="36.40026298351586" lon="140.57551098056138">
        <ele>34.66</ele>
      </trkpt>
      <trkpt lat="36.40012099407613" lon="140.575509974733">
        <ele>34.68</ele>
      </trkpt>
      <trkpt lat="36.39992695301771" lon="140.57550293393433">
        <ele>34.71</ele>
      </trkpt>
      <trkpt lat="36.399721931666136" lon="140.57551592588425">
        <ele>34.77</ele>
      </trkpt>
      <trkpt lat="36.39949092641473" lon="140.57554098777473">
        <ele>34.84</ele>
      </trkpt>
      <trkpt lat="36.39931792393327" lon="140.57555297389627">
        <ele>34.83</ele>
      </trkpt>
      <trkpt lat="36.39913394115865" lon="140.57557099498808">
        <ele>34.81</ele>
      </trkpt>
      <trkpt lat="36.398987928405404" lon="140.57559899054468">
        <ele>34.8</ele>
      </trkpt>
      <trkpt lat="36.39878592453897" lon="140.5756389722228">
        <ele>34.77</ele>
      </trkpt>
      <trkpt lat="36.39859297312796" lon="140.57566797360778">
        <ele>34.71</ele>
      </trkpt>
      <trkpt lat="36.39849892817438" lon="140.5756799597293">
        <ele>34.66</ele>
      </trkpt>
      <trkpt lat="36.398302959278226" lon="140.57572597637773">
        <ele>34.62</ele>
      </trkpt>
      <trkpt lat="36.39812299981713" lon="140.57576796971262">
        <ele>34.6</ele>
      </trkpt>
      <trkpt lat="36.398044964298606" lon="140.575776938349">
        <ele>34.56</ele>
      </trkpt>
      <trkpt lat="36.39785394072533" lon="140.57580191642046">
        <ele>34.57</ele>
      </trkpt>
      <trkpt lat="36.397809935733676" lon="140.57580895721912">
        <ele>34.54</ele>
      </trkpt>
      <trkpt lat="36.39760298654437" lon="140.57584499940276">
        <ele>34.49</ele>
      </trkpt>
      <trkpt lat="36.397461919113994" lon="140.57585597969592">
        <ele>34.42</ele>
      </trkpt>
      <trkpt lat="36.39723694883287" lon="140.57588699273765">
        <ele>34.35</ele>
      </trkpt>
      <trkpt lat="36.397141981869936" lon="140.57591993361712">
        <ele>34.24</ele>
      </trkpt>
      <trkpt lat="36.39691298827529" lon="140.57596393860877">
        <ele>34.12</ele>
      </trkpt>
      <trkpt lat="36.39683193527162" lon="140.5759719852358">
        <ele>34.02</ele>
      </trkpt>
      <trkpt lat="36.396648958325386" lon="140.57601196691394">
        <ele>33.94</ele>
      </trkpt>
      <trkpt lat="36.39646698720753" lon="140.5760499369353">
        <ele>33.83</ele>
      </trkpt>
      <trkpt lat="36.3962459564209" lon="140.5760969594121">
        <ele>33.71</ele>
      </trkpt>
      <trkpt lat="36.396069936454296" lon="140.5761569738388">
        <ele>33.54</ele>
      </trkpt>
      <trkpt lat="36.39603297226131" lon="140.57616795413196">
        <ele>33.4</ele>
      </trkpt>
      <trkpt lat="36.39583893120289" lon="140.57622293941677">
        <ele>33.22</ele>
      </trkpt>
      <trkpt lat="36.39565394259989" lon="140.57627499103546">
        <ele>33.07</ele>
      </trkpt>
      <trkpt lat="36.395424949005246" lon="140.57632595300674">
        <ele>32.98</ele>
      </trkpt>
      <trkpt lat="36.395245995372534" lon="140.57637398131192">
        <ele>32.87</ele>
      </trkpt>
      <trkpt lat="36.39520199038088" lon="140.5763879790902">
        <ele>32.74</ele>
      </trkpt>
      <trkpt lat="36.39498397707939" lon="140.5764669366181">
        <ele>32.64</ele>
      </trkpt>
      <trkpt lat="36.39481692574918" lon="140.57650892995298">
        <ele>32.47</ele>
      </trkpt>
      <trkpt lat="36.39461995102465" lon="140.576553940773">
        <ele>32.25</ele>
      </trkpt>
      <trkpt lat="36.39442599378526" lon="140.5765959341079">
        <ele>32.08</ele>
      </trkpt>
      <trkpt lat="36.39437897130847" lon="140.57660398073494">
        <ele>31.96</ele>
      </trkpt>
      <trkpt lat="36.394328931346536" lon="140.57661395519972">
        <ele>31.86</ele>
      </trkpt>
      <trkpt lat="36.39413899742067" lon="140.57665393687785">
        <ele>31.81</ele>
      </trkpt>
      <trkpt lat="36.393961971625686" lon="140.57669693604112">
        <ele>31.73</ele>
      </trkpt>
      <trkpt lat="36.393763991072774" lon="140.5767489876598">
        <ele>31.65</ele>
      </trkpt>
      <trkpt lat="36.39356894418597" lon="140.57681495323777">
        <ele>31.57</ele>
      </trkpt>
      <trkpt lat="36.39352099969983" lon="140.57683096267283">
        <ele>31.52</ele>
      </trkpt>
      <trkpt lat="36.39333098195493" lon="140.57689893990755">
        <ele>31.47</ele>
      </trkpt>
      <trkpt lat="36.39315596781671" lon="140.57697295211256">
        <ele>31.48</ele>
      </trkpt>
      <trkpt lat="36.39305496588349" lon="140.5770079884678">
        <ele>31.51</ele>
      </trkpt>
      <trkpt lat="36.392884980887175" lon="140.57708099484444">
        <ele>31.59</ele>
      </trkpt>
      <trkpt lat="36.3927539717406" lon="140.57715299539268">
        <ele>31.68</ele>
      </trkpt>
      <trkpt lat="36.39270594343543" lon="140.57717093266547">
        <ele>31.77</ele>
      </trkpt>
      <trkpt lat="36.392519949004054" lon="140.5772619601339">
        <ele>31.9</ele>
      </trkpt>
      <trkpt lat="36.39234099537134" lon="140.5773509759456">
        <ele>31.98</ele>
      </trkpt>
      <trkpt lat="36.39230394735932" lon="140.5773689970374">
        <ele>32.08</ele>
      </trkpt>
      <trkpt lat="36.39210596680641" lon="140.57742699980736">
        <ele>32.22</ele>
      </trkpt>
      <trkpt lat="36.39202097430825" lon="140.57743496261537">
        <ele>32.33</ele>
      </trkpt>
      <trkpt lat="36.39183598570526" lon="140.5774479545653">
        <ele>32.44</ele>
      </trkpt>
      <trkpt lat="36.39164797961712" lon="140.57745692320168">
        <ele>32.54</ele>
      </trkpt>
      <trkpt lat="36.39160196296871" lon="140.57746295817196">
        <ele>32.67</ele>
      </trkpt>
      <trkpt lat="36.39140993356705" lon="140.57748299092054">
        <ele>32.84</ele>
      </trkpt>
      <trkpt lat="36.39122595079243" lon="140.577507968992">
        <ele>33.01</ele>
      </trkpt>
      <trkpt lat="36.39100693166256" lon="140.57751098647714">
        <ele>33.18</ele>
      </trkpt>
      <trkpt lat="36.390804927796125" lon="140.5775209609419">
        <ele>33.34</ele>
      </trkpt>
      <trkpt lat="36.39070996083319" lon="140.57752397842705">
        <ele>33.44</ele>
      </trkpt>
      <trkpt lat="36.3906129822135" lon="140.57752892374992">
        <ele>33.54</ele>
      </trkpt>
      <trkpt lat="36.390418941155076" lon="140.5775439273566">
        <ele>33.59</ele>
      </trkpt>
      <trkpt lat="36.3903349544853" lon="140.57754694484174">
        <ele>33.66</ele>
      </trkpt>
      <trkpt lat="36.39014099724591" lon="140.5775549914688">
        <ele>33.74</ele>
      </trkpt>
      <trkpt lat="36.38995299115777" lon="140.5775539856404">
        <ele>33.86</ele>
      </trkpt>
      <trkpt lat="36.38976297341287" lon="140.57757795788348">
        <ele>33.96</ele>
      </trkpt>
      <trkpt lat="36.38956197537482" lon="140.5775959789753">
        <ele>34.07</ele>
      </trkpt>
      <trkpt lat="36.389512941241264" lon="140.57760092429817">
        <ele>34.13</ele>
      </trkpt>
      <trkpt lat="36.38928797096014" lon="140.57760695926845">
        <ele>34.17</ele>
      </trkpt>
      <trkpt lat="36.38918696902692" lon="140.57760695926845">
        <ele>34.19</ele>
      </trkpt>
      <trkpt lat="36.38909099623561" lon="140.5776039417833">
        <ele>34.21</ele>
      </trkpt>
      <trkpt lat="36.388954957947135" lon="140.57759799063206">
        <ele>34.21</ele>
      </trkpt>
      <trkpt lat="36.388764940202236" lon="140.5776179395616">
        <ele>34.23</ele>
      </trkpt>
      <trkpt lat="36.38855597935617" lon="140.57764098979533">
        <ele>34.27</ele>
      </trkpt>
      <trkpt lat="36.38836294412613" lon="140.57766596786678">
        <ele>34.26</ele>
      </trkpt>
      <trkpt lat="36.38817292638123" lon="140.5776699911803">
        <ele>34.17</ele>
      </trkpt>
      <trkpt lat="36.387988943606615" lon="140.57767996564507">
        <ele>34.08</ele>
      </trkpt>
      <trkpt lat="36.38780697248876" lon="140.57772095315158">
        <ele>34.02</ele>
      </trkpt>
      <trkpt lat="36.38767294585705" lon="140.57772992178798">
        <ele>33.95</ele>
      </trkpt>
      <trkpt lat="36.38744495809078" lon="140.57774693705142">
        <ele>33.83</ele>
      </trkpt>
      <trkpt lat="36.387298945337534" lon="140.57775498367846">
        <ele>33.75</ele>
      </trkpt>
      <trkpt lat="36.387104988098145" lon="140.57775699533522">
        <ele>33.63</ele>
      </trkpt>
      <trkpt lat="36.38690994121134" lon="140.57776898145676">
        <ele>33.49</ele>
      </trkpt>
      <trkpt lat="36.386807933449745" lon="140.5777759384364">
        <ele>33.38</ele>
      </trkpt>
      <trkpt lat="36.38660794124007" lon="140.57777392677963">
        <ele>33.24</ele>
      </trkpt>
      <trkpt lat="36.38639495708048" lon="140.57778297923505">
        <ele>33.14</ele>
      </trkpt>
      <trkpt lat="36.38627492822707" lon="140.5777889303863">
        <ele>33.05</ele>
      </trkpt>
      <trkpt lat="36.3860709965229" lon="140.57779597118497">
        <ele>32.97</ele>
      </trkpt>
      <trkpt lat="36.38587695546448" lon="140.57779798284173">
        <ele>32.92</ele>
      </trkpt>
      <trkpt lat="36.38565299101174" lon="140.57780091650784">
        <ele>32.86</ele>
      </trkpt>
      <trkpt lat="36.38560697436333" lon="140.57780594564974">
        <ele>32.79</ele>
      </trkpt>
      <trkpt lat="36.3854649849236" lon="140.57781793177128">
        <ele>32.71</ele>
      </trkpt>
      <trkpt lat="36.38541997410357" lon="140.57783494703472">
        <ele>32.64</ele>
      </trkpt>
      <trkpt lat="36.38537496328354" lon="140.57790594175458">
        <ele>32.57</ele>
      </trkpt>
      <trkpt lat="36.38539792969823" lon="140.57800099253654">
        <ele>32.56</ele>
      </trkpt>
      <trkpt lat="36.385430954396725" lon="140.57801892980933">
        <ele>32.54</ele>
      </trkpt>
      <trkpt lat="36.38548493385315" lon="140.57803292758763">
        <ele>32.54</ele>
      </trkpt>
      <trkpt lat="36.38563195243478" lon="140.57806092314422">
        <ele>32.55</ele>
      </trkpt>
      <trkpt lat="36.38581492938101" lon="140.57809696532786">
        <ele>32.56</ele>
      </trkpt>
      <trkpt lat="36.38600394129753" lon="140.57813392952085">
        <ele>32.6</ele>
      </trkpt>
      <trkpt lat="36.38603897765279" lon="140.57813795283437">
        <ele>32.63</ele>
      </trkpt>
      <trkpt lat="36.38624492101371" lon="140.57818598113954">
        <ele>32.71</ele>
      </trkpt>
      <trkpt lat="36.38642798177898" lon="140.57822596281767">
        <ele>32.77</ele>
      </trkpt>
      <trkpt lat="36.38657592236996" lon="140.57826393283904">
        <ele>32.81</ele>
      </trkpt>
      <trkpt lat="36.38677499257028" lon="140.5783169902861">
        <ele>32.81</ele>
      </trkpt>
      <trkpt lat="36.386981941759586" lon="140.57837792672217">
        <ele>32.83</ele>
      </trkpt>
      <trkpt lat="36.38703097589314" lon="140.57839393615723">
        <ele>32.89</ele>
      </trkpt>
      <trkpt lat="36.38724597170949" lon="140.578469960019">
        <ele>32.98</ele>
      </trkpt>
      <trkpt lat="36.38737597502768" lon="140.57851698249578">
        <ele>33.06</ele>
      </trkpt>
      <trkpt lat="36.38759298250079" lon="140.57858395390213">
        <ele>33.16</ele>
      </trkpt>
      <trkpt lat="36.38777093030512" lon="140.578654948622">
        <ele>33.22</ele>
      </trkpt>
      <trkpt lat="36.38798492029309" lon="140.57873499579728">
        <ele>33.21</ele>
      </trkpt>
      <trkpt lat="36.388112995773554" lon="140.57877698913217">
        <ele>33.22</ele>
      </trkpt>
      <trkpt lat="36.38829798437655" lon="140.57884295471013">
        <ele>33.22</ele>
      </trkpt>
      <trkpt lat="36.38851499184966" lon="140.57891495525837">
        <ele>33.32</ele>
      </trkpt>
      <trkpt lat="36.38859897851944" lon="140.57894395664334">
        <ele>33.37</ele>
      </trkpt>
      <trkpt lat="36.388802994042635" lon="140.57901293970644">
        <ele>33.39</ele>
      </trkpt>
      <trkpt lat="36.389015978202224" lon="140.57908795773983">
        <ele>33.42</ele>
      </trkpt>
      <trkpt lat="36.389191998168826" lon="140.57915098965168">
        <ele>33.45</ele>
      </trkpt>
      <trkpt lat="36.38937095180154" lon="140.57921695522964">
        <ele>33.45</ele>
      </trkpt>
      <trkpt lat="36.38950196094811" lon="140.5792649835348">
        <ele>33.46</ele>
      </trkpt>
      <trkpt lat="36.389680998399854" lon="140.57932499796152">
        <ele>33.47</ele>
      </trkpt>
      <trkpt lat="36.38986498117447" lon="140.57937897741795">
        <ele>33.49</ele>
      </trkpt>
      <trkpt lat="36.38991099782288" lon="140.57939297519624">
        <ele>33.49</ele>
      </trkpt>
      <trkpt lat="36.390093974769115" lon="140.57943496853113">
        <ele>33.43</ele>
      </trkpt>
      <trkpt lat="36.39027292840183" lon="140.5794869363308">
        <ele>33.36</ele>
      </trkpt>
      <trkpt lat="36.39046294614673" lon="140.57953597046435">
        <ele>33.34</ele>
      </trkpt>
      <trkpt lat="36.39064298942685" lon="140.57958994992077">
        <ele>33.37</ele>
      </trkpt>
      <trkpt lat="36.390735944733024" lon="140.57961995713413">
        <ele>33.38</ele>
      </trkpt>
      <trkpt lat="36.390927974134684" lon="140.57967795990407">
        <ele>33.38</ele>
      </trkpt>
      <trkpt lat="36.39113391749561" lon="140.57974996045232">
        <ele>33.38</ele>
      </trkpt>
      <trkpt lat="36.39117792248726" lon="140.57976094074547">
        <ele>33.37</ele>
      </trkpt>
      <trkpt lat="36.3913899846375" lon="140.57982799597085">
        <ele>33.34</ele>
      </trkpt>
      <trkpt lat="36.39152392745018" lon="140.57986294850707">
        <ele>33.32</ele>
      </trkpt>
      <trkpt lat="36.39169793576002" lon="140.5799079593271">
        <ele>33.29</ele>
      </trkpt>
      <trkpt lat="36.39190698042512" lon="140.5799689795822">
        <ele>33.28</ele>
      </trkpt>
      <trkpt lat="36.39212197624147" lon="140.58001692406833">
        <ele>33.31</ele>
      </trkpt>
      <trkpt lat="36.39229196123779" lon="140.5800429917872">
        <ele>33.29</ele>
      </trkpt>
      <trkpt lat="36.39247099868953" lon="140.5800739210099">
        <ele>33.24</ele>
      </trkpt>
      <trkpt lat="36.392649952322245" lon="140.58010493405163">
        <ele>33.2</ele>
      </trkpt>
      <trkpt lat="36.392738968133926" lon="140.58012194931507">
        <ele>33.16</ele>
      </trkpt>
      <trkpt lat="36.39296494424343" lon="140.58016092516482">
        <ele>33.17</ele>
      </trkpt>
      <trkpt lat="36.39305295422673" lon="140.58017794042826">
        <ele>33.16</ele>
      </trkpt>
      <trkpt lat="36.39323593117297" lon="140.58020493015647">
        <ele>33.19</ele>
      </trkpt>
      <trkpt lat="36.39328295364976" lon="140.58021792210639">
        <ele>33.16</ele>
      </trkpt>
      <trkpt lat="36.39349593780935" lon="140.58024893514812">
        <ele>33.13</ele>
      </trkpt>
      <trkpt lat="36.393617978319526" lon="140.58027097955346">
        <ele>33.08</ele>
      </trkpt>
      <trkpt lat="36.393657959997654" lon="140.58027592487633">
        <ele>32.99</ele>
      </trkpt>
      <trkpt lat="36.39386993832886" lon="140.5803189240396">
        <ele>32.92</ele>
      </trkpt>
      <trkpt lat="36.39399994164705" lon="140.58034499175847">
        <ele>32.77</ele>
      </trkpt>
      <trkpt lat="36.394218960776925" lon="140.58037793263793">
        <ele>32.58</ele>
      </trkpt>
      <trkpt lat="36.39433295466006" lon="140.58039494790137">
        <ele>32.4</ele>
      </trkpt>
      <trkpt lat="36.39455096796155" lon="140.5804129689932">
        <ele>32.19</ele>
      </trkpt>
      <trkpt lat="36.39477292075753" lon="140.580430990085">
        <ele>31.96</ele>
      </trkpt>
      <trkpt lat="36.394819943234324" lon="140.58043694123626">
        <ele>31.78</ele>
      </trkpt>
      <trkpt lat="36.39499898068607" lon="140.5804629251361">
        <ele>31.6</ele>
      </trkpt>
      <trkpt lat="36.39521992765367" lon="140.5804729834199">
        <ele>31.44</ele>
      </trkpt>
      <trkpt lat="36.39543894678354" lon="140.58049695566297">
        <ele>31.21</ele>
      </trkpt>
      <trkpt lat="36.3955239392817" lon="140.58049293234944">
        <ele>31.01</ele>
      </trkpt>
      <trkpt lat="36.395741952583194" lon="140.5805009789765">
        <ele>30.79</ele>
      </trkpt>
      <trkpt lat="36.39591294340789" lon="140.58051195926964">
        <ele>30.63</ele>
      </trkpt>
      <trkpt lat="36.39613799750805" lon="140.58052193373442">
        <ele>30.47</ele>
      </trkpt>
      <trkpt lat="36.39635592699051" lon="140.58053199201822">
        <ele>30.24</ele>
      </trkpt>
      <trkpt lat="36.39656698331237" lon="140.5805279687047">
        <ele>30.07</ele>
      </trkpt>
      <trkpt lat="36.39669296331704" lon="140.58052193373442">
        <ele>29.9</ele>
      </trkpt>
      <trkpt lat="36.39673596248031" lon="140.58052595704794">
        <ele>29.77</ele>
      </trkpt>
      <trkpt lat="36.39694098383188" lon="140.58052595704794">
        <ele>29.6</ele>
      </trkpt>
      <trkpt lat="36.39698398299515" lon="140.58052495121956">
        <ele>29.54</ele>
      </trkpt>
      <trkpt lat="36.39718992635608" lon="140.58052495121956">
        <ele>29.46</ele>
      </trkpt>
      <trkpt lat="36.397352954372764" lon="140.5805139709264">
        <ele>29.54</ele>
      </trkpt>
      <trkpt lat="36.3975599873811" lon="140.58051195926964">
        <ele>29.65</ele>
      </trkpt>
      <trkpt lat="36.39764699153602" lon="140.58051195926964">
        <ele>29.72</ele>
      </trkpt>
      <trkpt lat="36.397851929068565" lon="140.58050793595612">
        <ele>29.86</ele>
      </trkpt>
      <trkpt lat="36.397937927395105" lon="140.58050592429936">
        <ele>29.97</ele>
      </trkpt>
      <trkpt lat="36.39802794903517" lon="140.58049896731973">
        <ele>30.08</ele>
      </trkpt>
      <trkpt lat="36.3982439506799" lon="140.58049192652106">
        <ele>30.23</ele>
      </trkpt>
      <trkpt lat="36.39828594401479" lon="140.58048999868333">
        <ele>30.35</ele>
      </trkpt>
      <trkpt lat="36.398497922345996" lon="140.5804809462279">
        <ele>30.45</ele>
      </trkpt>
      <trkpt lat="36.39862993732095" lon="140.58048496954143">
        <ele>30.57</ele>
      </trkpt>
      <trkpt lat="36.398839987814426" lon="140.5804819520563">
        <ele>30.66</ele>
      </trkpt>
      <trkpt lat="36.39896395616233" lon="140.580475917086">
        <ele>30.79</ele>
      </trkpt>
      <trkpt lat="36.39917895197868" lon="140.58046896010637">
        <ele>30.92</ele>
      </trkpt>
      <trkpt lat="36.39934994280338" lon="140.5804539564997">
        <ele>31.1</ele>
      </trkpt>
      <trkpt lat="36.399569967761636" lon="140.5804349295795">
        <ele>31.3</ele>
      </trkpt>
      <trkpt lat="36.399698965251446" lon="140.5804319959134">
        <ele>31.49</ele>
      </trkpt>
      <trkpt lat="36.39990993775427" lon="140.58041992597282">
        <ele>31.61</ele>
      </trkpt>
      <trkpt lat="36.399996941909194" lon="140.58041598647833">
        <ele>31.73</ele>
      </trkpt>
      <trkpt lat="36.400040946900845" lon="140.58040995150805">
        <ele>31.86</ele>
      </trkpt>
      <trkpt lat="36.400127951055765" lon="140.5804029945284">
        <ele>31.99</ele>
      </trkpt>
      <trkpt lat="36.40034998767078" lon="140.5803979653865">
        <ele>32.12</ele>
      </trkpt>
      <trkpt lat="36.400556936860085" lon="140.58038597926497">
        <ele>32.27</ele>
      </trkpt>
      <trkpt lat="36.400600941851735" lon="140.58038195595145">
        <ele>32.38</ele>
      </trkpt>
      <trkpt lat="36.400815937668085" lon="140.58036795817316">
        <ele>32.4</ele>
      </trkpt>
      <trkpt lat="36.40094895847142" lon="140.58035999536514">
        <ele>32.5</ele>
      </trkpt>
      <trkpt lat="36.401155991479754" lon="140.58034792542458">
        <ele>32.6</ele>
      </trkpt>
      <trkpt lat="36.40131591819227" lon="140.58034499175847">
        <ele>32.77</ele>
      </trkpt>
      <trkpt lat="36.401523957028985" lon="140.58035295456648">
        <ele>32.99</ele>
      </trkpt>
      <trkpt lat="36.401697965338826" lon="140.58035999536514">
        <ele>33.17</ele>
      </trkpt>
      <trkpt lat="36.40190499834716" lon="140.58037399314344">
        <ele>33.3</ele>
      </trkpt>
      <trkpt lat="36.4020739775151" lon="140.58038195595145">
        <ele>33.48</ele>
      </trkpt>
      <trkpt lat="36.40227899886668" lon="140.58040198870003">
        <ele>33.71</ele>
      </trkpt>
      <trkpt lat="36.4024109300226" lon="140.58041095733643">
        <ele>33.97</ele>
      </trkpt>
      <trkpt lat="36.40245493501425" lon="140.58041498064995">
        <ele>34.17</ele>
      </trkpt>
      <trkpt lat="36.402680994942784" lon="140.58043392375112">
        <ele>34.4</ele>
      </trkpt>
      <trkpt lat="36.40282197855413" lon="140.5804479215294">
        <ele>34.58</ele>
      </trkpt>
      <trkpt lat="36.4030029438436" lon="140.58047097176313">
        <ele>34.7</ele>
      </trkpt>
      <trkpt lat="36.40318298712373" lon="140.58049796149135">
        <ele>34.83</ele>
      </trkpt>
      <trkpt lat="36.40322891995311" lon="140.58051095344126">
        <ele>34.98</ele>
      </trkpt>
      <trkpt lat="36.403413992375135" lon="140.58053894899786">
        <ele>35.1</ele>
      </trkpt>
      <trkpt lat="36.40359696932137" lon="140.58057691901922">
        <ele>35.25</ele>
      </trkpt>
      <trkpt lat="36.40378296375275" lon="140.58062293566763">
        <ele>35.36</ele>
      </trkpt>
      <trkpt lat="36.403969964012504" lon="140.58066995814443">
        <ele>35.45</ele>
      </trkpt>
      <trkpt lat="36.40406099148095" lon="140.5806989595294">
        <ele>35.52</ele>
      </trkpt>
      <trkpt lat="36.404250925406814" lon="140.5807539448142">
        <ele>35.59</ele>
      </trkpt>
      <trkpt lat="36.40443599782884" lon="140.58079895563424">
        <ele>35.66</ele>
      </trkpt>
      <trkpt lat="36.404528953135014" lon="140.58082695119083">
        <ele>35.75</ele>
      </trkpt>
      <trkpt lat="36.40470799058676" lon="140.58088495396078">
        <ele>35.84</ele>
      </trkpt>
      <trkpt lat="36.404896918684244" lon="140.58093993924558">
        <ele>35.91</ele>
      </trkpt>
      <trkpt lat="36.404938995838165" lon="140.58095594868064">
        <ele>35.91</ele>
      </trkpt>
      <trkpt lat="36.40511895529926" lon="140.58101193979383">
        <ele>35.92</ele>
      </trkpt>
      <trkpt lat="36.40521098859608" lon="140.58104395866394">
        <ele>35.88</ele>
      </trkpt>
      <trkpt lat="36.40534593723714" lon="140.58108896948397">
        <ele>35.8</ele>
      </trkpt>
      <trkpt lat="36.40548096969724" lon="140.5811619758606">
        <ele>35.71</ele>
      </trkpt>
      <trkpt lat="36.40565799549222" lon="140.58124193921685">
        <ele>35.6</ele>
      </trkpt>
      <trkpt lat="36.4058299921453" lon="140.58131595142186">
        <ele>35.48</ele>
      </trkpt>
      <trkpt lat="36.40587399713695" lon="140.5813329666853">
        <ele>35.37</ele>
      </trkpt>
      <trkpt lat="36.406056974083185" lon="140.58140597306192">
        <ele>35.22</ele>
      </trkpt>
      <trkpt lat="36.40610399655998" lon="140.58141997084022">
        <ele>35.08</ele>
      </trkpt>
      <trkpt lat="36.40618999488652" lon="140.58145995251834">
        <ele>34.93</ele>
      </trkpt>
      <trkpt lat="36.40623399987817" lon="140.58147897943854">
        <ele>34.78</ele>
      </trkpt>
      <trkpt lat="36.40643793158233" lon="140.58159297332168">
        <ele>34.59</ele>
      </trkpt>
      <trkpt lat="36.40660791657865" lon="140.58169799856842">
        <ele>34.35</ele>
      </trkpt>
      <trkpt lat="36.40664194710553" lon="140.58171895332634">
        <ele>34.19</ele>
      </trkpt>
      <trkpt lat="36.406810926273465" lon="140.58180595748127">
        <ele>34.03</ele>
      </trkpt>
      <trkpt lat="36.40693397261202" lon="140.58186798356473">
        <ele>33.88</ele>
      </trkpt>
      <trkpt lat="36.40714393928647" lon="140.5819799657911">
        <ele>33.8</ele>
      </trkpt>
      <trkpt lat="36.40731593593955" lon="140.58207392692566">
        <ele>33.7</ele>
      </trkpt>
      <trkpt lat="36.407494973391294" lon="140.5821649543941">
        <ele>33.6</ele>
      </trkpt>
      <trkpt lat="36.40766294673085" lon="140.58225095272064">
        <ele>33.41</ele>
      </trkpt>
      <trkpt lat="36.40770292840898" lon="140.58227299712598">
        <ele>33.28</ele>
      </trkpt>
      <trkpt lat="36.40787199139595" lon="140.58236695826054">
        <ele>33.17</ele>
      </trkpt>
      <trkpt lat="36.40804692171514" lon="140.58245597407222">
        <ele>33.08</ele>
      </trkpt>
      <trkpt lat="36.40825395472348" lon="140.58256393298507">
        <ele>32.96</ele>
      </trkpt>
      <trkpt lat="36.408419916406274" lon="140.58265797793865">
        <ele>32.86</ele>
      </trkpt>
      <trkpt lat="36.408462999388576" lon="140.58267893269658">
        <ele>32.77</ele>
      </trkpt>
      <trkpt lat="36.408638935536146" lon="140.58276291936636">
        <ele>32.69</ele>
      </trkpt>
      <trkpt lat="36.40877195633948" lon="140.5828219279647">
        <ele>32.61</ele>
      </trkpt>
      <trkpt lat="36.40881797298789" lon="140.5828409548849">
        <ele>32.52</ele>
      </trkpt>
      <trkpt lat="36.40898494049907" lon="140.5829279590398">
        <ele>32.41</ele>
      </trkpt>
      <trkpt lat="36.409106981009245" lon="140.58299493044615">
        <ele>32.3</ele>
      </trkpt>
      <trkpt lat="36.40918593853712" lon="140.58304597623646">
        <ele>32.21</ele>
      </trkpt>
      <trkpt lat="36.40935399569571" lon="140.58313599787652">
        <ele>32.14</ele>
      </trkpt>
      <trkpt lat="36.40948492102325" lon="140.583205986768">
        <ele>32.06</ele>
      </trkpt>
      <trkpt lat="36.40965398401022" lon="140.58329198509455">
        <ele>31.96</ele>
      </trkpt>
      <trkpt lat="36.409816928207874" lon="140.58338795788586">
        <ele>31.88</ele>
      </trkpt>
      <trkpt lat="36.409945925697684" lon="140.5834519956261">
        <ele>31.79</ele>
      </trkpt>
      <trkpt lat="36.41002496704459" lon="140.5834959167987">
        <ele>31.67</ele>
      </trkpt>
      <trkpt lat="36.41019495204091" lon="140.5835899617523">
        <ele>31.55</ele>
      </trkpt>
      <trkpt lat="36.41032294370234" lon="140.58366296812892">
        <ele>31.41</ele>
      </trkpt>
      <trkpt lat="36.4104909170419" lon="140.58375097811222">
        <ele>31.26</ele>
      </trkpt>
      <trkpt lat="36.41057297587395" lon="140.58379598893225">
        <ele>31.12</ele>
      </trkpt>
      <trkpt lat="36.410695938393474" lon="140.58386597782373">
        <ele>30.96</ele>
      </trkpt>
      <trkpt lat="36.41089693643153" lon="140.5839779600501">
        <ele>30.81</ele>
      </trkpt>
      <trkpt lat="36.411017971113324" lon="140.58404996059835">
        <ele>30.7</ele>
      </trkpt>
      <trkpt lat="36.411060970276594" lon="140.5840709991753">
        <ele>30.6</ele>
      </trkpt>
      <trkpt lat="36.411231961101294" lon="140.5841549858451">
        <ele>30.5</ele>
      </trkpt>
      <trkpt lat="36.41140395775437" lon="140.58424492366612">
        <ele>30.42</ele>
      </trkpt>
      <trkpt lat="36.41144595108926" lon="140.5842649564147">
        <ele>30.34</ele>
      </trkpt>
      <trkpt lat="36.41161694191396" lon="140.584352966398">
        <ele>30.3</ele>
      </trkpt>
      <trkpt lat="36.41174493357539" lon="140.58441499248147">
        <ele>30.27</ele>
      </trkpt>
      <trkpt lat="36.411922965198755" lon="140.58450694195926">
        <ele>30.26</ele>
      </trkpt>
      <trkpt lat="36.41209093853831" lon="140.58459394611418">
        <ele>30.16</ele>
      </trkpt>
      <trkpt lat="36.412135949358344" lon="140.58461498469114">
        <ele>30.1</ele>
      </trkpt>
      <trkpt lat="36.41234097070992" lon="140.58472998440266">
        <ele>30.02</ele>
      </trkpt>
      <trkpt lat="36.41242797486484" lon="140.5847739893943">
        <ele>29.99</ele>
      </trkpt>
      <trkpt lat="36.41260399483144" lon="140.5848659388721">
        <ele>29.95</ele>
      </trkpt>
      <trkpt lat="36.41277892515063" lon="140.58495696634054">
        <ele>29.91</ele>
      </trkpt>
      <trkpt lat="36.41281999647617" lon="140.5849809385836">
        <ele>29.93</ele>
      </trkpt>
      <trkpt lat="36.41299199312925" lon="140.5850699543953">
        <ele>29.95</ele>
      </trkpt>
      <trkpt lat="36.41316097229719" lon="140.58514991775155">
        <ele>30.04</ele>
      </trkpt>
      <trkpt lat="36.41320497728884" lon="140.58516995050013">
        <ele>30.12</ele>
      </trkpt>
      <trkpt lat="36.413379991427064" lon="140.58525192551315">
        <ele>30.23</ele>
      </trkpt>
      <trkpt lat="36.41346297226846" lon="140.5852919910103">
        <ele>30.34</ele>
      </trkpt>
      <trkpt lat="36.41354997642338" lon="140.5853279493749">
        <ele>30.44</ele>
      </trkpt>
      <trkpt lat="36.413644943386316" lon="140.58536591939628">
        <ele>30.57</ele>
      </trkpt>
      <trkpt lat="36.41381794586778" lon="140.58544697239995">
        <ele>30.73</ele>
      </trkpt>
      <trkpt lat="36.41398994252086" lon="140.58553498238325">
        <ele>30.87</ele>
      </trkpt>
      <trkpt lat="36.41403294168413" lon="140.58555593714118">
        <ele>31.01</ele>
      </trkpt>
      <trkpt lat="36.414117934182286" lon="140.5855929851532">
        <ele>31.15</ele>
      </trkpt>
      <trkpt lat="36.41432194970548" lon="140.58569993823767">
        <ele>31.31</ele>
      </trkpt>
      <trkpt lat="36.41449092887342" lon="140.5857779737562">
        <ele>31.47</ele>
      </trkpt>
      <trkpt lat="36.41470399685204" lon="140.58587092906237">
        <ele>31.62</ele>
      </trkpt>
      <trkpt lat="36.41487599350512" lon="140.58595198206604">
        <ele>31.77</ele>
      </trkpt>
      <trkpt lat="36.41491899266839" lon="140.5859709251672">
        <ele>31.9</ele>
      </trkpt>
      <trkpt lat="36.41500599682331" lon="140.58601593598723">
        <ele>32.03</ele>
      </trkpt>
      <trkpt lat="36.41518193297088" lon="140.58608592487872">
        <ele>32.12</ele>
      </trkpt>
      <trkpt lat="36.41536398790777" lon="140.58615398593247">
        <ele>32.17</ele>
      </trkpt>
      <trkpt lat="36.41553992405534" lon="140.58621793985367">
        <ele>32.18</ele>
      </trkpt>
      <trkpt lat="36.4157179556787" lon="140.58628398925066">
        <ele>32.27</ele>
      </trkpt>
      <trkpt lat="36.41592993400991" lon="140.58636194095016">
        <ele>32.44</ele>
      </trkpt>
      <trkpt lat="36.41601593233645" lon="140.5863969773054">
        <ele>32.56</ele>
      </trkpt>
      <trkpt lat="36.41619094647467" lon="140.58646998368204">
        <ele>32.68</ele>
      </trkpt>
      <trkpt lat="36.41639697365463" lon="140.58656193315983">
        <ele>32.74</ele>
      </trkpt>
      <trkpt lat="36.41653292812407" lon="140.58661599643528">
        <ele>32.71</ele>
      </trkpt>
      <trkpt lat="36.416713977232575" lon="140.5866789445281">
        <ele>32.62</ele>
      </trkpt>
      <trkpt lat="36.4168889913708" lon="140.58674097061157">
        <ele>32.5</ele>
      </trkpt>
      <trkpt lat="36.417015977203846" lon="140.58678899891675">
        <ele>32.4</ele>
      </trkpt>
      <trkpt lat="36.41722594387829" lon="140.58687298558652">
        <ele>32.26</ele>
      </trkpt>
      <trkpt lat="36.417399952188134" lon="140.58693098835647">
        <ele>32.2</ele>
      </trkpt>
      <trkpt lat="36.417573960497975" lon="140.58699494227767">
        <ele>32.14</ele>
      </trkpt>
      <trkpt lat="36.41778199933469" lon="140.58706593699753">
        <ele>32.08</ele>
      </trkpt>
      <trkpt lat="36.41782592050731" lon="140.58708395808935">
        <ele>31.94</ele>
      </trkpt>
      <trkpt lat="36.41803395934403" lon="140.58717196807265">
        <ele>31.75</ele>
      </trkpt>
      <trkpt lat="36.41816295683384" lon="140.58721899054945">
        <ele>31.57</ele>
      </trkpt>
      <trkpt lat="36.41829094849527" lon="140.58725997805595">
        <ele>31.37</ele>
      </trkpt>
      <trkpt lat="36.418455988168716" lon="140.58731697499752">
        <ele>31.09</ele>
      </trkpt>
      <trkpt lat="36.41865991987288" lon="140.58738595806062">
        <ele>30.79</ele>
      </trkpt>
      <trkpt lat="36.41887692734599" lon="140.58745997026563">
        <ele>30.51</ele>
      </trkpt>
      <trkpt lat="36.41905294731259" lon="140.5875249300152">
        <ele>30.33</ele>
      </trkpt>
      <trkpt lat="36.419268948957324" lon="140.58760195970535">
        <ele>30.11</ele>
      </trkpt>
      <trkpt lat="36.419484950602055" lon="140.5876739602536">
        <ele>29.89</ele>
      </trkpt>
      <trkpt lat="36.41965392976999" lon="140.58773296885192">
        <ele>29.64</ele>
      </trkpt>
      <trkpt lat="36.419831961393356" lon="140.58779893442988">
        <ele>29.4</ele>
      </trkpt>
      <trkpt lat="36.41996598802507" lon="140.5878449510783">
        <ele>29.18</ele>
      </trkpt>
      <trkpt lat="36.42000898718834" lon="140.58786297217011">
        <ele>28.98</ele>
      </trkpt>
      <trkpt lat="36.42018693499267" lon="140.5879269260913">
        <ele>28.77</ele>
      </trkpt>
      <trkpt lat="36.42027293331921" lon="140.58794796466827">
        <ele>28.58</ele>
      </trkpt>
      <trkpt lat="36.42036295495927" lon="140.58797596022487">
        <ele>28.4</ele>
      </trkpt>
      <trkpt lat="36.42054593190551" lon="140.58804192580283">
        <ele>28.22</ele>
      </trkpt>
      <trkpt lat="36.42071893438697" lon="140.58811493217945">
        <ele>28.1</ele>
      </trkpt>
      <trkpt lat="36.42089596018195" lon="140.58818399906158">
        <ele>27.99</ele>
      </trkpt>
      <trkpt lat="36.42107097432017" lon="140.58825398795307">
        <ele>27.9</ele>
      </trkpt>
      <trkpt lat="36.421247916296124" lon="140.58831995353103">
        <ele>27.77</ele>
      </trkpt>
      <trkpt lat="36.42142393626273" lon="140.588385919109">
        <ele>27.67</ele>
      </trkpt>
      <trkpt lat="36.4214719645679" lon="140.5884039402008">
        <ele>27.63</ele>
      </trkpt>
      <trkpt lat="36.421653935685754" lon="140.58848096989095">
        <ele>27.61</ele>
      </trkpt>
      <trkpt lat="36.4218329731375" lon="140.58855196461082">
        <ele>27.57</ele>
      </trkpt>
      <trkpt lat="36.42192391678691" lon="140.58858792297542">
        <ele>27.6</ele>
      </trkpt>
      <trkpt lat="36.422105971723795" lon="140.5886639468372">
        <ele>27.63</ele>
      </trkpt>
      <trkpt lat="36.4221609570086" lon="140.58868498541415">
        <ele>27.68</ele>
      </trkpt>
      <trkpt lat="36.42234695143998" lon="140.58874692767859">
        <ele>27.79</ele>
      </trkpt>
      <trkpt lat="36.422381987795234" lon="140.5887599196285">
        <ele>27.88</ele>
      </trkpt>
      <trkpt lat="36.422559935599566" lon="140.58882999233902">
        <ele>28.0</ele>
      </trkpt>
      <trkpt lat="36.422773925587535" lon="140.588903920725">
        <ele>28.1</ele>
      </trkpt>
      <trkpt lat="36.422818936407566" lon="140.58891892433167">
        <ele>28.21</ele>
      </trkpt>
      <trkpt lat="36.42299495637417" lon="140.58897793293">
        <ele>28.33</ele>
      </trkpt>
      <trkpt lat="36.42317399382591" lon="140.5890239495784">
        <ele>28.5</ele>
      </trkpt>
      <trkpt lat="36.42327298410237" lon="140.58905999176204">
        <ele>28.66</ele>
      </trkpt>
      <trkpt lat="36.42349493689835" lon="140.58912193402648">
        <ele>28.84</ele>
      </trkpt>
      <trkpt lat="36.42357397824526" lon="140.58915294706821">
        <ele>28.98</ele>
      </trkpt>
      <trkpt lat="36.42374899238348" lon="140.58921799063683">
        <ele>29.08</ele>
      </trkpt>
      <trkpt lat="36.42387798987329" lon="140.5892699584365">
        <ele>29.17</ele>
      </trkpt>
      <trkpt lat="36.42400095239282" lon="140.58931496925652">
        <ele>29.27</ele>
      </trkpt>
      <trkpt lat="36.42417596653104" lon="140.58937397785485">
        <ele>29.35</ele>
      </trkpt>
      <trkpt lat="36.42435592599213" lon="140.58943499810994">
        <ele>29.44</ele>
      </trkpt>
      <trkpt lat="36.424574945122004" lon="140.58949995785952">
        <ele>29.53</ele>
      </trkpt>
      <trkpt lat="36.424661949276924" lon="140.58952996507287">
        <ele>29.65</ele>
      </trkpt>
      <trkpt lat="36.424748953431845" lon="140.58955997228622">
        <ele>29.8</ele>
      </trkpt>
      <trkpt lat="36.42492698505521" lon="140.5896219983697">
        <ele>30.0</ele>
      </trkpt>
      <trkpt lat="36.42505992203951" lon="140.58967296034098">
        <ele>30.2</ele>
      </trkpt>
      <trkpt lat="36.42527399584651" lon="140.589754935354">
        <ele>30.43</ele>
      </trkpt>
      <trkpt lat="36.42548597417772" lon="140.5898339767009">
        <ele>30.56</ele>
      </trkpt>
      <trkpt lat="36.42569292336702" lon="140.5899079889059">
        <ele>30.67</ele>
      </trkpt>
      <trkpt lat="36.42573298886418" lon="140.5899219866842">
        <ele>30.79</ele>
      </trkpt>
      <trkpt lat="36.42593499273062" lon="140.58999298140407">
        <ele>30.9</ele>
      </trkpt>
      <trkpt lat="36.42610992304981" lon="140.59005391784012">
        <ele>31.01</ele>
      </trkpt>
      <trkpt lat="36.426194999367" lon="140.590087948367">
        <ele>31.1</ele>
      </trkpt>
      <trkpt lat="36.4264159463346" lon="140.59017394669354">
        <ele>31.16</ele>
      </trkpt>
      <trkpt lat="36.426618956029415" lon="140.5902449414134">
        <ele>31.21</ele>
      </trkpt>
      <trkpt lat="36.42682598903775" lon="140.59031794779003">
        <ele>31.33</ele>
      </trkpt>
      <trkpt lat="36.42694895155728" lon="140.59035994112492">
        <ele>31.46</ele>
      </trkpt>
      <trkpt lat="36.427155984565616" lon="140.59043596498668">
        <ele>31.64</ele>
      </trkpt>
      <trkpt lat="36.42735396511853" lon="140.59051391668618">
        <ele>31.78</ele>
      </trkpt>
      <trkpt lat="36.427390929311514" lon="140.59053093194962">
        <ele>31.86</ele>
      </trkpt>
      <trkpt lat="36.42759092152119" lon="140.59061198495328">
        <ele>31.94</ele>
      </trkpt>
      <trkpt lat="36.427712962031364" lon="140.59065397828817">
        <ele>31.99</ele>
      </trkpt>
      <trkpt lat="36.42775193788111" lon="140.59067292138934">
        <ele>32.01</ele>
      </trkpt>
      <trkpt lat="36.42792292870581" lon="140.5907499510795">
        <ele>32.03</ele>
      </trkpt>
      <trkpt lat="36.42805092036724" lon="140.5908009968698">
        <ele>32.01</ele>
      </trkpt>
      <trkpt lat="36.42809794284403" lon="140.59081398881972">
        <ele>31.99</ele>
      </trkpt>
      <trkpt lat="36.428274968639016" lon="140.59086897410452">
        <ele>31.94</ele>
      </trkpt>
      <trkpt lat="36.42845291644335" lon="140.59092697687447">
        <ele>31.85</ele>
      </trkpt>
      <trkpt lat="36.42854293808341" lon="140.59095497243106">
        <ele>31.76</ele>
      </trkpt>
      <trkpt lat="36.428634971380234" lon="140.5909899249673">
        <ele>31.68</ele>
      </trkpt>
      <trkpt lat="36.428813925012946" lon="140.59105899184942">
        <ele>31.62</ele>
      </trkpt>
      <trkpt lat="36.42890998162329" lon="140.5910879932344">
        <ele>31.55</ele>
      </trkpt>
      <trkpt lat="36.429088935256004" lon="140.59114398434758">
        <ele>31.49</ele>
      </trkpt>
      <trkpt lat="36.4291409868747" lon="140.59116896241903">
        <ele>31.39</ele>
      </trkpt>
      <trkpt lat="36.429177951067686" lon="140.5911839660257">
        <ele>31.28</ele>
      </trkpt>
      <trkpt lat="36.42936495132744" lon="140.5912399571389">
        <ele>31.15</ele>
      </trkpt>
      <trkpt lat="36.429541977122426" lon="140.59130399487913">
        <ele>31.05</ele>
      </trkpt>
      <trkpt lat="36.42972897738218" lon="140.5913699604571">
        <ele>30.93</ele>
      </trkpt>
      <trkpt lat="36.4299129601568" lon="140.59143299236894">
        <ele>30.77</ele>
      </trkpt>
      <trkpt lat="36.42995797097683" lon="140.59144992381334">
        <ele>30.63</ele>
      </trkpt>
      <trkpt lat="36.43013591878116" lon="140.59150499291718">
        <ele>30.47</ele>
      </trkpt>
      <trkpt lat="36.430272962898016" lon="140.59154991991818">
        <ele>30.32</ele>
      </trkpt>
      <trkpt lat="36.43045895732939" lon="140.5915959365666">
        <ele>30.16</ele>
      </trkpt>
      <trkpt lat="36.43064092844725" lon="140.59163591824472">
        <ele>30.0</ele>
      </trkpt>
      <trkpt lat="36.43082298338413" lon="140.59168696403503">
        <ele>29.84</ele>
      </trkpt>
      <trkpt lat="36.430870927870274" lon="140.59169593267143">
        <ele>29.74</ele>
      </trkpt>
      <trkpt lat="36.43097293563187" lon="140.5917209945619">
        <ele>29.68</ele>
      </trkpt>
      <trkpt lat="36.43119094893336" lon="140.59177497401834">
        <ele>29.61</ele>
      </trkpt>
      <trkpt lat="36.43139194697142" lon="140.59182794764638">
        <ele>29.54</ele>
      </trkpt>
      <trkpt lat="36.431605936959386" lon="140.59187698177993">
        <ele>29.49</ele>
      </trkpt>
      <trkpt lat="36.4316519536078" lon="140.59188997372985">
        <ele>29.48</ele>
      </trkpt>
      <trkpt lat="36.43182897940278" lon="140.5919419415295">
        <ele>29.51</ele>
      </trkpt>
      <trkpt lat="36.43201698549092" lon="140.59199198149145">
        <ele>29.56</ele>
      </trkpt>
      <trkpt lat="36.43219694495201" lon="140.59203498065472">
        <ele>29.66</ele>
      </trkpt>
      <trkpt lat="36.4323959313333" lon="140.59208493679762">
        <ele>29.83</ele>
      </trkpt>
      <trkpt lat="36.43247698433697" lon="140.59210295788944">
        <ele>29.98</ele>
      </trkpt>
      <trkpt lat="36.43269399181008" lon="140.592151992023">
        <ele>30.22</ele>
      </trkpt>
      <trkpt lat="36.4328779745847" lon="140.59219398535788">
        <ele>30.43</ele>
      </trkpt>
      <trkpt lat="36.43292399123311" lon="140.59220496565104">
        <ele>30.6</ele>
      </trkpt>
      <trkpt lat="36.43312398344278" lon="140.59224997647107">
        <ele>30.8</ele>
      </trkpt>
      <trkpt lat="36.43330494873226" lon="140.5922949872911">
        <ele>30.99</ele>
      </trkpt>
      <trkpt lat="36.43350192345679" lon="140.592344943434">
        <ele>31.19</ele>
      </trkpt>
      <trkpt lat="36.43367593176663" lon="140.5923919659108">
        <ele>31.35</ele>
      </trkpt>
      <trkpt lat="36.43385496921837" lon="140.5924419220537">
        <ele>31.46</ele>
      </trkpt>
      <trkpt lat="36.43404096364975" lon="140.59248399920762">
        <ele>31.57</ele>
      </trkpt>
      <trkpt lat="36.43423299305141" lon="140.592529932037">
        <ele>31.74</ele>
      </trkpt>
      <trkpt lat="36.43442594446242" lon="140.59258692897856">
        <ele>31.97</ele>
      </trkpt>
      <trkpt lat="36.43447598442435" lon="140.59259899891913">
        <ele>32.17</ele>
      </trkpt>
      <trkpt lat="36.4346669241786" lon="140.59265197254717">
        <ele>32.36</ele>
      </trkpt>
      <trkpt lat="36.43486691638827" lon="140.5926969833672">
        <ele>32.58</ele>
      </trkpt>
      <trkpt lat="36.434914944693446" lon="140.59270695783198">
        <ele>32.77</ele>
      </trkpt>
      <trkpt lat="36.43514192663133" lon="140.5927569977939">
        <ele>33.0</ele>
      </trkpt>
      <trkpt lat="36.43533395603299" lon="140.59281097725034">
        <ele>33.21</ele>
      </trkpt>
      <trkpt lat="36.43539195880294" lon="140.59283293783665">
        <ele>33.36</ele>
      </trkpt>
      <trkpt lat="36.43556898459792" lon="140.59289295226336">
        <ele>33.49</ele>
      </trkpt>
      <trkpt lat="36.435769982635975" lon="140.59298096224666">
        <ele>33.56</ele>
      </trkpt>
      <trkpt lat="36.435810970142484" lon="140.59299496002495">
        <ele>33.59</ele>
      </trkpt>
      <trkpt lat="36.43600392155349" lon="140.5930389650166">
        <ele>33.63</ele>
      </trkpt>
      <trkpt lat="36.43619494512677" lon="140.59308196417987">
        <ele>33.6</ele>
      </trkpt>
      <trkpt lat="36.4362539537251" lon="140.59310099110007">
        <ele>33.51</ele>
      </trkpt>
      <trkpt lat="36.436456963419914" lon="140.5931489355862">
        <ele>33.36</ele>
      </trkpt>
      <trkpt lat="36.43664295785129" lon="140.5932049266994">
        <ele>33.13</ele>
      </trkpt>
      <trkpt lat="36.436702972278" lon="140.59321993030608">
        <ele>32.85</ele>
      </trkpt>
      <trkpt lat="36.436888966709375" lon="140.59325295500457">
        <ele>32.48</ele>
      </trkpt>
      <trkpt lat="36.43709599971771" lon="140.5933119636029">
        <ele>32.06</ele>
      </trkpt>
      <trkpt lat="36.43721493892372" lon="140.59333794750273">
        <ele>31.6</ele>
      </trkpt>
      <trkpt lat="36.437253998592496" lon="140.59334096498787">
        <ele>31.11</ele>
      </trkpt>
      <trkpt lat="36.43743295222521" lon="140.5933619197458">
        <ele>30.61</ele>
      </trkpt>
      <trkpt lat="36.43748592585325" lon="140.59336996637285">
        <ele>30.0</ele>
      </trkpt>
      <trkpt lat="36.43769698217511" lon="140.59343894943595">
        <ele>29.39</ele>
      </trkpt>
      <trkpt lat="36.43779999576509" lon="140.59347297996283">
        <ele>28.68</ele>
      </trkpt>
      <trkpt lat="36.43801499158144" lon="140.59350499883294">
        <ele>27.9</ele>
      </trkpt>
      <trkpt lat="36.438241973519325" lon="140.59353299438953">
        <ele>26.92</ele>
      </trkpt>
      <trkpt lat="36.43845395185053" lon="140.59356794692576">
        <ele>25.81</ele>
      </trkpt>
      <trkpt lat="36.43868596293032" lon="140.5935979541391">
        <ele>24.63</ele>
      </trkpt>
      <trkpt lat="36.438778918236494" lon="140.59361899271607">
        <ele>23.58</ele>
      </trkpt>
      <trkpt lat="36.43896793015301" lon="140.5936539452523">
        <ele>22.45</ele>
      </trkpt>
      <trkpt lat="36.43911796621978" lon="140.5936809349805">
        <ele>21.35</ele>
      </trkpt>
      <trkpt lat="36.43930295482278" lon="140.59372091665864">
        <ele>20.28</ele>
      </trkpt>
      <trkpt lat="36.43947193399072" lon="140.59375494718552">
        <ele>19.24</ele>
      </trkpt>
      <trkpt lat="36.43965097144246" lon="140.593787971884">
        <ele>18.21</ele>
      </trkpt>
      <trkpt lat="36.43984098918736" lon="140.59381496161222">
        <ele>17.2</ele>
      </trkpt>
      <trkpt lat="36.43988993950188" lon="140.59382393024862">
        <ele>16.26</ele>
      </trkpt>
      <trkpt lat="36.44011599943042" lon="140.59386994689703">
        <ele>15.37</ele>
      </trkpt>
      <trkpt lat="36.44029595889151" lon="140.59391495771706">
        <ele>14.5</ele>
      </trkpt>
      <trkpt lat="36.440516989678144" lon="140.59395795688033">
        <ele>13.6</ele>
      </trkpt>
      <trkpt lat="36.44072192721069" lon="140.59399995021522">
        <ele>12.79</ele>
      </trkpt>
      <trkpt lat="36.440866934135556" lon="140.59403196908534">
        <ele>12.03</ele>
      </trkpt>
      <trkpt lat="36.44100598990917" lon="140.59404596686363">
        <ele>11.33</ele>
      </trkpt>
      <trkpt lat="36.44119692966342" lon="140.59408091939986">
        <ele>10.7</ele>
      </trkpt>
      <trkpt lat="36.44136993214488" lon="140.59411997906864">
        <ele>10.11</ele>
      </trkpt>
      <trkpt lat="36.44149297848344" lon="140.59414093382657">
        <ele>9.59</ele>
      </trkpt>
      <trkpt lat="36.44158098846674" lon="140.59415493160486">
        <ele>9.1</ele>
      </trkpt>
      <trkpt lat="36.44177092239261" lon="140.59419692493975">
        <ele>8.66</ele>
      </trkpt>
      <trkpt lat="36.44181693904102" lon="140.59420698322356">
        <ele>8.25</ele>
      </trkpt>
      <trkpt lat="36.442041993141174" lon="140.59424495324492">
        <ele>7.85</ele>
      </trkpt>
      <trkpt lat="36.442085998132825" lon="140.59425693936646">
        <ele>7.5</ele>
      </trkpt>
      <trkpt lat="36.442173924297094" lon="140.59427998960018">
        <ele>7.17</ele>
      </trkpt>
      <trkpt lat="36.44235597923398" lon="140.5943059735">
        <ele>6.86</ele>
      </trkpt>
      <trkpt lat="36.44253493286669" lon="140.59433992020786">
        <ele>6.59</ele>
      </trkpt>
      <trkpt lat="36.44272293895483" lon="140.59437797404826">
        <ele>6.32</ele>
      </trkpt>
      <trkpt lat="36.442943969741464" lon="140.59441099874675">
        <ele>6.05</ele>
      </trkpt>
      <trkpt lat="36.44312895834446" lon="140.59444695711136">
        <ele>5.82</ele>
      </trkpt>
      <trkpt lat="36.44322099164128" lon="140.59446296654642">
        <ele>5.62</ele>
      </trkpt>
      <trkpt lat="36.443440932780504" lon="140.59450294822454">
        <ele>5.43</ele>
      </trkpt>
      <trkpt lat="36.44353397190571" lon="140.59452096931636">
        <ele>5.26</ele>
      </trkpt>
      <trkpt lat="36.44372591748834" lon="140.59455499984324">
        <ele>5.1</ele>
      </trkpt>
      <trkpt lat="36.4438989199698" lon="140.594593975693">
        <ele>4.93</ele>
      </trkpt>
      <trkpt lat="36.44412095658481" lon="140.5946439318359">
        <ele>4.72</ele>
      </trkpt>
      <trkpt lat="36.44428297877312" lon="140.59468693099916">
        <ele>4.52</ele>
      </trkpt>
      <trkpt lat="36.4445049315691" lon="140.59472791850567">
        <ele>4.33</ele>
      </trkpt>
      <trkpt lat="36.44462998956442" lon="140.5947589315474">
        <ele>4.2</ele>
      </trkpt>
      <trkpt lat="36.444816989824176" lon="140.59479296207428">
        <ele>4.09</ele>
      </trkpt>
      <trkpt lat="36.445035925135016" lon="140.59483696706593">
        <ele>4.01</ele>
      </trkpt>
      <trkpt lat="36.445078924298286" lon="140.59484895318747">
        <ele>3.9</ele>
      </trkpt>
      <trkpt lat="36.445288974791765" lon="140.59490092098713">
        <ele>3.8</ele>
      </trkpt>
      <trkpt lat="36.4454669225961" lon="140.59494299814105">
        <ele>3.73</ele>
      </trkpt>
      <trkpt lat="36.445546969771385" lon="140.59495892375708">
        <ele>3.65</ele>
      </trkpt>
      <trkpt lat="36.4457259234041" lon="140.59499295428395">
        <ele>3.54</ele>
      </trkpt>
      <trkpt lat="36.445908984169364" lon="140.5950279906392">
        <ele>3.48</ele>
      </trkpt>
      <trkpt lat="36.446061953902245" lon="140.59505699202418">
        <ele>3.45</ele>
      </trkpt>
      <trkpt lat="36.44628097303212" lon="140.59510099701583">
        <ele>3.43</ele>
      </trkpt>
      <trkpt lat="36.44632698968053" lon="140.595111977309">
        <ele>3.41</ele>
      </trkpt>
      <trkpt lat="36.446427991613746" lon="140.59513796120882">
        <ele>3.4</ele>
      </trkpt>
      <trkpt lat="36.4466049335897" lon="140.5951809603721">
        <ele>3.44</ele>
      </trkpt>
      <trkpt lat="36.44679092802107" lon="140.59522496536374">
        <ele>3.46</ele>
      </trkpt>
      <trkpt lat="36.446835938841105" lon="140.59523393400013">
        <ele>3.52</ele>
      </trkpt>
      <trkpt lat="36.447046995162964" lon="140.5952729936689">
        <ele>3.56</ele>
      </trkpt>
      <trkpt lat="36.447178926318884" lon="140.59530694037676">
        <ele>3.64</ele>
      </trkpt>
      <trkpt lat="36.44736492075026" lon="140.59533996507525">
        <ele>3.8</ele>
      </trkpt>
      <trkpt lat="36.44744999706745" lon="140.59535295702517">
        <ele>4.02</ele>
      </trkpt>
      <trkpt lat="36.44753993488848" lon="140.59537793509662">
        <ele>4.29</ele>
      </trkpt>
      <trkpt lat="36.44777094013989" lon="140.5954249575734">
        <ele>4.57</ele>
      </trkpt>
      <trkpt lat="36.44788493402302" lon="140.59544599615037">
        <ele>4.91</ele>
      </trkpt>
      <trkpt lat="36.44810797646642" lon="140.5954759195447">
        <ele>5.32</ele>
      </trkpt>
      <trkpt lat="36.44822297617793" lon="140.59549293480814">
        <ele>5.84</ele>
      </trkpt>
      <trkpt lat="36.4484419953078" lon="140.59552897699177">
        <ele>6.41</ele>
      </trkpt>
      <trkpt lat="36.44864894449711" lon="140.59557097032666">
        <ele>7.1</ele>
      </trkpt>
      <trkpt lat="36.44874298945069" lon="140.59558597393334">
        <ele>7.82</ele>
      </trkpt>
      <trkpt lat="36.44895094446838" lon="140.595629978925">
        <ele>8.65</ele>
      </trkpt>
      <trkpt lat="36.44914297387004" lon="140.59566996060312">
        <ele>9.48</ele>
      </trkpt>
      <trkpt lat="36.449350928887725" lon="140.59570499695837">
        <ele>10.38</ele>
      </trkpt>
      <trkpt lat="36.44949694164097" lon="140.59574095532298">
        <ele>11.29</ele>
      </trkpt>
      <trkpt lat="36.449694922193885" lon="140.59577699750662">
        <ele>12.23</ele>
      </trkpt>
      <trkpt lat="36.44977496936917" lon="140.59579392895103">
        <ele>13.18</ele>
      </trkpt>
      <trkpt lat="36.44996599294245" lon="140.59582997113466">
        <ele>14.19</ele>
      </trkpt>
      <trkpt lat="36.45014192909002" lon="140.5958609841764">
        <ele>15.21</ele>
      </trkpt>
      <trkpt lat="36.45021099597216" lon="140.59586592949927">
        <ele>16.2</ele>
      </trkpt>
      <trkpt lat="36.450424985960126" lon="140.59589996002614">
        <ele>17.21</ele>
      </trkpt>
      <trkpt lat="36.450467985123396" lon="140.59590691700578">
        <ele>18.18</ele>
      </trkpt>
      <trkpt lat="36.450679963454604" lon="140.59594798833132">
        <ele>19.21</ele>
      </trkpt>
      <trkpt lat="36.45083997398615" lon="140.59597296640277">
        <ele>20.21</ele>
      </trkpt>
      <trkpt lat="36.451044995337725" lon="140.59601395390928">
        <ele>21.37</ele>
      </trkpt>
      <trkpt lat="36.451178938150406" lon="140.5960409436375">
        <ele>22.38</ele>
      </trkpt>
      <trkpt lat="36.4512119628489" lon="140.596044966951">
        <ele>23.24</ele>
      </trkpt>
      <trkpt lat="36.451391922309995" lon="140.59607497416437">
        <ele>24.19</ele>
      </trkpt>
      <trkpt lat="36.45151396282017" lon="140.59608997777104">
        <ele>24.94</ele>
      </trkpt>
      <trkpt lat="36.45155595615506" lon="140.59609492309391">
        <ele>25.6</ele>
      </trkpt>
      <trkpt lat="36.45158898085356" lon="140.59610397554934">
        <ele>26.2</ele>
      </trkpt>
      <trkpt lat="36.45180598832667" lon="140.5961419455707">
        <ele>26.68</ele>
      </trkpt>
      <trkpt lat="36.4518459700048" lon="140.59615099802613">
        <ele>27.13</ele>
      </trkpt>
      <trkpt lat="36.45204998552799" lon="140.59617698192596">
        <ele>27.45</ele>
      </trkpt>
      <trkpt lat="36.45217194221914" lon="140.59620598331094">
        <ele>27.74</ele>
      </trkpt>
      <trkpt lat="36.452377969399095" lon="140.5962499883026">
        <ele>27.96</ele>
      </trkpt>
      <trkpt lat="36.45250394940376" lon="140.59628292918205">
        <ele>28.13</ele>
      </trkpt>
      <trkpt lat="36.452720956876874" lon="140.5963369924575">
        <ele>28.3</ele>
      </trkpt>
      <trkpt lat="36.45285498350859" lon="140.59635895304382">
        <ele>28.43</ele>
      </trkpt>
      <trkpt lat="36.45307098515332" lon="140.59639994055033">
        <ele>28.53</ele>
      </trkpt>
      <trkpt lat="36.453238958492875" lon="140.59644193388522">
        <ele>28.57</ele>
      </trkpt>
      <trkpt lat="36.45345093682408" lon="140.59647998772562">
        <ele>28.57</ele>
      </trkpt>
      <trkpt lat="36.4536349195987" lon="140.59651494026184">
        <ele>28.57</ele>
      </trkpt>
      <trkpt lat="36.45367699675262" lon="140.5965219810605">
        <ele>28.58</ele>
      </trkpt>
      <trkpt lat="36.4538939204067" lon="140.59656196273863">
        <ele>28.67</ele>
      </trkpt>
      <trkpt lat="36.45410195924342" lon="140.59660898521543">
        <ele>28.8</ele>
      </trkpt>
      <trkpt lat="36.45432299003005" lon="140.59664796106517">
        <ele>28.77</ele>
      </trkpt>
      <trkpt lat="36.45454494282603" lon="140.59668492525816">
        <ele>28.52</ele>
      </trkpt>
      <trkpt lat="36.45472993142903" lon="140.59672691859305">
        <ele>28.17</ele>
      </trkpt>
      <trkpt lat="36.454898994416" lon="140.59676396660507">
        <ele>27.92</ele>
      </trkpt>
      <trkpt lat="36.45507995970547" lon="140.59680193662643">
        <ele>27.74</ele>
      </trkpt>
      <trkpt lat="36.455202922225" lon="140.59682699851692">
        <ele>27.63</ele>
      </trkpt>
      <trkpt lat="36.45528598688543" lon="140.59684594161808">
        <ele>27.51</ele>
      </trkpt>
      <trkpt lat="36.45546795800328" lon="140.5968859232962">
        <ele>27.35</ele>
      </trkpt>
      <trkpt lat="36.45563199184835" lon="140.59690696187317">
        <ele>27.21</ele>
      </trkpt>
      <trkpt lat="36.45581094548106" lon="140.59694099240005">
        <ele>27.06</ele>
      </trkpt>
      <trkpt lat="36.4559939224273" lon="140.59697594493628">
        <ele>26.9</ele>
      </trkpt>
      <trkpt lat="36.45608394406736" lon="140.59698692522943">
        <ele>26.79</ele>
      </trkpt>
      <trkpt lat="36.456266921013594" lon="140.5970119871199">
        <ele>26.73</ele>
      </trkpt>
      <trkpt lat="36.45645199343562" lon="140.59704291634262">
        <ele>26.74</ele>
      </trkpt>
      <trkpt lat="36.45649398677051" lon="140.59704693965614">
        <ele>26.75</ele>
      </trkpt>
      <trkpt lat="36.45668299868703" lon="140.59707392938435">
        <ele>26.87</ele>
      </trkpt>
      <trkpt lat="36.45677394233644" lon="140.59708398766816">
        <ele>26.9</ele>
      </trkpt>
      <trkpt lat="36.456995978951454" lon="140.59709999710321">
        <ele>26.95</ele>
      </trkpt>
      <trkpt lat="36.45715892314911" lon="140.5971039365977">
        <ele>26.95</ele>
      </trkpt>
      <trkpt lat="36.4573909342289" lon="140.59712195768952">
        <ele>26.9</ele>
      </trkpt>
      <trkpt lat="36.45760593004525" lon="140.59712497517467">
        <ele>26.9</ele>
      </trkpt>
      <trkpt lat="36.457641972228885" lon="140.59712992049754">
        <ele>26.91</ele>
      </trkpt>
      <trkpt lat="36.457856968045235" lon="140.59712698683143">
        <ele>26.94</ele>
      </trkpt>
      <trkpt lat="36.45795193500817" lon="140.59712497517467">
        <ele>26.96</ele>
      </trkpt>
      <trkpt lat="36.45817195996642" lon="140.59713595546782">
        <ele>26.98</ele>
      </trkpt>
      <trkpt lat="36.45839097909629" lon="140.5971369612962">
        <ele>27.0</ele>
      </trkpt>
      <trkpt lat="36.458607986569405" lon="140.5971319321543">
        <ele>27.04</ele>
      </trkpt>
      <trkpt lat="36.4587239921093" lon="140.59713997878134">
        <ele>26.98</ele>
      </trkpt>
      <trkpt lat="36.458910992369056" lon="140.5971459299326">
        <ele>26.91</ele>
      </trkpt>
      <trkpt lat="36.45912799984217" lon="140.5971459299326">
        <ele>26.8</ele>
      </trkpt>
      <trkpt lat="36.45917493849993" lon="140.59714995324612">
        <ele>26.71</ele>
      </trkpt>
      <trkpt lat="36.45935992710292" lon="140.59714794158936">
        <ele>26.58</ele>
      </trkpt>
      <trkpt lat="36.45954399369657" lon="140.59715397655964">
        <ele>26.46</ele>
      </trkpt>
      <trkpt lat="36.45967894233763" lon="140.59714995324612">
        <ele>26.32</ele>
      </trkpt>
      <trkpt lat="36.45975798368454" lon="140.59711198322475">
        <ele>26.17</ele>
      </trkpt>
      <trkpt lat="36.45978195592761" lon="140.59707895852625">
        <ele>26.01</ele>
      </trkpt>
      <trkpt lat="36.45980198867619" lon="140.59703595936298">
        <ele>25.82</ele>
      </trkpt>
      <trkpt lat="36.459830990061164" lon="140.596932945773">
        <ele>25.61</ele>
      </trkpt>
      <trkpt lat="36.459856973960996" lon="140.59681995771825">
        <ele>25.38</ele>
      </trkpt>
      <trkpt lat="36.4599119592458" lon="140.59660395607352">
        <ele>25.12</ele>
      </trkpt>
      <trkpt lat="36.45997691899538" lon="140.59638393111527">
        <ele>24.9</ele>
      </trkpt>
      <trkpt lat="36.46002394147217" lon="140.59623397886753">
        <ele>24.65</ele>
      </trkpt>
      <trkpt lat="36.460068952292204" lon="140.59606994502246">
        <ele>24.42</ele>
      </trkpt>
      <trkpt lat="36.46010499447584" lon="140.59592393226922">
        <ele>24.19</ele>
      </trkpt>
      <trkpt lat="36.460134917870164" lon="140.59581295587122">
        <ele>23.97</ele>
      </trkpt>
      <trkpt lat="36.46016391925514" lon="140.59570893645287">
        <ele>23.76</ele>
      </trkpt>
      <trkpt lat="36.46023692563176" lon="140.59543694369495">
        <ele>23.53</ele>
      </trkpt>
      <trkpt lat="36.46030096337199" lon="140.59522597119212">
        <ele>23.28</ele>
      </trkpt>
      <trkpt lat="36.46031999029219" lon="140.59517391957343">
        <ele>23.07</ele>
      </trkpt>
      <trkpt lat="36.46033398807049" lon="140.59511893428862">
        <ele>22.88</ele>
      </trkpt>
      <trkpt lat="36.46041193976998" lon="140.59486194513738">
        <ele>22.66</ele>
      </trkpt>
      <trkpt lat="36.46048896946013" lon="140.5946289282292">
        <ele>22.5</ele>
      </trkpt>
      <trkpt lat="36.460519982501864" lon="140.594527926296">
        <ele>22.34</ele>
      </trkpt>
      <trkpt lat="36.46053498610854" lon="140.59447495266795">
        <ele>22.21</ele>
      </trkpt>
      <trkpt lat="36.46060195751488" lon="140.59424696490169">
        <ele>22.15</ele>
      </trkpt>
      <trkpt lat="36.46067697554827" lon="140.5940419435501">
        <ele>22.12</ele>
      </trkpt>
      <trkpt lat="36.46075492724776" lon="140.59383197687566">
        <ele>22.07</ele>
      </trkpt>
      <trkpt lat="36.46081494167447" lon="140.59361496940255">
        <ele>21.98</ele>
      </trkpt>
      <trkpt lat="36.46083296276629" lon="140.59354992583394">
        <ele>21.93</ele>
      </trkpt>
      <trkpt lat="36.46089599467814" lon="140.59333794750273">
        <ele>21.9</ele>
      </trkpt>
      <trkpt lat="36.460950979962945" lon="140.59314298443496">
        <ele>21.9</ele>
      </trkpt>
      <trkpt lat="36.461017951369286" lon="140.59293393976986">
        <ele>21.92</ele>
      </trkpt>
      <trkpt lat="36.46108592860401" lon="140.59273193590343">
        <ele>21.92</ele>
      </trkpt>
      <trkpt lat="36.46113093942404" lon="140.59258399531245">
        <ele>21.91</ele>
      </trkpt>
      <trkpt lat="36.46120092831552" lon="140.59237897396088">
        <ele>21.86</ele>
      </trkpt>
      <trkpt lat="36.46126496605575" lon="140.5921829212457">
        <ele>21.87</ele>
      </trkpt>
      <trkpt lat="36.4613039419055" lon="140.59206792153418">
        <ele>21.86</ele>
      </trkpt>
      <trkpt lat="36.461337972432375" lon="140.59195996262133">
        <ele>21.84</ele>
      </trkpt>
      <trkpt lat="36.461399998515844" lon="140.59173692017794">
        <ele>21.84</ele>
      </trkpt>
      <trkpt lat="36.461441991850734" lon="140.59157892130315">
        <ele>21.82</ele>
      </trkpt>
      <trkpt lat="36.46152195520699" lon="140.5913189984858">
        <ele>21.82</ele>
      </trkpt>
      <trkpt lat="36.4615869987756" lon="140.59110391885042">
        <ele>21.8</ele>
      </trkpt>
      <trkpt lat="36.46165296435356" lon="140.5908509530127">
        <ele>21.76</ele>
      </trkpt>
      <trkpt lat="36.461704932153225" lon="140.5906479433179">
        <ele>21.77</ele>
      </trkpt>
      <trkpt lat="36.46177894435823" lon="140.59044099412858">
        <ele>21.81</ele>
      </trkpt>
      <trkpt lat="36.461829990148544" lon="140.5902919638902">
        <ele>21.84</ele>
      </trkpt>
      <trkpt lat="36.46191297098994" lon="140.59003497473896">
        <ele>21.89</ele>
      </trkpt>
      <trkpt lat="36.46199192851782" lon="140.58982995338738">
        <ele>21.93</ele>
      </trkpt>
      <trkpt lat="36.4620119612664" lon="140.5897789914161">
        <ele>21.97</ele>
      </trkpt>
      <trkpt lat="36.4620809443295" lon="140.5895889736712">
        <ele>21.99</ele>
      </trkpt>
      <trkpt lat="36.46212796680629" lon="140.5894319806248">
        <ele>22.05</ele>
      </trkpt>
      <trkpt lat="36.46218999288976" lon="140.5891669448465">
        <ele>22.12</ele>
      </trkpt>
      <trkpt lat="36.46225595846772" lon="140.58893493376672">
        <ele>22.21</ele>
      </trkpt>
      <trkpt lat="36.4623209182173" lon="140.58874499984086">
        <ele>22.23</ele>
      </trkpt>
      <trkpt lat="36.462389985099435" lon="140.58853696100414">
        <ele>22.24</ele>
      </trkpt>
      <trkpt lat="36.46242493763566" lon="140.588422967121">
        <ele>22.29</ele>
      </trkpt>
      <trkpt lat="36.46250993013382" lon="140.58819397352636">
        <ele>22.35</ele>
      </trkpt>
      <trkpt lat="36.46254597231746" lon="140.58809598907828">
        <ele>22.39</ele>
      </trkpt>
      <trkpt lat="36.462625935673714" lon="140.58782692998648">
        <ele>22.44</ele>
      </trkpt>
      <trkpt lat="36.46268595010042" lon="140.5875769816339">
        <ele>22.53</ele>
      </trkpt>
      <trkpt lat="36.46274395287037" lon="140.5873259436339">
        <ele>22.6</ele>
      </trkpt>
      <trkpt lat="36.46281394176185" lon="140.58707197196782">
        <ele>22.64</ele>
      </trkpt>
      <trkpt lat="36.46283196285367" lon="140.5870209261775">
        <ele>22.71</ele>
      </trkpt>
      <trkpt lat="36.462907986715436" lon="140.5867619253695">
        <ele>22.79</ele>
      </trkpt>
      <trkpt lat="36.462947968393564" lon="140.58662295341492">
        <ele>22.88</ele>
      </trkpt>
      <trkpt lat="36.46300898864865" lon="140.58640292845666">
        <ele>22.98</ele>
      </trkpt>
      <trkpt lat="36.463100938126445" lon="140.58615599758923">
        <ele>23.08</ele>
      </trkpt>
      <trkpt lat="36.46317897364497" lon="140.58590093627572">
        <ele>23.23</ele>
      </trkpt>
      <trkpt lat="36.46324393339455" lon="140.58571494184434">
        <ele>23.38</ele>
      </trkpt>
      <trkpt lat="36.46330897696316" lon="140.58549399487674">
        <ele>23.53</ele>
      </trkpt>
      <trkpt lat="36.463397992774844" lon="140.58530297130346">
        <ele>23.68</ele>
      </trkpt>
      <trkpt lat="36.46346798166633" lon="140.58507992886007">
        <ele>23.8</ele>
      </trkpt>
      <trkpt lat="36.463550962507725" lon="140.5848429724574">
        <ele>23.91</ele>
      </trkpt>
      <trkpt lat="36.463638972491026" lon="140.58458891697228">
        <ele>24.0</ele>
      </trkpt>
      <trkpt lat="36.46368599496782" lon="140.58444893918931">
        <ele>24.11</ele>
      </trkpt>
      <trkpt lat="36.46378297358751" lon="140.58418599888682">
        <ele>24.23</ele>
      </trkpt>
      <trkpt lat="36.463829996064305" lon="140.5840339511633">
        <ele>24.35</ele>
      </trkpt>
      <trkpt lat="36.46390593610704" lon="140.58377696201205">
        <ele>24.5</ele>
      </trkpt>
      <trkpt lat="36.463958993554115" lon="140.58363799005747">
        <ele>24.64</ele>
      </trkpt>
      <trkpt lat="36.46404993720353" lon="140.58339692652225">
        <ele>24.76</ele>
      </trkpt>
      <trkpt lat="36.46414498798549" lon="140.58313599787652">
        <ele>24.88</ele>
      </trkpt>
      <trkpt lat="36.4642359316349" lon="140.58288395404816">
        <ele>24.98</ele>
      </trkpt>
      <trkpt lat="36.464305920526385" lon="140.58268496766686">
        <ele>25.12</ele>
      </trkpt>
      <trkpt lat="36.46439795382321" lon="140.58245396241546">
        <ele>25.3</ele>
      </trkpt>
      <trkpt lat="36.46448495797813" lon="140.5822579935193">
        <ele>25.41</ele>
      </trkpt>
      <trkpt lat="36.46457699127495" lon="140.58201491832733">
        <ele>25.49</ele>
      </trkpt>
      <trkpt lat="36.46463197655976" lon="140.581873934716">
        <ele>25.58</ele>
      </trkpt>
      <trkpt lat="36.46472996100783" lon="140.58162096887827">
        <ele>25.72</ele>
      </trkpt>
      <trkpt lat="36.46478293463588" lon="140.5814759619534">
        <ele>25.85</ele>
      </trkpt>
      <trkpt lat="36.46481595933437" lon="140.5813879519701">
        <ele>25.94</ele>
      </trkpt>
      <trkpt lat="36.464888965711" lon="140.58118795976043">
        <ele>26.03</ele>
      </trkpt>
      <trkpt lat="36.46497496403754" lon="140.5809529311955">
        <ele>26.12</ele>
      </trkpt>
      <trkpt lat="36.465051993727684" lon="140.5807459820062">
        <ele>26.22</ele>
      </trkpt>
      <trkpt lat="36.46508493460715" lon="140.58064498007298">
        <ele>26.33</ele>
      </trkpt>
      <trkpt lat="36.46517495624721" lon="140.58038597926497">
        <ele>26.45</ele>
      </trkpt>
      <trkpt lat="36.46521996706724" lon="140.5802419781685">
        <ele>26.6</ele>
      </trkpt>
      <trkpt lat="36.4653049595654" lon="140.57998792268336">
        <ele>26.71</ele>
      </trkpt>
      <trkpt lat="36.465336978435516" lon="140.5798889324069">
        <ele>26.83</ele>
      </trkpt>
      <trkpt lat="36.465354999527335" lon="140.57983595877886">
        <ele>26.95</ele>
      </trkpt>
      <trkpt lat="36.46541694179177" lon="140.57962297461927">
        <ele>27.03</ele>
      </trkpt>
      <trkpt lat="36.4654709212482" lon="140.57947495020926">
        <ele>27.12</ele>
      </trkpt>
      <trkpt lat="36.46556697785854" lon="140.5792419333011">
        <ele>27.28</ele>
      </trkpt>
      <trkpt lat="36.465636966750026" lon="140.57904495857656">
        <ele>27.42</ele>
      </trkpt>
      <trkpt lat="36.46567292511463" lon="140.57894697412848">
        <ele>27.61</ele>
      </trkpt>
      <trkpt lat="36.465746937319636" lon="140.57876592501998">
        <ele>27.84</ele>
      </trkpt>
      <trkpt lat="36.46575791761279" lon="140.57872099801898">
        <ele>28.01</ele>
      </trkpt>
      <trkpt lat="36.46584693342447" lon="140.5784919206053">
        <ele>28.2</ele>
      </trkpt>
      <trkpt lat="36.46586495451629" lon="140.57844598777592">
        <ele>28.36</ele>
      </trkpt>
      <trkpt lat="36.46588196977973" lon="140.57839795947075">
        <ele>28.53</ele>
      </trkpt>
      <trkpt lat="36.465981965884566" lon="140.5781599972397">
        <ele>28.7</ele>
      </trkpt>
      <trkpt lat="36.46606997586787" lon="140.57791298255324">
        <ele>28.87</ele>
      </trkpt>
      <trkpt lat="36.46615698002279" lon="140.57770796120167">
        <ele>29.06</ele>
      </trkpt>
      <trkpt lat="36.46624691784382" lon="140.57747293263674">
        <ele>29.26</ele>
      </trkpt>
      <trkpt lat="36.466279942542315" lon="140.5773639678955">
        <ele>29.43</ele>
      </trkpt>
      <trkpt lat="36.46633995696902" lon="140.57717294432223">
        <ele>29.59</ele>
      </trkpt>
      <trkpt lat="36.466428972780704" lon="140.57694093324244">
        <ele>29.66</ele>
      </trkpt>
      <trkpt lat="36.4664379414171" lon="140.5768969282508">
        <ele>29.78</ele>
      </trkpt>
      <trkpt lat="36.466452945023775" lon="140.57683993130922">
        <ele>29.89</ele>
      </trkpt>
      <trkpt lat="36.4665119536221" lon="140.57661194354296">
        <ele>29.99</ele>
      </trkpt>
      <trkpt lat="36.466563921421766" lon="140.5764519330114">
        <ele>30.15</ele>
      </trkpt>
      <trkpt lat="36.466580936685205" lon="140.57640097104013">
        <ele>30.27</ele>
      </trkpt>
      <trkpt lat="36.46659895777702" lon="140.57635394856334">
        <ele>30.38</ele>
      </trkpt>
      <trkpt lat="36.46667992696166" lon="140.57612294331193">
        <ele>30.51</ele>
      </trkpt>
      <trkpt lat="36.46669794805348" lon="140.57607692666352">
        <ele>30.58</ele>
      </trkpt>
      <trkpt lat="36.46670792251825" lon="140.576027976349">
        <ele>30.64</ele>
      </trkpt>
      <trkpt lat="36.466755950823426" lon="140.57582798413932">
        <ele>30.7</ele>
      </trkpt>
      <trkpt lat="36.46683398634195" lon="140.575583986938">
        <ele>30.78</ele>
      </trkpt>
      <trkpt lat="36.466904981061816" lon="140.57540696114302">
        <ele>30.83</ele>
      </trkpt>
      <trkpt lat="36.46697899326682" lon="140.57521392591298">
        <ele>30.88</ele>
      </trkpt>
      <trkpt lat="36.467010928317904" lon="140.57512692175806">
        <ele>30.89</ele>
      </trkpt>
      <trkpt lat="36.46702299825847" lon="140.5750929750502">
        <ele>30.92</ele>
      </trkpt>
      <trkpt lat="36.46703992970288" lon="140.57504796423018">
        <ele>30.94</ele>
      </trkpt>
      <trkpt lat="36.46710497327149" lon="140.57484495453537">
        <ele>30.94</ele>
      </trkpt>
      <trkpt lat="36.46719097159803" lon="140.57465191930532">
        <ele>30.96</ele>
      </trkpt>
      <trkpt lat="36.467227935791016" lon="140.5745609756559">
        <ele>31.02</ele>
      </trkpt>
      <trkpt lat="36.46726297214627" lon="140.57445595040917">
        <ele>31.09</ele>
      </trkpt>
      <trkpt lat="36.46734494715929" lon="140.57427196763456">
        <ele>31.08</ele>
      </trkpt>
      <trkpt lat="36.46742993965745" lon="140.5740659404546">
        <ele>31.14</ele>
      </trkpt>
      <trkpt lat="36.467523984611034" lon="140.5738719832152">
        <ele>31.21</ele>
      </trkpt>
      <trkpt lat="36.467611994594336" lon="140.57363091968">
        <ele>31.36</ele>
      </trkpt>
      <trkpt lat="36.467674942687154" lon="140.57343595661223">
        <ele>31.53</ele>
      </trkpt>
      <trkpt lat="36.46770696155727" lon="140.57334199547768">
        <ele>31.68</ele>
      </trkpt>
      <trkpt lat="36.46777393296361" lon="140.57312892749906">
        <ele>31.9</ele>
      </trkpt>
      <trkpt lat="36.467784997075796" lon="140.57307997718453">
        <ele>32.08</ele>
      </trkpt>
      <trkpt lat="36.46785892546177" lon="140.57283899746835">
        <ele>32.29</ele>
      </trkpt>
      <trkpt lat="36.467954982072115" lon="140.5725909769535">
        <ele>32.42</ele>
      </trkpt>
      <trkpt lat="36.46804894320667" lon="140.57235896587372">
        <ele>32.58</ele>
      </trkpt>
      <trkpt lat="36.46811993792653" lon="140.57217095978558">
        <ele>32.75</ele>
      </trkpt>
      <trkpt lat="36.468190932646394" lon="140.57192696258426">
        <ele>32.99</ele>
      </trkpt>
      <trkpt lat="36.46823292598128" lon="140.57181699201465">
        <ele>33.23</ele>
      </trkpt>
      <trkpt lat="36.46832697093487" lon="140.57157198898494">
        <ele>33.52</ele>
      </trkpt>
      <trkpt lat="36.46837692707777" lon="140.57143293321133">
        <ele>33.77</ele>
      </trkpt>
      <trkpt lat="36.46839595399797" lon="140.571373924613">
        <ele>33.97</ele>
      </trkpt>
      <trkpt lat="36.468488993123174" lon="140.57113495655358">
        <ele>34.18</ele>
      </trkpt>
      <trkpt lat="36.468578930944204" lon="140.5709169432521">
        <ele>34.37</ele>
      </trkpt>
      <trkpt lat="36.46864598616958" lon="140.5707639735192">
        <ele>34.49</ele>
      </trkpt>
      <trkpt lat="36.4687329903245" lon="140.57051595300436">
        <ele>34.58</ele>
      </trkpt>
      <trkpt lat="36.468791998922825" lon="140.57038092054427">
        <ele>34.71</ele>
      </trkpt>
      <trkpt lat="36.46881194785237" lon="140.5703339818865">
        <ele>34.82</ele>
      </trkpt>
      <trkpt lat="36.46889492869377" lon="140.57008596137166">
        <ele>34.93</ele>
      </trkpt>
      <trkpt lat="36.46895997226238" lon="140.5698299780488">
        <ele>35.02</ele>
      </trkpt>
      <trkpt lat="36.46897698752582" lon="140.5697839614004">
        <ele>35.08</ele>
      </trkpt>
      <trkpt lat="36.469006994739175" lon="140.56969393976033">
        <ele>35.13</ele>
      </trkpt>
      <trkpt lat="36.46903297863901" lon="140.56961397640407">
        <ele>35.15</ele>
      </trkpt>
      <trkpt lat="36.469114953652024" lon="140.56937794201076">
        <ele>35.16</ele>
      </trkpt>
      <trkpt lat="36.46919298917055" lon="140.56916495785117">
        <ele>35.13</ele>
      </trkpt>
      <trkpt lat="36.46927194669843" lon="140.56895499117672">
        <ele>35.02</ele>
      </trkpt>
      <trkpt lat="36.46934294141829" lon="140.56876497343183">
        <ele>34.93</ele>
      </trkpt>
      <trkpt lat="36.46942592225969" lon="140.56856095790863">
        <ele>34.84</ele>
      </trkpt>
      <trkpt lat="36.469435980543494" lon="140.5685209762305">
        <ele>34.74</ele>
      </trkpt>
      <trkpt lat="36.46951795555651" lon="140.5682989396155">
        <ele>34.64</ele>
      </trkpt>
      <trkpt lat="36.46958392113447" lon="140.56808696128428">
        <ele>34.55</ele>
      </trkpt>
      <trkpt lat="36.46963697858155" lon="140.5679479893297">
        <ele>34.42</ele>
      </trkpt>
      <trkpt lat="36.469715936109424" lon="140.56774598546326">
        <ele>34.25</ele>
      </trkpt>
      <trkpt lat="36.46972993388772" lon="140.56769091635942">
        <ele>34.07</ele>
      </trkpt>
      <trkpt lat="36.46975097246468" lon="140.56759293191135">
        <ele>33.88</ele>
      </trkpt>
      <trkpt lat="36.46972792223096" lon="140.5675079394132">
        <ele>33.68</ele>
      </trkpt>
      <trkpt lat="36.46970193833113" lon="140.56746795773506">
        <ele>33.49</ele>
      </trkpt>
      <trkpt lat="36.46966396830976" lon="140.56742294691503">
        <ele>33.3</ele>
      </trkpt>
      <trkpt lat="36.469503957778215" lon="140.5672259721905">
        <ele>33.08</ele>
      </trkpt>
      <trkpt lat="36.46946992725134" lon="140.56717593222857">
        <ele>32.89</ele>
      </trkpt>
      <trkpt lat="36.46933992393315" lon="140.5670139938593">
        <ele>32.69</ele>
      </trkpt>
      <trkpt lat="36.46924193948507" lon="140.56690393947065">
        <ele>32.51</ele>
      </trkpt>
      <trkpt lat="36.46914294920862" lon="140.56677997112274">
        <ele>32.32</ele>
      </trkpt>
      <trkpt lat="36.469006994739175" lon="140.56661291979253">
        <ele>32.12</ele>
      </trkpt>
      <trkpt lat="36.46887497976422" lon="140.56643597781658">
        <ele>31.93</ele>
      </trkpt>
      <trkpt lat="36.46880499087274" lon="140.5663389991969">
        <ele>31.84</ele>
      </trkpt>
      <trkpt lat="36.46865093149245" lon="140.5661289487034">
        <ele>31.8</ele>
      </trkpt>
      <trkpt lat="36.46851799450815" lon="140.56595192290843">
        <ele>31.75</ele>
      </trkpt>
      <trkpt lat="36.468493938446045" lon="140.56591495871544">
        <ele>31.68</ele>
      </trkpt>
      <trkpt lat="36.46835396066308" lon="140.5657359212637">
        <ele>31.63</ele>
      </trkpt>
      <trkpt lat="36.46821993403137" lon="140.5655749887228">
        <ele>31.6</ele>
      </trkpt>
      <trkpt lat="36.468062940984964" lon="140.56538597680628">
        <ele>31.6</ele>
      </trkpt>
      <trkpt lat="36.46793796680868" lon="140.56522496044636">
        <ele>31.56</ele>
      </trkpt>
      <trkpt lat="36.46790695376694" lon="140.5651859845966">
        <ele>31.54</ele>
      </trkpt>
      <trkpt lat="36.46775398403406" lon="140.5649829749018">
        <ele>31.5</ele>
      </trkpt>
      <trkpt lat="36.467656921595335" lon="140.56486294604838">
        <ele>31.48</ele>
      </trkpt>
      <trkpt lat="36.467526918277144" lon="140.56469899602234">
        <ele>31.49</ele>
      </trkpt>
      <trkpt lat="36.467393981292844" lon="140.56453596800566">
        <ele>31.54</ele>
      </trkpt>
      <trkpt lat="36.46726196631789" lon="140.56437796913087">
        <ele>31.6</ele>
      </trkpt>
      <trkpt lat="36.467138919979334" lon="140.5642239935696">
        <ele>31.66</ele>
      </trkpt>
      <trkpt lat="36.46698393858969" lon="140.56402794085443">
        <ele>31.71</ele>
      </trkpt>
      <trkpt lat="36.46686499938369" lon="140.56388192810118">
        <ele>31.75</ele>
      </trkpt>
      <trkpt lat="36.46671496331692" lon="140.56368595920503">
        <ele>31.76</ele>
      </trkpt>
      <trkpt lat="36.46655595861375" lon="140.56349996477365">
        <ele>31.83</ele>
      </trkpt>
      <trkpt lat="36.46640399470925" lon="140.56329494342208">
        <ele>31.92</ele>
      </trkpt>
      <trkpt lat="36.466281954199076" lon="140.56313199922442">
        <ele>32.0</ele>
      </trkpt>
      <trkpt lat="36.46615496836603" lon="140.56296293623745">
        <ele>32.07</ele>
      </trkpt>
      <trkpt lat="36.46600593812764" lon="140.56276093237102">
        <ele>32.14</ele>
      </trkpt>
      <trkpt lat="36.46597199141979" lon="140.5627209506929">
        <ele>32.22</ele>
      </trkpt>
      <trkpt lat="36.465873923152685" lon="140.56260896846652">
        <ele>32.3</ele>
      </trkpt>
      <trkpt lat="36.465742997825146" lon="140.56245398707688">
        <ele>32.41</ele>
      </trkpt>
      <trkpt lat="36.4656849950552" lon="140.56236899457872">
        <ele>32.51</ele>
      </trkpt>
      <trkpt lat="36.465525990352035" lon="140.56217093020678">
        <ele>32.63</ele>
      </trkpt>
      <trkpt lat="36.46543697454035" lon="140.5620459560305">
        <ele>32.71</ele>
      </trkpt>
      <trkpt lat="36.465402944013476" lon="140.56201091967523">
        <ele>32.78</ele>
      </trkpt>
      <trkpt lat="36.46528693847358" lon="140.56185099296272">
        <ele>32.86</ele>
      </trkpt>
      <trkpt lat="36.465147966519" lon="140.56165292859077">
        <ele>32.89</ele>
      </trkpt>
      <trkpt lat="36.4650269318372" lon="140.56150398217142">
        <ele>32.94</ele>
      </trkpt>
      <trkpt lat="36.46487697958946" lon="140.56131295859814">
        <ele>32.94</ele>
      </trkpt>
      <trkpt lat="36.464775977656245" lon="140.56119594722986">
        <ele>32.94</ele>
      </trkpt>
      <trkpt lat="36.464710934087634" lon="140.5611109547317">
        <ele>32.94</ele>
      </trkpt>
      <trkpt lat="36.46457397378981" lon="140.56094096973538">
        <ele>32.94</ele>
      </trkpt>
      <trkpt lat="36.46444598212838" lon="140.56078095920384">
        <ele>32.94</ele>
      </trkpt>
      <trkpt lat="36.464412957429886" lon="140.5607409775257">
        <ele>32.96</ele>
      </trkpt>
      <trkpt lat="36.46425093524158" lon="140.5605459306389">
        <ele>32.97</ele>
      </trkpt>
      <trkpt lat="36.46418396383524" lon="140.56046999059618">
        <ele>33.02</ele>
      </trkpt>
      <trkpt lat="36.46412696689367" lon="140.56039195507765">
        <ele>33.07</ele>
      </trkpt>
      <trkpt lat="36.464000986889005" lon="140.5602189525962">
        <ele>33.15</ele>
      </trkpt>
      <trkpt lat="36.46388296969235" lon="140.5600659828633">
        <ele>33.22</ele>
      </trkpt>
      <trkpt lat="36.4637319277972" lon="140.55987495929003">
        <ele>33.28</ele>
      </trkpt>
      <trkpt lat="36.46362799219787" lon="140.5597419384867">
        <ele>33.34</ele>
      </trkpt>
      <trkpt lat="36.46349798887968" lon="140.5595839396119">
        <ele>33.39</ele>
      </trkpt>
      <trkpt lat="36.46340696141124" lon="140.55946491658688">
        <ele>33.45</ele>
      </trkpt>
      <trkpt lat="36.463356921449304" lon="140.55938294157386">
        <ele>33.51</ele>
      </trkpt>
      <trkpt lat="36.46330897696316" lon="140.55930993519723">
        <ele>33.58</ele>
      </trkpt>
      <trkpt lat="36.46319196559489" lon="140.55914497934282">
        <ele>33.7</ele>
      </trkpt>
      <trkpt lat="36.46315894089639" lon="140.55910692550242">
        <ele>33.77</ele>
      </trkpt>
      <trkpt lat="36.463125916197896" lon="140.55906794965267">
        <ele>33.84</ele>
      </trkpt>
      <trkpt lat="36.46300395950675" lon="140.55890198796988">
        <ele>33.9</ele>
      </trkpt>
      <trkpt lat="36.46286892704666" lon="140.5587159935385">
        <ele>33.9</ele>
      </trkpt>
      <trkpt lat="36.462799943983555" lon="140.5586369521916">
        <ele>33.93</ele>
      </trkpt>
      <trkpt lat="36.46276691928506" lon="140.55859697051346">
        <ele>33.97</ele>
      </trkpt>
      <trkpt lat="36.462606992572546" lon="140.5584099702537">
        <ele>33.99</ele>
      </trkpt>
      <trkpt lat="36.46257899701595" lon="140.55836998857558">
        <ele>34.03</ele>
      </trkpt>
      <trkpt lat="36.46255594678223" lon="140.5583269894123">
        <ele>34.07</ele>
      </trkpt>
      <trkpt lat="36.462410939857364" lon="140.5581189505756">
        <ele>34.19</ele>
      </trkpt>
      <trkpt lat="36.462302980944514" lon="140.5580079741776">
        <ele>34.28</ele>
      </trkpt>
      <trkpt lat="36.46216291934252" lon="140.55784394033253">
        <ele>34.36</ele>
      </trkpt>
      <trkpt lat="36.462026964873075" lon="140.55766498669982">
        <ele>34.33</ele>
      </trkpt>
      <trkpt lat="36.46197692491114" lon="140.5575869511813">
        <ele>34.32</ele>
      </trkpt>
      <trkpt lat="36.46184197627008" lon="140.55739995092154">
        <ele>34.25</ele>
      </trkpt>
      <trkpt lat="36.4617199357599" lon="140.55723994039">
        <ele>34.19</ele>
      </trkpt>
      <trkpt lat="36.46158599294722" lon="140.55705796927214">
        <ele>34.17</ele>
      </trkpt>
      <trkpt lat="36.46146194078028" lon="140.55688597261906">
        <ele>34.17</ele>
      </trkpt>
      <trkpt lat="36.461398992687464" lon="140.55680299177766">
        <ele>34.16</ele>
      </trkpt>
      <trkpt lat="36.46136395633221" lon="140.55676594376564">
        <ele>34.13</ele>
      </trkpt>
      <trkpt lat="36.46122892387211" lon="140.55660492740571">
        <ele>34.11</ele>
      </trkpt>
      <trkpt lat="36.46120394580066" lon="140.5565689690411">
        <ele>34.08</ele>
      </trkpt>
      <trkpt lat="36.461166981607676" lon="140.55651599541306">
        <ele>34.05</ele>
      </trkpt>
      <trkpt lat="36.46100898273289" lon="140.55633896961808">
        <ele>34.02</ele>
      </trkpt>
      <trkpt lat="36.46093396469951" lon="140.55625297129154">
        <ele>33.96</ele>
      </trkpt>
      <trkpt lat="36.46079197525978" lon="140.5561119876802">
        <ele>33.9</ele>
      </trkpt>
      <trkpt lat="36.46070094779134" lon="140.55601593106985">
        <ele>33.82</ele>
      </trkpt>
      <trkpt lat="36.46055996417999" lon="140.55586799047887">
        <ele>33.73</ele>
      </trkpt>
      <trkpt lat="36.4604109339416" lon="140.55568291805685">
        <ele>33.6</ele>
      </trkpt>
      <trkpt lat="36.46026995033026" lon="140.55553598329425">
        <ele>33.49</ele>
      </trkpt>
      <trkpt lat="36.460158973932266" lon="140.55540799163282">
        <ele>33.42</ele>
      </trkpt>
      <trkpt lat="36.46002092398703" lon="140.55523993447423">
        <ele>33.36</ele>
      </trkpt>
      <trkpt lat="36.45988798700273" lon="140.55509098805487">
        <ele>33.3</ele>
      </trkpt>
      <trkpt lat="36.459768963977695" lon="140.55496995337307">
        <ele>33.23</ele>
      </trkpt>
      <trkpt lat="36.459684977307916" lon="140.5548859667033">
        <ele>33.15</ele>
      </trkpt>
      <trkpt lat="36.45953795872629" lon="140.55473492480814">
        <ele>33.07</ele>
      </trkpt>
      <trkpt lat="36.45937694236636" lon="140.55457793176174">
        <ele>33.02</ele>
      </trkpt>
      <trkpt lat="36.45930393598974" lon="140.5545029975474">
        <ele>32.98</ele>
      </trkpt>
      <trkpt lat="36.45915792323649" lon="140.55435597896576">
        <ele>32.99</ele>
      </trkpt>
      <trkpt lat="36.45901098847389" lon="140.55420292541385">
        <ele>33.0</ele>
      </trkpt>
      <trkpt lat="36.4588809851557" lon="140.55404392071068">
        <ele>33.01</ele>
      </trkpt>
      <trkpt lat="36.45880898460746" lon="140.55395498871803">
        <ele>32.97</ele>
      </trkpt>
      <trkpt lat="36.458674957975745" lon="140.5538029409945">
        <ele>32.93</ele>
      </trkpt>
      <trkpt lat="36.45864193327725" lon="140.5537609476596">
        <ele>32.87</ele>
      </trkpt>
      <trkpt lat="36.45851092413068" lon="140.55360194295645">
        <ele>32.76</ele>
      </trkpt>
      <trkpt lat="36.458397936075926" lon="140.5534199718386">
        <ele>32.6</ele>
      </trkpt>
      <trkpt lat="36.45827698521316" lon="140.55324495770037">
        <ele>32.46</ele>
      </trkpt>
      <trkpt lat="36.45825494080782" lon="140.5532109271735">
        <ele>32.4</ele>
      </trkpt>
      <trkpt lat="36.45812292583287" lon="140.55300096049905">
        <ele>32.3</ele>
      </trkpt>
      <trkpt lat="36.45803399384022" lon="140.55286098271608">
        <ele>32.21</ele>
      </trkpt>
      <trkpt lat="36.45788496360183" lon="140.55264598689973">
        <ele>32.12</ele>
      </trkpt>
      <trkpt lat="36.45774096250534" lon="140.55243593640625">
        <ele>32.07</ele>
      </trkpt>
      <trkpt lat="36.45761598832905" lon="140.55226595140994">
        <ele>32.11</ele>
      </trkpt>
      <trkpt lat="36.457493947818875" lon="140.55206294171512">
        <ele>32.16</ele>
      </trkpt>
      <trkpt lat="36.45746293477714" lon="140.55201197974384">
        <ele>32.18</ele>
      </trkpt>
      <trkpt lat="36.457321951165795" lon="140.55180394090712">
        <ele>32.23</ele>
      </trkpt>
      <trkpt lat="36.45722799003124" lon="140.55168198421597">
        <ele>32.26</ele>
      </trkpt>
      <trkpt lat="36.45711692981422" lon="140.55150194093585">
        <ele>32.31</ele>
      </trkpt>
      <trkpt lat="36.45702296867967" lon="140.55135995149612">
        <ele>32.35</ele>
      </trkpt>
      <trkpt lat="36.456892965361476" lon="140.5511629767716">
        <ele>32.38</ele>
      </trkpt>
      <trkpt lat="36.4567709248513" lon="140.55097497068346">
        <ele>32.43</ele>
      </trkpt>
      <trkpt lat="36.4566879440099" lon="140.55084697902203">
        <ele>32.47</ele>
      </trkpt>
      <trkpt lat="36.45655894652009" lon="140.5506439693272">
        <ele>32.48</ele>
      </trkpt>
      <trkpt lat="36.45647596567869" lon="140.5505239404738">
        <ele>32.49</ele>
      </trkpt>
      <trkpt lat="36.45634897984564" lon="140.5503479205072">
        <ele>32.48</ele>
      </trkpt>
      <trkpt lat="36.456244960427284" lon="140.55018397048116">
        <ele>32.45</ele>
      </trkpt>
      <trkpt lat="36.45613197237253" lon="140.5500059388578">
        <ele>32.4</ele>
      </trkpt>
      <trkpt lat="36.45606491714716" lon="140.54991197772324">
        <ele>32.37</ele>
      </trkpt>
      <trkpt lat="36.45600196905434" lon="140.54982497356832">
        <ele>32.34</ele>
      </trkpt>
      <trkpt lat="36.45597296766937" lon="140.5497799627483">
        <ele>32.3</ele>
      </trkpt>
      <trkpt lat="36.45582494325936" lon="140.54955499246716">
        <ele>32.25</ele>
      </trkpt>
      <trkpt lat="36.455795941874385" lon="140.5495119933039">
        <ele>32.19</ele>
      </trkpt>
      <trkpt lat="36.45566292107105" lon="140.5493119172752">
        <ele>32.1</ele>
      </trkpt>
      <trkpt lat="36.45552495494485" lon="140.54913095198572">
        <ele>32.01</ele>
      </trkpt>
      <trkpt lat="36.45550793968141" lon="140.54910094477236">
        <ele>31.95</ele>
      </trkpt>
      <trkpt lat="36.45538296550512" lon="140.548914950341">
        <ele>31.89</ele>
      </trkpt>
      <trkpt lat="36.45526293665171" lon="140.548729961738">
        <ele>31.83</ele>
      </trkpt>
      <trkpt lat="36.45514198578894" lon="140.54854698479176">
        <ele>31.71</ele>
      </trkpt>
      <trkpt lat="36.45502799190581" lon="140.54836593568325">
        <ele>31.62</ele>
      </trkpt>
      <trkpt lat="36.454890947788954" lon="140.54816292598844">
        <ele>31.6</ele>
      </trkpt>
      <trkpt lat="36.45476999692619" lon="140.5479799490422">
        <ele>31.57</ele>
      </trkpt>
      <trkpt lat="36.45464493893087" lon="140.54779797792435">
        <ele>31.5</ele>
      </trkpt>
      <trkpt lat="36.454487945884466" lon="140.547582982108">
        <ele>31.35</ele>
      </trkpt>
      <trkpt lat="36.45445592701435" lon="140.54753797128797">
        <ele>31.29</ele>
      </trkpt>
      <trkpt lat="36.45430195145309" lon="140.54733093827963">
        <ele>31.19</ele>
      </trkpt>
      <trkpt lat="36.45421192981303" lon="140.54719892330468">
        <ele>31.15</ele>
      </trkpt>
      <trkpt lat="36.45406499505043" lon="140.54698392748833">
        <ele>31.17</ele>
      </trkpt>
      <trkpt lat="36.45393993705511" lon="140.54680799134076">
        <ele>31.21</ele>
      </trkpt>
      <trkpt lat="36.45382896065712" lon="140.54663599468768">
        <ele>31.24</ele>
      </trkpt>
      <trkpt lat="36.453686971217394" lon="140.54643298499286">
        <ele>31.24</ele>
      </trkpt>
      <trkpt lat="36.453624945133924" lon="140.54634095169604">
        <ele>31.27</ele>
      </trkpt>
      <trkpt lat="36.45355495624244" lon="140.5462409555912">
        <ele>31.33</ele>
      </trkpt>
      <trkpt lat="36.45342797040939" lon="140.54605797864497">
        <ele>31.42</ele>
      </trkpt>
      <trkpt lat="36.45328598096967" lon="140.5458799470216">
        <ele>31.53</ele>
      </trkpt>
      <trkpt lat="36.453215992078185" lon="140.54578598588705">
        <ele>31.55</ele>
      </trkpt>
      <trkpt lat="36.453085988759995" lon="140.54559093900025">
        <ele>31.48</ele>
      </trkpt>
      <trkpt lat="36.452961936593056" lon="140.54540595039725">
        <ele>31.51</ele>
      </trkpt>
      <trkpt lat="36.45292798988521" lon="140.54535498842597">
        <ele>31.57</ele>
      </trkpt>
      <trkpt lat="36.452786922454834" lon="140.54516698233783">
        <ele>31.62</ele>
      </trkpt>
      <trkpt lat="36.452680975198746" lon="140.54502792656422">
        <ele>31.74</ele>
      </trkpt>
      <trkpt lat="36.45264996215701" lon="140.54497696459293">
        <ele>31.82</ele>
      </trkpt>
      <trkpt lat="36.452612997964025" lon="140.54491695016623">
        <ele>31.88</ele>
      </trkpt>
      <trkpt lat="36.45249196328223" lon="140.5447279382497">
        <ele>31.99</ele>
      </trkpt>
      <trkpt lat="36.45235299132764" lon="140.54450095631182">
        <ele>32.13</ele>
      </trkpt>
      <trkpt lat="36.45222198218107" lon="140.54429593496025">
        <ele>32.2</ele>
      </trkpt>
      <trkpt lat="36.45215392112732" lon="140.54419895634055">
        <ele>32.21</ele>
      </trkpt>
      <trkpt lat="36.452013943344355" lon="140.54398798383772">
        <ele>32.08</ele>
      </trkpt>
      <trkpt lat="36.451884945854545" lon="140.54375899024308">
        <ele>32.05</ele>
      </trkpt>
      <trkpt lat="36.45185996778309" lon="140.54371196776628">
        <ele>32.05</ele>
      </trkpt>
      <trkpt lat="36.451736921444535" lon="140.5434569902718">
        <ele>32.12</ele>
      </trkpt>
      <trkpt lat="36.45164094865322" lon="140.54319396615028">
        <ele>32.2</ele>
      </trkpt>
      <trkpt lat="36.4515589736402" lon="140.54297796450555">
        <ele>32.24</ele>
      </trkpt>
      <trkpt lat="36.45147196948528" lon="140.542735978961">
        <ele>32.19</ele>
      </trkpt>
      <trkpt lat="36.45145093090832" lon="140.54267395287752">
        <ele>32.1</ele>
      </trkpt>
      <trkpt lat="36.451435927301645" lon="140.54260798729956">
        <ele>32.01</ele>
      </trkpt>
      <trkpt lat="36.451369961723685" lon="140.54234898649156">
        <ele>31.8</ele>
      </trkpt>
      <trkpt lat="36.45135797560215" lon="140.54228796623647">
        <ele>31.73</ele>
      </trkpt>
      <trkpt lat="36.4513089414686" lon="140.54203692823648">
        <ele>31.51</ele>
      </trkpt>
      <trkpt lat="36.45126895979047" lon="140.54178094491363">
        <ele>31.32</ele>
      </trkpt>
      <trkpt lat="36.451238952577114" lon="140.54152093827724">
        <ele>31.33</ele>
      </trkpt>
      <trkpt lat="36.45120793953538" lon="140.54127392359078">
        <ele>31.47</ele>
      </trkpt>
      <trkpt lat="36.45120391622186" lon="140.54121298715472">
        <ele>31.62</ele>
      </trkpt>
      <trkpt lat="36.45118899643421" lon="140.54098499938846">
        <ele>31.94</ele>
      </trkpt>
      <trkpt lat="36.451176926493645" lon="140.54081895388663">
        <ele>32.22</ele>
      </trkpt>
      <trkpt lat="36.45117097534239" lon="140.54057897999883">
        <ele>32.55</ele>
      </trkpt>
      <trkpt lat="36.45118094980717" lon="140.54040195420384">
        <ele>32.86</ele>
      </trkpt>
      <trkpt lat="36.451196959242225" lon="140.54015091620386">
        <ele>33.26</ele>
      </trkpt>
      <trkpt lat="36.45120299421251" lon="140.53997799754143">
        <ele>33.65</ele>
      </trkpt>
      <trkpt lat="36.451217997819185" lon="140.53986894898117">
        <ele>34.03</ele>
      </trkpt>
      <trkpt lat="36.45122696645558" lon="140.53981496952474">
        <ele>34.42</ele>
      </trkpt>
      <trkpt lat="36.45127499476075" lon="140.53954197093844">
        <ele>34.81</ele>
      </trkpt>
      <trkpt lat="36.45128698088229" lon="140.53937592543662">
        <ele>35.22</ele>
      </trkpt>
      <trkpt lat="36.45124398171902" lon="140.5392889212817">
        <ele>35.64</ele>
      </trkpt>
      <trkpt lat="36.45120793953538" lon="140.53925899788737">
        <ele>36.05</ele>
      </trkpt>
      <trkpt lat="36.45116494037211" lon="140.53923494182527">
        <ele>36.46</ele>
      </trkpt>
      <trkpt lat="36.45097492262721" lon="140.53917299956083">
        <ele>36.89</ele>
      </trkpt>
      <trkpt lat="36.450768979266286" lon="140.53910594433546">
        <ele>37.3</ele>
      </trkpt>
      <trkpt lat="36.45063394680619" lon="140.53904693573713">
        <ele>37.68</ele>
      </trkpt>
      <trkpt lat="36.45046094432473" lon="140.5389789585024">
        <ele>38.03</ele>
      </trkpt>
      <trkpt lat="36.45031996071339" lon="140.53893897682428">
        <ele>38.35</ele>
      </trkpt>
      <trkpt lat="36.45013195462525" lon="140.5388639587909">
        <ele>38.65</ele>
      </trkpt>
      <trkpt lat="36.45003296434879" lon="140.5388309340924">
        <ele>38.89</ele>
      </trkpt>
      <trkpt lat="36.44989198073745" lon="140.53877695463598">
        <ele>39.05</ele>
      </trkpt>
      <trkpt lat="36.44970799796283" lon="140.53871291689575">
        <ele>39.09</ele>
      </trkpt>
      <trkpt lat="36.44965996965766" lon="140.53869397379458">
        <ele>39.14</ele>
      </trkpt>
      <trkpt lat="36.449561985209584" lon="140.53866798989475">
        <ele>39.13</ele>
      </trkpt>
      <trkpt lat="36.44937498494983" lon="140.53862096741796">
        <ele>39.02</ele>
      </trkpt>
      <trkpt lat="36.449328968301415" lon="140.53861199878156">
        <ele>38.94</ele>
      </trkpt>
      <trkpt lat="36.44915194250643" lon="140.5385499726981">
        <ele>38.76</ele>
      </trkpt>
      <trkpt lat="36.4490429777652" lon="140.53848995827138">
        <ele>38.61</ele>
      </trkpt>
      <trkpt lat="36.44884893670678" lon="140.53838493302464">
        <ele>38.41</ele>
      </trkpt>
      <trkpt lat="36.44869294948876" lon="140.5383319593966">
        <ele>38.21</ele>
      </trkpt>
      <trkpt lat="36.4484869223088" lon="140.53824797272682">
        <ele>38.02</ele>
      </trkpt>
      <trkpt lat="36.44835691899061" lon="140.5382079910487">
        <ele>37.79</ele>
      </trkpt>
      <trkpt lat="36.44823898561299" lon="140.53816499188542">
        <ele>37.46</ele>
      </trkpt>
      <trkpt lat="36.44804997369647" lon="140.53809793666005">
        <ele>37.05</ele>
      </trkpt>
      <trkpt lat="36.44801191985607" lon="140.53808796219528">
        <ele>36.61</ele>
      </trkpt>
      <trkpt lat="36.4478309545666" lon="140.53802895359695">
        <ele>36.09</ele>
      </trkpt>
      <trkpt lat="36.44764797762036" lon="140.53798092529178">
        <ele>35.56</ele>
      </trkpt>
      <trkpt lat="36.447456954047084" lon="140.5379429552704">
        <ele>35.01</ele>
      </trkpt>
      <trkpt lat="36.4474009629339" lon="140.53793692030013">
        <ele>34.42</ele>
      </trkpt>
      <trkpt lat="36.447309935465455" lon="140.53792292252183">
        <ele>33.8</ele>
      </trkpt>
      <trkpt lat="36.44709996879101" lon="140.53786592558026">
        <ele>33.12</ele>
      </trkpt>
      <trkpt lat="36.44689192995429" lon="140.53784999996424">
        <ele>32.37</ele>
      </trkpt>
      <trkpt lat="36.44684096798301" lon="140.53784597665071">
        <ele>31.61</ele>
      </trkpt>
      <trkpt lat="36.44665799103677" lon="140.5378049891442">
        <ele>30.72</ele>
      </trkpt>
      <trkpt lat="36.446450958028436" lon="140.53777598775923">
        <ele>29.94</ele>
      </trkpt>
      <trkpt lat="36.44634995609522" lon="140.5377679411322">
        <ele>29.18</ele>
      </trkpt>
      <trkpt lat="36.4461659733206" lon="140.53774195723236">
        <ele>28.49</ele>
      </trkpt>
      <trkpt lat="36.44606798887253" lon="140.53772795945406">
        <ele>27.79</ele>
      </trkpt>
      <trkpt lat="36.44594091922045" lon="140.53771094419062">
        <ele>27.11</ele>
      </trkpt>
      <trkpt lat="36.44575693644583" lon="140.53769996389747">
        <ele>26.45</ele>
      </trkpt>
      <trkpt lat="36.4456479717046" lon="140.5376989580691">
        <ele>25.72</ele>
      </trkpt>
      <trkpt lat="36.44544697366655" lon="140.53769594058394">
        <ele>24.93</ele>
      </trkpt>
      <trkpt lat="36.44535996951163" lon="140.5377029813826">
        <ele>24.24</ele>
      </trkpt>
      <trkpt lat="36.445311941206455" lon="140.53770599886775">
        <ele>23.65</ele>
      </trkpt>
      <trkpt lat="36.445116978138685" lon="140.53771597333252">
        <ele>22.99</ele>
      </trkpt>
      <trkpt lat="36.44490499980748" lon="140.53774396888912">
        <ele>22.36</ele>
      </trkpt>
      <trkpt lat="36.44471892155707" lon="140.53775997832417">
        <ele>21.95</ele>
      </trkpt>
      <trkpt lat="36.444494957104325" lon="140.5377769935876">
        <ele>21.68</ele>
      </trkpt>
      <trkpt lat="36.444302927702665" lon="140.53779694251716">
        <ele>21.61</ele>
      </trkpt>
      <trkpt lat="36.444085920229554" lon="140.53782996721566">
        <ele>21.7</ele>
      </trkpt>
      <trkpt lat="36.44394694827497" lon="140.5378609802574">
        <ele>21.86</ele>
      </trkpt>
      <trkpt lat="36.443830942735076" lon="140.53787196055055">
        <ele>22.08</ele>
      </trkpt>
      <trkpt lat="36.44378894940019" lon="140.53787196055055">
        <ele>22.34</ele>
      </trkpt>
      <trkpt lat="36.44359398633242" lon="140.537896938622">
        <ele>22.77</ele>
      </trkpt>
      <trkpt lat="36.44355593249202" lon="140.53790599107742">
        <ele>23.2</ele>
      </trkpt>
      <trkpt lat="36.44334495998919" lon="140.53795594722033">
        <ele>23.78</ele>
      </trkpt>
      <trkpt lat="36.44325493834913" lon="140.53798293694854">
        <ele>24.35</ele>
      </trkpt>
      <trkpt lat="36.44302795641124" lon="140.53806591778994">
        <ele>24.98</ele>
      </trkpt>
      <trkpt lat="36.44289493560791" lon="140.5381149519235">
        <ele>25.64</ele>
      </trkpt>
      <trkpt lat="36.442709947004914" lon="140.5381799954921">
        <ele>26.37</ele>
      </trkpt>
      <trkpt lat="36.442539962008595" lon="140.53821997717023">
        <ele>27.18</ele>
      </trkpt>
      <trkpt lat="36.44249193370342" lon="140.53823095746338">
        <ele>27.97</ele>
      </trkpt>
      <trkpt lat="36.44229294732213" lon="140.53827999159694">
        <ele>28.95</ele>
      </trkpt>
      <trkpt lat="36.44222195260227" lon="140.53829499520361">
        <ele>29.83</ele>
      </trkpt>
      <trkpt lat="36.44200695678592" lon="140.53834193386137">
        <ele>30.75</ele>
      </trkpt>
      <trkpt lat="36.44187091849744" lon="140.5383679177612">
        <ele>31.54</ele>
      </trkpt>
      <trkpt lat="36.441683918237686" lon="140.53842198103666">
        <ele>32.18</ele>
      </trkpt>
      <trkpt lat="36.4414949901402" lon="140.5384839233011">
        <ele>32.79</ele>
      </trkpt>
      <trkpt lat="36.44130798988044" lon="140.53853999823332">
        <ele>33.46</ele>
      </trkpt>
      <trkpt lat="36.44114697352052" lon="140.53858794271946">
        <ele>34.25</ele>
      </trkpt>
      <trkpt lat="36.440969947725534" lon="140.5386379826814">
        <ele>35.07</ele>
      </trkpt>
      <trkpt lat="36.44074195995927" lon="140.5387009307742">
        <ele>35.91</ele>
      </trkpt>
      <trkpt lat="36.4405329991132" lon="140.53875197656453">
        <ele>36.68</ele>
      </trkpt>
      <trkpt lat="36.44031993113458" lon="140.538821965456">
        <ele>37.42</ele>
      </trkpt>
      <trkpt lat="36.44027894362807" lon="140.53883395157754">
        <ele>38.03</ele>
      </trkpt>
      <trkpt lat="36.440066965296865" lon="140.53888399153948">
        <ele>38.63</ele>
      </trkpt>
      <trkpt lat="36.43992397002876" lon="140.53891492076218">
        <ele>39.13</ele>
      </trkpt>
      <trkpt lat="36.439723977819085" lon="140.5389709956944">
        <ele>39.52</ele>
      </trkpt>
      <trkpt lat="36.439593974500895" lon="140.53900594823062">
        <ele>39.88</ele>
      </trkpt>
      <trkpt lat="36.439400939270854" lon="140.53906093351543">
        <ele>40.16</ele>
      </trkpt>
      <trkpt lat="36.439186949282885" lon="140.5391279887408">
        <ele>40.36</ele>
      </trkpt>
      <trkpt lat="36.43900598399341" lon="140.53918196819723">
        <ele>40.53</ele>
      </trkpt>
      <trkpt lat="36.43882694654167" lon="140.53923192434013">
        <ele>40.66</ele>
      </trkpt>
      <trkpt lat="36.4387839473784" lon="140.5392439942807">
        <ele>40.71</ele>
      </trkpt>
      <trkpt lat="36.43857398070395" lon="140.53931599482894">
        <ele>40.69</ele>
      </trkpt>
      <trkpt lat="36.43848898820579" lon="140.53933694958687">
        <ele>40.62</ele>
      </trkpt>
      <trkpt lat="36.43836795352399" lon="140.53936192765832">
        <ele>40.5</ele>
      </trkpt>
      <trkpt lat="36.43828094936907" lon="140.53938891738653">
        <ele>40.33</ele>
      </trkpt>
      <trkpt lat="36.43814893439412" lon="140.53944096900523">
        <ele>40.1</ele>
      </trkpt>
      <trkpt lat="36.43796092830598" lon="140.53949394263327">
        <ele>39.82</ele>
      </trkpt>
      <trkpt lat="36.4379049371928" lon="140.53950894623995">
        <ele>39.49</ele>
      </trkpt>
      <trkpt lat="36.43769698217511" lon="140.53957097232342">
        <ele>39.07</ele>
      </trkpt>
      <trkpt lat="36.437550969421864" lon="140.5395999737084">
        <ele>38.62</ele>
      </trkpt>
      <trkpt lat="36.43735298886895" lon="140.5396409612149">
        <ele>38.13</ele>
      </trkpt>
      <trkpt lat="36.43720295280218" lon="140.53965596482158">
        <ele>37.64</ele>
      </trkpt>
      <trkpt lat="36.43700396642089" lon="140.53967096842825">
        <ele>37.1</ele>
      </trkpt>
      <trkpt lat="36.436739936470985" lon="140.5396879836917">
        <ele>36.58</ele>
      </trkpt>
      <trkpt lat="36.43659895285964" lon="140.53967993706465">
        <ele>36.13</ele>
      </trkpt>
      <trkpt lat="36.436394937336445" lon="140.53966996259987">
        <ele>35.81</ele>
      </trkpt>
      <trkpt lat="36.43620299175382" lon="140.53963794372976">
        <ele>35.38</ele>
      </trkpt>
      <trkpt lat="36.43601498566568" lon="140.5395799409598">
        <ele>34.93</ele>
      </trkpt>
      <trkpt lat="36.43581599928439" lon="140.53953593596816">
        <ele>34.45</ele>
      </trkpt>
      <trkpt lat="36.43561399541795" lon="140.53948497399688">
        <ele>34.03</ele>
      </trkpt>
      <trkpt lat="36.43541391938925" lon="140.53941993042827">
        <ele>33.68</ele>
      </trkpt>
      <trkpt lat="36.43522197380662" lon="140.5393539648503">
        <ele>33.37</ele>
      </trkpt>
      <trkpt lat="36.43511996604502" lon="140.53931599482894">
        <ele>33.08</ele>
      </trkpt>
      <trkpt lat="36.43492198549211" lon="140.5392609257251">
        <ele>32.82</ele>
      </trkpt>
      <trkpt lat="36.434779996052384" lon="140.5392059404403">
        <ele>32.6</ele>
      </trkpt>
      <trkpt lat="36.43459299579263" lon="140.53912597708404">
        <ele>32.43</ele>
      </trkpt>
      <trkpt lat="36.434440948069096" lon="140.5390679743141">
        <ele>32.27</ele>
      </trkpt>
      <trkpt lat="36.43426199443638" lon="140.53899195045233">
        <ele>32.12</ele>
      </trkpt>
      <trkpt lat="36.43412595614791" lon="140.53894098848104">
        <ele>32.0</ele>
      </trkpt>
      <trkpt lat="36.434032917022705" lon="140.53890394046903">
        <ele>31.91</ele>
      </trkpt>
      <trkpt lat="36.43385396338999" lon="140.53881995379925">
        <ele>31.85</ele>
      </trkpt>
      <trkpt lat="36.43367794342339" lon="140.53874996490777">
        <ele>31.87</ele>
      </trkpt>
      <trkpt lat="36.43358892761171" lon="140.53870998322964">
        <ele>31.89</ele>
      </trkpt>
      <trkpt lat="36.43354592844844" lon="140.53869397379458">
        <ele>31.9</ele>
      </trkpt>
      <trkpt lat="36.4333719201386" lon="140.53861099295318">
        <ele>31.92</ele>
      </trkpt>
      <trkpt lat="36.43318894319236" lon="140.53854594938457">
        <ele>31.99</ele>
      </trkpt>
      <trkpt lat="36.43300797790289" lon="140.53845198825002">
        <ele>32.09</ele>
      </trkpt>
      <trkpt lat="36.43294997513294" lon="140.53842399269342">
        <ele>32.17</ele>
      </trkpt>
      <trkpt lat="36.432767920196056" lon="140.53834796883166">
        <ele>32.29</ele>
      </trkpt>
      <trkpt lat="36.43259399570525" lon="140.53827596828341">
        <ele>32.36</ele>
      </trkpt>
      <trkpt lat="36.43254395574331" lon="140.5382529180497">
        <ele>32.45</ele>
      </trkpt>
      <trkpt lat="36.43249399960041" lon="140.538229951635">
        <ele>32.54</ele>
      </trkpt>
      <trkpt lat="36.43230699934065" lon="140.53815493360162">
        <ele>32.63</ele>
      </trkpt>
      <trkpt lat="36.43221898935735" lon="140.5381149519235">
        <ele>32.73</ele>
      </trkpt>
      <trkpt lat="36.43202092498541" lon="140.5380359943956">
        <ele>32.82</ele>
      </trkpt>
      <trkpt lat="36.43182596191764" lon="140.53795997053385">
        <ele>32.89</ele>
      </trkpt>
      <trkpt lat="36.43163493834436" lon="140.53786491975188">
        <ele>32.94</ele>
      </trkpt>
      <trkpt lat="36.43144299276173" lon="140.53776995278895">
        <ele>32.97</ele>
      </trkpt>
      <trkpt lat="36.43125398084521" lon="140.53768596611917">
        <ele>33.01</ele>
      </trkpt>
      <trkpt lat="36.43106094561517" lon="140.5375819467008">
        <ele>33.07</ele>
      </trkpt>
      <trkpt lat="36.43086698837578" lon="140.5374949425459">
        <ele>33.18</ele>
      </trkpt>
      <trkpt lat="36.43068392761052" lon="140.53741891868412">
        <ele>33.24</ele>
      </trkpt>
      <trkpt lat="36.43050195649266" lon="140.5373569764197">
        <ele>33.25</ele>
      </trkpt>
      <trkpt lat="36.43045593984425" lon="140.53733996115625">
        <ele>33.22</ele>
      </trkpt>
      <trkpt lat="36.4302789978683" lon="140.5372689664364">
        <ele>33.1</ele>
      </trkpt>
      <trkpt lat="36.43009291961789" lon="140.5371889192611">
        <ele>32.98</ele>
      </trkpt>
      <trkpt lat="36.429905919358134" lon="140.5370969697833">
        <ele>32.87</ele>
      </trkpt>
      <trkpt lat="36.42971497960389" lon="140.53702195174992">
        <ele>32.76</ele>
      </trkpt>
      <trkpt lat="36.42961498349905" lon="140.53698398172855">
        <ele>32.68</ele>
      </trkpt>
      <trkpt lat="36.42942597158253" lon="140.5369119811803">
        <ele>32.58</ele>
      </trkpt>
      <trkpt lat="36.42924492247403" lon="140.5368189420551">
        <ele>32.58</ele>
      </trkpt>
      <trkpt lat="36.42920292913914" lon="140.53679899312556">
        <ele>32.54</ele>
      </trkpt>
      <trkpt lat="36.429023975506425" lon="140.5367169342935">
        <ele>32.6</ele>
      </trkpt>
      <trkpt lat="36.4288439322263" lon="140.53664593957365">
        <ele>32.67</ele>
      </trkpt>
      <trkpt lat="36.42864394001663" lon="140.5365659762174">
        <ele>32.74</ele>
      </trkpt>
      <trkpt lat="36.428462974727154" lon="140.536482995376">
        <ele>32.66</ele>
      </trkpt>
      <trkpt lat="36.428422993049026" lon="140.53646991960704">
        <ele>32.6</ele>
      </trkpt>
      <trkpt lat="36.428207997232676" lon="140.53638492710888">
        <ele>32.42</ele>
      </trkpt>
      <trkpt lat="36.428076988086104" lon="140.5363149382174">
        <ele>32.31</ele>
      </trkpt>
      <trkpt lat="36.427887976169586" lon="140.53622893989086">
        <ele>32.28</ele>
      </trkpt>
      <trkpt lat="36.42770499922335" lon="140.536157945171">
        <ele>32.25</ele>
      </trkpt>
      <trkpt lat="36.42765797674656" lon="140.53613992407918">
        <ele>32.2</ele>
      </trkpt>
      <trkpt lat="36.427476927638054" lon="140.53606197237968">
        <ele>32.11</ele>
      </trkpt>
      <trkpt lat="36.427344996482134" lon="140.53599894046783">
        <ele>32.04</ele>
      </trkpt>
      <trkpt lat="36.42716394737363" lon="140.5359179712832">
        <ele>31.96</ele>
      </trkpt>
      <trkpt lat="36.42699195072055" lon="140.53583691827953">
        <ele>31.95</ele>
      </trkpt>
      <trkpt lat="36.42680394463241" lon="140.53577095270157">
        <ele>31.88</ele>
      </trkpt>
      <trkpt lat="36.42666698433459" lon="140.53571294993162">
        <ele>31.8</ele>
      </trkpt>
      <trkpt lat="36.426490964367986" lon="140.53563399240375">
        <ele>31.66</ele>
      </trkpt>
      <trkpt lat="36.426316956058145" lon="140.53554992191494">
        <ele>31.51</ele>
      </trkpt>
      <trkpt lat="36.42613699659705" lon="140.53547993302345">
        <ele>31.39</ele>
      </trkpt>
      <trkpt lat="36.42595795914531" lon="140.53539192304015">
        <ele>31.3</ele>
      </trkpt>
      <trkpt lat="36.425911942496896" lon="140.5353719741106">
        <ele>31.2</ele>
      </trkpt>
      <trkpt lat="36.42572997137904" lon="140.53528798744082">
        <ele>31.11</ele>
      </trkpt>
      <trkpt lat="36.42559594474733" lon="140.5352369416505">
        <ele>31.03</ele>
      </trkpt>
      <trkpt lat="36.42541095614433" lon="140.5351549666375">
        <ele>30.94</ele>
      </trkpt>
      <trkpt lat="36.42527692951262" lon="140.53509696386755">
        <ele>30.87</ele>
      </trkpt>
      <trkpt lat="36.42509697005153" lon="140.53501792252064">
        <ele>30.72</ele>
      </trkpt>
      <trkpt lat="36.424920950084925" lon="140.5349459219724">
        <ele>30.56</ele>
      </trkpt>
      <trkpt lat="36.42473696731031" lon="140.5348759330809">
        <ele>30.39</ele>
      </trkpt>
      <trkpt lat="36.424558935686946" lon="140.53479697555304">
        <ele>30.23</ele>
      </trkpt>
      <trkpt lat="36.424380987882614" lon="140.5347199458629">
        <ele>30.08</ele>
      </trkpt>
      <trkpt lat="36.424337988719344" lon="140.5347009189427">
        <ele>29.93</ele>
      </trkpt>
      <trkpt lat="36.4241589512676" lon="140.53462397307158">
        <ele>29.76</ele>
      </trkpt>
      <trkpt lat="36.423975974321365" lon="140.53455197252333">
        <ele>29.59</ele>
      </trkpt>
      <trkpt lat="36.42387991771102" lon="140.53451894782484">
        <ele>29.47</ele>
      </trkpt>
      <trkpt lat="36.42369995824993" lon="140.53444292396307">
        <ele>29.38</ele>
      </trkpt>
      <trkpt lat="36.423526955768466" lon="140.5343779642135">
        <ele>29.3</ele>
      </trkpt>
      <trkpt lat="36.423479933291674" lon="140.5343589372933">
        <ele>29.23</ele>
      </trkpt>
      <trkpt lat="36.42338798381388" lon="140.5343169439584">
        <ele>29.18</ele>
      </trkpt>
      <trkpt lat="36.42321296967566" lon="140.53423798643053">
        <ele>29.14</ele>
      </trkpt>
      <trkpt lat="36.423119930550456" lon="140.53419993259013">
        <ele>29.12</ele>
      </trkpt>
      <trkpt lat="36.42293192446232" lon="140.5341329611838">
        <ele>29.14</ele>
      </trkpt>
      <trkpt lat="36.42288699746132" lon="140.534122986719">
        <ele>29.15</ele>
      </trkpt>
      <trkpt lat="36.42273494973779" lon="140.53412592038512">
        <ele>29.19</ele>
      </trkpt>
      <trkpt lat="36.42265196889639" lon="140.53417294286191">
        <ele>29.23</ele>
      </trkpt>
      <trkpt lat="36.42259296029806" lon="140.53424695506692">
        <ele>29.28</ele>
      </trkpt>
      <trkpt lat="36.422536969184875" lon="140.53434795700014">
        <ele>29.36</ele>
      </trkpt>
      <trkpt lat="36.42244694754481" lon="140.53457292728126">
        <ele>29.45</ele>
      </trkpt>
      <trkpt lat="36.42234795726836" lon="140.53479194641113">
        <ele>29.52</ele>
      </trkpt>
      <trkpt lat="36.422255923971534" lon="140.5350019969046">
        <ele>29.54</ele>
      </trkpt>
      <trkpt lat="36.42216498032212" lon="140.53519796580076">
        <ele>29.62</ele>
      </trkpt>
      <trkpt lat="36.42205492593348" lon="140.5354409571737">
        <ele>29.73</ele>
      </trkpt>
      <trkpt lat="36.42203497700393" lon="140.53548898547888">
        <ele>29.79</ele>
      </trkpt>
      <trkpt lat="36.42199298366904" lon="140.53558696992695">
        <ele>29.86</ele>
      </trkpt>
      <trkpt lat="36.42189893871546" lon="140.53577799350023">
        <ele>29.95</ele>
      </trkpt>
      <trkpt lat="36.42185099422932" lon="140.5358709488064">
        <ele>29.98</ele>
      </trkpt>
      <trkpt lat="36.421739934012294" lon="140.53610497154295">
        <ele>29.97</ele>
      </trkpt>
      <trkpt lat="36.42164094373584" lon="140.53629599511623">
        <ele>30.01</ele>
      </trkpt>
      <trkpt lat="36.42161998897791" lon="140.536342933774">
        <ele>30.09</ele>
      </trkpt>
      <trkpt lat="36.42151094041765" lon="140.53658592514694">
        <ele>30.19</ele>
      </trkpt>
      <trkpt lat="36.42148897983134" lon="140.53663596510887">
        <ele>30.28</ele>
      </trkpt>
      <trkpt lat="36.42138596624136" lon="140.53684098646045">
        <ele>30.4</ele>
      </trkpt>
      <trkpt lat="36.42128295265138" lon="140.53704894147813">
        <ele>30.53</ele>
      </trkpt>
      <trkpt lat="36.421182956546545" lon="140.53725698031485">
        <ele>30.63</ele>
      </trkpt>
      <trkpt lat="36.4211059268564" lon="140.5374199245125">
        <ele>30.7</ele>
      </trkpt>
      <trkpt lat="36.42100492492318" lon="140.53763592615724">
        <ele>30.75</ele>
      </trkpt>
      <trkpt lat="36.420905934646726" lon="140.53784597665071">
        <ele>30.83</ele>
      </trkpt>
      <trkpt lat="36.420860923826694" lon="140.53795393556356">
        <ele>30.9</ele>
      </trkpt>
      <trkpt lat="36.420814990997314" lon="140.53806097246706">
        <ele>30.97</ele>
      </trkpt>
      <trkpt lat="36.42078992910683" lon="140.53811595775187">
        <ele>31.04</ele>
      </trkpt>
      <trkpt lat="36.42068398185074" lon="140.53833799436688">
        <ele>31.14</ele>
      </trkpt>
      <trkpt lat="36.42057292163372" lon="140.53855994716287">
        <ele>31.23</ele>
      </trkpt>
      <trkpt lat="36.42052095383406" lon="140.53866798989475">
        <ele>31.31</ele>
      </trkpt>
      <trkpt lat="36.42042397521436" lon="140.53888197988272">
        <ele>31.41</ele>
      </trkpt>
      <trkpt lat="36.4203529804945" lon="140.53904299624264">
        <ele>31.43</ele>
      </trkpt>
      <trkpt lat="36.420284919440746" lon="140.53919294849038">
        <ele>31.45</ele>
      </trkpt>
      <trkpt lat="36.420214930549264" lon="140.53934197872877">
        <ele>31.49</ele>
      </trkpt>
      <trkpt lat="36.4200939796865" lon="140.53954297676682">
        <ele>31.56</ele>
      </trkpt>
      <trkpt lat="36.419983925297856" lon="140.53974598646164">
        <ele>31.58</ele>
      </trkpt>
      <trkpt lat="36.41987797804177" lon="140.53994497284293">
        <ele>31.6</ele>
      </trkpt>
      <trkpt lat="36.419806983321905" lon="140.54009593091905">
        <ele>31.6</ele>
      </trkpt>
      <trkpt lat="36.4197139441967" lon="140.54029894061387">
        <ele>31.59</ele>
      </trkpt>
      <trkpt lat="36.41968997195363" lon="140.54034696891904">
        <ele>31.59</ele>
      </trkpt>
      <trkpt lat="36.4196449611336" lon="140.54044797085226">
        <ele>31.59</ele>
      </trkpt>
      <trkpt lat="36.419549994170666" lon="140.54065492004156">
        <ele>31.58</ele>
      </trkpt>
      <trkpt lat="36.41945695504546" lon="140.54085994139314">
        <ele>31.53</ele>
      </trkpt>
      <trkpt lat="36.41943398863077" lon="140.54091199301183">
        <ele>31.48</ele>
      </trkpt>
      <trkpt lat="36.41933994367719" lon="140.54110796190798">
        <ele>31.4</ele>
      </trkpt>
      <trkpt lat="36.41924195922911" lon="140.54131298325956">
        <ele>31.3</ele>
      </trkpt>
      <trkpt lat="36.419143974781036" lon="140.54152194410563">
        <ele>31.21</ele>
      </trkpt>
      <trkpt lat="36.41904699616134" lon="140.5417269654572">
        <ele>31.11</ele>
      </trkpt>
      <trkpt lat="36.41902193427086" lon="140.5417769216001">
        <ele>31.05</ele>
      </trkpt>
      <trkpt lat="36.418927973136306" lon="140.5419859662652">
        <ele>30.95</ele>
      </trkpt>
      <trkpt lat="36.41882697120309" lon="140.5421849526465">
        <ele>30.91</ele>
      </trkpt>
      <trkpt lat="36.41878196038306" lon="140.54229198955">
        <ele>30.86</ele>
      </trkpt>
      <trkpt lat="36.418693950399756" lon="140.54249592125416">
        <ele>30.84</ele>
      </trkpt>
      <trkpt lat="36.41867198981345" lon="140.54254294373095">
        <ele>30.82</ele>
      </trkpt>
      <trkpt lat="36.41859294846654" lon="140.54274796508253">
        <ele>30.83</ele>
      </trkpt>
      <trkpt lat="36.4184929523617" lon="140.54296094924212">
        <ele>30.85</ele>
      </trkpt>
      <trkpt lat="36.41847099177539" lon="140.54301098920405">
        <ele>30.85</ele>
      </trkpt>
      <trkpt lat="36.41844894737005" lon="140.5430639628321">
        <ele>30.86</ele>
      </trkpt>
      <trkpt lat="36.41834291629493" lon="140.5432679783553">
        <ele>30.88</ele>
      </trkpt>
      <trkpt lat="36.418321961537" lon="140.54331994615495">
        <ele>30.91</ele>
      </trkpt>
      <trkpt lat="36.41822598874569" lon="140.54352798499167">
        <ele>30.98</ele>
      </trkpt>
      <trkpt lat="36.41820193268359" lon="140.5435769353062">
        <ele>31.03</ele>
      </trkpt>
      <trkpt lat="36.41810193657875" lon="140.54378396831453">
        <ele>31.1</ele>
      </trkpt>
      <trkpt lat="36.418004957959056" lon="140.54398999549448">
        <ele>31.17</ele>
      </trkpt>
      <trkpt lat="36.41792197711766" lon="140.54419895634055">
        <ele>31.23</ele>
      </trkpt>
      <trkpt lat="36.41783497296274" lon="140.544408923015">
        <ele>31.25</ele>
      </trkpt>
      <trkpt lat="36.417810916900635" lon="140.5444609746337">
        <ele>31.29</ele>
      </trkpt>
      <trkpt lat="36.417720979079604" lon="140.54467194713652">
        <ele>31.3</ele>
      </trkpt>
      <trkpt lat="36.41769893467426" lon="140.54472492076457">
        <ele>31.33</ele>
      </trkpt>
      <trkpt lat="36.41767496243119" lon="140.54477596655488">
        <ele>31.37</ele>
      </trkpt>
      <trkpt lat="36.41762894578278" lon="140.54487294517457">
        <ele>31.43</ele>
      </trkpt>
      <trkpt lat="36.41753699630499" lon="140.54505994543433">
        <ele>31.46</ele>
      </trkpt>
      <trkpt lat="36.41751796938479" lon="140.54510897956789">
        <ele>31.48</ele>
      </trkpt>
      <trkpt lat="36.41747295856476" lon="140.54521299898624">
        <ele>31.51</ele>
      </trkpt>
      <trkpt lat="36.4173739682883" lon="140.5454269889742">
        <ele>31.53</ele>
      </trkpt>
      <trkpt lat="36.41734798438847" lon="140.5454829800874">
        <ele>31.52</ele>
      </trkpt>
      <trkpt lat="36.417247988283634" lon="140.5456949584186">
        <ele>31.47</ele>
      </trkpt>
      <trkpt lat="36.41717598773539" lon="140.54585094563663">
        <ele>31.43</ele>
      </trkpt>
      <trkpt lat="36.417101975530386" lon="140.54600592702627">
        <ele>31.39</ele>
      </trkpt>
      <trkpt lat="36.417057970538735" lon="140.546110952273">
        <ele>31.35</ele>
      </trkpt>
      <trkpt lat="36.417035926133394" lon="140.54615998640656">
        <ele>31.32</ele>
      </trkpt>
      <trkpt lat="36.41693995334208" lon="140.54635394364595">
        <ele>31.23</ele>
      </trkpt>
      <trkpt lat="36.416886979714036" lon="140.54645192809403">
        <ele>31.2</ele>
      </trkpt>
      <trkpt lat="36.41686191782355" lon="140.54650397971272">
        <ele>31.18</ele>
      </trkpt>
      <trkpt lat="36.416767956689" lon="140.54670992307365">
        <ele>31.18</ele>
      </trkpt>
      <trkpt lat="36.41666494309902" lon="140.54690899327397">
        <ele>31.15</ele>
      </trkpt>
      <trkpt lat="36.41657492145896" lon="140.54711694829166">
        <ele>31.17</ele>
      </trkpt>
      <trkpt lat="36.41646998003125" lon="140.54732196964324">
        <ele>31.14</ele>
      </trkpt>
      <trkpt lat="36.4164259750396" lon="140.54742791689932">
        <ele>31.1</ele>
      </trkpt>
      <trkpt lat="36.4163379650563" lon="140.54764794185758">
        <ele>31.04</ele>
      </trkpt>
      <trkpt lat="36.41626697033644" lon="140.54780292324722">
        <ele>31.0</ele>
      </trkpt>
      <trkpt lat="36.41618692316115" lon="140.5480069387704">
        <ele>30.98</ele>
      </trkpt>
      <trkpt lat="36.416115928441286" lon="140.5481509398669">
        <ele>30.95</ele>
      </trkpt>
      <trkpt lat="36.416046945378184" lon="140.5483049992472">
        <ele>30.98</ele>
      </trkpt>
      <trkpt lat="36.415981985628605" lon="140.54845394566655">
        <ele>31.01</ele>
      </trkpt>
      <trkpt lat="36.41588693484664" lon="140.5486609786749">
        <ele>31.06</ele>
      </trkpt>
      <trkpt lat="36.41579397954047" lon="140.54886591620743">
        <ele>31.15</ele>
      </trkpt>
      <trkpt lat="36.415745951235294" lon="140.54896691814065">
        <ele>31.24</ele>
      </trkpt>
      <trkpt lat="36.41565592959523" lon="140.5491649825126">
        <ele>31.34</ele>
      </trkpt>
      <trkpt lat="36.41556398011744" lon="140.54937293753028">
        <ele>31.36</ele>
      </trkpt>
      <trkpt lat="36.41554394736886" lon="140.5494229774922">
        <ele>31.39</ele>
      </trkpt>
      <trkpt lat="36.41552198678255" lon="140.54947192780674">
        <ele>31.43</ele>
      </trkpt>
      <trkpt lat="36.41541394405067" lon="140.54971299134195">
        <ele>31.43</ele>
      </trkpt>
      <trkpt lat="36.415318977087736" lon="140.54990694858134">
        <ele>31.49</ele>
      </trkpt>
      <trkpt lat="36.41520095989108" lon="140.55013191886246">
        <ele>31.56</ele>
      </trkpt>
      <trkpt lat="36.41515091992915" lon="140.5502289813012">
        <ele>31.65</ele>
      </trkpt>
      <trkpt lat="36.41505394130945" lon="140.550431990996">
        <ele>31.74</ele>
      </trkpt>
      <trkpt lat="36.41496391966939" lon="140.5506259482354">
        <ele>31.8</ele>
      </trkpt>
      <trkpt lat="36.41492293216288" lon="140.55072896182537">
        <ele>31.83</ele>
      </trkpt>
      <trkpt lat="36.414825953543186" lon="140.55097698234022">
        <ele>31.78</ele>
      </trkpt>
      <trkpt lat="36.41473492607474" lon="140.55117395706475">
        <ele>31.76</ele>
      </trkpt>
      <trkpt lat="36.41462394967675" lon="140.55141896009445">
        <ele>31.81</ele>
      </trkpt>
      <trkpt lat="36.41457692719996" lon="140.5515229795128">
        <ele>31.85</ele>
      </trkpt>
      <trkpt lat="36.41447592526674" lon="140.55171593092382">
        <ele>31.94</ele>
      </trkpt>
      <trkpt lat="36.41436796635389" lon="140.5519149173051">
        <ele>32.0</ele>
      </trkpt>
      <trkpt lat="36.41428196802735" lon="140.55211692117155">
        <ele>31.96</ele>
      </trkpt>
      <trkpt lat="36.41418398357928" lon="140.55231892503798">
        <ele>31.93</ele>
      </trkpt>
      <trkpt lat="36.414157999679446" lon="140.55236795917153">
        <ele>31.96</ele>
      </trkpt>
      <trkpt lat="36.41403294168413" lon="140.5526009760797">
        <ele>31.98</ele>
      </trkpt>
      <trkpt lat="36.41392699442804" lon="140.5527169816196">
        <ele>32.02</ele>
      </trkpt>
      <trkpt lat="36.413767989724874" lon="140.55286995135248">
        <ele>32.1</ele>
      </trkpt>
      <trkpt lat="36.41369096003473" lon="140.5529349949211">
        <ele>32.17</ele>
      </trkpt>
      <trkpt lat="36.41351996921003" lon="140.55302392691374">
        <ele>32.27</ele>
      </trkpt>
      <trkpt lat="36.41343598254025" lon="140.5530539341271">
        <ele>32.31</ele>
      </trkpt>
      <trkpt lat="36.4133919775486" lon="140.5530639924109">
        <ele>32.36</ele>
      </trkpt>
      <trkpt lat="36.413168935105205" lon="140.55310699157417">
        <ele>32.42</ele>
      </trkpt>
      <trkpt lat="36.413126941770315" lon="140.55310799740255">
        <ele>32.47</ele>
      </trkpt>
      <trkpt lat="36.41303398646414" lon="140.55311093106866">
        <ele>32.52</ele>
      </trkpt>
      <trkpt lat="36.4128359220922" lon="140.55311294272542">
        <ele>32.59</ele>
      </trkpt>
      <trkpt lat="36.41264598816633" lon="140.5531229171902">
        <ele>32.64</ele>
      </trkpt>
      <trkpt lat="36.41259896568954" lon="140.55312593467534">
        <ele>32.65</ele>
      </trkpt>
      <trkpt lat="36.41240794211626" lon="140.55312492884696">
        <ele>32.67</ele>
      </trkpt>
      <trkpt lat="36.412221947684884" lon="140.55312392301857">
        <ele>32.64</ele>
      </trkpt>
      <trkpt lat="36.41212597489357" lon="140.55312098935246">
        <ele>32.6</ele>
      </trkpt>
      <trkpt lat="36.412033941596746" lon="140.55311596021056">
        <ele>32.57</ele>
      </trkpt>
      <trkpt lat="36.411942997947335" lon="140.55312199518085">
        <ele>32.52</ele>
      </trkpt>
      <trkpt lat="36.41175398603082" lon="140.55311998352408">
        <ele>32.5</ele>
      </trkpt>
      <trkpt lat="36.41156195662916" lon="140.55312694050372">
        <ele>32.51</ele>
      </trkpt>
      <trkpt lat="36.41136598773301" lon="140.55313993245363">
        <ele>32.55</ele>
      </trkpt>
      <trkpt lat="36.41126892529428" lon="140.55314496159554">
        <ele>32.54</ele>
      </trkpt>
      <trkpt lat="36.41117395833135" lon="140.55314294993877">
        <ele>32.51</ele>
      </trkpt>
      <trkpt lat="36.410975977778435" lon="140.55315393023193">
        <ele>32.44</ele>
      </trkpt>
      <trkpt lat="36.41092493198812" lon="140.5531599652022">
        <ele>32.37</ele>
      </trkpt>
      <trkpt lat="36.41077196225524" lon="140.55316499434412">
        <ele>32.29</ele>
      </trkpt>
      <trkpt lat="36.4105839561671" lon="140.55317698046565">
        <ele>32.22</ele>
      </trkpt>
      <trkpt lat="36.41035898588598" lon="140.55316692218184">
        <ele>32.18</ele>
      </trkpt>
      <trkpt lat="36.41016695648432" lon="140.5531689338386">
        <ele>32.09</ele>
      </trkpt>
      <trkpt lat="36.40997895039618" lon="140.5531739629805">
        <ele>32.01</ele>
      </trkpt>
      <trkpt lat="36.40993393957615" lon="140.55317094549537">
        <ele>31.92</ele>
      </trkpt>
      <trkpt lat="36.409750962629914" lon="140.55317195132375">
        <ele>31.81</ele>
      </trkpt>
      <trkpt lat="36.4095289260149" lon="140.55318494327366">
        <ele>31.68</ele>
      </trkpt>
      <trkpt lat="36.40948198735714" lon="140.5531829316169">
        <ele>31.58</ele>
      </trkpt>
      <trkpt lat="36.4092889521271" lon="140.55318393744528">
        <ele>31.5</ele>
      </trkpt>
      <trkpt lat="36.40924595296383" lon="140.55318393744528">
        <ele>31.42</ele>
      </trkpt>
      <trkpt lat="36.40905895270407" lon="140.55318997241557">
        <ele>31.39</ele>
      </trkpt>
      <trkpt lat="36.40886499546468" lon="140.55319198407233">
        <ele>31.4</ele>
      </trkpt>
      <trkpt lat="36.408761981874704" lon="140.55319198407233">
        <ele>31.29</ele>
      </trkpt>
      <trkpt lat="36.40866793692112" lon="140.55318594910204">
        <ele>31.17</ele>
      </trkpt>
      <trkpt lat="36.40847699716687" lon="140.5531969293952">
        <ele>31.03</ele>
      </trkpt>
      <trkpt lat="36.40829795971513" lon="140.553206987679">
        <ele>30.84</ele>
      </trkpt>
      <trkpt lat="36.408116994425654" lon="140.55319894105196">
        <ele>30.68</ele>
      </trkpt>
      <trkpt lat="36.408030996099114" lon="140.5531929899007">
        <ele>30.56</ele>
      </trkpt>
      <trkpt lat="36.40780694782734" lon="140.55319097824395">
        <ele>30.45</ele>
      </trkpt>
      <trkpt lat="36.407582983374596" lon="140.55319491773844">
        <ele>30.41</ele>
      </trkpt>
      <trkpt lat="36.4075309317559" lon="140.55319097824395">
        <ele>30.34</ele>
      </trkpt>
      <trkpt lat="36.40731199644506" lon="140.55319491773844">
        <ele>30.3</ele>
      </trkpt>
      <trkpt lat="36.407156931236386" lon="140.55319592356682">
        <ele>30.24</ele>
      </trkpt>
      <trkpt lat="36.40697194263339" lon="140.553206987679">
        <ele>30.17</ele>
      </trkpt>
      <trkpt lat="36.406764993444085" lon="140.55321696214378">
        <ele>30.12</ele>
      </trkpt>
      <trkpt lat="36.40654295682907" lon="140.5532299540937">
        <ele>30.02</ele>
      </trkpt>
      <trkpt lat="36.40648998320103" lon="140.55323598906398">
        <ele>29.98</ele>
      </trkpt>
      <trkpt lat="36.40629191882908" lon="140.5532349832356">
        <ele>29.94</ele>
      </trkpt>
      <trkpt lat="36.40606694854796" lon="140.5532389227301">
        <ele>29.91</ele>
      </trkpt>
      <trkpt lat="36.405840972438455" lon="140.5532299540937">
        <ele>29.88</ele>
      </trkpt>
      <trkpt lat="36.405734941363335" lon="140.5532379169017">
        <ele>29.88</ele>
      </trkpt>
      <trkpt lat="36.40569898299873" lon="140.55324093438685">
        <ele>29.89</ele>
      </trkpt>
      <trkpt lat="36.405478958040476" lon="140.55325099267066">
        <ele>29.89</ele>
      </trkpt>
      <trkpt lat="36.40534199774265" lon="140.5532569438219">
        <ele>29.91</ele>
      </trkpt>
      <trkpt lat="36.40516094863415" lon="140.5532569438219">
        <ele>29.96</ele>
      </trkpt>
      <trkpt lat="36.40497495420277" lon="140.5532629787922">
        <ele>30.04</ele>
      </trkpt>
      <trkpt lat="36.404779991135" lon="140.55327295325696">
        <ele>30.21</ele>
      </trkpt>
      <trkpt lat="36.40458796173334" lon="140.55327798239887">
        <ele>30.36</ele>
      </trkpt>
      <trkpt lat="36.40449391677976" lon="140.5532899685204">
        <ele>30.48</ele>
      </trkpt>
      <trkpt lat="36.404273975640535" lon="140.55330597795546">
        <ele>30.58</ele>
      </trkpt>
      <trkpt lat="36.40409292653203" lon="140.55333497934043">
        <ele>30.7</ele>
      </trkpt>
      <trkpt lat="36.40404598787427" lon="140.55333598516881">
        <ele>30.81</ele>
      </trkpt>
      <trkpt lat="36.40386192128062" lon="140.55333598516881">
        <ele>30.92</ele>
      </trkpt>
      <trkpt lat="36.40367995016277" lon="140.5533409304917">
        <ele>31.1</ele>
      </trkpt>
      <trkpt lat="36.403540978208184" lon="140.55335291661322">
        <ele>31.25</ele>
      </trkpt>
      <trkpt lat="36.4034469332546" lon="140.5533589515835">
        <ele>31.36</ele>
      </trkpt>
      <trkpt lat="36.403351966291666" lon="140.5533679202199">
        <ele>31.47</ele>
      </trkpt>
      <trkpt lat="36.4031739346683" lon="140.55337898433208">
        <ele>31.53</ele>
      </trkpt>
      <trkpt lat="36.403040997684" lon="140.55339398793876">
        <ele>31.58</ele>
      </trkpt>
      <trkpt lat="36.40284293331206" lon="140.5534009449184">
        <ele>31.54</ele>
      </trkpt>
      <trkpt lat="36.40265199355781" lon="140.55340697988868">
        <ele>31.53</ele>
      </trkpt>
      <trkpt lat="36.40245996415615" lon="140.55341695435345">
        <ele>31.54</ele>
      </trkpt>
      <trkpt lat="36.40237991698086" lon="140.55343992076814">
        <ele>31.6</ele>
      </trkpt>
      <trkpt lat="36.40231294557452" lon="140.5534939840436">
        <ele>31.67</ele>
      </trkpt>
      <trkpt lat="36.40228897333145" lon="140.55358895100653">
        <ele>31.71</ele>
      </trkpt>
      <trkpt lat="36.40230095945299" lon="140.55364192463458">
        <ele>31.73</ele>
      </trkpt>
      <trkpt lat="36.40233197249472" lon="140.5537069682032">
        <ele>31.74</ele>
      </trkpt>
      <trkpt lat="36.40237195417285" lon="140.55376899428666">
        <ele>31.73</ele>
      </trkpt>
      <trkpt lat="36.40243892557919" lon="140.5538959801197">
        <ele>31.73</ele>
      </trkpt>
      <trkpt lat="36.402577981352806" lon="140.55411198176444">
        <ele>31.68</ele>
      </trkpt>
      <trkpt lat="36.40263497829437" lon="140.5542099662125">
        <ele>31.64</ele>
      </trkpt>
      <trkpt lat="36.402769926935434" lon="140.55441096425056">
        <ele>31.59</ele>
      </trkpt>
      <trkpt lat="36.402899930253625" lon="140.55457499809563">
        <ele>31.57</ele>
      </trkpt>
      <trkpt lat="36.403030939400196" lon="140.55474791675806">
        <ele>31.55</ele>
      </trkpt>
      <trkpt lat="36.40312992967665" lon="140.55493399500847">
        <ele>31.49</ele>
      </trkpt>
      <trkpt lat="36.40323797240853" lon="140.555130969733">
        <ele>31.43</ele>
      </trkpt>
      <trkpt lat="36.40335699543357" lon="140.55531696416438">
        <ele>31.37</ele>
      </trkpt>
      <trkpt lat="36.40345095656812" lon="140.55544394999743">
        <ele>31.31</ele>
      </trkpt>
      <trkpt lat="36.40359596349299" lon="140.55562592111528">
        <ele>31.24</ele>
      </trkpt>
      <trkpt lat="36.4036229532212" lon="140.5556709319353">
        <ele>31.17</ele>
      </trkpt>
      <trkpt lat="36.40376695431769" lon="140.55589095689356">
        <ele>31.09</ele>
      </trkpt>
      <trkpt lat="36.403884971514344" lon="140.55606898851693">
        <ele>31.0</ele>
      </trkpt>
      <trkpt lat="36.403993936255574" lon="140.5562499538064">
        <ele>30.9</ele>
      </trkpt>
      <trkpt lat="36.404123939573765" lon="140.55642697960138">
        <ele>30.8</ele>
      </trkpt>
      <trkpt lat="36.40417892485857" lon="140.5565139837563">
        <ele>30.74</ele>
      </trkpt>
      <trkpt lat="36.40431093983352" lon="140.55668195709586">
        <ele>30.67</ele>
      </trkpt>
      <trkpt lat="36.404425939545035" lon="140.55686795152724">
        <ele>30.7</ele>
      </trkpt>
      <trkpt lat="36.404554937034845" lon="140.5570829473436">
        <ele>30.7</ele>
      </trkpt>
      <trkpt lat="36.404659962281585" lon="140.5572809278965">
        <ele>30.7</ele>
      </trkpt>
      <trkpt lat="36.40478594228625" lon="140.55746398866177">
        <ele>30.67</ele>
      </trkpt>
      <trkpt lat="36.40487797558308" lon="140.55760296061635">
        <ele>30.65</ele>
      </trkpt>
      <trkpt lat="36.40498694032431" lon="140.55782499723136">
        <ele>30.65</ele>
      </trkpt>
      <trkpt lat="36.40510395169258" lon="140.55800696834922">
        <ele>30.7</ele>
      </trkpt>
      <trkpt lat="36.40512993559241" lon="140.55805298499763">
        <ele>30.74</ele>
      </trkpt>
      <trkpt lat="36.40525197610259" lon="140.55824199691415">
        <ele>30.78</ele>
      </trkpt>
      <trkpt lat="36.40533998608589" lon="140.55838398635387">
        <ele>30.84</ele>
      </trkpt>
      <trkpt lat="36.405456997454166" lon="140.55856394581497">
        <ele>30.92</ele>
      </trkpt>
      <trkpt lat="36.40551793389022" lon="140.55865991860628">
        <ele>31.0</ele>
      </trkpt>
      <trkpt lat="36.40563695691526" lon="140.55883694440126">
        <ele>31.11</ele>
      </trkpt>
      <trkpt lat="36.40576293691993" lon="140.55902796797454">
        <ele>31.22</ele>
      </trkpt>
      <trkpt lat="36.40587894245982" lon="140.55921899154782">
        <ele>31.32</ele>
      </trkpt>
      <trkpt lat="36.40600693412125" lon="140.55943692103028">
        <ele>31.39</ele>
      </trkpt>
      <trkpt lat="36.40613794326782" lon="140.5596029665321">
        <ele>31.48</ele>
      </trkpt>
      <trkpt lat="36.406290996819735" lon="140.5597799923271">
        <ele>31.59</ele>
      </trkpt>
      <trkpt lat="36.40633491799235" lon="140.55982399731874">
        <ele>31.71</ele>
      </trkpt>
      <trkpt lat="36.4064949285239" lon="140.5599919706583">
        <ele>31.86</ele>
      </trkpt>
      <trkpt lat="36.406550919637084" lon="140.56007897481322">
        <ele>31.97</ele>
      </trkpt>
      <trkpt lat="36.4066849462688" lon="140.56024393066764">
        <ele>32.08</ele>
      </trkpt>
      <trkpt lat="36.40683699399233" lon="140.56039195507765">
        <ele>32.21</ele>
      </trkpt>
      <trkpt lat="36.40700697898865" lon="140.5605709925294">
        <ele>32.36</ele>
      </trkpt>
      <trkpt lat="36.40711896121502" lon="140.5606759339571">
        <ele>32.5</ele>
      </trkpt>
      <trkpt lat="36.407284922897816" lon="140.5608469247818">
        <ele>32.62</ele>
      </trkpt>
      <trkpt lat="36.40735398977995" lon="140.56093694642186">
        <ele>32.69</ele>
      </trkpt>
      <trkpt lat="36.40747896395624" lon="140.5611019860953">
        <ele>32.75</ele>
      </trkpt>
      <trkpt lat="36.407623970881104" lon="140.56131295859814">
        <ele>32.81</ele>
      </trkpt>
      <trkpt lat="36.40776093117893" lon="140.5615179799497">
        <ele>32.86</ele>
      </trkpt>
      <trkpt lat="36.40785195864737" lon="140.56165896356106">
        <ele>32.9</ele>
      </trkpt>
      <trkpt lat="36.4079749211669" lon="140.56184294633567">
        <ele>32.94</ele>
      </trkpt>
      <trkpt lat="36.4081009849906" lon="140.56200798600912">
        <ele>32.99</ele>
      </trkpt>
      <trkpt lat="36.408224953338504" lon="140.56218098849058">
        <ele>33.04</ele>
      </trkpt>
      <trkpt lat="36.408313969150186" lon="140.56230596266687">
        <ele>33.08</ele>
      </trkpt>
      <trkpt lat="36.40844992361963" lon="140.56250897236168">
        <ele>33.1</ele>
      </trkpt>
      <trkpt lat="36.40851295553148" lon="140.5625909473747">
        <ele>33.14</ele>
      </trkpt>
      <trkpt lat="36.40867196023464" lon="140.56276797316968">
        <ele>33.18</ele>
      </trkpt>
      <trkpt lat="36.40878897160292" lon="140.56285195983946">
        <ele>33.21</ele>
      </trkpt>
      <trkpt lat="36.4089089166373" lon="140.5629019998014">
        <ele>33.24</ele>
      </trkpt>
      <trkpt lat="36.40899399295449" lon="140.56289294734597">
        <ele>33.28</ele>
      </trkpt>
      <trkpt lat="36.40905995853245" lon="140.5628409795463">
        <ele>33.3</ele>
      </trkpt>
      <trkpt lat="36.40909398905933" lon="140.56274995207787">
        <ele>33.34</ele>
      </trkpt>
      <trkpt lat="36.40918199904263" lon="140.56253696791828">
        <ele>33.38</ele>
      </trkpt>
      <trkpt lat="36.40926699154079" lon="140.56234192103148">
        <ele>33.46</ele>
      </trkpt>
      <trkpt lat="36.40938098542392" lon="140.56210395880044">
        <ele>33.56</ele>
      </trkpt>
      <trkpt lat="36.409473940730095" lon="140.56190094910562">
        <ele>33.63</ele>
      </trkpt>
      <trkpt lat="36.40955398790538" lon="140.5616989452392">
        <ele>33.72</ele>
      </trkpt>
      <trkpt lat="36.40965792350471" lon="140.56146198883653">
        <ele>33.81</ele>
      </trkpt>
      <trkpt lat="36.40976797789335" lon="140.5612349230796">
        <ele>33.93</ele>
      </trkpt>
      <trkpt lat="36.40985297039151" lon="140.56104892864823">
        <ele>33.98</ele>
      </trkpt>
      <trkpt lat="36.40993695706129" lon="140.5608469247818">
        <ele>34.03</ele>
      </trkpt>
      <trkpt lat="36.41003795899451" lon="140.56066093035042">
        <ele>34.05</ele>
      </trkpt>
      <trkpt lat="36.4100849814713" lon="140.560569986701">
        <ele>34.07</ele>
      </trkpt>
      <trkpt lat="36.41017894260585" lon="140.56037795729935">
        <ele>34.03</ele>
      </trkpt>
      <trkpt lat="36.41025194898248" lon="140.56023295037448">
        <ele>33.99</ele>
      </trkpt>
      <trkpt lat="36.410354962572455" lon="140.5600379873067">
        <ele>33.95</ele>
      </trkpt>
      <trkpt lat="36.410458981990814" lon="140.55984595790505">
        <ele>33.9</ele>
      </trkpt>
      <trkpt lat="36.410482954233885" lon="140.5597969237715">
        <ele>33.84</ele>
      </trkpt>
      <trkpt lat="36.41058093868196" lon="140.559607995674">
        <ele>33.76</ele>
      </trkpt>
      <trkpt lat="36.410631984472275" lon="140.55950799956918">
        <ele>33.68</ele>
      </trkpt>
      <trkpt lat="36.410655956715345" lon="140.55946198292077">
        <ele>33.6</ele>
      </trkpt>
      <trkpt lat="36.410698955878615" lon="140.55936793796718">
        <ele>33.49</ele>
      </trkpt>
      <trkpt lat="36.41076399944723" lon="140.55921195074916">
        <ele>33.41</ele>
      </trkpt>
      <trkpt lat="36.41086399555206" lon="140.55902796797454">
        <ele>33.31</ele>
      </trkpt>
      <trkpt lat="36.41090992838144" lon="140.5589289776981">
        <ele>33.25</ele>
      </trkpt>
      <trkpt lat="36.410976983606815" lon="140.5587799474597">
        <ele>33.2</ele>
      </trkpt>
      <trkpt lat="36.41107597388327" lon="140.55854097940028">
        <ele>33.13</ele>
      </trkpt>
      <trkpt lat="36.41116197220981" lon="140.55833897553384">
        <ele>33.09</ele>
      </trkpt>
      <trkpt lat="36.411255933344364" lon="140.55814694613218">
        <ele>33.05</ele>
      </trkpt>
      <trkpt lat="36.4113699272275" lon="140.55795894004405">
        <ele>32.98</ele>
      </trkpt>
      <trkpt lat="36.41148895025253" lon="140.55772399529815">
        <ele>32.94</ele>
      </trkpt>
      <trkpt lat="36.41159296967089" lon="140.55753892287612">
        <ele>32.92</ele>
      </trkpt>
      <trkpt lat="36.41161694191396" lon="140.55749198421836">
        <ele>32.88</ele>
      </trkpt>
      <trkpt lat="36.411708975210786" lon="140.55729894898832">
        <ele>32.8</ele>
      </trkpt>
      <trkpt lat="36.41175691969693" lon="140.55720792151988">
        <ele>32.74</ele>
      </trkpt>
      <trkpt lat="36.41178097575903" lon="140.55716391652822">
        <ele>32.69</ele>
      </trkpt>
      <trkpt lat="36.411838978528976" lon="140.5570869706571">
        <ele>32.65</ele>
      </trkpt>
      <trkpt lat="36.41191299073398" lon="140.5570459831506">
        <ele>32.62</ele>
      </trkpt>
      <trkpt lat="36.412027990445495" lon="140.55705595761538">
        <ele>32.57</ele>
      </trkpt>
      <trkpt lat="36.412070989608765" lon="140.5570819415152">
        <ele>32.54</ele>
      </trkpt>
      <trkpt lat="36.412117928266525" lon="140.55711597204208">
        <ele>32.5</ele>
      </trkpt>
      <trkpt lat="36.412311969324946" lon="140.55725494399667">
        <ele>32.45</ele>
      </trkpt>
      <trkpt lat="36.41247893683612" lon="140.5573789961636">
        <ele>32.41</ele>
      </trkpt>
      <trkpt lat="36.41263794153929" lon="140.55750195868313">
        <ele>32.4</ele>
      </trkpt>
      <trkpt lat="36.412720922380686" lon="140.55756197310984">
        <ele>32.38</ele>
      </trkpt>
      <trkpt lat="36.41289794817567" lon="140.55768191814423">
        <ele>32.36</ele>
      </trkpt>
      <trkpt lat="36.41305393539369" lon="140.55780798196793">
        <ele>32.35</ele>
      </trkpt>
      <trkpt lat="36.41320891678333" lon="140.55792197585106">
        <ele>32.39</ele>
      </trkpt>
      <trkpt lat="36.41336699947715" lon="140.5580349639058">
        <ele>32.43</ele>
      </trkpt>
      <trkpt lat="36.41339792869985" lon="140.5580629594624">
        <ele>32.44</ele>
      </trkpt>
      <trkpt lat="36.41358098946512" lon="140.55819991976023">
        <ele>32.47</ele>
      </trkpt>
      <trkpt lat="36.41377997584641" lon="140.55832891725004">
        <ele>32.39</ele>
      </trkpt>
      <trkpt lat="36.41381995752454" lon="140.558357918635">
        <ele>32.36</ele>
      </trkpt>
      <trkpt lat="36.41393093392253" lon="140.55844391696155">
        <ele>32.34</ele>
      </trkpt>
      <trkpt lat="36.41412095166743" lon="140.55859093554318">
        <ele>32.36</ele>
      </trkpt>
      <trkpt lat="36.41428096219897" lon="140.5587109643966">
        <ele>32.34</ele>
      </trkpt>
      <trkpt lat="36.41447399742901" lon="140.5588409677148">
        <ele>32.31</ele>
      </trkpt>
      <trkpt lat="36.414633924141526" lon="140.55896694771945">
        <ele>32.25</ele>
      </trkpt>
      <trkpt lat="36.41474699601531" lon="140.55905998684466">
        <ele>32.21</ele>
      </trkpt>
      <trkpt lat="36.414929972961545" lon="140.55920398794115">
        <ele>32.17</ele>
      </trkpt>
      <trkpt lat="36.41501094214618" lon="140.55926794186234">
        <ele>32.13</ele>
      </trkpt>
      <trkpt lat="36.415166929364204" lon="140.55938495323062">
        <ele>32.08</ele>
      </trkpt>
      <trkpt lat="36.41534797847271" lon="140.55953096598387">
        <ele>32.03</ele>
      </trkpt>
      <trkpt lat="36.41538594849408" lon="140.5595619790256">
        <ele>31.98</ele>
      </trkpt>
      <trkpt lat="36.41554092988372" lon="140.55967697873712">
        <ele>31.92</ele>
      </trkpt>
      <trkpt lat="36.41569197177887" lon="140.55979197844863">
        <ele>31.86</ele>
      </trkpt>
      <trkpt lat="36.415790962055326" lon="140.55990194901824">
        <ele>31.8</ele>
      </trkpt>
      <trkpt lat="36.41582096926868" lon="140.56000496260822">
        <ele>31.73</ele>
      </trkpt>
      <trkpt lat="36.41580294817686" lon="140.5601209681481">
        <ele>31.66</ele>
      </trkpt>
      <trkpt lat="36.41578593291342" lon="140.56017796508968">
        <ele>31.59</ele>
      </trkpt>
      <trkpt lat="36.41575793735683" lon="140.5602319445461">
        <ele>31.51</ele>
      </trkpt>
      <trkpt lat="36.415660958737135" lon="140.56039597839117">
        <ele>31.44</ele>
      </trkpt>
      <trkpt lat="36.41562692821026" lon="140.56044895201921">
        <ele>31.36</ele>
      </trkpt>
      <trkpt lat="36.415511928498745" lon="140.56066294200718">
        <ele>31.27</ele>
      </trkpt>
      <trkpt lat="36.41539592295885" lon="140.560865951702">
        <ele>31.16</ele>
      </trkpt>
      <trkpt lat="36.41536599956453" lon="140.56091398000717">
        <ele>31.08</ele>
      </trkpt>
      <trkpt lat="36.41528494656086" lon="140.56106192059815">
        <ele>31.01</ele>
      </trkpt>
      <trkpt lat="36.41517698764801" lon="140.56127892807126">
        <ele>30.93</ele>
      </trkpt>
      <trkpt lat="36.41505595296621" lon="140.56147892028093">
        <ele>30.88</ele>
      </trkpt>
      <trkpt lat="36.41496199183166" lon="140.56167497299612">
        <ele>30.77</ele>
      </trkpt>
      <trkpt lat="36.414886973798275" lon="140.56181997992098">
        <ele>30.72</ele>
      </trkpt>
      <trkpt lat="36.41478798352182" lon="140.56202491745353">
        <ele>30.63</ele>
      </trkpt>
      <trkpt lat="36.414669966325164" lon="140.56225298903883">
        <ele>30.64</ele>
      </trkpt>
      <trkpt lat="36.414566952735186" lon="140.56245197542012">
        <ele>30.68</ele>
      </trkpt>
      <trkpt lat="36.41446695663035" lon="140.5626559909433">
        <ele>30.73</ele>
      </trkpt>
      <trkpt lat="36.4144419785589" lon="140.56270896457136">
        <ele>30.7</ele>
      </trkpt>
      <trkpt lat="36.41435698606074" lon="140.56292194873095">
        <ele>30.65</ele>
      </trkpt>
      <trkpt lat="36.414286997169256" lon="140.56307793594897">
        <ele>30.59</ele>
      </trkpt>
      <trkpt lat="36.414223965257406" lon="140.56323098950088">
        <ele>30.57</ele>
      </trkpt>
      <trkpt lat="36.41414299607277" lon="140.56338094174862">
        <ele>30.51</ele>
      </trkpt>
      <trkpt lat="36.41404492780566" lon="140.56358495727181">
        <ele>30.52</ele>
      </trkpt>
      <trkpt lat="36.41393495723605" lon="140.56377899833024">
        <ele>30.51</ele>
      </trkpt>
      <trkpt lat="36.4139099791646" lon="140.56382895447314">
        <ele>30.54</ele>
      </trkpt>
      <trkpt lat="36.413812916725874" lon="140.56402299553156">
        <ele>30.59</ele>
      </trkpt>
      <trkpt lat="36.41371593810618" lon="140.5642139352858">
        <ele>30.66</ele>
      </trkpt>
      <trkpt lat="36.41369297169149" lon="140.56426196359098">
        <ele>30.73</ele>
      </trkpt>
      <trkpt lat="36.41358995810151" lon="140.56445793248713">
        <ele>30.83</ele>
      </trkpt>
      <trkpt lat="36.41348392702639" lon="140.56465197354555">
        <ele>30.91</ele>
      </trkpt>
      <trkpt lat="36.41339097172022" lon="140.56484693661332">
        <ele>31.07</ele>
      </trkpt>
      <trkpt lat="36.41329592093825" lon="140.56504994630814">
        <ele>31.17</ele>
      </trkpt>
      <trkpt lat="36.413214951753616" lon="140.5652559734881">
        <ele>31.26</ele>
      </trkpt>
      <trkpt lat="36.413168935105205" lon="140.56535596959293">
        <ele>31.38</ele>
      </trkpt>
      <trkpt lat="36.41307095065713" lon="140.56556392461061">
        <ele>31.48</ele>
      </trkpt>
      <trkpt lat="36.412996938452125" lon="140.56571496650577">
        <ele>31.62</ele>
      </trkpt>
      <trkpt lat="36.41289694234729" lon="140.56591294705868">
        <ele>31.78</ele>
      </trkpt>
      <trkpt lat="36.412806920707226" lon="140.56611796841025">
        <ele>31.93</ele>
      </trkpt>
      <trkpt lat="36.412781942635775" lon="140.56616691872478">
        <ele>32.03</ele>
      </trkpt>
      <trkpt lat="36.412759982049465" lon="140.5662179645151">
        <ele>32.11</ele>
      </trkpt>
      <trkpt lat="36.412674989551306" lon="140.56642198003829">
        <ele>32.16</ele>
      </trkpt>
      <trkpt lat="36.41259494237602" lon="140.56661694310606">
        <ele>32.22</ele>
      </trkpt>
      <trkpt lat="36.412565940991044" lon="140.5666609480977">
        <ele>32.27</ele>
      </trkpt>
      <trkpt lat="36.41245597042143" lon="140.5668459367007">
        <ele>32.31</ele>
      </trkpt>
      <trkpt lat="36.41241196542978" lon="140.56694995611906">
        <ele>32.36</ele>
      </trkpt>
      <trkpt lat="36.412329990416765" lon="140.56715397164226">
        <ele>32.38</ele>
      </trkpt>
      <trkpt lat="36.41231699846685" lon="140.5672069452703">
        <ele>32.38</ele>
      </trkpt>
      <trkpt lat="36.41233895905316" lon="140.56730593554676">
        <ele>32.36</ele>
      </trkpt>
      <trkpt lat="36.41240391880274" lon="140.5673919338733">
        <ele>32.31</ele>
      </trkpt>
      <trkpt lat="36.412482960149646" lon="140.56747298687696">
        <ele>32.25</ele>
      </trkpt>
      <trkpt lat="36.41264598816633" lon="140.5676229391247">
        <ele>32.25</ele>
      </trkpt>
      <trkpt lat="36.412763921543956" lon="140.56773592717946">
        <ele>32.24</ele>
      </trkpt>
      <trkpt lat="36.41289694234729" lon="140.56791194714606">
        <ele>32.23</ele>
      </trkpt>
      <trkpt lat="36.41292795538902" lon="140.5679559521377">
        <ele>32.2</ele>
      </trkpt>
      <trkpt lat="36.412978917360306" lon="140.56804597377777">
        <ele>32.16</ele>
      </trkpt>
      <trkpt lat="36.413030968979" lon="140.56813599541783">
        <ele>32.13</ele>
      </trkpt>
      <trkpt lat="36.41313398256898" lon="140.56832098402083">
        <ele>32.08</ele>
      </trkpt>
      <trkpt lat="36.41320598311722" lon="140.5684559326619">
        <ele>32.05</ele>
      </trkpt>
      <trkpt lat="36.413230961188674" lon="140.56850094348192">
        <ele>32.02</ele>
      </trkpt>
      <trkpt lat="36.41331193037331" lon="140.56864293292165">
        <ele>32.0</ele>
      </trkpt>
      <trkpt lat="36.413361970335245" lon="140.56874393485487">
        <ele>31.98</ele>
      </trkpt>
      <trkpt lat="36.41346498392522" lon="140.56895297951996">
        <ele>31.97</ele>
      </trkpt>
      <trkpt lat="36.41352692618966" lon="140.56910393759608">
        <ele>31.94</ele>
      </trkpt>
      <trkpt lat="36.41361393034458" lon="140.56930795311928">
        <ele>31.91</ele>
      </trkpt>
      <trkpt lat="36.413704957813025" lon="140.56955597363412">
        <ele>31.85</ele>
      </trkpt>
      <trkpt lat="36.413725996389985" lon="140.56960492394865">
        <ele>31.83</ele>
      </trkpt>
      <trkpt lat="36.413811994716525" lon="140.5698529444635">
        <ele>31.78</ele>
      </trkpt>
      <trkpt lat="36.41390394419432" lon="140.57009995914996">
        <ele>31.8</ele>
      </trkpt>
      <trkpt lat="36.413983991369605" lon="140.57035099714994">
        <ele>31.88</ele>
      </trkpt>
      <trkpt lat="36.41403495334089" lon="140.5705059785396">
        <ele>31.95</ele>
      </trkpt>
      <trkpt lat="36.41409798525274" lon="140.57071996852756">
        <ele>32.04</ele>
      </trkpt>
      <trkpt lat="36.41416596248746" lon="140.5709349643439">
        <ele>32.09</ele>
      </trkpt>
      <trkpt lat="36.414220947772264" lon="140.5711429193616">
        <ele>32.13</ele>
      </trkpt>
      <trkpt lat="36.414245925843716" lon="140.5712499562651">
        <ele>32.17</ele>
      </trkpt>
      <trkpt lat="36.414306946098804" lon="140.57146294042468">
        <ele>32.23</ele>
      </trkpt>
      <trkpt lat="36.41436494886875" lon="140.5716709792614">
        <ele>32.25</ele>
      </trkpt>
      <trkpt lat="36.41442596912384" lon="140.5718889925629">
        <ele>32.28</ele>
      </trkpt>
      <trkpt lat="36.41450693830848" lon="140.57214598171413">
        <ele>32.32</ele>
      </trkpt>
      <trkpt lat="36.41456192359328" lon="140.57230297476053">
        <ele>32.35</ele>
      </trkpt>
      <trkpt lat="36.4145939424634" lon="140.57239894755185">
        <ele>32.39</ele>
      </trkpt>
      <trkpt lat="36.4146819524467" lon="140.57264897972345">
        <ele>32.42</ele>
      </trkpt>
      <trkpt lat="36.414756970480084" lon="140.57285693474114">
        <ele>32.43</ele>
      </trkpt>
      <trkpt lat="36.414822936058044" lon="140.57301099412143">
        <ele>32.45</ele>
      </trkpt>
      <trkpt lat="36.414864929392934" lon="140.57311492972076">
        <ele>32.47</ele>
      </trkpt>
      <trkpt lat="36.41491999849677" lon="140.57327192276716">
        <ele>32.48</ele>
      </trkpt>
      <trkpt lat="36.414934918284416" lon="140.57332296855748">
        <ele>32.5</ele>
      </trkpt>
      <trkpt lat="36.414997950196266" lon="140.5734649579972">
        <ele>32.47</ele>
      </trkpt>
      <trkpt lat="36.415056958794594" lon="140.57351399213076">
        <ele>32.47</ele>
      </trkpt>
      <trkpt lat="36.4151309709996" lon="140.57351298630238">
        <ele>32.48</ele>
      </trkpt>
      <trkpt lat="36.415169946849346" lon="140.57349999435246">
        <ele>32.5</ele>
      </trkpt>
      <trkpt lat="36.41536993905902" lon="140.57339396327734">
        <ele>32.52</ele>
      </trkpt>
      <trkpt lat="36.41545199789107" lon="140.5733539815992">
        <ele>32.58</ele>
      </trkpt>
      <trkpt lat="36.415661964565516" lon="140.57327896356583">
        <ele>32.64</ele>
      </trkpt>
      <trkpt lat="36.415787944570184" lon="140.57322992943227">
        <ele>32.67</ele>
      </trkpt>
      <trkpt lat="36.41599698923528" lon="140.57314896024764">
        <ele>32.69</ele>
      </trkpt>
      <trkpt lat="36.41621097922325" lon="140.5730819888413">
        <ele>32.69</ele>
      </trkpt>
      <trkpt lat="36.41625599004328" lon="140.57306597940624">
        <ele>32.68</ele>
      </trkpt>
      <trkpt lat="36.416459921747446" lon="140.5729889497161">
        <ele>32.71</ele>
      </trkpt>
      <trkpt lat="36.416502920910716" lon="140.57297294028103">
        <ele>32.71</ele>
      </trkpt>
      <trkpt lat="36.41658095642924" lon="140.5729329586029">
        <ele>32.7</ele>
      </trkpt>
      <trkpt lat="36.4167819544673" lon="140.57282793335617">
        <ele>32.72</ele>
      </trkpt>
      <trkpt lat="36.41694095917046" lon="140.57274193502963">
        <ele>32.66</ele>
      </trkpt>
      <trkpt lat="36.417142963036895" lon="140.57263095863163">
        <ele>32.56</ele>
      </trkpt>
      <trkpt lat="36.41734295524657" lon="140.5725119356066">
        <ele>32.4</ele>
      </trkpt>
      <trkpt lat="36.417544959113" lon="140.5723919905722">
        <ele>32.19</ele>
      </trkpt>
      <trkpt lat="36.41773992218077" lon="140.57227397337556">
        <ele>31.93</ele>
      </trkpt>
      <trkpt lat="36.41785995103419" lon="140.57219493202865">
        <ele>31.74</ele>
      </trkpt>
      <trkpt lat="36.418062960729" lon="140.57207599282265">
        <ele>31.57</ele>
      </trkpt>
      <trkpt lat="36.41821593046188" lon="140.57198295369744">
        <ele>31.39</ele>
      </trkpt>
      <trkpt lat="36.41829497180879" lon="140.57193299755454">
        <ele>31.21</ele>
      </trkpt>
      <trkpt lat="36.41846294514835" lon="140.5718359351158">
        <ele>30.99</ele>
      </trkpt>
      <trkpt lat="36.41857693903148" lon="140.57175295427442">
        <ele>30.79</ele>
      </trkpt>
      <trkpt lat="36.4187159948051" lon="140.57168195955455">
        <ele>30.57</ele>
      </trkpt>
      <trkpt lat="36.418881956487894" lon="140.57157098315656">
        <ele>30.38</ele>
      </trkpt>
      <trkpt lat="36.419033920392394" lon="140.57144491933286">
        <ele>30.2</ele>
      </trkpt>
      <trkpt lat="36.41915193758905" lon="140.5713709909469">
        <ele>30.03</ele>
      </trkpt>
      <trkpt lat="36.41932192258537" lon="140.5712689831853">
        <ele>29.88</ele>
      </trkpt>
      <trkpt lat="36.419487968087196" lon="140.5711569171399">
        <ele>29.78</ele>
      </trkpt>
      <trkpt lat="36.41956793144345" lon="140.57109992019832">
        <ele>29.71</ele>
      </trkpt>
      <trkpt lat="36.41975694335997" lon="140.5709439329803">
        <ele>29.7</ele>
      </trkpt>
      <trkpt lat="36.41990496776998" lon="140.5708139296621">
        <ele>29.7</ele>
      </trkpt>
      <trkpt lat="36.4200939796865" lon="140.570662971586">
        <ele>29.75</ele>
      </trkpt>
      <trkpt lat="36.420168997719884" lon="140.57062298990786">
        <ele>29.77</ele>
      </trkpt>
      <trkpt lat="36.420303946360946" lon="140.5705549288541">
        <ele>29.81</ele>
      </trkpt>
      <trkpt lat="36.42034895718098" lon="140.57052995078266">
        <ele>29.89</ele>
      </trkpt>
      <trkpt lat="36.42048097215593" lon="140.5704589560628">
        <ele>29.99</ele>
      </trkpt>
      <trkpt lat="36.42060996964574" lon="140.5703899729997">
        <ele>30.07</ele>
      </trkpt>
      <trkpt lat="36.420647939667106" lon="140.5703659169376">
        <ele>30.17</ele>
      </trkpt>
      <trkpt lat="36.420816918835044" lon="140.57027799077332">
        <ele>30.32</ele>
      </trkpt>
      <trkpt lat="36.42089797183871" lon="140.5702329799533">
        <ele>30.45</ele>
      </trkpt>
      <trkpt lat="36.42110894434154" lon="140.5701309721917">
        <ele>30.59</ele>
      </trkpt>
      <trkpt lat="36.42119796015322" lon="140.57008596137166">
        <ele>30.73</ele>
      </trkpt>
      <trkpt lat="36.421373980119824" lon="140.56999694555998">
        <ele>30.9</ele>
      </trkpt>
      <trkpt lat="36.421545976772904" lon="140.5699179880321">
        <ele>31.07</ele>
      </trkpt>
      <trkpt lat="36.421590987592936" lon="140.5698989611119">
        <ele>31.2</ele>
      </trkpt>
      <trkpt lat="36.42177195288241" lon="140.56981799192727">
        <ele>31.29</ele>
      </trkpt>
      <trkpt lat="36.42189893871546" lon="140.56974096223712">
        <ele>31.35</ele>
      </trkpt>
      <trkpt lat="36.422019973397255" lon="140.56966493837535">
        <ele>31.43</ele>
      </trkpt>
      <trkpt lat="36.4220539201051" lon="140.56963593699038">
        <ele>31.51</ele>
      </trkpt>
      <trkpt lat="36.42219599336386" lon="140.5695199314505">
        <ele>31.57</ele>
      </trkpt>
      <trkpt lat="36.42237997613847" lon="140.5694279819727">
        <ele>31.61</ele>
      </trkpt>
      <trkpt lat="36.422469997778535" lon="140.56938498280942">
        <ele>31.67</ele>
      </trkpt>
      <trkpt lat="36.42265599220991" lon="140.56932698003948">
        <ele>31.74</ele>
      </trkpt>
      <trkpt lat="36.42274299636483" lon="140.56931893341243">
        <ele>31.81</ele>
      </trkpt>
      <trkpt lat="36.42282798886299" lon="140.56930795311928">
        <ele>31.87</ele>
      </trkpt>
      <trkpt lat="36.42303896136582" lon="140.56924399919808">
        <ele>31.94</ele>
      </trkpt>
      <trkpt lat="36.423075925558805" lon="140.5692239664495">
        <ele>31.99</ele>
      </trkpt>
      <trkpt lat="36.423155972734094" lon="140.56917199864984">
        <ele>32.07</ele>
      </trkpt>
      <trkpt lat="36.42327398993075" lon="140.56908398866653">
        <ele>32.16</ele>
      </trkpt>
      <trkpt lat="36.423307936638594" lon="140.56905096396804">
        <ele>32.22</ele>
      </trkpt>
      <trkpt lat="36.42344699241221" lon="140.5688849184662">
        <ele>32.36</ele>
      </trkpt>
      <trkpt lat="36.423503989353776" lon="140.56881291791797">
        <ele>32.43</ele>
      </trkpt>
      <trkpt lat="36.4235719665885" lon="140.5687379837036">
        <ele>32.45</ele>
      </trkpt>
      <trkpt lat="36.42372099682689" lon="140.56854696013033">
        <ele>32.42</ele>
      </trkpt>
      <trkpt lat="36.42388192936778" lon="140.56835493072867">
        <ele>32.36</ele>
      </trkpt>
      <trkpt lat="36.423954935744405" lon="140.56828594766557">
        <ele>32.4</ele>
      </trkpt>
      <trkpt lat="36.424104971811175" lon="140.56814999319613">
        <ele>32.47</ele>
      </trkpt>
      <trkpt lat="36.42418392933905" lon="140.56810196489096">
        <ele>32.53</ele>
      </trkpt>
      <trkpt lat="36.42422994598746" lon="140.56808897294104">
        <ele>32.56</ele>
      </trkpt>
      <trkpt lat="36.424316950142384" lon="140.5680779926479">
        <ele>32.6</ele>
      </trkpt>
      <trkpt lat="36.42438995651901" lon="140.5680669285357">
        <ele>32.63</ele>
      </trkpt>
      <trkpt lat="36.424596989527345" lon="140.56803792715073">
        <ele>32.66</ele>
      </trkpt>
      <trkpt lat="36.424759933725" lon="140.56800699792802">
        <ele>32.67</ele>
      </trkpt>
      <trkpt lat="36.42495598644018" lon="140.56797397322953">
        <ele>32.68</ele>
      </trkpt>
      <trkpt lat="36.42516394145787" lon="140.5679369252175">
        <ele>32.77</ele>
      </trkpt>
      <trkpt lat="36.425197971984744" lon="140.56793097406626">
        <ele>32.78</ele>
      </trkpt>
      <trkpt lat="36.42538798972964" lon="140.567858973518">
        <ele>32.81</ele>
      </trkpt>
      <trkpt lat="36.42551095224917" lon="140.56782594881952">
        <ele>32.76</ele>
      </trkpt>
      <trkpt lat="36.4255509339273" lon="140.56782393716276">
        <ele>32.71</ele>
      </trkpt>
      <trkpt lat="36.42559493891895" lon="140.56783097796142">
        <ele>32.65</ele>
      </trkpt>
      <trkpt lat="36.42576794140041" lon="140.56788294576108">
        <ele>32.54</ele>
      </trkpt>
      <trkpt lat="36.42590498551726" lon="140.56792493909597">
        <ele>32.44</ele>
      </trkpt>
      <trkpt lat="36.425991989672184" lon="140.56792695075274">
        <ele>32.32</ele>
      </trkpt>
      <trkpt lat="36.42603197135031" lon="140.5679229274392">
        <ele>32.17</ele>
      </trkpt>
      <trkpt lat="36.42615895718336" lon="140.56791697628796">
        <ele>32.0</ele>
      </trkpt>
      <trkpt lat="36.42635492607951" lon="140.56795896962285">
        <ele>31.8</ele>
      </trkpt>
      <trkpt lat="36.42652893438935" lon="140.56802191771567">
        <ele>31.62</ele>
      </trkpt>
      <trkpt lat="36.42671291716397" lon="140.56810095906258">
        <ele>31.4</ele>
      </trkpt>
      <trkpt lat="36.42675499431789" lon="140.56812291964889">
        <ele>31.15</ele>
      </trkpt>
      <trkpt lat="36.42679899930954" lon="140.56814496405423">
        <ele>30.89</ele>
      </trkpt>
      <trkpt lat="36.42683998681605" lon="140.5682299565524">
        <ele>30.58</ele>
      </trkpt>
      <trkpt lat="36.42682791687548" lon="140.56835099123418">
        <ele>30.27</ele>
      </trkpt>
      <trkpt lat="36.426811991259456" lon="140.5683999415487">
        <ele>29.95</ele>
      </trkpt>
      <trkpt lat="36.426705960184336" lon="140.56868199259043">
        <ele>29.63</ele>
      </trkpt>
      <trkpt lat="36.42666899599135" lon="140.56878693401814">
        <ele>29.3</ele>
      </trkpt>
      <trkpt lat="36.42664594575763" lon="140.56885097175837">
        <ele>28.94</ele>
      </trkpt>
      <trkpt lat="36.426573945209384" lon="140.5690609384328">
        <ele>28.64</ele>
      </trkpt>
      <trkpt lat="36.42653999850154" lon="140.56917392648757">
        <ele>28.28</ele>
      </trkpt>
      <trkpt lat="36.426464980468154" lon="140.5693949572742">
        <ele>27.92</ele>
      </trkpt>
      <trkpt lat="36.42638996243477" lon="140.56962395086884">
        <ele>27.48</ele>
      </trkpt>
      <trkpt lat="36.426316956058145" lon="140.56985596194863">
        <ele>26.98</ele>
      </trkpt>
      <trkpt lat="36.426231963559985" lon="140.57008093222976">
        <ele>26.44</ele>
      </trkpt>
      <trkpt lat="36.426189970225096" lon="140.5701909866184">
        <ele>25.9</ele>
      </trkpt>
      <trkpt lat="36.42609894275665" lon="140.57039299048483">
        <ele>25.33</ele>
      </trkpt>
      <trkpt lat="36.42598997801542" lon="140.57060496881604">
        <ele>24.79</ele>
      </trkpt>
      <trkpt lat="36.42587992362678" lon="140.5708149354905">
        <ele>24.29</ele>
      </trkpt>
      <trkpt lat="36.42577598802745" lon="140.57101299986243">
        <ele>23.83</ele>
      </trkpt>
      <trkpt lat="36.425714967772365" lon="140.57111592963338">
        <ele>23.4</ele>
      </trkpt>
      <trkpt lat="36.42568596638739" lon="140.57116898708045">
        <ele>23.0</ele>
      </trkpt>
      <trkpt lat="36.425564931705594" lon="140.5713789537549">
        <ele>22.61</ele>
      </trkpt>
      <trkpt lat="36.42544196918607" lon="140.57158397510648">
        <ele>22.25</ele>
      </trkpt>
      <trkpt lat="36.42531892284751" lon="140.57179193012416">
        <ele>21.86</ele>
      </trkpt>
      <trkpt lat="36.42528095282614" lon="140.571854962036">
        <ele>21.6</ele>
      </trkpt>
      <trkpt lat="36.42518891952932" lon="140.57199594564736">
        <ele>21.36</ele>
      </trkpt>
      <trkpt lat="36.42513192258775" lon="140.5721009708941">
        <ele>21.16</ele>
      </trkpt>
      <trkpt lat="36.42507995478809" lon="140.57220599614084">
        <ele>21.03</ele>
      </trkpt>
      <trkpt lat="36.424962943419814" lon="140.57241596281528">
        <ele>20.88</ele>
      </trkpt>
      <trkpt lat="36.42493695951998" lon="140.57247698307037">
        <ele>20.88</ele>
      </trkpt>
      <trkpt lat="36.42491893842816" lon="140.57251595892012">
        <ele>20.95</ele>
      </trkpt>
      <trkpt lat="36.42480896785855" lon="140.57271293364465">
        <ele>21.03</ele>
      </trkpt>
      <trkpt lat="36.42473696731031" lon="140.57286498136818">
        <ele>21.24</ele>
      </trkpt>
      <trkpt lat="36.42465298064053" lon="140.57306396774948">
        <ele>21.61</ele>
      </trkpt>
      <trkpt lat="36.424552984535694" lon="140.57324895635247">
        <ele>22.08</ele>
      </trkpt>
      <trkpt lat="36.42450797371566" lon="140.5733449291438">
        <ele>22.52</ele>
      </trkpt>
      <trkpt lat="36.42441191710532" lon="140.57357392273843">
        <ele>23.07</ele>
      </trkpt>
      <trkpt lat="36.42439297400415" lon="140.57361893355846">
        <ele>23.51</ele>
      </trkpt>
      <trkpt lat="36.42428895458579" lon="140.57384197600186">
        <ele>23.95</ele>
      </trkpt>
      <trkpt lat="36.4242469612509" lon="140.57393291965127">
        <ele>24.38</ele>
      </trkpt>
      <trkpt lat="36.42415995709598" lon="140.57416593655944">
        <ele>24.86</ele>
      </trkpt>
      <trkpt lat="36.42411896958947" lon="140.57425897568464">
        <ele>25.33</ele>
      </trkpt>
      <trkpt lat="36.42402299679816" lon="140.57448394596577">
        <ele>25.84</ele>
      </trkpt>
      <trkpt lat="36.42397195100784" lon="140.57461998425424">
        <ele>26.34</ele>
      </trkpt>
      <trkpt lat="36.42395191825926" lon="140.57466499507427">
        <ele>26.77</ele>
      </trkpt>
      <trkpt lat="36.423911936581135" lon="140.57475694455206">
        <ele>27.2</ele>
      </trkpt>
      <trkpt lat="36.42387195490301" lon="140.57490798644722">
        <ele>27.57</ele>
      </trkpt>
      <trkpt lat="36.42378796823323" lon="140.57516396977007">
        <ele>27.89</ele>
      </trkpt>
      <trkpt lat="36.42376894131303" lon="140.57521392591298">
        <ele>28.22</ele>
      </trkpt>
      <trkpt lat="36.42372795380652" lon="140.5753149278462">
        <ele>28.51</ele>
      </trkpt>
      <trkpt lat="36.42366098240018" lon="140.57552497833967">
        <ele>28.8</ele>
      </trkpt>
      <trkpt lat="36.423629969358444" lon="140.5756339430809">
        <ele>29.05</ele>
      </trkpt>
      <trkpt lat="36.42361395992339" lon="140.5756889283657">
        <ele>29.27</ele>
      </trkpt>
      <trkpt lat="36.423544976860285" lon="140.57590593583882">
        <ele>29.53</ele>
      </trkpt>
      <trkpt lat="36.42348596826196" lon="140.57613392360508">
        <ele>29.73</ele>
      </trkpt>
      <trkpt lat="36.42343198880553" lon="140.57634397409856">
        <ele>29.83</ele>
      </trkpt>
      <trkpt lat="36.4234009757638" lon="140.57645595632493">
        <ele>29.86</ele>
      </trkpt>
      <trkpt lat="36.4233869779855" lon="140.57651194743812">
        <ele>29.9</ele>
      </trkpt>
      <trkpt lat="36.42332595773041" lon="140.576730966568">
        <ele>29.85</ele>
      </trkpt>
      <trkpt lat="36.423310954123735" lon="140.57678796350956">
        <ele>29.85</ele>
      </trkpt>
      <trkpt lat="36.423265943303704" lon="140.57695996016264">
        <ele>29.82</ele>
      </trkpt>
      <trkpt lat="36.423201989382505" lon="140.5771789792925">
        <ele>29.85</ele>
      </trkpt>
      <trkpt lat="36.42318991944194" lon="140.57723698206246">
        <ele>29.8</ele>
      </trkpt>
      <trkpt lat="36.42313099466264" lon="140.57746295817196">
        <ele>29.75</ele>
      </trkpt>
      <trkpt lat="36.42308397218585" lon="140.57764492928982">
        <ele>29.65</ele>
      </trkpt>
      <trkpt lat="36.42305698245764" lon="140.57773998007178">
        <ele>29.55</ele>
      </trkpt>
      <trkpt lat="36.42299294471741" lon="140.5780069436878">
        <ele>29.47</ele>
      </trkpt>
      <trkpt lat="36.42295598052442" lon="140.57816695421934">
        <ele>29.42</ele>
      </trkpt>
      <trkpt lat="36.42291197553277" lon="140.5783209297806">
        <ele>29.43</ele>
      </trkpt>
      <trkpt lat="36.422901917248964" lon="140.57836996391416">
        <ele>29.41</ele>
      </trkpt>
      <trkpt lat="36.422861935570836" lon="140.57858093641698">
        <ele>29.5</ele>
      </trkpt>
      <trkpt lat="36.42278892919421" lon="140.5788349919021">
        <ele>29.58</ele>
      </trkpt>
      <trkpt lat="36.422730926424265" lon="140.57905099354684">
        <ele>29.54</ele>
      </trkpt>
      <trkpt lat="36.42271692864597" lon="140.57909298688173">
        <ele>29.51</ele>
      </trkpt>
      <trkpt lat="36.422646939754486" lon="140.5793479643762">
        <ele>29.38</ele>
      </trkpt>
      <trkpt lat="36.42261592671275" lon="140.5794499721378">
        <ele>29.33</ele>
      </trkpt>
      <trkpt lat="36.422559935599566" lon="140.57966396212578">
        <ele>29.27</ele>
      </trkpt>
      <trkpt lat="36.422492964193225" lon="140.57987392880023">
        <ele>29.29</ele>
      </trkpt>
      <trkpt lat="36.42244694754481" lon="140.58004098013043">
        <ele>29.32</ele>
      </trkpt>
      <trkpt lat="36.42242297530174" lon="140.5801389645785">
        <ele>29.35</ele>
      </trkpt>
      <trkpt lat="36.42236799001694" lon="140.58036795817316">
        <ele>29.42</ele>
      </trkpt>
      <trkpt lat="36.42230797559023" lon="140.58053199201822">
        <ele>29.45</ele>
      </trkpt>
      <trkpt lat="36.42223899252713" lon="140.58075495064259">
        <ele>29.48</ele>
      </trkpt>
      <trkpt lat="36.42220295034349" lon="140.5808699503541">
        <ele>29.53</ele>
      </trkpt>
      <trkpt lat="36.422169925644994" lon="140.58098997920752">
        <ele>29.59</ele>
      </trkpt>
      <trkpt lat="36.422105971723795" lon="140.5812359880656">
        <ele>29.65</ele>
      </trkpt>
      <trkpt lat="36.42207194119692" lon="140.58139096945524">
        <ele>29.74</ele>
      </trkpt>
      <trkpt lat="36.42199692316353" lon="140.58164997026324">
        <ele>29.96</ele>
      </trkpt>
      <trkpt lat="36.421955935657024" lon="140.58180495165288">
        <ele>30.22</ele>
      </trkpt>
      <trkpt lat="36.42188091762364" lon="140.58205196633935">
        <ele>30.56</ele>
      </trkpt>
      <trkpt lat="36.421852922067046" lon="140.5821509566158">
        <ele>30.8</ele>
      </trkpt>
      <trkpt lat="36.42183892428875" lon="140.5822019185871">
        <ele>31.01</ele>
      </trkpt>
      <trkpt lat="36.421808917075396" lon="140.5823039263487">
        <ele>31.25</ele>
      </trkpt>
      <trkpt lat="36.4217809215188" lon="140.5824019946158">
        <ele>31.45</ele>
      </trkpt>
      <trkpt lat="36.42173792235553" lon="140.58254993520677">
        <ele>31.65</ele>
      </trkpt>
      <trkpt lat="36.42171294428408" lon="140.5826549604535">
        <ele>31.83</ele>
      </trkpt>
      <trkpt lat="36.421680925413966" lon="140.58275495655835">
        <ele>31.98</ele>
      </trkpt>
      <trkpt lat="36.4216239284724" lon="140.5829649232328">
        <ele>32.1</ele>
      </trkpt>
      <trkpt lat="36.42156098037958" lon="140.5832289531827">
        <ele>32.16</ele>
      </trkpt>
      <trkpt lat="36.421505995094776" lon="140.58343699201941">
        <ele>32.27</ele>
      </trkpt>
      <trkpt lat="36.4214909914881" lon="140.58348996564746">
        <ele>32.36</ele>
      </trkpt>
      <trkpt lat="36.42143592238426" lon="140.58370395563543">
        <ele>32.51</ele>
      </trkpt>
      <trkpt lat="36.421377919614315" lon="140.58391492813826">
        <ele>32.66</ele>
      </trkpt>
      <trkpt lat="36.42130692489445" lon="140.58417996391654">
        <ele>32.7</ele>
      </trkpt>
      <trkpt lat="36.42125797457993" lon="140.58433997444808">
        <ele>32.71</ele>
      </trkpt>
      <trkpt lat="36.421203995123506" lon="140.58449797332287">
        <ele>32.7</ele>
      </trkpt>
      <trkpt lat="36.42116996459663" lon="140.58460392057896">
        <ele>32.67</ele>
      </trkpt>
      <trkpt lat="36.421118918806314" lon="140.58482293970883">
        <ele>32.59</ele>
      </trkpt>
      <trkpt lat="36.42109293490648" lon="140.58493299409747">
        <ele>32.53</ele>
      </trkpt>
      <trkpt lat="36.421075919643044" lon="140.58498395606875">
        <ele>32.47</ele>
      </trkpt>
      <trkpt lat="36.42100199125707" lon="140.58519199490547">
        <ele>32.33</ele>
      </trkpt>
      <trkpt lat="36.42097097821534" lon="140.58523097075522">
        <ele>32.31</ele>
      </trkpt>
      <trkpt lat="36.420926973223686" lon="140.58525695465505">
        <ele>32.3</ele>
      </trkpt>
      <trkpt lat="36.420837957412004" lon="140.5852729640901">
        <ele>32.29</ele>
      </trkpt>
      <trkpt lat="36.42065992578864" lon="140.58521999046206">
        <ele>32.28</ele>
      </trkpt>
      <trkpt lat="36.420492958277464" lon="140.5851349979639">
        <ele>32.28</ele>
      </trkpt>
      <trkpt lat="36.42037494108081" lon="140.5850779172033">
        <ele>32.34</ele>
      </trkpt>
      <trkpt lat="36.42019799910486" lon="140.58498898521066">
        <ele>32.43</ele>
      </trkpt>
      <trkpt lat="36.420112922787666" lon="140.5849489197135">
        <ele>32.52</ele>
      </trkpt>
      <trkpt lat="36.420025918632746" lon="140.5849129613489">
        <ele>32.62</ele>
      </trkpt>
      <trkpt lat="36.41985593363643" lon="140.58483098633587">
        <ele>32.72</ele>
      </trkpt>
      <trkpt lat="36.41981394030154" lon="140.5848099477589">
        <ele>32.82</ele>
      </trkpt>
      <trkpt lat="36.41972995363176" lon="140.58477298356593">
        <ele>32.92</ele>
      </trkpt>
      <trkpt lat="36.419550999999046" lon="140.5846999771893">
        <ele>33.06</ele>
      </trkpt>
      <trkpt lat="36.419418985024095" lon="140.58464398607612">
        <ele>33.19</ele>
      </trkpt>
      <trkpt lat="36.41921094618738" lon="140.58455396443605">
        <ele>33.31</ele>
      </trkpt>
      <trkpt lat="36.4190939348191" lon="140.5845049303025">
        <ele>33.43</ele>
      </trkpt>
      <trkpt lat="36.418883968144655" lon="140.5844089575112">
        <ele>33.59</ele>
      </trkpt>
      <trkpt lat="36.418841974809766" lon="140.5843889247626">
        <ele>33.71</ele>
      </trkpt>
      <trkpt lat="36.4187159948051" lon="140.58432798832655">
        <ele>33.84</ele>
      </trkpt>
      <trkpt lat="36.41855095513165" lon="140.5842559877783">
        <ele>33.96</ele>
      </trkpt>
      <trkpt lat="36.41838398762047" lon="140.58417895808816">
        <ele>34.04</ele>
      </trkpt>
      <trkpt lat="36.41820293851197" lon="140.584101928398">
        <ele>34.11</ele>
      </trkpt>
      <trkpt lat="36.41802893020213" lon="140.58402297087014">
        <ele>34.16</ele>
      </trkpt>
      <trkpt lat="36.4179009385407" lon="140.5839689914137">
        <ele>34.2</ele>
      </trkpt>
      <trkpt lat="36.41772793605924" lon="140.5838899500668">
        <ele>34.23</ele>
      </trkpt>
      <trkpt lat="36.417548982426524" lon="140.5838019400835">
        <ele>34.25</ele>
      </trkpt>
      <trkpt lat="36.417380925267935" lon="140.58371694758534">
        <ele>34.26</ele>
      </trkpt>
      <trkpt lat="36.41717397607863" lon="140.58363296091557">
        <ele>34.26</ele>
      </trkpt>
      <trkpt lat="36.41700197942555" lon="140.58355391956866">
        <ele>34.23</ele>
      </trkpt>
      <trkpt lat="36.41683492809534" lon="140.58347797952592">
        <ele>34.2</ele>
      </trkpt>
      <trkpt lat="36.41666494309902" lon="140.58340296149254">
        <ele>34.14</ele>
      </trkpt>
      <trkpt lat="36.41662395559251" lon="140.58338393457234">
        <ele>34.08</ele>
      </trkpt>
      <trkpt lat="36.41653795726597" lon="140.5833489820361">
        <ele>33.99</ele>
      </trkpt>
      <trkpt lat="36.416324973106384" lon="140.58325896039605">
        <ele>33.89</ele>
      </trkpt>
      <trkpt lat="36.416197987273335" lon="140.58319894596934">
        <ele>33.78</ele>
      </trkpt>
      <trkpt lat="36.41601593233645" lon="140.58312996290624">
        <ele>33.65</ele>
      </trkpt>
      <trkpt lat="36.41583697870374" lon="140.58306994847953">
        <ele>33.51</ele>
      </trkpt>
      <trkpt lat="36.41579699702561" lon="140.5830529332161">
        <ele>33.35</ele>
      </trkpt>
      <trkpt lat="36.41558795236051" lon="140.58297397568822">
        <ele>33.21</ele>
      </trkpt>
      <trkpt lat="36.41541193239391" lon="140.58290792629123">
        <ele>33.01</ele>
      </trkpt>
      <trkpt lat="36.41536792740226" lon="140.58288294821978">
        <ele>32.81</ele>
      </trkpt>
      <trkpt lat="36.41524295322597" lon="140.58280893601477">
        <ele>32.59</ele>
      </trkpt>
      <trkpt lat="36.41516491770744" lon="140.5827519390732">
        <ele>32.37</ele>
      </trkpt>
      <trkpt lat="36.415038937702775" lon="140.58266594074667">
        <ele>32.13</ele>
      </trkpt>
      <trkpt lat="36.41487498767674" lon="140.58253794908524">
        <ele>31.9</ele>
      </trkpt>
      <trkpt lat="36.4147889893502" lon="140.5824799463153">
        <ele>31.71</ele>
      </trkpt>
      <trkpt lat="36.414626967161894" lon="140.58236997574568">
        <ele>31.52</ele>
      </trkpt>
      <trkpt lat="36.414542980492115" lon="140.58232597075403">
        <ele>31.34</ele>
      </trkpt>
      <trkpt lat="36.414372995495796" lon="140.5822299979627">
        <ele>31.16</ele>
      </trkpt>
      <trkpt lat="36.41421298496425" lon="140.582132935524">
        <ele>30.96</ele>
      </trkpt>
      <trkpt lat="36.41408499330282" lon="140.58206495828927">
        <ele>30.81</ele>
      </trkpt>
      <trkpt lat="36.4139099791646" lon="140.58197292499244">
        <ele>30.73</ele>
      </trkpt>
      <trkpt lat="36.41386396251619" lon="140.58195599354804">
        <ele>30.61</ele>
      </trkpt>
      <trkpt lat="36.41367897391319" lon="140.58187695220113">
        <ele>30.53</ele>
      </trkpt>
      <trkpt lat="36.41358895227313" lon="140.5818419996649">
        <ele>30.45</ele>
      </trkpt>
      <trkpt lat="36.41340999864042" lon="140.58176094666123">
        <ele>30.39</ele>
      </trkpt>
      <trkpt lat="36.41327194869518" lon="140.58170495554805">
        <ele>30.34</ele>
      </trkpt>
      <trkpt lat="36.41309098340571" lon="140.5816249921918">
        <ele>30.31</ele>
      </trkpt>
      <trkpt lat="36.41288395039737" lon="140.58152399025857">
        <ele>30.25</ele>
      </trkpt>
      <trkpt lat="36.41270692460239" lon="140.5814209766686">
        <ele>30.18</ele>
      </trkpt>
      <trkpt lat="36.4125319942832" lon="140.58131595142186">
        <ele>30.09</ele>
      </trkpt>
      <trkpt lat="36.41244993545115" lon="140.58126599527895">
        <ele>30.09</ele>
      </trkpt>
      <trkpt lat="36.41228095628321" lon="140.58116398751736">
        <ele>30.1</ele>
      </trkpt>
      <trkpt lat="36.41216796822846" lon="140.5810869578272">
        <ele>30.17</ele>
      </trkpt>
      <trkpt lat="36.4119759388268" lon="140.5809439625591">
        <ele>30.33</ele>
      </trkpt>
      <trkpt lat="36.41193897463381" lon="140.58091294951737">
        <ele>30.46</ele>
      </trkpt>
      <trkpt lat="36.4117859210819" lon="140.5807959381491">
        <ele>30.68</ele>
      </trkpt>
      <trkpt lat="36.411664970219135" lon="140.5807069223374">
        <ele>30.89</ele>
      </trkpt>
      <trkpt lat="36.411512922495604" lon="140.5805839598179">
        <ele>31.06</ele>
      </trkpt>
      <trkpt lat="36.41132298856974" lon="140.58043794706464">
        <ele>31.24</ele>
      </trkpt>
      <trkpt lat="36.41116498969495" lon="140.5803189240396">
        <ele>31.44</ele>
      </trkpt>
      <trkpt lat="36.41101093031466" lon="140.58019897900522">
        <ele>31.65</ele>
      </trkpt>
      <trkpt lat="36.41085997223854" lon="140.58007492683828">
        <ele>31.85</ele>
      </trkpt>
      <trkpt lat="36.410782942548394" lon="140.5800099670887">
        <ele>32.03</ele>
      </trkpt>
      <trkpt lat="36.41070197336376" lon="140.57994299568236">
        <ele>32.16</ele>
      </trkpt>
      <trkpt lat="36.410548919811845" lon="140.57980997487903">
        <ele>32.25</ele>
      </trkpt>
      <trkpt lat="36.41039997339249" lon="140.57969698682427">
        <ele>32.42</ele>
      </trkpt>
      <trkpt lat="36.41021196730435" lon="140.5795559193939">
        <ele>32.64</ele>
      </trkpt>
      <trkpt lat="36.41005598008633" lon="140.57944796048105">
        <ele>32.83</ele>
      </trkpt>
      <trkpt lat="36.409900998696685" lon="140.57933094911277">
        <ele>32.95</ele>
      </trkpt>
      <trkpt lat="36.40973797068" lon="140.57921997271478">
        <ele>33.02</ele>
      </trkpt>
      <trkpt lat="36.40957594849169" lon="140.57910195551813">
        <ele>33.15</ele>
      </trkpt>
      <trkpt lat="36.409386936575174" lon="140.57895795442164">
        <ele>33.3</ele>
      </trkpt>
      <trkpt lat="36.40934896655381" lon="140.57892995886505">
        <ele>33.41</ele>
      </trkpt>
      <trkpt lat="36.409197924658656" lon="140.57882099412382">
        <ele>33.54</ele>
      </trkpt>
      <trkpt lat="36.409153919667006" lon="140.57879098691046">
        <ele>33.62</ele>
      </trkpt>
      <trkpt lat="36.40908393077552" lon="140.57874396443367">
        <ele>33.69</ele>
      </trkpt>
      <trkpt lat="36.408914951607585" lon="140.57862896472216">
        <ele>33.77</ele>
      </trkpt>
      <trkpt lat="36.408741949126124" lon="140.57851195335388">
        <ele>33.83</ele>
      </trkpt>
      <trkpt lat="36.408698949962854" lon="140.5784839577973">
        <ele>33.83</ele>
      </trkpt>
      <trkpt lat="36.408529970794916" lon="140.5783679522574">
        <ele>33.82</ele>
      </trkpt>
      <trkpt lat="36.40836392529309" lon="140.57824892923236">
        <ele>33.73</ele>
      </trkpt>
      <trkpt lat="36.408205926418304" lon="140.57813795283437">
        <ele>33.58</ele>
      </trkpt>
      <trkpt lat="36.40808095224202" lon="140.57804692536592">
        <ele>33.41</ele>
      </trkpt>
      <trkpt lat="36.40791297890246" lon="140.57792698033154">
        <ele>33.25</ele>
      </trkpt>
      <trkpt lat="36.40779093839228" lon="140.57784198783338">
        <ele>33.11</ele>
      </trkpt>
      <trkpt lat="36.40761994756758" lon="140.57772397063673">
        <ele>32.94</ele>
      </trkpt>
      <trkpt lat="36.407430935651064" lon="140.577581981197">
        <ele>32.72</ele>
      </trkpt>
      <trkpt lat="36.40726698562503" lon="140.5774609465152">
        <ele>32.45</ele>
      </trkpt>
      <trkpt lat="36.407090965658426" lon="140.5773369781673">
        <ele>32.22</ele>
      </trkpt>
      <trkpt lat="36.40705693513155" lon="140.5773129221052">
        <ele>32.04</ele>
      </trkpt>
      <trkpt lat="36.406897930428386" lon="140.57719792239368">
        <ele>31.86</ele>
      </trkpt>
      <trkpt lat="36.406721994280815" lon="140.57706599123776">
        <ele>31.75</ele>
      </trkpt>
      <trkpt lat="36.406640941277146" lon="140.57699994184077">
        <ele>31.62</ele>
      </trkpt>
      <trkpt lat="36.40645192936063" lon="140.5768549349159">
        <ele>31.49</ele>
      </trkpt>
      <trkpt lat="36.40631899237633" lon="140.57675493881106">
        <ele>31.35</ele>
      </trkpt>
      <trkpt lat="36.40614699572325" lon="140.57664094492793">
        <ele>31.18</ele>
      </trkpt>
      <trkpt lat="36.40597399324179" lon="140.57652099989355">
        <ele>30.99</ele>
      </trkpt>
      <trkpt lat="36.405929988250136" lon="140.5764859635383">
        <ele>30.88</ele>
      </trkpt>
      <trkpt lat="36.405886989086866" lon="140.57645696215332">
        <ele>30.79</ele>
      </trkpt>
      <trkpt lat="36.40570593997836" lon="140.57634598575532">
        <ele>30.73</ele>
      </trkpt>
      <trkpt lat="36.40566193498671" lon="140.57631991803646">
        <ele>30.72</ele>
      </trkpt>
      <trkpt lat="36.405496979132295" lon="140.57620894163847">
        <ele>30.79</ele>
      </trkpt>
      <trkpt lat="36.4053759444505" lon="140.57612193748355">
        <ele>30.87</ele>
      </trkpt>
      <trkpt lat="36.40520797111094" lon="140.57600098662078">
        <ele>30.96</ele>
      </trkpt>
      <trkpt lat="36.40503798611462" lon="140.57588296942413">
        <ele>31.0</ele>
      </trkpt>
      <trkpt lat="36.40486397780478" lon="140.5757639463991">
        <ele>31.07</ele>
      </trkpt>
      <trkpt lat="36.4046919811517" lon="140.57562991976738">
        <ele>31.18</ele>
      </trkpt>
      <trkpt lat="36.40464898198843" lon="140.57559597305954">
        <ele>31.32</ele>
      </trkpt>
      <trkpt lat="36.40460296534002" lon="140.57556697167456">
        <ele>31.47</ele>
      </trkpt>
      <trkpt lat="36.40444798395038" lon="140.57552992366254">
        <ele>31.65</ele>
      </trkpt>
      <trkpt lat="36.40424195677042" lon="140.5755369644612">
        <ele>31.84</ele>
      </trkpt>
      <trkpt lat="36.40409694984555" lon="140.5755419936031">
        <ele>32.02</ele>
      </trkpt>
      <trkpt lat="36.403909949585795" lon="140.57553897611797">
        <ele>32.2</ele>
      </trkpt>
      <trkpt lat="36.403864938765764" lon="140.57554098777473">
        <ele>32.4</ele>
      </trkpt>
      <trkpt lat="36.403760919347405" lon="140.57554392144084">
        <ele>32.6</ele>
      </trkpt>
      <trkpt lat="36.403584983199835" lon="140.57554693892598">
        <ele>32.8</ele>
      </trkpt>
      <trkpt lat="36.40340091660619" lon="140.57555196806788">
        <ele>33.06</ele>
      </trkpt>
      <trkpt lat="36.40334593132138" lon="140.57555498555303">
        <ele>33.27</ele>
      </trkpt>
      <trkpt lat="36.40312498435378" lon="140.57556395418942">
        <ele>33.54</ele>
      </trkpt>
      <trkpt lat="36.40293094329536" lon="140.5755699891597">
        <ele>33.75</ele>
      </trkpt>
      <trkpt lat="36.40288098715246" lon="140.57557099498808">
        <ele>33.92</ele>
      </trkpt>
      <trkpt lat="36.402684934437275" lon="140.57556797750294">
        <ele>34.06</ele>
      </trkpt>
      <trkpt lat="36.402491983026266" lon="140.57557493448257">
        <ele>34.14</ele>
      </trkpt>
      <trkpt lat="36.402401961386204" lon="140.57556898333132">
        <ele>34.26</ele>
      </trkpt>
      <trkpt lat="36.40221797861159" lon="140.57555892504752">
        <ele>34.35</ele>
      </trkpt>
      <trkpt lat="36.402021925896406" lon="140.5755509622395">
        <ele>34.49</ele>
      </trkpt>
      <trkpt lat="36.40182998031378" lon="140.5755369644612">
        <ele>34.61</ele>
      </trkpt>
      <trkpt lat="36.40168991871178" lon="140.5755279958248">
        <ele>34.69</ele>
      </trkpt>
      <trkpt lat="36.401502918452024" lon="140.57551098056138">
        <ele>34.77</ele>
      </trkpt>
      <trkpt lat="36.40130594372749" lon="140.57550092227757">
        <ele>34.83</ele>
      </trkpt>
      <trkpt lat="36.4011259842664" lon="140.5754769500345">
        <ele>34.9</ele>
      </trkpt>
      <trkpt lat="36.40103898011148" lon="140.5754499603063">
        <ele>34.93</ele>
      </trkpt>
      <trkpt lat="36.40100293792784" lon="140.5754169356078">
        <ele>34.94</ele>
      </trkpt>
      <trkpt lat="36.40097695402801" lon="140.57537393644452">
        <ele>34.94</ele>
      </trkpt>
      <trkpt lat="36.40093898400664" lon="140.57526296004653">
        <ele>34.92</ele>
      </trkpt>
      <trkpt lat="36.40090897679329" lon="140.57501695118845">
        <ele>34.89</ele>
      </trkpt>
      <trkpt lat="36.40089598484337" lon="140.57490698061883">
        <ele>34.81</ele>
      </trkpt>
      <trkpt lat="36.40087595209479" lon="140.57467999868095">
        <ele>34.68</ele>
      </trkpt>
      <trkpt lat="36.40083999373019" lon="140.574407922104">
        <ele>34.55</ele>
      </trkpt>
      <trkpt lat="36.40080395154655" lon="140.5741869751364">
        <ele>34.44</ele>
      </trkpt>
      <trkpt lat="36.40076992101967" lon="140.573963932693">
        <ele>34.36</ele>
      </trkpt>
      <trkpt lat="36.40074393711984" lon="140.5737979710102">
        <ele>34.27</ele>
      </trkpt>
      <trkpt lat="36.400706972926855" lon="140.57357794605196">
        <ele>34.2</ele>
      </trkpt>
      <trkpt lat="36.400668919086456" lon="140.5733549874276">
        <ele>34.07</ele>
      </trkpt>
      <trkpt lat="36.40063798986375" lon="140.57318592444062">
        <ele>33.98</ele>
      </trkpt>
      <trkpt lat="36.40059691853821" lon="140.5729519855231">
        <ele>33.87</ele>
      </trkpt>
      <trkpt lat="36.40054997988045" lon="140.57272198610008">
        <ele>33.73</ele>
      </trkpt>
      <trkpt lat="36.4005199726671" lon="140.57249098084867">
        <ele>33.6</ele>
      </trkpt>
      <trkpt lat="36.40048795379698" lon="140.57224991731346">
        <ele>33.45</ele>
      </trkpt>
      <trkpt lat="36.40044193714857" lon="140.57202293537557">
        <ele>33.21</ele>
      </trkpt>
      <trkpt lat="36.40041997656226" lon="140.57185395620763">
        <ele>32.96</ele>
      </trkpt>
      <trkpt lat="36.40038292855024" lon="140.5716299917549">
        <ele>32.68</ele>
      </trkpt>
      <trkpt lat="36.400343952700496" lon="140.57140795513988">
        <ele>32.4</ele>
      </trkpt>
      <trkpt lat="36.40033196657896" lon="140.57135498151183">
        <ele>32.1</ele>
      </trkpt>
      <trkpt lat="36.40029491856694" lon="140.5711289215833">
        <ele>31.77</ele>
      </trkpt>
      <trkpt lat="36.40026298351586" lon="140.57090093381703">
        <ele>31.45</ele>
      </trkpt>
      <trkpt lat="36.40025292523205" lon="140.57084293104708">
        <ele>31.12</ele>
      </trkpt>
      <trkpt lat="36.40022199600935" lon="140.57060396298766">
        <ele>30.78</ele>
      </trkpt>
      <trkpt lat="36.40021093189716" lon="140.57054596021771">
        <ele>30.41</ele>
      </trkpt>
      <trkpt lat="36.40020095743239" lon="140.57048996910453">
        <ele>30.03</ele>
      </trkpt>
      <trkpt lat="36.4001639932394" lon="140.5702549405396">
        <ele>29.63</ele>
      </trkpt>
      <trkpt lat="36.40011898241937" lon="140.5700239352882">
        <ele>29.15</ele>
      </trkpt>
      <trkpt lat="36.400107918307185" lon="140.56996392086148">
        <ele>28.74</ele>
      </trkpt>
      <trkpt lat="36.40009894967079" lon="140.56990298442543">
        <ele>28.33</ele>
      </trkpt>
      <trkpt lat="36.40005796216428" lon="140.5696629267186">
        <ele>27.91</ele>
      </trkpt>
      <trkpt lat="36.400021919980645" lon="140.56942999362946">
        <ele>27.52</ele>
      </trkpt>
      <trkpt lat="36.40000993385911" lon="140.56937492452562">
        <ele>27.14</ele>
      </trkpt>
      <trkpt lat="36.3999879732728" lon="140.569256991148">
        <ele>26.77</ele>
      </trkpt>
      <trkpt lat="36.39994799159467" lon="140.5690759420395">
        <ele>26.41</ele>
      </trkpt>
      <trkpt lat="36.39994296245277" lon="140.56903193704784">
        <ele>26.07</ele>
      </trkpt>
      <trkpt lat="36.39990599825978" lon="140.56879598647356">
        <ele>25.71</ele>
      </trkpt>
      <trkpt lat="36.39988194219768" lon="140.568664977327">
        <ele>25.39</ele>
      </trkpt>
      <trkpt lat="36.39987599104643" lon="140.56861594319344">
        <ele>25.13</ele>
      </trkpt>
      <trkpt lat="36.39983894303441" lon="140.56835593655705">
        <ele>24.77</ele>
      </trkpt>
      <trkpt lat="36.39979996718466" lon="140.56812291964889">
        <ele>24.5</ele>
      </trkpt>
      <trkpt lat="36.3997789286077" lon="140.56800398044288">
        <ele>24.35</ele>
      </trkpt>
      <trkpt lat="36.39974397607148" lon="140.56776794604957">
        <ele>24.25</ele>
      </trkpt>
      <trkpt lat="36.39972796663642" lon="140.56764892302454">
        <ele>24.25</ele>
      </trkpt>
      <trkpt lat="36.399720925837755" lon="140.5675909202546">
        <ele>24.29</ele>
      </trkpt>
      <trkpt lat="36.399676920846105" lon="140.56735899299383">
        <ele>24.41</ele>
      </trkpt>
      <trkpt lat="36.39963895082474" lon="140.56711692363024">
        <ele>24.57</ele>
      </trkpt>
      <trkpt lat="36.399629982188344" lon="140.5670729186386">
        <ele>24.76</ele>
      </trkpt>
      <trkpt lat="36.39958195388317" lon="140.56680897250772">
        <ele>25.03</ele>
      </trkpt>
      <trkpt lat="36.39956292696297" lon="140.56670696474612">
        <ele>25.28</ele>
      </trkpt>
      <trkpt lat="36.399524956941605" lon="140.56644092313945">
        <ele>25.64</ele>
      </trkpt>
      <trkpt lat="36.39951699413359" lon="140.56638493202627">
        <ele>25.95</ele>
      </trkpt>
      <trkpt lat="36.39947592280805" lon="140.56611998006701">
        <ele>26.34</ele>
      </trkpt>
      <trkpt lat="36.39942898415029" lon="140.5658509209752">
        <ele>26.76</ele>
      </trkpt>
      <trkpt lat="36.39938992448151" lon="140.56559099815786">
        <ele>27.19</ele>
      </trkpt>
      <trkpt lat="36.39934499748051" lon="140.5653299856931">
        <ele>27.63</ele>
      </trkpt>
      <trkpt lat="36.399288922548294" lon="140.56506293825805">
        <ele>27.99</ele>
      </trkpt>
      <trkpt lat="36.39925992116332" lon="140.56491097435355">
        <ele>28.33</ele>
      </trkpt>
      <trkpt lat="36.39921792782843" lon="140.5646359641105">
        <ele>28.67</ele>
      </trkpt>
      <trkpt lat="36.39919797889888" lon="140.56452699936926">
        <ele>28.96</ele>
      </trkpt>
      <trkpt lat="36.399156991392374" lon="140.56429892778397">
        <ele>29.21</ele>
      </trkpt>
      <trkpt lat="36.39912597835064" lon="140.56407697498798">
        <ele>29.42</ele>
      </trkpt>
      <trkpt lat="36.39908197335899" lon="140.5638119392097">
        <ele>29.57</ele>
      </trkpt>
      <trkpt lat="36.39906998723745" lon="140.56370398029685">
        <ele>29.7</ele>
      </trkpt>
      <trkpt lat="36.3990399800241" lon="140.56346694007516">
        <ele>29.78</ele>
      </trkpt>
      <trkpt lat="36.39901399612427" lon="140.5632439814508">
        <ele>29.87</ele>
      </trkpt>
      <trkpt lat="36.39897895976901" lon="140.56302496232092">
        <ele>29.96</ele>
      </trkpt>
      <trkpt lat="36.398941995576024" lon="140.56279798038304">
        <ele>30.03</ele>
      </trkpt>
      <trkpt lat="36.398903941735625" lon="140.5625629518181">
        <ele>30.06</ele>
      </trkpt>
      <trkpt lat="36.39887192286551" lon="140.56232792325318">
        <ele>30.08</ele>
      </trkpt>
      <trkpt lat="36.39884199947119" lon="140.56216196157038">
        <ele>30.1</ele>
      </trkpt>
      <trkpt lat="36.39881098642945" lon="140.5619489774108">
        <ele>30.13</ele>
      </trkpt>
      <trkpt lat="36.398769998922944" lon="140.56168595328927">
        <ele>30.19</ele>
      </trkpt>
      <trkpt lat="36.398749966174364" lon="140.56158092804253">
        <ele>30.22</ele>
      </trkpt>
      <trkpt lat="36.398706967011094" lon="140.56131094694138">
        <ele>30.28</ele>
      </trkpt>
      <trkpt lat="36.39868198893964" lon="140.56114297360182">
        <ele>30.32</ele>
      </trkpt>
      <trkpt lat="36.398644940927625" lon="140.56093392893672">
        <ele>30.32</ele>
      </trkpt>
      <trkpt lat="36.39862599782646" lon="140.56082697585225">
        <ele>30.33</ele>
      </trkpt>
      <trkpt lat="36.39859397895634" lon="140.56060292758048">
        <ele>30.37</ele>
      </trkpt>
      <trkpt lat="36.398578975349665" lon="140.56048692204058">
        <ele>30.38</ele>
      </trkpt>
      <trkpt lat="36.39855693094432" lon="140.5603759456426">
        <ele>30.37</ele>
      </trkpt>
      <trkpt lat="36.39851292595267" lon="140.56010495871305">
        <ele>30.35</ele>
      </trkpt>
      <trkpt lat="36.398473950102925" lon="140.55982793681324">
        <ele>30.34</ele>
      </trkpt>
      <trkpt lat="36.39846498146653" lon="140.55977295152843">
        <ele>30.36</ele>
      </trkpt>
      <trkpt lat="36.39842399396002" lon="140.5595479812473">
        <ele>30.41</ele>
      </trkpt>
      <trkpt lat="36.39840396121144" lon="140.55943792685866">
        <ele>30.47</ele>
      </trkpt>
      <trkpt lat="36.39839692041278" lon="140.55937992408872">
        <ele>30.54</ele>
      </trkpt>
      <trkpt lat="36.39837797731161" lon="140.55927196517587">
        <ele>30.62</ele>
      </trkpt>
      <trkpt lat="36.39833397231996" lon="140.55905495770276">
        <ele>30.71</ele>
      </trkpt>
      <trkpt lat="36.398302959278226" lon="140.55881992913783">
        <ele>30.82</ele>
      </trkpt>
      <trkpt lat="36.39827295206487" lon="140.55857392027974">
        <ele>30.92</ele>
      </trkpt>
      <trkpt lat="36.398239927366376" lon="140.55838499218225">
        <ele>31.03</ele>
      </trkpt>
      <trkpt lat="36.39820698648691" lon="140.55816194973886">
        <ele>31.17</ele>
      </trkpt>
      <trkpt lat="36.39817798510194" lon="140.5579279270023">
        <ele>31.33</ele>
      </trkpt>
      <trkpt lat="36.39816692098975" lon="140.55781393311918">
        <ele>31.46</ele>
      </trkpt>
      <trkpt lat="36.39813196845353" lon="140.55758896283805">
        <ele>31.57</ele>
      </trkpt>
      <trkpt lat="36.39810196124017" lon="140.5574159603566">
        <ele>31.68</ele>
      </trkpt>
      <trkpt lat="36.398067930713296" lon="140.55718294344842">
        <ele>31.78</ele>
      </trkpt>
      <trkpt lat="36.39803498983383" lon="140.55701195262372">
        <ele>31.89</ele>
      </trkpt>
      <trkpt lat="36.3979899790138" lon="140.55675798095763">
        <ele>32.02</ele>
      </trkpt>
      <trkpt lat="36.397981932386756" lon="140.55670198984444">
        <ele>32.08</ele>
      </trkpt>
      <trkpt lat="36.39796399511397" lon="140.55659998208284">
        <ele>32.1</ele>
      </trkpt>
      <trkpt lat="36.39792493544519" lon="140.5563709884882">
        <ele>32.09</ele>
      </trkpt>
      <trkpt lat="36.397892916575074" lon="140.55619798600674">
        <ele>32.04</ele>
      </trkpt>
      <trkpt lat="36.39784396626055" lon="140.55595893412828">
        <ele>31.99</ele>
      </trkpt>
      <trkpt lat="36.39781597070396" lon="140.55572893470526">
        <ele>31.9</ele>
      </trkpt>
      <trkpt lat="36.39778194017708" lon="140.55549692362547">
        <ele>31.82</ele>
      </trkpt>
      <trkpt lat="36.39775193296373" lon="140.55532299913466">
        <ele>31.71</ele>
      </trkpt>
      <trkpt lat="36.397716980427504" lon="140.55508797056973">
        <ele>31.57</ele>
      </trkpt>
      <trkpt lat="36.397698959335685" lon="140.55485998280346">
        <ele>31.37</ele>
      </trkpt>
      <trkpt lat="36.397653948515654" lon="140.55461196228862">
        <ele>31.1</ele>
      </trkpt>
      <trkpt lat="36.3976239413023" lon="140.55441993288696">
        <ele>30.84</ele>
      </trkpt>
      <trkpt lat="36.39757893048227" lon="140.5541969742626">
        <ele>30.65</ele>
      </trkpt>
      <trkpt lat="36.39753894880414" lon="140.55396093986928">
        <ele>30.43</ele>
      </trkpt>
      <trkpt lat="36.39751296490431" lon="140.55373697541654">
        <ele>30.13</ele>
      </trkpt>
      <trkpt lat="36.39748698100448" lon="140.55351292714477">
        <ele>29.83</ele>
      </trkpt>
      <trkpt lat="36.39744699932635" lon="140.55328795686364">
        <ele>29.53</ele>
      </trkpt>
      <trkpt lat="36.39740693382919" lon="140.5530639924109">
        <ele>29.22</ele>
      </trkpt>
      <trkpt lat="36.397396959364414" lon="140.55300992913544">
        <ele>28.88</ele>
      </trkpt>
      <trkpt lat="36.39735798351467" lon="140.55276794359088">
        <ele>28.54</ele>
      </trkpt>
      <trkpt lat="36.39732294715941" lon="140.55253794416785">
        <ele>28.16</ele>
      </trkpt>
      <trkpt lat="36.3973009865731" lon="140.55242294445634">
        <ele>27.78</ele>
      </trkpt>
      <trkpt lat="36.39726192690432" lon="140.55218598805368">
        <ele>27.35</ele>
      </trkpt>
      <trkpt lat="36.39723594300449" lon="140.5520089622587">
        <ele>26.94</ele>
      </trkpt>
      <trkpt lat="36.397224962711334" lon="140.551948947832">
        <ele>26.54</ele>
      </trkpt>
      <trkpt lat="36.39719696715474" lon="140.5517089739442">
        <ele>26.11</ele>
      </trkpt>
      <trkpt lat="36.397161930799484" lon="140.5514579359442">
        <ele>25.71</ele>
      </trkpt>
      <trkpt lat="36.397119937464595" lon="140.5511809978634">
        <ele>25.33</ele>
      </trkpt>
      <trkpt lat="36.397094959393144" lon="140.55100196041167">
        <ele>24.95</ele>
      </trkpt>
      <trkpt lat="36.39706294052303" lon="140.5508289579302">
        <ele>24.59</ele>
      </trkpt>
      <trkpt lat="36.39701692387462" lon="140.5505839549005">
        <ele>24.2</ele>
      </trkpt>
      <trkpt lat="36.396991945803165" lon="140.55046694353223">
        <ele>23.82</ele>
      </trkpt>
      <trkpt lat="36.3969539757818" lon="140.55028597824275">
        <ele>23.46</ele>
      </trkpt>
      <trkpt lat="36.39689597301185" lon="140.5500389635563">
        <ele>23.17</ele>
      </trkpt>
      <trkpt lat="36.396856997162104" lon="140.5498209502548">
        <ele>22.9</ele>
      </trkpt>
      <trkpt lat="36.396817937493324" lon="140.5496309325099">
        <ele>22.64</ele>
      </trkpt>
      <trkpt lat="36.3967829849571" lon="140.5493999272585">
        <ele>22.38</ele>
      </trkpt>
      <trkpt lat="36.39674794860184" lon="140.5491599533707">
        <ele>22.17</ele>
      </trkpt>
      <trkpt lat="36.39674099162221" lon="140.5490949936211">
        <ele>22.01</ele>
      </trkpt>
      <trkpt lat="36.396707966923714" lon="140.5488509964198">
        <ele>21.85</ele>
      </trkpt>
      <trkpt lat="36.39667795971036" lon="140.54866399616003">
        <ele>21.73</ele>
      </trkpt>
      <trkpt lat="36.39662993140519" lon="140.5484149698168">
        <ele>21.67</ele>
      </trkpt>
      <trkpt lat="36.3965879380703" lon="140.5481889937073">
        <ele>21.65</ele>
      </trkpt>
      <trkpt lat="36.396558936685324" lon="140.54801397956908">
        <ele>21.66</ele>
      </trkpt>
      <trkpt lat="36.396516943350434" lon="140.547775933519">
        <ele>21.71</ele>
      </trkpt>
      <trkpt lat="36.396472938358784" lon="140.5475449282676">
        <ele>21.72</ele>
      </trkpt>
      <trkpt lat="36.396451983600855" lon="140.54743093438447">
        <ele>21.76</ele>
      </trkpt>
      <trkpt lat="36.39641594141722" lon="140.54719297215343">
        <ele>21.84</ele>
      </trkpt>
      <trkpt lat="36.396387945860624" lon="140.5469629727304">
        <ele>21.98</ele>
      </trkpt>
      <trkpt lat="36.39637998305261" lon="140.54690597578883">
        <ele>22.08</ele>
      </trkpt>
      <trkpt lat="36.39637595973909" lon="140.54683892056346">
        <ele>22.2</ele>
      </trkpt>
      <trkpt lat="36.39637696556747" lon="140.54679298773408">
        <ele>22.32</ele>
      </trkpt>
      <trkpt lat="36.39633991755545" lon="140.54656793363392">
        <ele>22.5</ele>
      </trkpt>
      <trkpt lat="36.39633195474744" lon="140.5465139541775">
        <ele>22.66</ele>
      </trkpt>
      <trkpt lat="36.39629197306931" lon="140.54629292339087">
        <ele>22.81</ele>
      </trkpt>
      <trkpt lat="36.3962459564209" lon="140.54605999030173">
        <ele>22.89</ele>
      </trkpt>
      <trkpt lat="36.39622592367232" lon="140.54594792425632">
        <ele>23.03</ele>
      </trkpt>
      <trkpt lat="36.39620798639953" lon="140.54578196257353">
        <ele>23.16</ele>
      </trkpt>
      <trkpt lat="36.39617093838751" lon="140.54553595371544">
        <ele>23.33</ele>
      </trkpt>
      <trkpt lat="36.39616096392274" lon="140.54530897177756">
        <ele>23.57</ele>
      </trkpt>
      <trkpt lat="36.39614797197282" lon="140.54520294070244">
        <ele>23.78</ele>
      </trkpt>
      <trkpt lat="36.39614294283092" lon="140.54516094736755">
        <ele>23.99</ele>
      </trkpt>
      <trkpt lat="36.39612198807299" lon="140.54505893960595">
        <ele>24.2</ele>
      </trkpt>
      <trkpt lat="36.39611394144595" lon="140.54500998929143">
        <ele>24.4</ele>
      </trkpt>
      <trkpt lat="36.396069936454296" lon="140.5447479709983">
        <ele>24.64</ele>
      </trkpt>
      <trkpt lat="36.39605694450438" lon="140.54469692520797">
        <ele>24.82</ele>
      </trkpt>
      <trkpt lat="36.39601897448301" lon="140.54446793161333">
        <ele>25.02</ele>
      </trkpt>
      <trkpt lat="36.39597597531974" lon="140.54425394162536">
        <ele>25.21</ele>
      </trkpt>
      <trkpt lat="36.395933981984854" lon="140.544030983001">
        <ele>25.43</ele>
      </trkpt>
      <trkpt lat="36.39590699225664" lon="140.54380592890084">
        <ele>25.6</ele>
      </trkpt>
      <trkpt lat="36.39589995145798" lon="140.5437469203025">
        <ele>25.7</ele>
      </trkpt>
      <trkpt lat="36.39586198143661" lon="140.54351599887013">
        <ele>25.79</ele>
      </trkpt>
      <trkpt lat="36.39583893120289" lon="140.54337199777365">
        <ele>25.83</ele>
      </trkpt>
      <trkpt lat="36.39582493342459" lon="140.54331097751856">
        <ele>25.84</ele>
      </trkpt>
      <trkpt lat="36.39577891677618" lon="140.5430409964174">
        <ele>25.75</ele>
      </trkpt>
      <trkpt lat="36.39575997367501" lon="140.54286195896566">
        <ele>25.67</ele>
      </trkpt>
      <trkpt lat="36.39574999921024" lon="140.5426289420575">
        <ele>25.57</ele>
      </trkpt>
      <trkpt lat="36.39573792926967" lon="140.54241193458438">
        <ele>25.47</ele>
      </trkpt>
      <trkpt lat="36.39570792205632" lon="140.5421799235046">
        <ele>25.39</ele>
      </trkpt>
      <trkpt lat="36.39569694176316" lon="140.5420049931854">
        <ele>25.34</ele>
      </trkpt>
      <trkpt lat="36.39566894620657" lon="140.54176996462047">
        <ele>25.32</ele>
      </trkpt>
      <trkpt lat="36.39565293677151" lon="140.54159897379577">
        <ele>25.28</ele>
      </trkpt>
      <trkpt lat="36.395637933164835" lon="140.541374925524">
        <ele>25.21</ele>
      </trkpt>
      <trkpt lat="36.39560893177986" lon="140.5411289166659">
        <ele>25.05</ele>
      </trkpt>
      <trkpt lat="36.39560298062861" lon="140.5410839896649">
        <ele>24.85</ele>
      </trkpt>
      <trkpt lat="36.395571967586875" lon="140.54085097275674">
        <ele>24.6</ele>
      </trkpt>
      <trkpt lat="36.395551934838295" lon="140.5405969172716">
        <ele>24.25</ele>
      </trkpt>
      <trkpt lat="36.395546989515424" lon="140.54055098444223">
        <ele>24.02</ele>
      </trkpt>
      <trkpt lat="36.39551999978721" lon="140.5403209850192">
        <ele>23.75</ele>
      </trkpt>
      <trkpt lat="36.39551295898855" lon="140.54026499390602">
        <ele>23.51</ele>
      </trkpt>
      <trkpt lat="36.39549292623997" lon="140.54003197699785">
        <ele>23.29</ele>
      </trkpt>
      <trkpt lat="36.39548999257386" lon="140.53985495120287">
        <ele>23.09</ele>
      </trkpt>
      <trkpt lat="36.39547197148204" lon="140.5396129656583">
        <ele>22.87</ele>
      </trkpt>
      <trkpt lat="36.39545596204698" lon="140.53938296623528">
        <ele>22.63</ele>
      </trkpt>
      <trkpt lat="36.39543492347002" lon="140.53913494572043">
        <ele>22.43</ele>
      </trkpt>
      <trkpt lat="36.39542696066201" lon="140.53894995711744">
        <ele>22.22</ele>
      </trkpt>
      <trkpt lat="36.395397959277034" lon="140.53871392272413">
        <ele>22.03</ele>
      </trkpt>
      <trkpt lat="36.395381949841976" lon="140.53847093135118">
        <ele>21.83</ele>
      </trkpt>
      <trkpt lat="36.395379938185215" lon="140.53840697743">
        <ele>21.7</ele>
      </trkpt>
      <trkpt lat="36.39537096954882" lon="140.53813992999494">
        <ele>21.54</ele>
      </trkpt>
      <trkpt lat="36.395358983427286" lon="140.53791495971382">
        <ele>21.44</ele>
      </trkpt>
      <trkpt lat="36.39534096233547" lon="140.53766794502735">
        <ele>21.42</ele>
      </trkpt>
      <trkpt lat="36.39532092958689" lon="140.53747792728245">
        <ele>21.44</ele>
      </trkpt>
      <trkpt lat="36.3952979631722" lon="140.53724298253655">
        <ele>21.53</ele>
      </trkpt>
      <trkpt lat="36.395270973443985" lon="140.5369959678501">
        <ele>21.71</ele>
      </trkpt>
      <trkpt lat="36.39526695013046" lon="140.53694098256528">
        <ele>21.82</ele>
      </trkpt>
      <trkpt lat="36.39524398371577" lon="140.53667695261538">
        <ele>22.0</ele>
      </trkpt>
      <trkpt lat="36.39523493126035" lon="140.53656295873225">
        <ele>22.14</ele>
      </trkpt>
      <trkpt lat="36.3952149823308" lon="140.53633798845112">
        <ele>22.29</ele>
      </trkpt>
      <trkpt lat="36.39519796706736" lon="140.53616599179804">
        <ele>22.49</ele>
      </trkpt>
      <trkpt lat="36.3951769284904" lon="140.53593297488987">
        <ele>22.72</ele>
      </trkpt>
      <trkpt lat="36.39515697956085" lon="140.53572996519506">
        <ele>22.97</ele>
      </trkpt>
      <trkpt lat="36.39513594098389" lon="140.53550398908556">
        <ele>23.24</ele>
      </trkpt>
      <trkpt lat="36.39510593377054" lon="140.5352289788425">
        <ele>23.45</ele>
      </trkpt>
      <trkpt lat="36.395099982619286" lon="140.53516091778874">
        <ele>23.67</ele>
      </trkpt>
      <trkpt lat="36.39508699066937" lon="140.53489194251597">
        <ele>23.87</ele>
      </trkpt>
      <trkpt lat="36.395079949870706" lon="140.53473394364119">
        <ele>24.08</ele>
      </trkpt>
      <trkpt lat="36.39506192877889" lon="140.53445097059011">
        <ele>24.31</ele>
      </trkpt>
      <trkpt lat="36.39505195431411" lon="140.53424997255206">
        <ele>24.53</ele>
      </trkpt>
      <trkpt lat="36.39504097402096" lon="140.53410094231367">
        <ele>24.77</ele>
      </trkpt>
      <trkpt lat="36.395013984292746" lon="140.5339479725808">
        <ele>25.05</ele>
      </trkpt>
      <trkpt lat="36.39498297125101" lon="140.5336699448526">
        <ele>25.32</ele>
      </trkpt>
      <trkpt lat="36.3949559815228" lon="140.5333959404379">
        <ele>25.59</ele>
      </trkpt>
      <trkpt lat="36.394931925460696" lon="140.5331329163164">
        <ele>25.9</ele>
      </trkpt>
      <trkpt lat="36.39491599984467" lon="140.5330219399184">
        <ele>26.17</ele>
      </trkpt>
      <trkpt lat="36.39489999040961" lon="140.53289595991373">
        <ele>26.46</ele>
      </trkpt>
      <trkpt lat="36.394888926297426" lon="140.53284399211407">
        <ele>26.7</ele>
      </trkpt>
      <trkpt lat="36.3948539737612" lon="140.53276394493878">
        <ele>26.93</ele>
      </trkpt>
      <trkpt lat="36.394822960719466" lon="140.53273293189704">
        <ele>27.12</ele>
      </trkpt>
      <trkpt lat="36.394775938242674" lon="140.5327029246837">
        <ele>27.29</ele>
      </trkpt>
      <trkpt lat="36.39468692243099" lon="140.53267895244062">
        <ele>27.42</ele>
      </trkpt>
      <trkpt lat="36.39464291743934" lon="140.53267895244062">
        <ele>27.54</ele>
      </trkpt>
      <trkpt lat="36.394604947417974" lon="140.53268096409738">
        <ele>27.63</ele>
      </trkpt>
      <trkpt lat="36.39439892023802" lon="140.53270594216883">
        <ele>27.74</ele>
      </trkpt>
      <trkpt lat="36.39431392773986" lon="140.53272396326065">
        <ele>27.74</ele>
      </trkpt>
      <trkpt lat="36.394108990207314" lon="140.5327589996159">
        <ele>27.72</ele>
      </trkpt>
      <trkpt lat="36.39392098411918" lon="140.53278498351574">
        <ele>27.68</ele>
      </trkpt>
      <trkpt lat="36.39383791945875" lon="140.53279898129404">
        <ele>27.61</ele>
      </trkpt>
      <trkpt lat="36.3937349896878" lon="140.5328229535371">
        <ele>27.5</ele>
      </trkpt>
      <trkpt lat="36.39355695806444" lon="140.53285396657884">
        <ele>27.37</ele>
      </trkpt>
      <trkpt lat="36.39336199499667" lon="140.53288497962058">
        <ele>27.22</ele>
      </trkpt>
      <trkpt lat="36.39325898140669" lon="140.5328979715705">
        <ele>27.1</ele>
      </trkpt>
      <trkpt lat="36.39316393062472" lon="140.53290694020689">
        <ele>26.95</ele>
      </trkpt>
      <trkpt lat="36.39293795451522" lon="140.53294499404728">
        <ele>26.76</ele>
      </trkpt>
      <trkpt lat="36.392890932038426" lon="140.53295195102692">
        <ele>26.66</ele>
      </trkpt>
      <trkpt lat="36.39279697090387" lon="140.53296494297683">
        <ele>26.56</ele>
      </trkpt>
      <trkpt lat="36.39274994842708" lon="140.53297793492675">
        <ele>26.48</ele>
      </trkpt>
      <trkpt lat="36.392544927075505" lon="140.53300693631172">
        <ele>26.5</ele>
      </trkpt>
      <trkpt lat="36.39240595512092" lon="140.5330269690603">
        <ele>26.5</ele>
      </trkpt>
      <trkpt lat="36.39221794903278" lon="140.53305697627366">
        <ele>26.5</ele>
      </trkpt>
      <trkpt lat="36.392006976529956" lon="140.5330769252032">
        <ele>26.42</ele>
      </trkpt>
      <trkpt lat="36.39190899208188" lon="140.5330879893154">
        <ele>26.32</ele>
      </trkpt>
      <trkpt lat="36.391705982387066" lon="140.53311095573008">
        <ele>26.19</ele>
      </trkpt>
      <trkpt lat="36.391513952985406" lon="140.53312294185162">
        <ele>26.1</ele>
      </trkpt>
      <trkpt lat="36.39143097214401" lon="140.53312797099352">
        <ele>26.02</ele>
      </trkpt>
      <trkpt lat="36.39123399741948" lon="140.53315294906497">
        <ele>25.94</ele>
      </trkpt>
      <trkpt lat="36.39104397967458" lon="140.53318094462156">
        <ele>25.89</ele>
      </trkpt>
      <trkpt lat="36.39099293388426" lon="140.53318597376347">
        <ele>25.87</ele>
      </trkpt>
      <trkpt lat="36.39079495333135" lon="140.53321396932006">
        <ele>25.92</ele>
      </trkpt>
      <trkpt lat="36.39060292392969" lon="140.5332529451698">
        <ele>25.87</ele>
      </trkpt>
      <trkpt lat="36.39056294225156" lon="140.53325696848333">
        <ele>25.79</ele>
      </trkpt>
      <trkpt lat="36.390373930335045" lon="140.53327599540353">
        <ele>25.67</ele>
      </trkpt>
      <trkpt lat="36.39031299389899" lon="140.5332729779184">
        <ele>25.58</ele>
      </trkpt>
      <trkpt lat="36.39022699557245" lon="140.53324297070503">
        <ele>25.49</ele>
      </trkpt>
      <trkpt lat="36.390160946175456" lon="140.5331519432366">
        <ele>25.43</ele>
      </trkpt>
      <trkpt lat="36.39014795422554" lon="140.53309494629502">
        <ele>25.4</ele>
      </trkpt>
      <trkpt lat="36.39013295061886" lon="140.5329619254917">
        <ele>25.35</ele>
      </trkpt>
      <trkpt lat="36.39014594256878" lon="140.53271398879588">
        <ele>25.28</ele>
      </trkpt>
      <trkpt lat="36.39013194479048" lon="140.53242498077452">
        <ele>25.22</ele>
      </trkpt>
      <trkpt lat="36.39011995866895" lon="140.53229799494147">
        <ele>25.19</ele>
      </trkpt>
      <trkpt lat="36.39010696671903" lon="140.53223395720124">
        <ele>25.14</ele>
      </trkpt>
      <trkpt lat="36.39006597921252" lon="140.53199297748506">
        <ele>25.02</ele>
      </trkpt>
      <trkpt lat="36.39006296172738" lon="140.5317789874971">
        <ele>24.94</ele>
      </trkpt>
      <trkpt lat="36.39006497338414" lon="140.53165099583566">
        <ele>24.82</ele>
      </trkpt>
      <trkpt lat="36.3900569267571" lon="140.53145695477724">
        <ele>24.77</ele>
      </trkpt>
      <trkpt lat="36.39005793258548" lon="140.53119694814086">
        <ele>24.74</ele>
      </trkpt>
      <trkpt lat="36.390051981434226" lon="140.53114397451282">
        <ele>24.54</ele>
      </trkpt>
      <trkpt lat="36.390030942857265" lon="140.5310099478811">
        <ele>24.29</ele>
      </trkpt>
      <trkpt lat="36.39002398587763" lon="140.5309499334544">
        <ele>24.05</ele>
      </trkpt>
      <trkpt lat="36.389987943693995" lon="140.5307229515165">
        <ele>23.78</ele>
      </trkpt>
      <trkpt lat="36.389982998371124" lon="140.53068196401">
        <ele>23.63</ele>
      </trkpt>
      <trkpt lat="36.389968916773796" lon="140.53061792626977">
        <ele>23.51</ele>
      </trkpt>
      <trkpt lat="36.3899409212172" lon="140.53039195016026">
        <ele>23.4</ele>
      </trkpt>
      <trkpt lat="36.38990697450936" lon="140.53016798570752">
        <ele>23.44</ele>
      </trkpt>
      <trkpt lat="36.389899933710694" lon="140.5301089771092">
        <ele>23.62</ele>
      </trkpt>
      <trkpt lat="36.38988694176078" lon="140.52991694770753">
        <ele>23.87</ele>
      </trkpt>
      <trkpt lat="36.38985391706228" lon="140.52974495105445">
        <ele>24.22</ele>
      </trkpt>
      <trkpt lat="36.38984595425427" lon="140.52962793968618">
        <ele>24.67</ele>
      </trkpt>
      <trkpt lat="36.389836985617876" lon="140.52957597188652">
        <ele>25.17</ele>
      </trkpt>
      <trkpt lat="36.38982994481921" lon="140.52933792583644">
        <ele>25.75</ele>
      </trkpt>
      <trkpt lat="36.38982994481921" lon="140.52920892834663">
        <ele>26.44</ele>
      </trkpt>
      <trkpt lat="36.389809995889664" lon="140.528979934752">
        <ele>27.21</ele>
      </trkpt>
      <trkpt lat="36.38979499228299" lon="140.52887893281877">
        <ele>27.86</ele>
      </trkpt>
      <trkpt lat="36.389770936220884" lon="140.528691932559">
        <ele>28.55</ele>
      </trkpt>
      <trkpt lat="36.38973992317915" lon="140.52860593423247">
        <ele>28.84</ele>
      </trkpt>
      <trkpt lat="36.389684937894344" lon="140.52856394089758">
        <ele>28.93</ele>
      </trkpt>
      <trkpt lat="36.3896129373461" lon="140.5285489372909">
        <ele>28.83</ele>
      </trkpt>
      <trkpt lat="36.38950095511973" lon="140.52857098169625">
        <ele>28.54</ele>
      </trkpt>
      <trkpt lat="36.3892899826169" lon="140.52860291674733">
        <ele>27.98</ele>
      </trkpt>
      <trkpt lat="36.38924798928201" lon="140.52861196920276">
        <ele>27.64</ele>
      </trkpt>
      <trkpt lat="36.389145981520414" lon="140.5286379531026">
        <ele>27.24</ele>
      </trkpt>
      <trkpt lat="36.38900298625231" lon="140.52865295670927">
        <ele>27.02</ele>
      </trkpt>
    </trkseg>
  </trk>
</gpx>
