<?xml version="1.0" encoding="UTF-8"?>
<gpx creator="Garmin Connect" version="1.1"
  xsi:schemaLocation="http://www.topografix.com/GPX/1/1 http://www.topografix.com/GPX/11.xsd"
  xmlns:ns3="http://www.garmin.com/xmlschemas/TrackPointExtension/v1"
  xmlns="http://www.topografix.com/GPX/1/1"
  xmlns:xsi="http://www.w3.org/2001/XMLSchema-instance" xmlns:ns2="http://www.garmin.com/xmlschemas/GpxExtensions/v3">
  <metadata>
    <name>静岡マラソン</name>
    <link href="connect.garmin.com">
      <text>Garmin Connect</text>
    </link>
    <time>2025-10-10T12:36:33.000Z</time>
  </metadata>
  <trk>
    <name>静岡マラソン</name>
    <trkseg>
      <trkpt lat="34.975619902834296" lon="138.38369845412672">
        <ele>33.41</ele>
      </trkpt>
      <trkpt lat="34.97551697306335" lon="138.38388008996844">
        <ele>33.63</ele>
      </trkpt>
      <trkpt lat="34.97542359866202" lon="138.3840768970549">
        <ele>34.03</ele>
      </trkpt>
      <trkpt lat="34.97534271329641" lon="138.38429247960448">
        <ele>34.71</ele>
      </trkpt>
      <trkpt lat="34.975245986133814" lon="138.38449724949896">
        <ele>35.28</ele>
      </trkpt>
      <trkpt lat="34.97517675161362" lon="138.3847090601921">
        <ele>35.62</ele>
      </trkpt>
      <trkpt lat="34.97508547268808" lon="138.38492380455136">
        <ele>35.7</ele>
      </trkpt>
      <trkpt lat="34.974979190155864" lon="138.38510292582214">
        <ele>35.62</ele>
      </trkpt>
      <trkpt lat="34.97491288930178" lon="138.38530702516437">
        <ele>35.26</ele>
      </trkpt>
      <trkpt lat="34.97490677051246" lon="138.38553585112095">
        <ele>34.46</ele>
      </trkpt>
      <trkpt lat="34.97504498809576" lon="138.38571312837303">
        <ele>33.62</ele>
      </trkpt>
      <trkpt lat="34.97520659118891" lon="138.38583667762578">
        <ele>32.91</ele>
      </trkpt>
      <trkpt lat="34.975341791287065" lon="138.38599224574864">
        <ele>32.63</ele>
      </trkpt>
      <trkpt lat="34.97549794614315" lon="138.38611168786883">
        <ele>32.39</ele>
      </trkpt>
      <trkpt lat="34.975657956674695" lon="138.38625015690923">
        <ele>32.08</ele>
      </trkpt>
      <trkpt lat="34.97584135271609" lon="138.3863547630608">
        <ele>31.45</ele>
      </trkpt>
      <trkpt lat="34.9760324601084" lon="138.38645559735596">
        <ele>30.59</ele>
      </trkpt>
      <trkpt lat="34.97621149756014" lon="138.3865260053426">
        <ele>29.7</ele>
      </trkpt>
      <trkpt lat="34.97640520334244" lon="138.38659247383475">
        <ele>29.08</ele>
      </trkpt>
      <trkpt lat="34.976561861112714" lon="138.38670604862273">
        <ele>28.56</ele>
      </trkpt>
      <trkpt lat="34.976731427013874" lon="138.38678643107414">
        <ele>28.05</ele>
      </trkpt>
      <trkpt lat="34.976900573819876" lon="138.386873267591">
        <ele>27.58</ele>
      </trkpt>
      <trkpt lat="34.977092519402504" lon="138.3869160991162">
        <ele>27.17</ele>
      </trkpt>
      <trkpt lat="34.977293936535716" lon="138.3869620319456">
        <ele>26.78</ele>
      </trkpt>
      <trkpt lat="34.97748621739447" lon="138.38700268417597">
        <ele>26.52</ele>
      </trkpt>
      <trkpt lat="34.97768419794738" lon="138.38702715933323">
        <ele>26.34</ele>
      </trkpt>
      <trkpt lat="34.97787279076874" lon="138.38708080351353">
        <ele>26.29</ele>
      </trkpt>
      <trkpt lat="34.978056186810136" lon="138.3871364593506">
        <ele>26.27</ele>
      </trkpt>
      <trkpt lat="34.978238828480244" lon="138.38722991757095">
        <ele>26.27</ele>
      </trkpt>
      <trkpt lat="34.97842976823449" lon="138.38728666305542">
        <ele>26.36</ele>
      </trkpt>
      <trkpt lat="34.97861542738974" lon="138.38732304051518">
        <ele>26.42</ele>
      </trkpt>
      <trkpt lat="34.97879672795534" lon="138.38735623285174">
        <ele>26.43</ele>
      </trkpt>
      <trkpt lat="34.97897735796869" lon="138.38747525587678">
        <ele>26.32</ele>
      </trkpt>
      <trkpt lat="34.979168213903904" lon="138.38755371049047">
        <ele>26.12</ele>
      </trkpt>
      <trkpt lat="34.97935814782977" lon="138.38761095888913">
        <ele>25.88</ele>
      </trkpt>
      <trkpt lat="34.97953877784312" lon="138.38765722699463">
        <ele>25.62</ele>
      </trkpt>
      <trkpt lat="34.97970490716398" lon="138.38774900883436">
        <ele>25.42</ele>
      </trkpt>
      <trkpt lat="34.97989065013826" lon="138.38780290447176">
        <ele>25.26</ele>
      </trkpt>
      <trkpt lat="34.98005149886012" lon="138.38793341070414">
        <ele>25.13</ele>
      </trkpt>
      <trkpt lat="34.980231542140245" lon="138.38802552782">
        <ele>24.95</ele>
      </trkpt>
      <trkpt lat="34.98039205558598" lon="138.38814522139728">
        <ele>24.66</ele>
      </trkpt>
      <trkpt lat="34.980563297867775" lon="138.38826860301197">
        <ele>24.29</ele>
      </trkpt>
      <trkpt lat="34.98074761591852" lon="138.38840422220528">
        <ele>23.91</ele>
      </trkpt>
      <trkpt lat="34.980865800753236" lon="138.38857169263065">
        <ele>23.52</ele>
      </trkpt>
      <trkpt lat="34.98097493313253" lon="138.38874662294984">
        <ele>23.12</ele>
      </trkpt>
      <trkpt lat="34.981127651408315" lon="138.38893932290375">
        <ele>22.78</ele>
      </trkpt>
      <trkpt lat="34.981263941153884" lon="138.3891032729298">
        <ele>22.51</ele>
      </trkpt>
      <trkpt lat="34.98140894807875" lon="138.3892721682787">
        <ele>22.26</ele>
      </trkpt>
      <trkpt lat="34.981564516201615" lon="138.3894259762019">
        <ele>21.99</ele>
      </trkpt>
      <trkpt lat="34.98170834966004" lon="138.38960870169103">
        <ele>21.65</ele>
      </trkpt>
      <trkpt lat="34.98185067437589" lon="138.38979930616915">
        <ele>21.33</ele>
      </trkpt>
      <trkpt lat="34.98195410706103" lon="138.3899904973805">
        <ele>21.06</ele>
      </trkpt>
      <trkpt lat="34.982072208076715" lon="138.39016735553741">
        <ele>20.88</ele>
      </trkpt>
      <trkpt lat="34.9821903090924" lon="138.39033507741988">
        <ele>20.66</ele>
      </trkpt>
      <trkpt lat="34.98234151862562" lon="138.39047564193606">
        <ele>20.41</ele>
      </trkpt>
      <trkpt lat="34.98247655108571" lon="138.39065610431135">
        <ele>20.19</ele>
      </trkpt>
      <trkpt lat="34.982617031782866" lon="138.3908161148429">
        <ele>19.97</ele>
      </trkpt>
      <trkpt lat="34.98274091631174" lon="138.39100604876876">
        <ele>19.77</ele>
      </trkpt>
      <trkpt lat="34.98288366012275" lon="138.39117460884154">
        <ele>19.57</ele>
      </trkpt>
      <trkpt lat="34.982985500246286" lon="138.39136839844286">
        <ele>19.41</ele>
      </trkpt>
      <trkpt lat="34.98312304727733" lon="138.39152270928025">
        <ele>19.19</ele>
      </trkpt>
      <trkpt lat="34.983261013403535" lon="138.39167593047023">
        <ele>19.02</ele>
      </trkpt>
      <trkpt lat="34.983378360047936" lon="138.39184281416237">
        <ele>18.93</ele>
      </trkpt>
      <trkpt lat="34.98349964618683" lon="138.39202118106186">
        <ele>18.84</ele>
      </trkpt>
      <trkpt lat="34.9836409650743" lon="138.3921846281737">
        <ele>18.76</ele>
      </trkpt>
      <trkpt lat="34.98374976217747" lon="138.39237238280475">
        <ele>18.69</ele>
      </trkpt>
      <trkpt lat="34.98386459425092" lon="138.39255074970424">
        <ele>18.6</ele>
      </trkpt>
      <trkpt lat="34.98396014794707" lon="138.3927388396114">
        <ele>18.49</ele>
      </trkpt>
      <trkpt lat="34.98409140855074" lon="138.392896335572">
        <ele>18.4</ele>
      </trkpt>
      <trkpt lat="34.98419693671167" lon="138.39307914488018">
        <ele>18.29</ele>
      </trkpt>
      <trkpt lat="34.984323754906654" lon="138.39326991699636">
        <ele>18.15</ele>
      </trkpt>
      <trkpt lat="34.9844597093761" lon="138.3934325259179">
        <ele>18.0</ele>
      </trkpt>
      <trkpt lat="34.98459138907492" lon="138.39359949342906">
        <ele>17.85</ele>
      </trkpt>
      <trkpt lat="34.98473262414336" lon="138.39377517811954">
        <ele>17.73</ele>
      </trkpt>
      <trkpt lat="34.98488936573267" lon="138.3939278125763">
        <ele>17.62</ele>
      </trkpt>
      <trkpt lat="34.98505348339677" lon="138.394082961604">
        <ele>17.58</ele>
      </trkpt>
      <trkpt lat="34.98519589193165" lon="138.39423190802336">
        <ele>17.54</ele>
      </trkpt>
      <trkpt lat="34.985335199162364" lon="138.39440465904772">
        <ele>17.51</ele>
      </trkpt>
      <trkpt lat="34.985469141975045" lon="138.39455561712384">
        <ele>17.45</ele>
      </trkpt>
      <trkpt lat="34.98565153218806" lon="138.3947135321796">
        <ele>17.41</ele>
      </trkpt>
      <trkpt lat="34.98578321188688" lon="138.39487731456757">
        <ele>17.39</ele>
      </trkpt>
      <trkpt lat="34.98593123629689" lon="138.3950407616794">
        <ele>17.36</ele>
      </trkpt>
      <trkpt lat="34.98604933731258" lon="138.39520974084735">
        <ele>17.28</ele>
      </trkpt>
      <trkpt lat="34.986195182427764" lon="138.39537167921662">
        <ele>17.16</ele>
      </trkpt>
      <trkpt lat="34.98631772585213" lon="138.3955457713455">
        <ele>17.04</ele>
      </trkpt>
      <trkpt lat="34.98645829036832" lon="138.39571550488472">
        <ele>16.97</ele>
      </trkpt>
      <trkpt lat="34.98655325733125" lon="138.39591558091342">
        <ele>16.95</ele>
      </trkpt>
      <trkpt lat="34.98668812215328" lon="138.3960658684373">
        <ele>16.99</ele>
      </trkpt>
      <trkpt lat="34.986831871792674" lon="138.39625110849738">
        <ele>16.98</ele>
      </trkpt>
      <trkpt lat="34.98698526062071" lon="138.39641137048602">
        <ele>16.88</ele>
      </trkpt>
      <trkpt lat="34.987132949754596" lon="138.39657314121723">
        <ele>16.74</ele>
      </trkpt>
      <trkpt lat="34.98728315345943" lon="138.39672703295946">
        <ele>16.59</ele>
      </trkpt>
      <trkpt lat="34.98742145486176" lon="138.3968920726329">
        <ele>16.48</ele>
      </trkpt>
      <trkpt lat="34.987568221986294" lon="138.39702878147364">
        <ele>16.42</ele>
      </trkpt>
      <trkpt lat="34.98770920559764" lon="138.39720119722188">
        <ele>16.35</ele>
      </trkpt>
      <trkpt lat="34.98784591443837" lon="138.39738140814006">
        <ele>16.25</ele>
      </trkpt>
      <trkpt lat="34.987989412620664" lon="138.39756136760116">
        <ele>16.18</ele>
      </trkpt>
      <trkpt lat="34.98814263381064" lon="138.39773411862552">
        <ele>16.16</ele>
      </trkpt>
      <trkpt lat="34.98829233460128" lon="138.39788792654872">
        <ele>16.11</ele>
      </trkpt>
      <trkpt lat="34.98843373730779" lon="138.3980715740472">
        <ele>16.05</ele>
      </trkpt>
      <trkpt lat="34.98855510726571" lon="138.39825882576406">
        <ele>15.98</ele>
      </trkpt>
      <trkpt lat="34.98868997208774" lon="138.39842973276973">
        <ele>15.93</ele>
      </trkpt>
      <trkpt lat="34.98885157518089" lon="138.39859938248992">
        <ele>15.88</ele>
      </trkpt>
      <trkpt lat="34.98896632343531" lon="138.39876911602914">
        <ele>15.81</ele>
      </trkpt>
      <trkpt lat="34.98909942805767" lon="138.3989653363824">
        <ele>15.72</ele>
      </trkpt>
      <trkpt lat="34.98922985047102" lon="138.3991535101086">
        <ele>15.6</ele>
      </trkpt>
      <trkpt lat="34.98932800255716" lon="138.39937194250524">
        <ele>15.41</ele>
      </trkpt>
      <trkpt lat="34.9894589278847" lon="138.399564223364">
        <ele>15.19</ele>
      </trkpt>
      <trkpt lat="34.98959764838219" lon="138.39970579370856">
        <ele>14.97</ele>
      </trkpt>
      <trkpt lat="34.98971893452108" lon="138.3998922072351">
        <ele>14.67</ele>
      </trkpt>
      <trkpt lat="34.98983074910939" lon="138.40008717030287">
        <ele>14.34</ele>
      </trkpt>
      <trkpt lat="34.98994122259319" lon="138.400291018188">
        <ele>13.96</ele>
      </trkpt>
      <trkpt lat="34.9900699686259" lon="138.40047935955226">
        <ele>13.59</ele>
      </trkpt>
      <trkpt lat="34.990189326927066" lon="138.40067851357162">
        <ele>13.23</ele>
      </trkpt>
      <trkpt lat="34.99029812403023" lon="138.40086735785007">
        <ele>12.89</ele>
      </trkpt>
      <trkpt lat="34.99040021561086" lon="138.40106584131718">
        <ele>12.58</ele>
      </trkpt>
      <trkpt lat="34.99049602076411" lon="138.4012596309185">
        <ele>12.27</ele>
      </trkpt>
      <trkpt lat="34.99059517867863" lon="138.4014549292624">
        <ele>11.95</ele>
      </trkpt>
      <trkpt lat="34.99070992693305" lon="138.4016396664083">
        <ele>11.61</ele>
      </trkpt>
      <trkpt lat="34.99082375317812" lon="138.40183001942933">
        <ele>11.31</ele>
      </trkpt>
      <trkpt lat="34.99096155166626" lon="138.40201106853783">
        <ele>11.04</ele>
      </trkpt>
      <trkpt lat="34.99106171540916" lon="138.40221667662263">
        <ele>10.8</ele>
      </trkpt>
      <trkpt lat="34.991175876930356" lon="138.40241893194616">
        <ele>10.59</ele>
      </trkpt>
      <trkpt lat="34.991304371505976" lon="138.40258003212512">
        <ele>10.35</ele>
      </trkpt>
      <trkpt lat="34.991423143073916" lon="138.40277097187936">
        <ele>10.07</ele>
      </trkpt>
      <trkpt lat="34.991531101986766" lon="138.40295621193945">
        <ele>9.79</ele>
      </trkpt>
      <trkpt lat="34.99162514694035" lon="138.40317137539387">
        <ele>9.53</ele>
      </trkpt>
      <trkpt lat="34.99172983691096" lon="138.40334999375045">
        <ele>9.28</ele>
      </trkpt>
      <trkpt lat="34.99184265732765" lon="138.4035260975361">
        <ele>9.02</ele>
      </trkpt>
      <trkpt lat="34.99195313081145" lon="138.40370169840753">
        <ele>8.75</ele>
      </trkpt>
      <trkpt lat="34.992074416950345" lon="138.403893224895">
        <ele>8.46</ele>
      </trkpt>
      <trkpt lat="34.99219964258373" lon="138.40406849049032">
        <ele>8.17</ele>
      </trkpt>
      <trkpt lat="34.99233551323414" lon="138.40424912050366">
        <ele>7.93</ele>
      </trkpt>
      <trkpt lat="34.99245872721076" lon="138.40446478687227">
        <ele>7.73</ele>
      </trkpt>
      <trkpt lat="34.99256760813296" lon="138.40466276742518">
        <ele>7.52</ele>
      </trkpt>
      <trkpt lat="34.99269518069923" lon="138.40483493171632">
        <ele>7.42</ele>
      </trkpt>
      <trkpt lat="34.99278134666383" lon="138.4050592314452">
        <ele>7.29</ele>
      </trkpt>
      <trkpt lat="34.99290690757334" lon="138.40526358224452">
        <ele>7.18</ele>
      </trkpt>
      <trkpt lat="34.99300413765013" lon="138.40545158833265">
        <ele>7.08</ele>
      </trkpt>
      <trkpt lat="34.99311645515263" lon="138.40563104487956">
        <ele>6.9</ele>
      </trkpt>
      <trkpt lat="34.993198765441775" lon="138.40583137236536">
        <ele>6.72</ele>
      </trkpt>
      <trkpt lat="34.993328852579" lon="138.405989035964">
        <ele>6.76</ele>
      </trkpt>
      <trkpt lat="34.99344376847148" lon="138.4061674028635">
        <ele>6.89</ele>
      </trkpt>
      <trkpt lat="34.99355876818299" lon="138.406364293769">
        <ele>7.13</ele>
      </trkpt>
      <trkpt lat="34.993687346577644" lon="138.40653352439404">
        <ele>7.32</ele>
      </trkpt>
      <trkpt lat="34.99379714950919" lon="138.40670778416097">
        <ele>7.46</ele>
      </trkpt>
      <trkpt lat="34.99390359967947" lon="138.40690408833325">
        <ele>7.54</ele>
      </trkpt>
      <trkpt lat="34.994016755372286" lon="138.40710449963808">
        <ele>7.63</ele>
      </trkpt>
      <trkpt lat="34.994133515283465" lon="138.40728496201336">
        <ele>7.86</ele>
      </trkpt>
      <trkpt lat="34.99425019137561" lon="138.40746693313122">
        <ele>8.1</ele>
      </trkpt>
      <trkpt lat="34.99435169622302" lon="138.40766742825508">
        <ele>8.3</ele>
      </trkpt>
      <trkpt lat="34.99448027461767" lon="138.40785551816225">
        <ele>8.42</ele>
      </trkpt>
      <trkpt lat="34.99456526711583" lon="138.40804922394454">
        <ele>8.5</ele>
      </trkpt>
      <trkpt lat="34.99466484412551" lon="138.4082428459078">
        <ele>8.61</ele>
      </trkpt>
      <trkpt lat="34.99477976001799" lon="138.40841928496957">
        <ele>8.73</ele>
      </trkpt>
      <trkpt lat="34.99490431509912" lon="138.408594885841">
        <ele>8.86</ele>
      </trkpt>
      <trkpt lat="34.995014537125826" lon="138.40877207927406">
        <ele>9.05</ele>
      </trkpt>
      <trkpt lat="34.99512031674385" lon="138.40895488858223">
        <ele>9.25</ele>
      </trkpt>
      <trkpt lat="34.99523422680795" lon="138.40915496461093">
        <ele>9.46</ele>
      </trkpt>
      <trkpt lat="34.99534956179559" lon="138.40933584608138">
        <ele>9.63</ele>
      </trkpt>
      <trkpt lat="34.995451821014285" lon="138.4095211699605">
        <ele>9.77</ele>
      </trkpt>
      <trkpt lat="34.99558006413281" lon="138.40971822850406">
        <ele>9.9</ele>
      </trkpt>
      <trkpt lat="34.99569581821561" lon="138.409887207672">
        <ele>10.05</ele>
      </trkpt>
      <trkpt lat="34.9958015140146" lon="138.41009340249002">
        <ele>10.18</ele>
      </trkpt>
      <trkpt lat="34.995903773233294" lon="138.41027503833175">
        <ele>10.3</ele>
      </trkpt>
      <trkpt lat="34.99603905715048" lon="138.41044929809868">
        <ele>10.34</ele>
      </trkpt>
      <trkpt lat="34.996180795133114" lon="138.4106300957501">
        <ele>10.33</ele>
      </trkpt>
      <trkpt lat="34.996291268616915" lon="138.41081868857145">
        <ele>10.31</ele>
      </trkpt>
      <trkpt lat="34.99641858972609" lon="138.41100954450667">
        <ele>10.36</ele>
      </trkpt>
      <trkpt lat="34.99654968269169" lon="138.4111618436873">
        <ele>10.38</ele>
      </trkpt>
      <trkpt lat="34.9966580606997" lon="138.41134004294872">
        <ele>10.35</ele>
      </trkpt>
      <trkpt lat="34.99678244814277" lon="138.41153374873102">
        <ele>10.31</ele>
      </trkpt>
      <trkpt lat="34.99696517363191" lon="138.41154783032835">
        <ele>10.28</ele>
      </trkpt>
      <trkpt lat="34.99711780808866" lon="138.41137005016208">
        <ele>10.2</ele>
      </trkpt>
      <trkpt lat="34.99727672897279" lon="138.41121967881918">
        <ele>10.15</ele>
      </trkpt>
      <trkpt lat="34.997433219105005" lon="138.41106628999114">
        <ele>10.12</ele>
      </trkpt>
      <trkpt lat="34.997577304020524" lon="138.41089211404324">
        <ele>10.17</ele>
      </trkpt>
      <trkpt lat="34.99770889990032" lon="138.41071316041052">
        <ele>10.18</ele>
      </trkpt>
      <trkpt lat="34.9978684913367" lon="138.41055180877447">
        <ele>10.18</ele>
      </trkpt>
      <trkpt lat="34.99801676720381" lon="138.41038685292006">
        <ele>10.18</ele>
      </trkpt>
      <trkpt lat="34.998166132718325" lon="138.41022424399853">
        <ele>10.23</ele>
      </trkpt>
      <trkpt lat="34.998310804367065" lon="138.410088038072">
        <ele>10.19</ele>
      </trkpt>
      <trkpt lat="34.99845270998776" lon="138.40993800200522">
        <ele>10.19</ele>
      </trkpt>
      <trkpt lat="34.99861674383283" lon="138.40978989377618">
        <ele>10.21</ele>
      </trkpt>
      <trkpt lat="34.998767115175724" lon="138.40962829068303">
        <ele>10.23</ele>
      </trkpt>
      <trkpt lat="34.998905500397086" lon="138.40948571451008">
        <ele>10.26</ele>
      </trkpt>
      <trkpt lat="34.999061739072204" lon="138.40932972729206">
        <ele>10.26</ele>
      </trkpt>
      <trkpt lat="34.99919786117971" lon="138.4091691300273">
        <ele>10.25</ele>
      </trkpt>
      <trkpt lat="34.999352088198066" lon="138.40902278199792">
        <ele>10.31</ele>
      </trkpt>
      <trkpt lat="34.99950120225549" lon="138.40888992883265">
        <ele>10.3</ele>
      </trkpt>
      <trkpt lat="34.99964780174196" lon="138.4087510406971">
        <ele>10.32</ele>
      </trkpt>
      <trkpt lat="34.999799095094204" lon="138.40859530493617">
        <ele>10.39</ele>
      </trkpt>
      <trkpt lat="34.999930104240775" lon="138.40844166465104">
        <ele>10.5</ele>
      </trkpt>
      <trkpt lat="35.00009464100003" lon="138.40828626416624">
        <ele>10.59</ele>
      </trkpt>
      <trkpt lat="35.000239396467805" lon="138.40812449343503">
        <ele>10.74</ele>
      </trkpt>
      <trkpt lat="35.00038951635361" lon="138.40795526281">
        <ele>10.74</ele>
      </trkpt>
      <trkpt lat="35.00056025572121" lon="138.4078172966838">
        <ele>10.66</ele>
      </trkpt>
      <trkpt lat="35.00072479248047" lon="138.4076701104641">
        <ele>10.6</ele>
      </trkpt>
      <trkpt lat="35.00089377164841" lon="138.4075279533863">
        <ele>10.59</ele>
      </trkpt>
      <trkpt lat="35.00105210579932" lon="138.40740549378097">
        <ele>10.56</ele>
      </trkpt>
      <trkpt lat="35.00121404416859" lon="138.40727825649083">
        <ele>10.49</ele>
      </trkpt>
      <trkpt lat="35.001379419118166" lon="138.4071523603052">
        <ele>10.4</ele>
      </trkpt>
      <trkpt lat="35.00155099667609" lon="138.40703677386045">
        <ele>10.3</ele>
      </trkpt>
      <trkpt lat="35.00172617845237" lon="138.40691951103508">
        <ele>10.13</ele>
      </trkpt>
      <trkpt lat="35.001881243661046" lon="138.4067853167653">
        <ele>9.98</ele>
      </trkpt>
      <trkpt lat="35.00206128694117" lon="138.40668138116598">
        <ele>9.8</ele>
      </trkpt>
      <trkpt lat="35.0022067129612" lon="138.40655146166682">
        <ele>9.68</ele>
      </trkpt>
      <trkpt lat="35.00238415785134" lon="138.4064211230725">
        <ele>9.57</ele>
      </trkpt>
      <trkpt lat="35.00254743732512" lon="138.40630302205682">
        <ele>9.34</ele>
      </trkpt>
      <trkpt lat="35.00270535238087" lon="138.40617595240474">
        <ele>9.18</ele>
      </trkpt>
      <trkpt lat="35.0028679613024" lon="138.40604460798204">
        <ele>9.02</ele>
      </trkpt>
      <trkpt lat="35.003033420071006" lon="138.4059459529817">
        <ele>8.94</ele>
      </trkpt>
      <trkpt lat="35.003199968487024" lon="138.40582299046218">
        <ele>8.85</ele>
      </trkpt>
      <trkpt lat="35.0033600628376" lon="138.4057213179767">
        <ele>8.84</ele>
      </trkpt>
      <trkpt lat="35.00351445749402" lon="138.405605815351">
        <ele>8.77</ele>
      </trkpt>
      <trkpt lat="35.00369072891772" lon="138.40548939071596">
        <ele>8.77</ele>
      </trkpt>
      <trkpt lat="35.0038487277925" lon="138.4053745586425">
        <ele>8.74</ele>
      </trkpt>
      <trkpt lat="35.00400831922889" lon="138.4052421245724">
        <ele>8.66</ele>
      </trkpt>
      <trkpt lat="35.00418291427195" lon="138.40510994195938">
        <ele>8.54</ele>
      </trkpt>
      <trkpt lat="35.00433873385191" lon="138.4049939364195">
        <ele>8.42</ele>
      </trkpt>
      <trkpt lat="35.00449455343187" lon="138.40487063862383">
        <ele>8.34</ele>
      </trkpt>
      <trkpt lat="35.00465305522084" lon="138.40476209297776">
        <ele>8.22</ele>
      </trkpt>
      <trkpt lat="35.00481516122818" lon="138.40465027838945">
        <ele>8.23</ele>
      </trkpt>
      <trkpt lat="35.004988415166736" lon="138.4045346081257">
        <ele>8.21</ele>
      </trkpt>
      <trkpt lat="35.005137864500284" lon="138.40441189706326">
        <ele>8.19</ele>
      </trkpt>
      <trkpt lat="35.005327966064215" lon="138.40428977273405">
        <ele>8.11</ele>
      </trkpt>
      <trkpt lat="35.00548051670194" lon="138.4041723422706">
        <ele>8.05</ele>
      </trkpt>
      <trkpt lat="35.005648490041494" lon="138.40406094677746">
        <ele>7.99</ele>
      </trkpt>
      <trkpt lat="35.00580841675401" lon="138.40391325764358">
        <ele>7.89</ele>
      </trkpt>
      <trkpt lat="35.00597479753196" lon="138.40380077250302">
        <ele>7.74</ele>
      </trkpt>
      <trkpt lat="35.00613195821643" lon="138.40367923490703">
        <ele>7.57</ele>
      </trkpt>
      <trkpt lat="35.00629431568086" lon="138.4035732038319">
        <ele>7.49</ele>
      </trkpt>
      <trkpt lat="35.00646388158202" lon="138.4034627303481">
        <ele>7.44</ele>
      </trkpt>
      <trkpt lat="35.006643421947956" lon="138.40333096683025">
        <ele>7.35</ele>
      </trkpt>
      <trkpt lat="35.00680980272591" lon="138.40318461880088">
        <ele>7.13</ele>
      </trkpt>
      <trkpt lat="35.00698531977832" lon="138.4030667692423">
        <ele>6.97</ele>
      </trkpt>
      <trkpt lat="35.00713912770152" lon="138.4029438905418">
        <ele>6.84</ele>
      </trkpt>
      <trkpt lat="35.00731833279133" lon="138.4028448164463">
        <ele>6.8</ele>
      </trkpt>
      <trkpt lat="35.007481360808015" lon="138.4027121309191">
        <ele>6.75</ele>
      </trkpt>
      <trkpt lat="35.00762921757996" lon="138.4025688841939">
        <ele>6.62</ele>
      </trkpt>
      <trkpt lat="35.00778403133154" lon="138.40244717895985">
        <ele>6.37</ele>
      </trkpt>
      <trkpt lat="35.007962146773934" lon="138.4023238811642">
        <ele>6.13</ele>
      </trkpt>
      <trkpt lat="35.00811779871583" lon="138.40219471603632">
        <ele>6.01</ele>
      </trkpt>
      <trkpt lat="35.00827764160931" lon="138.40209136717021">
        <ele>5.85</ele>
      </trkpt>
      <trkpt lat="35.00842382200062" lon="138.401961280033">
        <ele>5.7</ele>
      </trkpt>
      <trkpt lat="35.008580815047026" lon="138.4018516447395">
        <ele>5.58</ele>
      </trkpt>
      <trkpt lat="35.00875532627106" lon="138.40172708965838">
        <ele>5.46</ele>
      </trkpt>
      <trkpt lat="35.0089240539819" lon="138.40160622261465">
        <ele>5.39</ele>
      </trkpt>
      <trkpt lat="35.009094290435314" lon="138.40150589123368">
        <ele>5.33</ele>
      </trkpt>
      <trkpt lat="35.009278608486056" lon="138.4013933222741">
        <ele>5.15</ele>
      </trkpt>
      <trkpt lat="35.00945731066167" lon="138.4012575354427">
        <ele>5.03</ele>
      </trkpt>
      <trkpt lat="35.00963006168604" lon="138.4011388476938">
        <ele>5.0</ele>
      </trkpt>
      <trkpt lat="35.009792586788535" lon="138.401017813012">
        <ele>5.0</ele>
      </trkpt>
      <trkpt lat="35.00996282324195" lon="138.40088051743805">
        <ele>4.9</ele>
      </trkpt>
      <trkpt lat="35.01013666391373" lon="138.40073970146477">
        <ele>4.75</ele>
      </trkpt>
      <trkpt lat="35.010307068005204" lon="138.40060148388147">
        <ele>4.73</ele>
      </trkpt>
      <trkpt lat="35.01047772355378" lon="138.40048614889383">
        <ele>4.73</ele>
      </trkpt>
      <trkpt lat="35.010636392980814" lon="138.4003687184304">
        <ele>4.82</ele>
      </trkpt>
      <trkpt lat="35.01080721616745" lon="138.40023980475962">
        <ele>4.97</ele>
      </trkpt>
      <trkpt lat="35.01097577624023" lon="138.40012564323843">
        <ele>5.06</ele>
      </trkpt>
      <trkpt lat="35.01115221530199" lon="138.3999799657613">
        <ele>4.94</ele>
      </trkpt>
      <trkpt lat="35.01133242622018" lon="138.39985742233694">
        <ele>4.77</ele>
      </trkpt>
      <trkpt lat="35.011498890817165" lon="138.39972088113427">
        <ele>4.6</ele>
      </trkpt>
      <trkpt lat="35.011659152805805" lon="138.39960646815598">
        <ele>4.57</ele>
      </trkpt>
      <trkpt lat="35.01181522384286" lon="138.39948635548353">
        <ele>4.6</ele>
      </trkpt>
      <trkpt lat="35.011969869956374" lon="138.3993480540812">
        <ele>4.65</ele>
      </trkpt>
      <trkpt lat="35.012145387008786" lon="138.39923816733062">
        <ele>4.67</ele>
      </trkpt>
      <trkpt lat="35.01230791211128" lon="138.3991167973727">
        <ele>4.66</ele>
      </trkpt>
      <trkpt lat="35.01248208805919" lon="138.3989712037146">
        <ele>4.62</ele>
      </trkpt>
      <trkpt lat="35.01264352351427" lon="138.3988623227924">
        <ele>4.54</ele>
      </trkpt>
      <trkpt lat="35.01283714547753" lon="138.39876123704016">
        <ele>4.29</ele>
      </trkpt>
      <trkpt lat="35.01301232725382" lon="138.39863483794034">
        <ele>3.98</ele>
      </trkpt>
      <trkpt lat="35.013161608949304" lon="138.39850701391697">
        <ele>3.7</ele>
      </trkpt>
      <trkpt lat="35.013310639187694" lon="138.39837156236172">
        <ele>3.45</ele>
      </trkpt>
      <trkpt lat="35.01347500830889" lon="138.39821171946824">
        <ele>3.23</ele>
      </trkpt>
      <trkpt lat="35.01363384537399" lon="138.39804181829095">
        <ele>3.1</ele>
      </trkpt>
      <trkpt lat="35.013782288879156" lon="138.3979143295437">
        <ele>2.98</ele>
      </trkpt>
      <trkpt lat="35.01393148675561" lon="138.3977901097387">
        <ele>2.93</ele>
      </trkpt>
      <trkpt lat="35.01411002129316" lon="138.39765893295407">
        <ele>2.92</ele>
      </trkpt>
      <trkpt lat="35.01428805291653" lon="138.3975276723504">
        <ele>2.97</ele>
      </trkpt>
      <trkpt lat="35.014435071498156" lon="138.3973933942616">
        <ele>3.13</ele>
      </trkpt>
      <trkpt lat="35.014582173898816" lon="138.39725743979216">
        <ele>3.28</ele>
      </trkpt>
      <trkpt lat="35.01474604010582" lon="138.39714487083256">
        <ele>3.54</ele>
      </trkpt>
      <trkpt lat="35.01488861627877" lon="138.39700799435377">
        <ele>3.89</ele>
      </trkpt>
      <trkpt lat="35.01505332067609" lon="138.39685234241188">
        <ele>4.29</ele>
      </trkpt>
      <trkpt lat="35.01520344056189" lon="138.39672812260687">
        <ele>4.71</ele>
      </trkpt>
      <trkpt lat="35.0152013450861" lon="138.39649954810739">
        <ele>4.96</ele>
      </trkpt>
      <trkpt lat="35.01511165872216" lon="138.39630802161992">
        <ele>5.23</ele>
      </trkpt>
      <trkpt lat="35.015019960701466" lon="138.39611909352243">
        <ele>5.51</ele>
      </trkpt>
      <trkpt lat="35.014924658462405" lon="138.39593125507236">
        <ele>5.87</ele>
      </trkpt>
      <trkpt lat="35.014825919643044" lon="138.39572933502495">
        <ele>6.23</ele>
      </trkpt>
      <trkpt lat="35.01472936011851" lon="138.39553093537688">
        <ele>6.56</ele>
      </trkpt>
      <trkpt lat="35.014634896069765" lon="138.39532314799726">
        <ele>6.74</ele>
      </trkpt>
      <trkpt lat="35.01454227603972" lon="138.39513195678592">
        <ele>6.93</ele>
      </trkpt>
      <trkpt lat="35.014435993507504" lon="138.39494487270713">
        <ele>7.17</ele>
      </trkpt>
      <trkpt lat="35.01434228383005" lon="138.39475359767675">
        <ele>7.56</ele>
      </trkpt>
      <trkpt lat="35.01425368711352" lon="138.39456064626575">
        <ele>7.96</ele>
      </trkpt>
      <trkpt lat="35.014152685180306" lon="138.3943422138691">
        <ele>8.3</ele>
      </trkpt>
      <trkpt lat="35.01404992304742" lon="138.39412956498563">
        <ele>8.49</ele>
      </trkpt>
      <trkpt lat="35.01393785700202" lon="138.39391943067312">
        <ele>8.61</ele>
      </trkpt>
      <trkpt lat="35.01381070353091" lon="138.39371860027313">
        <ele>8.84</ele>
      </trkpt>
      <trkpt lat="35.01371121034026" lon="138.3935108128935">
        <ele>9.09</ele>
      </trkpt>
      <trkpt lat="35.01361867412925" lon="138.39328651316464">
        <ele>9.28</ele>
      </trkpt>
      <trkpt lat="35.01350736245513" lon="138.3930858504027">
        <ele>9.33</ele>
      </trkpt>
      <trkpt lat="35.01339445821941" lon="138.3928796555847">
        <ele>9.3</ele>
      </trkpt>
      <trkpt lat="35.01332463696599" lon="138.39265828952193">
        <ele>9.23</ele>
      </trkpt>
      <trkpt lat="35.01326604746282" lon="138.39243189431727">
        <ele>9.15</ele>
      </trkpt>
      <trkpt lat="35.01318482682109" lon="138.39221245609224">
        <ele>9.06</ele>
      </trkpt>
      <trkpt lat="35.013083489611745" lon="138.39201581664383">
        <ele>9.11</ele>
      </trkpt>
      <trkpt lat="35.01296513713896" lon="138.39179704897106">
        <ele>9.21</ele>
      </trkpt>
      <trkpt lat="35.01284862868488" lon="138.39159320108593">
        <ele>9.3</ele>
      </trkpt>
      <trkpt lat="35.01273329369724" lon="138.39138365350664">
        <ele>9.34</ele>
      </trkpt>
      <trkpt lat="35.01261318102479" lon="138.3911880198866">
        <ele>9.36</ele>
      </trkpt>
      <trkpt lat="35.01251745969057" lon="138.3909929729998">
        <ele>9.41</ele>
      </trkpt>
      <trkpt lat="35.012392150238156" lon="138.3907823357731">
        <ele>9.47</ele>
      </trkpt>
      <trkpt lat="35.012285616248846" lon="138.3905912283808">
        <ele>9.51</ele>
      </trkpt>
      <trkpt lat="35.01217782497406" lon="138.39041529223323">
        <ele>9.55</ele>
      </trkpt>
      <trkpt lat="35.01207388937473" lon="138.39023030363023">
        <ele>9.59</ele>
      </trkpt>
      <trkpt lat="35.01196827739477" lon="138.39004883542657">
        <ele>9.66</ele>
      </trkpt>
      <trkpt lat="35.01185352914035" lon="138.3898440655321">
        <ele>9.71</ele>
      </trkpt>
      <trkpt lat="35.011746073141694" lon="138.38963937945664">
        <ele>9.73</ele>
      </trkpt>
      <trkpt lat="35.01164607703686" lon="138.3894555643201">
        <ele>9.75</ele>
      </trkpt>
      <trkpt lat="35.011542811989784" lon="138.3892486989498">
        <ele>9.8</ele>
      </trkpt>
      <trkpt lat="35.01142177730799" lon="138.38904527015984">
        <ele>9.81</ele>
      </trkpt>
      <trkpt lat="35.0113123934716" lon="138.38884804397821">
        <ele>9.77</ele>
      </trkpt>
      <trkpt lat="35.01121130771935" lon="138.3886553440243">
        <ele>9.76</ele>
      </trkpt>
      <trkpt lat="35.011101169511676" lon="138.3884692657739">
        <ele>9.72</ele>
      </trkpt>
      <trkpt lat="35.01099254004657" lon="138.38826650753617">
        <ele>9.69</ele>
      </trkpt>
      <trkpt lat="35.01088039018214" lon="138.3880797587335">
        <ele>9.68</ele>
      </trkpt>
      <trkpt lat="35.01077410764992" lon="138.38787272572517">
        <ele>9.64</ele>
      </trkpt>
      <trkpt lat="35.01066220924258" lon="138.38769142515957">
        <ele>9.6</ele>
      </trkpt>
      <trkpt lat="35.01055651344359" lon="138.38748573325574">
        <ele>9.6</ele>
      </trkpt>
      <trkpt lat="35.010455176234245" lon="138.38728968054056">
        <ele>9.56</ele>
      </trkpt>
      <trkpt lat="35.0103451218456" lon="138.387108463794">
        <ele>9.5</ele>
      </trkpt>
      <trkpt lat="35.01023364253342" lon="138.3869211282581">
        <ele>9.4</ele>
      </trkpt>
      <trkpt lat="35.0101223308593" lon="138.38673404417932">
        <ele>9.35</ele>
      </trkpt>
      <trkpt lat="35.01000875607133" lon="138.38653195649385">
        <ele>9.32</ele>
      </trkpt>
      <trkpt lat="35.009908927604556" lon="138.38634797371924">
        <ele>9.29</ele>
      </trkpt>
      <trkpt lat="35.00978956930339" lon="138.38616943918169">
        <ele>9.23</ele>
      </trkpt>
      <trkpt lat="35.00968328677118" lon="138.38597774505615">
        <ele>9.14</ele>
      </trkpt>
      <trkpt lat="35.009582452476025" lon="138.38578957132995">
        <ele>9.04</ele>
      </trkpt>
      <trkpt lat="35.00945999287069" lon="138.38558890856802">
        <ele>8.96</ele>
      </trkpt>
      <trkpt lat="35.00934507697821" lon="138.38538145646453">
        <ele>8.92</ele>
      </trkpt>
      <trkpt lat="35.00917023047805" lon="138.3854817878455">
        <ele>8.87</ele>
      </trkpt>
      <trkpt lat="35.0090329349041" lon="138.38563467375934">
        <ele>8.83</ele>
      </trkpt>
      <trkpt lat="35.00889195129275" lon="138.38577372953296">
        <ele>8.78</ele>
      </trkpt>
      <trkpt lat="35.00870134681463" lon="138.38590356521308">
        <ele>8.77</ele>
      </trkpt>
      <trkpt lat="35.008464055135846" lon="138.3860013820231">
        <ele>8.76</ele>
      </trkpt>
      <trkpt lat="35.00828728079796" lon="138.38590767234564">
        <ele>8.69</ele>
      </trkpt>
      <trkpt lat="35.008093155920506" lon="138.3858351688832">
        <ele>8.66</ele>
      </trkpt>
      <trkpt lat="35.007898109033704" lon="138.38577238842845">
        <ele>8.68</ele>
      </trkpt>
      <trkpt lat="35.00771228224039" lon="138.3857313171029">
        <ele>8.68</ele>
      </trkpt>
      <trkpt lat="35.007529724389315" lon="138.3856504317373">
        <ele>8.7</ele>
      </trkpt>
      <trkpt lat="35.00732579268515" lon="138.38562696240842">
        <ele>8.72</ele>
      </trkpt>
      <trkpt lat="35.00714675523341" lon="138.38554959744215">
        <ele>8.81</ele>
      </trkpt>
      <trkpt lat="35.006963862106204" lon="138.38548899628222">
        <ele>8.91</ele>
      </trkpt>
      <trkpt lat="35.0068398937583" lon="138.38529411703348">
        <ele>8.97</ele>
      </trkpt>
      <trkpt lat="35.00672330148518" lon="138.38511859998107">
        <ele>9.02</ele>
      </trkpt>
      <trkpt lat="35.006619365885854" lon="138.38492799550295">
        <ele>9.09</ele>
      </trkpt>
      <trkpt lat="35.00650763511658" lon="138.38472557254136">
        <ele>9.2</ele>
      </trkpt>
      <trkpt lat="35.00640470534563" lon="138.38451996445656">
        <ele>9.34</ele>
      </trkpt>
      <trkpt lat="35.00628392212093" lon="138.38435643352568">
        <ele>9.5</ele>
      </trkpt>
      <trkpt lat="35.00617747195065" lon="138.38417664170265">
        <ele>9.67</ele>
      </trkpt>
      <trkpt lat="35.00607093796134" lon="138.38396709412336">
        <ele>9.84</ele>
      </trkpt>
      <trkpt lat="35.00595510005951" lon="138.38375134393573">
        <ele>10.0</ele>
      </trkpt>
      <trkpt lat="35.005831299349666" lon="138.38356928899884">
        <ele>10.12</ele>
      </trkpt>
      <trkpt lat="35.00572878867388" lon="138.38338614441454">
        <ele>10.23</ele>
      </trkpt>
      <trkpt lat="35.00561454333365" lon="138.3832055144012">
        <ele>10.34</ele>
      </trkpt>
      <trkpt lat="35.00544883310795" lon="138.38309830985963">
        <ele>10.44</ele>
      </trkpt>
      <trkpt lat="35.00525537878275" lon="138.38300904259086">
        <ele>10.5</ele>
      </trkpt>
      <trkpt lat="35.005080699920654" lon="138.3829201105982">
        <ele>10.53</ele>
      </trkpt>
      <trkpt lat="35.004906356334686" lon="138.3828273229301">
        <ele>10.59</ele>
      </trkpt>
      <trkpt lat="35.004739137366414" lon="138.38271240703762">
        <ele>10.69</ele>
      </trkpt>
      <trkpt lat="35.00458097085357" lon="138.38257603347301">
        <ele>10.81</ele>
      </trkpt>
      <trkpt lat="35.004420122131705" lon="138.3824388217181">
        <ele>10.88</ele>
      </trkpt>
      <trkpt lat="35.00423521734774" lon="138.38231158442795">
        <ele>10.93</ele>
      </trkpt>
      <trkpt lat="35.004063891246915" lon="138.38218342512846">
        <ele>10.95</ele>
      </trkpt>
      <trkpt lat="35.00390522181988" lon="138.38200455531478">
        <ele>10.95</ele>
      </trkpt>
      <trkpt lat="35.00373448245227" lon="138.38189198635519">
        <ele>10.94</ele>
      </trkpt>
      <trkpt lat="35.00357011333108" lon="138.3817649167031">
        <ele>10.95</ele>
      </trkpt>
      <trkpt lat="35.003416892141104" lon="138.3816354162991">
        <ele>10.92</ele>
      </trkpt>
      <trkpt lat="35.00323114916682" lon="138.38151262141764">
        <ele>10.81</ele>
      </trkpt>
      <trkpt lat="35.003079855814576" lon="138.38135571219027">
        <ele>10.7</ele>
      </trkpt>
      <trkpt lat="35.00289746560156" lon="138.38122252374887">
        <ele>10.64</ele>
      </trkpt>
      <trkpt lat="35.00271457247436" lon="138.38111506775022">
        <ele>10.57</ele>
      </trkpt>
      <trkpt lat="35.00254358164966" lon="138.38103669695556">
        <ele>10.51</ele>
      </trkpt>
      <trkpt lat="35.00234459526837" lon="138.38097006082535">
        <ele>10.47</ele>
      </trkpt>
      <trkpt lat="35.00216321088374" lon="138.38090476579964">
        <ele>10.5</ele>
      </trkpt>
      <trkpt lat="35.00197428278625" lon="138.3808745071292">
        <ele>10.55</ele>
      </trkpt>
      <trkpt lat="35.001773703843355" lon="138.38082463480532">
        <ele>10.59</ele>
      </trkpt>
      <trkpt lat="35.00156876631081" lon="138.38079345412552">
        <ele>10.54</ele>
      </trkpt>
      <trkpt lat="35.00137212686241" lon="138.38075355626643">
        <ele>10.55</ele>
      </trkpt>
      <trkpt lat="35.001177079975605" lon="138.38070980273187">
        <ele>10.61</ele>
      </trkpt>
      <trkpt lat="35.000994773581624" lon="138.38067015632987">
        <ele>10.74</ele>
      </trkpt>
      <trkpt lat="35.00080190598965" lon="138.3806191943586">
        <ele>10.9</ele>
      </trkpt>
      <trkpt lat="35.000611217692494" lon="138.3805742673576">
        <ele>11.1</ele>
      </trkpt>
      <trkpt lat="35.000415248796344" lon="138.38053344748914">
        <ele>11.29</ele>
      </trkpt>
      <trkpt lat="35.000214921310544" lon="138.38048583827913">
        <ele>11.52</ele>
      </trkpt>
      <trkpt lat="35.00002322718501" lon="138.38045055046678">
        <ele>11.69</ele>
      </trkpt>
      <trkpt lat="34.99983228743076" lon="138.3803951460868">
        <ele>11.92</ele>
      </trkpt>
      <trkpt lat="34.99964511953294" lon="138.38034552522004">
        <ele>12.17</ele>
      </trkpt>
      <trkpt lat="34.99946415424347" lon="138.38031141087413">
        <ele>12.4</ele>
      </trkpt>
      <trkpt lat="34.99926592223346" lon="138.38029489852488">
        <ele>12.65</ele>
      </trkpt>
      <trkpt lat="34.99906157143414" lon="138.38025910779834">
        <ele>12.93</ele>
      </trkpt>
      <trkpt lat="34.998884461820126" lon="138.38020211085677">
        <ele>13.25</ele>
      </trkpt>
      <trkpt lat="34.998704586178064" lon="138.3801643922925">
        <ele>13.58</ele>
      </trkpt>
      <trkpt lat="34.99852554872632" lon="138.38010370731354">
        <ele>13.91</ele>
      </trkpt>
      <trkpt lat="34.99834575690329" lon="138.38008233346045">
        <ele>14.28</ele>
      </trkpt>
      <trkpt lat="34.998136376962066" lon="138.38002676144242">
        <ele>14.65</ele>
      </trkpt>
      <trkpt lat="34.99792842194438" lon="138.3799669984728">
        <ele>15.0</ele>
      </trkpt>
      <trkpt lat="34.997746367007494" lon="138.37992542423308">
        <ele>15.31</ele>
      </trkpt>
      <trkpt lat="34.99755215831101" lon="138.37989583611488">
        <ele>15.59</ele>
      </trkpt>
      <trkpt lat="34.99735677614808" lon="138.37984395213425">
        <ele>15.89</ele>
      </trkpt>
      <trkpt lat="34.99717220664024" lon="138.37980371899903">
        <ele>16.15</ele>
      </trkpt>
      <trkpt lat="34.99698109924793" lon="138.37975149974227">
        <ele>16.4</ele>
      </trkpt>
      <trkpt lat="34.99678487889469" lon="138.37972107343376">
        <ele>16.66</ele>
      </trkpt>
      <trkpt lat="34.99660173431039" lon="138.37965661659837">
        <ele>16.9</ele>
      </trkpt>
      <trkpt lat="34.99642252922058" lon="138.37961420416832">
        <ele>17.13</ele>
      </trkpt>
      <trkpt lat="34.996244329959154" lon="138.37956936098635">
        <ele>17.36</ele>
      </trkpt>
      <trkpt lat="34.99605213291943" lon="138.37953449226916">
        <ele>17.49</ele>
      </trkpt>
      <trkpt lat="34.995862198993564" lon="138.37947623804212">
        <ele>17.61</ele>
      </trkpt>
      <trkpt lat="34.99567352235317" lon="138.37939468212426">
        <ele>17.74</ele>
      </trkpt>
      <trkpt lat="34.99547487124801" lon="138.37931597605348">
        <ele>17.9</ele>
      </trkpt>
      <trkpt lat="34.995280327275395" lon="138.3792290557176">
        <ele>18.0</ele>
      </trkpt>
      <trkpt lat="34.99510657042265" lon="138.37913425639272">
        <ele>18.05</ele>
      </trkpt>
      <trkpt lat="34.994932394474745" lon="138.37906829081476">
        <ele>18.03</ele>
      </trkpt>
      <trkpt lat="34.994741287082434" lon="138.37896125391126">
        <ele>18.01</ele>
      </trkpt>
      <trkpt lat="34.99455110169947" lon="138.37887852452695">
        <ele>18.02</ele>
      </trkpt>
      <trkpt lat="34.99438405036926" lon="138.3787866588682">
        <ele>18.02</ele>
      </trkpt>
      <trkpt lat="34.994192607700825" lon="138.378685740754">
        <ele>17.96</ele>
      </trkpt>
      <trkpt lat="34.994026478379965" lon="138.37859974242747">
        <ele>17.84</ele>
      </trkpt>
      <trkpt lat="34.99384777620435" lon="138.37849614210427">
        <ele>17.75</ele>
      </trkpt>
      <trkpt lat="34.99365893192589" lon="138.3784304279834">
        <ele>17.67</ele>
      </trkpt>
      <trkpt lat="34.99348919838667" lon="138.37834618985653">
        <ele>17.62</ele>
      </trkpt>
      <trkpt lat="34.99330488033593" lon="138.37823211215436">
        <ele>17.53</ele>
      </trkpt>
      <trkpt lat="34.99309767968953" lon="138.37816916406155">
        <ele>17.41</ele>
      </trkpt>
      <trkpt lat="34.992910008877516" lon="138.37811216711998">
        <ele>17.29</ele>
      </trkpt>
      <trkpt lat="34.992731641978025" lon="138.3780738618225">
        <ele>17.17</ele>
      </trkpt>
      <trkpt lat="34.99252896755934" lon="138.37802306748927">
        <ele>17.08</ele>
      </trkpt>
      <trkpt lat="34.99233836308122" lon="138.377980068326">
        <ele>17.06</ele>
      </trkpt>
      <trkpt lat="34.99213510192931" lon="138.3779475465417">
        <ele>17.07</ele>
      </trkpt>
      <trkpt lat="34.991941563785076" lon="138.37792759761214">
        <ele>17.1</ele>
      </trkpt>
      <trkpt lat="34.99174039810896" lon="138.37788769975305">
        <ele>17.18</ele>
      </trkpt>
      <trkpt lat="34.99155968427658" lon="138.3778519090265">
        <ele>17.31</ele>
      </trkpt>
      <trkpt lat="34.99136187136173" lon="138.37782081216574">
        <ele>17.48</ele>
      </trkpt>
      <trkpt lat="34.99118057079613" lon="138.3777696825564">
        <ele>17.61</ele>
      </trkpt>
      <trkpt lat="34.990981835871935" lon="138.3777462132275">
        <ele>17.69</ele>
      </trkpt>
      <trkpt lat="34.99078821390867" lon="138.37770279496908">
        <ele>17.92</ele>
      </trkpt>
      <trkpt lat="34.990610517561436" lon="138.37765065953135">
        <ele>18.2</ele>
      </trkpt>
      <trkpt lat="34.990415554493666" lon="138.3776053134352">
        <ele>18.57</ele>
      </trkpt>
      <trkpt lat="34.99023408629" lon="138.3775649126619">
        <ele>18.96</ele>
      </trkpt>
      <trkpt lat="34.99002730473876" lon="138.37752962484956">
        <ele>19.31</ele>
      </trkpt>
      <trkpt lat="34.989827144891024" lon="138.37746298871934">
        <ele>19.69</ele>
      </trkpt>
      <trkpt lat="34.989650370553136" lon="138.37741563096642">
        <ele>20.02</ele>
      </trkpt>
      <trkpt lat="34.98946647159755" lon="138.3773671835661">
        <ele>20.38</ele>
      </trkpt>
      <trkpt lat="34.98926941305399" lon="138.37730130180717">
        <ele>20.75</ele>
      </trkpt>
      <trkpt lat="34.98907805420458" lon="138.3772733900696">
        <ele>21.16</ele>
      </trkpt>
      <trkpt lat="34.988898849114776" lon="138.37724807672203">
        <ele>21.6</ele>
      </trkpt>
      <trkpt lat="34.98871637508273" lon="138.37720876559615">
        <ele>22.03</ele>
      </trkpt>
      <trkpt lat="34.98852535150945" lon="138.37717364542186">
        <ele>22.48</ele>
      </trkpt>
      <trkpt lat="34.98834388330579" lon="138.37712444365025">
        <ele>22.93</ele>
      </trkpt>
      <trkpt lat="34.98816903680563" lon="138.37706099264324">
        <ele>23.35</ele>
      </trkpt>
      <trkpt lat="34.98797105625272" lon="138.37699343450367">
        <ele>23.64</ele>
      </trkpt>
      <trkpt lat="34.98777911067009" lon="138.37694875895977">
        <ele>23.92</ele>
      </trkpt>
      <trkpt lat="34.987596133723855" lon="138.37689343839884">
        <ele>24.19</ele>
      </trkpt>
      <trkpt lat="34.987391363829374" lon="138.3768441528082">
        <ele>24.5</ele>
      </trkpt>
      <trkpt lat="34.98718734830618" lon="138.37678581476212">
        <ele>24.81</ele>
      </trkpt>
      <trkpt lat="34.98699255287647" lon="138.3767395466566">
        <ele>25.06</ele>
      </trkpt>
      <trkpt lat="34.986811587587" lon="138.37670509703457">
        <ele>25.27</ele>
      </trkpt>
      <trkpt lat="34.9866043869406" lon="138.3766737487167">
        <ele>25.32</ele>
      </trkpt>
      <trkpt lat="34.986405903473496" lon="138.3766575716436">
        <ele>25.45</ele>
      </trkpt>
      <trkpt lat="34.98621831648052" lon="138.37663183920085">
        <ele>25.62</ele>
      </trkpt>
      <trkpt lat="34.98600834980607" lon="138.37660535238683">
        <ele>25.93</ele>
      </trkpt>
      <trkpt lat="34.985820427536964" lon="138.37658188305795">
        <ele>26.19</ele>
      </trkpt>
      <trkpt lat="34.98561314307153" lon="138.37656805291772">
        <ele>26.42</ele>
      </trkpt>
      <trkpt lat="34.98541306704283" lon="138.37657392024994">
        <ele>26.58</ele>
      </trkpt>
      <trkpt lat="34.985218020156026" lon="138.3765610959381">
        <ele>26.75</ele>
      </trkpt>
      <trkpt lat="34.98501442372799" lon="138.37654986418784">
        <ele>26.79</ele>
      </trkpt>
      <trkpt lat="34.98483379371464" lon="138.37653536349535">
        <ele>26.81</ele>
      </trkpt>
      <trkpt lat="34.98462399467826" lon="138.37654433213174">
        <ele>26.82</ele>
      </trkpt>
      <trkpt lat="34.984419979155064" lon="138.37653058581054">
        <ele>26.83</ele>
      </trkpt>
      <trkpt lat="34.98421210795641" lon="138.37653142400086">
        <ele>26.87</ele>
      </trkpt>
      <trkpt lat="34.98402368277311" lon="138.37655363604426">
        <ele>26.84</ele>
      </trkpt>
      <trkpt lat="34.98389099724591" lon="138.37673543952405">
        <ele>26.66</ele>
      </trkpt>
      <trkpt lat="34.983894769102335" lon="138.37696367874742">
        <ele>26.65</ele>
      </trkpt>
      <trkpt lat="34.98392335139215" lon="138.37720222771168">
        <ele>26.61</ele>
      </trkpt>
      <trkpt lat="34.98391798697412" lon="138.37742158211768">
        <ele>26.54</ele>
      </trkpt>
      <trkpt lat="34.98391999863088" lon="138.37765350937843">
        <ele>26.44</ele>
      </trkpt>
      <trkpt lat="34.98391664586961" lon="138.3778817486018">
        <ele>26.29</ele>
      </trkpt>
      <trkpt lat="34.98394765891135" lon="138.37812180630863">
        <ele>26.18</ele>
      </trkpt>
      <trkpt lat="34.98395905829966" lon="138.3783603552729">
        <ele>26.04</ele>
      </trkpt>
      <trkpt lat="34.9839639198035" lon="138.3786138240248">
        <ele>25.83</ele>
      </trkpt>
      <trkpt lat="34.98400088399649" lon="138.37882982566953">
        <ele>25.66</ele>
      </trkpt>
      <trkpt lat="34.98400088399649" lon="138.37905454449356">
        <ele>25.59</ele>
      </trkpt>
      <trkpt lat="34.98400314711034" lon="138.379309438169">
        <ele>25.53</ele>
      </trkpt>
      <trkpt lat="34.983991077169776" lon="138.3795676007867">
        <ele>25.49</ele>
      </trkpt>
      <trkpt lat="34.98397221788764" lon="138.37979089468718">
        <ele>25.42</ele>
      </trkpt>
      <trkpt lat="34.98399795033038" lon="138.38004738092422">
        <ele>25.32</ele>
      </trkpt>
      <trkpt lat="34.98400943353772" lon="138.38031015358865">
        <ele>25.2</ele>
      </trkpt>
      <trkpt lat="34.98402301222086" lon="138.3805597666651">
        <ele>25.08</ele>
      </trkpt>
      <trkpt lat="34.984036004170775" lon="138.38080099783838">
        <ele>24.95</ele>
      </trkpt>
      <trkpt lat="34.9840138759464" lon="138.38102286681533">
        <ele>24.99</ele>
      </trkpt>
      <trkpt lat="34.983990993350744" lon="138.3812609128654">
        <ele>25.05</ele>
      </trkpt>
      <trkpt lat="34.98380105942488" lon="138.38125890120864">
        <ele>25.11</ele>
      </trkpt>
      <trkpt lat="34.9836221896112" lon="138.38117751292884">
        <ele>25.2</ele>
      </trkpt>
      <trkpt lat="34.98345312662423" lon="138.3810724876821">
        <ele>25.3</ele>
      </trkpt>
      <trkpt lat="34.98343468643725" lon="138.38081147521734">
        <ele>25.35</ele>
      </trkpt>
      <trkpt lat="34.98347123153508" lon="138.3805798832327">
        <ele>25.51</ele>
      </trkpt>
      <trkpt lat="34.98349185101688" lon="138.38033018633723">
        <ele>25.67</ele>
      </trkpt>
      <trkpt lat="34.98347148299217" lon="138.38009457103908">
        <ele>25.86</ele>
      </trkpt>
      <trkpt lat="34.98339906334877" lon="138.37988016195595">
        <ele>26.05</ele>
      </trkpt>
      <trkpt lat="34.983271826058626" lon="138.37967111729085">
        <ele>26.2</ele>
      </trkpt>
      <trkpt lat="34.98313754796982" lon="138.37949668988585">
        <ele>26.42</ele>
      </trkpt>
      <trkpt lat="34.98300326988101" lon="138.37930658832192">
        <ele>26.69</ele>
      </trkpt>
      <trkpt lat="34.98287913389504" lon="138.3791281376034">
        <ele>26.98</ele>
      </trkpt>
      <trkpt lat="34.9827585183084" lon="138.3789328392595">
        <ele>27.26</ele>
      </trkpt>
      <trkpt lat="34.98262809589505" lon="138.37874080985785">
        <ele>27.49</ele>
      </trkpt>
      <trkpt lat="34.98249985277653" lon="138.37855003774166">
        <ele>27.72</ele>
      </trkpt>
      <trkpt lat="34.982377057895064" lon="138.3783849980682">
        <ele>27.96</ele>
      </trkpt>
      <trkpt lat="34.982249988242984" lon="138.37819422595203">
        <ele>28.22</ele>
      </trkpt>
      <trkpt lat="34.98212903738022" lon="138.37803069502115">
        <ele>28.49</ele>
      </trkpt>
      <trkpt lat="34.98199417255819" lon="138.3778510708362">
        <ele>28.75</ele>
      </trkpt>
      <trkpt lat="34.98186140321195" lon="138.37766281329095">
        <ele>29.0</ele>
      </trkpt>
      <trkpt lat="34.981750175356865" lon="138.3774840272963">
        <ele>29.23</ele>
      </trkpt>
      <trkpt lat="34.98163601383567" lon="138.37729468010366">
        <ele>29.53</ele>
      </trkpt>
      <trkpt lat="34.98151296749711" lon="138.37713022716343">
        <ele>29.81</ele>
      </trkpt>
      <trkpt lat="34.981379359960556" lon="138.37694523856044">
        <ele>30.07</ele>
      </trkpt>
      <trkpt lat="34.981261091306806" lon="138.3767662011087">
        <ele>30.29</ele>
      </trkpt>
      <trkpt lat="34.981178445741534" lon="138.37656369432807">
        <ele>30.54</ele>
      </trkpt>
      <trkpt lat="34.98106051236391" lon="138.37634165771306">
        <ele>30.76</ele>
      </trkpt>
      <trkpt lat="34.98097870498896" lon="138.37611802853644">
        <ele>30.97</ele>
      </trkpt>
      <trkpt lat="34.98088248074055" lon="138.37592088617384">
        <ele>31.17</ele>
      </trkpt>
      <trkpt lat="34.98075499199331" lon="138.37572692893445">
        <ele>31.39</ele>
      </trkpt>
      <trkpt lat="34.98056371696293" lon="138.37571628391743">
        <ele>31.56</ele>
      </trkpt>
      <trkpt lat="34.980393815785646" lon="138.37585718370974">
        <ele>31.7</ele>
      </trkpt>
      <trkpt lat="34.98023631982505" lon="138.3759863488376">
        <ele>31.89</ele>
      </trkpt>
      <trkpt lat="34.980066334828734" lon="138.37610503658652">
        <ele>32.08</ele>
      </trkpt>
      <trkpt lat="34.97991059906781" lon="138.37622489780188">
        <ele>32.28</ele>
      </trkpt>
      <trkpt lat="34.97973533347249" lon="138.37636906653643">
        <ele>32.55</ele>
      </trkpt>
      <trkpt lat="34.97957616113126" lon="138.37650183588266">
        <ele>32.78</ele>
      </trkpt>
      <trkpt lat="34.97940056025982" lon="138.37664047256112">
        <ele>32.94</ele>
      </trkpt>
      <trkpt lat="34.97921884059906" lon="138.37676930241287">
        <ele>33.09</ele>
      </trkpt>
      <trkpt lat="34.97904114425182" lon="138.37690827436745">
        <ele>33.22</ele>
      </trkpt>
      <trkpt lat="34.97889094054699" lon="138.37704171426594">
        <ele>33.31</ele>
      </trkpt>
      <trkpt lat="34.97871743515134" lon="138.37717909365892">
        <ele>33.4</ele>
      </trkpt>
      <trkpt lat="34.978567734360695" lon="138.3773077558726">
        <ele>33.52</ele>
      </trkpt>
      <trkpt lat="34.97842222452164" lon="138.3774398546666">
        <ele>33.61</ele>
      </trkpt>
      <trkpt lat="34.97827445156872" lon="138.37757027707994">
        <ele>33.69</ele>
      </trkpt>
      <trkpt lat="34.97812676243484" lon="138.3777084108442">
        <ele>33.78</ele>
      </trkpt>
      <trkpt lat="34.978020898997784" lon="138.3779211435467">
        <ele>33.78</ele>
      </trkpt>
      <trkpt lat="34.97795149683952" lon="138.37815097533166">
        <ele>33.8</ele>
      </trkpt>
      <trkpt lat="34.977855356410146" lon="138.37835708633065">
        <ele>33.7</ele>
      </trkpt>
      <trkpt lat="34.97775971889496" lon="138.37858038023114">
        <ele>33.5</ele>
      </trkpt>
      <trkpt lat="34.97766106389463" lon="138.37880744598806">
        <ele>33.32</ele>
      </trkpt>
      <trkpt lat="34.977562576532364" lon="138.37900852784514">
        <ele>33.22</ele>
      </trkpt>
      <trkpt lat="34.97747397981584" lon="138.3792124595493">
        <ele>33.13</ele>
      </trkpt>
      <trkpt lat="34.977355962619185" lon="138.37938244454563">
        <ele>33.05</ele>
      </trkpt>
      <trkpt lat="34.97716183774173" lon="138.37945721112192">
        <ele>32.94</ele>
      </trkpt>
      <trkpt lat="34.97699277475476" lon="138.37935880757868">
        <ele>32.78</ele>
      </trkpt>
      <trkpt lat="34.976822370663285" lon="138.37924850173295">
        <ele>32.62</ele>
      </trkpt>
      <trkpt lat="34.97665414586663" lon="138.37914305739105">
        <ele>32.52</ele>
      </trkpt>
      <trkpt lat="34.97649069875479" lon="138.37904482148588">
        <ele>32.39</ele>
      </trkpt>
      <trkpt lat="34.97630260884762" lon="138.37893744930625">
        <ele>32.17</ele>
      </trkpt>
      <trkpt lat="34.97613673098385" lon="138.37883418425918">
        <ele>31.91</ele>
      </trkpt>
      <trkpt lat="34.97597001492977" lon="138.3787150774151">
        <ele>31.57</ele>
      </trkpt>
      <trkpt lat="34.97579826973379" lon="138.37862421758473">
        <ele>31.16</ele>
      </trkpt>
      <trkpt lat="34.97561386786401" lon="138.37849773466587">
        <ele>30.72</ele>
      </trkpt>
      <trkpt lat="34.97543793171644" lon="138.37843076325953">
        <ele>30.35</ele>
      </trkpt>
      <trkpt lat="34.975266521796584" lon="138.3783212956041">
        <ele>29.95</ele>
      </trkpt>
      <trkpt lat="34.975084802135825" lon="138.37820084765553">
        <ele>29.54</ele>
      </trkpt>
      <trkpt lat="34.974921522662044" lon="138.3780971635133">
        <ele>29.17</ele>
      </trkpt>
      <trkpt lat="34.974745754152536" lon="138.3779835049063">
        <ele>28.81</ele>
      </trkpt>
      <trkpt lat="34.97457400895655" lon="138.37788694538176">
        <ele>28.48</ele>
      </trkpt>
      <trkpt lat="34.974409556016326" lon="138.37777856737375">
        <ele>28.06</ele>
      </trkpt>
      <trkpt lat="34.97424652799964" lon="138.37767924182117">
        <ele>27.64</ele>
      </trkpt>
      <trkpt lat="34.97406950220466" lon="138.37758251465857">
        <ele>27.24</ele>
      </trkpt>
      <trkpt lat="34.97391510754824" lon="138.37746332399547">
        <ele>26.91</ele>
      </trkpt>
      <trkpt lat="34.97374260798097" lon="138.37737372145057">
        <ele>26.66</ele>
      </trkpt>
      <trkpt lat="34.973582681268454" lon="138.37725293822587">
        <ele>26.43</ele>
      </trkpt>
      <trkpt lat="34.973410684615374" lon="138.37715671397746">
        <ele>26.2</ele>
      </trkpt>
      <trkpt lat="34.97325167991221" lon="138.3770407922566">
        <ele>25.94</ele>
      </trkpt>
      <trkpt lat="34.97308018617332" lon="138.3769277203828">
        <ele>25.66</ele>
      </trkpt>
      <trkpt lat="34.97291740961373" lon="138.37683292105794">
        <ele>25.37</ele>
      </trkpt>
      <trkpt lat="34.97275781817734" lon="138.3767170831561">
        <ele>25.1</ele>
      </trkpt>
      <trkpt lat="34.972601160407066" lon="138.37660015560687">
        <ele>24.86</ele>
      </trkpt>
      <trkpt lat="34.97242044657469" lon="138.3764778636396">
        <ele>24.69</ele>
      </trkpt>
      <trkpt lat="34.97225599363446" lon="138.37637443095446">
        <ele>24.57</ele>
      </trkpt>
      <trkpt lat="34.972090451046824" lon="138.37627535685897">
        <ele>24.48</ele>
      </trkpt>
      <trkpt lat="34.971925746649504" lon="138.3761557471007">
        <ele>24.42</ele>
      </trkpt>
      <trkpt lat="34.97173053212464" lon="138.3760526496917">
        <ele>24.36</ele>
      </trkpt>
      <trkpt lat="34.971548058092594" lon="138.37592801079154">
        <ele>24.27</ele>
      </trkpt>
      <trkpt lat="34.97137740254402" lon="138.37581736966968">
        <ele>24.24</ele>
      </trkpt>
      <trkpt lat="34.97120104730129" lon="138.375720474869">
        <ele>24.24</ele>
      </trkpt>
      <trkpt lat="34.971032151952386" lon="138.37561008520424">
        <ele>24.23</ele>
      </trkpt>
      <trkpt lat="34.97085562907159" lon="138.37548938579857">
        <ele>24.26</ele>
      </trkpt>
      <trkpt lat="34.97069369070232" lon="138.37537991814315">
        <ele>24.29</ele>
      </trkpt>
      <trkpt lat="34.97051549144089" lon="138.37526651099324">
        <ele>24.33</ele>
      </trkpt>
      <trkpt lat="34.970343075692654" lon="138.3751514274627">
        <ele>24.4</ele>
      </trkpt>
      <trkpt lat="34.970178538933396" lon="138.37503994815052">
        <ele>24.45</ele>
      </trkpt>
      <trkpt lat="34.97002054005861" lon="138.3749339170754">
        <ele>24.5</ele>
      </trkpt>
      <trkpt lat="34.96983068995178" lon="138.3748181629926">
        <ele>24.52</ele>
      </trkpt>
      <trkpt lat="34.96964863501489" lon="138.37468002922833">
        <ele>24.53</ele>
      </trkpt>
      <trkpt lat="34.969474291428924" lon="138.37456729263067">
        <ele>24.52</ele>
      </trkpt>
      <trkpt lat="34.969309167936444" lon="138.3744637761265">
        <ele>24.49</ele>
      </trkpt>
      <trkpt lat="34.96911940164864" lon="138.3743548952043">
        <ele>24.42</ele>
      </trkpt>
      <trkpt lat="34.96895452961326" lon="138.37423721328378">
        <ele>24.35</ele>
      </trkpt>
      <trkpt lat="34.96877741999924" lon="138.37411894463003">
        <ele>24.31</ele>
      </trkpt>
      <trkpt lat="34.968608524650335" lon="138.37400377728045">
        <ele>24.3</ele>
      </trkpt>
      <trkpt lat="34.9684498552233" lon="138.37388777174056">
        <ele>24.29</ele>
      </trkpt>
      <trkpt lat="34.96828674338758" lon="138.3737798128277">
        <ele>24.27</ele>
      </trkpt>
      <trkpt lat="34.96809186413884" lon="138.37366707623005">
        <ele>24.24</ele>
      </trkpt>
      <trkpt lat="34.96793101541698" lon="138.3735538367182">
        <ele>24.21</ele>
      </trkpt>
      <trkpt lat="34.96776874177158" lon="138.37344143539667">
        <ele>24.14</ele>
      </trkpt>
      <trkpt lat="34.96759842149913" lon="138.37333942763507">
        <ele>24.06</ele>
      </trkpt>
      <trkpt lat="34.96742860414088" lon="138.37324018590152">
        <ele>23.97</ele>
      </trkpt>
      <trkpt lat="34.96726658195257" lon="138.3731314726174">
        <ele>23.86</ele>
      </trkpt>
      <trkpt lat="34.96708243153989" lon="138.37302904576063">
        <ele>23.74</ele>
      </trkpt>
      <trkpt lat="34.96690054424107" lon="138.37293944321573">
        <ele>23.6</ele>
      </trkpt>
      <trkpt lat="34.96673131361604" lon="138.37282486259937">
        <ele>23.47</ele>
      </trkpt>
      <trkpt lat="34.96656334027648" lon="138.37271212600172">
        <ele>23.34</ele>
      </trkpt>
      <trkpt lat="34.9664000608027" lon="138.3725994732231">
        <ele>23.29</ele>
      </trkpt>
      <trkpt lat="34.966212306171656" lon="138.37247801944613">
        <ele>23.26</ele>
      </trkpt>
      <trkpt lat="34.96604575775564" lon="138.37237768806517">
        <ele>23.2</ele>
      </trkpt>
      <trkpt lat="34.96587619185448" lon="138.37226905860007">
        <ele>23.11</ele>
      </trkpt>
      <trkpt lat="34.96569355018437" lon="138.37214299477637">
        <ele>22.98</ele>
      </trkpt>
      <trkpt lat="34.96552356518805" lon="138.37202774360776">
        <ele>22.86</ele>
      </trkpt>
      <trkpt lat="34.96534561738372" lon="138.37194107472897">
        <ele>22.78</ele>
      </trkpt>
      <trkpt lat="34.96517957188189" lon="138.3718277513981">
        <ele>22.76</ele>
      </trkpt>
      <trkpt lat="34.965007323771715" lon="138.37172280997038">
        <ele>22.72</ele>
      </trkpt>
      <trkpt lat="34.96485024690628" lon="138.37160462513566">
        <ele>22.69</ele>
      </trkpt>
      <trkpt lat="34.96474010869861" lon="138.37143078446388">
        <ele>22.72</ele>
      </trkpt>
      <trkpt lat="34.96492199599743" lon="138.37147663347423">
        <ele>22.73</ele>
      </trkpt>
      <trkpt lat="34.96508376672864" lon="138.37159565649927">
        <ele>22.76</ele>
      </trkpt>
      <trkpt lat="34.96525039896369" lon="138.3716935571283">
        <ele>22.78</ele>
      </trkpt>
      <trkpt lat="34.96541803702712" lon="138.37178818881512">
        <ele>22.8</ele>
      </trkpt>
      <trkpt lat="34.96559539809823" lon="138.37188944220543">
        <ele>22.9</ele>
      </trkpt>
      <trkpt lat="34.965770076960325" lon="138.37198516353965">
        <ele>23.01</ele>
      </trkpt>
      <trkpt lat="34.9659336078912" lon="138.37209396064281">
        <ele>23.09</ele>
      </trkpt>
      <trkpt lat="34.96609563007951" lon="138.37220418266952">
        <ele>23.13</ele>
      </trkpt>
      <trkpt lat="34.96626393869519" lon="138.37235120125115">
        <ele>23.16</ele>
      </trkpt>
      <trkpt lat="34.96642470359802" lon="138.37246427312493">
        <ele>23.19</ele>
      </trkpt>
      <trkpt lat="34.966608602553606" lon="138.37258673273027">
        <ele>23.26</ele>
      </trkpt>
      <trkpt lat="34.966774648055434" lon="138.37268966250122">
        <ele>23.38</ele>
      </trkpt>
      <trkpt lat="34.966948656365275" lon="138.37280013598502">
        <ele>23.48</ele>
      </trkpt>
      <trkpt lat="34.96711260639131" lon="138.37291337549686">
        <ele>23.6</ele>
      </trkpt>
      <trkpt lat="34.96727244928479" lon="138.37302544154227">
        <ele>23.75</ele>
      </trkpt>
      <trkpt lat="34.96743698604405" lon="138.37313155643642">
        <ele>23.88</ele>
      </trkpt>
      <trkpt lat="34.96759984642267" lon="138.37323658168316">
        <ele>24.02</ele>
      </trkpt>
      <trkpt lat="34.96777268126607" lon="138.37332199327648">
        <ele>24.12</ele>
      </trkpt>
      <trkpt lat="34.96793487109244" lon="138.3734385855496">
        <ele>24.22</ele>
      </trkpt>
      <trkpt lat="34.96811684221029" lon="138.37355844676495">
        <ele>24.32</ele>
      </trkpt>
      <trkpt lat="34.968273751437664" lon="138.37366833351552">
        <ele>24.39</ele>
      </trkpt>
      <trkpt lat="34.96844851411879" lon="138.37378945201635">
        <ele>24.44</ele>
      </trkpt>
      <trkpt lat="34.96861422434449" lon="138.37388936430216">
        <ele>24.51</ele>
      </trkpt>
      <trkpt lat="34.968794686719775" lon="138.3740086387843">
        <ele>24.57</ele>
      </trkpt>
      <trkpt lat="34.96896584518254" lon="138.37411290965974">
        <ele>24.63</ele>
      </trkpt>
      <trkpt lat="34.96915552765131" lon="138.37422782555223">
        <ele>24.76</ele>
      </trkpt>
      <trkpt lat="34.969331128522754" lon="138.37434425018728">
        <ele>24.9</ele>
      </trkpt>
      <trkpt lat="34.96949180960655" lon="138.3744452521205">
        <ele>25.0</ele>
      </trkpt>
      <trkpt lat="34.969670344144106" lon="138.37455396540463">
        <ele>25.08</ele>
      </trkpt>
      <trkpt lat="34.96983027085662" lon="138.37466997094452">
        <ele>25.13</ele>
      </trkpt>
      <trkpt lat="34.970002016052604" lon="138.37475094012916">
        <ele>25.19</ele>
      </trkpt>
      <trkpt lat="34.97018708847463" lon="138.37486568838358">
        <ele>25.23</ele>
      </trkpt>
      <trkpt lat="34.970349529758096" lon="138.37498588487506">
        <ele>25.23</ele>
      </trkpt>
      <trkpt lat="34.970529321581125" lon="138.37510406970978">
        <ele>25.2</ele>
      </trkpt>
      <trkpt lat="34.970696959644556" lon="138.3752121962607">
        <ele>25.16</ele>
      </trkpt>
      <trkpt lat="34.970884546637535" lon="138.37532442994416">
        <ele>25.17</ele>
      </trkpt>
      <trkpt lat="34.971049167215824" lon="138.3754294551909">
        <ele>25.2</ele>
      </trkpt>
      <trkpt lat="34.97123155742884" lon="138.3755504898727">
        <ele>25.25</ele>
      </trkpt>
      <trkpt lat="34.97140749357641" lon="138.37567269802094">
        <ele>25.24</ele>
      </trkpt>
      <trkpt lat="34.971571611240506" lon="138.37578409351408">
        <ele>25.25</ele>
      </trkpt>
      <trkpt lat="34.97174922376871" lon="138.37588735856116">
        <ele>25.32</ele>
      </trkpt>
      <trkpt lat="34.97194007970393" lon="138.3759699203074">
        <ele>25.33</ele>
      </trkpt>
      <trkpt lat="34.97213579714298" lon="138.376098331064">
        <ele>25.32</ele>
      </trkpt>
      <trkpt lat="34.972316175699234" lon="138.3762088045478">
        <ele>25.31</ele>
      </trkpt>
      <trkpt lat="34.97247962281108" lon="138.37631248869002">
        <ele>25.31</ele>
      </trkpt>
      <trkpt lat="34.972653379663825" lon="138.37644718587399">
        <ele>25.32</ele>
      </trkpt>
      <trkpt lat="34.97283451259136" lon="138.37655514478683">
        <ele>25.41</ele>
      </trkpt>
      <trkpt lat="34.973000306636095" lon="138.3766573201865">
        <ele>25.47</ele>
      </trkpt>
      <trkpt lat="34.97318143956363" lon="138.37676008231938">
        <ele>25.52</ele>
      </trkpt>
      <trkpt lat="34.97335335239768" lon="138.37685463018715">
        <ele>25.56</ele>
      </trkpt>
      <trkpt lat="34.97352224774659" lon="138.3769855555147">
        <ele>25.57</ele>
      </trkpt>
      <trkpt lat="34.973705895245075" lon="138.37702746503055">
        <ele>25.54</ele>
      </trkpt>
      <trkpt lat="34.97380731627345" lon="138.37683401070535">
        <ele>25.52</ele>
      </trkpt>
      <trkpt lat="34.973892057314515" lon="138.37661675177515">
        <ele>25.49</ele>
      </trkpt>
      <trkpt lat="34.97398350387812" lon="138.37642405182123">
        <ele>25.37</ele>
      </trkpt>
      <trkpt lat="34.97407117858529" lon="138.37620109319687">
        <ele>25.28</ele>
      </trkpt>
      <trkpt lat="34.9741483759135" lon="138.37599858641624">
        <ele>25.29</ele>
      </trkpt>
      <trkpt lat="34.97425390407443" lon="138.37579515762627">
        <ele>25.3</ele>
      </trkpt>
      <trkpt lat="34.974321043118834" lon="138.37557496502995">
        <ele>25.32</ele>
      </trkpt>
      <trkpt lat="34.97439455240965" lon="138.37537430226803">
        <ele>25.34</ele>
      </trkpt>
      <trkpt lat="34.97449580579996" lon="138.37515033781528">
        <ele>25.41</ele>
      </trkpt>
      <trkpt lat="34.974589347839355" lon="138.3749453164637">
        <ele>25.45</ele>
      </trkpt>
      <trkpt lat="34.974666042253375" lon="138.37473803199828">
        <ele>25.5</ele>
      </trkpt>
      <trkpt lat="34.974755980074406" lon="138.37454457767308">
        <ele>25.6</ele>
      </trkpt>
      <trkpt lat="34.97483686544001" lon="138.3743331860751">
        <ele>25.7</ele>
      </trkpt>
      <trkpt lat="34.97492755763233" lon="138.37413797155023">
        <ele>25.85</ele>
      </trkpt>
      <trkpt lat="34.975019339472055" lon="138.37391928769648">
        <ele>26.05</ele>
      </trkpt>
      <trkpt lat="34.97509469278157" lon="138.3737126737833">
        <ele>26.26</ele>
      </trkpt>
      <trkpt lat="34.97520214878023" lon="138.37350061163306">
        <ele>26.51</ele>
      </trkpt>
      <trkpt lat="34.97527465224266" lon="138.37329383008182">
        <ele>26.74</ele>
      </trkpt>
      <trkpt lat="34.97535821981728" lon="138.3730894792825">
        <ele>26.96</ele>
      </trkpt>
      <trkpt lat="34.97544958256185" lon="138.3728497568518">
        <ele>27.16</ele>
      </trkpt>
      <trkpt lat="34.975539185106754" lon="138.37265864945948">
        <ele>27.4</ele>
      </trkpt>
      <trkpt lat="34.97563440352678" lon="138.3724263869226">
        <ele>27.76</ele>
      </trkpt>
      <trkpt lat="34.97572618536651" lon="138.37219798006117">
        <ele>28.07</ele>
      </trkpt>
      <trkpt lat="34.97581939212978" lon="138.37196982465684">
        <ele>28.21</ele>
      </trkpt>
      <trkpt lat="34.97590413317084" lon="138.37174912914634">
        <ele>28.34</ele>
      </trkpt>
      <trkpt lat="34.97597546316683" lon="138.3715418446809">
        <ele>28.48</ele>
      </trkpt>
      <trkpt lat="34.97605450451374" lon="138.37133581750095">
        <ele>28.6</ele>
      </trkpt>
      <trkpt lat="34.97613396495581" lon="138.37112970650196">
        <ele>28.72</ele>
      </trkpt>
      <trkpt lat="34.976215017959476" lon="138.37092954665422">
        <ele>28.81</ele>
      </trkpt>
      <trkpt lat="34.97630872763693" lon="138.37071270681918">
        <ele>28.92</ele>
      </trkpt>
      <trkpt lat="34.976397240534425" lon="138.37047524750233">
        <ele>29.11</ele>
      </trkpt>
      <trkpt lat="34.97650360688567" lon="138.37024373933673">
        <ele>29.32</ele>
      </trkpt>
      <trkpt lat="34.97659522108734" lon="138.37002513930202">
        <ele>29.5</ele>
      </trkpt>
      <trkpt lat="34.976666048169136" lon="138.36979027837515">
        <ele>29.63</ele>
      </trkpt>
      <trkpt lat="34.97674592770636" lon="138.36955843493342">
        <ele>29.71</ele>
      </trkpt>
      <trkpt lat="34.97687836177647" lon="138.36934503167868">
        <ele>29.84</ele>
      </trkpt>
      <trkpt lat="34.976966455578804" lon="138.3691286109388">
        <ele>29.96</ele>
      </trkpt>
      <trkpt lat="34.97704348526895" lon="138.36890917271376">
        <ele>30.13</ele>
      </trkpt>
      <trkpt lat="34.977119928225875" lon="138.36870859377086">
        <ele>30.26</ele>
      </trkpt>
      <trkpt lat="34.9771979637444" lon="138.36849980056286">
        <ele>30.4</ele>
      </trkpt>
      <trkpt lat="34.97712948359549" lon="138.36827851831913">
        <ele>30.58</ele>
      </trkpt>
      <trkpt lat="34.97704289853573" lon="138.3680776041001">
        <ele>30.68</ele>
      </trkpt>
      <trkpt lat="34.9769476801157" lon="138.36786344647408">
        <ele>30.76</ele>
      </trkpt>
      <trkpt lat="34.976851623505354" lon="138.36766119115055">
        <ele>30.82</ele>
      </trkpt>
      <trkpt lat="34.97676000930369" lon="138.3674665633589">
        <ele>30.89</ele>
      </trkpt>
      <trkpt lat="34.97666269540787" lon="138.36728082038462">
        <ele>31.01</ele>
      </trkpt>
      <trkpt lat="34.97656152583659" lon="138.36707244627178">
        <ele>31.15</ele>
      </trkpt>
      <trkpt lat="34.9765005055815" lon="138.36686382070184">
        <ele>31.28</ele>
      </trkpt>
      <trkpt lat="34.97647477313876" lon="138.36662485264242">
        <ele>31.41</ele>
      </trkpt>
      <trkpt lat="34.976438395679" lon="138.3663816936314">
        <ele>31.47</ele>
      </trkpt>
      <trkpt lat="34.97640838846564" lon="138.36616300977767">
        <ele>31.49</ele>
      </trkpt>
      <trkpt lat="34.97637192718685" lon="138.36591985076666">
        <ele>31.52</ele>
      </trkpt>
      <trkpt lat="34.976349379867315" lon="138.365690857172">
        <ele>31.56</ele>
      </trkpt>
      <trkpt lat="34.9763173609972" lon="138.3654537331313">
        <ele>31.65</ele>
      </trkpt>
      <trkpt lat="34.976287353783846" lon="138.36523194797337">
        <ele>31.7</ele>
      </trkpt>
      <trkpt lat="34.9762671533972" lon="138.36498761549592">
        <ele>31.67</ele>
      </trkpt>
      <trkpt lat="34.97624460607767" lon="138.3647309616208">
        <ele>31.66</ele>
      </trkpt>
      <trkpt lat="34.976214012131095" lon="138.36447833105922">
        <ele>31.64</ele>
      </trkpt>
      <trkpt lat="34.97619263827801" lon="138.36423165164888">
        <ele>31.64</ele>
      </trkpt>
      <trkpt lat="34.9761585239321" lon="138.36401330307126">
        <ele>31.6</ele>
      </trkpt>
      <trkpt lat="34.97612323611975" lon="138.36379151791334">
        <ele>31.53</ele>
      </trkpt>
      <trkpt lat="34.97612717561424" lon="138.36353913880885">
        <ele>31.44</ele>
      </trkpt>
      <trkpt lat="34.97610571794212" lon="138.36330654099584">
        <ele>31.34</ele>
      </trkpt>
      <trkpt lat="34.9760892894119" lon="138.3630852587521">
        <ele>31.25</ele>
      </trkpt>
      <trkpt lat="34.975982923060656" lon="138.36289138533175">
        <ele>31.11</ele>
      </trkpt>
      <trkpt lat="34.97588485479355" lon="138.36269374005497">
        <ele>30.96</ele>
      </trkpt>
      <trkpt lat="34.9758374132216" lon="138.362477151677">
        <ele>30.77</ele>
      </trkpt>
      <trkpt lat="34.975815284997225" lon="138.36225268431008">
        <ele>30.55</ele>
      </trkpt>
      <trkpt lat="34.97572819702327" lon="138.36204959079623">
        <ele>30.34</ele>
      </trkpt>
      <trkpt lat="34.975528959184885" lon="138.36199871264398">
        <ele>30.17</ele>
      </trkpt>
      <trkpt lat="34.97532544657588" lon="138.36196350865066">
        <ele>29.98</ele>
      </trkpt>
      <trkpt lat="34.97512721456587" lon="138.36192285642028">
        <ele>29.78</ele>
      </trkpt>
      <trkpt lat="34.97492127120495" lon="138.3618975430727">
        <ele>29.45</ele>
      </trkpt>
      <trkpt lat="34.97471968643367" lon="138.3619266282767">
        <ele>29.17</ele>
      </trkpt>
      <trkpt lat="34.97453771531582" lon="138.36199343204498">
        <ele>28.95</ele>
      </trkpt>
      <trkpt lat="34.9743590131402" lon="138.36205143481493">
        <ele>28.62</ele>
      </trkpt>
      <trkpt lat="34.97418500483036" lon="138.3621137123555">
        <ele>28.53</ele>
      </trkpt>
      <trkpt lat="34.97400613501668" lon="138.36218361742795">
        <ele>28.54</ele>
      </trkpt>
      <trkpt lat="34.97382299043238" lon="138.36224128492177">
        <ele>28.56</ele>
      </trkpt>
      <trkpt lat="34.97362023219466" lon="138.3623151294887">
        <ele>28.53</ele>
      </trkpt>
      <trkpt lat="34.97342258691788" lon="138.36238176561892">
        <ele>28.43</ele>
      </trkpt>
      <trkpt lat="34.97324078343809" lon="138.3624403551221">
        <ele>28.14</ele>
      </trkpt>
      <trkpt lat="34.97306643985212" lon="138.36250707507133">
        <ele>28.0</ele>
      </trkpt>
      <trkpt lat="34.97288916260004" lon="138.3625820092857">
        <ele>27.93</ele>
      </trkpt>
      <trkpt lat="34.97271322645247" lon="138.36264244280756">
        <ele>28.04</ele>
      </trkpt>
      <trkpt lat="34.97253335081041" lon="138.36270907893777">
        <ele>28.06</ele>
      </trkpt>
      <trkpt lat="34.97236294671893" lon="138.36278250440955">
        <ele>28.05</ele>
      </trkpt>
      <trkpt lat="34.97218390926719" lon="138.3628423511982">
        <ele>27.93</ele>
      </trkpt>
      <trkpt lat="34.97200386598706" lon="138.36292449384928">
        <ele>27.79</ele>
      </trkpt>
      <trkpt lat="34.97182038612664" lon="138.362976629287">
        <ele>27.67</ele>
      </trkpt>
      <trkpt lat="34.971635984256864" lon="138.3630210533738">
        <ele>27.52</ele>
      </trkpt>
      <trkpt lat="34.97142920270562" lon="138.36307268589735">
        <ele>27.38</ele>
      </trkpt>
      <trkpt lat="34.971227115020156" lon="138.36313487961888">
        <ele>27.24</ele>
      </trkpt>
      <trkpt lat="34.97103055939078" lon="138.36320688016713">
        <ele>27.06</ele>
      </trkpt>
      <trkpt lat="34.97084657661617" lon="138.36326446384192">
        <ele>26.94</ele>
      </trkpt>
      <trkpt lat="34.97066686861217" lon="138.36331634782255">
        <ele>26.88</ele>
      </trkpt>
      <trkpt lat="34.97048162855208" lon="138.36337476968765">
        <ele>26.79</ele>
      </trkpt>
      <trkpt lat="34.97030837461352" lon="138.3634467702359">
        <ele>26.86</ele>
      </trkpt>
      <trkpt lat="34.97012690640986" lon="138.36354173719883">
        <ele>26.83</ele>
      </trkpt>
      <trkpt lat="34.9699417501688" lon="138.36360502056777">
        <ele>26.77</ele>
      </trkpt>
      <trkpt lat="34.96974980458617" lon="138.3636809606105">
        <ele>26.84</ele>
      </trkpt>
      <trkpt lat="34.96955475769937" lon="138.36373938247561">
        <ele>26.95</ele>
      </trkpt>
      <trkpt lat="34.96935443021357" lon="138.363830242306">
        <ele>26.97</ele>
      </trkpt>
      <trkpt lat="34.96916038915515" lon="138.36392336525023">
        <ele>26.87</ele>
      </trkpt>
      <trkpt lat="34.96916969306767" lon="138.36414758116007">
        <ele>26.79</ele>
      </trkpt>
      <trkpt lat="34.96923624537885" lon="138.36438881233335">
        <ele>27.04</ele>
      </trkpt>
      <trkpt lat="34.96928201057017" lon="138.3646014612168">
        <ele>27.08</ele>
      </trkpt>
      <trkpt lat="34.96920087374747" lon="138.36481880396605">
        <ele>27.0</ele>
      </trkpt>
      <trkpt lat="34.96902326121926" lon="138.36487823165953">
        <ele>27.04</ele>
      </trkpt>
      <trkpt lat="34.96884807944298" lon="138.36494302377105">
        <ele>26.99</ele>
      </trkpt>
      <trkpt lat="34.96866879053414" lon="138.36499851197004">
        <ele>26.97</ele>
      </trkpt>
      <trkpt lat="34.96847357600927" lon="138.36506891995668">
        <ele>26.96</ele>
      </trkpt>
      <trkpt lat="34.96829059906304" lon="138.365125246346">
        <ele>27.05</ele>
      </trkpt>
      <trkpt lat="34.96810804121196" lon="138.36520152166486">
        <ele>27.1</ele>
      </trkpt>
      <trkpt lat="34.96790352277458" lon="138.3652735222131">
        <ele>27.09</ele>
      </trkpt>
      <trkpt lat="34.96772230602801" lon="138.36534837260842">
        <ele>27.06</ele>
      </trkpt>
      <trkpt lat="34.96753656305373" lon="138.3653966523707">
        <ele>26.99</ele>
      </trkpt>
      <trkpt lat="34.96735777705908" lon="138.3654683176428">
        <ele>26.87</ele>
      </trkpt>
      <trkpt lat="34.96717278845608" lon="138.36553394794464">
        <ele>26.8</ele>
      </trkpt>
      <trkpt lat="34.966995092108846" lon="138.36560075171292">
        <ele>26.76</ele>
      </trkpt>
      <trkpt lat="34.966791328042746" lon="138.36567644029856">
        <ele>26.76</ele>
      </trkpt>
      <trkpt lat="34.966619750484824" lon="138.36575808003545">
        <ele>26.79</ele>
      </trkpt>
      <trkpt lat="34.96645336970687" lon="138.3658522926271">
        <ele>26.77</ele>
      </trkpt>
      <trkpt lat="34.966284558176994" lon="138.36596452631056">
        <ele>26.74</ele>
      </trkpt>
      <trkpt lat="34.9661270622164" lon="138.36609763093293">
        <ele>26.73</ele>
      </trkpt>
      <trkpt lat="34.96595850214362" lon="138.36623693816364">
        <ele>26.62</ele>
      </trkpt>
      <trkpt lat="34.9657990783453" lon="138.3663671091199">
        <ele>26.43</ele>
      </trkpt>
      <trkpt lat="34.965627919882536" lon="138.36648780852556">
        <ele>26.26</ele>
      </trkpt>
      <trkpt lat="34.965462293475866" lon="138.36657657288015">
        <ele>26.04</ele>
      </trkpt>
      <trkpt lat="34.96528493240476" lon="138.36666609160602">
        <ele>25.76</ele>
      </trkpt>
      <trkpt lat="34.96510530821979" lon="138.366753263399">
        <ele>25.48</ele>
      </trkpt>
      <trkpt lat="34.96492970734835" lon="138.3668359927833">
        <ele>25.36</ele>
      </trkpt>
      <trkpt lat="34.96475921943784" lon="138.3669308759272">
        <ele>25.18</ele>
      </trkpt>
      <trkpt lat="34.964588563889265" lon="138.3670191373676">
        <ele>24.95</ele>
      </trkpt>
      <trkpt lat="34.96441824361682" lon="138.36711150594056">
        <ele>24.72</ele>
      </trkpt>
      <trkpt lat="34.96425303630531" lon="138.36720010265708">
        <ele>24.51</ele>
      </trkpt>
      <trkpt lat="34.96405924670398" lon="138.36729515343904">
        <ele>24.44</ele>
      </trkpt>
      <trkpt lat="34.963893285021186" lon="138.36738400161266">
        <ele>24.44</ele>
      </trkpt>
      <trkpt lat="34.96372589841485" lon="138.3674782142043">
        <ele>24.33</ele>
      </trkpt>
      <trkpt lat="34.963555578142405" lon="138.36757904849946">
        <ele>24.28</ele>
      </trkpt>
      <trkpt lat="34.96339523233473" lon="138.3676792960614">
        <ele>24.17</ele>
      </trkpt>
      <trkpt lat="34.963234132155776" lon="138.367789266631">
        <ele>24.09</ele>
      </trkpt>
      <trkpt lat="34.96306339278817" lon="138.36788406595588">
        <ele>24.03</ele>
      </trkpt>
      <trkpt lat="34.96288016438484" lon="138.36797995492816">
        <ele>23.88</ele>
      </trkpt>
      <trkpt lat="34.96271135285497" lon="138.3680796995759">
        <ele>23.65</ele>
      </trkpt>
      <trkpt lat="34.96255461126566" lon="138.36823727935553">
        <ele>23.27</ele>
      </trkpt>
      <trkpt lat="34.962394181638956" lon="138.36836929433048">
        <ele>22.81</ele>
      </trkpt>
      <trkpt lat="34.96225839480758" lon="138.3685154747218">
        <ele>22.46</ele>
      </trkpt>
      <trkpt lat="34.962124451994896" lon="138.36867799982429">
        <ele>22.24</ele>
      </trkpt>
      <trkpt lat="34.96199319139123" lon="138.3688548579812">
        <ele>22.06</ele>
      </trkpt>
      <trkpt lat="34.96185773983598" lon="138.369018137455">
        <ele>21.96</ele>
      </trkpt>
      <trkpt lat="34.96176151558757" lon="138.36920471861959">
        <ele>21.95</ele>
      </trkpt>
      <trkpt lat="34.96158977039158" lon="138.3692972548306">
        <ele>21.84</ele>
      </trkpt>
      <trkpt lat="34.961425149813294" lon="138.36916674859822">
        <ele>21.63</ele>
      </trkpt>
      <trkpt lat="34.9612814001739" lon="138.3690258488059">
        <ele>21.51</ele>
      </trkpt>
      <trkpt lat="34.96114091947675" lon="138.36888704448938">
        <ele>21.46</ele>
      </trkpt>
      <trkpt lat="34.960990296676755" lon="138.36875067092478">
        <ele>21.5</ele>
      </trkpt>
      <trkpt lat="34.96083749458194" lon="138.3686011377722">
        <ele>21.53</ele>
      </trkpt>
      <trkpt lat="34.960687877610326" lon="138.36845437064767">
        <ele>21.57</ele>
      </trkpt>
      <trkpt lat="34.96053809300065" lon="138.3683114591986">
        <ele>21.53</ele>
      </trkpt>
      <trkpt lat="34.960375064983964" lon="138.36814306676388">
        <ele>21.48</ele>
      </trkpt>
      <trkpt lat="34.96023030951619" lon="138.36799655109644">
        <ele>21.63</ele>
      </trkpt>
      <trkpt lat="34.96007239446044" lon="138.36783637292683">
        <ele>21.92</ele>
      </trkpt>
      <trkpt lat="34.959917748346925" lon="138.36769312620163">
        <ele>22.28</ele>
      </trkpt>
      <trkpt lat="34.95977693237364" lon="138.3675447665155">
        <ele>22.53</ele>
      </trkpt>
      <trkpt lat="34.95962823741138" lon="138.3673957362771">
        <ele>22.69</ele>
      </trkpt>
      <trkpt lat="34.95948364958167" lon="138.36726154200733">
        <ele>22.75</ele>
      </trkpt>
      <trkpt lat="34.959321627393365" lon="138.36711368523538">
        <ele>22.72</ele>
      </trkpt>
      <trkpt lat="34.95916899293661" lon="138.36695057339966">
        <ele>22.62</ele>
      </trkpt>
      <trkpt lat="34.959014765918255" lon="138.3668042253703">
        <ele>22.47</ele>
      </trkpt>
      <trkpt lat="34.958875542506576" lon="138.36665368638933">
        <ele>22.25</ele>
      </trkpt>
      <trkpt lat="34.95871846564114" lon="138.3665096014738">
        <ele>22.11</ele>
      </trkpt>
      <trkpt lat="34.958564741536975" lon="138.36634531617165">
        <ele>22.05</ele>
      </trkpt>
      <trkpt lat="34.958415208384395" lon="138.36621455848217">
        <ele>21.91</ele>
      </trkpt>
      <trkpt lat="34.95828252285719" lon="138.36605940945446">
        <ele>21.77</ele>
      </trkpt>
      <trkpt lat="34.95811924338341" lon="138.36594449356198">
        <ele>21.68</ele>
      </trkpt>
      <trkpt lat="34.95792671106756" lon="138.36599520407617">
        <ele>21.62</ele>
      </trkpt>
      <trkpt lat="34.95775136165321" lon="138.36611405946314">
        <ele>21.45</ele>
      </trkpt>
      <trkpt lat="34.957576263695955" lon="138.36624314077199">
        <ele>21.36</ele>
      </trkpt>
      <trkpt lat="34.95739965699613" lon="138.36637616157532">
        <ele>21.33</ele>
      </trkpt>
      <trkpt lat="34.95724408887327" lon="138.36650147102773">
        <ele>21.25</ele>
      </trkpt>
      <trkpt lat="34.95708743110299" lon="138.36661043576896">
        <ele>21.05</ele>
      </trkpt>
      <trkpt lat="34.956927420571446" lon="138.3667328953743">
        <ele>20.91</ele>
      </trkpt>
      <trkpt lat="34.956776881590486" lon="138.3668568637222">
        <ele>20.75</ele>
      </trkpt>
      <trkpt lat="34.95660270564258" lon="138.36699432693422">
        <ele>20.71</ele>
      </trkpt>
      <trkpt lat="34.95643313974142" lon="138.36712541989982">
        <ele>20.58</ele>
      </trkpt>
      <trkpt lat="34.9562702793628" lon="138.36725391447544">
        <ele>20.39</ele>
      </trkpt>
      <trkpt lat="34.956088894978166" lon="138.36739473044872">
        <ele>20.23</ele>
      </trkpt>
      <trkpt lat="34.95593022555113" lon="138.36753747425973">
        <ele>20.17</ele>
      </trkpt>
      <trkpt lat="34.95578924193978" lon="138.3676772005856">
        <ele>20.19</ele>
      </trkpt>
      <trkpt lat="34.955633506178856" lon="138.3678167592734">
        <ele>20.12</ele>
      </trkpt>
      <trkpt lat="34.95548673905432" lon="138.36795003153384">
        <ele>20.08</ele>
      </trkpt>
      <trkpt lat="34.95534743182361" lon="138.3681095391512">
        <ele>20.0</ele>
      </trkpt>
      <trkpt lat="34.955200999975204" lon="138.3682583179325">
        <ele>19.86</ele>
      </trkpt>
      <trkpt lat="34.95506772771478" lon="138.3684079349041">
        <ele>19.79</ele>
      </trkpt>
      <trkpt lat="34.954928923398256" lon="138.3685625810176">
        <ele>19.76</ele>
      </trkpt>
      <trkpt lat="34.95478802360594" lon="138.36870876140893">
        <ele>19.77</ele>
      </trkpt>
      <trkpt lat="34.95464066974819" lon="138.36885452270508">
        <ele>19.78</ele>
      </trkpt>
      <trkpt lat="34.954476887360215" lon="138.36898586712778">
        <ele>19.76</ele>
      </trkpt>
      <trkpt lat="34.954328862950206" lon="138.36913003586233">
        <ele>19.67</ele>
      </trkpt>
      <trkpt lat="34.95419726707041" lon="138.36930236779153">
        <ele>19.66</ele>
      </trkpt>
      <trkpt lat="34.95404748246074" lon="138.3694524038583">
        <ele>19.61</ele>
      </trkpt>
      <trkpt lat="34.95388596318662" lon="138.36956480517983">
        <ele>19.69</ele>
      </trkpt>
      <trkpt lat="34.95372410863638" lon="138.3696664776653">
        <ele>19.77</ele>
      </trkpt>
      <trkpt lat="34.95354959741235" lon="138.36976957507432">
        <ele>19.79</ele>
      </trkpt>
      <trkpt lat="34.953375505283475" lon="138.3698464371264">
        <ele>19.77</ele>
      </trkpt>
      <trkpt lat="34.9531723279506" lon="138.36990863084793">
        <ele>19.75</ele>
      </trkpt>
      <trkpt lat="34.95298105292022" lon="138.36996847763658">
        <ele>19.71</ele>
      </trkpt>
      <trkpt lat="34.95278240181506" lon="138.3700023405254">
        <ele>19.63</ele>
      </trkpt>
      <trkpt lat="34.952596575021744" lon="138.3700222056359">
        <ele>19.52</ele>
      </trkpt>
      <trkpt lat="34.95240337215364" lon="138.37002840824425">
        <ele>19.4</ele>
      </trkpt>
      <trkpt lat="34.9522156175226" lon="138.37000594474375">
        <ele>19.3</ele>
      </trkpt>
      <trkpt lat="34.952015625312924" lon="138.36998825892806">
        <ele>19.2</ele>
      </trkpt>
      <trkpt lat="34.95183507911861" lon="138.36998876184225">
        <ele>19.1</ele>
      </trkpt>
      <trkpt lat="34.95165629312396" lon="138.37006227113307">
        <ele>18.93</ele>
      </trkpt>
      <trkpt lat="34.95159409940243" lon="138.3702822122723">
        <ele>18.82</ele>
      </trkpt>
      <trkpt lat="34.95154934003949" lon="138.3705182466656">
        <ele>18.74</ele>
      </trkpt>
      <trkpt lat="34.951490415260196" lon="138.37073114700615">
        <ele>18.47</ele>
      </trkpt>
      <trkpt lat="34.95134339667857" lon="138.37092719972134">
        <ele>18.05</ele>
      </trkpt>
      <trkpt lat="34.95118087157607" lon="138.37109634652734">
        <ele>17.64</ele>
      </trkpt>
      <trkpt lat="34.95104759931564" lon="138.37124998681247">
        <ele>17.12</ele>
      </trkpt>
      <trkpt lat="34.950903514400125" lon="138.37141167372465">
        <ele>16.73</ele>
      </trkpt>
      <trkpt lat="34.950757417827845" lon="138.37155332788825">
        <ele>16.38</ele>
      </trkpt>
      <trkpt lat="34.95062666013837" lon="138.37170529179275">
        <ele>16.01</ele>
      </trkpt>
      <trkpt lat="34.950479473918676" lon="138.37188893929124">
        <ele>15.66</ele>
      </trkpt>
      <trkpt lat="34.95033664628863" lon="138.37206093594432">
        <ele>15.32</ele>
      </trkpt>
      <trkpt lat="34.95020404458046" lon="138.37225095368922">
        <ele>14.98</ele>
      </trkpt>
      <trkpt lat="34.950053757056594" lon="138.3724044263363">
        <ele>14.63</ele>
      </trkpt>
      <trkpt lat="34.949929201975465" lon="138.37256611324847">
        <ele>14.3</ele>
      </trkpt>
      <trkpt lat="34.94980347342789" lon="138.37273073382676">
        <ele>14.01</ele>
      </trkpt>
      <trkpt lat="34.94966366328299" lon="138.37289962917566">
        <ele>13.73</ele>
      </trkpt>
      <trkpt lat="34.94950105436146" lon="138.37304513901472">
        <ele>13.5</ele>
      </trkpt>
      <trkpt lat="34.9493816960603" lon="138.37322627194226">
        <ele>13.31</ele>
      </trkpt>
      <trkpt lat="34.949332661926746" lon="138.3735043834895">
        <ele>13.08</ele>
      </trkpt>
      <trkpt lat="34.94915110990405" lon="138.37365148589015">
        <ele>12.9</ele>
      </trkpt>
      <trkpt lat="34.94902211241424" lon="138.3738284278661">
        <ele>12.67</ele>
      </trkpt>
      <trkpt lat="34.94889412075281" lon="138.3740065433085">
        <ele>12.48</ele>
      </trkpt>
      <trkpt lat="34.94876277633011" lon="138.374166470021">
        <ele>12.34</ele>
      </trkpt>
      <trkpt lat="34.948632353916764" lon="138.37433620356023">
        <ele>12.26</ele>
      </trkpt>
      <trkpt lat="34.94847385212779" lon="138.37453401647508">
        <ele>12.24</ele>
      </trkpt>
      <trkpt lat="34.94832222349942" lon="138.37467533536255">
        <ele>12.25</ele>
      </trkpt>
      <trkpt lat="34.94815031066537" lon="138.3748208452016">
        <ele>12.29</ele>
      </trkpt>
      <trkpt lat="34.94799356907606" lon="138.37493743747473">
        <ele>12.33</ele>
      </trkpt>
      <trkpt lat="34.94784923270345" lon="138.37510247714818">
        <ele>12.49</ele>
      </trkpt>
      <trkpt lat="34.947686959058046" lon="138.37523776106536">
        <ele>12.7</ele>
      </trkpt>
      <trkpt lat="34.947539856657386" lon="138.37537111714482">
        <ele>12.96</ele>
      </trkpt>
      <trkpt lat="34.94738043285906" lon="138.37551604025066">
        <ele>13.14</ele>
      </trkpt>
      <trkpt lat="34.94722285307944" lon="138.37565115652978">
        <ele>13.3</ele>
      </trkpt>
      <trkpt lat="34.947067368775606" lon="138.3757925592363">
        <ele>13.52</ele>
      </trkpt>
      <trkpt lat="34.94691548869014" lon="138.37593605741858">
        <ele>13.86</ele>
      </trkpt>
      <trkpt lat="34.94678506627679" lon="138.3760907035321">
        <ele>14.17</ele>
      </trkpt>
      <trkpt lat="34.946651039645076" lon="138.37630511261523">
        <ele>14.46</ele>
      </trkpt>
      <trkpt lat="34.946563113480806" lon="138.3765011653304">
        <ele>14.89</ele>
      </trkpt>
      <trkpt lat="34.94648256339133" lon="138.3767125569284">
        <ele>15.44</ele>
      </trkpt>
      <trkpt lat="34.94634451344609" lon="138.37691254913807">
        <ele>16.04</ele>
      </trkpt>
      <trkpt lat="34.94621777907014" lon="138.37708320468664">
        <ele>16.61</ele>
      </trkpt>
      <trkpt lat="34.94605173356831" lon="138.3772310614586">
        <ele>17.32</ele>
      </trkpt>
      <trkpt lat="34.945933716371655" lon="138.3774010464549">
        <ele>18.03</ele>
      </trkpt>
      <trkpt lat="34.945789547637105" lon="138.37755736894906">
        <ele>18.68</ele>
      </trkpt>
      <trkpt lat="34.94564236141741" lon="138.37771981023252">
        <ele>19.0</ele>
      </trkpt>
      <trkpt lat="34.9454998690635" lon="138.37789591401815">
        <ele>18.89</ele>
      </trkpt>
      <trkpt lat="34.945361567661166" lon="138.37804729118943">
        <ele>18.83</ele>
      </trkpt>
      <trkpt lat="34.94521773420274" lon="138.3782081399113">
        <ele>18.9</ele>
      </trkpt>
      <trkpt lat="34.945078175514936" lon="138.37837460450828">
        <ele>18.98</ele>
      </trkpt>
      <trkpt lat="34.944915818050504" lon="138.37851651012897">
        <ele>18.94</ele>
      </trkpt>
      <trkpt lat="34.94476276449859" lon="138.3786761853844">
        <ele>18.72</ele>
      </trkpt>
      <trkpt lat="34.94459847919643" lon="138.37883678264916">
        <ele>18.38</ele>
      </trkpt>
      <trkpt lat="34.944440899416804" lon="138.37897122837603">
        <ele>18.0</ele>
      </trkpt>
      <trkpt lat="34.94427946396172" lon="138.37908388115466">
        <ele>17.46</ele>
      </trkpt>
      <trkpt lat="34.94410679675639" lon="138.37918697856367">
        <ele>16.82</ele>
      </trkpt>
      <trkpt lat="34.943929854780436" lon="138.37931882590055">
        <ele>16.28</ele>
      </trkpt>
      <trkpt lat="34.94376456364989" lon="138.37943374179304">
        <ele>15.76</ele>
      </trkpt>
      <trkpt lat="34.943603966385126" lon="138.37955159135163">
        <ele>15.26</ele>
      </trkpt>
      <trkpt lat="34.943434819579124" lon="138.37967312894762">
        <ele>14.78</ele>
      </trkpt>
      <trkpt lat="34.94326114654541" lon="138.37980480864644">
        <ele>14.44</ele>
      </trkpt>
      <trkpt lat="34.943078169599175" lon="138.37991268374026">
        <ele>14.15</ele>
      </trkpt>
      <trkpt lat="34.942910615354776" lon="138.38005115278065">
        <ele>13.81</ele>
      </trkpt>
      <trkpt lat="34.94275974109769" lon="138.38018274866045">
        <ele>13.5</ele>
      </trkpt>
      <trkpt lat="34.9425898399204" lon="138.3803108241409">
        <ele>13.18</ele>
      </trkpt>
      <trkpt lat="34.94242622517049" lon="138.38043537922204">
        <ele>12.8</ele>
      </trkpt>
      <trkpt lat="34.942246433347464" lon="138.38056496344507">
        <ele>12.37</ele>
      </trkpt>
      <trkpt lat="34.94209622964263" lon="138.38069203309715">
        <ele>12.03</ele>
      </trkpt>
      <trkpt lat="34.94191450998187" lon="138.38082052767277">
        <ele>11.77</ele>
      </trkpt>
      <trkpt lat="34.94174871593714" lon="138.3809437416494">
        <ele>11.54</ele>
      </trkpt>
      <trkpt lat="34.941597087308764" lon="138.38106519542634">
        <ele>11.25</ele>
      </trkpt>
      <trkpt lat="34.941444620490074" lon="138.38119125925004">
        <ele>10.89</ele>
      </trkpt>
      <trkpt lat="34.941283855587244" lon="138.38130340911448">
        <ele>10.51</ele>
      </trkpt>
      <trkpt lat="34.941120157018304" lon="138.38140516541898">
        <ele>10.21</ele>
      </trkpt>
      <trkpt lat="34.94094799272716" lon="138.381471298635">
        <ele>10.02</ele>
      </trkpt>
      <trkpt lat="34.940749341621995" lon="138.381555872038">
        <ele>9.86</ele>
      </trkpt>
      <trkpt lat="34.94057072326541" lon="138.3816258609295">
        <ele>9.67</ele>
      </trkpt>
      <trkpt lat="34.94037282653153" lon="138.38170959614217">
        <ele>9.5</ele>
      </trkpt>
      <trkpt lat="34.94019244797528" lon="138.38171093724668">
        <ele>9.32</ele>
      </trkpt>
      <trkpt lat="34.94007334113121" lon="138.38154329918325">
        <ele>9.09</ele>
      </trkpt>
      <trkpt lat="34.939943086355925" lon="138.38135613128543">
        <ele>8.91</ele>
      </trkpt>
      <trkpt lat="34.939827332273126" lon="138.38117307052016">
        <ele>8.8</ele>
      </trkpt>
      <trkpt lat="34.939632285386324" lon="138.38111456483603">
        <ele>8.62</ele>
      </trkpt>
      <trkpt lat="34.939548717811704" lon="138.38135671801865">
        <ele>8.41</ele>
      </trkpt>
      <trkpt lat="34.9393761344254" lon="138.38125730864704">
        <ele>8.28</ele>
      </trkpt>
      <trkpt lat="34.93922006338835" lon="138.38139468804002">
        <ele>8.14</ele>
      </trkpt>
      <trkpt lat="34.93905100040138" lon="138.38150558061898">
        <ele>8.0</ele>
      </trkpt>
      <trkpt lat="34.938876405358315" lon="138.38164220564067">
        <ele>7.84</ele>
      </trkpt>
      <trkpt lat="34.93869979865849" lon="138.3817360829562">
        <ele>7.72</ele>
      </trkpt>
      <trkpt lat="34.93853308260441" lon="138.38183909654617">
        <ele>7.65</ele>
      </trkpt>
      <trkpt lat="34.93836401961744" lon="138.3819501567632">
        <ele>7.56</ele>
      </trkpt>
      <trkpt lat="34.93817358277738" lon="138.3820725325495">
        <ele>7.5</ele>
      </trkpt>
      <trkpt lat="34.93798683397472" lon="138.38218686170876">
        <ele>7.41</ele>
      </trkpt>
      <trkpt lat="34.93783629499376" lon="138.3823098242283">
        <ele>7.39</ele>
      </trkpt>
      <trkpt lat="34.93766983039677" lon="138.382414765656">
        <ele>7.39</ele>
      </trkpt>
      <trkpt lat="34.937485763803124" lon="138.3825236465782">
        <ele>7.4</ele>
      </trkpt>
      <trkpt lat="34.9373300280422" lon="138.38263470679522">
        <ele>7.39</ele>
      </trkpt>
      <trkpt lat="34.93716993369162" lon="138.3827472757548">
        <ele>7.39</ele>
      </trkpt>
      <trkpt lat="34.936980586498976" lon="138.382848193869">
        <ele>7.42</ele>
      </trkpt>
      <trkpt lat="34.93682543747127" lon="138.38296771980822">
        <ele>7.44</ele>
      </trkpt>
      <trkpt lat="34.93665922433138" lon="138.38307492434978">
        <ele>7.44</ele>
      </trkpt>
      <trkpt lat="34.936486976221204" lon="138.38318984024227">
        <ele>7.41</ele>
      </trkpt>
      <trkpt lat="34.93632218800485" lon="138.38329503312707">
        <ele>7.34</ele>
      </trkpt>
      <trkpt lat="34.93615438230336" lon="138.38341439142823">
        <ele>7.3</ele>
      </trkpt>
      <trkpt lat="34.93597995489836" lon="138.38354045525193">
        <ele>7.25</ele>
      </trkpt>
      <trkpt lat="34.93580066598952" lon="138.38366316631436">
        <ele>7.19</ele>
      </trkpt>
      <trkpt lat="34.935633363202214" lon="138.3837531041354">
        <ele>7.13</ele>
      </trkpt>
      <trkpt lat="34.93546857498586" lon="138.3838535193354">
        <ele>7.08</ele>
      </trkpt>
      <trkpt lat="34.93528853170574" lon="138.3839724585414">
        <ele>7.02</ele>
      </trkpt>
      <trkpt lat="34.93513262830675" lon="138.38409206829965">
        <ele>6.93</ele>
      </trkpt>
      <trkpt lat="34.934970354661345" lon="138.38420866057277">
        <ele>6.88</ele>
      </trkpt>
      <trkpt lat="34.93480137549341" lon="138.38433723896742">
        <ele>6.82</ele>
      </trkpt>
      <trkpt lat="34.93461588397622" lon="138.38445131666958">
        <ele>6.74</ele>
      </trkpt>
      <trkpt lat="34.93444279767573" lon="138.3845787215978">
        <ele>6.75</ele>
      </trkpt>
      <trkpt lat="34.934350764378905" lon="138.3847703319043">
        <ele>6.72</ele>
      </trkpt>
      <trkpt lat="34.93416275829077" lon="138.38481777347624">
        <ele>6.68</ele>
      </trkpt>
      <trkpt lat="34.933983301743865" lon="138.38493335992098">
        <ele>6.65</ele>
      </trkpt>
      <trkpt lat="34.93381356820464" lon="138.38505992665887">
        <ele>6.67</ele>
      </trkpt>
      <trkpt lat="34.93365749716759" lon="138.3851849846542">
        <ele>6.7</ele>
      </trkpt>
      <trkpt lat="34.93348273448646" lon="138.3852880820632">
        <ele>6.73</ele>
      </trkpt>
      <trkpt lat="34.933301601558924" lon="138.3854136429727">
        <ele>6.73</ele>
      </trkpt>
      <trkpt lat="34.93312206119299" lon="138.3855003118515">
        <ele>6.82</ele>
      </trkpt>
      <trkpt lat="34.93296632543206" lon="138.38563584722579">
        <ele>6.89</ele>
      </trkpt>
      <trkpt lat="34.93278770707548" lon="138.3857283834368">
        <ele>6.95</ele>
      </trkpt>
      <trkpt lat="34.932611687108874" lon="138.38563584722579">
        <ele>7.07</ele>
      </trkpt>
      <trkpt lat="34.932503309100866" lon="138.38542303070426">
        <ele>7.21</ele>
      </trkpt>
      <trkpt lat="34.93242049589753" lon="138.38519579730928">
        <ele>7.33</ele>
      </trkpt>
      <trkpt lat="34.932284373790026" lon="138.3849894348532">
        <ele>7.45</ele>
      </trkpt>
      <trkpt lat="34.93219309486449" lon="138.38478500023484">
        <ele>7.55</ele>
      </trkpt>
      <trkpt lat="34.93215705268085" lon="138.38455483317375">
        <ele>7.69</ele>
      </trkpt>
      <trkpt lat="34.9322909116745" lon="138.38436481542885">
        <ele>7.87</ele>
      </trkpt>
      <trkpt lat="34.932471541687846" lon="138.38424453511834">
        <ele>8.08</ele>
      </trkpt>
      <trkpt lat="34.93265736848116" lon="138.38412039913237">
        <ele>8.29</ele>
      </trkpt>
      <trkpt lat="34.93284160271287" lon="138.3839999511838">
        <ele>8.43</ele>
      </trkpt>
      <trkpt lat="34.93300773203373" lon="138.3838940039277">
        <ele>8.46</ele>
      </trkpt>
      <trkpt lat="34.933181488886476" lon="138.38378436863422">
        <ele>8.35</ele>
      </trkpt>
      <trkpt lat="34.9333459418267" lon="138.38368764147162">
        <ele>8.09</ele>
      </trkpt>
      <trkpt lat="34.93352707475424" lon="138.38357255794108">
        <ele>7.9</ele>
      </trkpt>
      <trkpt lat="34.933705776929855" lon="138.38353232480586">
        <ele>7.8</ele>
      </trkpt>
      <trkpt lat="34.93383058346808" lon="138.3837219234556">
        <ele>7.68</ele>
      </trkpt>
      <trkpt lat="34.93392990902066" lon="138.38391051627696">
        <ele>7.54</ele>
      </trkpt>
      <trkpt lat="34.93403200060129" lon="138.38412752375007">
        <ele>7.36</ele>
      </trkpt>
      <trkpt lat="34.934145994484425" lon="138.38434134609997">
        <ele>7.18</ele>
      </trkpt>
      <trkpt lat="34.934253953397274" lon="138.38453446514904">
        <ele>7.0</ele>
      </trkpt>
      <trkpt lat="34.93436375632882" lon="138.3847415819764">
        <ele>6.78</ele>
      </trkpt>
      <trkpt lat="34.93445369414985" lon="138.38494090363383">
        <ele>6.53</ele>
      </trkpt>
      <trkpt lat="34.93455343879759" lon="138.38514232076705">
        <ele>6.32</ele>
      </trkpt>
      <trkpt lat="34.93464312516153" lon="138.38534801267087">
        <ele>6.1</ele>
      </trkpt>
      <trkpt lat="34.93475410155952" lon="138.3855550456792">
        <ele>5.83</ele>
      </trkpt>
      <trkpt lat="34.934873627498746" lon="138.38577842339873">
        <ele>5.46</ele>
      </trkpt>
      <trkpt lat="34.93498024530709" lon="138.3859791699797">
        <ele>5.09</ele>
      </trkpt>
      <trkpt lat="34.93507747538388" lon="138.38619584217668">
        <ele>4.74</ele>
      </trkpt>
      <trkpt lat="34.93518518283963" lon="138.3864139392972">
        <ele>4.43</ele>
      </trkpt>
      <trkpt lat="34.93528534658253" lon="138.3865989279002">
        <ele>4.13</ele>
      </trkpt>
      <trkpt lat="34.93538685142994" lon="138.38679154403508">
        <ele>3.82</ele>
      </trkpt>
      <trkpt lat="34.93549422360957" lon="138.38700293563306">
        <ele>3.54</ele>
      </trkpt>
      <trkpt lat="34.935588017106056" lon="138.38719840161502">
        <ele>3.29</ele>
      </trkpt>
      <trkpt lat="34.935707123950124" lon="138.38740258477628">
        <ele>3.18</ele>
      </trkpt>
      <trkpt lat="34.93580234237015" lon="138.3875950332731">
        <ele>3.11</ele>
      </trkpt>
      <trkpt lat="34.93591348640621" lon="138.38781589642167">
        <ele>3.13</ele>
      </trkpt>
      <trkpt lat="34.936020858585835" lon="138.38803474791348">
        <ele>3.07</ele>
      </trkpt>
      <trkpt lat="34.936134768649936" lon="138.3882446307689">
        <ele>3.09</ele>
      </trkpt>
      <trkpt lat="34.93623920716345" lon="138.38846205733716">
        <ele>3.14</ele>
      </trkpt>
      <trkpt lat="34.93633450940251" lon="138.3886706829071">
        <ele>3.19</ele>
      </trkpt>
      <trkpt lat="34.93644288741052" lon="138.38887562043965">
        <ele>3.16</ele>
      </trkpt>
      <trkpt lat="34.93653567507863" lon="138.38906538672745">
        <ele>3.04</ele>
      </trkpt>
      <trkpt lat="34.93663776665926" lon="138.38927024044096">
        <ele>2.98</ele>
      </trkpt>
      <trkpt lat="34.93674639612436" lon="138.3894864935428">
        <ele>3.01</ele>
      </trkpt>
      <trkpt lat="34.936845637857914" lon="138.38969017378986">
        <ele>3.07</ele>
      </trkpt>
      <trkpt lat="34.93695896118879" lon="138.3899027388543">
        <ele>3.11</ele>
      </trkpt>
      <trkpt lat="34.937054766342044" lon="138.3901210874319">
        <ele>3.15</ele>
      </trkpt>
      <trkpt lat="34.93715928867459" lon="138.39033205993474">
        <ele>3.18</ele>
      </trkpt>
      <trkpt lat="34.93726314045489" lon="138.39052526280284">
        <ele>3.23</ele>
      </trkpt>
      <trkpt lat="34.93736917153001" lon="138.39072852395475">
        <ele>3.31</ele>
      </trkpt>
      <trkpt lat="34.937472604215145" lon="138.39091862551868">
        <ele>3.51</ele>
      </trkpt>
      <trkpt lat="34.93757746182382" lon="138.3911163546145">
        <ele>3.77</ele>
      </trkpt>
      <trkpt lat="34.93768994696438" lon="138.39133076369762">
        <ele>4.05</ele>
      </trkpt>
      <trkpt lat="34.9377978220582" lon="138.39154592715204">
        <ele>4.3</ele>
      </trkpt>
      <trkpt lat="34.93790477514267" lon="138.39176318608224">
        <ele>4.52</ele>
      </trkpt>
      <trkpt lat="34.93801608681679" lon="138.39196083135903">
        <ele>4.8</ele>
      </trkpt>
      <trkpt lat="34.9381189327687" lon="138.3921729773283">
        <ele>5.14</ele>
      </trkpt>
      <trkpt lat="34.93823158554733" lon="138.39237741194665">
        <ele>5.45</ele>
      </trkpt>
      <trkpt lat="34.93833811953664" lon="138.3925855346024">
        <ele>5.68</ele>
      </trkpt>
      <trkpt lat="34.93844088166952" lon="138.39278628118336">
        <ele>5.84</ele>
      </trkpt>
      <trkpt lat="34.93855596520007" lon="138.3929882850498">
        <ele>5.95</ele>
      </trkpt>
      <trkpt lat="34.938644394278526" lon="138.39319665916264">
        <ele>6.03</ele>
      </trkpt>
      <trkpt lat="34.93875210173428" lon="138.3934122417122">
        <ele>6.15</ele>
      </trkpt>
      <trkpt lat="34.93886492215097" lon="138.39360821060836">
        <ele>6.33</ele>
      </trkpt>
      <trkpt lat="34.938982436433434" lon="138.39380870573223">
        <ele>6.53</ele>
      </trkpt>
      <trkpt lat="34.93909374810755" lon="138.39401615783572">
        <ele>6.71</ele>
      </trkpt>
      <trkpt lat="34.93917044252157" lon="138.39422537013888">
        <ele>6.87</ele>
      </trkpt>
      <trkpt lat="34.93927932344377" lon="138.39444170705974">
        <ele>7.0</ele>
      </trkpt>
      <trkpt lat="34.93938837200403" lon="138.39464178308845">
        <ele>7.03</ele>
      </trkpt>
      <trkpt lat="34.93948258459568" lon="138.3948551863432">
        <ele>6.99</ele>
      </trkpt>
      <trkpt lat="34.939563386142254" lon="138.39508158154786">
        <ele>6.95</ele>
      </trkpt>
      <trkpt lat="34.93963840417564" lon="138.39528568089008">
        <ele>6.93</ele>
      </trkpt>
      <trkpt lat="34.93967654183507" lon="138.3955235593021">
        <ele>6.87</ele>
      </trkpt>
      <trkpt lat="34.939700681716204" lon="138.3957653772086">
        <ele>6.81</ele>
      </trkpt>
      <trkpt lat="34.939671428874135" lon="138.39601155370474">
        <ele>6.71</ele>
      </trkpt>
      <trkpt lat="34.939625915139914" lon="138.3962305728346">
        <ele>6.6</ele>
      </trkpt>
      <trkpt lat="34.93956497870386" lon="138.39643953368068">
        <ele>6.53</ele>
      </trkpt>
      <trkpt lat="34.93946154601872" lon="138.39664614759386">
        <ele>6.51</ele>
      </trkpt>
      <trkpt lat="34.93934168480337" lon="138.3968141209334">
        <ele>6.4</ele>
      </trkpt>
      <trkpt lat="34.93921126239002" lon="138.3969707787037">
        <ele>6.24</ele>
      </trkpt>
      <trkpt lat="34.939064998179674" lon="138.39713171124458">
        <ele>6.08</ele>
      </trkpt>
      <trkpt lat="34.93890272453427" lon="138.39727797545493">
        <ele>5.95</ele>
      </trkpt>
      <trkpt lat="34.938744977116585" lon="138.3974195457995">
        <ele>5.87</ele>
      </trkpt>
      <trkpt lat="34.93857717141509" lon="138.3975501358509">
        <ele>5.8</ele>
      </trkpt>
      <trkpt lat="34.93840802460909" lon="138.39768667705357">
        <ele>5.77</ele>
      </trkpt>
      <trkpt lat="34.93823233991861" lon="138.39781207032502">
        <ele>5.76</ele>
      </trkpt>
      <trkpt lat="34.938077442348" lon="138.3979695662856">
        <ele>5.73</ele>
      </trkpt>
      <trkpt lat="34.93794433772564" lon="138.3981492742896">
        <ele>5.68</ele>
      </trkpt>
      <trkpt lat="34.937845431268215" lon="138.39833702892065">
        <ele>5.57</ele>
      </trkpt>
      <trkpt lat="34.937766306102276" lon="138.39855831116438">
        <ele>5.38</ele>
      </trkpt>
      <trkpt lat="34.93770067580044" lon="138.39876702055335">
        <ele>5.31</ele>
      </trkpt>
      <trkpt lat="34.93766195140779" lon="138.39900691062212">
        <ele>5.29</ele>
      </trkpt>
      <trkpt lat="34.93764468468726" lon="138.39926448650658">
        <ele>5.25</ele>
      </trkpt>
      <trkpt lat="34.93766723200679" lon="138.3995042089373">
        <ele>5.1</ele>
      </trkpt>
      <trkpt lat="34.9377116560936" lon="138.39973160997033">
        <ele>4.93</ele>
      </trkpt>
      <trkpt lat="34.937782902270555" lon="138.39993696659803">
        <ele>4.79</ele>
      </trkpt>
      <trkpt lat="34.93788323365152" lon="138.40015129186213">
        <ele>4.73</ele>
      </trkpt>
      <trkpt lat="34.93799211457372" lon="138.40034726075828">
        <ele>4.71</ele>
      </trkpt>
      <trkpt lat="34.938114238902926" lon="138.40052948333323">
        <ele>4.72</ele>
      </trkpt>
      <trkpt lat="34.93822177872062" lon="138.40070659294724">
        <ele>4.73</ele>
      </trkpt>
      <trkpt lat="34.93833124637604" lon="138.4009046573192">
        <ele>4.76</ele>
      </trkpt>
      <trkpt lat="34.938449347391725" lon="138.40110565535724">
        <ele>4.81</ele>
      </trkpt>
      <trkpt lat="34.93855671957135" lon="138.40128980576992">
        <ele>4.86</ele>
      </trkpt>
      <trkpt lat="34.938667276874185" lon="138.4014980122447">
        <ele>4.91</ele>
      </trkpt>
      <trkpt lat="34.93877070955932" lon="138.40170261450112">
        <ele>4.96</ele>
      </trkpt>
      <trkpt lat="34.93888143450022" lon="138.40191861614585">
        <ele>4.97</ele>
      </trkpt>
      <trkpt lat="34.939003894105554" lon="138.40211902745068">
        <ele>5.02</ele>
      </trkpt>
      <trkpt lat="34.939116882160306" lon="138.4023236297071">
        <ele>5.12</ele>
      </trkpt>
      <trkpt lat="34.93922844529152" lon="138.402526890859">
        <ele>5.22</ele>
      </trkpt>
      <trkpt lat="34.93934168480337" lon="138.40272814035416">
        <ele>5.29</ele>
      </trkpt>
      <trkpt lat="34.93943556211889" lon="138.4029158949852">
        <ele>5.33</ele>
      </trkpt>
      <trkpt lat="34.93952910415828" lon="138.40310314670205">
        <ele>5.38</ele>
      </trkpt>
      <trkpt lat="34.93963706307113" lon="138.4033126104623">
        <ele>5.46</ele>
      </trkpt>
      <trkpt lat="34.93973747827113" lon="138.4035229962319">
        <ele>5.53</ele>
      </trkpt>
      <trkpt lat="34.9398494604975" lon="138.40372919104993">
        <ele>5.62</ele>
      </trkpt>
      <trkpt lat="34.93996253237128" lon="138.40393555350602">
        <ele>5.73</ele>
      </trkpt>
      <trkpt lat="34.94005573913455" lon="138.40412506833673">
        <ele>5.84</ele>
      </trkpt>
      <trkpt lat="34.94016654789448" lon="138.4043348673731">
        <ele>5.97</ele>
      </trkpt>
      <trkpt lat="34.94028163142502" lon="138.40453318320215">
        <ele>6.09</ele>
      </trkpt>
      <trkpt lat="34.940384309738874" lon="138.4047227818519">
        <ele>6.15</ele>
      </trkpt>
      <trkpt lat="34.940503081306815" lon="138.4049340058118">
        <ele>6.16</ele>
      </trkpt>
      <trkpt lat="34.94061632081866" lon="138.40514237992465">
        <ele>6.13</ele>
      </trkpt>
      <trkpt lat="34.94072796776891" lon="138.4053182322532">
        <ele>6.12</ele>
      </trkpt>
      <trkpt lat="34.94082301855087" lon="138.405534401536">
        <ele>6.13</ele>
      </trkpt>
      <trkpt lat="34.94095142930746" lon="138.40573011897504">
        <ele>6.16</ele>
      </trkpt>
      <trkpt lat="34.94105502963066" lon="138.40594997629523">
        <ele>6.22</ele>
      </trkpt>
      <trkpt lat="34.941134909167886" lon="138.406147537753">
        <ele>6.28</ele>
      </trkpt>
      <trkpt lat="34.941213028505445" lon="138.406351050362">
        <ele>6.34</ele>
      </trkpt>
      <trkpt lat="34.941306905820966" lon="138.40658121742308">
        <ele>6.4</ele>
      </trkpt>
      <trkpt lat="34.941383516415954" lon="138.40678146108985">
        <ele>6.38</ele>
      </trkpt>
      <trkpt lat="34.94146607816219" lon="138.40700022876263">
        <ele>6.34</ele>
      </trkpt>
      <trkpt lat="34.94154226966202" lon="138.4072414599359">
        <ele>6.39</ele>
      </trkpt>
      <trkpt lat="34.94160261936486" lon="138.40745880268514">
        <ele>6.47</ele>
      </trkpt>
      <trkpt lat="34.941658191382885" lon="138.40767949819565">
        <ele>6.43</ele>
      </trkpt>
      <trkpt lat="34.941713344305754" lon="138.40789667330682">
        <ele>6.34</ele>
      </trkpt>
      <trkpt lat="34.941768664866686" lon="138.40814192779362">
        <ele>6.2</ele>
      </trkpt>
      <trkpt lat="34.94182180613279" lon="138.40836027637124">
        <ele>6.09</ele>
      </trkpt>
      <trkpt lat="34.94189405813813" lon="138.40859069488943">
        <ele>6.0</ele>
      </trkpt>
      <trkpt lat="34.94194719940424" lon="138.40880250558257">
        <ele>5.93</ele>
      </trkpt>
      <trkpt lat="34.94199749082327" lon="138.40901423245668">
        <ele>5.87</ele>
      </trkpt>
      <trkpt lat="34.94206060655415" lon="138.4092568885535">
        <ele>5.8</ele>
      </trkpt>
      <trkpt lat="34.94210796430707" lon="138.40947012417018">
        <ele>5.75</ele>
      </trkpt>
      <trkpt lat="34.94216655381024" lon="138.40970582328737">
        <ele>5.72</ele>
      </trkpt>
      <trkpt lat="34.942222628742456" lon="138.4099435340613">
        <ele>5.44</ele>
      </trkpt>
      <trkpt lat="34.94228239171207" lon="138.4101675823331">
        <ele>5.08</ele>
      </trkpt>
      <trkpt lat="34.94233804754913" lon="138.41039917431772">
        <ele>4.78</ele>
      </trkpt>
      <trkpt lat="34.94239688850939" lon="138.41060805134475">
        <ele>4.6</ele>
      </trkpt>
      <trkpt lat="34.94247341528535" lon="138.41083788312972">
        <ele>4.52</ele>
      </trkpt>
      <trkpt lat="34.942540638148785" lon="138.41105572879314">
        <ele>4.52</ele>
      </trkpt>
      <trkpt lat="34.94261951185763" lon="138.41129721142352">
        <ele>4.41</ele>
      </trkpt>
      <trkpt lat="34.94268991984427" lon="138.4115326590836">
        <ele>4.25</ele>
      </trkpt>
      <trkpt lat="34.942777594551444" lon="138.41176525689662">
        <ele>4.14</ele>
      </trkpt>
      <trkpt lat="34.942837776616216" lon="138.411975055933">
        <ele>4.08</ele>
      </trkpt>
      <trkpt lat="34.9428800214082" lon="138.41219130903482">
        <ele>4.11</ele>
      </trkpt>
      <trkpt lat="34.94295679964125" lon="138.41239490546286">
        <ele>4.0</ele>
      </trkpt>
      <trkpt lat="34.9430182389915" lon="138.4126186184585">
        <ele>3.88</ele>
      </trkpt>
      <trkpt lat="34.943087976425886" lon="138.41283403337002">
        <ele>3.78</ele>
      </trkpt>
      <trkpt lat="34.943151511251926" lon="138.41304467059672">
        <ele>3.59</ele>
      </trkpt>
      <trkpt lat="34.94320783764124" lon="138.41327156871557">
        <ele>3.57</ele>
      </trkpt>
      <trkpt lat="34.94328687898815" lon="138.41348036192358">
        <ele>3.7</ele>
      </trkpt>
      <trkpt lat="34.94335879571736" lon="138.41369091533124">
        <ele>3.85</ele>
      </trkpt>
      <trkpt lat="34.94341512210667" lon="138.41392435133457">
        <ele>4.04</ele>
      </trkpt>
      <trkpt lat="34.94348829612136" lon="138.41415158472955">
        <ele>4.2</ele>
      </trkpt>
      <trkpt lat="34.94354981929064" lon="138.41437730938196">
        <ele>4.22</ele>
      </trkpt>
      <trkpt lat="34.943614695221186" lon="138.41459020972252">
        <ele>4.25</ele>
      </trkpt>
      <trkpt lat="34.943677140399814" lon="138.41480813920498">
        <ele>4.24</ele>
      </trkpt>
      <trkpt lat="34.94373036548495" lon="138.41502179391682">
        <ele>4.2</ele>
      </trkpt>
      <trkpt lat="34.94379214011133" lon="138.41524483636022">
        <ele>4.3</ele>
      </trkpt>
      <trkpt lat="34.94386204518378" lon="138.41546611860394">
        <ele>4.67</ele>
      </trkpt>
      <trkpt lat="34.943924406543374" lon="138.4156801085919">
        <ele>5.03</ele>
      </trkpt>
      <trkpt lat="34.94398391805589" lon="138.415894433856">
        <ele>5.42</ele>
      </trkpt>
      <trkpt lat="34.9440508056432" lon="138.41611739248037">
        <ele>5.81</ele>
      </trkpt>
      <trkpt lat="34.944127164781094" lon="138.41634856536984">
        <ele>6.18</ele>
      </trkpt>
      <trkpt lat="34.94417913258076" lon="138.41656708158553">
        <ele>6.41</ele>
      </trkpt>
      <trkpt lat="34.944243002682924" lon="138.41680127196014">
        <ele>6.47</ele>
      </trkpt>
      <trkpt lat="34.944296730682254" lon="138.4170109871775">
        <ele>6.41</ele>
      </trkpt>
      <trkpt lat="34.94435163214803" lon="138.41723042540252">
        <ele>6.23</ele>
      </trkpt>
      <trkpt lat="34.944426817819476" lon="138.4174631908536">
        <ele>6.01</ele>
      </trkpt>
      <trkpt lat="34.944483479484916" lon="138.4176767617464">
        <ele>5.8</ele>
      </trkpt>
      <trkpt lat="34.94455975480378" lon="138.4178892429918">
        <ele>5.57</ele>
      </trkpt>
      <trkpt lat="34.94461415335536" lon="138.41810231097043">
        <ele>5.38</ele>
      </trkpt>
      <trkpt lat="34.944684812799096" lon="138.41835611499846">
        <ele>5.23</ele>
      </trkpt>
      <trkpt lat="34.94471968151629" lon="138.41857597231865">
        <ele>5.0</ele>
      </trkpt>
      <trkpt lat="34.94474214501679" lon="138.4187954943627">
        <ele>4.75</ele>
      </trkpt>
      <trkpt lat="34.944768380373716" lon="138.41901560314">
        <ele>4.41</ele>
      </trkpt>
      <trkpt lat="34.94479738175869" lon="138.41923269443214">
        <ele>3.98</ele>
      </trkpt>
      <trkpt lat="34.94482713751495" lon="138.41945137828588">
        <ele>3.51</ele>
      </trkpt>
      <trkpt lat="34.94485697709024" lon="138.41970333829522">
        <ele>3.06</ele>
      </trkpt>
      <trkpt lat="34.94488128460944" lon="138.41995211318135">
        <ele>2.6</ele>
      </trkpt>
      <trkpt lat="34.944922691211104" lon="138.4201946016401">
        <ele>2.1</ele>
      </trkpt>
      <trkpt lat="34.944965690374374" lon="138.4204419516027">
        <ele>1.58</ele>
      </trkpt>
      <trkpt lat="34.94502562098205" lon="138.4206502418965">
        <ele>1.17</ele>
      </trkpt>
      <trkpt lat="34.94507289491594" lon="138.4208811633289">
        <ele>0.87</ele>
      </trkpt>
      <trkpt lat="34.94513710029423" lon="138.4210899565369">
        <ele>0.63</ele>
      </trkpt>
      <trkpt lat="34.94519761763513" lon="138.42130084522069">
        <ele>0.3</ele>
      </trkpt>
      <trkpt lat="34.945246651768684" lon="138.42151718214154">
        <ele>-0.05</ele>
      </trkpt>
      <trkpt lat="34.94533181190491" lon="138.42174416407943">
        <ele>-0.27</ele>
      </trkpt>
      <trkpt lat="34.94540272280574" lon="138.421988831833">
        <ele>-0.34</ele>
      </trkpt>
      <trkpt lat="34.94545946829021" lon="138.4221997205168">
        <ele>-0.3</ele>
      </trkpt>
      <trkpt lat="34.945515459403396" lon="138.4224314801395">
        <ele>-0.31</ele>
      </trkpt>
      <trkpt lat="34.94558150880039" lon="138.42265276238322">
        <ele>-0.3</ele>
      </trkpt>
      <trkpt lat="34.94563473388553" lon="138.42286767438054">
        <ele>-0.15</ele>
      </trkpt>
      <trkpt lat="34.94570095092058" lon="138.423093566671">
        <ele>0.0</ele>
      </trkpt>
      <trkpt lat="34.9457623064518" lon="138.42330537736416">
        <ele>0.13</ele>
      </trkpt>
      <trkpt lat="34.94583581574261" lon="138.4235357120633">
        <ele>0.33</ele>
      </trkpt>
      <trkpt lat="34.945905553177" lon="138.4237574134022">
        <ele>0.41</ele>
      </trkpt>
      <trkpt lat="34.94596757926047" lon="138.4239916037768">
        <ele>0.5</ele>
      </trkpt>
      <trkpt lat="34.94603589177132" lon="138.42420240864158">
        <ele>0.63</ele>
      </trkpt>
      <trkpt lat="34.94609573855996" lon="138.42443089932203">
        <ele>0.77</ele>
      </trkpt>
      <trkpt lat="34.946155082434416" lon="138.4246490802616">
        <ele>1.06</ele>
      </trkpt>
      <trkpt lat="34.94622565805912" lon="138.4248716197908">
        <ele>1.41</ele>
      </trkpt>
      <trkpt lat="34.9462906178087" lon="138.42510539107025">
        <ele>1.44</ele>
      </trkpt>
      <trkpt lat="34.946354907006025" lon="138.42533421702683">
        <ele>1.22</ele>
      </trkpt>
      <trkpt lat="34.946418860927224" lon="138.42554041184485">
        <ele>1.28</ele>
      </trkpt>
      <trkpt lat="34.94648608379066" lon="138.425781307742">
        <ele>1.34</ele>
      </trkpt>
      <trkpt lat="34.946546014398336" lon="138.42599026858807">
        <ele>1.47</ele>
      </trkpt>
      <trkpt lat="34.94661055505276" lon="138.4262133948505">
        <ele>1.58</ele>
      </trkpt>
      <trkpt lat="34.94667258113623" lon="138.4264536201954">
        <ele>1.62</ele>
      </trkpt>
      <trkpt lat="34.94674349203706" lon="138.42665545642376">
        <ele>1.68</ele>
      </trkpt>
      <trkpt lat="34.94681306183338" lon="138.4268828574568">
        <ele>1.65</ele>
      </trkpt>
      <trkpt lat="34.94687802158296" lon="138.42712408863008">
        <ele>1.57</ele>
      </trkpt>
      <trkpt lat="34.94695605710149" lon="138.42735995538533">
        <ele>1.6</ele>
      </trkpt>
      <trkpt lat="34.947006264701486" lon="138.42762113548815">
        <ele>1.8</ele>
      </trkpt>
      <trkpt lat="34.947061417624354" lon="138.42786027118564">
        <ele>2.06</ele>
      </trkpt>
      <trkpt lat="34.94714381173253" lon="138.42808758839965">
        <ele>2.35</ele>
      </trkpt>
      <trkpt lat="34.94720340706408" lon="138.4283273946494">
        <ele>2.57</ele>
      </trkpt>
      <trkpt lat="34.947249591350555" lon="138.42854431830347">
        <ele>2.71</ele>
      </trkpt>
      <trkpt lat="34.94729636237025" lon="138.42875855974853">
        <ele>2.83</ele>
      </trkpt>
      <trkpt lat="34.94733273983002" lon="138.4290085081011">
        <ele>2.9</ele>
      </trkpt>
      <trkpt lat="34.947365429252386" lon="138.42925149947405">
        <ele>2.96</ele>
      </trkpt>
      <trkpt lat="34.947431897744536" lon="138.42945811338723">
        <ele>3.07</ele>
      </trkpt>
      <trkpt lat="34.94750884361565" lon="138.42969942837954">
        <ele>3.24</ele>
      </trkpt>
      <trkpt lat="34.947578916326165" lon="138.42991031706333">
        <ele>3.4</ele>
      </trkpt>
      <trkpt lat="34.947642870247364" lon="138.430120870471">
        <ele>3.49</ele>
      </trkpt>
      <trkpt lat="34.947706488892436" lon="138.4303608443588">
        <ele>3.59</ele>
      </trkpt>
      <trkpt lat="34.94776390492916" lon="138.43060190789402">
        <ele>3.72</ele>
      </trkpt>
      <trkpt lat="34.947820734232664" lon="138.43083567917347">
        <ele>3.8</ele>
      </trkpt>
      <trkpt lat="34.94788317941129" lon="138.43107883818448">
        <ele>3.83</ele>
      </trkpt>
      <trkpt lat="34.94793280027807" lon="138.43128989450634">
        <ele>3.64</ele>
      </trkpt>
      <trkpt lat="34.947998179122806" lon="138.431526850909">
        <ele>3.48</ele>
      </trkpt>
      <trkpt lat="34.94805769063532" lon="138.43175584450364">
        <ele>3.4</ele>
      </trkpt>
      <trkpt lat="34.94812851771712" lon="138.43199028633535">
        <ele>3.35</ele>
      </trkpt>
      <trkpt lat="34.94820110499859" lon="138.4322259016335">
        <ele>3.35</ele>
      </trkpt>
      <trkpt lat="34.94826757349074" lon="138.43243368901312">
        <ele>3.25</ele>
      </trkpt>
      <trkpt lat="34.94832758791745" lon="138.43266603536904">
        <ele>3.18</ele>
      </trkpt>
      <trkpt lat="34.94837301783264" lon="138.43287834897637">
        <ele>3.15</ele>
      </trkpt>
      <trkpt lat="34.94843537919223" lon="138.4330856334418">
        <ele>3.12</ele>
      </trkpt>
      <trkpt lat="34.948503859341145" lon="138.433302892372">
        <ele>2.98</ele>
      </trkpt>
      <trkpt lat="34.94854551739991" lon="138.43351679854095">
        <ele>2.8</ele>
      </trkpt>
      <trkpt lat="34.94860486127436" lon="138.43373120762408">
        <ele>2.68</ele>
      </trkpt>
      <trkpt lat="34.94866252876818" lon="138.4339456167072">
        <ele>2.54</ele>
      </trkpt>
      <trkpt lat="34.94871533475816" lon="138.43417477793992">
        <ele>2.43</ele>
      </trkpt>
      <trkpt lat="34.94877484627068" lon="138.4344123210758">
        <ele>2.29</ele>
      </trkpt>
      <trkpt lat="34.94883108884096" lon="138.43464902602136">
        <ele>2.11</ele>
      </trkpt>
      <trkpt lat="34.94887794367969" lon="138.43486703932285">
        <ele>1.91</ele>
      </trkpt>
      <trkpt lat="34.94892932474613" lon="138.43509930185974">
        <ele>1.7</ele>
      </trkpt>
      <trkpt lat="34.949008114635944" lon="138.43533399514854">
        <ele>1.59</ele>
      </trkpt>
      <trkpt lat="34.94906460866332" lon="138.43555619940162">
        <ele>1.5</ele>
      </trkpt>
      <trkpt lat="34.94912747293711" lon="138.4357964247465">
        <ele>1.4</ele>
      </trkpt>
      <trkpt lat="34.94919318705797" lon="138.43602717854083">
        <ele>1.28</ele>
      </trkpt>
      <trkpt lat="34.94926133193076" lon="138.436257597059">
        <ele>1.21</ele>
      </trkpt>
      <trkpt lat="34.94934640824795" lon="138.4364787954837">
        <ele>1.18</ele>
      </trkpt>
      <trkpt lat="34.949418073520064" lon="138.43671524897218">
        <ele>1.19</ele>
      </trkpt>
      <trkpt lat="34.94948278181255" lon="138.4369528759271">
        <ele>1.13</ele>
      </trkpt>
      <trkpt lat="34.94954799301922" lon="138.43718086369336">
        <ele>1.01</ele>
      </trkpt>
      <trkpt lat="34.94963298551738" lon="138.43738269992173">
        <ele>1.02</ele>
      </trkpt>
      <trkpt lat="34.949709344655275" lon="138.43760582618415">
        <ele>1.08</ele>
      </trkpt>
      <trkpt lat="34.9497857876122" lon="138.43781780451536">
        <ele>1.15</ele>
      </trkpt>
      <trkpt lat="34.94987228885293" lon="138.43804302625358">
        <ele>1.24</ele>
      </trkpt>
      <trkpt lat="34.94994739070535" lon="138.43826229684055">
        <ele>1.36</ele>
      </trkpt>
      <trkpt lat="34.95002961717546" lon="138.43848064541817">
        <ele>1.5</ele>
      </trkpt>
      <trkpt lat="34.950115447863936" lon="138.43869782052934">
        <ele>1.57</ele>
      </trkpt>
      <trkpt lat="34.950192561373115" lon="138.43892614357173">
        <ele>1.59</ele>
      </trkpt>
      <trkpt lat="34.95026271790266" lon="138.43913175165653">
        <ele>1.73</ele>
      </trkpt>
      <trkpt lat="34.950341172516346" lon="138.43935881741345">
        <ele>1.87</ele>
      </trkpt>
      <trkpt lat="34.950414933264256" lon="138.43956383876503">
        <ele>2.2</ele>
      </trkpt>
      <trkpt lat="34.95048056356609" lon="138.43980548903346">
        <ele>2.52</ele>
      </trkpt>
      <trkpt lat="34.95055499486625" lon="138.44003967940807">
        <ele>2.6</ele>
      </trkpt>
      <trkpt lat="34.950639232993126" lon="138.4402664937079">
        <ele>2.68</ele>
      </trkpt>
      <trkpt lat="34.950723722577095" lon="138.44049833714962">
        <ele>2.74</ele>
      </trkpt>
      <trkpt lat="34.95079253800213" lon="138.44073361717165">
        <ele>2.82</ele>
      </trkpt>
      <trkpt lat="34.95085590519011" lon="138.44094274565578">
        <ele>2.93</ele>
      </trkpt>
      <trkpt lat="34.95092463679612" lon="138.44115413725376">
        <ele>3.05</ele>
      </trkpt>
      <trkpt lat="34.95098842307925" lon="138.4413630142808">
        <ele>3.16</ele>
      </trkpt>
      <trkpt lat="34.95105388574302" lon="138.44157599844038">
        <ele>3.25</ele>
      </trkpt>
      <trkpt lat="34.95112018659711" lon="138.44178336672485">
        <ele>3.39</ele>
      </trkpt>
      <trkpt lat="34.95119243860245" lon="138.4420173894614">
        <ele>3.53</ele>
      </trkpt>
      <trkpt lat="34.95127231813967" lon="138.44225820153952">
        <ele>3.61</ele>
      </trkpt>
      <trkpt lat="34.9513503536582" lon="138.44249088317156">
        <ele>3.59</ele>
      </trkpt>
      <trkpt lat="34.95141983963549" lon="138.44272130168974">
        <ele>3.58</ele>
      </trkpt>
      <trkpt lat="34.95150516740978" lon="138.44294719398022">
        <ele>3.48</ele>
      </trkpt>
      <trkpt lat="34.9515678640455" lon="138.44315506517887">
        <ele>3.38</ele>
      </trkpt>
      <trkpt lat="34.951643804088235" lon="138.44338363967836">
        <ele>3.26</ele>
      </trkpt>
      <trkpt lat="34.95172519236803" lon="138.44361414201558">
        <ele>3.14</ele>
      </trkpt>
      <trkpt lat="34.951794762164354" lon="138.44381916336715">
        <ele>3.07</ele>
      </trkpt>
      <trkpt lat="34.95185921899974" lon="138.44405285082757">
        <ele>2.98</ele>
      </trkpt>
      <trkpt lat="34.95193717069924" lon="138.44429332762957">
        <ele>2.85</ele>
      </trkpt>
      <trkpt lat="34.95200213044882" lon="138.44450279138982">
        <ele>2.72</ele>
      </trkpt>
      <trkpt lat="34.95205845683813" lon="138.44474075362086">
        <ele>2.54</ele>
      </trkpt>
      <trkpt lat="34.952132469043136" lon="138.44498408026993">
        <ele>2.45</ele>
      </trkpt>
      <trkpt lat="34.95221000164747" lon="138.4452207852155">
        <ele>2.37</ele>
      </trkpt>
      <trkpt lat="34.95228133164346" lon="138.44546059146523">
        <ele>2.3</ele>
      </trkpt>
      <trkpt lat="34.952356684952974" lon="138.44569302164018">
        <ele>2.2</ele>
      </trkpt>
      <trkpt lat="34.95241351425648" lon="138.44590592198074">
        <ele>2.1</ele>
      </trkpt>
      <trkpt lat="34.952482245862484" lon="138.446115385741">
        <ele>2.02</ele>
      </trkpt>
      <trkpt lat="34.95254427194595" lon="138.4463244304061">
        <ele>1.99</ele>
      </trkpt>
      <trkpt lat="34.95260336436331" lon="138.44653364270926">
        <ele>2.0</ele>
      </trkpt>
      <trkpt lat="34.9526852555573" lon="138.4467565175146">
        <ele>2.02</ele>
      </trkpt>
      <trkpt lat="34.95276848785579" lon="138.44698215834796">
        <ele>2.04</ele>
      </trkpt>
      <trkpt lat="34.95283177122474" lon="138.4471894428134">
        <ele>2.05</ele>
      </trkpt>
      <trkpt lat="34.95290771126747" lon="138.44742036424577">
        <ele>1.98</ele>
      </trkpt>
      <trkpt lat="34.95298130437732" lon="138.4476466756314">
        <ele>1.94</ele>
      </trkpt>
      <trkpt lat="34.95305766351521" lon="138.4478673711419">
        <ele>1.94</ele>
      </trkpt>
      <trkpt lat="34.95312019251287" lon="138.4480745717883">
        <ele>1.98</ele>
      </trkpt>
      <trkpt lat="34.95320183224976" lon="138.44830809161067">
        <ele>2.0</ele>
      </trkpt>
      <trkpt lat="34.953270899131894" lon="138.44851110130548">
        <ele>2.0</ele>
      </trkpt>
      <trkpt lat="34.95335237123072" lon="138.44874101690948">
        <ele>2.0</ele>
      </trkpt>
      <trkpt lat="34.95343308895826" lon="138.44896607100964">
        <ele>1.98</ele>
      </trkpt>
      <trkpt lat="34.953514812514186" lon="138.44919439405203">
        <ele>1.97</ele>
      </trkpt>
      <trkpt lat="34.95358597487211" lon="138.44942355528474">
        <ele>1.96</ele>
      </trkpt>
      <trkpt lat="34.95366157963872" lon="138.44965741038322">
        <ele>1.96</ele>
      </trkpt>
      <trkpt lat="34.95374305173755" lon="138.44989478588104">
        <ele>1.99</ele>
      </trkpt>
      <trkpt lat="34.95381404645741" lon="138.4501198399812">
        <ele>2.04</ele>
      </trkpt>
      <trkpt lat="34.95388789102435" lon="138.4503476601094">
        <ele>2.04</ele>
      </trkpt>
      <trkpt lat="34.95394798927009" lon="138.45056399703026">
        <ele>2.07</ele>
      </trkpt>
      <trkpt lat="34.95401437394321" lon="138.45077320933342">
        <ele>2.01</ele>
      </trkpt>
      <trkpt lat="34.95408142916858" lon="138.45101226121187">
        <ele>2.09</ele>
      </trkpt>
      <trkpt lat="34.95415183715522" lon="138.45123781822622">
        <ele>2.17</ele>
      </trkpt>
      <trkpt lat="34.95422014966607" lon="138.45146521925926">
        <ele>2.25</ele>
      </trkpt>
      <trkpt lat="34.95428209193051" lon="138.4516994934529">
        <ele>2.32</ele>
      </trkpt>
      <trkpt lat="34.95434872806072" lon="138.4519275650382">
        <ele>2.43</ele>
      </trkpt>
      <trkpt lat="34.95441201142967" lon="138.4521590732038">
        <ele>2.51</ele>
      </trkpt>
      <trkpt lat="34.95449080131948" lon="138.4523797687143">
        <ele>2.63</ele>
      </trkpt>
      <trkpt lat="34.95456355623901" lon="138.45260750502348">
        <ele>2.74</ele>
      </trkpt>
      <trkpt lat="34.95463186874986" lon="138.45283708535135">
        <ele>2.78</ele>
      </trkpt>
      <trkpt lat="34.95470738969743" lon="138.45307052135468">
        <ele>2.79</ele>
      </trkpt>
      <trkpt lat="34.95477327145636" lon="138.4532947372645">
        <ele>2.79</ele>
      </trkpt>
      <trkpt lat="34.95483135804534" lon="138.45352532342076">
        <ele>2.78</ele>
      </trkpt>
      <trkpt lat="34.9548954796046" lon="138.45375490374863">
        <ele>2.85</ele>
      </trkpt>
      <trkpt lat="34.95494979433715" lon="138.45399462617934">
        <ele>2.92</ele>
      </trkpt>
      <trkpt lat="34.95500913821161" lon="138.45422194339335">
        <ele>2.99</ele>
      </trkpt>
      <trkpt lat="34.955077366903424" lon="138.45445789396763">
        <ele>3.03</ele>
      </trkpt>
      <trkpt lat="34.95513302274048" lon="138.45468915067613">
        <ele>3.1</ele>
      </trkpt>
      <trkpt lat="34.9551959708333" lon="138.45492074266076">
        <ele>3.17</ele>
      </trkpt>
      <trkpt lat="34.95527643710375" lon="138.45514319837093">
        <ele>3.28</ele>
      </trkpt>
      <trkpt lat="34.95536805130541" lon="138.4553714375943">
        <ele>3.37</ele>
      </trkpt>
      <trkpt lat="34.95545128360391" lon="138.4555997606367">
        <ele>3.42</ele>
      </trkpt>
      <trkpt lat="34.95552571490407" lon="138.45583219081163">
        <ele>3.4</ele>
      </trkpt>
      <trkpt lat="34.95559738017619" lon="138.45605607144535">
        <ele>3.34</ele>
      </trkpt>
      <trkpt lat="34.955678852275014" lon="138.45628028735518">
        <ele>3.32</ele>
      </trkpt>
      <trkpt lat="34.955757558345795" lon="138.4564983844757">
        <ele>3.32</ele>
      </trkpt>
      <trkpt lat="34.95582830160856" lon="138.45673056319356">
        <ele>3.3</ele>
      </trkpt>
      <trkpt lat="34.95591404847801" lon="138.45694195479155">
        <ele>3.24</ele>
      </trkpt>
      <trkpt lat="34.95599920861423" lon="138.45717078074813">
        <ele>3.1</ele>
      </trkpt>
      <trkpt lat="34.95608135126531" lon="138.45739332027733">
        <ele>2.99</ele>
      </trkpt>
      <trkpt lat="34.95615645311773" lon="138.4576226491481">
        <ele>2.89</ele>
      </trkpt>
      <trkpt lat="34.95622627437115" lon="138.45782498829067">
        <ele>2.79</ele>
      </trkpt>
      <trkpt lat="34.95628788135946" lon="138.4580565802753">
        <ele>2.72</ele>
      </trkpt>
      <trkpt lat="34.95634135790169" lon="138.4582669660449">
        <ele>2.64</ele>
      </trkpt>
      <trkpt lat="34.956403970718384" lon="138.45849964767694">
        <ele>2.64</ele>
      </trkpt>
      <trkpt lat="34.95646733790636" lon="138.45873258076608">
        <ele>2.63</ele>
      </trkpt>
      <trkpt lat="34.95652408339083" lon="138.45896844752133">
        <ele>2.56</ele>
      </trkpt>
      <trkpt lat="34.9566016998142" lon="138.45920020714402">
        <ele>2.53</ele>
      </trkpt>
      <trkpt lat="34.95667403563857" lon="138.4594187233597">
        <ele>2.52</ele>
      </trkpt>
      <trkpt lat="34.95674762874842" lon="138.4596457052976">
        <ele>2.5</ele>
      </trkpt>
      <trkpt lat="34.95681971311569" lon="138.45987285487354">
        <ele>2.55</ele>
      </trkpt>
      <trkpt lat="34.956897078081965" lon="138.460104027763">
        <ele>2.64</ele>
      </trkpt>
      <trkpt lat="34.95696287602186" lon="138.46033008769155">
        <ele>2.72</ele>
      </trkpt>
      <trkpt lat="34.95703713968396" lon="138.46055547706783">
        <ele>2.78</ele>
      </trkpt>
      <trkpt lat="34.95711039751768" lon="138.46077189780772">
        <ele>2.78</ele>
      </trkpt>
      <trkpt lat="34.95717912912369" lon="138.46099636517465">
        <ele>2.82</ele>
      </trkpt>
      <trkpt lat="34.957258086651564" lon="138.4612171445042">
        <ele>2.88</ele>
      </trkpt>
      <trkpt lat="34.95733302086592" lon="138.46145753748715">
        <ele>2.92</ele>
      </trkpt>
      <trkpt lat="34.957411056384444" lon="138.46168661490083">
        <ele>2.94</ele>
      </trkpt>
      <trkpt lat="34.95748791843653" lon="138.4619209729135">
        <ele>2.96</ele>
      </trkpt>
      <trkpt lat="34.9575636908412" lon="138.46215105615556">
        <ele>2.98</ele>
      </trkpt>
      <trkpt lat="34.95763661339879" lon="138.46238113939762">
        <ele>3.01</ele>
      </trkpt>
      <trkpt lat="34.95771129615605" lon="138.46261457540095">
        <ele>3.04</ele>
      </trkpt>
      <trkpt lat="34.957783464342356" lon="138.46283996477723">
        <ele>3.08</ele>
      </trkpt>
      <trkpt lat="34.95785789564252" lon="138.4630597382784">
        <ele>3.13</ele>
      </trkpt>
      <trkpt lat="34.95793174020946" lon="138.46328579820693">
        <ele>3.14</ele>
      </trkpt>
      <trkpt lat="34.95800944045186" lon="138.46350280568004">
        <ele>3.15</ele>
      </trkpt>
      <trkpt lat="34.95808311738074" lon="138.46373733133078">
        <ele>3.18</ele>
      </trkpt>
      <trkpt lat="34.958160649985075" lon="138.46396498382092">
        <ele>3.26</ele>
      </trkpt>
      <trkpt lat="34.9582320638001" lon="138.4641840029508">
        <ele>3.32</ele>
      </trkpt>
      <trkpt lat="34.95830892585218" lon="138.46440930850804">
        <ele>3.38</ele>
      </trkpt>
      <trkpt lat="34.95838285423815" lon="138.46462321467698">
        <ele>3.38</ele>
      </trkpt>
      <trkpt lat="34.958456447348" lon="138.46484055742621">
        <ele>3.37</ele>
      </trkpt>
      <trkpt lat="34.95853699743748" lon="138.4650641027838">
        <ele>3.33</ele>
      </trkpt>
      <trkpt lat="34.95861126109958" lon="138.46529494039714">
        <ele>3.27</ele>
      </trkpt>
      <trkpt lat="34.95868778787553" lon="138.46550767309964">
        <ele>3.24</ele>
      </trkpt>
      <trkpt lat="34.95877118781209" lon="138.46572308801115">
        <ele>3.13</ele>
      </trkpt>
      <trkpt lat="34.958850061520934" lon="138.46592023037374">
        <ele>3.0</ele>
      </trkpt>
      <trkpt lat="34.95892616920173" lon="138.4661410935223">
        <ele>2.85</ele>
      </trkpt>
      <trkpt lat="34.95901199989021" lon="138.46636606380343">
        <ele>2.76</ele>
      </trkpt>
      <trkpt lat="34.959090957418084" lon="138.46658818423748">
        <ele>2.66</ele>
      </trkpt>
      <trkpt lat="34.95916371233761" lon="138.46679287031293">
        <ele>2.53</ele>
      </trkpt>
      <trkpt lat="34.95924208313227" lon="138.4670142363757">
        <ele>2.39</ele>
      </trkpt>
      <trkpt lat="34.959331937134266" lon="138.46724113449454">
        <ele>2.26</ele>
      </trkpt>
      <trkpt lat="34.959416007623076" lon="138.467459063977">
        <ele>2.2</ele>
      </trkpt>
      <trkpt lat="34.95951407589018" lon="138.46766777336597">
        <ele>2.19</ele>
      </trkpt>
      <trkpt lat="34.95959898456931" lon="138.46788628958166">
        <ele>2.17</ele>
      </trkpt>
      <trkpt lat="34.95966863818467" lon="138.4680935740471">
        <ele>2.12</ele>
      </trkpt>
      <trkpt lat="34.959746757522225" lon="138.46830890513957">
        <ele>2.06</ele>
      </trkpt>
      <trkpt lat="34.9598275590688" lon="138.4685354679823">
        <ele>1.97</ele>
      </trkpt>
      <trkpt lat="34.95990542694926" lon="138.46875582821667">
        <ele>1.78</ele>
      </trkpt>
      <trkpt lat="34.959982205182314" lon="138.46897669136524">
        <ele>1.57</ele>
      </trkpt>
      <trkpt lat="34.96005420573056" lon="138.46920107491314">
        <ele>1.39</ele>
      </trkpt>
      <trkpt lat="34.96012427844107" lon="138.4694272186607">
        <ele>1.29</ele>
      </trkpt>
      <trkpt lat="34.960193764418364" lon="138.46965839155018">
        <ele>1.26</ele>
      </trkpt>
      <trkpt lat="34.96026350185275" lon="138.46988822333515">
        <ele>1.22</ele>
      </trkpt>
      <trkpt lat="34.960344387218356" lon="138.4700974356383">
        <ele>1.19</ele>
      </trkpt>
      <trkpt lat="34.960410352796316" lon="138.47030840814114">
        <ele>1.16</ele>
      </trkpt>
      <trkpt lat="34.96049953624606" lon="138.470508903265">
        <ele>1.17</ele>
      </trkpt>
      <trkpt lat="34.96054882183671" lon="138.47073161043227">
        <ele>1.22</ele>
      </trkpt>
      <trkpt lat="34.96062844991684" lon="138.47093218937516">
        <ele>1.28</ele>
      </trkpt>
      <trkpt lat="34.96070137247443" lon="138.47113561816514">
        <ele>1.35</ele>
      </trkpt>
      <trkpt lat="34.96078820899129" lon="138.47135606221855">
        <ele>1.37</ele>
      </trkpt>
      <trkpt lat="34.960867669433355" lon="138.47159528173506">
        <ele>1.36</ele>
      </trkpt>
      <trkpt lat="34.960939921438694" lon="138.4717977885157">
        <ele>1.4</ele>
      </trkpt>
      <trkpt lat="34.96103094890714" lon="138.47202183678746">
        <ele>1.52</ele>
      </trkpt>
      <trkpt lat="34.961123149842024" lon="138.47223373129964">
        <ele>1.75</ele>
      </trkpt>
      <trkpt lat="34.96121434494853" lon="138.47245266661048">
        <ele>1.9</ele>
      </trkpt>
      <trkpt lat="34.96130880899727" lon="138.4726702608168">
        <ele>2.08</ele>
      </trkpt>
      <trkpt lat="34.961413498967886" lon="138.47288131713867">
        <ele>2.27</ele>
      </trkpt>
      <trkpt lat="34.96152472682297" lon="138.47308021970093">
        <ele>2.5</ele>
      </trkpt>
      <trkpt lat="34.96164869517088" lon="138.47327183000743">
        <ele>2.79</ele>
      </trkpt>
      <trkpt lat="34.96175137348473" lon="138.47345715388656">
        <ele>3.08</ele>
      </trkpt>
      <trkpt lat="34.96184374205768" lon="138.47367156296968">
        <ele>3.35</ele>
      </trkpt>
      <trkpt lat="34.961944073438644" lon="138.47388228401542">
        <ele>3.61</ele>
      </trkpt>
      <trkpt lat="34.9620449077338" lon="138.4740862995386">
        <ele>3.82</ele>
      </trkpt>
      <trkpt lat="34.96212269179523" lon="138.47430649213493">
        <ele>4.02</ele>
      </trkpt>
      <trkpt lat="34.96221438981593" lon="138.47452567890286">
        <ele>4.22</ele>
      </trkpt>
      <trkpt lat="34.96231673285365" lon="138.47473950125277">
        <ele>4.4</ele>
      </trkpt>
      <trkpt lat="34.96240315027535" lon="138.47494561225176">
        <ele>4.57</ele>
      </trkpt>
      <trkpt lat="34.96248420327902" lon="138.4751534834504">
        <ele>4.68</ele>
      </trkpt>
      <trkpt lat="34.962568022310734" lon="138.47536076791584">
        <ele>4.75</ele>
      </trkpt>
      <trkpt lat="34.9626527633518" lon="138.47556034103036">
        <ele>4.81</ele>
      </trkpt>
      <trkpt lat="34.96273842640221" lon="138.4757769294083">
        <ele>4.78</ele>
      </trkpt>
      <trkpt lat="34.9628253467381" lon="138.47599846310914">
        <ele>4.83</ele>
      </trkpt>
      <trkpt lat="34.9629186373204" lon="138.47618898376822">
        <ele>4.89</ele>
      </trkpt>
      <trkpt lat="34.963029781356454" lon="138.47639593295753">
        <ele>4.96</ele>
      </trkpt>
      <trkpt lat="34.9631292745471" lon="138.47660472616553">
        <ele>4.93</ele>
      </trkpt>
      <trkpt lat="34.963210076093674" lon="138.4768044669181">
        <ele>4.92</ele>
      </trkpt>
      <trkpt lat="34.96329247020185" lon="138.47701602615416">
        <ele>4.96</ele>
      </trkpt>
      <trkpt lat="34.9633969925344" lon="138.4772262442857">
        <ele>5.07</ele>
      </trkpt>
      <trkpt lat="34.96349145658314" lon="138.4774440061301">
        <ele>5.1</ele>
      </trkpt>
      <trkpt lat="34.96359145268798" lon="138.47763251513243">
        <ele>5.05</ele>
      </trkpt>
      <trkpt lat="34.96368885040283" lon="138.4778457507491">
        <ele>4.98</ele>
      </trkpt>
      <trkpt lat="34.96378054842353" lon="138.47803685814142">
        <ele>4.91</ele>
      </trkpt>
      <trkpt lat="34.96387786231935" lon="138.47824917174876">
        <ele>4.87</ele>
      </trkpt>
      <trkpt lat="34.96397249400616" lon="138.4784726332873">
        <ele>4.87</ele>
      </trkpt>
      <trkpt lat="34.96407131664455" lon="138.47869165241718">
        <ele>4.9</ele>
      </trkpt>
      <trkpt lat="34.964167792350054" lon="138.4789012838155">
        <ele>4.92</ele>
      </trkpt>
      <trkpt lat="34.96426619589329" lon="138.47910773009062">
        <ele>4.89</ele>
      </trkpt>
      <trkpt lat="34.964362839236856" lon="138.47932549193501">
        <ele>4.8</ele>
      </trkpt>
      <trkpt lat="34.96446384117007" lon="138.47953244112432">
        <ele>4.72</ele>
      </trkpt>
      <trkpt lat="34.96456928551197" lon="138.47974324598908">
        <ele>4.7</ele>
      </trkpt>
      <trkpt lat="34.96466752141714" lon="138.47995639778674">
        <ele>4.75</ele>
      </trkpt>
      <trkpt lat="34.96477263048291" lon="138.48016728647053">
        <ele>4.79</ele>
      </trkpt>
      <trkpt lat="34.9648751411587" lon="138.480382617563">
        <ele>4.86</ele>
      </trkpt>
      <trkpt lat="34.96498016640544" lon="138.48059317097068">
        <ele>4.93</ele>
      </trkpt>
      <trkpt lat="34.96507161296904" lon="138.48080825060606">
        <ele>5.02</ele>
      </trkpt>
      <trkpt lat="34.96517026796937" lon="138.48101679235697">
        <ele>5.13</ele>
      </trkpt>
      <trkpt lat="34.96527328155935" lon="138.4812161140144">
        <ele>5.25</ele>
      </trkpt>
      <trkpt lat="34.965377217158675" lon="138.48142859525979">
        <ele>5.26</ele>
      </trkpt>
      <trkpt lat="34.965466652065516" lon="138.4816392324865">
        <ele>5.18</ele>
      </trkpt>
      <trkpt lat="34.9655659776181" lon="138.48184341564775">
        <ele>5.33</ele>
      </trkpt>
      <trkpt lat="34.96566974557936" lon="138.48205589689314">
        <ele>5.56</ele>
      </trkpt>
      <trkpt lat="34.965772926807404" lon="138.4822729881853">
        <ele>5.71</ele>
      </trkpt>
      <trkpt lat="34.965874683111906" lon="138.48248203285038">
        <ele>5.82</ele>
      </trkpt>
      <trkpt lat="34.965975768864155" lon="138.48269895650446">
        <ele>5.87</ele>
      </trkpt>
      <trkpt lat="34.96607920154929" lon="138.48290087655187">
        <ele>5.92</ele>
      </trkpt>
      <trkpt lat="34.966184478253126" lon="138.48311377689242">
        <ele>5.95</ele>
      </trkpt>
      <trkpt lat="34.966284558176994" lon="138.4833235759288">
        <ele>5.97</ele>
      </trkpt>
      <trkpt lat="34.966383296996355" lon="138.48354091867805">
        <ele>5.97</ele>
      </trkpt>
      <trkpt lat="34.96648413129151" lon="138.48374795168638">
        <ele>6.03</ele>
      </trkpt>
      <trkpt lat="34.96658328920603" lon="138.4839652106166">
        <ele>6.07</ele>
      </trkpt>
      <trkpt lat="34.96668303385377" lon="138.4841737523675">
        <ele>6.06</ele>
      </trkpt>
      <trkpt lat="34.966782527044415" lon="138.48438388668">
        <ele>6.03</ele>
      </trkpt>
      <trkpt lat="34.96688009239733" lon="138.48458798602223">
        <ele>6.04</ele>
      </trkpt>
      <trkpt lat="34.966981848701835" lon="138.48479451611638">
        <ele>6.03</ele>
      </trkpt>
      <trkpt lat="34.9670787435025" lon="138.48499576561153">
        <ele>5.92</ele>
      </trkpt>
      <trkpt lat="34.967178739607334" lon="138.48521310836077">
        <ele>5.83</ele>
      </trkpt>
      <trkpt lat="34.967275466769934" lon="138.48541201092303">
        <ele>5.72</ele>
      </trkpt>
      <trkpt lat="34.967380072921515" lon="138.4856196306646">
        <ele>5.6</ele>
      </trkpt>
      <trkpt lat="34.96747612953186" lon="138.48582389764488">
        <ele>5.45</ele>
      </trkpt>
      <trkpt lat="34.967571096494794" lon="138.48602171055973">
        <ele>5.25</ele>
      </trkpt>
      <trkpt lat="34.96766799129546" lon="138.48620887845755">
        <ele>5.09</ele>
      </trkpt>
      <trkpt lat="34.967775363475084" lon="138.48642429336905">
        <ele>4.94</ele>
      </trkpt>
      <trkpt lat="34.96786831878126" lon="138.48663568496704">
        <ele>4.78</ele>
      </trkpt>
      <trkpt lat="34.96798583306372" lon="138.48681841045618">
        <ele>4.68</ele>
      </trkpt>
      <trkpt lat="34.968065125867724" lon="138.48702468909323">
        <ele>4.53</ele>
      </trkpt>
      <trkpt lat="34.968159506097436" lon="138.48721956834197">
        <ele>4.41</ele>
      </trkpt>
      <trkpt lat="34.96825807727873" lon="138.48742190748453">
        <ele>4.39</ele>
      </trkpt>
      <trkpt lat="34.96834055520594" lon="138.48763631656766">
        <ele>4.39</ele>
      </trkpt>
      <trkpt lat="34.968446418643" lon="138.48784745670855">
        <ele>4.39</ele>
      </trkpt>
      <trkpt lat="34.96854859404266" lon="138.48805088549852">
        <ele>4.38</ele>
      </trkpt>
      <trkpt lat="34.96863719075918" lon="138.48824232816696">
        <ele>4.31</ele>
      </trkpt>
      <trkpt lat="34.96873836033046" lon="138.4884578268975">
        <ele>4.22</ele>
      </trkpt>
      <trkpt lat="34.968842547386885" lon="138.4886647760868">
        <ele>4.21</ele>
      </trkpt>
      <trkpt lat="34.96893701143563" lon="138.48887390457094">
        <ele>4.25</ele>
      </trkpt>
      <trkpt lat="34.96903734281659" lon="138.48908370360732">
        <ele>4.28</ele>
      </trkpt>
      <trkpt lat="34.96914287097752" lon="138.4892932511866">
        <ele>4.39</ele>
      </trkpt>
      <trkpt lat="34.96923658065498" lon="138.48948108963668">
        <ele>4.52</ele>
      </trkpt>
      <trkpt lat="34.969344371929765" lon="138.4897017851472">
        <ele>4.62</ele>
      </trkpt>
      <trkpt lat="34.96944956481457" lon="138.48990621976554">
        <ele>4.79</ele>
      </trkpt>
      <trkpt lat="34.96955635026097" lon="138.49011551588774">
        <ele>4.95</ele>
      </trkpt>
      <trkpt lat="34.96965148486197" lon="138.49033461883664">
        <ele>5.06</ele>
      </trkpt>
      <trkpt lat="34.9697570130229" lon="138.4905433282256">
        <ele>5.19</ele>
      </trkpt>
      <trkpt lat="34.96985659003258" lon="138.49074407480657">
        <ele>5.35</ele>
      </trkpt>
      <trkpt lat="34.969963040202856" lon="138.490943396464">
        <ele>5.48</ele>
      </trkpt>
      <trkpt lat="34.970051469281316" lon="138.49114766344428">
        <ele>5.62</ele>
      </trkpt>
      <trkpt lat="34.97014610096812" lon="138.49134346470237">
        <ele>5.71</ele>
      </trkpt>
      <trkpt lat="34.97024760581553" lon="138.4915399365127">
        <ele>5.77</ele>
      </trkpt>
      <trkpt lat="34.970346093177795" lon="138.4917281102389">
        <ele>5.81</ele>
      </trkpt>
      <trkpt lat="34.97044734656811" lon="138.49192994646728">
        <ele>5.84</ele>
      </trkpt>
      <trkpt lat="34.970546420663595" lon="138.49213278852403">
        <ele>5.92</ele>
      </trkpt>
      <trkpt lat="34.97064356692135" lon="138.4923462755978">
        <ele>5.98</ele>
      </trkpt>
      <trkpt lat="34.970745742321014" lon="138.4925574157387">
        <ele>6.05</ele>
      </trkpt>
      <trkpt lat="34.97085504233837" lon="138.4927648678422">
        <ele>6.11</ele>
      </trkpt>
      <trkpt lat="34.97095160186291" lon="138.49295865744352">
        <ele>6.07</ele>
      </trkpt>
      <trkpt lat="34.97105872258544" lon="138.49316250532866">
        <ele>6.03</ele>
      </trkpt>
      <trkpt lat="34.97116240672767" lon="138.49336517974734">
        <ele>6.02</ele>
      </trkpt>
      <trkpt lat="34.97126868925989" lon="138.493575733155">
        <ele>6.03</ele>
      </trkpt>
      <trkpt lat="34.971368769183755" lon="138.4937887173146">
        <ele>6.08</ele>
      </trkpt>
      <trkpt lat="34.971477314829826" lon="138.49400346167386">
        <ele>6.13</ele>
      </trkpt>
      <trkpt lat="34.97158451937139" lon="138.49420001730323">
        <ele>6.19</ele>
      </trkpt>
      <trkpt lat="34.971691723912954" lon="138.4944126661867">
        <ele>6.25</ele>
      </trkpt>
      <trkpt lat="34.9717946536839" lon="138.49462615326047">
        <ele>6.21</ele>
      </trkpt>
      <trkpt lat="34.97190755791962" lon="138.49483570083976">
        <ele>6.18</ele>
      </trkpt>
      <trkpt lat="34.97200579382479" lon="138.49504172801971">
        <ele>6.17</ele>
      </trkpt>
      <trkpt lat="34.9721088912338" lon="138.4952430613339">
        <ele>6.19</ele>
      </trkpt>
      <trkpt lat="34.97220100834966" lon="138.4954417962581">
        <ele>6.15</ele>
      </trkpt>
      <trkpt lat="34.97230896726251" lon="138.4956466499716">
        <ele>6.13</ele>
      </trkpt>
      <trkpt lat="34.972413908690214" lon="138.49586449563503">
        <ele>6.08</ele>
      </trkpt>
      <trkpt lat="34.972521029412746" lon="138.49606851115823">
        <ele>5.97</ele>
      </trkpt>
      <trkpt lat="34.972620187327266" lon="138.49626867100596">
        <ele>5.9</ele>
      </trkpt>
      <trkpt lat="34.97272839769721" lon="138.49647880531847">
        <ele>5.84</ele>
      </trkpt>
      <trkpt lat="34.972832668572664" lon="138.49668550305068">
        <ele>5.82</ele>
      </trkpt>
      <trkpt lat="34.97294205240905" lon="138.49690007977188">
        <ele>5.9</ele>
      </trkpt>
      <trkpt lat="34.97305378317833" lon="138.49710795097053">
        <ele>5.94</ele>
      </trkpt>
      <trkpt lat="34.97316509485245" lon="138.49730333313346">
        <ele>5.98</ele>
      </trkpt>
      <trkpt lat="34.973269533365965" lon="138.49750357680023">
        <ele>6.0</ele>
      </trkpt>
      <trkpt lat="34.97337036766112" lon="138.4977080952376">
        <ele>6.11</ele>
      </trkpt>
      <trkpt lat="34.9734509177506" lon="138.4979250188917">
        <ele>6.2</ele>
      </trkpt>
      <trkpt lat="34.973516715690494" lon="138.4981351532042">
        <ele>6.3</ele>
      </trkpt>
      <trkpt lat="34.97359910979867" lon="138.49834595806897">
        <ele>6.35</ele>
      </trkpt>
      <trkpt lat="34.973689718171954" lon="138.49855123087764">
        <ele>6.44</ele>
      </trkpt>
      <trkpt lat="34.97377244755626" lon="138.49875189363956">
        <ele>6.52</ele>
      </trkpt>
      <trkpt lat="34.973864145576954" lon="138.49896638654172">
        <ele>6.58</ele>
      </trkpt>
      <trkpt lat="34.97396221384406" lon="138.49916042760015">
        <ele>6.68</ele>
      </trkpt>
      <trkpt lat="34.97405441477895" lon="138.4993630181998">
        <ele>6.77</ele>
      </trkpt>
      <trkpt lat="34.97414921410382" lon="138.49956233985722">
        <ele>6.84</ele>
      </trkpt>
      <trkpt lat="34.97425147332251" lon="138.4997657686472">
        <ele>6.89</ele>
      </trkpt>
      <trkpt lat="34.97435255907476" lon="138.4999853745103">
        <ele>6.94</ele>
      </trkpt>
      <trkpt lat="34.97444576583803" lon="138.5001815110445">
        <ele>7.05</ele>
      </trkpt>
      <trkpt lat="34.97454576194286" lon="138.5003781504929">
        <ele>7.23</ele>
      </trkpt>
      <trkpt lat="34.97464022599161" lon="138.50056766532362">
        <ele>7.45</ele>
      </trkpt>
      <trkpt lat="34.974735360592604" lon="138.50076195783913">
        <ele>7.63</ele>
      </trkpt>
      <trkpt lat="34.97483912855387" lon="138.5009511373937">
        <ele>7.73</ele>
      </trkpt>
      <trkpt lat="34.97494725510478" lon="138.50114065222442">
        <ele>7.78</ele>
      </trkpt>
      <trkpt lat="34.975057980045676" lon="138.50133226253092">
        <ele>7.84</ele>
      </trkpt>
      <trkpt lat="34.97517289593816" lon="138.501517502591">
        <ele>7.95</ele>
      </trkpt>
      <trkpt lat="34.97528965584934" lon="138.50170156918466">
        <ele>8.08</ele>
      </trkpt>
      <trkpt lat="34.975407840684056" lon="138.50187817588449">
        <ele>8.22</ele>
      </trkpt>
      <trkpt lat="34.97552686370909" lon="138.50204983726144">
        <ele>8.32</ele>
      </trkpt>
      <trkpt lat="34.97564538381994" lon="138.50223650224507">
        <ele>8.45</ele>
      </trkpt>
      <trkpt lat="34.97577438130975" lon="138.50241822190583">
        <ele>8.61</ele>
      </trkpt>
      <trkpt lat="34.975895415991545" lon="138.50260321050882">
        <ele>8.72</ele>
      </trkpt>
      <trkpt lat="34.976018546149135" lon="138.50277587771416">
        <ele>8.77</ele>
      </trkpt>
      <trkpt lat="34.97613061219454" lon="138.5029581002891">
        <ele>8.81</ele>
      </trkpt>
      <trkpt lat="34.97624552808702" lon="138.5031378082931">
        <ele>8.85</ele>
      </trkpt>
      <trkpt lat="34.97636438347399" lon="138.50332246161997">
        <ele>8.91</ele>
      </trkpt>
      <trkpt lat="34.97648499906063" lon="138.50350317545235">
        <ele>9.05</ele>
      </trkpt>
      <trkpt lat="34.97660628519952" lon="138.50368556566536">
        <ele>9.16</ele>
      </trkpt>
      <trkpt lat="34.97672681696713" lon="138.5038646031171">
        <ele>9.24</ele>
      </trkpt>
      <trkpt lat="34.97684550471604" lon="138.50404766388237">
        <ele>9.28</ele>
      </trkpt>
      <trkpt lat="34.97696880251169" lon="138.50423583760858">
        <ele>9.32</ele>
      </trkpt>
      <trkpt lat="34.97709134593606" lon="138.50441277958453">
        <ele>9.38</ele>
      </trkpt>
      <trkpt lat="34.97721003368497" lon="138.5045839380473">
        <ele>9.4</ele>
      </trkpt>
      <trkpt lat="34.97734112665057" lon="138.5047491453588">
        <ele>9.41</ele>
      </trkpt>
      <trkpt lat="34.97748663648963" lon="138.50489733740687">
        <ele>9.39</ele>
      </trkpt>
      <trkpt lat="34.977647652849555" lon="138.50501937791705">
        <ele>9.37</ele>
      </trkpt>
      <trkpt lat="34.97781939804554" lon="138.50513806566596">
        <ele>9.36</ele>
      </trkpt>
      <trkpt lat="34.97799634002149" lon="138.50521777756512">
        <ele>9.35</ele>
      </trkpt>
      <trkpt lat="34.97818476520479" lon="138.50528759881854">
        <ele>9.35</ele>
      </trkpt>
      <trkpt lat="34.978383500128984" lon="138.50532171316445">
        <ele>9.33</ele>
      </trkpt>
      <trkpt lat="34.97857527807355" lon="138.50534233264625">
        <ele>9.31</ele>
      </trkpt>
      <trkpt lat="34.97876445762813" lon="138.50533596239984">
        <ele>9.27</ele>
      </trkpt>
      <trkpt lat="34.97896704822779" lon="138.5053260717541">
        <ele>9.3</ele>
      </trkpt>
      <trkpt lat="34.979166369885206" lon="138.505323138088">
        <ele>9.31</ele>
      </trkpt>
      <trkpt lat="34.979350101202726" lon="138.50531861186028">
        <ele>9.3</ele>
      </trkpt>
      <trkpt lat="34.97953299432993" lon="138.5053168516606">
        <ele>9.33</ele>
      </trkpt>
      <trkpt lat="34.97971328906715" lon="138.50532406009734">
        <ele>9.29</ele>
      </trkpt>
      <trkpt lat="34.97951338067651" lon="138.50525859743357">
        <ele>9.29</ele>
      </trkpt>
      <trkpt lat="34.97932403348386" lon="138.50525616668165">
        <ele>9.24</ele>
      </trkpt>
      <trkpt lat="34.97913074679673" lon="138.50526303984225">
        <ele>9.21</ele>
      </trkpt>
      <trkpt lat="34.97893787920475" lon="138.50526647642255">
        <ele>9.18</ele>
      </trkpt>
      <trkpt lat="34.97874668799341" lon="138.50526681169868">
        <ele>9.12</ele>
      </trkpt>
      <trkpt lat="34.97855541296303" lon="138.50526153109968">
        <ele>9.14</ele>
      </trkpt>
      <trkpt lat="34.978365898132324" lon="138.5052311886102">
        <ele>9.15</ele>
      </trkpt>
      <trkpt lat="34.97818292118609" lon="138.50517142564058">
        <ele>9.13</ele>
      </trkpt>
      <trkpt lat="34.9780045542866" lon="138.50510445423424">
        <ele>9.07</ele>
      </trkpt>
      <trkpt lat="34.97782040387392" lon="138.50501786917448">
        <ele>9.05</ele>
      </trkpt>
      <trkpt lat="34.9776453897357" lon="138.5048981755972">
        <ele>9.03</ele>
      </trkpt>
      <trkpt lat="34.977486468851566" lon="138.50476356223226">
        <ele>9.04</ele>
      </trkpt>
      <trkpt lat="34.97733769007027" lon="138.50460254587233">
        <ele>9.05</ele>
      </trkpt>
      <trkpt lat="34.977202489972115" lon="138.50443004630506">
        <ele>9.01</ele>
      </trkpt>
      <trkpt lat="34.977084724232554" lon="138.50425612181425">
        <ele>8.97</ele>
      </trkpt>
      <trkpt lat="34.97695757076144" lon="138.5040725581348">
        <ele>8.91</ele>
      </trkpt>
      <trkpt lat="34.976837038993835" lon="138.50388857536018">
        <ele>8.85</ele>
      </trkpt>
      <trkpt lat="34.97671809978783" lon="138.50371490232646">
        <ele>8.77</ele>
      </trkpt>
      <trkpt lat="34.97659874148667" lon="138.50353335030377">
        <ele>8.65</ele>
      </trkpt>
      <trkpt lat="34.976476449519396" lon="138.50335230119526">
        <ele>8.51</ele>
      </trkpt>
      <trkpt lat="34.976361617445946" lon="138.50317921489477">
        <ele>8.44</ele>
      </trkpt>
      <trkpt lat="34.976243348792195" lon="138.50299925543368">
        <ele>8.38</ele>
      </trkpt>
      <trkpt lat="34.97611963190138" lon="138.50280965678394">
        <ele>8.34</ele>
      </trkpt>
      <trkpt lat="34.97601259499788" lon="138.5026319604367">
        <ele>8.31</ele>
      </trkpt>
      <trkpt lat="34.97589868493378" lon="138.50245024077594">
        <ele>8.26</ele>
      </trkpt>
      <trkpt lat="34.97577538713813" lon="138.50226927548647">
        <ele>8.12</ele>
      </trkpt>
      <trkpt lat="34.97566566802561" lon="138.50208286195993">
        <ele>8.04</ele>
      </trkpt>
      <trkpt lat="34.97555267997086" lon="138.50191061384976">
        <ele>8.0</ele>
      </trkpt>
      <trkpt lat="34.975443463772535" lon="138.50173375569284">
        <ele>7.96</ele>
      </trkpt>
      <trkpt lat="34.97531522065401" lon="138.50154675543308">
        <ele>7.93</ele>
      </trkpt>
      <trkpt lat="34.97519955039024" lon="138.50136755034328">
        <ele>7.91</ele>
      </trkpt>
      <trkpt lat="34.97507533058524" lon="138.50117225199938">
        <ele>7.98</ele>
      </trkpt>
      <trkpt lat="34.974968545138836" lon="138.5009603574872">
        <ele>8.08</ele>
      </trkpt>
      <trkpt lat="34.97486360371113" lon="138.5007724352181">
        <ele>8.14</ele>
      </trkpt>
      <trkpt lat="34.97477467171848" lon="138.50057059898973">
        <ele>8.15</ele>
      </trkpt>
      <trkpt lat="34.97467517852783" lon="138.500375719741">
        <ele>8.17</ele>
      </trkpt>
      <trkpt lat="34.97457945719361" lon="138.50017555989325">
        <ele>8.21</ele>
      </trkpt>
      <trkpt lat="34.97448122128844" lon="138.49997095763683">
        <ele>8.29</ele>
      </trkpt>
      <trkpt lat="34.97438097372651" lon="138.4997763298452">
        <ele>8.49</ele>
      </trkpt>
      <trkpt lat="34.97429036535323" lon="138.499585557729">
        <ele>8.7</ele>
      </trkpt>
      <trkpt lat="34.9742020200938" lon="138.49939134903252">
        <ele>8.92</ele>
      </trkpt>
      <trkpt lat="34.974109483882785" lon="138.4991959668696">
        <ele>9.13</ele>
      </trkpt>
      <trkpt lat="34.974026419222355" lon="138.49899287335575">
        <ele>9.38</ele>
      </trkpt>
      <trkpt lat="34.97392499819398" lon="138.4987913724035">
        <ele>9.61</ele>
      </trkpt>
      <trkpt lat="34.97382743284106" lon="138.49857981316745">
        <ele>9.85</ele>
      </trkpt>
      <trkpt lat="34.97372852638364" lon="138.49836708046496">
        <ele>10.16</ele>
      </trkpt>
      <trkpt lat="34.973677564412355" lon="138.49813481792808">
        <ele>10.37</ele>
      </trkpt>
      <trkpt lat="34.97382584027946" lon="138.49796776659787">
        <ele>10.63</ele>
      </trkpt>
      <trkpt lat="34.97399037703872" lon="138.4978163894266">
        <ele>10.83</ele>
      </trkpt>
      <trkpt lat="34.974156841635704" lon="138.49766375496984">
        <ele>11.0</ele>
      </trkpt>
      <trkpt lat="34.974308805540204" lon="138.49751078523695">
        <ele>11.21</ele>
      </trkpt>
      <trkpt lat="34.97446169145405" lon="138.4973904211074">
        <ele>11.39</ele>
      </trkpt>
      <trkpt lat="34.97463025152683" lon="138.497262513265">
        <ele>11.6</ele>
      </trkpt>
      <trkpt lat="34.97479529120028" lon="138.49714977666736">
        <ele>11.68</ele>
      </trkpt>
      <trkpt lat="34.97498229146004" lon="138.4970526304096">
        <ele>11.67</ele>
      </trkpt>
      <trkpt lat="34.97514414601028" lon="138.49690854549408">
        <ele>11.58</ele>
      </trkpt>
      <trkpt lat="34.975292924791574" lon="138.4967819787562">
        <ele>11.45</ele>
      </trkpt>
      <trkpt lat="34.975449331104755" lon="138.49667108617723">
        <ele>11.29</ele>
      </trkpt>
      <trkpt lat="34.975610012188554" lon="138.49654594436288">
        <ele>11.14</ele>
      </trkpt>
      <trkpt lat="34.97576516121626" lon="138.49642298184335">
        <ele>10.98</ele>
      </trkpt>
      <trkpt lat="34.9759270157665" lon="138.496297840029">
        <ele>10.84</ele>
      </trkpt>
      <trkpt lat="34.97608669102192" lon="138.49618409760296">
        <ele>10.7</ele>
      </trkpt>
      <trkpt lat="34.97624251060188" lon="138.49607035517693">
        <ele>10.56</ele>
      </trkpt>
      <trkpt lat="34.976398162543774" lon="138.49593716673553">
        <ele>10.46</ele>
      </trkpt>
      <trkpt lat="34.97658063657582" lon="138.49582375958562">
        <ele>10.37</ele>
      </trkpt>
      <trkpt lat="34.97674106620252" lon="138.49569409154356">
        <ele>10.29</ele>
      </trkpt>
      <trkpt lat="34.976899065077305" lon="138.49558286368847">
        <ele>10.23</ele>
      </trkpt>
      <trkpt lat="34.97706284746528" lon="138.49547507241368">
        <ele>10.13</ele>
      </trkpt>
      <trkpt lat="34.977238615974784" lon="138.49535311572254">
        <ele>10.0</ele>
      </trkpt>
      <trkpt lat="34.97738362289965" lon="138.49521288648248">
        <ele>9.89</ele>
      </trkpt>
      <trkpt lat="34.97755452990532" lon="138.49508891813457">
        <ele>9.77</ele>
      </trkpt>
      <trkpt lat="34.97772753238678" lon="138.4949549753219">
        <ele>9.7</ele>
      </trkpt>
      <trkpt lat="34.977886117994785" lon="138.49483519792557">
        <ele>9.61</ele>
      </trkpt>
      <trkpt lat="34.97803539969027" lon="138.494701590389">
        <ele>9.48</ele>
      </trkpt>
      <trkpt lat="34.97821971774101" lon="138.49458994343877">
        <ele>9.34</ele>
      </trkpt>
      <trkpt lat="34.978401102125645" lon="138.4944642148912">
        <ele>9.29</ele>
      </trkpt>
      <trkpt lat="34.97856002300978" lon="138.49434435367584">
        <ele>9.28</ele>
      </trkpt>
      <trkpt lat="34.97871793806553" lon="138.49422650411725">
        <ele>9.28</ele>
      </trkpt>
      <trkpt lat="34.97887870296836" lon="138.49409943446517">
        <ele>9.25</ele>
      </trkpt>
      <trkpt lat="34.9790424015373" lon="138.49398418329656">
        <ele>9.26</ele>
      </trkpt>
      <trkpt lat="34.97919880785048" lon="138.49386147223413">
        <ele>9.31</ele>
      </trkpt>
      <trkpt lat="34.979356890544295" lon="138.4937504120171">
        <ele>9.4</ele>
      </trkpt>
      <trkpt lat="34.97952310368419" lon="138.49361345171928">
        <ele>9.48</ele>
      </trkpt>
      <trkpt lat="34.97968981973827" lon="138.49347640760243">
        <ele>9.54</ele>
      </trkpt>
      <trkpt lat="34.97984538786113" lon="138.49335218779743">
        <ele>9.67</ele>
      </trkpt>
      <trkpt lat="34.98001235537231" lon="138.49321849644184">
        <ele>9.83</ele>
      </trkpt>
      <trkpt lat="34.98017035424709" lon="138.49310785531998">
        <ele>9.99</ele>
      </trkpt>
      <trkpt lat="34.980337070301175" lon="138.49300542846322">
        <ele>10.15</ele>
      </trkpt>
      <trkpt lat="34.98049749992788" lon="138.49288992583752">
        <ele>10.35</ele>
      </trkpt>
      <trkpt lat="34.9806500505656" lon="138.4927662089467">
        <ele>10.57</ele>
      </trkpt>
      <trkpt lat="34.98080670833588" lon="138.49264894612134">
        <ele>10.82</ele>
      </trkpt>
      <trkpt lat="34.980965964496136" lon="138.4925425797701">
        <ele>11.04</ele>
      </trkpt>
      <trkpt lat="34.98113770969212" lon="138.49240737967193">
        <ele>11.3</ele>
      </trkpt>
      <trkpt lat="34.981315825134516" lon="138.49228693172336">
        <ele>11.46</ele>
      </trkpt>
      <trkpt lat="34.98149938881397" lon="138.49219917319715">
        <ele>11.69</ele>
      </trkpt>
      <trkpt lat="34.981683287769556" lon="138.4920925553888">
        <ele>11.99</ele>
      </trkpt>
      <trkpt lat="34.9818520154804" lon="138.49195576272905">
        <ele>12.3</ele>
      </trkpt>
      <trkpt lat="34.982001800090075" lon="138.49183321930468">
        <ele>12.65</ele>
      </trkpt>
      <trkpt lat="34.982154266908765" lon="138.49170807749033">
        <ele>13.0</ele>
      </trkpt>
      <trkpt lat="34.98232123441994" lon="138.49160875193775">
        <ele>13.3</ele>
      </trkpt>
      <trkpt lat="34.98247982002795" lon="138.4915002901107">
        <ele>13.62</ele>
      </trkpt>
      <trkpt lat="34.9826654791832" lon="138.4914038144052">
        <ele>13.93</ele>
      </trkpt>
      <trkpt lat="34.98284342698753" lon="138.49127766676247">
        <ele>14.26</ele>
      </trkpt>
      <trkpt lat="34.982991786673665" lon="138.49115042947233">
        <ele>14.64</ele>
      </trkpt>
      <trkpt lat="34.983167219907045" lon="138.4910446498543">
        <ele>14.92</ele>
      </trkpt>
      <trkpt lat="34.983336199074984" lon="138.49092001095414">
        <ele>15.04</ele>
      </trkpt>
      <trkpt lat="34.9835114646703" lon="138.49082797765732">
        <ele>15.11</ele>
      </trkpt>
      <trkpt lat="34.98368740081787" lon="138.49070836789906">
        <ele>15.24</ele>
      </trkpt>
      <trkpt lat="34.983867863193154" lon="138.49059144034982">
        <ele>15.44</ele>
      </trkpt>
      <trkpt lat="34.98403198085725" lon="138.49047887139022">
        <ele>15.72</ele>
      </trkpt>
      <trkpt lat="34.984205486252904" lon="138.49036009982228">
        <ele>15.9</ele>
      </trkpt>
      <trkpt lat="34.98438117094338" lon="138.49025406874716">
        <ele>16.02</ele>
      </trkpt>
      <trkpt lat="34.984558364376426" lon="138.4901566710323">
        <ele>16.08</ele>
      </trkpt>
      <trkpt lat="34.9847221467644" lon="138.49004292860627">
        <ele>16.11</ele>
      </trkpt>
      <trkpt lat="34.984897496178746" lon="138.48993689753115">
        <ele>16.19</ele>
      </trkpt>
      <trkpt lat="34.98507896438241" lon="138.48982516676188">
        <ele>16.38</ele>
      </trkpt>
      <trkpt lat="34.98525481671095" lon="138.48972106352448">
        <ele>16.42</ele>
      </trkpt>
      <trkpt lat="34.985431088134646" lon="138.4896288625896">
        <ele>16.42</ele>
      </trkpt>
      <trkpt lat="34.985619094222784" lon="138.48961075767875">
        <ele>16.31</ele>
      </trkpt>
      <trkpt lat="34.985729148611426" lon="138.48979415372014">
        <ele>16.04</ele>
      </trkpt>
      <trkpt lat="34.98585018329322" lon="138.48997805267572">
        <ele>15.69</ele>
      </trkpt>
      <trkpt lat="34.98596132732928" lon="138.4901714231819">
        <ele>15.24</ele>
      </trkpt>
      <trkpt lat="34.98604070395231" lon="138.49036839790642">
        <ele>14.74</ele>
      </trkpt>
      <trkpt lat="34.98613407835364" lon="138.4905903507024">
        <ele>14.21</ele>
      </trkpt>
      <trkpt lat="34.986221669241786" lon="138.4907845593989">
        <ele>13.68</ele>
      </trkpt>
      <trkpt lat="34.986322335898876" lon="138.49098161794245">
        <ele>13.23</ele>
      </trkpt>
      <trkpt lat="34.98642367310822" lon="138.4911873936653">
        <ele>12.8</ele>
      </trkpt>
      <trkpt lat="34.986514281481504" lon="138.49138034507632">
        <ele>12.37</ele>
      </trkpt>
      <trkpt lat="34.98661176301539" lon="138.49156466312706">
        <ele>11.85</ele>
      </trkpt>
      <trkpt lat="34.986697090789676" lon="138.4917682595551">
        <ele>11.28</ele>
      </trkpt>
      <trkpt lat="34.98680379241705" lon="138.49197931587696">
        <ele>10.69</ele>
      </trkpt>
      <trkpt lat="34.98690512962639" lon="138.4921842534095">
        <ele>10.07</ele>
      </trkpt>
      <trkpt lat="34.98701107688248" lon="138.49239799194038">
        <ele>9.38</ele>
      </trkpt>
      <trkpt lat="34.987112917006016" lon="138.4926007501781">
        <ele>8.74</ele>
      </trkpt>
      <trkpt lat="34.98721919953823" lon="138.49278431385756">
        <ele>8.16</ele>
      </trkpt>
      <trkpt lat="34.98730922117829" lon="138.49297885783017">
        <ele>7.73</ele>
      </trkpt>
      <trkpt lat="34.98741005547345" lon="138.49317943677306">
        <ele>7.32</ele>
      </trkpt>
      <trkpt lat="34.987528659403324" lon="138.4933875594288">
        <ele>6.89</ele>
      </trkpt>
      <trkpt lat="34.987602923065424" lon="138.49359777756035">
        <ele>6.44</ele>
      </trkpt>
      <trkpt lat="34.987710462883115" lon="138.49378352053463">
        <ele>6.0</ele>
      </trkpt>
      <trkpt lat="34.98782118782401" lon="138.49398066289723">
        <ele>5.58</ele>
      </trkpt>
      <trkpt lat="34.987933756783605" lon="138.4941804036498">
        <ele>5.23</ele>
      </trkpt>
      <trkpt lat="34.98804188333452" lon="138.49436555989087">
        <ele>5.02</ele>
      </trkpt>
      <trkpt lat="34.98813475482166" lon="138.49456261843443">
        <ele>4.8</ele>
      </trkpt>
      <trkpt lat="34.988251347094774" lon="138.4947451762855">
        <ele>4.57</ele>
      </trkpt>
      <trkpt lat="34.98835628852248" lon="138.49493460729718">
        <ele>4.34</ele>
      </trkpt>
      <trkpt lat="34.988555274903774" lon="138.494944665581">
        <ele>4.18</ele>
      </trkpt>
      <trkpt lat="34.98872173950076" lon="138.49482933059335">
        <ele>4.1</ele>
      </trkpt>
      <trkpt lat="34.98887227848172" lon="138.4946984052658">
        <ele>4.06</ele>
      </trkpt>
      <trkpt lat="34.9890149384737" lon="138.49456421099603">
        <ele>4.09</ele>
      </trkpt>
      <trkpt lat="34.98916053213179" lon="138.49443336948752">
        <ele>4.14</ele>
      </trkpt>
      <trkpt lat="34.98931375332177" lon="138.49427863955498">
        <ele>4.18</ele>
      </trkpt>
      <trkpt lat="34.9894692376256" lon="138.49416648969054">
        <ele>4.24</ele>
      </trkpt>
      <trkpt lat="34.98962178826332" lon="138.49402064457536">
        <ele>4.26</ele>
      </trkpt>
      <trkpt lat="34.989777859300375" lon="138.4938767272979">
        <ele>4.26</ele>
      </trkpt>
      <trkpt lat="34.98991649597883" lon="138.4937345702201">
        <ele>4.29</ele>
      </trkpt>
      <trkpt lat="34.990066615864635" lon="138.49358662962914">
        <ele>4.34</ele>
      </trkpt>
      <trkpt lat="34.99022654257715" lon="138.49343868903816">
        <ele>4.36</ele>
      </trkpt>
      <trkpt lat="34.990375405177474" lon="138.4933135472238">
        <ele>4.36</ele>
      </trkpt>
      <trkpt lat="34.99053876847029" lon="138.49316217005253">
        <ele>4.43</ele>
      </trkpt>
      <trkpt lat="34.99068955890834" lon="138.49303660914302">
        <ele>4.43</ele>
      </trkpt>
      <trkpt lat="34.9908575322479" lon="138.49290434271097">
        <ele>4.41</ele>
      </trkpt>
      <trkpt lat="34.99101385474205" lon="138.49278431385756">
        <ele>4.45</ele>
      </trkpt>
      <trkpt lat="34.99116665683687" lon="138.4926570765674">
        <ele>4.46</ele>
      </trkpt>
      <trkpt lat="34.991317028179765" lon="138.4924926236272">
        <ele>4.53</ele>
      </trkpt>
      <trkpt lat="34.99147167429328" lon="138.49236379377544">
        <ele>4.66</ele>
      </trkpt>
      <trkpt lat="34.991646353155375" lon="138.4922270849347">
        <ele>4.78</ele>
      </trkpt>
      <trkpt lat="34.99181365594268" lon="138.49213840439916">
        <ele>4.89</ele>
      </trkpt>
      <trkpt lat="34.99199445359409" lon="138.49203664809465">
        <ele>4.93</ele>
      </trkpt>
      <trkpt lat="34.99216862954199" lon="138.4919431898743">
        <ele>4.96</ele>
      </trkpt>
      <trkpt lat="34.99233995564282" lon="138.491873703897">
        <ele>5.01</ele>
      </trkpt>
      <trkpt lat="34.9925241060555" lon="138.49177915602922">
        <ele>5.01</ele>
      </trkpt>
      <trkpt lat="34.99269383959472" lon="138.49170338362455">
        <ele>5.05</ele>
      </trkpt>
      <trkpt lat="34.992861561477184" lon="138.4915977716446">
        <ele>5.14</ele>
      </trkpt>
      <trkpt lat="34.993031630292535" lon="138.4915053192526">
        <ele>5.2</ele>
      </trkpt>
      <trkpt lat="34.99319130554795" lon="138.49139543250203">
        <ele>5.26</ele>
      </trkpt>
      <trkpt lat="34.993355590850115" lon="138.49129929207265">
        <ele>5.34</ele>
      </trkpt>
      <trkpt lat="34.9935291800648" lon="138.49120591767132">
        <ele>5.5</ele>
      </trkpt>
      <trkpt lat="34.993703523650765" lon="138.491128385067">
        <ele>5.65</ele>
      </trkpt>
      <trkpt lat="34.993887254968286" lon="138.49104573950171">
        <ele>5.79</ele>
      </trkpt>
      <trkpt lat="34.99404860660434" lon="138.49094113335013">
        <ele>5.89</ele>
      </trkpt>
      <trkpt lat="34.994232757017016" lon="138.4908289834857">
        <ele>6.02</ele>
      </trkpt>
      <trkpt lat="34.99441363848746" lon="138.49072529934347">
        <ele>6.17</ele>
      </trkpt>
      <trkpt lat="34.994602147489786" lon="138.49062161520123">
        <ele>6.32</ele>
      </trkpt>
      <trkpt lat="34.99477431178093" lon="138.4905255585909">
        <ele>6.37</ele>
      </trkpt>
      <trkpt lat="34.994951505213976" lon="138.49043956026435">
        <ele>6.42</ele>
      </trkpt>
      <trkpt lat="34.995127357542515" lon="138.49035213701427">
        <ele>6.45</ele>
      </trkpt>
      <trkpt lat="34.99529181048274" lon="138.49026010371745">
        <ele>6.54</ele>
      </trkpt>
      <trkpt lat="34.99545592814684" lon="138.49016756750643">
        <ele>6.7</ele>
      </trkpt>
      <trkpt lat="34.995626751333475" lon="138.49008810706437">
        <ele>6.85</ele>
      </trkpt>
      <trkpt lat="34.99581266194582" lon="138.4900265838951">
        <ele>6.99</ele>
      </trkpt>
      <trkpt lat="34.9959896877408" lon="138.4899653121829">
        <ele>7.11</ele>
      </trkpt>
      <trkpt lat="34.99616730026901" lon="138.48991912789643">
        <ele>7.27</ele>
      </trkpt>
      <trkpt lat="34.996368130669" lon="138.48984578624368">
        <ele>7.4</ele>
      </trkpt>
      <trkpt lat="34.99654498882592" lon="138.48979339934886">
        <ele>7.55</ele>
      </trkpt>
      <trkpt lat="34.996722685173154" lon="138.48974000662565">
        <ele>7.61</ele>
      </trkpt>
      <trkpt lat="34.99690323136747" lon="138.48967345431447">
        <ele>7.69</ele>
      </trkpt>
      <trkpt lat="34.997099451720715" lon="138.4896201454103">
        <ele>7.75</ele>
      </trkpt>
      <trkpt lat="34.99729843810201" lon="138.48955526947975">
        <ele>7.81</ele>
      </trkpt>
      <trkpt lat="34.997476218268275" lon="138.4895014576614">
        <ele>7.86</ele>
      </trkpt>
      <trkpt lat="34.997674115002155" lon="138.48943616263568">
        <ele>7.94</ele>
      </trkpt>
      <trkpt lat="34.99787167645991" lon="138.4893897268921">
        <ele>7.98</ele>
      </trkpt>
      <trkpt lat="34.9980637896806" lon="138.48932392895222">
        <ele>7.9</ele>
      </trkpt>
      <trkpt lat="34.99823578633368" lon="138.48925586789846">
        <ele>7.84</ele>
      </trkpt>
      <trkpt lat="34.998417841270566" lon="138.48922024480999">
        <ele>7.74</ele>
      </trkpt>
      <trkpt lat="34.99860660172999" lon="138.489154195413">
        <ele>7.7</ele>
      </trkpt>
      <trkpt lat="34.99880206771195" lon="138.48908085376024">
        <ele>7.64</ele>
      </trkpt>
      <trkpt lat="34.99899711459875" lon="138.4890202526003">
        <ele>7.47</ele>
      </trkpt>
      <trkpt lat="34.99918897636235" lon="138.48897163756192">
        <ele>7.23</ele>
      </trkpt>
      <trkpt lat="34.9993831012398" lon="138.4889023192227">
        <ele>7.01</ele>
      </trkpt>
      <trkpt lat="34.999578315764666" lon="138.48884381353855">
        <ele>6.75</ele>
      </trkpt>
      <trkpt lat="34.99976707622409" lon="138.4887950308621">
        <ele>6.56</ele>
      </trkpt>
      <trkpt lat="34.99996354803443" lon="138.4887326695025">
        <ele>6.38</ele>
      </trkpt>
      <trkpt lat="35.00013906508684" lon="138.48867340944707">
        <ele>6.09</ele>
      </trkpt>
      <trkpt lat="35.00033360905945" lon="138.48862286657095">
        <ele>5.85</ele>
      </trkpt>
      <trkpt lat="35.000510634854436" lon="138.4885738324374">
        <ele>5.59</ele>
      </trkpt>
      <trkpt lat="35.00070249661803" lon="138.48849839530885">
        <ele>5.29</ele>
      </trkpt>
      <trkpt lat="35.00088564120233" lon="138.48844785243273">
        <ele>5.01</ele>
      </trkpt>
      <trkpt lat="35.001071467995644" lon="138.48839110694826">
        <ele>4.72</ele>
      </trkpt>
      <trkpt lat="35.00125980935991" lon="138.48833008669317">
        <ele>4.42</ele>
      </trkpt>
      <trkpt lat="35.00145426951349" lon="138.48827694542706">
        <ele>4.12</ele>
      </trkpt>
      <trkpt lat="35.00164780765772" lon="138.48822187632322">
        <ele>3.86</ele>
      </trkpt>
      <trkpt lat="35.00183807685971" lon="138.48815716803074">
        <ele>3.67</ele>
      </trkpt>
      <trkpt lat="35.00202465802431" lon="138.4880941361189">
        <ele>3.53</ele>
      </trkpt>
      <trkpt lat="35.002211071550846" lon="138.48802984692156">
        <ele>3.44</ele>
      </trkpt>
      <trkpt lat="35.002387929707766" lon="138.48797620274127">
        <ele>3.41</ele>
      </trkpt>
      <trkpt lat="35.0025640334934" lon="138.48791912198067">
        <ele>3.42</ele>
      </trkpt>
      <trkpt lat="35.002740640193224" lon="138.48785223439336">
        <ele>3.39</ele>
      </trkpt>
      <trkpt lat="35.00291649252176" lon="138.48778962157667">
        <ele>3.37</ele>
      </trkpt>
      <trkpt lat="35.003097457811236" lon="138.4877355583012">
        <ele>3.36</ele>
      </trkpt>
      <trkpt lat="35.00328563153744" lon="138.48768803291023">
        <ele>3.37</ele>
      </trkpt>
      <trkpt lat="35.00346902757883" lon="138.4876411780715">
        <ele>3.42</ele>
      </trkpt>
      <trkpt lat="35.00364529900253" lon="138.4875806607306">
        <ele>3.46</ele>
      </trkpt>
      <trkpt lat="35.00383749604225" lon="138.48750857636333">
        <ele>3.5</ele>
      </trkpt>
      <trkpt lat="35.00403924845159" lon="138.4874535072595">
        <ele>3.51</ele>
      </trkpt>
      <trkpt lat="35.004216358065605" lon="138.48738913424313">
        <ele>3.57</ele>
      </trkpt>
      <trkpt lat="35.0044082198292" lon="138.48735040985048">
        <ele>3.62</ele>
      </trkpt>
      <trkpt lat="35.00460267998278" lon="138.4872820135206">
        <ele>3.68</ele>
      </trkpt>
      <trkpt lat="35.0047951284796" lon="138.48720758222044">
        <ele>3.71</ele>
      </trkpt>
      <trkpt lat="35.00496871769428" lon="138.4871348273009">
        <ele>3.76</ele>
      </trkpt>
      <trkpt lat="35.00515236519277" lon="138.4870951808989">
        <ele>3.82</ele>
      </trkpt>
      <trkpt lat="35.00533618032932" lon="138.48703692667186">
        <ele>3.88</ele>
      </trkpt>
      <trkpt lat="35.005523934960365" lon="138.48696626722813">
        <ele>3.94</ele>
      </trkpt>
      <trkpt lat="35.00571655109525" lon="138.48690122365952">
        <ele>3.99</ele>
      </trkpt>
      <trkpt lat="35.005923584103584" lon="138.48684984259307">
        <ele>4.03</ele>
      </trkpt>
      <trkpt lat="35.00610698014498" lon="138.4867899119854">
        <ele>4.06</ele>
      </trkpt>
      <trkpt lat="35.00629372894764" lon="138.48672822117805">
        <ele>4.03</ele>
      </trkpt>
      <trkpt lat="35.00647880136967" lon="138.48668714985251">
        <ele>4.03</ele>
      </trkpt>
      <trkpt lat="35.006662448868155" lon="138.4866345115006">
        <ele>4.02</ele>
      </trkpt>
      <trkpt lat="35.00684919767082" lon="138.48656670190394">
        <ele>4.07</ele>
      </trkpt>
      <trkpt lat="35.0070468429476" lon="138.48650760948658">
        <ele>4.23</ele>
      </trkpt>
      <trkpt lat="35.00723962672055" lon="138.48644206300378">
        <ele>4.36</ele>
      </trkpt>
      <trkpt lat="35.00741480849683" lon="138.48638774827123">
        <ele>4.46</ele>
      </trkpt>
      <trkpt lat="35.00760465860367" lon="138.4863305836916">
        <ele>4.49</ele>
      </trkpt>
      <trkpt lat="35.007787803187966" lon="138.48623486235738">
        <ele>4.53</ele>
      </trkpt>
      <trkpt lat="35.007955357432365" lon="138.4861167613417">
        <ele>4.59</ele>
      </trkpt>
      <trkpt lat="35.00811344012618" lon="138.48600720986724">
        <ele>4.74</ele>
      </trkpt>
      <trkpt lat="35.00827227719128" lon="138.48590025678277">
        <ele>4.83</ele>
      </trkpt>
      <trkpt lat="35.00843773595989" lon="138.48579020239413">
        <ele>4.88</ele>
      </trkpt>
      <trkpt lat="35.0086182821542" lon="138.48571174778044">
        <ele>4.93</ele>
      </trkpt>
      <trkpt lat="35.008796732872725" lon="138.48558886907995">
        <ele>5.05</ele>
      </trkpt>
      <trkpt lat="35.00895238481462" lon="138.4854708518833">
        <ele>5.15</ele>
      </trkpt>
      <trkpt lat="35.00913335010409" lon="138.48535493016243">
        <ele>5.21</ele>
      </trkpt>
      <trkpt lat="35.00929553993046" lon="138.48523867316544">
        <ele>5.16</ele>
      </trkpt>
      <trkpt lat="35.00948161818087" lon="138.48514881916344">
        <ele>5.09</ele>
      </trkpt>
      <trkpt lat="35.00965688377619" lon="138.48504371009767">
        <ele>5.06</ele>
      </trkpt>
      <trkpt lat="35.009837597608566" lon="138.4849406965077">
        <ele>5.07</ele>
      </trkpt>
      <trkpt lat="35.01002141274512" lon="138.4848315641284">
        <ele>4.97</ele>
      </trkpt>
      <trkpt lat="35.01020975410938" lon="138.48481295630336">
        <ele>4.85</ele>
      </trkpt>
      <trkpt lat="35.01028837636113" lon="138.48503625020385">
        <ele>4.75</ele>
      </trkpt>
      <trkpt lat="35.01034780405462" lon="138.48524638451636">
        <ele>4.64</ele>
      </trkpt>
      <trkpt lat="35.01039398834109" lon="138.48547914996743">
        <ele>4.55</ele>
      </trkpt>
      <trkpt lat="35.01043740659952" lon="138.48569775000215">
        <ele>4.37</ele>
      </trkpt>
      <trkpt lat="35.010494235903025" lon="138.4859090577811">
        <ele>4.18</ele>
      </trkpt>
      <trkpt lat="35.01055818982422" lon="138.48614676855505">
        <ele>4.01</ele>
      </trkpt>
      <trkpt lat="35.010575875639915" lon="138.4863697271794">
        <ele>3.82</ele>
      </trkpt>
      <trkpt lat="35.010640416294336" lon="138.48658857867122">
        <ele>3.67</ele>
      </trkpt>
      <trkpt lat="35.01072767190635" lon="138.48680357448757">
        <ele>3.47</ele>
      </trkpt>
      <trkpt lat="35.01077461056411" lon="138.4870209172368">
        <ele>3.27</ele>
      </trkpt>
      <trkpt lat="35.01084149815142" lon="138.48722903989255">
        <ele>3.14</ele>
      </trkpt>
      <trkpt lat="35.01089631579816" lon="138.48745518364012">
        <ele>3.07</ele>
      </trkpt>
      <trkpt lat="35.010945266112685" lon="138.48768543452024">
        <ele>3.07</ele>
      </trkpt>
      <trkpt lat="35.01096798107028" lon="138.48790302872658">
        <ele>3.06</ele>
      </trkpt>
      <trkpt lat="35.01097393222153" lon="138.48812808282673">
        <ele>3.08</ele>
      </trkpt>
      <trkpt lat="35.01099237240851" lon="138.48836227320135">
        <ele>3.14</ele>
      </trkpt>
      <trkpt lat="35.011016093194485" lon="138.48860736005008">
        <ele>3.22</ele>
      </trkpt>
      <trkpt lat="35.011031264439225" lon="138.48884272389114">
        <ele>3.24</ele>
      </trkpt>
      <trkpt lat="35.011079628020525" lon="138.4890751540661">
        <ele>3.28</ele>
      </trkpt>
      <trkpt lat="35.011204266920686" lon="138.48924681544304">
        <ele>3.34</ele>
      </trkpt>
      <trkpt lat="35.0114054325968" lon="138.48923935554922">
        <ele>3.31</ele>
      </trkpt>
      <trkpt lat="35.01160802319646" lon="138.48921773023903">
        <ele>3.36</ele>
      </trkpt>
      <trkpt lat="35.01179133541882" lon="138.48919183015823">
        <ele>3.41</ele>
      </trkpt>
      <trkpt lat="35.01197406090796" lon="138.48915914073586">
        <ele>3.59</ele>
      </trkpt>
      <trkpt lat="35.01215628348291" lon="138.48913324065506">
        <ele>3.76</ele>
      </trkpt>
      <trkpt lat="35.01235133036971" lon="138.48909066058695">
        <ele>3.88</ele>
      </trkpt>
      <trkpt lat="35.012543108314276" lon="138.4890585578978">
        <ele>3.96</ele>
      </trkpt>
      <trkpt lat="35.01272717490792" lon="138.48901555873454">
        <ele>4.0</ele>
      </trkpt>
      <trkpt lat="35.01293077133596" lon="138.48897306248546">
        <ele>4.02</ele>
      </trkpt>
      <trkpt lat="35.01312078908086" lon="138.48893660120666">
        <ele>4.09</ele>
      </trkpt>
      <trkpt lat="35.013312650844455" lon="138.48891338333488">
        <ele>4.17</ele>
      </trkpt>
      <trkpt lat="35.01349864527583" lon="138.48886962980032">
        <ele>4.23</ele>
      </trkpt>
      <trkpt lat="35.01367877237499" lon="138.48883853293955">
        <ele>4.24</ele>
      </trkpt>
      <trkpt lat="35.013864850625396" lon="138.48880592733622">
        <ele>4.21</ele>
      </trkpt>
      <trkpt lat="35.01405453309417" lon="138.48878614604473">
        <ele>4.18</ele>
      </trkpt>
      <trkpt lat="35.014234157279134" lon="138.48876644857228">
        <ele>4.15</ele>
      </trkpt>
      <trkpt lat="35.014417888596654" lon="138.488715486601">
        <ele>4.15</ele>
      </trkpt>
      <trkpt lat="35.01459416002035" lon="138.4886666201055">
        <ele>4.14</ele>
      </trkpt>
      <trkpt lat="35.01479649916291" lon="138.48864926956594">
        <ele>4.1</ele>
      </trkpt>
      <trkpt lat="35.01487696543336" lon="138.48886091262102">
        <ele>4.05</ele>
      </trkpt>
      <trkpt lat="35.01489833928645" lon="138.48910097032785">
        <ele>3.93</ele>
      </trkpt>
      <trkpt lat="35.01492130570114" lon="138.4893201570958">
        <ele>3.85</ele>
      </trkpt>
      <trkpt lat="35.01488082110882" lon="138.4895379189402">
        <ele>3.76</ele>
      </trkpt>
      <trkpt lat="35.01489984802902" lon="138.48978786729276">
        <ele>3.72</ele>
      </trkpt>
      <trkpt lat="35.014916779473424" lon="138.49002515897155">
        <ele>3.54</ele>
      </trkpt>
      <trkpt lat="35.0150301028043" lon="138.49019883200526">
        <ele>3.26</ele>
      </trkpt>
      <trkpt lat="35.01522506587207" lon="138.4901679866016">
        <ele>3.17</ele>
      </trkpt>
      <trkpt lat="35.01542338170111" lon="138.49012264050543">
        <ele>3.01</ele>
      </trkpt>
      <trkpt lat="35.015605855733156" lon="138.49006262607872">
        <ele>2.77</ele>
      </trkpt>
      <trkpt lat="35.015785060822964" lon="138.4900033660233">
        <ele>2.58</ele>
      </trkpt>
      <trkpt lat="35.01596552319825" lon="138.4899621270597">
        <ele>2.56</ele>
      </trkpt>
      <trkpt lat="35.01616207882762" lon="138.48990772850811">
        <ele>2.68</ele>
      </trkpt>
      <trkpt lat="35.01634916290641" lon="138.48987269215286">
        <ele>2.8</ele>
      </trkpt>
      <trkpt lat="35.01654387451708" lon="138.48982055671513">
        <ele>2.96</ele>
      </trkpt>
      <trkpt lat="35.01673271879554" lon="138.48976993001997">
        <ele>3.09</ele>
      </trkpt>
      <trkpt lat="35.01691452227533" lon="138.48971427418292">
        <ele>3.2</ele>
      </trkpt>
      <trkpt lat="35.01710060052574" lon="138.4896611329168">
        <ele>3.31</ele>
      </trkpt>
      <trkpt lat="35.01727729104459" lon="138.48960991948843">
        <ele>3.36</ele>
      </trkpt>
      <trkpt lat="35.01747845672071" lon="138.48956113681197">
        <ele>3.4</ele>
      </trkpt>
      <trkpt lat="35.01766906119883" lon="138.489505732432">
        <ele>3.46</ele>
      </trkpt>
      <trkpt lat="35.017851116135716" lon="138.48946901969612">
        <ele>3.47</ele>
      </trkpt>
      <trkpt lat="35.01802730374038" lon="138.48941621370614">
        <ele>3.44</ele>
      </trkpt>
      <trkpt lat="35.01820055767894" lon="138.48934018984437">
        <ele>3.39</ele>
      </trkpt>
      <trkpt lat="35.01840331591666" lon="138.48929844796658">
        <ele>3.32</ele>
      </trkpt>
      <trkpt lat="35.01858285628259" lon="138.48925343714654">
        <ele>3.24</ele>
      </trkpt>
      <trkpt lat="35.01876876689494" lon="138.48922669887543">
        <ele>3.41</ele>
      </trkpt>
      <trkpt lat="35.018953336402774" lon="138.4892068337649">
        <ele>3.81</ele>
      </trkpt>
      <trkpt lat="35.01913740299642" lon="138.4891819395125">
        <ele>4.34</ele>
      </trkpt>
      <trkpt lat="35.01932054758072" lon="138.48916148766875">
        <ele>4.87</ele>
      </trkpt>
      <trkpt lat="35.019508469849825" lon="138.48915335722268">
        <ele>5.51</ele>
      </trkpt>
      <trkpt lat="35.01969496719539" lon="138.48914665170014">
        <ele>5.75</ele>
      </trkpt>
      <trkpt lat="35.01988640986383" lon="138.4891619067639">
        <ele>5.81</ele>
      </trkpt>
    </trkseg>
  </trk>
</gpx>
