<?xml version="1.0" encoding="UTF-8"?>
<gpx creator="Garmin Connect" version="1.1"
  xsi:schemaLocation="http://www.topografix.com/GPX/1/1 http://www.topografix.com/GPX/11.xsd"
  xmlns:ns3="http://www.garmin.com/xmlschemas/TrackPointExtension/v1"
  xmlns="http://www.topografix.com/GPX/1/1"
  xmlns:xsi="http://www.w3.org/2001/XMLSchema-instance" xmlns:ns2="http://www.garmin.com/xmlschemas/GpxExtensions/v3">
  <metadata>
    <name>第17回いわきサンシャインマラソン</name>
    <link href="connect.garmin.com">
      <text>Garmin Connect</text>
    </link>
    <time>2025-09-19T04:59:10.000Z</time>
  </metadata>
  <trk>
    <name>第17回いわきサンシャインマラソン</name>
    <trkseg>
      <trkpt lat="37.032892322167754" lon="140.89728402905166">
        <ele>46.06</ele>
      </trkpt>
      <trkpt lat="37.032652515918016" lon="140.89711957611144">
        <ele>46.0</ele>
      </trkpt>
      <trkpt lat="37.03241262584925" lon="140.89695503935218">
        <ele>45.97</ele>
      </trkpt>
      <trkpt lat="37.03217281959951" lon="140.89679050259292">
        <ele>45.71</ele>
      </trkpt>
      <trkpt lat="37.03193292953074" lon="140.89662596583366">
        <ele>45.26</ele>
      </trkpt>
      <trkpt lat="37.03169161453843" lon="140.89646042324603">
        <ele>44.7</ele>
      </trkpt>
      <trkpt lat="37.031501680612564" lon="140.89659838937223">
        <ele>44.05</ele>
      </trkpt>
      <trkpt lat="37.03131132759154" lon="140.89673660695553">
        <ele>43.44</ele>
      </trkpt>
      <trkpt lat="37.03118501231074" lon="140.8970557898283">
        <ele>42.83</ele>
      </trkpt>
      <trkpt lat="37.031059032306075" lon="140.89737430214882">
        <ele>42.23</ele>
      </trkpt>
      <trkpt lat="37.03107093460858" lon="140.89772148057818">
        <ele>41.73</ele>
      </trkpt>
      <trkpt lat="37.03108283691108" lon="140.89806731790304">
        <ele>41.17</ele>
      </trkpt>
      <trkpt lat="37.03128685243428" lon="140.89831450022757">
        <ele>40.35</ele>
      </trkpt>
      <trkpt lat="37.03149086795747" lon="140.89856185019016">
        <ele>39.43</ele>
      </trkpt>
      <trkpt lat="37.031706450507045" lon="140.89861809276044">
        <ele>38.48</ele>
      </trkpt>
      <trkpt lat="37.03192203305662" lon="140.89867433533072">
        <ele>37.6</ele>
      </trkpt>
      <trkpt lat="37.032138956710696" lon="140.89873099699616">
        <ele>36.81</ele>
      </trkpt>
      <trkpt lat="37.032362669706345" lon="140.89878992177546">
        <ele>36.12</ele>
      </trkpt>
      <trkpt lat="37.03258629888296" lon="140.89884884655476">
        <ele>35.57</ele>
      </trkpt>
      <trkpt lat="37.03281135298312" lon="140.89890810661018">
        <ele>35.01</ele>
      </trkpt>
      <trkpt lat="37.033038418740034" lon="140.89896719902754">
        <ele>34.43</ele>
      </trkpt>
      <trkpt lat="37.03326548449695" lon="140.89902620762587">
        <ele>33.9</ele>
      </trkpt>
      <trkpt lat="37.033493891358376" lon="140.89908563531935">
        <ele>33.47</ele>
      </trkpt>
      <trkpt lat="37.03378566540778" lon="140.8991867210716">
        <ele>33.21</ele>
      </trkpt>
      <trkpt lat="37.03407852910459" lon="140.89928830973804">
        <ele>33.28</ele>
      </trkpt>
      <trkpt lat="37.03424021601677" lon="140.8994982764125">
        <ele>33.11</ele>
      </trkpt>
      <trkpt lat="37.03440181910992" lon="140.89970832690597">
        <ele>32.99</ele>
      </trkpt>
      <trkpt lat="37.034563422203064" lon="140.89991837739944">
        <ele>32.94</ele>
      </trkpt>
      <trkpt lat="37.034587394446135" lon="140.90020461939275">
        <ele>32.79</ele>
      </trkpt>
      <trkpt lat="37.03461145050824" lon="140.90049086138606">
        <ele>32.75</ele>
      </trkpt>
      <trkpt lat="37.034635338932276" lon="140.90077542699873">
        <ele>33.01</ele>
      </trkpt>
      <trkpt lat="37.034441800788045" lon="140.90094625018537">
        <ele>33.57</ele>
      </trkpt>
      <trkpt lat="37.03424801118672" lon="140.9011173248291">
        <ele>34.6</ele>
      </trkpt>
      <trkpt lat="37.03395984135568" lon="140.90114657767117">
        <ele>35.64</ele>
      </trkpt>
      <trkpt lat="37.03367041423917" lon="140.90117591433227">
        <ele>36.74</ele>
      </trkpt>
      <trkpt lat="37.03340655192733" lon="140.90123064815998">
        <ele>38.11</ele>
      </trkpt>
      <trkpt lat="37.03314168378711" lon="140.9012856334448">
        <ele>39.73</ele>
      </trkpt>
      <trkpt lat="37.03287161886692" lon="140.9013646747917">
        <ele>41.62</ele>
      </trkpt>
      <trkpt lat="37.03260054811835" lon="140.9014439675957">
        <ele>43.58</ele>
      </trkpt>
      <trkpt lat="37.03234389424324" lon="140.9015095140785">
        <ele>45.37</ele>
      </trkpt>
      <trkpt lat="37.032086150720716" lon="140.9015753120184">
        <ele>47.11</ele>
      </trkpt>
      <trkpt lat="37.031819857656956" lon="140.90165879577398">
        <ele>48.78</ele>
      </trkpt>
      <trkpt lat="37.031552474945784" lon="140.9017426148057">
        <ele>50.71</ele>
      </trkpt>
      <trkpt lat="37.0312736928463" lon="140.90183364227414">
        <ele>53.02</ele>
      </trkpt>
      <trkpt lat="37.0309938210994" lon="140.90192508883774">
        <ele>55.19</ele>
      </trkpt>
      <trkpt lat="37.03070439398289" lon="140.90201309882104">
        <ele>56.7</ele>
      </trkpt>
      <trkpt lat="37.0304137095809" lon="140.90210136026144">
        <ele>57.9</ele>
      </trkpt>
      <trkpt lat="37.03012973070145" lon="140.9021815750748">
        <ele>58.99</ele>
      </trkpt>
      <trkpt lat="37.02984457835555" lon="140.90226204134524">
        <ele>60.09</ele>
      </trkpt>
      <trkpt lat="37.02962237410247" lon="140.9023272525519">
        <ele>61.24</ele>
      </trkpt>
      <trkpt lat="37.029400086030364" lon="140.9023924637586">
        <ele>62.34</ele>
      </trkpt>
      <trkpt lat="37.02917654067278" lon="140.9024580102414">
        <ele>63.24</ele>
      </trkpt>
      <trkpt lat="37.02896028757095" lon="140.90251073241234">
        <ele>63.92</ele>
      </trkpt>
      <trkpt lat="37.02874403446913" lon="140.9025634545833">
        <ele>64.41</ele>
      </trkpt>
      <trkpt lat="37.02852635644376" lon="140.90261651203036">
        <ele>64.74</ele>
      </trkpt>
      <trkpt lat="37.02829082496464" lon="140.90268599800766">
        <ele>65.05</ele>
      </trkpt>
      <trkpt lat="37.02805529348552" lon="140.90275540016592">
        <ele>65.23</ele>
      </trkpt>
      <trkpt lat="37.02781833708286" lon="140.90282522141933">
        <ele>65.31</ele>
      </trkpt>
      <trkpt lat="37.02758029103279" lon="140.90285958722234">
        <ele>65.24</ele>
      </trkpt>
      <trkpt lat="37.02734224498272" lon="140.9028938692063">
        <ele>65.04</ele>
      </trkpt>
      <trkpt lat="37.02710269019008" lon="140.9029284864664">
        <ele>64.76</ele>
      </trkpt>
      <trkpt lat="37.02686229720712" lon="140.90291038155556">
        <ele>64.4</ele>
      </trkpt>
      <trkpt lat="37.02662190422416" lon="140.9028922766447">
        <ele>63.9</ele>
      </trkpt>
      <trkpt lat="37.026379918679595" lon="140.90287408791482">
        <ele>63.4</ele>
      </trkpt>
      <trkpt lat="37.02615578658879" lon="140.9028542228043">
        <ele>62.89</ele>
      </trkpt>
      <trkpt lat="37.02593165449798" lon="140.9028343576938">
        <ele>62.31</ele>
      </trkpt>
      <trkpt lat="37.025706097483635" lon="140.9028143249452">
        <ele>61.69</ele>
      </trkpt>
      <trkpt lat="37.02547140419483" lon="140.90280468575656">
        <ele>61.12</ele>
      </trkpt>
      <trkpt lat="37.02523679472506" lon="140.90279496274889">
        <ele>60.44</ele>
      </trkpt>
      <trkpt lat="37.02500059269369" lon="140.9027852397412">
        <ele>59.64</ele>
      </trkpt>
      <trkpt lat="37.02475634403527" lon="140.90278238989413">
        <ele>58.69</ele>
      </trkpt>
      <trkpt lat="37.02451209537685" lon="140.90277962386608">
        <ele>57.66</ele>
      </trkpt>
      <trkpt lat="37.02426625415683" lon="140.902776774019">
        <ele>56.57</ele>
      </trkpt>
      <trkpt lat="37.02401613816619" lon="140.90276210568845">
        <ele>55.45</ele>
      </trkpt>
      <trkpt lat="37.02376593835652" lon="140.9027474373579">
        <ele>54.35</ele>
      </trkpt>
      <trkpt lat="37.023514062166214" lon="140.90273268520832">
        <ele>53.17</ele>
      </trkpt>
      <trkpt lat="37.023259084671736" lon="140.90270158834755">
        <ele>52.05</ele>
      </trkpt>
      <trkpt lat="37.02300410717726" lon="140.90267040766776">
        <ele>50.9</ele>
      </trkpt>
      <trkpt lat="37.02274736948311" lon="140.9026390593499">
        <ele>49.57</ele>
      </trkpt>
      <trkpt lat="37.022501276806" lon="140.90258943848312">
        <ele>48.16</ele>
      </trkpt>
      <trkpt lat="37.02225518412888" lon="140.9025397337973">
        <ele>46.64</ele>
      </trkpt>
      <trkpt lat="37.02200749889016" lon="140.9024897776544">
        <ele>44.94</ele>
      </trkpt>
      <trkpt lat="37.021759897470474" lon="140.9024265781045">
        <ele>43.18</ele>
      </trkpt>
      <trkpt lat="37.02151237986982" lon="140.90236337855458">
        <ele>41.49</ele>
      </trkpt>
      <trkpt lat="37.02126326970756" lon="140.9022997599095">
        <ele>39.91</ele>
      </trkpt>
      <trkpt lat="37.02101449482143" lon="140.90224946849048">
        <ele>38.54</ele>
      </trkpt>
      <trkpt lat="37.0207657199353" lon="140.90219917707145">
        <ele>37.19</ele>
      </trkpt>
      <trkpt lat="37.020515352487564" lon="140.9021485503763">
        <ele>35.76</ele>
      </trkpt>
      <trkpt lat="37.02026724815369" lon="140.90213052928448">
        <ele>34.38</ele>
      </trkpt>
      <trkpt lat="37.02001922763884" lon="140.90211242437363">
        <ele>32.96</ele>
      </trkpt>
      <trkpt lat="37.01976953074336" lon="140.90209431946278">
        <ele>31.55</ele>
      </trkpt>
      <trkpt lat="37.01953986659646" lon="140.9021155256778">
        <ele>30.28</ele>
      </trkpt>
      <trkpt lat="37.01931011863053" lon="140.90213673189282">
        <ele>29.13</ele>
      </trkpt>
      <trkpt lat="37.01907894574106" lon="140.9021581057459">
        <ele>28.06</ele>
      </trkpt>
      <trkpt lat="37.01885665766895" lon="140.90223899111152">
        <ele>27.15</ele>
      </trkpt>
      <trkpt lat="37.01863428577781" lon="140.90231996029615">
        <ele>26.4</ele>
      </trkpt>
      <trkpt lat="37.01841074042022" lon="140.90240126475692">
        <ele>25.81</ele>
      </trkpt>
      <trkpt lat="37.01817965134978" lon="140.90250025503337">
        <ele>25.23</ele>
      </trkpt>
      <trkpt lat="37.017948562279344" lon="140.90259932912886">
        <ele>24.56</ele>
      </trkpt>
      <trkpt lat="37.01771629974246" lon="140.9026988223195">
        <ele>23.98</ele>
      </trkpt>
      <trkpt lat="37.01749837026" lon="140.90279177762568">
        <ele>23.39</ele>
      </trkpt>
      <trkpt lat="37.01728044077754" lon="140.90288473293185">
        <ele>22.97</ele>
      </trkpt>
      <trkpt lat="37.017061337828636" lon="140.90297810733318">
        <ele>22.7</ele>
      </trkpt>
      <trkpt lat="37.016845587641" lon="140.90307072736323">
        <ele>22.49</ele>
      </trkpt>
      <trkpt lat="37.016629837453365" lon="140.90316326357424">
        <ele>22.34</ele>
      </trkpt>
      <trkpt lat="37.01641299761832" lon="140.90325638651848">
        <ele>22.21</ele>
      </trkpt>
      <trkpt lat="37.016187189146876" lon="140.9033428877592">
        <ele>22.21</ele>
      </trkpt>
      <trkpt lat="37.01596146449447" lon="140.90342938899994">
        <ele>22.18</ele>
      </trkpt>
      <trkpt lat="37.01573448255658" lon="140.9035164769739">
        <ele>22.09</ele>
      </trkpt>
      <trkpt lat="37.01551546342671" lon="140.903648911044">
        <ele>21.95</ele>
      </trkpt>
      <trkpt lat="37.01529644429684" lon="140.9037813451141">
        <ele>21.92</ele>
      </trkpt>
      <trkpt lat="37.01507658697665" lon="140.9039142820984">
        <ele>21.91</ele>
      </trkpt>
      <trkpt lat="37.014887407422066" lon="140.90409600175917">
        <ele>21.85</ele>
      </trkpt>
      <trkpt lat="37.014698227867484" lon="140.90427772141993">
        <ele>21.62</ele>
      </trkpt>
      <trkpt lat="37.014508629217744" lon="140.90445969253778">
        <ele>21.4</ele>
      </trkpt>
      <trkpt lat="37.0143470261246" lon="140.90466806665063">
        <ele>21.31</ele>
      </trkpt>
      <trkpt lat="37.01418533921242" lon="140.9048765245825">
        <ele>21.25</ele>
      </trkpt>
      <trkpt lat="37.01402365230024" lon="140.90508489869535">
        <ele>21.15</ele>
      </trkpt>
      <trkpt lat="37.01385475695133" lon="140.90529771521688">
        <ele>21.06</ele>
      </trkpt>
      <trkpt lat="37.013685777783394" lon="140.9055105317384">
        <ele>21.04</ele>
      </trkpt>
      <trkpt lat="37.01351688243449" lon="140.90572334825993">
        <ele>21.04</ele>
      </trkpt>
      <trkpt lat="37.01335242949426" lon="140.90592392720282">
        <ele>21.0</ele>
      </trkpt>
      <trkpt lat="37.013187976554036" lon="140.90612450614572">
        <ele>20.85</ele>
      </trkpt>
      <trkpt lat="37.01302343979478" lon="140.9063250850886">
        <ele>20.71</ele>
      </trkpt>
      <trkpt lat="37.01285454444587" lon="140.9065119177103">
        <ele>20.6</ele>
      </trkpt>
      <trkpt lat="37.012685565277934" lon="140.90669866651297">
        <ele>20.46</ele>
      </trkpt>
      <trkpt lat="37.012516502290964" lon="140.90688566677272">
        <ele>20.4</ele>
      </trkpt>
      <trkpt lat="37.012316174805164" lon="140.90703637339175">
        <ele>20.4</ele>
      </trkpt>
      <trkpt lat="37.012115847319365" lon="140.90718699619174">
        <ele>20.63</ele>
      </trkpt>
      <trkpt lat="37.01191493310034" lon="140.90733820572495">
        <ele>20.67</ele>
      </trkpt>
      <trkpt lat="37.01170329004526" lon="140.9074659459293">
        <ele>20.44</ele>
      </trkpt>
      <trkpt lat="37.01149173080921" lon="140.90759376995265">
        <ele>20.09</ele>
      </trkpt>
      <trkpt lat="37.01127924956381" lon="140.9077220968902">
        <ele>19.72</ele>
      </trkpt>
      <trkpt lat="37.01105888932943" lon="140.90780918486416">
        <ele>19.25</ele>
      </trkpt>
      <trkpt lat="37.010838529095054" lon="140.90789627283812">
        <ele>18.86</ele>
      </trkpt>
      <trkpt lat="37.0106169115752" lon="140.90798386372626">
        <ele>18.5</ele>
      </trkpt>
      <trkpt lat="37.01038096100092" lon="140.9080230910331">
        <ele>18.21</ele>
      </trkpt>
      <trkpt lat="37.01014501042664" lon="140.90806240215898">
        <ele>17.94</ele>
      </trkpt>
      <trkpt lat="37.00990746729076" lon="140.90810196474195">
        <ele>17.67</ele>
      </trkpt>
      <trkpt lat="37.00967294164002" lon="140.90810414403677">
        <ele>17.32</ele>
      </trkpt>
      <trkpt lat="37.00943849980831" lon="140.9081063233316">
        <ele>16.92</ele>
      </trkpt>
      <trkpt lat="37.00920238159597" lon="140.90810858644545">
        <ele>16.48</ele>
      </trkpt>
      <trkpt lat="37.00896601192653" lon="140.90809123590589">
        <ele>15.97</ele>
      </trkpt>
      <trkpt lat="37.008729642257094" lon="140.90807396918535">
        <ele>15.42</ele>
      </trkpt>
      <trkpt lat="37.008491680026054" lon="140.90805653482676">
        <ele>14.81</ele>
      </trkpt>
      <trkpt lat="37.00826050713658" lon="140.9080267790705">
        <ele>14.33</ele>
      </trkpt>
      <trkpt lat="37.00802925042808" lon="140.9079969394952">
        <ele>13.86</ele>
      </trkpt>
      <trkpt lat="37.00779648497701" lon="140.90796701610088">
        <ele>13.43</ele>
      </trkpt>
      <trkpt lat="37.007559863850474" lon="140.9079522639513">
        <ele>13.04</ele>
      </trkpt>
      <trkpt lat="37.00732324272394" lon="140.90793751180172">
        <ele>12.69</ele>
      </trkpt>
      <trkpt lat="37.00708502903581" lon="140.90792259201407">
        <ele>12.42</ele>
      </trkpt>
      <trkpt lat="37.00685494579375" lon="140.90794136747718">
        <ele>12.13</ele>
      </trkpt>
      <trkpt lat="37.00662477873266" lon="140.90796005912125">
        <ele>11.86</ele>
      </trkpt>
      <trkpt lat="37.006393102928996" lon="140.9079789184034">
        <ele>11.64</ele>
      </trkpt>
      <trkpt lat="37.006174167618155" lon="140.90803608298302">
        <ele>11.42</ele>
      </trkpt>
      <trkpt lat="37.005955232307315" lon="140.90809324756265">
        <ele>11.21</ele>
      </trkpt>
      <trkpt lat="37.005734872072935" lon="140.9081507474184">
        <ele>11.02</ele>
      </trkpt>
      <trkpt lat="37.005496406927705" lon="140.90821092948318">
        <ele>10.9</ele>
      </trkpt>
      <trkpt lat="37.00525785796344" lon="140.90827102772892">
        <ele>10.75</ele>
      </trkpt>
      <trkpt lat="37.00501788407564" lon="140.9083315450698">
        <ele>10.66</ele>
      </trkpt>
      <trkpt lat="37.00478612445295" lon="140.908379573375">
        <ele>10.55</ele>
      </trkpt>
      <trkpt lat="37.004554281011224" lon="140.90842751786113">
        <ele>10.53</ele>
      </trkpt>
      <trkpt lat="37.00432092882693" lon="140.9084757976234">
        <ele>10.51</ele>
      </trkpt>
      <trkpt lat="37.00409662909806" lon="140.9085360635072">
        <ele>10.56</ele>
      </trkpt>
      <trkpt lat="37.00387232936919" lon="140.908596329391">
        <ele>10.59</ele>
      </trkpt>
      <trkpt lat="37.00364668853581" lon="140.90865701436996">
        <ele>10.58</ele>
      </trkpt>
      <trkpt lat="37.003425573930144" lon="140.90869573876262">
        <ele>10.58</ele>
      </trkpt>
      <trkpt lat="37.00320437550545" lon="140.90873446315527">
        <ele>10.56</ele>
      </trkpt>
      <trkpt lat="37.00298183597624" lon="140.90877343900502">
        <ele>10.67</ele>
      </trkpt>
      <trkpt lat="37.002756698057055" lon="140.9088225569576">
        <ele>10.78</ele>
      </trkpt>
      <trkpt lat="37.002531476318836" lon="140.90887159109116">
        <ele>10.78</ele>
      </trkpt>
      <trkpt lat="37.00230491347611" lon="140.90892104431987">
        <ele>10.75</ele>
      </trkpt>
      <trkpt lat="37.00207935646176" lon="140.90898105874658">
        <ele>10.69</ele>
      </trkpt>
      <trkpt lat="37.00185388326645" lon="140.90904115699232">
        <ele>10.56</ele>
      </trkpt>
      <trkpt lat="37.001626985147595" lon="140.90910159051418">
        <ele>10.5</ele>
      </trkpt>
      <trkpt lat="37.00140352360904" lon="140.90914878062904">
        <ele>10.44</ele>
      </trkpt>
      <trkpt lat="37.00118006207049" lon="140.90919605456293">
        <ele>10.37</ele>
      </trkpt>
      <trkpt lat="37.000955091789365" lon="140.9092435799539">
        <ele>10.32</ele>
      </trkpt>
      <trkpt lat="37.000728864222765" lon="140.9093009121716">
        <ele>10.3</ele>
      </trkpt>
      <trkpt lat="37.00050255283713" lon="140.90935816057026">
        <ele>10.31</ele>
      </trkpt>
      <trkpt lat="37.00027481652796" lon="140.90941582806408">
        <ele>10.24</ele>
      </trkpt>
      <trkpt lat="37.00003869831562" lon="140.90942798182368">
        <ele>9.93</ele>
      </trkpt>
      <trkpt lat="36.99980258010328" lon="140.90944013558328">
        <ele>9.73</ele>
      </trkpt>
      <trkpt lat="36.9995647855103" lon="140.9094523731619">
        <ele>9.64</ele>
      </trkpt>
      <trkpt lat="36.99934291653335" lon="140.9094108827412">
        <ele>9.51</ele>
      </trkpt>
      <trkpt lat="36.99912096373737" lon="140.9093693923205">
        <ele>9.33</ele>
      </trkpt>
      <trkpt lat="36.99889758601785" lon="140.9093275666237">
        <ele>9.1</ele>
      </trkpt>
      <trkpt lat="36.99868166819215" lon="140.9092617686838">
        <ele>8.9</ele>
      </trkpt>
      <trkpt lat="36.99846575036645" lon="140.90919605456293">
        <ele>8.77</ele>
      </trkpt>
      <trkpt lat="36.998248575255275" lon="140.90912983752787">
        <ele>8.64</ele>
      </trkpt>
      <trkpt lat="36.99803181923926" lon="140.90905280783772">
        <ele>8.49</ele>
      </trkpt>
      <trkpt lat="36.99781506322324" lon="140.90897577814758">
        <ele>8.33</ele>
      </trkpt>
      <trkpt lat="36.99759696610272" lon="140.90889832936227">
        <ele>8.18</ele>
      </trkpt>
      <trkpt lat="36.99738138355315" lon="140.90884284116328">
        <ele>8.04</ele>
      </trkpt>
      <trkpt lat="36.997165717184544" lon="140.9087874367833">
        <ele>8.0</ele>
      </trkpt>
      <trkpt lat="36.99694870971143" lon="140.90873169712722">
        <ele>8.02</ele>
      </trkpt>
      <trkpt lat="36.996740251779556" lon="140.90865433216095">
        <ele>8.04</ele>
      </trkpt>
      <trkpt lat="36.99653187766671" lon="140.90857696719468">
        <ele>8.01</ele>
      </trkpt>
      <trkpt lat="36.99632224626839" lon="140.90849918313324">
        <ele>7.99</ele>
      </trkpt>
      <trkpt lat="36.99610850773752" lon="140.90843942016363">
        <ele>7.96</ele>
      </trkpt>
      <trkpt lat="36.99589468538761" lon="140.908379573375">
        <ele>7.93</ele>
      </trkpt>
      <trkpt lat="36.99567960575223" lon="140.90831947512925">
        <ele>7.95</ele>
      </trkpt>
      <trkpt lat="36.99546427465975" lon="140.90824286453426">
        <ele>7.98</ele>
      </trkpt>
      <trkpt lat="36.995248859748244" lon="140.90816617012024">
        <ele>8.02</ele>
      </trkpt>
      <trkpt lat="36.99503227137029" lon="140.9080891404301">
        <ele>8.05</ele>
      </trkpt>
      <trkpt lat="36.994804199784994" lon="140.9080283716321">
        <ele>8.08</ele>
      </trkpt>
      <trkpt lat="36.99457621201873" lon="140.90796751901507">
        <ele>8.14</ele>
      </trkpt>
      <trkpt lat="36.99434679932892" lon="140.90790633112192">
        <ele>8.17</ele>
      </trkpt>
      <trkpt lat="36.9941390119493" lon="140.90783525258303">
        <ele>8.31</ele>
      </trkpt>
      <trkpt lat="36.99393114075065" lon="140.90776417404413">
        <ele>8.46</ele>
      </trkpt>
      <trkpt lat="36.99372217990458" lon="140.90769267641008">
        <ele>8.58</ele>
      </trkpt>
      <trkpt lat="36.99350274167955" lon="140.90761992149055">
        <ele>8.7</ele>
      </trkpt>
      <trkpt lat="36.99328321963549" lon="140.907547082752">
        <ele>8.81</ele>
      </trkpt>
      <trkpt lat="36.99306252412498" lon="140.9074739087373">
        <ele>8.91</ele>
      </trkpt>
      <trkpt lat="36.9928506296128" lon="140.90737550519407">
        <ele>8.94</ele>
      </trkpt>
      <trkpt lat="36.99263873510063" lon="140.90727710165083">
        <ele>8.97</ele>
      </trkpt>
      <trkpt lat="36.99242575094104" lon="140.9071781951934">
        <ele>8.92</ele>
      </trkpt>
      <trkpt lat="36.992236487567425" lon="140.9070388879627">
        <ele>8.89</ele>
      </trkpt>
      <trkpt lat="36.99204714037478" lon="140.906899580732">
        <ele>8.8</ele>
      </trkpt>
      <trkpt lat="36.991857290267944" lon="140.9067597705871">
        <ele>8.77</ele>
      </trkpt>
      <trkpt lat="36.99158923700452" lon="140.9065565932542">
        <ele>8.69</ele>
      </trkpt>
      <trkpt lat="36.9913206808269" lon="140.90635291300714">
        <ele>8.63</ele>
      </trkpt>
      <trkpt lat="36.991126388311386" lon="140.90621251612902">
        <ele>8.56</ele>
      </trkpt>
      <trkpt lat="36.99093201197684" lon="140.9060721192509">
        <ele>8.49</ele>
      </trkpt>
      <trkpt lat="36.990736965090036" lon="140.9059313032776">
        <ele>8.4</ele>
      </trkpt>
      <trkpt lat="36.99054216966033" lon="140.90579325333238">
        <ele>8.4</ele>
      </trkpt>
      <trkpt lat="36.99034737423062" lon="140.90565520338714">
        <ele>8.42</ele>
      </trkpt>
      <trkpt lat="36.99015182442963" lon="140.90551673434675">
        <ele>8.41</ele>
      </trkpt>
      <trkpt lat="36.98995401151478" lon="140.90537935495377">
        <ele>8.4</ele>
      </trkpt>
      <trkpt lat="36.989756198599935" lon="140.90524205937982">
        <ele>8.35</ele>
      </trkpt>
      <trkpt lat="36.9895576313138" lon="140.90510426089168">
        <ele>8.29</ele>
      </trkpt>
      <trkpt lat="36.98929578065872" lon="140.9049024246633">
        <ele>8.28</ele>
      </trkpt>
      <trkpt lat="36.98903334327042" lon="140.90470016933978">
        <ele>8.27</ele>
      </trkpt>
      <trkpt lat="36.988841984421015" lon="140.90456496924162">
        <ele>8.3</ele>
      </trkpt>
      <trkpt lat="36.98865054175258" lon="140.9044298529625">
        <ele>8.32</ele>
      </trkpt>
      <trkpt lat="36.98845851235092" lon="140.90429423376918">
        <ele>8.34</ele>
      </trkpt>
      <trkpt lat="36.988185262307525" lon="140.90409918688238">
        <ele>8.35</ele>
      </trkpt>
      <trkpt lat="36.98791134171188" lon="140.90390372090042">
        <ele>8.34</ele>
      </trkpt>
      <trkpt lat="36.9877237547189" lon="140.90376567095518">
        <ele>8.39</ele>
      </trkpt>
      <trkpt lat="36.98753625154495" lon="140.9036275371909">
        <ele>8.32</ele>
      </trkpt>
      <trkpt lat="36.98734799399972" lon="140.9034889843315">
        <ele>8.14</ele>
      </trkpt>
      <trkpt lat="36.98715462349355" lon="140.90334875509143">
        <ele>7.83</ele>
      </trkpt>
      <trkpt lat="36.98696133680642" lon="140.90320844203234">
        <ele>7.53</ele>
      </trkpt>
      <trkpt lat="36.986767295747995" lon="140.9030677098781">
        <ele>7.26</ele>
      </trkpt>
      <trkpt lat="36.986566381528974" lon="140.90293066576123">
        <ele>7.0</ele>
      </trkpt>
      <trkpt lat="36.98636546730995" lon="140.90279362164438">
        <ele>6.75</ele>
      </trkpt>
      <trkpt lat="36.98616371490061" lon="140.90265607461333">
        <ele>6.52</ele>
      </trkpt>
      <trkpt lat="36.98595936410129" lon="140.9025159291923">
        <ele>6.3</ele>
      </trkpt>
      <trkpt lat="36.98575492948294" lon="140.90237569995224">
        <ele>6.04</ele>
      </trkpt>
      <trkpt lat="36.9855497404933" lon="140.902234967798">
        <ele>5.77</ele>
      </trkpt>
      <trkpt lat="36.98535159230232" lon="140.90209867805243">
        <ele>5.49</ele>
      </trkpt>
      <trkpt lat="36.985153360292315" lon="140.90196238830686">
        <ele>5.19</ele>
      </trkpt>
      <trkpt lat="36.984954457730055" lon="140.9018255956471">
        <ele>4.89</ele>
      </trkpt>
      <trkpt lat="36.98475890792906" lon="140.90169441886246">
        <ele>4.61</ele>
      </trkpt>
      <trkpt lat="36.98456327430904" lon="140.90156324207783">
        <ele>4.37</ele>
      </trkpt>
      <trkpt lat="36.98436697013676" lon="140.901431562379">
        <ele>4.18</ele>
      </trkpt>
      <trkpt lat="36.984169743955135" lon="140.90133290737867">
        <ele>4.06</ele>
      </trkpt>
      <trkpt lat="36.98397251777351" lon="140.9012341685593">
        <ele>3.95</ele>
      </trkpt>
      <trkpt lat="36.983774369582534" lon="140.9011350106448">
        <ele>3.82</ele>
      </trkpt>
      <trkpt lat="36.98356272652745" lon="140.90106116607785">
        <ele>3.72</ele>
      </trkpt>
      <trkpt lat="36.98335108347237" lon="140.90098723769188">
        <ele>3.71</ele>
      </trkpt>
      <trkpt lat="36.983138266950846" lon="140.90091297402978">
        <ele>3.75</ele>
      </trkpt>
      <trkpt lat="36.98292000219226" lon="140.90084365569055">
        <ele>3.78</ele>
      </trkpt>
      <trkpt lat="36.982701821252704" lon="140.90077433735132">
        <ele>3.82</ele>
      </trkpt>
      <trkpt lat="36.98248229920864" lon="140.9007045160979">
        <ele>3.96</ele>
      </trkpt>
      <trkpt lat="36.98227149434388" lon="140.90064156800508">
        <ele>4.17</ele>
      </trkpt>
      <trkpt lat="36.98206068947911" lon="140.90057853609324">
        <ele>4.48</ele>
      </trkpt>
      <trkpt lat="36.98184862732887" lon="140.90051516890526">
        <ele>4.74</ele>
      </trkpt>
      <trkpt lat="36.98154017329216" lon="140.9005551505834">
        <ele>5.12</ele>
      </trkpt>
      <trkpt lat="36.98123029433191" lon="140.90059521608055">
        <ele>5.58</ele>
      </trkpt>
      <trkpt lat="36.98104094713926" lon="140.90071767568588">
        <ele>6.04</ele>
      </trkpt>
      <trkpt lat="36.980851516127586" lon="140.90084013529122">
        <ele>6.61</ele>
      </trkpt>
      <trkpt lat="36.980661330744624" lon="140.90096309781075">
        <ele>7.33</ele>
      </trkpt>
      <trkpt lat="36.98047734797001" lon="140.90109134092927">
        <ele>8.14</ele>
      </trkpt>
      <trkpt lat="36.98029328137636" lon="140.9012195840478">
        <ele>9.01</ele>
      </trkpt>
      <trkpt lat="36.98010862804949" lon="140.90134824626148">
        <ele>9.91</ele>
      </trkpt>
      <trkpt lat="36.9799199514091" lon="140.9014801774174">
        <ele>10.86</ele>
      </trkpt>
      <trkpt lat="36.97973119094968" lon="140.90161210857332">
        <ele>11.79</ele>
      </trkpt>
      <trkpt lat="36.979541759938" lon="140.90174454264343">
        <ele>12.84</ele>
      </trkpt>
      <trkpt lat="36.97927328757942" lon="140.9019360691309">
        <ele>14.01</ele>
      </trkpt>
      <trkpt lat="36.97900414466858" lon="140.90212801471353">
        <ele>15.19</ele>
      </trkpt>
      <trkpt lat="36.97874908335507" lon="140.902314260602">
        <ele>16.44</ele>
      </trkpt>
      <trkpt lat="36.97849343530834" lon="140.90250100940466">
        <ele>17.79</ele>
      </trkpt>
      <trkpt lat="36.97823166847229" lon="140.90269094333053">
        <ele>19.09</ele>
      </trkpt>
      <trkpt lat="36.97796931490302" lon="140.90288138017058">
        <ele>20.41</ele>
      </trkpt>
      <trkpt lat="36.977711571380496" lon="140.90305279009044">
        <ele>21.66</ele>
      </trkpt>
      <trkpt lat="36.97745315730572" lon="140.90322461910546">
        <ele>22.81</ele>
      </trkpt>
      <trkpt lat="36.97719248011708" lon="140.90341388247907">
        <ele>24.03</ele>
      </trkpt>
      <trkpt lat="36.976931132376194" lon="140.90360364876688">
        <ele>25.23</ele>
      </trkpt>
      <trkpt lat="36.97665159590542" lon="140.90375578030944">
        <ele>26.36</ele>
      </trkpt>
      <trkpt lat="36.9763711374253" lon="140.90390833094716">
        <ele>27.61</ele>
      </trkpt>
      <trkpt lat="36.976090762764215" lon="140.90402727015316">
        <ele>28.65</ele>
      </trkpt>
      <trkpt lat="36.975809298455715" lon="140.90414662845433">
        <ele>29.44</ele>
      </trkpt>
      <trkpt lat="36.97560293599963" lon="140.90420295484364">
        <ele>30.16</ele>
      </trkpt>
      <trkpt lat="36.97539657354355" lon="140.90425919741392">
        <ele>30.96</ele>
      </trkpt>
      <trkpt lat="36.97518895380199" lon="140.90431585907936">
        <ele>31.54</ele>
      </trkpt>
      <trkpt lat="36.974973790347576" lon="140.90437553822994">
        <ele>31.98</ele>
      </trkpt>
      <trkpt lat="36.97475862689316" lon="140.90443521738052">
        <ele>32.23</ele>
      </trkpt>
      <trkpt lat="36.974542206153274" lon="140.90449531562626">
        <ele>32.41</ele>
      </trkpt>
      <trkpt lat="36.97431723587215" lon="140.90455926954746">
        <ele>32.32</ele>
      </trkpt>
      <trkpt lat="36.974092265591025" lon="140.90462322346866">
        <ele>32.18</ele>
      </trkpt>
      <trkpt lat="36.973865954205394" lon="140.90468759648502">
        <ele>32.05</ele>
      </trkpt>
      <trkpt lat="36.97364006191492" lon="140.90476085431874">
        <ele>31.77</ele>
      </trkpt>
      <trkpt lat="36.97341425344348" lon="140.90483411215246">
        <ele>31.39</ele>
      </trkpt>
      <trkpt lat="36.97318710386753" lon="140.90490787290037">
        <ele>31.03</ele>
      </trkpt>
      <trkpt lat="36.973072942346334" lon="140.90526837855577">
        <ele>30.81</ele>
      </trkpt>
      <trkpt lat="36.9729591999203" lon="140.90562779456377">
        <ele>30.43</ele>
      </trkpt>
      <trkpt lat="36.97291326709092" lon="140.90600523166358">
        <ele>30.24</ele>
      </trkpt>
      <trkpt lat="36.9728675018996" lon="140.90638116002083">
        <ele>30.53</ele>
      </trkpt>
      <trkpt lat="36.972757866606116" lon="140.9067143406719">
        <ele>30.54</ele>
      </trkpt>
      <trkpt lat="36.97264856658876" lon="140.90704651549459">
        <ele>30.52</ele>
      </trkpt>
      <trkpt lat="36.972519401460886" lon="140.90736938640475">
        <ele>30.62</ele>
      </trkpt>
      <trkpt lat="36.97239065542817" lon="140.90769158676267">
        <ele>30.38</ele>
      </trkpt>
      <trkpt lat="36.9722699560225" lon="140.90801127254963">
        <ele>30.37</ele>
      </trkpt>
      <trkpt lat="36.97214959189296" lon="140.90833012014627">
        <ele>30.5</ele>
      </trkpt>
      <trkpt lat="36.97201330214739" lon="140.90866698883474">
        <ele>30.77</ele>
      </trkpt>
      <trkpt lat="36.971877263858914" lon="140.90900301933289">
        <ele>30.94</ele>
      </trkpt>
      <trkpt lat="36.97178363800049" lon="140.90926780365407">
        <ele>30.94</ele>
      </trkpt>
      <trkpt lat="36.97168992832303" lon="140.90953250415623">
        <ele>30.96</ele>
      </trkpt>
      <trkpt lat="36.97159663774073" lon="140.90979619883">
        <ele>30.94</ele>
      </trkpt>
      <trkpt lat="36.97151047177613" lon="140.9100829437375">
        <ele>30.89</ele>
      </trkpt>
      <trkpt lat="36.971424305811524" lon="140.91036977246404">
        <ele>30.91</ele>
      </trkpt>
      <trkpt lat="36.97133847512305" lon="140.91065517626703">
        <ele>30.92</ele>
      </trkpt>
      <trkpt lat="36.97129279375076" lon="140.91095097362995">
        <ele>30.95</ele>
      </trkpt>
      <trkpt lat="36.97124711237848" lon="140.91124668717384">
        <ele>30.95</ele>
      </trkpt>
      <trkpt lat="36.97120168246329" lon="140.91154080815613">
        <ele>31.07</ele>
      </trkpt>
      <trkpt lat="36.971129262819886" lon="140.91191271319985">
        <ele>31.47</ele>
      </trkpt>
      <trkpt lat="36.97105717845261" lon="140.91228327713907">
        <ele>32.14</ele>
      </trkpt>
      <trkpt lat="36.97099523618817" lon="140.9126298688352">
        <ele>32.59</ele>
      </trkpt>
      <trkpt lat="36.97093354538083" lon="140.9129752870649">
        <ele>33.13</ele>
      </trkpt>
      <trkpt lat="36.970885852351785" lon="140.91333160176873">
        <ele>33.59</ele>
      </trkpt>
      <trkpt lat="36.97083824314177" lon="140.91368649154902">
        <ele>33.79</ele>
      </trkpt>
      <trkpt lat="36.970782252028584" lon="140.91404213570058">
        <ele>33.8</ele>
      </trkpt>
      <trkpt lat="36.97072642855346" lon="140.9143963549286">
        <ele>33.6</ele>
      </trkpt>
      <trkpt lat="36.970683094114065" lon="140.91466675512493">
        <ele>33.2</ele>
      </trkpt>
      <trkpt lat="36.9706398434937" lon="140.9149370715022">
        <ele>32.69</ele>
      </trkpt>
      <trkpt lat="36.97059684433043" lon="140.91520587913692">
        <ele>31.86</ele>
      </trkpt>
      <trkpt lat="36.97056817822158" lon="140.91548801399767">
        <ele>30.88</ele>
      </trkpt>
      <trkpt lat="36.97053951211274" lon="140.91577014885843">
        <ele>30.08</ele>
      </trkpt>
      <trkpt lat="36.97051101364195" lon="140.91605060733855">
        <ele>29.34</ele>
      </trkpt>
      <trkpt lat="36.970472456887364" lon="140.91633542440832">
        <ele>28.29</ele>
      </trkpt>
      <trkpt lat="36.970433900132775" lon="140.91662015765905">
        <ele>27.07</ele>
      </trkpt>
      <trkpt lat="36.97039559483528" lon="140.91690321452916">
        <ele>25.9</ele>
      </trkpt>
      <trkpt lat="36.97033340111375" lon="140.91717721894383">
        <ele>24.77</ele>
      </trkpt>
      <trkpt lat="36.970271123573184" lon="140.9174512233585">
        <ele>23.64</ele>
      </trkpt>
      <trkpt lat="36.970209181308746" lon="140.91772371903062">
        <ele>22.55</ele>
      </trkpt>
      <trkpt lat="36.970056127756834" lon="140.91794483363628">
        <ele>21.63</ele>
      </trkpt>
      <trkpt lat="36.96990307420492" lon="140.91816586442292">
        <ele>20.81</ele>
      </trkpt>
      <trkpt lat="36.96975010447204" lon="140.9183867275715">
        <ele>19.97</ele>
      </trkpt>
      <trkpt lat="36.96955572813749" lon="140.91851111501455">
        <ele>19.24</ele>
      </trkpt>
      <trkpt lat="36.96936143562198" lon="140.91863558627665">
        <ele>18.61</ele>
      </trkpt>
      <trkpt lat="36.96916630491614" lon="140.9187604766339">
        <ele>18.02</ele>
      </trkpt>
      <trkpt lat="36.96894812397659" lon="140.91880397871137">
        <ele>17.45</ele>
      </trkpt>
      <trkpt lat="36.96872994303703" lon="140.91884748078883">
        <ele>16.91</ele>
      </trkpt>
      <trkpt lat="36.96851033717394" lon="140.9188913181424">
        <ele>16.43</ele>
      </trkpt>
      <trkpt lat="36.968287797644734" lon="140.9188640769571">
        <ele>16.05</ele>
      </trkpt>
      <trkpt lat="36.96806525811553" lon="140.91883691959083">
        <ele>15.76</ele>
      </trkpt>
      <trkpt lat="36.96784129366279" lon="140.91880951076746">
        <ele>15.54</ele>
      </trkpt>
      <trkpt lat="36.967628141865134" lon="140.91876433230937">
        <ele>15.29</ele>
      </trkpt>
      <trkpt lat="36.96741499006748" lon="140.9187192376703">
        <ele>15.01</ele>
      </trkpt>
      <trkpt lat="36.96720049716532" lon="140.91867372393608">
        <ele>14.8</ele>
      </trkpt>
      <trkpt lat="36.96698550134897" lon="140.9186756517738">
        <ele>14.72</ele>
      </trkpt>
      <trkpt lat="36.96677050553262" lon="140.9186774957925">
        <ele>14.66</ele>
      </trkpt>
      <trkpt lat="36.96655408479273" lon="140.91867942363024">
        <ele>14.52</ele>
      </trkpt>
      <trkpt lat="36.966334814205766" lon="140.91873415745795">
        <ele>14.43</ele>
      </trkpt>
      <trkpt lat="36.96611545979977" lon="140.91878889128566">
        <ele>14.42</ele>
      </trkpt>
      <trkpt lat="36.96589476428926" lon="140.91884404420853">
        <ele>14.39</ele>
      </trkpt>
      <trkpt lat="36.96567691862583" lon="140.91890833340585">
        <ele>14.46</ele>
      </trkpt>
      <trkpt lat="36.96545898914337" lon="140.9189727064222">
        <ele>14.44</ele>
      </trkpt>
      <trkpt lat="36.965239802375436" lon="140.9190374147147">
        <ele>14.47</ele>
      </trkpt>
      <trkpt lat="36.965027656406164" lon="140.91911503113806">
        <ele>14.57</ele>
      </trkpt>
      <trkpt lat="36.96481542661786" lon="140.9191925637424">
        <ele>14.61</ele>
      </trkpt>
      <trkpt lat="36.96460193954408" lon="140.91927059926093">
        <ele>14.59</ele>
      </trkpt>
      <trkpt lat="36.96439582854509" lon="140.91934276744723">
        <ele>14.54</ele>
      </trkpt>
      <trkpt lat="36.964189717546105" lon="140.9194148518145">
        <ele>14.55</ele>
      </trkpt>
      <trkpt lat="36.96398243308067" lon="140.91948743909597">
        <ele>14.63</ele>
      </trkpt>
      <trkpt lat="36.96376056410372" lon="140.91954820789397">
        <ele>14.76</ele>
      </trkpt>
      <trkpt lat="36.96353869512677" lon="140.91960889287293">
        <ele>14.96</ele>
      </trkpt>
      <trkpt lat="36.963315568864346" lon="140.91967008076608">
        <ele>15.22</ele>
      </trkpt>
      <trkpt lat="36.963081965222955" lon="140.91970017179847">
        <ele>15.55</ele>
      </trkpt>
      <trkpt lat="36.962848361581564" lon="140.91973034664989">
        <ele>15.77</ele>
      </trkpt>
      <trkpt lat="36.9626132491976" lon="140.91976068913937">
        <ele>15.97</ele>
      </trkpt>
      <trkpt lat="36.96239531971514" lon="140.9197478648275">
        <ele>16.26</ele>
      </trkpt>
      <trkpt lat="36.96217730641365" lon="140.91973495669663">
        <ele>16.55</ele>
      </trkpt>
      <trkpt lat="36.96195786818862" lon="140.9197219647467">
        <ele>16.83</ele>
      </trkpt>
      <trkpt lat="36.96173541247845" lon="140.91970201581717">
        <ele>17.12</ele>
      </trkpt>
      <trkpt lat="36.961512956768274" lon="140.91968206688762">
        <ele>17.2</ele>
      </trkpt>
      <trkpt lat="36.96128907613456" lon="140.91966186650097">
        <ele>17.26</ele>
      </trkpt>
      <trkpt lat="36.96107408031821" lon="140.9196230582893">
        <ele>17.31</ele>
      </trkpt>
      <trkpt lat="36.96085908450186" lon="140.91958416625857">
        <ele>17.38</ele>
      </trkpt>
      <trkpt lat="36.96064266376197" lon="140.91954502277076">
        <ele>17.46</ele>
      </trkpt>
      <trkpt lat="36.96042129769921" lon="140.9195083938539">
        <ele>17.48</ele>
      </trkpt>
      <trkpt lat="36.96019993163645" lon="140.919471681118">
        <ele>17.49</ele>
      </trkpt>
      <trkpt lat="36.95997714065015" lon="140.91943480074406">
        <ele>17.45</ele>
      </trkpt>
      <trkpt lat="36.95976491086185" lon="140.91939372941852">
        <ele>17.34</ele>
      </trkpt>
      <trkpt lat="36.959552681073546" lon="140.91935257427394">
        <ele>17.17</ele>
      </trkpt>
      <trkpt lat="36.959339026361704" lon="140.9193112514913">
        <ele>16.83</ele>
      </trkpt>
      <trkpt lat="36.95912436582148" lon="140.91926464810967">
        <ele>16.4</ele>
      </trkpt>
      <trkpt lat="36.95890970528126" lon="140.91921804472804">
        <ele>16.0</ele>
      </trkpt>
      <trkpt lat="36.95869370363653" lon="140.91917110607028">
        <ele>15.63</ele>
      </trkpt>
      <trkpt lat="36.958471247926354" lon="140.91913766227663">
        <ele>15.32</ele>
      </trkpt>
      <trkpt lat="36.95824879221618" lon="140.91910413466394">
        <ele>15.04</ele>
      </trkpt>
      <trkpt lat="36.95802491158247" lon="140.91907052323222">
        <ele>14.84</ele>
      </trkpt>
      <trkpt lat="36.95779440924525" lon="140.91903045773506">
        <ele>14.53</ele>
      </trkpt>
      <trkpt lat="36.957563906908035" lon="140.9189903922379">
        <ele>14.06</ele>
      </trkpt>
      <trkpt lat="36.95733197964728" lon="140.91895007528365">
        <ele>13.49</ele>
      </trkpt>
      <trkpt lat="36.95710198022425" lon="140.91893364675343">
        <ele>12.86</ele>
      </trkpt>
      <trkpt lat="36.956872064620256" lon="140.91891730204225">
        <ele>12.3</ele>
      </trkpt>
      <trkpt lat="36.95664055645466" lon="140.91890070587397">
        <ele>11.73</ele>
      </trkpt>
      <trkpt lat="36.95642162114382" lon="140.9189539309591">
        <ele>11.17</ele>
      </trkpt>
      <trkpt lat="36.95620268583298" lon="140.9190070722252">
        <ele>10.62</ele>
      </trkpt>
      <trkpt lat="36.95598240941763" lon="140.91906063258648">
        <ele>10.02</ele>
      </trkpt>
      <trkpt lat="36.95575995370746" lon="140.91918426565826">
        <ele>9.48</ele>
      </trkpt>
      <trkpt lat="36.955537497997284" lon="140.91930798254907">
        <ele>8.97</ele>
      </trkpt>
      <trkpt lat="36.95531403645873" lon="140.9194322861731">
        <ele>8.5</ele>
      </trkpt>
      <trkpt lat="36.95512619800866" lon="140.91959355399013">
        <ele>7.97</ele>
      </trkpt>
      <trkpt lat="36.954938443377614" lon="140.91975490562618">
        <ele>7.54</ele>
      </trkpt>
      <trkpt lat="36.95475018583238" lon="140.9199166763574">
        <ele>7.14</ele>
      </trkpt>
      <trkpt lat="36.954561257734895" lon="140.92008448205888">
        <ele>6.84</ele>
      </trkpt>
      <trkpt lat="36.95437241345644" lon="140.92025228776038">
        <ele>6.55</ele>
      </trkpt>
      <trkpt lat="36.954183066263795" lon="140.92042051255703">
        <ele>6.31</ele>
      </trkpt>
      <trkpt lat="36.95398944430053" lon="140.92055722139776">
        <ele>6.08</ele>
      </trkpt>
      <trkpt lat="36.95379582233727" lon="140.92069393023849">
        <ele>5.86</ele>
      </trkpt>
      <trkpt lat="36.95360152982175" lon="140.92083105817437">
        <ele>5.66</ele>
      </trkpt>
      <trkpt lat="36.95338896475732" lon="140.92093222774565">
        <ele>5.47</ele>
      </trkpt>
      <trkpt lat="36.953176483511925" lon="140.92103339731693">
        <ele>5.36</ele>
      </trkpt>
      <trkpt lat="36.952962912619114" lon="140.9211350698024">
        <ele>5.27</ele>
      </trkpt>
      <trkpt lat="36.9527324102819" lon="140.92116910032928">
        <ele>5.17</ele>
      </trkpt>
      <trkpt lat="36.95250190794468" lon="140.92120304703712">
        <ele>5.1</ele>
      </trkpt>
      <trkpt lat="36.95226981304586" lon="140.92123724520206">
        <ele>5.05</ele>
      </trkpt>
      <trkpt lat="36.9520431663841" lon="140.921218553558">
        <ele>5.01</ele>
      </trkpt>
      <trkpt lat="36.95181651972234" lon="140.92119986191392">
        <ele>4.98</ele>
      </trkpt>
      <trkpt lat="36.95158836431801" lon="140.92118108645082">
        <ele>4.92</ele>
      </trkpt>
      <trkpt lat="36.95137026719749" lon="140.92114831320941">
        <ele>4.92</ele>
      </trkpt>
      <trkpt lat="36.951152253896" lon="140.92111545614898">
        <ele>4.96</ele>
      </trkpt>
      <trkpt lat="36.950932731851935" lon="140.9210824314505">
        <ele>4.99</ele>
      </trkpt>
      <trkpt lat="36.950715305283666" lon="140.92104672454298">
        <ele>4.92</ele>
      </trkpt>
      <trkpt lat="36.95049796253443" lon="140.92101101763546">
        <ele>4.87</ele>
      </trkpt>
      <trkpt lat="36.95027911104262" lon="140.92097505927086">
        <ele>4.85</ele>
      </trkpt>
      <trkpt lat="36.95006721653044" lon="140.92096718028188">
        <ele>4.84</ele>
      </trkpt>
      <trkpt lat="36.949855322018266" lon="140.92095938511193">
        <ele>4.87</ele>
      </trkpt>
      <trkpt lat="36.94964208640158" lon="140.92095142230392">
        <ele>4.86</ele>
      </trkpt>
      <trkpt lat="36.949574863538146" lon="140.9212191402912">
        <ele>4.78</ele>
      </trkpt>
      <trkpt lat="36.94950772449374" lon="140.92148677445948">
        <ele>4.75</ele>
      </trkpt>
      <trkpt lat="36.949440920725465" lon="140.92175315134227">
        <ele>4.8</ele>
      </trkpt>
      <trkpt lat="36.94941468536854" lon="140.9220280777663">
        <ele>4.73</ele>
      </trkpt>
      <trkpt lat="36.94938853383064" lon="140.92230300419033">
        <ele>4.74</ele>
      </trkpt>
      <trkpt lat="36.94936254993081" lon="140.92257633805275">
        <ele>4.68</ele>
      </trkpt>
      <trkpt lat="36.94933597929776" lon="140.92285470105708">
        <ele>4.68</ele>
      </trkpt>
      <trkpt lat="36.9493094086647" lon="140.9231330640614">
        <ele>4.72</ele>
      </trkpt>
      <trkpt lat="36.949283089488745" lon="140.9234097506851">
        <ele>4.78</ele>
      </trkpt>
      <trkpt lat="36.94925291463733" lon="140.92369062826037">
        <ele>4.88</ele>
      </trkpt>
      <trkpt lat="36.94922273978591" lon="140.92397142201662">
        <ele>5.01</ele>
      </trkpt>
      <trkpt lat="36.949192732572556" lon="140.92425053939223">
        <ele>5.16</ele>
      </trkpt>
      <trkpt lat="36.949157025665045" lon="140.92453451827168">
        <ele>5.32</ele>
      </trkpt>
      <trkpt lat="36.949121318757534" lon="140.92481849715114">
        <ele>5.54</ele>
      </trkpt>
      <trkpt lat="36.94908586330712" lon="140.92510079964995">
        <ele>5.77</ele>
      </trkpt>
      <trkpt lat="36.94905853830278" lon="140.92536751180887">
        <ele>6.1</ele>
      </trkpt>
      <trkpt lat="36.94903112947941" lon="140.9256342239678">
        <ele>6.38</ele>
      </trkpt>
      <trkpt lat="36.9490038882941" lon="140.9258993435651">
        <ele>6.66</ele>
      </trkpt>
      <trkpt lat="36.94895560853183" lon="140.92627971433103">
        <ele>7.01</ele>
      </trkpt>
      <trkpt lat="36.94890749640763" lon="140.92665857635438">
        <ele>7.42</ele>
      </trkpt>
      <trkpt lat="36.94891839288175" lon="140.92693987302482">
        <ele>7.78</ele>
      </trkpt>
      <trkpt lat="36.948929289355874" lon="140.92722116969526">
        <ele>8.11</ele>
      </trkpt>
      <trkpt lat="36.94894018583" lon="140.92750078998506">
        <ele>8.41</ele>
      </trkpt>
      <trkpt lat="36.948969438672066" lon="140.92777688987553">
        <ele>8.68</ele>
      </trkpt>
      <trkpt lat="36.948998691514134" lon="140.92805290594697">
        <ele>8.96</ele>
      </trkpt>
      <trkpt lat="36.94902769289911" lon="140.9283273294568">
        <ele>9.34</ele>
      </trkpt>
      <trkpt lat="36.949057364836335" lon="140.92860233969986">
        <ele>9.74</ele>
      </trkpt>
      <trkpt lat="36.94908703677356" lon="140.92887743376195">
        <ele>10.08</ele>
      </trkpt>
      <trkpt lat="36.949116541072726" lon="140.9291508514434">
        <ele>10.38</ele>
      </trkpt>
      <trkpt lat="36.94915434345603" lon="140.92941186390817">
        <ele>10.61</ele>
      </trkpt>
      <trkpt lat="36.9491920620203" lon="140.92967287637293">
        <ele>10.8</ele>
      </trkpt>
      <trkpt lat="36.94922961294651" lon="140.92993246391416">
        <ele>10.98</ele>
      </trkpt>
      <trkpt lat="36.9492351450026" lon="140.93020889908075">
        <ele>11.2</ele>
      </trkpt>
      <trkpt lat="36.9492406770587" lon="140.93048541806638">
        <ele>11.39</ele>
      </trkpt>
      <trkpt lat="36.94924620911479" lon="140.93076017685235">
        <ele>11.49</ele>
      </trkpt>
      <trkpt lat="36.94924964569509" lon="140.93103636056185">
        <ele>11.53</ele>
      </trkpt>
      <trkpt lat="36.94925299845636" lon="140.93131254427135">
        <ele>11.58</ele>
      </trkpt>
      <trkpt lat="36.94925635121763" lon="140.93158705160022">
        <ele>11.66</ele>
      </trkpt>
      <trkpt lat="36.94926037453115" lon="140.93187304213643">
        <ele>11.65</ele>
      </trkpt>
      <trkpt lat="36.949264481663704" lon="140.93215911649168">
        <ele>11.56</ele>
      </trkpt>
      <trkpt lat="36.949268421158195" lon="140.93244343064725">
        <ele>11.42</ele>
      </trkpt>
      <trkpt lat="36.94939616136253" lon="140.93266219832003">
        <ele>11.32</ele>
      </trkpt>
      <trkpt lat="36.94952390156686" lon="140.9328809659928">
        <ele>11.09</ele>
      </trkpt>
      <trkpt lat="36.949651474133134" lon="140.93309931457043">
        <ele>10.74</ele>
      </trkpt>
      <trkpt lat="36.94981341250241" lon="140.93328019604087">
        <ele>10.46</ele>
      </trkpt>
      <trkpt lat="36.94997535087168" lon="140.93346099369228">
        <ele>10.19</ele>
      </trkpt>
      <trkpt lat="36.95013754069805" lon="140.93364204280078">
        <ele>9.91</ele>
      </trkpt>
      <trkpt lat="36.950307693332434" lon="140.9338209964335">
        <ele>9.58</ele>
      </trkpt>
      <trkpt lat="36.950477845966816" lon="140.9339999500662">
        <ele>9.28</ele>
      </trkpt>
      <trkpt lat="36.95064825005829" lon="140.93417915515602">
        <ele>9.02</ele>
      </trkpt>
      <trkpt lat="36.95080448873341" lon="140.93435861170292">
        <ele>8.76</ele>
      </trkpt>
      <trkpt lat="36.9509606435895" lon="140.93453806824982">
        <ele>8.5</ele>
      </trkpt>
      <trkpt lat="36.951116966083646" lon="140.93471760861576">
        <ele>8.26</ele>
      </trkpt>
      <trkpt lat="36.95126633159816" lon="140.93490469269454">
        <ele>8.04</ele>
      </trkpt>
      <trkpt lat="36.95141569711268" lon="140.93509177677333">
        <ele>7.86</ele>
      </trkpt>
      <trkpt lat="36.95156514644623" lon="140.93527894467115">
        <ele>7.71</ele>
      </trkpt>
      <trkpt lat="36.951733035966754" lon="140.9354730695486">
        <ele>7.62</ele>
      </trkpt>
      <trkpt lat="36.95190092548728" lon="140.93566719442606">
        <ele>7.46</ele>
      </trkpt>
      <trkpt lat="36.95206889882684" lon="140.93586148694158">
        <ele>7.21</ele>
      </trkpt>
      <trkpt lat="36.95222673006356" lon="140.93604873865843">
        <ele>6.98</ele>
      </trkpt>
      <trkpt lat="36.952384477481246" lon="140.9362360741943">
        <ele>6.77</ele>
      </trkpt>
      <trkpt lat="36.952542392537" lon="140.93642349354923">
        <ele>6.58</ele>
      </trkpt>
      <trkpt lat="36.95270114578307" lon="140.9366092365235">
        <ele>6.4</ele>
      </trkpt>
      <trkpt lat="36.952859899029136" lon="140.9367949794978">
        <ele>6.23</ele>
      </trkpt>
      <trkpt lat="36.953018736094236" lon="140.9369808062911">
        <ele>6.04</ele>
      </trkpt>
      <trkpt lat="36.95317296311259" lon="140.93717359006405">
        <ele>5.8</ele>
      </trkpt>
      <trkpt lat="36.95332719013095" lon="140.937366373837">
        <ele>5.59</ele>
      </trkpt>
      <trkpt lat="36.95348150096834" lon="140.93755915760994">
        <ele>5.5</ele>
      </trkpt>
      <trkpt lat="36.95365165360272" lon="140.93773752450943">
        <ele>5.4</ele>
      </trkpt>
      <trkpt lat="36.95382189005613" lon="140.93791597522795">
        <ele>5.33</ele>
      </trkpt>
      <trkpt lat="36.95399229414761" lon="140.93809459358454">
        <ele>5.27</ele>
      </trkpt>
      <trkpt lat="36.95415842346847" lon="140.93826583586633">
        <ele>5.21</ele>
      </trkpt>
      <trkpt lat="36.95432455278933" lon="140.9384369943291">
        <ele>5.19</ele>
      </trkpt>
      <trkpt lat="36.954490933567286" lon="140.93860848806798">
        <ele>5.19</ele>
      </trkpt>
      <trkpt lat="36.954657481983304" lon="140.93878417275846">
        <ele>5.19</ele>
      </trkpt>
      <trkpt lat="36.95482403039932" lon="140.93895985744894">
        <ele>5.19</ele>
      </trkpt>
      <trkpt lat="36.954990830272436" lon="140.93913570977747">
        <ele>5.24</ele>
      </trkpt>
      <trkpt lat="36.9551289640367" lon="140.9393585845828">
        <ele>5.32</ele>
      </trkpt>
      <trkpt lat="36.95526701398194" lon="140.93958145938814">
        <ele>5.42</ele>
      </trkpt>
      <trkpt lat="36.95540489628911" lon="140.93980408273637">
        <ele>5.53</ele>
      </trkpt>
      <trkpt lat="36.95553096011281" lon="140.9400216769427">
        <ele>5.68</ele>
      </trkpt>
      <trkpt lat="36.95565702393651" lon="140.94023927114904">
        <ele>5.83</ele>
      </trkpt>
      <trkpt lat="36.95578292012215" lon="140.94045653007925">
        <ele>5.94</ele>
      </trkpt>
      <trkpt lat="36.95579088293016" lon="140.94073120504618">
        <ele>6.04</ele>
      </trkpt>
      <trkpt lat="36.95579884573817" lon="140.9410058800131">
        <ele>6.12</ele>
      </trkpt>
      <trkpt lat="36.955806808546185" lon="140.9412788785994">
        <ele>6.15</ele>
      </trkpt>
      <trkpt lat="36.9558266736567" lon="140.9415663778782">
        <ele>6.21</ele>
      </trkpt>
      <trkpt lat="36.95584645494819" lon="140.941853960976">
        <ele>6.38</ele>
      </trkpt>
      <trkpt lat="36.95586623623967" lon="140.94213970005512">
        <ele>6.5</ele>
      </trkpt>
      <trkpt lat="36.95586623623967" lon="140.94240909442306">
        <ele>6.57</ele>
      </trkpt>
      <trkpt lat="36.95586623623967" lon="140.94267840497196">
        <ele>6.61</ele>
      </trkpt>
      <trkpt lat="36.95586623623967" lon="140.94294612295926">
        <ele>6.56</ele>
      </trkpt>
      <trkpt lat="36.95584477856755" lon="140.94322096556425">
        <ele>6.38</ele>
      </trkpt>
      <trkpt lat="36.95582332089543" lon="140.94349580816925">
        <ele>6.2</ele>
      </trkpt>
      <trkpt lat="36.955801947042346" lon="140.9437689743936">
        <ele>6.06</ele>
      </trkpt>
      <trkpt lat="36.95575291290879" lon="140.94403761439025">
        <ele>6.01</ele>
      </trkpt>
      <trkpt lat="36.95570387877524" lon="140.9443062543869">
        <ele>5.53</ele>
      </trkpt>
      <trkpt lat="36.95565509609878" lon="140.94457338564098">
        <ele>5.8</ele>
      </trkpt>
      <trkpt lat="36.955603044480085" lon="140.94485585577786">
        <ele>5.61</ele>
      </trkpt>
      <trkpt lat="36.95555099286139" lon="140.94513832591474">
        <ele>5.48</ele>
      </trkpt>
      <trkpt lat="36.95549919269979" lon="140.94541928730905">
        <ele>5.28</ele>
      </trkpt>
      <trkpt lat="36.95549072697759" lon="140.9457067027688">
        <ele>5.17</ele>
      </trkpt>
      <trkpt lat="36.95548226125538" lon="140.9459942020476">
        <ele>5.09</ele>
      </trkpt>
      <trkpt lat="36.95547379553318" lon="140.94627985730767">
        <ele>5.06</ele>
      </trkpt>
      <trkpt lat="36.955469101667404" lon="140.94656601548195">
        <ele>5.23</ele>
      </trkpt>
      <trkpt lat="36.95546440780163" lon="140.94685217365623">
        <ele>5.04</ele>
      </trkpt>
      <trkpt lat="36.955459797754884" lon="140.9471364878118">
        <ele>5.03</ele>
      </trkpt>
      <trkpt lat="36.95556314662099" lon="140.94739431515336">
        <ele>5.23</ele>
      </trkpt>
      <trkpt lat="36.955666579306126" lon="140.94765214249492">
        <ele>5.37</ele>
      </trkpt>
      <trkpt lat="36.955769592896104" lon="140.94790904782712">
        <ele>5.43</ele>
      </trkpt>
      <trkpt lat="36.95596430450678" lon="140.9480443317443">
        <ele>5.52</ele>
      </trkpt>
      <trkpt lat="36.956159099936485" lon="140.94817953184247">
        <ele>5.62</ele>
      </trkpt>
      <trkpt lat="36.956354565918446" lon="140.94831523485482">
        <ele>5.72</ele>
      </trkpt>
      <trkpt lat="36.956560760736465" lon="140.948431994766">
        <ele>5.81</ele>
      </trkpt>
      <trkpt lat="36.95676703937352" lon="140.94854867085814">
        <ele>5.92</ele>
      </trkpt>
      <trkpt lat="36.95697424001992" lon="140.94866593368351">
        <ele>5.97</ele>
      </trkpt>
      <trkpt lat="36.95717708207667" lon="140.94877984374762">
        <ele>6.02</ele>
      </trkpt>
      <trkpt lat="36.95737992413342" lon="140.94889375381172">
        <ele>6.05</ele>
      </trkpt>
      <trkpt lat="36.95758368819952" lon="140.94900816679">
        <ele>6.03</ele>
      </trkpt>
      <trkpt lat="36.95783816277981" lon="140.94896382652223">
        <ele>6.1</ele>
      </trkpt>
      <trkpt lat="36.95809364318848" lon="140.94891923479736">
        <ele>6.12</ele>
      </trkpt>
      <trkpt lat="36.958400420844555" lon="140.94883382320404">
        <ele>6.2</ele>
      </trkpt>
      <trkpt lat="36.95870845578611" lon="140.9487480763346">
        <ele>6.27</ele>
      </trkpt>
      <trkpt lat="36.95891909301281" lon="140.94882066361606">
        <ele>6.09</ele>
      </trkpt>
      <trkpt lat="36.95912973023951" lon="140.9488931670785">
        <ele>5.89</ele>
      </trkpt>
      <trkpt lat="36.95934162475169" lon="140.94896617345512">
        <ele>5.71</ele>
      </trkpt>
      <trkpt lat="36.95956273935735" lon="140.94901638105512">
        <ele>5.56</ele>
      </trkpt>
      <trkpt lat="36.959783770143986" lon="140.94906667247415">
        <ele>5.41</ele>
      </trkpt>
      <trkpt lat="36.96000622585416" lon="140.94911721535027">
        <ele>5.13</ele>
      </trkpt>
      <trkpt lat="36.96021946147084" lon="140.9491426963359">
        <ele>4.93</ele>
      </trkpt>
      <trkpt lat="36.96043278090656" lon="140.94916817732155">
        <ele>4.69</ele>
      </trkpt>
      <trkpt lat="36.96064744144678" lon="140.94919382594526">
        <ele>4.64</ele>
      </trkpt>
      <trkpt lat="36.96082731708884" lon="140.94933422282338">
        <ele>4.41</ele>
      </trkpt>
      <trkpt lat="36.961007276549935" lon="140.9494746197015">
        <ele>4.21</ele>
      </trkpt>
      <trkpt lat="36.96118773892522" lon="140.9496154356748">
        <ele>4.03</ele>
      </trkpt>
      <trkpt lat="36.96132805198431" lon="140.9498282521963">
        <ele>3.73</ele>
      </trkpt>
      <trkpt lat="36.96146828122437" lon="140.95004106871784">
        <ele>3.58</ele>
      </trkpt>
      <trkpt lat="36.96160851046443" lon="140.9502537176013">
        <ele>3.56</ele>
      </trkpt>
      <trkpt lat="36.961725521832705" lon="140.9505069348961">
        <ele>3.61</ele>
      </trkpt>
      <trkpt lat="36.96184244938195" lon="140.95076023600996">
        <ele>3.67</ele>
      </trkpt>
      <trkpt lat="36.961959125474095" lon="140.9510127827525">
        <ele>3.79</ele>
      </trkpt>
      <trkpt lat="36.962042190134525" lon="140.95125501975417">
        <ele>3.93</ele>
      </trkpt>
      <trkpt lat="36.96212517097592" lon="140.95149725675583">
        <ele>3.98</ele>
      </trkpt>
      <trkpt lat="36.962207816541195" lon="140.95173840411007">
        <ele>4.27</ele>
      </trkpt>
      <trkpt lat="36.962330527603626" lon="140.95209714956582">
        <ele>4.34</ele>
      </trkpt>
      <trkpt lat="36.9624528195709" lon="140.95245488919318">
        <ele>4.81</ele>
      </trkpt>
      <trkpt lat="36.96263646706939" lon="140.95275638625026">
        <ele>5.47</ele>
      </trkpt>
      <trkpt lat="36.962820030748844" lon="140.95305763185024">
        <ele>5.84</ele>
      </trkpt>
      <trkpt lat="36.96295481175184" lon="140.95327137038112">
        <ele>6.11</ele>
      </trkpt>
      <trkpt lat="36.96308959275484" lon="140.95348519273102">
        <ele>6.35</ele>
      </trkpt>
      <trkpt lat="36.963224206119776" lon="140.9536986798048">
        <ele>6.63</ele>
      </trkpt>
      <trkpt lat="36.96341196075082" lon="140.95383195206523">
        <ele>6.97</ele>
      </trkpt>
      <trkpt lat="36.96359971538186" lon="140.95396522432566">
        <ele>7.35</ele>
      </trkpt>
      <trkpt lat="36.96378814056516" lon="140.95409899950027">
        <ele>7.76</ele>
      </trkpt>
      <trkpt lat="36.96398561820388" lon="140.95420737750828">
        <ele>8.17</ele>
      </trkpt>
      <trkpt lat="36.96418317966163" lon="140.9543157555163">
        <ele>8.54</ele>
      </trkpt>
      <trkpt lat="36.9643815793097" lon="140.9544246364385">
        <ele>8.88</ele>
      </trkpt>
      <trkpt lat="36.96457939222455" lon="140.95456771552563">
        <ele>9.2</ele>
      </trkpt>
      <trkpt lat="36.96477712132037" lon="140.9547108784318">
        <ele>9.43</ele>
      </trkpt>
      <trkpt lat="36.96497552096844" lon="140.95485446043313">
        <ele>9.66</ele>
      </trkpt>
      <trkpt lat="36.96514978073537" lon="140.95501950010657">
        <ele>9.89</ele>
      </trkpt>
      <trkpt lat="36.96532404050231" lon="140.95518453978002">
        <ele>10.12</ele>
      </trkpt>
      <trkpt lat="36.96549863554537" lon="140.9553499147296">
        <ele>10.34</ele>
      </trkpt>
      <trkpt lat="36.965670799836516" lon="140.95553264021873">
        <ele>10.46</ele>
      </trkpt>
      <trkpt lat="36.96584304794669" lon="140.95571536570787">
        <ele>10.55</ele>
      </trkpt>
      <trkpt lat="36.9660153798759" lon="140.95589842647314">
        <ele>10.63</ele>
      </trkpt>
      <trkpt lat="36.966191064566374" lon="140.9560824930668">
        <ele>10.69</ele>
      </trkpt>
      <trkpt lat="36.96636666543782" lon="140.95626655966043">
        <ele>10.69</ele>
      </trkpt>
      <trkpt lat="36.96654251776636" lon="140.95645087771118">
        <ele>10.7</ele>
      </trkpt>
      <trkpt lat="36.96664284914732" lon="140.95670074224472">
        <ele>10.6</ele>
      </trkpt>
      <trkpt lat="36.966743264347315" lon="140.9569506905973">
        <ele>10.46</ele>
      </trkpt>
      <trkpt lat="36.96684317663312" lon="140.9571996331215">
        <ele>10.37</ele>
      </trkpt>
      <trkpt lat="36.96683035232127" lon="140.95748436637223">
        <ele>10.14</ele>
      </trkpt>
      <trkpt lat="36.96681744419038" lon="140.95776901580393">
        <ele>9.88</ele>
      </trkpt>
      <trkpt lat="36.96680461987853" lon="140.958051988855">
        <ele>9.66</ele>
      </trkpt>
      <trkpt lat="36.96685088798404" lon="140.95831157639623">
        <ele>9.49</ele>
      </trkpt>
      <trkpt lat="36.966897239908576" lon="140.95857116393745">
        <ele>9.26</ele>
      </trkpt>
      <trkpt lat="36.96694325655699" lon="140.95882932655513">
        <ele>9.01</ele>
      </trkpt>
      <trkpt lat="36.96715037338436" lon="140.95910081639886">
        <ele>8.86</ele>
      </trkpt>
      <trkpt lat="36.96735740639269" lon="140.95937230624259">
        <ele>8.56</ele>
      </trkpt>
      <trkpt lat="36.96764146909118" lon="140.95930223353207">
        <ele>8.54</ele>
      </trkpt>
      <trkpt lat="36.967926789075136" lon="140.95923190936446">
        <ele>8.42</ele>
      </trkpt>
      <trkpt lat="36.96821319870651" lon="140.95907256938517">
        <ele>8.06</ele>
      </trkpt>
      <trkpt lat="36.96850053034723" lon="140.9589127264917">
        <ele>7.74</ele>
      </trkpt>
      <trkpt lat="36.968784341588616" lon="140.95878389663994">
        <ele>7.45</ele>
      </trkpt>
      <trkpt lat="36.969069158658385" lon="140.958654563874">
        <ele>7.5</ele>
      </trkpt>
      <trkpt lat="36.96928239427507" lon="140.95857594162226">
        <ele>7.08</ele>
      </trkpt>
      <trkpt lat="36.96949554607272" lon="140.9584973193705">
        <ele>6.57</ele>
      </trkpt>
      <trkpt lat="36.96970995515585" lon="140.95841819420457">
        <ele>6.06</ele>
      </trkpt>
      <trkpt lat="36.96988019160926" lon="140.95857677981257">
        <ele>5.69</ele>
      </trkpt>
      <trkpt lat="36.970050344243646" lon="140.95873528160155">
        <ele>5.41</ele>
      </trkpt>
      <trkpt lat="36.97022091597319" lon="140.95889411866665">
        <ele>5.09</ele>
      </trkpt>
      <trkpt lat="36.97037690319121" lon="140.95908472314477">
        <ele>4.72</ele>
      </trkpt>
      <trkpt lat="36.97053297422826" lon="140.95927524380386">
        <ele>4.39</ele>
      </trkpt>
      <trkpt lat="36.97068904526532" lon="140.959465932101">
        <ele>4.09</ele>
      </trkpt>
      <trkpt lat="36.9707228243351" lon="140.95974136143923">
        <ele>3.97</ele>
      </trkpt>
      <trkpt lat="36.97075651958585" lon="140.96001570113003">
        <ele>3.9</ele>
      </trkpt>
      <trkpt lat="36.97069910354912" lon="140.96028509549797">
        <ele>3.73</ele>
      </trkpt>
      <trkpt lat="36.97064177133143" lon="140.96055440604687">
        <ele>3.57</ele>
      </trkpt>
      <trkpt lat="36.97058477438986" lon="140.96082237549126">
        <ele>3.45</ele>
      </trkpt>
      <trkpt lat="36.97031378746033" lon="140.9608568251133">
        <ele>3.25</ele>
      </trkpt>
      <trkpt lat="36.97004162706435" lon="140.9608914423734">
        <ele>3.17</ele>
      </trkpt>
      <trkpt lat="36.97025712579489" lon="140.96060528419912">
        <ele>3.29</ele>
      </trkpt>
      <trkpt lat="36.97047262452543" lon="140.96031920984387">
        <ele>3.72</ele>
      </trkpt>
      <trkpt lat="36.97054521180689" lon="140.95997010357678">
        <ele>3.59</ele>
      </trkpt>
      <trkpt lat="36.970617547631264" lon="140.95962217077613">
        <ele>3.64</ele>
      </trkpt>
      <trkpt lat="36.97048838250339" lon="140.95940625295043">
        <ele>3.76</ele>
      </trkpt>
      <trkpt lat="36.97035921737552" lon="140.95919033512473">
        <ele>4.11</ele>
      </trkpt>
      <trkpt lat="36.97023021988571" lon="140.95897466875613">
        <ele>4.53</ele>
      </trkpt>
      <trkpt lat="36.970004327595234" lon="140.95872161909938">
        <ele>4.83</ele>
      </trkpt>
      <trkpt lat="36.969778183847666" lon="140.95846840180457">
        <ele>5.11</ele>
      </trkpt>
      <trkpt lat="36.96956302039325" lon="140.95852992497385">
        <ele>5.49</ele>
      </trkpt>
      <trkpt lat="36.96934777311981" lon="140.95859144814312">
        <ele>6.0</ele>
      </trkpt>
      <trkpt lat="36.969131268560886" lon="140.95865339040756">
        <ele>6.45</ele>
      </trkpt>
      <trkpt lat="36.968923481181264" lon="140.9587341081351">
        <ele>6.43</ele>
      </trkpt>
      <trkpt lat="36.96871560998261" lon="140.95881474204361">
        <ele>6.63</ele>
      </trkpt>
      <trkpt lat="36.96850664913654" lon="140.95889587886631">
        <ele>6.89</ele>
      </trkpt>
      <trkpt lat="36.96831009350717" lon="140.9590144827962">
        <ele>7.13</ele>
      </trkpt>
      <trkpt lat="36.9681135378778" lon="140.95913308672607">
        <ele>7.48</ele>
      </trkpt>
      <trkpt lat="36.96791622787714" lon="140.9592521097511">
        <ele>7.58</ele>
      </trkpt>
      <trkpt lat="36.96770265698433" lon="140.95929821021855">
        <ele>7.71</ele>
      </trkpt>
      <trkpt lat="36.96748916991055" lon="140.959344310686">
        <ele>7.74</ele>
      </trkpt>
      <trkpt lat="36.96727425791323" lon="140.95939074642956">
        <ele>7.69</ele>
      </trkpt>
      <trkpt lat="36.96713084354997" lon="140.95919469371438">
        <ele>7.94</ele>
      </trkpt>
      <trkpt lat="36.96698734536767" lon="140.95899855718017">
        <ele>8.21</ele>
      </trkpt>
      <trkpt lat="36.96684401482344" lon="140.95880258828402">
        <ele>8.27</ele>
      </trkpt>
      <trkpt lat="36.96678156964481" lon="140.9584362152964">
        <ele>8.52</ele>
      </trkpt>
      <trkpt lat="36.966719292104244" lon="140.95807118341327">
        <ele>8.74</ele>
      </trkpt>
      <trkpt lat="36.966754579916596" lon="140.9576891362667">
        <ele>8.96</ele>
      </trkpt>
      <trkpt lat="36.966789700090885" lon="140.95730859786272">
        <ele>9.27</ele>
      </trkpt>
      <trkpt lat="36.96670294739306" lon="140.9569625928998">
        <ele>9.43</ele>
      </trkpt>
      <trkpt lat="36.9666163623333" lon="140.95661776140332">
        <ele>9.67</ele>
      </trkpt>
      <trkpt lat="36.966389045119286" lon="140.9563502110541">
        <ele>9.73</ele>
      </trkpt>
      <trkpt lat="36.96616164408624" lon="140.95608257688582">
        <ele>9.8</ele>
      </trkpt>
      <trkpt lat="36.965998113155365" lon="140.95590144395828">
        <ele>9.82</ele>
      </trkpt>
      <trkpt lat="36.96583449840546" lon="140.9557202272117">
        <ele>9.84</ele>
      </trkpt>
      <trkpt lat="36.965670799836516" lon="140.95553884282708">
        <ele>9.84</ele>
      </trkpt>
      <trkpt lat="36.96550726890564" lon="140.95535879954696">
        <ele>9.8</ele>
      </trkpt>
      <trkpt lat="36.96534365415573" lon="140.9551786724478">
        <ele>9.66</ele>
      </trkpt>
      <trkpt lat="36.96517995558679" lon="140.95499837771058">
        <ele>9.51</ele>
      </trkpt>
      <trkpt lat="36.9649896863848" lon="140.9548456594348">
        <ele>9.36</ele>
      </trkpt>
      <trkpt lat="36.96479933336377" lon="140.95469302497804">
        <ele>9.19</ele>
      </trkpt>
      <trkpt lat="36.96460856124759" lon="140.9545398876071">
        <ele>9.02</ele>
      </trkpt>
      <trkpt lat="36.96441066451371" lon="140.95442245714366">
        <ele>8.78</ele>
      </trkpt>
      <trkpt lat="36.96421285159886" lon="140.95430502668023">
        <ele>8.5</ele>
      </trkpt>
      <trkpt lat="36.96401411667466" lon="140.9541870933026">
        <ele>8.2</ele>
      </trkpt>
      <trkpt lat="36.96381621994078" lon="140.95407066866755">
        <ele>7.85</ele>
      </trkpt>
      <trkpt lat="36.9636183232069" lon="140.95395432785153">
        <ele>7.49</ele>
      </trkpt>
      <trkpt lat="36.963419588282704" lon="140.9538374003023">
        <ele>7.15</ele>
      </trkpt>
      <trkpt lat="36.96326586417854" lon="140.953648975119">
        <ele>6.88</ele>
      </trkpt>
      <trkpt lat="36.96311214007437" lon="140.9534605499357">
        <ele>6.63</ele>
      </trkpt>
      <trkpt lat="36.962958332151175" lon="140.9532721247524">
        <ele>6.41</ele>
      </trkpt>
      <trkpt lat="36.96278465911746" lon="140.9529443923384">
        <ele>6.2</ele>
      </trkpt>
      <trkpt lat="36.96261123754084" lon="140.95261716283858">
        <ele>5.78</ele>
      </trkpt>
      <trkpt lat="36.9624959025532" lon="140.95237894915044">
        <ele>5.27</ele>
      </trkpt>
      <trkpt lat="36.96238056756556" lon="140.95214081928134">
        <ele>4.79</ele>
      </trkpt>
      <trkpt lat="36.96226556785405" lon="140.95190327614546">
        <ele>4.61</ele>
      </trkpt>
      <trkpt lat="36.96217420510948" lon="140.95165902748704">
        <ele>4.44</ele>
      </trkpt>
      <trkpt lat="36.96208284236491" lon="140.95141477882862">
        <ele>4.26</ele>
      </trkpt>
      <trkpt lat="36.961991814896464" lon="140.95117145217955">
        <ele>4.21</ele>
      </trkpt>
      <trkpt lat="36.9618568662554" lon="140.95082393847406">
        <ele>4.11</ele>
      </trkpt>
      <trkpt lat="36.9617223367095" lon="140.95047726295888">
        <ele>4.06</ele>
      </trkpt>
      <trkpt lat="36.96160264313221" lon="140.95025564543903">
        <ele>4.0</ele>
      </trkpt>
      <trkpt lat="36.96148294955492" lon="140.95003402791917">
        <ele>4.05</ele>
      </trkpt>
      <trkpt lat="36.961363507434726" lon="140.9498129133135">
        <ele>4.22</ele>
      </trkpt>
      <trkpt lat="36.961133256554604" lon="140.94957570545375">
        <ele>4.48</ele>
      </trkpt>
      <trkpt lat="36.960902670398355" lon="140.94933832995594">
        <ele>4.66</ele>
      </trkpt>
      <trkpt lat="36.96061081252992" lon="140.9492100868374">
        <ele>4.84</ele>
      </trkpt>
      <trkpt lat="36.960317865014076" lon="140.9490813408047">
        <ele>4.99</ele>
      </trkpt>
      <trkpt lat="36.960006561130285" lon="140.9490943327546">
        <ele>5.07</ele>
      </trkpt>
      <trkpt lat="36.95969391614199" lon="140.94910740852356">
        <ele>5.23</ele>
      </trkpt>
      <trkpt lat="36.95949534885585" lon="140.9490192309022">
        <ele>5.37</ele>
      </trkpt>
      <trkpt lat="36.95929678156972" lon="140.9489309694618">
        <ele>5.51</ele>
      </trkpt>
      <trkpt lat="36.959097208455205" lon="140.94884228892624">
        <ele>5.71</ele>
      </trkpt>
      <trkpt lat="36.95878657512367" lon="140.94880985096097">
        <ele>5.85</ele>
      </trkpt>
      <trkpt lat="36.95847451686859" lon="140.94877724535763">
        <ele>5.94</ele>
      </trkpt>
      <trkpt lat="36.958202105015516" lon="140.9489719569683">
        <ele>5.73</ele>
      </trkpt>
      <trkpt lat="36.957928938791156" lon="140.94916717149317">
        <ele>5.69</ele>
      </trkpt>
      <trkpt lat="36.95772534236312" lon="140.9490533452481">
        <ele>5.71</ele>
      </trkpt>
      <trkpt lat="36.95752166211605" lon="140.948939435184">
        <ele>5.72</ele>
      </trkpt>
      <trkpt lat="36.957317143678665" lon="140.94882510602474">
        <ele>5.74</ele>
      </trkpt>
      <trkpt lat="36.95712435990572" lon="140.94871245324612">
        <ele>5.69</ele>
      </trkpt>
      <trkpt lat="36.956931576132774" lon="140.9485998004675">
        <ele>5.65</ele>
      </trkpt>
      <trkpt lat="36.95673787035048" lon="140.9484867285937">
        <ele>5.59</ele>
      </trkpt>
      <trkpt lat="36.9565434101969" lon="140.94838136807084">
        <ele>5.48</ele>
      </trkpt>
      <trkpt lat="36.95634886622429" lon="140.94827600754797">
        <ele>5.39</ele>
      </trkpt>
      <trkpt lat="36.95615348406136" lon="140.94817022792995">
        <ele>5.29</ele>
      </trkpt>
      <trkpt lat="36.955897668376565" lon="140.94797501340508">
        <ele>5.19</ele>
      </trkpt>
      <trkpt lat="36.95564134977758" lon="140.9477794636041">
        <ele>5.05</ele>
      </trkpt>
      <trkpt lat="36.95554261095822" lon="140.9474216401577">
        <ele>4.92</ele>
      </trkpt>
      <trkpt lat="36.955444207414985" lon="140.94706490635872">
        <ele>4.73</ele>
      </trkpt>
      <trkpt lat="36.955451499670744" lon="140.94679400324821">
        <ele>4.71</ele>
      </trkpt>
      <trkpt lat="36.95545870810747" lon="140.94652301631868">
        <ele>4.88</ele>
      </trkpt>
      <trkpt lat="36.95546583272517" lon="140.94625370576978">
        <ele>4.68</ele>
      </trkpt>
      <trkpt lat="36.95547589100897" lon="140.9459907654673">
        <ele>4.69</ele>
      </trkpt>
      <trkpt lat="36.95548594929278" lon="140.94572774134576">
        <ele>4.73</ele>
      </trkpt>
      <trkpt lat="36.95549592375755" lon="140.94546639360487">
        <ele>4.81</ele>
      </trkpt>
      <trkpt lat="36.955551747232676" lon="140.94508895650506">
        <ele>4.98</ele>
      </trkpt>
      <trkpt lat="36.955607403069735" lon="140.94471294432878">
        <ele>5.07</ele>
      </trkpt>
      <trkpt lat="36.955665992572904" lon="140.94433802179992">
        <ele>4.87</ele>
      </trkpt>
      <trkpt lat="36.95572433061898" lon="140.94396444037557">
        <ele>5.25</ele>
      </trkpt>
      <trkpt lat="36.9557783100754" lon="140.94358717091382">
        <ele>5.28</ele>
      </trkpt>
      <trkpt lat="36.95583203807473" lon="140.9432113263756">
        <ele>5.49</ele>
      </trkpt>
      <trkpt lat="36.95583790540695" lon="140.94282743521035">
        <ele>5.66</ele>
      </trkpt>
      <trkpt lat="36.95584360510111" lon="140.94244505278766">
        <ele>5.65</ele>
      </trkpt>
      <trkpt lat="36.95582038722932" lon="140.94206283800304">
        <ele>5.57</ele>
      </trkpt>
      <trkpt lat="36.95579716935754" lon="140.94168221578002">
        <ele>5.48</ele>
      </trkpt>
      <trkpt lat="36.95576506666839" lon="140.94129832461476">
        <ele>5.45</ele>
      </trkpt>
      <trkpt lat="36.95573313161731" lon="140.9409160260111">
        <ele>5.51</ele>
      </trkpt>
      <trkpt lat="36.95565258152783" lon="140.94055166468024">
        <ele>5.51</ele>
      </trkpt>
      <trkpt lat="36.95557236671448" lon="140.94018856063485">
        <ele>5.45</ele>
      </trkpt>
      <trkpt lat="36.95540254935622" lon="140.93987138941884">
        <ele>5.37</ele>
      </trkpt>
      <trkpt lat="36.95523289963603" lon="140.93955455347896">
        <ele>5.33</ele>
      </trkpt>
      <trkpt lat="36.95503642782569" lon="140.93927669338882">
        <ele>5.31</ele>
      </trkpt>
      <trkpt lat="36.95483995601535" lon="140.93899891711771">
        <ele>5.3</ele>
      </trkpt>
      <trkpt lat="36.95467080920935" lon="140.93883136287332">
        <ele>5.35</ele>
      </trkpt>
      <trkpt lat="36.95450174622238" lon="140.93866380862892">
        <ele>5.4</ele>
      </trkpt>
      <trkpt lat="36.95433234795928" lon="140.9384959191084">
        <ele>5.44</ele>
      </trkpt>
      <trkpt lat="36.95416571572423" lon="140.93832777813077">
        <ele>5.5</ele>
      </trkpt>
      <trkpt lat="36.95399916730821" lon="140.93815972097218">
        <ele>5.58</ele>
      </trkpt>
      <trkpt lat="36.953832283616066" lon="140.9379914123565">
        <ele>5.67</ele>
      </trkpt>
      <trkpt lat="36.95361611433327" lon="140.93773936852813">
        <ele>5.77</ele>
      </trkpt>
      <trkpt lat="36.95339994505048" lon="140.93748732469976">
        <ele>5.88</ele>
      </trkpt>
      <trkpt lat="36.95318226702511" lon="140.93721885234118">
        <ele>6.05</ele>
      </trkpt>
      <trkpt lat="36.95296450518072" lon="140.9369503799826">
        <ele>6.32</ele>
      </trkpt>
      <trkpt lat="36.9527390319854" lon="140.9366840030998">
        <ele>6.5</ele>
      </trkpt>
      <trkpt lat="36.952513474971056" lon="140.93641745857894">
        <ele>6.67</ele>
      </trkpt>
      <trkpt lat="36.95228825323284" lon="140.9361464716494">
        <ele>6.86</ele>
      </trkpt>
      <trkpt lat="36.952062947675586" lon="140.93587540090084">
        <ele>7.09</ele>
      </trkpt>
      <trkpt lat="36.95190620608628" lon="140.93569787219167">
        <ele>7.32</ele>
      </trkpt>
      <trkpt lat="36.95174946449697" lon="140.93552042730153">
        <ele>7.48</ele>
      </trkpt>
      <trkpt lat="36.95159263908863" lon="140.93534281477332">
        <ele>7.59</ele>
      </trkpt>
      <trkpt lat="36.95143614895642" lon="140.93515824526548">
        <ele>7.7</ele>
      </trkpt>
      <trkpt lat="36.951279575005174" lon="140.93497367575765">
        <ele>7.87</ele>
      </trkpt>
      <trkpt lat="36.95112300105393" lon="140.93478902243078">
        <ele>8.04</ele>
      </trkpt>
      <trkpt lat="36.950964918360114" lon="140.93461216427386">
        <ele>8.27</ele>
      </trkpt>
      <trkpt lat="36.95080675184727" lon="140.93443530611694">
        <ele>8.5</ele>
      </trkpt>
      <trkpt lat="36.95064850151539" lon="140.93425828032196">
        <ele>8.74</ele>
      </trkpt>
      <trkpt lat="36.95041364058852" lon="140.93400514684618">
        <ele>8.98</ele>
      </trkpt>
      <trkpt lat="36.95017852820456" lon="140.9337517619133">
        <ele>9.29</ele>
      </trkpt>
      <trkpt lat="36.949946181848645" lon="140.93350893817842">
        <ele>9.55</ele>
      </trkpt>
      <trkpt lat="36.94971366785467" lon="140.93326586298645">
        <ele>9.79</ele>
      </trkpt>
      <trkpt lat="36.949466401711106" lon="140.93306444585323">
        <ele>10.03</ele>
      </trkpt>
      <trkpt lat="36.949218632653356" lon="140.93286252580583">
        <ele>10.23</ele>
      </trkpt>
      <trkpt lat="36.94894823245704" lon="140.93266831710935">
        <ele>10.42</ele>
      </trkpt>
      <trkpt lat="36.948677161708474" lon="140.9324736893177">
        <ele>10.61</ele>
      </trkpt>
      <trkpt lat="36.94841053336859" lon="140.93227663077414">
        <ele>10.78</ele>
      </trkpt>
      <trkpt lat="36.94814323447645" lon="140.93207915313542">
        <ele>10.88</ele>
      </trkpt>
      <trkpt lat="36.947902170941234" lon="140.93183071352541">
        <ele>10.8</ele>
      </trkpt>
      <trkpt lat="36.94766077212989" lon="140.93158210627735">
        <ele>10.82</ele>
      </trkpt>
      <trkpt lat="36.94752808660269" lon="140.93137415125966">
        <ele>10.75</ele>
      </trkpt>
      <trkpt lat="36.94739531725645" lon="140.93116611242294">
        <ele>10.62</ele>
      </trkpt>
      <trkpt lat="36.94726271554828" lon="140.93095840886235">
        <ele>10.33</ele>
      </trkpt>
      <trkpt lat="36.94716515019536" lon="140.93072296120226">
        <ele>10.13</ele>
      </trkpt>
      <trkpt lat="36.947067668661475" lon="140.9304875973612">
        <ele>9.91</ele>
      </trkpt>
      <trkpt lat="36.946970438584685" lon="140.93025298789144">
        <ele>9.59</ele>
      </trkpt>
      <trkpt lat="36.94683565758169" lon="140.92990463599563">
        <ele>9.17</ele>
      </trkpt>
      <trkpt lat="36.94670129567385" lon="140.9295570384711">
        <ele>8.72</ele>
      </trkpt>
      <trkpt lat="36.946589732542634" lon="140.9293342474848">
        <ele>8.18</ele>
      </trkpt>
      <trkpt lat="36.94647816941142" lon="140.92911137267947">
        <ele>7.6</ele>
      </trkpt>
      <trkpt lat="36.946366941556334" lon="140.9288891684264">
        <ele>7.03</ele>
      </trkpt>
      <trkpt lat="36.94622511975467" lon="140.9285400621593">
        <ele>6.48</ele>
      </trkpt>
      <trkpt lat="36.94608371704817" lon="140.92819179408252">
        <ele>6.01</ele>
      </trkpt>
      <trkpt lat="36.94594164378941" lon="140.92784838750958">
        <ele>5.54</ele>
      </trkpt>
      <trkpt lat="36.94579982198775" lon="140.92750581912696">
        <ele>5.1</ele>
      </trkpt>
      <trkpt lat="36.9456778652966" lon="140.92716006562114">
        <ele>4.67</ele>
      </trkpt>
      <trkpt lat="36.94555624388158" lon="140.92681523412466">
        <ele>4.3</ele>
      </trkpt>
      <trkpt lat="36.945466389879584" lon="140.92646579258144">
        <ele>4.06</ele>
      </trkpt>
      <trkpt lat="36.94537678733468" lon="140.9261176083237">
        <ele>3.85</ele>
      </trkpt>
      <trkpt lat="36.945339320227504" lon="140.92574637383223">
        <ele>3.66</ele>
      </trkpt>
      <trkpt lat="36.94530202075839" lon="140.9253765642643">
        <ele>3.63</ele>
      </trkpt>
      <trkpt lat="36.94528232328594" lon="140.92500943690538">
        <ele>3.79</ele>
      </trkpt>
      <trkpt lat="36.945262709632516" lon="140.92464381828904">
        <ele>3.96</ele>
      </trkpt>
      <trkpt lat="36.94523739628494" lon="140.92431038618088">
        <ele>4.22</ele>
      </trkpt>
      <trkpt lat="36.94521216675639" lon="140.92397829517722">
        <ele>4.69</ele>
      </trkpt>
      <trkpt lat="36.94490077905357" lon="140.9239330329001">
        <ele>5.37</ele>
      </trkpt>
      <trkpt lat="36.94458805024624" lon="140.9238876029849">
        <ele>6.18</ele>
      </trkpt>
      <trkpt lat="36.94428990595043" lon="140.92391132377088">
        <ele>7.04</ele>
      </trkpt>
      <trkpt lat="36.943990336731076" lon="140.92393521219492">
        <ele>8.05</ele>
      </trkpt>
      <trkpt lat="36.94370401091874" lon="140.9238923806697">
        <ele>9.31</ele>
      </trkpt>
      <trkpt lat="36.94341634400189" lon="140.9238492976874">
        <ele>10.75</ele>
      </trkpt>
      <trkpt lat="36.943203108385205" lon="140.92372817918658">
        <ele>12.37</ele>
      </trkpt>
      <trkpt lat="36.942989118397236" lon="140.92360672540963">
        <ele>14.07</ele>
      </trkpt>
      <trkpt lat="36.94279440678656" lon="140.9234179649502">
        <ele>15.88</ele>
      </trkpt>
      <trkpt lat="36.94259952753782" lon="140.92322895303369">
        <ele>17.75</ele>
      </trkpt>
      <trkpt lat="36.94241713732481" lon="140.92310498468578">
        <ele>19.86</ele>
      </trkpt>
      <trkpt lat="36.94223441183567" lon="140.92298068106174">
        <ele>21.94</ele>
      </trkpt>
      <trkpt lat="36.942058727145195" lon="140.92283659614623">
        <ele>24.04</ele>
      </trkpt>
      <trkpt lat="36.94188270717859" lon="140.9226922597736">
        <ele>26.15</ele>
      </trkpt>
      <trkpt lat="36.941706435754895" lon="140.92253937385976">
        <ele>28.25</ele>
      </trkpt>
      <trkpt lat="36.941529996693134" lon="140.92238623648882">
        <ele>30.3</ele>
      </trkpt>
      <trkpt lat="36.94138314574957" lon="140.92220317572355">
        <ele>32.1</ele>
      </trkpt>
      <trkpt lat="36.94123621098697" lon="140.9220201149583">
        <ele>33.79</ele>
      </trkpt>
      <trkpt lat="36.94111006334424" lon="140.9218232240528">
        <ele>35.51</ele>
      </trkpt>
      <trkpt lat="36.94098391570151" lon="140.92162641696632">
        <ele>37.22</ele>
      </trkpt>
      <trkpt lat="36.94085164926946" lon="140.9214064758271">
        <ele>38.91</ele>
      </trkpt>
      <trkpt lat="36.94071955047548" lon="140.92118678614497">
        <ele>40.47</ele>
      </trkpt>
      <trkpt lat="36.94059499539435" lon="140.9209844470024">
        <ele>41.77</ele>
      </trkpt>
      <trkpt lat="36.94047060795128" lon="140.9207822754979">
        <ele>42.83</ele>
      </trkpt>
      <trkpt lat="36.94033415056765" lon="140.9205909166485">
        <ele>43.69</ele>
      </trkpt>
      <trkpt lat="36.94019769318402" lon="140.92039964161813">
        <ele>44.36</ele>
      </trkpt>
      <trkpt lat="36.94002142176032" lon="140.9202074445784">
        <ele>44.74</ele>
      </trkpt>
      <trkpt lat="36.93984506651759" lon="140.92001516371965">
        <ele>44.89</ele>
      </trkpt>
      <trkpt lat="36.93966954946518" lon="140.9198699053377">
        <ele>44.79</ele>
      </trkpt>
      <trkpt lat="36.93949378095567" lon="140.91972439549863">
        <ele>44.44</ele>
      </trkpt>
      <trkpt lat="36.93930342793465" lon="140.91959883458912">
        <ele>43.94</ele>
      </trkpt>
      <trkpt lat="36.93911265581846" lon="140.9194729384035">
        <ele>43.11</ele>
      </trkpt>
      <trkpt lat="36.93882507272065" lon="140.91952909715474">
        <ele>42.12</ele>
      </trkpt>
      <trkpt lat="36.93853631615639" lon="140.9195855911821">
        <ele>41.04</ele>
      </trkpt>
      <trkpt lat="36.9382488168776" lon="140.91944251209497">
        <ele>39.77</ele>
      </trkpt>
      <trkpt lat="36.93796039558947" lon="140.91929901391268">
        <ele>38.42</ele>
      </trkpt>
      <trkpt lat="36.93790608085692" lon="140.91901780106127">
        <ele>36.91</ele>
      </trkpt>
      <trkpt lat="36.93785176612437" lon="140.91873658820987">
        <ele>35.18</ele>
      </trkpt>
      <trkpt lat="36.93779770284891" lon="140.918456800282">
        <ele>33.43</ele>
      </trkpt>
      <trkpt lat="36.93777909502387" lon="140.91806662268937">
        <ele>31.73</ele>
      </trkpt>
      <trkpt lat="36.93776048719883" lon="140.9176779538393">
        <ele>30.06</ele>
      </trkpt>
      <trkpt lat="36.93782561458647" lon="140.91742666438222">
        <ele>28.35</ele>
      </trkpt>
      <trkpt lat="36.937890741974115" lon="140.91717537492514">
        <ele>26.63</ele>
      </trkpt>
      <trkpt lat="36.93795553408563" lon="140.91692534275353">
        <ele>24.96</ele>
      </trkpt>
      <trkpt lat="36.93790700286627" lon="140.9165653400123">
        <ele>23.24</ele>
      </trkpt>
      <trkpt lat="36.93785863928497" lon="140.91620676219463">
        <ele>21.54</ele>
      </trkpt>
      <trkpt lat="36.93784296512604" lon="140.91592513024807">
        <ele>19.98</ele>
      </trkpt>
      <trkpt lat="36.93782729096711" lon="140.91564341448247">
        <ele>18.54</ele>
      </trkpt>
      <trkpt lat="36.93781170062721" lon="140.91536345891654">
        <ele>17.14</ele>
      </trkpt>
      <trkpt lat="36.93800666369498" lon="140.91525742784142">
        <ele>15.96</ele>
      </trkpt>
      <trkpt lat="36.93820162676275" lon="140.91515148058534">
        <ele>14.71</ele>
      </trkpt>
      <trkpt lat="36.93839751183987" lon="140.91504494659603">
        <ele>13.38</ele>
      </trkpt>
      <trkpt lat="36.93852558732033" lon="140.9152674023062">
        <ele>12.56</ele>
      </trkpt>
      <trkpt lat="36.938653495162725" lon="140.91548952274024">
        <ele>11.74</ele>
      </trkpt>
      <trkpt lat="36.938745863735676" lon="140.91585371643305">
        <ele>10.82</ele>
      </trkpt>
      <trkpt lat="36.9388378970325" lon="140.91621665284038">
        <ele>9.87</ele>
      </trkpt>
      <trkpt lat="36.939035542309284" lon="140.9163242764771">
        <ele>8.71</ele>
      </trkpt>
      <trkpt lat="36.9392332714051" lon="140.91643190011382">
        <ele>7.81</ele>
      </trkpt>
      <trkpt lat="36.939431838691235" lon="140.91654002666473">
        <ele>6.98</ele>
      </trkpt>
      <trkpt lat="36.93971070460975" lon="140.91666684485972">
        <ele>6.13</ele>
      </trkpt>
      <trkpt lat="36.93999057635665" lon="140.9167941659689">
        <ele>5.32</ele>
      </trkpt>
      <trkpt lat="36.940195094794035" lon="140.91688997112215">
        <ele>4.6</ele>
      </trkpt>
      <trkpt lat="36.94039961323142" lon="140.9169857762754">
        <ele>4.03</ele>
      </trkpt>
      <trkpt lat="36.94060522131622" lon="140.91708208434284">
        <ele>3.53</ele>
      </trkpt>
      <trkpt lat="36.94085785187781" lon="140.91692752204835">
        <ele>3.07</ele>
      </trkpt>
      <trkpt lat="36.94111115299165" lon="140.91677262447774">
        <ele>2.63</ele>
      </trkpt>
      <trkpt lat="36.94132195785642" lon="140.9165531862527">
        <ele>2.25</ele>
      </trkpt>
      <trkpt lat="36.941532930359244" lon="140.9163334965706">
        <ele>1.96</ele>
      </trkpt>
      <trkpt lat="36.94176485762" lon="140.91614540666342">
        <ele>1.75</ele>
      </trkpt>
      <trkpt lat="36.94199728779495" lon="140.91595698148012">
        <ele>1.47</ele>
      </trkpt>
      <trkpt lat="36.942160399630666" lon="140.9157269820571">
        <ele>1.24</ele>
      </trkpt>
      <trkpt lat="36.94232342764735" lon="140.9154970664531">
        <ele>1.03</ele>
      </trkpt>
      <trkpt lat="36.94224371574819" lon="140.91516572982073">
        <ele>0.81</ele>
      </trkpt>
      <trkpt lat="36.942164339125156" lon="140.9148355666548">
        <ele>0.65</ele>
      </trkpt>
      <trkpt lat="36.94231169298291" lon="140.91454789973795">
        <ele>0.71</ele>
      </trkpt>
      <trkpt lat="36.94245879538357" lon="140.91426065191627">
        <ele>0.6</ele>
      </trkpt>
      <trkpt lat="36.94260975345969" lon="140.91397541575134">
        <ele>0.5</ele>
      </trkpt>
      <trkpt lat="36.942760460078716" lon="140.9136906825006">
        <ele>0.43</ele>
      </trkpt>
      <trkpt lat="36.94289540871978" lon="140.91340318322182">
        <ele>0.42</ele>
      </trkpt>
      <trkpt lat="36.943030105903745" lon="140.91311627067626">
        <ele>0.35</ele>
      </trkpt>
      <trkpt lat="36.943176705390215" lon="140.91283790767193">
        <ele>0.23</ele>
      </trkpt>
      <trkpt lat="36.94332313723862" lon="140.9125600475818">
        <ele>0.33</ele>
      </trkpt>
      <trkpt lat="36.94348574616015" lon="140.9122775774449">
        <ele>0.24</ele>
      </trkpt>
      <trkpt lat="36.943648187443614" lon="140.91199535876513">
        <ele>0.27</ele>
      </trkpt>
      <trkpt lat="36.94379369728267" lon="140.91172261163592">
        <ele>0.33</ele>
      </trkpt>
      <trkpt lat="36.943939039483666" lon="140.91145019978285">
        <ele>0.34</ele>
      </trkpt>
      <trkpt lat="36.94410441443324" lon="140.91116370633245">
        <ele>0.42</ele>
      </trkpt>
      <trkpt lat="36.94426962174475" lon="140.91087754815817">
        <ele>0.44</ele>
      </trkpt>
      <trkpt lat="36.94448361173272" lon="140.91076707467437">
        <ele>0.54</ele>
      </trkpt>
      <trkpt lat="36.944698356091976" lon="140.91065626591444">
        <ele>0.63</ele>
      </trkpt>
      <trkpt lat="36.9449024554342" lon="140.9105036314577">
        <ele>0.67</ele>
      </trkpt>
      <trkpt lat="36.94510705769062" lon="140.91035057790577">
        <ele>0.87</ele>
      </trkpt>
      <trkpt lat="36.94527754560113" lon="140.91009501367807">
        <ele>0.81</ele>
      </trkpt>
      <trkpt lat="36.945447865873575" lon="140.90983961708844">
        <ele>0.83</ele>
      </trkpt>
      <trkpt lat="36.94556294940412" lon="140.90955714695156">
        <ele>0.9</ele>
      </trkpt>
      <trkpt lat="36.94567769765854" lon="140.90927534736693">
        <ele>0.96</ele>
      </trkpt>
      <trkpt lat="36.945726396515965" lon="140.908937221393">
        <ele>0.91</ele>
      </trkpt>
      <trkpt lat="36.94577501155436" lon="140.90860043652356">
        <ele>0.97</ele>
      </trkpt>
      <trkpt lat="36.94581935182214" lon="140.9082532580942">
        <ele>1.05</ele>
      </trkpt>
      <trkpt lat="36.945863608270884" lon="140.90790742076933">
        <ele>1.13</ele>
      </trkpt>
      <trkpt lat="36.945661436766386" lon="140.90773860923946">
        <ele>1.06</ele>
      </trkpt>
      <trkpt lat="36.94545884616673" lon="140.9075695462525">
        <ele>1.11</ele>
      </trkpt>
      <trkpt lat="36.94519758224487" lon="140.90747650712729">
        <ele>1.19</ele>
      </trkpt>
      <trkpt lat="36.944935312494636" lon="140.90738304890692">
        <ele>1.25</ele>
      </trkpt>
      <trkpt lat="36.944651836529374" lon="140.9073185082525">
        <ele>1.3</ele>
      </trkpt>
      <trkpt lat="36.94436710327864" lon="140.90725363232195">
        <ele>1.32</ele>
      </trkpt>
      <trkpt lat="36.94406569004059" lon="140.90719780884683">
        <ele>1.4</ele>
      </trkpt>
      <trkpt lat="36.943763019517064" lon="140.90714181773365">
        <ele>1.44</ele>
      </trkpt>
      <trkpt lat="36.94355129264295" lon="140.9069215413183">
        <ele>1.48</ele>
      </trkpt>
      <trkpt lat="36.94333931431174" lon="140.90670101344585">
        <ele>1.52</ele>
      </trkpt>
      <trkpt lat="36.94329413585365" lon="140.90634679421782">
        <ele>1.67</ele>
      </trkpt>
      <trkpt lat="36.94324912503362" lon="140.90599399991333">
        <ele>1.73</ele>
      </trkpt>
      <trkpt lat="36.94334903731942" lon="140.90568118728697">
        <ele>1.78</ele>
      </trkpt>
      <trkpt lat="36.94344869814813" lon="140.90536929666996">
        <ele>1.88</ele>
      </trkpt>
      <trkpt lat="36.94365623407066" lon="140.90515262447298">
        <ele>1.95</ele>
      </trkpt>
      <trkpt lat="36.94386402145028" lon="140.9049357008189">
        <ele>1.87</ele>
      </trkpt>
      <trkpt lat="36.94413626566529" lon="140.9050374571234">
        <ele>2.0</ele>
      </trkpt>
      <trkpt lat="36.944409515708685" lon="140.90513963252306">
        <ele>1.87</ele>
      </trkpt>
      <trkpt lat="36.94465896114707" lon="140.9050620160997">
        <ele>1.69</ele>
      </trkpt>
      <trkpt lat="36.94490949623287" lon="140.9049840644002">
        <ele>1.69</ele>
      </trkpt>
      <trkpt lat="36.94488217122853" lon="140.90463026426733">
        <ele>1.75</ele>
      </trkpt>
      <trkpt lat="36.94485501386225" lon="140.90427780523896">
        <ele>1.74</ele>
      </trkpt>
      <trkpt lat="36.94484160281718" lon="140.903997765854">
        <ele>1.86</ele>
      </trkpt>
      <trkpt lat="36.944828275591135" lon="140.90371889993548">
        <ele>1.91</ele>
      </trkpt>
      <trkpt lat="36.944808242842555" lon="140.90341178700328">
        <ele>1.75</ele>
      </trkpt>
      <trkpt lat="36.94478837773204" lon="140.90310593135655">
        <ele>1.76</ele>
      </trkpt>
      <trkpt lat="36.94467614404857" lon="140.9028465114534">
        <ele>1.79</ele>
      </trkpt>
      <trkpt lat="36.9445641618222" lon="140.90258767828345">
        <ele>1.94</ele>
      </trkpt>
      <trkpt lat="36.94426333531737" lon="140.90250394307077">
        <ele>1.83</ele>
      </trkpt>
      <trkpt lat="36.9439613353461" lon="140.902419956401">
        <ele>1.79</ele>
      </trkpt>
      <trkpt lat="36.94367249496281" lon="140.90233731083572">
        <ele>1.82</ele>
      </trkpt>
      <trkpt lat="36.943382397294044" lon="140.9022542461753">
        <ele>1.98</ele>
      </trkpt>
      <trkpt lat="36.943090204149485" lon="140.90218375436962">
        <ele>2.01</ele>
      </trkpt>
      <trkpt lat="36.94279675371945" lon="140.90211292728782">
        <ele>2.04</ele>
      </trkpt>
      <trkpt lat="36.942524341866374" lon="140.90203363448381">
        <ele>1.91</ele>
      </trkpt>
      <trkpt lat="36.942250756546855" lon="140.90195400640368">
        <ele>1.67</ele>
      </trkpt>
      <trkpt lat="36.941972225904465" lon="140.90190798975527">
        <ele>1.49</ele>
      </trkpt>
      <trkpt lat="36.9416924379766" lon="140.90186172164977">
        <ele>1.42</ele>
      </trkpt>
      <trkpt lat="36.94150007329881" lon="140.90168888680637">
        <ele>1.36</ele>
      </trkpt>
      <trkpt lat="36.94130728952587" lon="140.90151571668684">
        <ele>1.29</ele>
      </trkpt>
      <trkpt lat="36.9412640389055" lon="140.90119619853795">
        <ele>1.24</ele>
      </trkpt>
      <trkpt lat="36.9412209559232" lon="140.9008778538555">
        <ele>1.18</ele>
      </trkpt>
      <trkpt lat="36.94127292372286" lon="140.90053788386285">
        <ele>1.16</ele>
      </trkpt>
      <trkpt lat="36.94132472388446" lon="140.90019925497472">
        <ele>1.16</ele>
      </trkpt>
      <trkpt lat="36.941519267857075" lon="140.90006145648658">
        <ele>1.2</ele>
      </trkpt>
      <trkpt lat="36.94171431474388" lon="140.89992323890328">
        <ele>1.14</ele>
      </trkpt>
      <trkpt lat="36.941984882578254" lon="140.8999729435891">
        <ele>1.11</ele>
      </trkpt>
      <trkpt lat="36.942256623879075" lon="140.900022899732">
        <ele>1.01</ele>
      </trkpt>
      <trkpt lat="36.94250891916454" lon="140.90008232742548">
        <ele>0.96</ele>
      </trkpt>
      <trkpt lat="36.942762304097414" lon="140.90014192275703">
        <ele>1.04</ele>
      </trkpt>
      <trkpt lat="36.94301895797253" lon="140.90019623748958">
        <ele>1.14</ele>
      </trkpt>
      <trkpt lat="36.94327661767602" lon="140.9002507198602">
        <ele>1.2</ele>
      </trkpt>
      <trkpt lat="36.94352036342025" lon="140.90025013312697">
        <ele>1.21</ele>
      </trkpt>
      <trkpt lat="36.94376511499286" lon="140.90024954639375">
        <ele>1.15</ele>
      </trkpt>
      <trkpt lat="36.943779196590185" lon="140.89993296191096">
        <ele>1.06</ele>
      </trkpt>
      <trkpt lat="36.94379319436848" lon="140.89961771853268">
        <ele>1.03</ele>
      </trkpt>
      <trkpt lat="36.94370962679386" lon="140.89931211434305">
        <ele>1.06</ele>
      </trkpt>
      <trkpt lat="36.943626310676336" lon="140.8990075159818">
        <ele>1.15</ele>
      </trkpt>
      <trkpt lat="36.94362455047667" lon="140.89873208664358">
        <ele>1.21</ele>
      </trkpt>
      <trkpt lat="36.943622790277004" lon="140.89845774695277">
        <ele>1.26</ele>
      </trkpt>
      <trkpt lat="36.94351851940155" lon="140.89815557934344">
        <ele>1.4</ele>
      </trkpt>
      <trkpt lat="36.94341458380222" lon="140.89785424992442">
        <ele>1.7</ele>
      </trkpt>
      <trkpt lat="36.94313555024564" lon="140.8977720234543">
        <ele>1.86</ele>
      </trkpt>
      <trkpt lat="36.942855259403586" lon="140.89768946170807">
        <ele>1.99</ele>
      </trkpt>
      <trkpt lat="36.94256239570677" lon="140.89761469513178">
        <ele>2.07</ele>
      </trkpt>
      <trkpt lat="36.94226827472448" lon="140.89753959327936">
        <ele>1.99</ele>
      </trkpt>
      <trkpt lat="36.94219292141497" lon="140.89732577092946">
        <ele>2.15</ele>
      </trkpt>
      <trkpt lat="36.94211773574352" lon="140.89711245149374">
        <ele>2.38</ele>
      </trkpt>
      <trkpt lat="36.94236198440194" lon="140.89712418615818">
        <ele>2.64</ele>
      </trkpt>
      <trkpt lat="36.94260732270777" lon="140.89713592082262">
        <ele>2.89</ele>
      </trkpt>
      <trkpt lat="36.94287260994315" lon="140.89716039597988">
        <ele>3.18</ele>
      </trkpt>
      <trkpt lat="36.94313898682594" lon="140.8971850387752">
        <ele>3.45</ele>
      </trkpt>
      <trkpt lat="36.943404357880354" lon="140.89715176261961">
        <ele>3.71</ele>
      </trkpt>
      <trkpt lat="36.94367081858218" lon="140.89711831882596">
        <ele>3.93</ele>
      </trkpt>
      <trkpt lat="36.943896878510714" lon="140.8969510998577">
        <ele>4.16</ele>
      </trkpt>
      <trkpt lat="36.94412352517247" lon="140.8967835456133">
        <ele>4.52</ele>
      </trkpt>
      <trkpt lat="36.94414213299751" lon="140.89652186259627">
        <ele>4.79</ele>
      </trkpt>
      <trkpt lat="36.94416065700352" lon="140.89626126922667">
        <ele>5.07</ele>
      </trkpt>
      <trkpt lat="36.944062085822225" lon="140.89598299004138">
        <ele>5.26</ele>
      </trkpt>
      <trkpt lat="36.943963849917054" lon="140.8957055490464">
        <ele>5.49</ele>
      </trkpt>
      <trkpt lat="36.94387407973409" lon="140.89538041502237">
        <ele>5.89</ele>
      </trkpt>
      <trkpt lat="36.943784561008215" lon="140.89505628682673">
        <ele>6.39</ele>
      </trkpt>
      <trkpt lat="36.94370334036648" lon="140.8947501797229">
        <ele>6.6</ele>
      </trkpt>
      <trkpt lat="36.943622371181846" lon="140.89444507844746">
        <ele>6.67</ele>
      </trkpt>
      <trkpt lat="36.94353612139821" lon="140.89412799105048">
        <ele>6.76</ele>
      </trkpt>
      <trkpt lat="36.94345012307167" lon="140.89381190948188">
        <ele>6.93</ele>
      </trkpt>
      <trkpt lat="36.943361442536116" lon="140.89351954869926">
        <ele>7.12</ele>
      </trkpt>
      <trkpt lat="36.943273013457656" lon="140.89322810992599">
        <ele>7.21</ele>
      </trkpt>
      <trkpt lat="36.94318148307502" lon="140.89291915297508">
        <ele>7.23</ele>
      </trkpt>
      <trkpt lat="36.943090287968516" lon="140.89261111803353">
        <ele>7.44</ele>
      </trkpt>
      <trkpt lat="36.94300688803196" lon="140.8923494350165">
        <ele>7.55</ele>
      </trkpt>
      <trkpt lat="36.942923655733466" lon="140.89208850637078">
        <ele>7.56</ele>
      </trkpt>
      <trkpt lat="36.94282365962863" lon="140.89181299321353">
        <ele>7.24</ele>
      </trkpt>
      <trkpt lat="36.94272391498089" lon="140.8915383182466">
        <ele>6.67</ele>
      </trkpt>
      <trkpt lat="36.94260522723198" lon="140.89123682118952">
        <ele>6.27</ele>
      </trkpt>
      <trkpt lat="36.9424868747592" lon="140.89093607850373">
        <ele>6.06</ele>
      </trkpt>
      <trkpt lat="36.94237707182765" lon="140.89064958505332">
        <ele>5.92</ele>
      </trkpt>
      <trkpt lat="36.94226760417223" lon="140.8903638459742">
        <ele>5.77</ele>
      </trkpt>
      <trkpt lat="36.94215629249811" lon="140.89006486348808">
        <ele>5.67</ele>
      </trkpt>
      <trkpt lat="36.94204523228109" lon="140.88976671919227">
        <ele>5.45</ele>
      </trkpt>
      <trkpt lat="36.941930651664734" lon="140.88945927098393">
        <ele>5.23</ele>
      </trkpt>
      <trkpt lat="36.941816322505474" lon="140.8891525771469">
        <ele>5.07</ele>
      </trkpt>
      <trkpt lat="36.94168606773019" lon="140.8888658322394">
        <ele>4.85</ele>
      </trkpt>
      <trkpt lat="36.94155614823103" lon="140.88857959024608">
        <ele>4.62</ele>
      </trkpt>
      <trkpt lat="36.94143461063504" lon="140.88832729496062">
        <ele>4.44</ele>
      </trkpt>
      <trkpt lat="36.94131324067712" lon="140.8880754187703">
        <ele>4.26</ele>
      </trkpt>
      <trkpt lat="36.94114183075726" lon="140.88780946098268">
        <ele>4.02</ele>
      </trkpt>
      <trkpt lat="36.940970504656434" lon="140.88754375465214">
        <ele>3.78</ele>
      </trkpt>
      <trkpt lat="36.940804459154606" lon="140.88727243244648">
        <ele>3.65</ele>
      </trkpt>
      <trkpt lat="36.94063849747181" lon="140.8870013616979">
        <ele>3.5</ele>
      </trkpt>
      <trkpt lat="36.94047722965479" lon="140.88671972975135">
        <ele>3.44</ele>
      </trkpt>
      <trkpt lat="36.94031612947583" lon="140.88643851689994">
        <ele>3.43</ele>
      </trkpt>
      <trkpt lat="36.94015000015497" lon="140.88615814223886">
        <ele>3.42</ele>
      </trkpt>
      <trkpt lat="36.93998412229121" lon="140.88587801903486">
        <ele>3.4</ele>
      </trkpt>
      <trkpt lat="36.93983576260507" lon="140.88561231270432">
        <ele>3.4</ele>
      </trkpt>
      <trkpt lat="36.939687570557" lon="140.8853469416499">
        <ele>3.41</ele>
      </trkpt>
      <trkpt lat="36.939522698521614" lon="140.8850836660713">
        <ele>3.4</ele>
      </trkpt>
      <trkpt lat="36.93935799412429" lon="140.8848207257688">
        <ele>3.47</ele>
      </trkpt>
      <trkpt lat="36.939192451536655" lon="140.8845577854663">
        <ele>3.55</ele>
      </trkpt>
      <trkpt lat="36.93902707658708" lon="140.88429509662092">
        <ele>3.67</ele>
      </trkpt>
      <trkpt lat="36.93887653760612" lon="140.88401690125465">
        <ele>3.75</ele>
      </trkpt>
      <trkpt lat="36.93872616626322" lon="140.88373912498355">
        <ele>3.9</ele>
      </trkpt>
      <trkpt lat="36.93856070749462" lon="140.88344374671578">
        <ele>4.16</ele>
      </trkpt>
      <trkpt lat="36.938395416364074" lon="140.88314870372415">
        <ele>4.36</ele>
      </trkpt>
      <trkpt lat="36.93822870030999" lon="140.88287863880396">
        <ele>4.41</ele>
      </trkpt>
      <trkpt lat="36.93806215189397" lon="140.88260882534087">
        <ele>4.5</ele>
      </trkpt>
      <trkpt lat="36.9379123672843" lon="140.88234429247677">
        <ele>4.65</ele>
      </trkpt>
      <trkpt lat="36.937762750312686" lon="140.8820800948888">
        <ele>4.72</ele>
      </trkpt>
      <trkpt lat="36.93761623464525" lon="140.88181547820568">
        <ele>4.7</ele>
      </trkpt>
      <trkpt lat="36.93746988661587" lon="140.88155119679868">
        <ele>4.78</ele>
      </trkpt>
      <trkpt lat="36.93732127547264" lon="140.88130133226514">
        <ele>5.0</ele>
      </trkpt>
      <trkpt lat="36.93717283196747" lon="140.88105163536966">
        <ele>5.25</ele>
      </trkpt>
      <trkpt lat="36.937026400119066" lon="140.88078609667718">
        <ele>5.45</ele>
      </trkpt>
      <trkpt lat="36.93688013590872" lon="140.8805208094418">
        <ele>5.6</ele>
      </trkpt>
      <trkpt lat="36.93698105402291" lon="140.88023574091494">
        <ele>5.84</ele>
      </trkpt>
      <trkpt lat="36.93708180449903" lon="140.87995142675936">
        <ele>6.05</ele>
      </trkpt>
      <trkpt lat="36.93729110062122" lon="140.87973525747657">
        <ele>6.14</ele>
      </trkpt>
      <trkpt lat="36.93750056438148" lon="140.8795189205557">
        <ele>6.21</ele>
      </trkpt>
      <trkpt lat="36.937709022313356" lon="140.8793143182993">
        <ele>6.3</ele>
      </trkpt>
      <trkpt lat="36.93791773170233" lon="140.8791095484048">
        <ele>6.4</ele>
      </trkpt>
      <trkpt lat="36.93810598924756" lon="140.87894358672202">
        <ele>6.51</ele>
      </trkpt>
      <trkpt lat="36.93829458206892" lon="140.8787772897631">
        <ele>6.53</ele>
      </trkpt>
      <trkpt lat="36.938495161011815" lon="140.87858182378113">
        <ele>6.51</ele>
      </trkpt>
      <trkpt lat="36.938695991411805" lon="140.87838610634208">
        <ele>6.52</ele>
      </trkpt>
      <trkpt lat="36.93891073577106" lon="140.87819927372038">
        <ele>6.48</ele>
      </trkpt>
      <trkpt lat="36.93912581540644" lon="140.87801210582256">
        <ele>6.45</ele>
      </trkpt>
      <trkpt lat="36.93913210183382" lon="140.87777506560087">
        <ele>6.42</ele>
      </trkpt>
      <trkpt lat="36.9391383882612" lon="140.87753903120756">
        <ele>6.41</ele>
      </trkpt>
      <trkpt lat="36.93898541852832" lon="140.87727282196283">
        <ele>6.44</ele>
      </trkpt>
      <trkpt lat="36.93883270025253" lon="140.87700678035617">
        <ele>6.41</ele>
      </trkpt>
      <trkpt lat="36.938683753833175" lon="140.87677627801895">
        <ele>6.31</ele>
      </trkpt>
      <trkpt lat="36.93853489123285" lon="140.87654585950077">
        <ele>6.24</ele>
      </trkpt>
      <trkpt lat="36.938375970348716" lon="140.87627621367574">
        <ele>6.23</ele>
      </trkpt>
      <trkpt lat="36.938217133283615" lon="140.87600673548877">
        <ele>6.29</ele>
      </trkpt>
      <trkpt lat="36.93805133923888" lon="140.87573926895857">
        <ele>6.31</ele>
      </trkpt>
      <trkpt lat="36.93788562901318" lon="140.87547205388546">
        <ele>6.26</ele>
      </trkpt>
      <trkpt lat="36.93772662431002" lon="140.87521967478096">
        <ele>6.16</ele>
      </trkpt>
      <trkpt lat="36.93756787106395" lon="140.87496754713356">
        <ele>6.04</ele>
      </trkpt>
      <trkpt lat="36.93739512003958" lon="140.87471240200102">
        <ele>5.91</ele>
      </trkpt>
      <trkpt lat="36.93722245283425" lon="140.87445742450655">
        <ele>5.81</ele>
      </trkpt>
      <trkpt lat="36.93707006983459" lon="140.87418937124312">
        <ele>5.69</ele>
      </trkpt>
      <trkpt lat="36.936917854472995" lon="140.87392173707485">
        <ele>5.56</ele>
      </trkpt>
      <trkpt lat="36.93675541318953" lon="140.87365795858204">
        <ele>5.39</ele>
      </trkpt>
      <trkpt lat="36.93659313954413" lon="140.87339451536536">
        <ele>5.3</ele>
      </trkpt>
      <trkpt lat="36.936440505087376" lon="140.87317675352097">
        <ele>5.31</ele>
      </trkpt>
      <trkpt lat="36.93628787063062" lon="140.87295915931463">
        <ele>5.34</ele>
      </trkpt>
      <trkpt lat="36.93615132942796" lon="140.8727426547557">
        <ele>5.35</ele>
      </trkpt>
      <trkpt lat="36.93601495586336" lon="140.87252631783485">
        <ele>5.31</ele>
      </trkpt>
      <trkpt lat="36.935868775472045" lon="140.87229640223086">
        <ele>5.14</ele>
      </trkpt>
      <trkpt lat="36.935722678899765" lon="140.87206665426493">
        <ele>4.94</ele>
      </trkpt>
      <trkpt lat="36.93556157872081" lon="140.87180664762855">
        <ele>4.75</ele>
      </trkpt>
      <trkpt lat="36.93540056236088" lon="140.87154680863023">
        <ele>4.43</ele>
      </trkpt>
      <trkpt lat="36.93525723181665" lon="140.8713054098189">
        <ele>4.43</ele>
      </trkpt>
      <trkpt lat="36.93511398509145" lon="140.87106426246464">
        <ele>4.46</ele>
      </trkpt>
      <trkpt lat="36.93495514802635" lon="140.87082554586232">
        <ele>4.39</ele>
      </trkpt>
      <trkpt lat="36.93479639478028" lon="140.87058691307902">
        <ele>4.27</ele>
      </trkpt>
      <trkpt lat="36.93463705480099" lon="140.87032246403396">
        <ele>4.16</ele>
      </trkpt>
      <trkpt lat="36.93447788245976" lon="140.870058266446">
        <ele>4.08</ele>
      </trkpt>
      <trkpt lat="36.934318291023374" lon="140.8698053844273">
        <ele>4.05</ele>
      </trkpt>
      <trkpt lat="36.93415869958699" lon="140.8695526700467">
        <ele>4.1</ele>
      </trkpt>
      <trkpt lat="36.933995839208364" lon="140.8692844491452">
        <ele>4.11</ele>
      </trkpt>
      <trkpt lat="36.933833146467805" lon="140.8690164797008">
        <ele>4.06</ele>
      </trkpt>
      <trkpt lat="36.93367221392691" lon="140.8687646035105">
        <ele>4.04</ele>
      </trkpt>
      <trkpt lat="36.93351128138602" lon="140.8685129787773">
        <ele>4.07</ele>
      </trkpt>
      <trkpt lat="36.933352276682854" lon="140.86826160550117">
        <ele>4.04</ele>
      </trkpt>
      <trkpt lat="36.93319335579872" lon="140.86801039986312">
        <ele>3.99</ele>
      </trkpt>
      <trkpt lat="36.933048851788044" lon="140.86777972988784">
        <ele>3.94</ele>
      </trkpt>
      <trkpt lat="36.9329044315964" lon="140.86754922755063">
        <ele>3.88</ele>
      </trkpt>
      <trkpt lat="36.93277954123914" lon="140.86734605021775">
        <ele>3.86</ele>
      </trkpt>
      <trkpt lat="36.93265481851995" lon="140.8671429567039">
        <ele>3.85</ele>
      </trkpt>
      <trkpt lat="36.93250930868089" lon="140.86689099669456">
        <ele>3.79</ele>
      </trkpt>
      <trkpt lat="36.932363882660866" lon="140.8666392043233">
        <ele>3.72</ele>
      </trkpt>
      <trkpt lat="36.932218205183744" lon="140.86640895344317">
        <ele>3.7</ele>
      </trkpt>
      <trkpt lat="36.932072611525655" lon="140.86617878638208">
        <ele>3.74</ele>
      </trkpt>
      <trkpt lat="36.9319339748472" lon="140.86594979278743">
        <ele>3.89</ele>
      </trkpt>
      <trkpt lat="36.931795505806804" lon="140.86572105064988">
        <ele>4.05</ele>
      </trkpt>
      <trkpt lat="36.93163834512234" lon="140.86548208259046">
        <ele>3.97</ele>
      </trkpt>
      <trkpt lat="36.93148118443787" lon="140.86524319835007">
        <ele>3.84</ele>
      </trkpt>
      <trkpt lat="36.93133877590299" lon="140.8650225866586">
        <ele>3.79</ele>
      </trkpt>
      <trkpt lat="36.931196451187134" lon="140.86480205878615">
        <ele>3.8</ele>
      </trkpt>
      <trkpt lat="36.93105513229966" lon="140.86456610821187">
        <ele>3.99</ele>
      </trkpt>
      <trkpt lat="36.93091389723122" lon="140.86433032527566">
        <ele>4.03</ele>
      </trkpt>
      <trkpt lat="36.93078179843724" lon="140.86409688927233">
        <ele>3.95</ele>
      </trkpt>
      <trkpt lat="36.930649783462286" lon="140.86386378854513">
        <ele>3.87</ele>
      </trkpt>
      <trkpt lat="36.93063176237047" lon="140.86360269226134">
        <ele>3.88</ele>
      </trkpt>
      <trkpt lat="36.93061374127865" lon="140.86334260180593">
        <ele>3.96</ele>
      </trkpt>
      <trkpt lat="36.930765034630895" lon="140.86316079832613">
        <ele>4.04</ele>
      </trkpt>
      <trkpt lat="36.93091632798314" lon="140.8629789110273">
        <ele>4.11</ele>
      </trkpt>
      <trkpt lat="36.93109125830233" lon="140.86278210394084">
        <ele>4.12</ele>
      </trkpt>
      <trkpt lat="36.931266356259584" lon="140.86258521303535">
        <ele>4.08</ele>
      </trkpt>
      <trkpt lat="36.931430054828525" lon="140.8623866457492">
        <ele>4.07</ele>
      </trkpt>
      <trkpt lat="36.9315938372165" lon="140.86218799464405">
        <ele>4.09</ele>
      </trkpt>
      <trkpt lat="36.931769689545035" lon="140.861989678815">
        <ele>4.13</ele>
      </trkpt>
      <trkpt lat="36.931945541873574" lon="140.86179127916694">
        <ele>4.18</ele>
      </trkpt>
      <trkpt lat="36.93191603757441" lon="140.86152515374124">
        <ele>4.21</ele>
      </trkpt>
      <trkpt lat="36.93188653327525" lon="140.86126003414392">
        <ele>4.2</ele>
      </trkpt>
      <trkpt lat="36.93181352689862" lon="140.8610086608678">
        <ele>4.14</ele>
      </trkpt>
      <trkpt lat="36.93174077197909" lon="140.860758125782">
        <ele>4.16</ele>
      </trkpt>
      <trkpt lat="36.93165963515639" lon="140.86048856377602">
        <ele>4.27</ele>
      </trkpt>
      <trkpt lat="36.93157874979079" lon="140.8602197561413">
        <ele>4.36</ele>
      </trkpt>
      <trkpt lat="36.93148948252201" lon="140.85993368178606">
        <ele>4.36</ele>
      </trkpt>
      <trkpt lat="36.93140046671033" lon="140.85964844562113">
        <ele>4.32</ele>
      </trkpt>
      <trkpt lat="36.93128856830299" lon="140.85938148200512">
        <ele>4.28</ele>
      </trkpt>
      <trkpt lat="36.931176921352744" lon="140.85911518894136">
        <ele>4.28</ele>
      </trkpt>
      <trkpt lat="36.93106820806861" lon="140.8589099161327">
        <ele>4.3</ele>
      </trkpt>
      <trkpt lat="36.93095974624157" lon="140.85870497860014">
        <ele>4.32</ele>
      </trkpt>
      <trkpt lat="36.93086343817413" lon="140.85848981514573">
        <ele>4.31</ele>
      </trkpt>
      <trkpt lat="36.93076302297413" lon="140.85832997225225">
        <ele>4.33</ele>
      </trkpt>
      <trkpt lat="36.93066269159317" lon="140.85817029699683">
        <ele>4.38</ele>
      </trkpt>
      <trkpt lat="36.9305523019284" lon="140.8580137230456">
        <ele>4.36</ele>
      </trkpt>
      <trkpt lat="36.93044199608266" lon="140.85785714909434">
        <ele>4.37</ele>
      </trkpt>
      <trkpt lat="36.93033571355045" lon="140.8576937019825">
        <ele>4.5</ele>
      </trkpt>
      <trkpt lat="36.930229514837265" lon="140.85753033868968">
        <ele>4.71</ele>
      </trkpt>
      <trkpt lat="36.93012339994311" lon="140.85737242363393">
        <ele>4.96</ele>
      </trkpt>
      <trkpt lat="36.93001736886799" lon="140.85721467621624">
        <ele>5.22</ele>
      </trkpt>
      <trkpt lat="36.929908990859985" lon="140.85704309865832">
        <ele>5.54</ele>
      </trkpt>
      <trkpt lat="36.92980069667101" lon="140.85687160491943">
        <ele>5.97</ele>
      </trkpt>
      <trkpt lat="36.929694497957826" lon="140.85669633932412">
        <ele>6.44</ele>
      </trkpt>
      <trkpt lat="36.929588383063674" lon="140.85652115754783">
        <ele>6.91</ele>
      </trkpt>
      <trkpt lat="36.92946399562061" lon="140.85635553114116">
        <ele>7.41</ele>
      </trkpt>
      <trkpt lat="36.92933960817754" lon="140.85618982091546">
        <ele>7.96</ele>
      </trkpt>
      <trkpt lat="36.92921689711511" lon="140.8560186624527">
        <ele>8.6</ele>
      </trkpt>
      <trkpt lat="36.92909418605268" lon="140.85584758780897">
        <ele>9.33</ele>
      </trkpt>
      <trkpt lat="36.92898320965469" lon="140.85566679015756">
        <ele>10.15</ele>
      </trkpt>
      <trkpt lat="36.92887231707573" lon="140.85548624396324">
        <ele>11.09</ele>
      </trkpt>
      <trkpt lat="36.928753796964884" lon="140.8553145825863">
        <ele>12.07</ele>
      </trkpt>
      <trkpt lat="36.92863527685404" lon="140.85514300502837">
        <ele>13.08</ele>
      </trkpt>
      <trkpt lat="36.92850795574486" lon="140.8549787197262">
        <ele>14.11</ele>
      </trkpt>
      <trkpt lat="36.92838071845472" lon="140.85481451824307">
        <ele>15.17</ele>
      </trkpt>
      <trkpt lat="36.92825431935489" lon="140.85466213524342">
        <ele>16.25</ele>
      </trkpt>
      <trkpt lat="36.928127920255065" lon="140.85450966842473">
        <ele>17.37</ele>
      </trkpt>
      <trkpt lat="36.927985679358244" lon="140.85438662208617">
        <ele>18.55</ele>
      </trkpt>
      <trkpt lat="36.92784327082336" lon="140.8542633242905">
        <ele>19.77</ele>
      </trkpt>
      <trkpt lat="36.927692061290145" lon="140.8541409485042">
        <ele>21.05</ele>
      </trkpt>
      <trkpt lat="36.9275405164808" lon="140.85401823744178">
        <ele>22.29</ele>
      </trkpt>
      <trkpt lat="36.92737187258899" lon="140.85392679087818">
        <ele>23.5</ele>
      </trkpt>
      <trkpt lat="36.92720272578299" lon="140.85383509285748">
        <ele>24.6</ele>
      </trkpt>
      <trkpt lat="36.927043721079826" lon="140.8537574764341">
        <ele>25.72</ele>
      </trkpt>
      <trkpt lat="36.92688412964344" lon="140.85367952473462">
        <ele>26.89</ele>
      </trkpt>
      <trkpt lat="36.92671841941774" lon="140.8536094520241">
        <ele>28.01</ele>
      </trkpt>
      <trkpt lat="36.926552122458816" lon="140.85353904403746">
        <ele>29.09</ele>
      </trkpt>
      <trkpt lat="36.926375767216086" lon="140.85350308567286">
        <ele>30.19</ele>
      </trkpt>
      <trkpt lat="36.9261987414211" lon="140.8534669596702">
        <ele>31.26</ele>
      </trkpt>
      <trkpt lat="36.926025906577706" lon="140.85341373458505">
        <ele>32.2</ele>
      </trkpt>
      <trkpt lat="36.92585248500109" lon="140.85336017422378">
        <ele>33.02</ele>
      </trkpt>
      <trkpt lat="36.925672609359026" lon="140.8532936219126">
        <ele>33.68</ele>
      </trkpt>
      <trkpt lat="36.92549206316471" lon="140.85322681814432">
        <ele>34.35</ele>
      </trkpt>
      <trkpt lat="36.92532199434936" lon="140.8531554043293">
        <ele>34.83</ele>
      </trkpt>
      <trkpt lat="36.92515133880079" lon="140.85308382287621">
        <ele>35.23</ele>
      </trkpt>
      <trkpt lat="36.92518956027925" lon="140.85278735496104">
        <ele>35.47</ele>
      </trkpt>
      <trkpt lat="36.92522761411965" lon="140.85249197669327">
        <ele>35.71</ele>
      </trkpt>
      <trkpt lat="36.92528544925153" lon="140.85220824927092">
        <ele>35.92</ele>
      </trkpt>
      <trkpt lat="36.92534303292632" lon="140.85192552767694">
        <ele>35.96</ele>
      </trkpt>
      <trkpt lat="36.92540941759944" lon="140.8516656048596">
        <ele>35.88</ele>
      </trkpt>
      <trkpt lat="36.925475634634495" lon="140.85140652023256">
        <ele>35.77</ele>
      </trkpt>
      <trkpt lat="36.92557110451162" lon="140.85117761045694">
        <ele>35.66</ele>
      </trkpt>
      <trkpt lat="36.92566632293165" lon="140.85094920359552">
        <ele>35.4</ele>
      </trkpt>
      <trkpt lat="36.92582122050226" lon="140.85074074566364">
        <ele>35.01</ele>
      </trkpt>
      <trkpt lat="36.925976034253836" lon="140.8505323715508">
        <ele>34.63</ele>
      </trkpt>
      <trkpt lat="36.926129758358" lon="140.85033774375916">
        <ele>34.16</ele>
      </trkpt>
      <trkpt lat="36.92628348246217" lon="140.85014319978654">
        <ele>33.57</ele>
      </trkpt>
      <trkpt lat="36.926429914310575" lon="140.84996751509607">
        <ele>33.11</ele>
      </trkpt>
      <trkpt lat="36.92657634615898" lon="140.84979174658656">
        <ele>32.63</ele>
      </trkpt>
      <trkpt lat="36.92674431949854" lon="140.84959041327238">
        <ele>32.21</ele>
      </trkpt>
      <trkpt lat="36.92691237665713" lon="140.84938891232014">
        <ele>31.64</ele>
      </trkpt>
      <trkpt lat="36.92705009132624" lon="140.84918146021664">
        <ele>31.12</ele>
      </trkpt>
      <trkpt lat="36.927187805995345" lon="140.84897409193218">
        <ele>30.48</ele>
      </trkpt>
      <trkpt lat="36.927296770736575" lon="140.84872288629413">
        <ele>29.78</ele>
      </trkpt>
      <trkpt lat="36.92740548402071" lon="140.8484722673893">
        <ele>28.94</ele>
      </trkpt>
      <trkpt lat="36.92751872353256" lon="140.84823556244373">
        <ele>28.2</ele>
      </trkpt>
      <trkpt lat="36.92763179540634" lon="140.8479991927743">
        <ele>27.49</ele>
      </trkpt>
      <trkpt lat="36.92774503491819" lon="140.8477452211082">
        <ele>26.79</ele>
      </trkpt>
      <trkpt lat="36.92785810679197" lon="140.8474917523563">
        <ele>26.27</ele>
      </trkpt>
      <trkpt lat="36.92795022390783" lon="140.8472528681159">
        <ele>25.76</ele>
      </trkpt>
      <trkpt lat="36.92804217338562" lon="140.84701457060874">
        <ele>25.3</ele>
      </trkpt>
      <trkpt lat="36.928159184753895" lon="140.84677711129189">
        <ele>24.95</ele>
      </trkpt>
      <trkpt lat="36.928275944665074" lon="140.8465400710702">
        <ele>24.61</ele>
      </trkpt>
      <trkpt lat="36.928384909406304" lon="140.84628500975668">
        <ele>24.3</ele>
      </trkpt>
      <trkpt lat="36.92849370650947" lon="140.84603045135736">
        <ele>24.02</ele>
      </trkpt>
      <trkpt lat="36.928605772554874" lon="140.84578997455537">
        <ele>23.74</ele>
      </trkpt>
      <trkpt lat="36.928717670962214" lon="140.84554991684854">
        <ele>23.35</ele>
      </trkpt>
      <trkpt lat="36.928841387853026" lon="140.84535763598979">
        <ele>23.03</ele>
      </trkpt>
      <trkpt lat="36.92896502092481" lon="140.84516560658813">
        <ele>22.79</ele>
      </trkpt>
      <trkpt lat="36.92912628874183" lon="140.84501657634974">
        <ele>22.63</ele>
      </trkpt>
      <trkpt lat="36.92928772419691" lon="140.84486729465425">
        <ele>22.54</ele>
      </trkpt>
      <trkpt lat="36.92947514355183" lon="140.84471910260618">
        <ele>22.5</ele>
      </trkpt>
      <trkpt lat="36.92966289818287" lon="140.844570659101">
        <ele>22.37</ele>
      </trkpt>
      <trkpt lat="36.92982777021825" lon="140.8444125764072">
        <ele>22.22</ele>
      </trkpt>
      <trkpt lat="36.9299928098917" lon="140.84425432607532">
        <ele>22.07</ele>
      </trkpt>
      <trkpt lat="36.93016120232642" lon="140.8441110793501">
        <ele>21.94</ele>
      </trkpt>
      <trkpt lat="36.93032984621823" lon="140.84396766498685">
        <ele>21.89</ele>
      </trkpt>
      <trkpt lat="36.93052304908633" lon="140.84380161948502">
        <ele>21.92</ele>
      </trkpt>
      <trkpt lat="36.93071658723056" lon="140.8436353225261">
        <ele>21.88</ele>
      </trkpt>
      <trkpt lat="36.93090442568064" lon="140.8434688579291">
        <ele>21.83</ele>
      </trkpt>
      <trkpt lat="36.93109259940684" lon="140.84330214187503">
        <ele>21.76</ele>
      </trkpt>
      <trkpt lat="36.93127549253404" lon="140.84313492290676">
        <ele>21.76</ele>
      </trkpt>
      <trkpt lat="36.93145863711834" lon="140.8429674524814">
        <ele>21.8</ele>
      </trkpt>
      <trkpt lat="36.93164530210197" lon="140.84279218688607">
        <ele>21.87</ele>
      </trkpt>
      <trkpt lat="36.93183230236173" lon="140.8426167536527">
        <ele>21.81</ele>
      </trkpt>
      <trkpt lat="36.932024667039514" lon="140.842443164438">
        <ele>21.79</ele>
      </trkpt>
      <trkpt lat="36.932217283174396" lon="140.84226940758526">
        <ele>21.76</ele>
      </trkpt>
      <trkpt lat="36.93243839778006" lon="140.84219170734286">
        <ele>21.77</ele>
      </trkpt>
      <trkpt lat="36.932660434395075" lon="140.84211375564337">
        <ele>21.82</ele>
      </trkpt>
      <trkpt lat="36.93290309049189" lon="140.8420850057155">
        <ele>21.89</ele>
      </trkpt>
      <trkpt lat="36.93314683623612" lon="140.84205600433052">
        <ele>21.91</ele>
      </trkpt>
      <trkpt lat="36.933362083509564" lon="140.8420966565609">
        <ele>21.83</ele>
      </trkpt>
      <trkpt lat="36.93357833661139" lon="140.84213747642934">
        <ele>21.78</ele>
      </trkpt>
      <trkpt lat="36.93379090167582" lon="140.84224794991314">
        <ele>21.71</ele>
      </trkpt>
      <trkpt lat="36.934004137292504" lon="140.84235867485404">
        <ele>21.64</ele>
      </trkpt>
      <trkpt lat="36.934199687093496" lon="140.8425282407552">
        <ele>21.51</ele>
      </trkpt>
      <trkpt lat="36.93439565598965" lon="140.84269805811346">
        <ele>21.36</ele>
      </trkpt>
      <trkpt lat="36.93456773646176" lon="140.84287407808006">
        <ele>21.19</ele>
      </trkpt>
      <trkpt lat="36.934739984571934" lon="140.84305026568472">
        <ele>20.94</ele>
      </trkpt>
      <trkpt lat="36.93492589518428" lon="140.8432317338884">
        <ele>20.61</ele>
      </trkpt>
      <trkpt lat="36.93511205725372" lon="140.84341345354915">
        <ele>20.21</ele>
      </trkpt>
      <trkpt lat="36.935294698923826" lon="140.84359265863895">
        <ele>19.84</ele>
      </trkpt>
      <trkpt lat="36.93547759205103" lon="140.84377203136683">
        <ele>19.43</ele>
      </trkpt>
      <trkpt lat="36.935652857646346" lon="140.8439532481134">
        <ele>18.96</ele>
      </trkpt>
      <trkpt lat="36.935828290879726" lon="140.84413463249803">
        <ele>18.44</ele>
      </trkpt>
      <trkpt lat="36.93598955869675" lon="140.84434661082923">
        <ele>17.88</ele>
      </trkpt>
      <trkpt lat="36.936150742694736" lon="140.8445585053414">
        <ele>17.27</ele>
      </trkpt>
      <trkpt lat="36.936316872015595" lon="140.8447268139571">
        <ele>16.67</ele>
      </trkpt>
      <trkpt lat="36.93648308515549" lon="140.84489529021084">
        <ele>16.12</ele>
      </trkpt>
      <trkpt lat="36.93665759637952" lon="140.8450444880873">
        <ele>15.56</ele>
      </trkpt>
      <trkpt lat="36.93683244287968" lon="140.84519402123988">
        <ele>15.04</ele>
      </trkpt>
      <trkpt lat="36.936806878075004" lon="140.84548336453736">
        <ele>14.6</ele>
      </trkpt>
      <trkpt lat="36.93678139708936" lon="140.8457715343684">
        <ele>14.23</ele>
      </trkpt>
      <trkpt lat="36.936804028227925" lon="140.84604805335402">
        <ele>13.82</ele>
      </trkpt>
      <trkpt lat="36.93682657554746" lon="140.84632348269224">
        <ele>13.38</ele>
      </trkpt>
      <trkpt lat="36.93689061328769" lon="140.84659036248922">
        <ele>12.89</ele>
      </trkpt>
      <trkpt lat="36.936954483389854" lon="140.8468564040959">
        <ele>12.43</ele>
      </trkpt>
      <trkpt lat="36.9370333570987" lon="140.8471352700144">
        <ele>11.95</ele>
      </trkpt>
      <trkpt lat="36.93711206316948" lon="140.84741321392357">
        <ele>11.49</ele>
      </trkpt>
      <trkpt lat="36.937184650450945" lon="140.84770280867815">
        <ele>11.08</ele>
      </trkpt>
      <trkpt lat="36.937256902456284" lon="140.84799148142338">
        <ele>10.56</ele>
      </trkpt>
      <trkpt lat="36.9373335968703" lon="140.84827529266477">
        <ele>10.11</ele>
      </trkpt>
      <trkpt lat="36.93741003982723" lon="140.8485581818968">
        <ele>9.71</ele>
      </trkpt>
      <trkpt lat="36.93750089965761" lon="140.84883847273886">
        <ele>9.33</ele>
      </trkpt>
      <trkpt lat="36.93759142421186" lon="140.84911800920963">
        <ele>8.92</ele>
      </trkpt>
      <trkpt lat="36.93767289631069" lon="140.84940425120294">
        <ele>8.5</ele>
      </trkpt>
      <trkpt lat="36.93775403313339" lon="140.84968965500593">
        <ele>8.18</ele>
      </trkpt>
      <trkpt lat="36.93783533759415" lon="140.84999048151076">
        <ele>7.88</ele>
      </trkpt>
      <trkpt lat="36.93791639059782" lon="140.8502903021872">
        <ele>7.59</ele>
      </trkpt>
      <trkpt lat="36.93798872642219" lon="140.85057746618986">
        <ele>7.27</ele>
      </trkpt>
      <trkpt lat="36.9380608946085" lon="140.8508635405451">
        <ele>6.9</ele>
      </trkpt>
      <trkpt lat="36.93813926540315" lon="140.85113536566496">
        <ele>6.54</ele>
      </trkpt>
      <trkpt lat="36.93821746855974" lon="140.85140643641353">
        <ele>6.17</ele>
      </trkpt>
      <trkpt lat="36.93830078467727" lon="140.85168270394206">
        <ele>5.95</ele>
      </trkpt>
      <trkpt lat="36.9383838493377" lon="140.85195813328028">
        <ele>5.8</ele>
      </trkpt>
      <trkpt lat="36.938460040837526" lon="140.8522483985871">
        <ele>5.63</ele>
      </trkpt>
      <trkpt lat="36.93853606469929" lon="140.8525377418846">
        <ele>5.41</ele>
      </trkpt>
      <trkpt lat="36.93861560896039" lon="140.8528327010572">
        <ele>5.23</ele>
      </trkpt>
      <trkpt lat="36.93869490176439" lon="140.85312665440142">
        <ele>5.12</ele>
      </trkpt>
      <trkpt lat="36.93867411464453" lon="140.85349881090224">
        <ele>5.21</ele>
      </trkpt>
      <trkpt lat="36.93861284293234" lon="140.8532217051834">
        <ele>5.0</ele>
      </trkpt>
      <trkpt lat="36.93855173885822" lon="140.85294552147388">
        <ele>4.9</ele>
      </trkpt>
      <trkpt lat="36.9384871982038" lon="140.8527301903814">
        <ele>4.91</ele>
      </trkpt>
      <trkpt lat="36.938422909006476" lon="140.85251561366022">
        <ele>4.95</ele>
      </trkpt>
      <trkpt lat="36.938358787447214" lon="140.85231662727892">
        <ele>5.01</ele>
      </trkpt>
      <trkpt lat="36.938294833526015" lon="140.85211814381182">
        <ele>5.07</ele>
      </trkpt>
      <trkpt lat="36.93824362009764" lon="140.85189300589263">
        <ele>5.16</ele>
      </trkpt>
      <trkpt lat="36.938192658126354" lon="140.8516685385257">
        <ele>5.28</ele>
      </trkpt>
      <trkpt lat="36.93812216632068" lon="140.85142286494374">
        <ele>5.46</ele>
      </trkpt>
      <trkpt lat="36.938051925972104" lon="140.85117786191404">
        <ele>5.79</ele>
      </trkpt>
      <trkpt lat="36.93798151798546" lon="140.85091592743993">
        <ele>6.14</ele>
      </trkpt>
      <trkpt lat="36.93791136145592" lon="140.85065483115613">
        <ele>6.5</ele>
      </trkpt>
      <trkpt lat="36.93783584050834" lon="140.85038828663528">
        <ele>6.83</ele>
      </trkpt>
      <trkpt lat="36.93776065483689" lon="140.85012266412377">
        <ele>7.12</ele>
      </trkpt>
      <trkpt lat="36.93769318051636" lon="140.84986802190542">
        <ele>7.42</ele>
      </trkpt>
      <trkpt lat="36.937625873833895" lon="140.84961430169642">
        <ele>7.75</ele>
      </trkpt>
      <trkpt lat="36.93755085580051" lon="140.84936644881964">
        <ele>8.17</ele>
      </trkpt>
      <trkpt lat="36.93747608922422" lon="140.84911935031414">
        <ele>8.6</ele>
      </trkpt>
      <trkpt lat="36.93740492686629" lon="140.84884844720364">
        <ele>9.02</ele>
      </trkpt>
      <trkpt lat="36.93733393214643" lon="140.84857838228345">
        <ele>9.44</ele>
      </trkpt>
      <trkpt lat="36.93726763129234" lon="140.848334049806">
        <ele>9.86</ele>
      </trkpt>
      <trkpt lat="36.93720149807632" lon="140.84809055551887">
        <ele>10.29</ele>
      </trkpt>
      <trkpt lat="36.93712027743459" lon="140.84782811813056">
        <ele>10.78</ele>
      </trkpt>
      <trkpt lat="36.93703922443092" lon="140.84756635129452">
        <ele>11.3</ele>
      </trkpt>
      <trkpt lat="36.93696973845363" lon="140.8473170734942">
        <ele>11.78</ele>
      </trkpt>
      <trkpt lat="36.93690050393343" lon="140.84706846624613">
        <ele>12.31</ele>
      </trkpt>
      <trkpt lat="36.93684107623994" lon="140.84680904634297">
        <ele>12.79</ele>
      </trkpt>
      <trkpt lat="36.93678190000355" lon="140.84655046463013">
        <ele>13.26</ele>
      </trkpt>
      <trkpt lat="36.93674988113344" lon="140.84629942663014">
        <ele>13.7</ele>
      </trkpt>
      <trkpt lat="36.93671811372042" lon="140.84604939445853">
        <ele>14.12</ele>
      </trkpt>
      <trkpt lat="36.93672498688102" lon="140.84577664732933">
        <ele>14.5</ele>
      </trkpt>
      <trkpt lat="36.93673194386065" lon="140.84550507366657">
        <ele>14.87</ele>
      </trkpt>
      <trkpt lat="36.93667368963361" lon="140.84528161212802">
        <ele>15.28</ele>
      </trkpt>
      <trkpt lat="36.93661568686366" lon="140.84505890496075">
        <ele>15.75</ele>
      </trkpt>
      <trkpt lat="36.936411671340466" lon="140.84492806345224">
        <ele>16.26</ele>
      </trkpt>
      <trkpt lat="36.93620715290308" lon="140.8447968866676">
        <ele>16.75</ele>
      </trkpt>
      <trkpt lat="36.93605359643698" lon="140.84460586309433">
        <ele>17.34</ele>
      </trkpt>
      <trkpt lat="36.93589995615184" lon="140.84441483952105">
        <ele>17.9</ele>
      </trkpt>
      <trkpt lat="36.93574388511479" lon="140.8442355506122">
        <ele>18.42</ele>
      </trkpt>
      <trkpt lat="36.93558764643967" lon="140.8440560940653">
        <ele>18.84</ele>
      </trkpt>
      <trkpt lat="36.935409530997276" lon="140.84387680515647">
        <ele>19.24</ele>
      </trkpt>
      <trkpt lat="36.935231080278754" lon="140.8436974324286">
        <ele>19.58</ele>
      </trkpt>
      <trkpt lat="36.93506520241499" lon="140.8435335662216">
        <ele>19.91</ele>
      </trkpt>
      <trkpt lat="36.93489907309413" lon="140.8433694485575">
        <ele>20.26</ele>
      </trkpt>
      <trkpt lat="36.93471785634756" lon="140.84318881854415">
        <ele>20.55</ele>
      </trkpt>
      <trkpt lat="36.93453647196293" lon="140.8430079370737">
        <ele>20.75</ele>
      </trkpt>
      <trkpt lat="36.93435466848314" lon="140.84283015690744">
        <ele>20.88</ele>
      </trkpt>
      <trkpt lat="36.93417252972722" lon="140.8426522091031">
        <ele>20.97</ele>
      </trkpt>
      <trkpt lat="36.93397572264075" lon="140.84250586107373">
        <ele>21.05</ele>
      </trkpt>
      <trkpt lat="36.93377849645913" lon="140.84235926158726">
        <ele>21.12</ele>
      </trkpt>
      <trkpt lat="36.933571714907885" lon="140.84227921441197">
        <ele>21.14</ele>
      </trkpt>
      <trkpt lat="36.93336426280439" lon="140.8421989157796">
        <ele>21.2</ele>
      </trkpt>
      <trkpt lat="36.93313476629555" lon="140.84219480864704">
        <ele>21.2</ele>
      </trkpt>
      <trkpt lat="36.9329041801393" lon="140.84219070151448">
        <ele>21.18</ele>
      </trkpt>
      <trkpt lat="36.93268423900008" lon="140.84225163795054">
        <ele>21.13</ele>
      </trkpt>
      <trkpt lat="36.93246337585151" lon="140.8423128258437">
        <ele>21.14</ele>
      </trkpt>
      <trkpt lat="36.932253912091255" lon="140.84244643338025">
        <ele>21.23</ele>
      </trkpt>
      <trkpt lat="36.93204394541681" lon="140.8425802923739">
        <ele>21.32</ele>
      </trkpt>
      <trkpt lat="36.93185476586223" lon="140.84274449385703">
        <ele>21.4</ele>
      </trkpt>
      <trkpt lat="36.93166525103152" lon="140.84290894679725">
        <ele>21.48</ele>
      </trkpt>
      <trkpt lat="36.9314934220165" lon="140.8430660236627">
        <ele>21.45</ele>
      </trkpt>
      <trkpt lat="36.93132142536342" lon="140.84322343580425">
        <ele>21.48</ele>
      </trkpt>
      <trkpt lat="36.93112654611468" lon="140.84339383989573">
        <ele>21.55</ele>
      </trkpt>
      <trkpt lat="36.93093133158982" lon="140.84356457926333">
        <ele>21.71</ele>
      </trkpt>
      <trkpt lat="36.93073502741754" lon="140.84374696947634">
        <ele>21.87</ele>
      </trkpt>
      <trkpt lat="36.930538387969136" lon="140.84392961114645">
        <ele>21.97</ele>
      </trkpt>
      <trkpt lat="36.93034887313843" lon="140.8440957404673">
        <ele>22.05</ele>
      </trkpt>
      <trkpt lat="36.93015893921256" lon="140.8442622050643">
        <ele>22.27</ele>
      </trkpt>
      <trkpt lat="36.9299650657922" lon="140.84443042986095">
        <ele>22.49</ele>
      </trkpt>
      <trkpt lat="36.92977085709572" lon="140.8445989061147">
        <ele>22.76</ele>
      </trkpt>
      <trkpt lat="36.929592322558165" lon="140.8447691425681">
        <ele>23.01</ele>
      </trkpt>
      <trkpt lat="36.929413536563516" lon="140.84493963047862">
        <ele>23.15</ele>
      </trkpt>
      <trkpt lat="36.92921991460025" lon="140.84511313587427">
        <ele>23.3</ele>
      </trkpt>
      <trkpt lat="36.929025957360864" lon="140.84528697654605">
        <ele>23.56</ele>
      </trkpt>
      <trkpt lat="36.928883297368884" lon="140.84549887105823">
        <ele>23.95</ele>
      </trkpt>
      <trkpt lat="36.928740721195936" lon="140.84571068175137">
        <ele>24.34</ele>
      </trkpt>
      <trkpt lat="36.9286354444921" lon="140.84595300257206">
        <ele>24.78</ele>
      </trkpt>
      <trkpt lat="36.92853041924536" lon="140.8461949042976">
        <ele>25.1</ele>
      </trkpt>
      <trkpt lat="36.92842028103769" lon="140.84644066169858">
        <ele>25.44</ele>
      </trkpt>
      <trkpt lat="36.92831031046808" lon="140.84668591618538">
        <ele>25.81</ele>
      </trkpt>
      <trkpt lat="36.92819983698428" lon="140.846930667758">
        <ele>26.17</ele>
      </trkpt>
      <trkpt lat="36.92808961495757" lon="140.84717483259737">
        <ele>26.61</ele>
      </trkpt>
      <trkpt lat="36.927988110110164" lon="140.84740784950554">
        <ele>27.1</ele>
      </trkpt>
      <trkpt lat="36.92788685671985" lon="140.8476402796805">
        <ele>27.62</ele>
      </trkpt>
      <trkpt lat="36.927765402942896" lon="140.8478879649192">
        <ele>28.18</ele>
      </trkpt>
      <trkpt lat="36.927644116804004" lon="140.84813523106277">
        <ele>28.89</ele>
      </trkpt>
      <trkpt lat="36.927549904212356" lon="140.84836196154356">
        <ele>29.56</ele>
      </trkpt>
      <trkpt lat="36.92745585925877" lon="140.84858818911016">
        <ele>30.28</ele>
      </trkpt>
      <trkpt lat="36.927340775728226" lon="140.84883788600564">
        <ele>31.02</ele>
      </trkpt>
      <trkpt lat="36.927225859835744" lon="140.84908716380596">
        <ele>31.55</ele>
      </trkpt>
      <trkpt lat="36.92708755843341" lon="140.84929989650846">
        <ele>32.09</ele>
      </trkpt>
      <trkpt lat="36.92694925703108" lon="140.84951254539192">
        <ele>32.47</ele>
      </trkpt>
      <trkpt lat="36.92679335363209" lon="140.8497065026313">
        <ele>32.86</ele>
      </trkpt>
      <trkpt lat="36.92663736641407" lon="140.84990037605166">
        <ele>33.16</ele>
      </trkpt>
      <trkpt lat="36.92647500894964" lon="140.850099446252">
        <ele>33.45</ele>
      </trkpt>
      <trkpt lat="36.92631248384714" lon="140.8502985164523">
        <ele>33.77</ele>
      </trkpt>
      <trkpt lat="36.92615574225783" lon="140.85049238987267">
        <ele>34.07</ele>
      </trkpt>
      <trkpt lat="36.925999000668526" lon="140.85068626329303">
        <ele>34.28</ele>
      </trkpt>
      <trkpt lat="36.925846952944994" lon="140.85089715197682">
        <ele>34.35</ele>
      </trkpt>
      <trkpt lat="36.92569490522146" lon="140.8511079568416">
        <ele>34.41</ele>
      </trkpt>
      <trkpt lat="36.92559449002147" lon="140.85136041976511">
        <ele>34.26</ele>
      </trkpt>
      <trkpt lat="36.92549432627857" lon="140.85161229595542">
        <ele>34.02</ele>
      </trkpt>
      <trkpt lat="36.925437329337" lon="140.85188537836075">
        <ele>33.8</ele>
      </trkpt>
      <trkpt lat="36.9253805000335" lon="140.85215737111866">
        <ele>33.44</ele>
      </trkpt>
      <trkpt lat="36.92532828077674" lon="140.8524294476956">
        <ele>32.91</ele>
      </trkpt>
      <trkpt lat="36.92527614533901" lon="140.85270043462515">
        <ele>32.29</ele>
      </trkpt>
      <trkpt lat="36.92541243508458" lon="140.85289129056036">
        <ele>31.55</ele>
      </trkpt>
      <trkpt lat="36.92554864101112" lon="140.85308214649558">
        <ele>30.78</ele>
      </trkpt>
      <trkpt lat="36.92578065209091" lon="140.85316102020442">
        <ele>29.81</ele>
      </trkpt>
      <trkpt lat="36.926013668999076" lon="140.8532402291894">
        <ele>28.81</ele>
      </trkpt>
      <trkpt lat="36.92625003866851" lon="140.85331013426185">
        <ele>27.73</ele>
      </trkpt>
      <trkpt lat="36.9264873303473" lon="140.8533802907914">
        <ele>26.48</ele>
      </trkpt>
      <trkpt lat="36.92673954181373" lon="140.8534646127373">
        <ele>25.25</ele>
      </trkpt>
      <trkpt lat="36.92699267528951" lon="140.85354935377836">
        <ele>23.99</ele>
      </trkpt>
      <trkpt lat="36.92723541520536" lon="140.8536630962044">
        <ele>22.86</ele>
      </trkpt>
      <trkpt lat="36.92747890949249" lon="140.85377717390656">
        <ele>21.68</ele>
      </trkpt>
      <trkpt lat="36.927696000784636" lon="140.8539400342852">
        <ele>20.36</ele>
      </trkpt>
      <trkpt lat="36.92791359499097" lon="140.85410331375897">
        <ele>18.96</ele>
      </trkpt>
      <trkpt lat="36.92811367101967" lon="140.85429995320737">
        <ele>17.63</ele>
      </trkpt>
      <trkpt lat="36.92831391468644" lon="140.85449676029384">
        <ele>16.4</ele>
      </trkpt>
      <trkpt lat="36.928501669317484" lon="140.85473120212555">
        <ele>15.22</ele>
      </trkpt>
      <trkpt lat="36.928689340129495" lon="140.8549657277763">
        <ele>14.06</ele>
      </trkpt>
      <trkpt lat="36.92884247750044" lon="140.85519421845675">
        <ele>12.91</ele>
      </trkpt>
      <trkpt lat="36.92899544723332" lon="140.85542254149914">
        <ele>11.8</ele>
      </trkpt>
      <trkpt lat="36.92915637977421" lon="140.8556473441422">
        <ele>10.81</ele>
      </trkpt>
      <trkpt lat="36.929317312315106" lon="140.8558719791472">
        <ele>9.89</ele>
      </trkpt>
      <trkpt lat="36.92946097813547" lon="140.85608798079193">
        <ele>9.08</ele>
      </trkpt>
      <trkpt lat="36.929604560136795" lon="140.85630389861763">
        <ele>8.38</ele>
      </trkpt>
      <trkpt lat="36.92976163700223" lon="140.85654261521995">
        <ele>7.78</ele>
      </trkpt>
      <trkpt lat="36.92991863004863" lon="140.8567811641842">
        <ele>7.16</ele>
      </trkpt>
      <trkpt lat="36.93006497807801" lon="140.85700378753245">
        <ele>6.57</ele>
      </trkpt>
      <trkpt lat="36.93021132610738" lon="140.85722624324262">
        <ele>6.04</ele>
      </trkpt>
      <trkpt lat="36.930353147909045" lon="140.85745632648468">
        <ele>5.55</ele>
      </trkpt>
      <trkpt lat="36.93049496971071" lon="140.85768615826964">
        <ele>5.2</ele>
      </trkpt>
      <trkpt lat="36.93064752034843" lon="140.85790928453207">
        <ele>5.0</ele>
      </trkpt>
      <trkpt lat="36.93079998716712" lon="140.85813224315643">
        <ele>4.87</ele>
      </trkpt>
      <trkpt lat="36.93090895190835" lon="140.85830356925726">
        <ele>4.69</ele>
      </trkpt>
      <trkpt lat="36.93101783283055" lon="140.85847481153905">
        <ele>4.53</ele>
      </trkpt>
      <trkpt lat="36.93115730769932" lon="140.8587748836726">
        <ele>4.41</ele>
      </trkpt>
      <trkpt lat="36.93130516447127" lon="140.85908635519445">
        <ele>4.31</ele>
      </trkpt>
      <trkpt lat="36.931392922997475" lon="140.85928224027157">
        <ele>4.26</ele>
      </trkpt>
      <trkpt lat="36.93148051388562" lon="140.85947770625353">
        <ele>4.27</ele>
      </trkpt>
      <trkpt lat="36.93156366236508" lon="140.85968197323382">
        <ele>4.36</ele>
      </trkpt>
      <trkpt lat="36.93164672702551" lon="140.85988573729992">
        <ele>4.46</ele>
      </trkpt>
      <trkpt lat="36.931710010394454" lon="140.86009863764048">
        <ele>4.5</ele>
      </trkpt>
      <trkpt lat="36.931773042306304" lon="140.86031086742878">
        <ele>4.43</ele>
      </trkpt>
      <trkpt lat="36.93182936869562" lon="140.86051622405648">
        <ele>4.35</ele>
      </trkpt>
      <trkpt lat="36.931885527446866" lon="140.86072099395096">
        <ele>4.28</ele>
      </trkpt>
      <trkpt lat="36.93194344639778" lon="140.86093741469085">
        <ele>4.27</ele>
      </trkpt>
      <trkpt lat="36.9320011138916" lon="140.8611531648785">
        <ele>4.36</ele>
      </trkpt>
      <trkpt lat="36.93204503506422" lon="140.8614079747349">
        <ele>4.46</ele>
      </trkpt>
      <trkpt lat="36.932088788598776" lon="140.861661946401">
        <ele>4.47</ele>
      </trkpt>
      <trkpt lat="36.93192777223885" lon="140.86191566661">
        <ele>4.45</ele>
      </trkpt>
      <trkpt lat="36.93176683969796" lon="140.8621691353619">
        <ele>4.46</ele>
      </trkpt>
      <trkpt lat="36.93157380446792" lon="140.86239444091916">
        <ele>4.48</ele>
      </trkpt>
      <trkpt lat="36.93138060159981" lon="140.86261991411448">
        <ele>4.54</ele>
      </trkpt>
      <trkpt lat="36.931181866675615" lon="140.86284932680428">
        <ele>4.57</ele>
      </trkpt>
      <trkpt lat="36.930983047932386" lon="140.86307890713215">
        <ele>4.6</ele>
      </trkpt>
      <trkpt lat="36.93080551922321" lon="140.86330404505134">
        <ele>4.54</ele>
      </trkpt>
      <trkpt lat="36.93062790669501" lon="140.86352918297052">
        <ele>4.47</ele>
      </trkpt>
      <trkpt lat="36.93073796108365" lon="140.86377670057118">
        <ele>4.5</ele>
      </trkpt>
      <trkpt lat="36.93084784783423" lon="140.86402371525764">
        <ele>4.62</ele>
      </trkpt>
      <trkpt lat="36.9310066010803" lon="140.86426896974444">
        <ele>4.71</ele>
      </trkpt>
      <trkpt lat="36.93116535432637" lon="140.86451405659318">
        <ele>4.64</ele>
      </trkpt>
      <trkpt lat="36.93132285028696" lon="140.86475704796612">
        <ele>4.52</ele>
      </trkpt>
      <trkpt lat="36.93148017860949" lon="140.864999871701">
        <ele>4.5</ele>
      </trkpt>
      <trkpt lat="36.931616719812155" lon="140.86524160578847">
        <ele>4.59</ele>
      </trkpt>
      <trkpt lat="36.93175317719579" lon="140.8654830045998">
        <ele>4.71</ele>
      </trkpt>
      <trkpt lat="36.931904386729" lon="140.8657301031053">
        <ele>4.65</ele>
      </trkpt>
      <trkpt lat="36.93205542862415" lon="140.8659769501537">
        <ele>4.44</ele>
      </trkpt>
      <trkpt lat="36.93220378831029" lon="140.8662158343941">
        <ele>4.28</ele>
      </trkpt>
      <trkpt lat="36.93235198035836" lon="140.86645455099642">
        <ele>4.21</ele>
      </trkpt>
      <trkpt lat="36.932509895414114" lon="140.86669963784516">
        <ele>4.23</ele>
      </trkpt>
      <trkpt lat="36.932667726650834" lon="140.86694455705583">
        <ele>4.22</ele>
      </trkpt>
      <trkpt lat="36.9328198581934" lon="140.86717237718403">
        <ele>4.17</ele>
      </trkpt>
      <trkpt lat="36.93297190591693" lon="140.86740002967417">
        <ele>4.13</ele>
      </trkpt>
      <trkpt lat="36.93311573937535" lon="140.8676416799426">
        <ele>4.11</ele>
      </trkpt>
      <trkpt lat="36.933259489014745" lon="140.86788299493492">
        <ele>4.08</ele>
      </trkpt>
      <trkpt lat="36.933407010510564" lon="140.86811626330018">
        <ele>4.05</ele>
      </trkpt>
      <trkpt lat="36.93355444818735" lon="140.86834928020835">
        <ele>3.99</ele>
      </trkpt>
      <trkpt lat="36.933702724054456" lon="140.86857886053622">
        <ele>3.9</ele>
      </trkpt>
      <trkpt lat="36.93385099992156" lon="140.86880827322602">
        <ele>3.79</ele>
      </trkpt>
      <trkpt lat="36.93398594856262" lon="140.86902670562267">
        <ele>3.7</ele>
      </trkpt>
      <trkpt lat="36.93412072956562" lon="140.8692450542003">
        <ele>3.65</ele>
      </trkpt>
      <trkpt lat="36.93426833488047" lon="140.86946851573884">
        <ele>3.56</ele>
      </trkpt>
      <trkpt lat="36.93441577255726" lon="140.86969180963933">
        <ele>3.47</ele>
      </trkpt>
      <trkpt lat="36.93456647917628" lon="140.86992382071912">
        <ele>3.43</ele>
      </trkpt>
      <trkpt lat="36.93471718579531" lon="140.87015566416085">
        <ele>3.46</ele>
      </trkpt>
      <trkpt lat="36.93483998067677" lon="140.8703926205635">
        <ele>3.53</ele>
      </trkpt>
      <trkpt lat="36.93496260792017" lon="140.870629157871">
        <ele>3.66</ele>
      </trkpt>
      <trkpt lat="36.93510292097926" lon="140.87087684310973">
        <ele>3.8</ele>
      </trkpt>
      <trkpt lat="36.93524306640029" lon="140.87112427689135">
        <ele>3.84</ele>
      </trkpt>
      <trkpt lat="36.93538866005838" lon="140.87136089801788">
        <ele>3.79</ele>
      </trkpt>
      <trkpt lat="36.93553416989744" lon="140.87159743532538">
        <ele>3.97</ele>
      </trkpt>
      <trkpt lat="36.93568621762097" lon="140.87184201925993">
        <ele>4.27</ele>
      </trkpt>
      <trkpt lat="36.93583818152547" lon="140.8720864355564">
        <ele>4.46</ele>
      </trkpt>
      <trkpt lat="36.93599408492446" lon="140.87233445607126">
        <ele>4.68</ele>
      </trkpt>
      <trkpt lat="36.93614982068539" lon="140.87258230894804">
        <ele>4.84</ele>
      </trkpt>
      <trkpt lat="36.93633573129773" lon="140.8728330116719">
        <ele>4.87</ele>
      </trkpt>
      <trkpt lat="36.936521641910076" lon="140.87308371439576">
        <ele>4.86</ele>
      </trkpt>
      <trkpt lat="36.93669204600155" lon="140.87331966497004">
        <ele>4.9</ele>
      </trkpt>
      <trkpt lat="36.936862366274" lon="140.8735555317253">
        <ele>5.04</ele>
      </trkpt>
      <trkpt lat="36.93702028132975" lon="140.8738103415817">
        <ele>5.29</ele>
      </trkpt>
      <trkpt lat="36.93717802874744" lon="140.87406489998102">
        <ele>5.51</ele>
      </trkpt>
      <trkpt lat="36.93733694963157" lon="140.87429330684245">
        <ele>5.69</ele>
      </trkpt>
      <trkpt lat="36.93749578669667" lon="140.87452162988484">
        <ele>5.84</ele>
      </trkpt>
      <trkpt lat="36.93762947805226" lon="140.87478255853057">
        <ele>6.03</ele>
      </trkpt>
      <trkpt lat="36.93776300176978" lon="140.8750429842621">
        <ele>6.16</ele>
      </trkpt>
      <trkpt lat="36.937925862148404" lon="140.875285807997">
        <ele>6.32</ele>
      </trkpt>
      <trkpt lat="36.938088638707995" lon="140.8755284640938">
        <ele>6.45</ele>
      </trkpt>
      <trkpt lat="36.93822828121483" lon="140.87577120400965">
        <ele>6.54</ele>
      </trkpt>
      <trkpt lat="36.93836783990264" lon="140.87601377628744">
        <ele>6.58</ele>
      </trkpt>
      <trkpt lat="36.9385133497417" lon="140.87625274434686">
        <ele>6.55</ele>
      </trkpt>
      <trkpt lat="36.93865877576172" lon="140.87649154476821">
        <ele>6.6</ele>
      </trkpt>
      <trkpt lat="36.938823061063886" lon="140.87675255723298">
        <ele>6.75</ele>
      </trkpt>
      <trkpt lat="36.93898709490895" lon="140.8770132344216">
        <ele>6.89</ele>
      </trkpt>
      <trkpt lat="36.93917317315936" lon="140.8772727381438">
        <ele>6.98</ele>
      </trkpt>
      <trkpt lat="36.939359083771706" lon="140.87753215804696">
        <ele>7.04</ele>
      </trkpt>
      <trkpt lat="36.93932890892029" lon="140.87781261652708">
        <ele>7.12</ele>
      </trkpt>
      <trkpt lat="36.939298901706934" lon="140.8780919853598">
        <ele>7.23</ele>
      </trkpt>
      <trkpt lat="36.939084492623806" lon="140.87824461981654">
        <ele>7.25</ele>
      </trkpt>
      <trkpt lat="36.93886966444552" lon="140.87839758954942">
        <ele>7.28</ele>
      </trkpt>
      <trkpt lat="36.938672102987766" lon="140.8785565942526">
        <ele>7.34</ele>
      </trkpt>
      <trkpt lat="36.938474122434855" lon="140.87871585041285">
        <ele>7.39</ele>
      </trkpt>
      <trkpt lat="36.938271867111325" lon="140.87892774492502">
        <ele>7.41</ele>
      </trkpt>
      <trkpt lat="36.93806944414973" lon="140.8791398908943">
        <ele>7.37</ele>
      </trkpt>
      <trkpt lat="36.93785838782787" lon="140.8793468400836">
        <ele>7.2</ele>
      </trkpt>
      <trkpt lat="36.93764708004892" lon="140.87955404073">
        <ele>7.04</ele>
      </trkpt>
      <trkpt lat="36.937459660694" lon="140.87974992580712">
        <ele>6.97</ele>
      </trkpt>
      <trkpt lat="36.937272073701024" lon="140.8799459785223">
        <ele>6.82</ele>
      </trkpt>
      <trkpt lat="36.93710468709469" lon="140.88017480447888">
        <ele>6.63</ele>
      </trkpt>
      <trkpt lat="36.93693730048835" lon="140.88040354661644">
        <ele>6.32</ele>
      </trkpt>
      <trkpt lat="36.937071327120066" lon="140.880666654557">
        <ele>6.13</ele>
      </trkpt>
      <trkpt lat="36.937205186113715" lon="140.88092942722142">
        <ele>5.96</ele>
      </trkpt>
      <trkpt lat="36.93736720830202" lon="140.88120167143643">
        <ele>5.67</ele>
      </trkpt>
      <trkpt lat="36.93752906285226" lon="140.8814735803753">
        <ele>5.41</ele>
      </trkpt>
      <trkpt lat="36.93768236786127" lon="140.88173392228782">
        <ele>5.37</ele>
      </trkpt>
      <trkpt lat="36.93783558905125" lon="140.88199401274323">
        <ele>5.38</ele>
      </trkpt>
      <trkpt lat="36.93799752742052" lon="140.8822405245155">
        <ele>5.27</ele>
      </trkpt>
      <trkpt lat="36.93815938197076" lon="140.8824867848307">
        <ele>5.13</ele>
      </trkpt>
      <trkpt lat="36.93831327371299" lon="140.88276414200664">
        <ele>4.98</ele>
      </trkpt>
      <trkpt lat="36.93846699781716" lon="140.88304108008742">
        <ele>4.8</ele>
      </trkpt>
      <trkpt lat="36.93862147629261" lon="140.88331541977823">
        <ele>4.45</ele>
      </trkpt>
      <trkpt lat="36.93877570331097" lon="140.88358950801194">
        <ele>4.15</ele>
      </trkpt>
      <trkpt lat="36.93892984651029" lon="140.88384859263897">
        <ele>3.95</ele>
      </trkpt>
      <trkpt lat="36.93908373825252" lon="140.8841074258089">
        <ele>3.82</ele>
      </trkpt>
      <trkpt lat="36.93923779763281" lon="140.88437346741557">
        <ele>3.69</ele>
      </trkpt>
      <trkpt lat="36.93939168937504" lon="140.8846391737461">
        <ele>3.59</ele>
      </trkpt>
      <trkpt lat="36.93954306654632" lon="140.88490722700953">
        <ele>3.5</ele>
      </trkpt>
      <trkpt lat="36.939694276079535" lon="140.88517494499683">
        <ele>3.42</ele>
      </trkpt>
      <trkpt lat="36.93984833545983" lon="140.8854436688125">
        <ele>3.35</ele>
      </trkpt>
      <trkpt lat="36.94000231102109" lon="140.88571205735207">
        <ele>3.28</ele>
      </trkpt>
      <trkpt lat="36.940152095630765" lon="140.88596762157977">
        <ele>3.24</ele>
      </trkpt>
      <trkpt lat="36.94030179642141" lon="140.88622293435037">
        <ele>3.21</ele>
      </trkpt>
      <trkpt lat="36.940452586859465" lon="140.88649249635637">
        <ele>3.16</ele>
      </trkpt>
      <trkpt lat="36.94060320965946" lon="140.88676180690527">
        <ele>3.17</ele>
      </trkpt>
      <trkpt lat="36.94075768813491" lon="140.88702843524516">
        <ele>3.23</ele>
      </trkpt>
      <trkpt lat="36.940911915153265" lon="140.88729489594698">
        <ele>3.39</ele>
      </trkpt>
      <trkpt lat="36.94107008166611" lon="140.8875732589513">
        <ele>3.49</ele>
      </trkpt>
      <trkpt lat="36.941228080540895" lon="140.8878512866795">
        <ele>3.71</ele>
      </trkpt>
      <trkpt lat="36.941376356408" lon="140.8881258778274">
        <ele>3.85</ele>
      </trkpt>
      <trkpt lat="36.94152446463704" lon="140.88840004988015">
        <ele>3.97</ele>
      </trkpt>
      <trkpt lat="36.94166745990515" lon="140.88867841288447">
        <ele>4.16</ele>
      </trkpt>
      <trkpt lat="36.94181028753519" lon="140.88895644061267">
        <ele>4.38</ele>
      </trkpt>
      <trkpt lat="36.94193526171148" lon="140.8892496395856">
        <ele>4.57</ele>
      </trkpt>
      <trkpt lat="36.94205990061164" lon="140.88954225182533">
        <ele>4.67</ele>
      </trkpt>
      <trkpt lat="36.94217070937157" lon="140.88983955793083">
        <ele>4.93</ele>
      </trkpt>
      <trkpt lat="36.9422812666744" lon="140.890136025846">
        <ele>5.23</ele>
      </trkpt>
      <trkpt lat="36.94239459000528" lon="140.89042972773314">
        <ele>5.47</ele>
      </trkpt>
      <trkpt lat="36.94250766187906" lon="140.89072267524898">
        <ele>5.86</ele>
      </trkpt>
      <trkpt lat="36.94262525998056" lon="140.8910113479942">
        <ele>6.33</ele>
      </trkpt>
      <trkpt lat="36.94274252280593" lon="140.89129935018718">
        <ele>7.11</ele>
      </trkpt>
      <trkpt lat="36.9428545050323" lon="140.89159799739718">
        <ele>7.97</ele>
      </trkpt>
      <trkpt lat="36.942966068163514" lon="140.89189597405493">
        <ele>8.62</ele>
      </trkpt>
      <trkpt lat="36.943061370402575" lon="140.89219939894974">
        <ele>8.65</ele>
      </trkpt>
      <trkpt lat="36.94315633736551" lon="140.89250198565423">
        <ele>8.27</ele>
      </trkpt>
      <trkpt lat="36.94323068484664" lon="140.89281496591866">
        <ele>7.87</ele>
      </trkpt>
      <trkpt lat="36.94330486468971" lon="140.8931269403547">
        <ele>7.8</ele>
      </trkpt>
      <trkpt lat="36.94339731708169" lon="140.89342500083148">
        <ele>7.73</ele>
      </trkpt>
      <trkpt lat="36.94348960183561" lon="140.89372222311795">
        <ele>7.51</ele>
      </trkpt>
      <trkpt lat="36.9435762707144" lon="140.89402581565082">
        <ele>7.39</ele>
      </trkpt>
      <trkpt lat="36.9436626881361" lon="140.89432848617435">
        <ele>7.39</ele>
      </trkpt>
      <trkpt lat="36.943723959848285" lon="140.89462864212692">
        <ele>7.37</ele>
      </trkpt>
      <trkpt lat="36.94378498010337" lon="140.89492770843208">
        <ele>7.15</ele>
      </trkpt>
      <trkpt lat="36.94387433119118" lon="140.89525116607547">
        <ele>6.56</ele>
      </trkpt>
      <trkpt lat="36.943963430821896" lon="140.89557361789048">
        <ele>6.02</ele>
      </trkpt>
      <trkpt lat="36.944068875163794" lon="140.895868325606">
        <ele>5.94</ele>
      </trkpt>
      <trkpt lat="36.94417415186763" lon="140.89616219513118">
        <ele>5.98</ele>
      </trkpt>
      <trkpt lat="36.944300131872296" lon="140.8964754268527">
        <ele>5.83</ele>
      </trkpt>
      <trkpt lat="36.9444259442389" lon="140.89678790420294">
        <ele>5.57</ele>
      </trkpt>
      <trkpt lat="36.9444069173187" lon="140.89707925915718">
        <ele>5.08</ele>
      </trkpt>
      <trkpt lat="36.944388058036566" lon="140.89736944064498">
        <ele>4.63</ele>
      </trkpt>
      <trkpt lat="36.94417901337147" lon="140.8974527567625">
        <ele>4.43</ele>
      </trkpt>
      <trkpt lat="36.943969214335084" lon="140.89753640815616">
        <ele>4.34</ele>
      </trkpt>
    </trkseg>
  </trk>
</gpx>
