<?xml version="1.0" encoding="UTF-8"?>
<gpx creator="Garmin Connect" version="1.1"
  xsi:schemaLocation="http://www.topografix.com/GPX/1/1 http://www.topografix.com/GPX/11.xsd"
  xmlns:ns3="http://www.garmin.com/xmlschemas/TrackPointExtension/v1"
  xmlns="http://www.topografix.com/GPX/1/1"
  xmlns:xsi="http://www.w3.org/2001/XMLSchema-instance" xmlns:ns2="http://www.garmin.com/xmlschemas/GpxExtensions/v3">
  <metadata>
    <name>かすみがうらマラソン2026</name>
    <link href="connect.garmin.com">
      <text>Garmin Connect</text>
    </link>
    <time>2026-02-13T23:03:57.000Z</time>
  </metadata>
  <wpt lat="36.08886429462041" lon="140.21113479982304">
    <ele>0.0</ele>
    <name>1 km</name>
    <type>MARKER KILOMETER</type>
  </wpt>
  <wpt lat="36.09227079955092" lon="140.20835678716358">
    <ele>0.0</ele>
    <name>1 マイル</name>
    <type>MARKER MILE</type>
  </wpt>
  <wpt lat="36.095624839124" lon="140.20965247940336">
    <ele>0.0</ele>
    <name>2 km</name>
    <type>MARKER KILOMETER</type>
  </wpt>
  <wpt lat="36.10279368245316" lon="140.21563693398417">
    <ele>0.0</ele>
    <name>3 km</name>
    <type>MARKER KILOMETER</type>
  </wpt>
  <wpt lat="36.10469806971126" lon="140.21625029265238">
    <ele>0.0</ele>
    <name>2 マイル</name>
    <type>MARKER MILE</type>
  </wpt>
  <wpt lat="36.11155697914084" lon="140.21815298125145">
    <ele>0.0</ele>
    <name>4 km</name>
    <type>MARKER KILOMETER</type>
  </wpt>
  <wpt lat="36.11878438244604" lon="140.220344097654">
    <ele>0.0</ele>
    <name>3 マイル</name>
    <type>MARKER MILE</type>
  </wpt>
  <wpt lat="36.12026663358622" lon="140.2208824084782">
    <ele>0.0</ele>
    <name>5 km</name>
    <type>MARKER KILOMETER</type>
  </wpt>
  <wpt lat="36.11952058129751" lon="140.23132165998217">
    <ele>0.0</ele>
    <name>6 km</name>
    <type>MARKER KILOMETER</type>
  </wpt>
  <wpt lat="36.1188160744935" lon="140.2360958727854">
    <ele>0.0</ele>
    <name>4 マイル</name>
    <type>MARKER MILE</type>
  </wpt>
  <wpt lat="36.11688279810964" lon="140.24176911927708">
    <ele>0.0</ele>
    <name>7 km</name>
    <type>MARKER KILOMETER</type>
  </wpt>
  <wpt lat="36.11132889529603" lon="140.25043384351144">
    <ele>0.0</ele>
    <name>8 km</name>
    <type>MARKER KILOMETER</type>
  </wpt>
  <wpt lat="36.11103789319114" lon="140.2508088088168">
    <ele>0.0</ele>
    <name>5 マイル</name>
    <type>MARKER MILE</type>
  </wpt>
  <wpt lat="36.106709264536" lon="140.25907640746564">
    <ele>0.0</ele>
    <name>9 km</name>
    <type>MARKER KILOMETER</type>
  </wpt>
  <wpt lat="36.10368241462071" lon="140.2652795271349">
    <ele>0.0</ele>
    <name>6 マイル</name>
    <type>MARKER MILE</type>
  </wpt>
  <wpt lat="36.10278701767689" lon="140.26893087066344">
    <ele>0.0</ele>
    <name>10 km</name>
    <type>MARKER KILOMETER</type>
  </wpt>
  <wpt lat="36.09865672261823" lon="140.27792113656523">
    <ele>0.0</ele>
    <name>11 km</name>
    <type>MARKER KILOMETER</type>
  </wpt>
  <wpt lat="36.09902392146657" lon="140.28082464739077">
    <ele>0.0</ele>
    <name>7 マイル</name>
    <type>MARKER MILE</type>
  </wpt>
  <wpt lat="36.09767683183102" lon="140.28864879069081">
    <ele>0.0</ele>
    <name>12 km</name>
    <type>MARKER KILOMETER</type>
  </wpt>
  <wpt lat="36.09468887568305" lon="140.29757321229076">
    <ele>0.0</ele>
    <name>8 マイル</name>
    <type>MARKER MILE</type>
  </wpt>
  <wpt lat="36.09426910186095" lon="140.29885154883365">
    <ele>0.0</ele>
    <name>13 km</name>
    <type>MARKER KILOMETER</type>
  </wpt>
  <wpt lat="36.08969823496908" lon="140.30813037512874">
    <ele>0.0</ele>
    <name>14 km</name>
    <type>MARKER KILOMETER</type>
  </wpt>
  <wpt lat="36.08836994242335" lon="140.31313507270806">
    <ele>0.0</ele>
    <name>9 マイル</name>
    <type>MARKER MILE</type>
  </wpt>
  <wpt lat="36.08896501972284" lon="140.31877533363456">
    <ele>0.0</ele>
    <name>15 km</name>
    <type>MARKER KILOMETER</type>
  </wpt>
  <wpt lat="36.09177037399314" lon="140.32738537322197">
    <ele>0.0</ele>
    <name>16 km</name>
    <type>MARKER KILOMETER</type>
  </wpt>
  <wpt lat="36.09219012173631" lon="140.32828216249933">
    <ele>0.0</ele>
    <name>10 マイル</name>
    <type>MARKER MILE</type>
  </wpt>
  <wpt lat="36.09320973495526" lon="140.33747700906372">
    <ele>0.0</ele>
    <name>17 km</name>
    <type>MARKER KILOMETER</type>
  </wpt>
  <wpt lat="36.08962058262217" lon="140.34383197512147">
    <ele>0.0</ele>
    <name>11 マイル</name>
    <type>MARKER MILE</type>
  </wpt>
  <wpt lat="36.08814201151907" lon="140.34657729373592">
    <ele>0.0</ele>
    <name>18 km</name>
    <type>MARKER KILOMETER</type>
  </wpt>
  <wpt lat="36.0823849877841" lon="140.3546782028343">
    <ele>0.0</ele>
    <name>19 km</name>
    <type>MARKER KILOMETER</type>
  </wpt>
  <wpt lat="36.08028345244229" lon="140.35692600193596">
    <ele>0.0</ele>
    <name>12 マイル</name>
    <type>MARKER MILE</type>
  </wpt>
  <wpt lat="36.07723189217081" lon="140.36322276291847">
    <ele>0.0</ele>
    <name>20 km</name>
    <type>MARKER KILOMETER</type>
  </wpt>
  <wpt lat="36.07423458175244" lon="140.37215820145522">
    <ele>0.0</ele>
    <name>13 マイル</name>
    <type>MARKER MILE</type>
  </wpt>
  <wpt lat="36.07476544976148" lon="140.3727155520626">
    <ele>0.0</ele>
    <name>21 km</name>
    <type>MARKER KILOMETER</type>
  </wpt>
  <wpt lat="36.07545985034139" lon="140.37337659883298">
    <ele>0.0</ele>
    <name>1 ハーフマラソン</name>
    <type>MARKER HALF MARATHON</type>
  </wpt>
  <wpt lat="36.08123725368421" lon="140.380257236028">
    <ele>0.0</ele>
    <name>22 km</name>
    <type>MARKER KILOMETER</type>
  </wpt>
  <wpt lat="36.07865197578069" lon="140.37935677427558">
    <ele>0.0</ele>
    <name>14 マイル</name>
    <type>MARKER MILE</type>
  </wpt>
  <wpt lat="36.07477640194823" lon="140.37747623813553">
    <ele>0.0</ele>
    <name>23 km</name>
    <type>MARKER KILOMETER</type>
  </wpt>
  <wpt lat="36.06911641688801" lon="140.37031215276696">
    <ele>0.0</ele>
    <name>24 km</name>
    <type>MARKER KILOMETER</type>
  </wpt>
  <wpt lat="36.06915729110015" lon="140.36879365884192">
    <ele>0.0</ele>
    <name>15 マイル</name>
    <type>MARKER MILE</type>
  </wpt>
  <wpt lat="36.06588502237135" lon="140.36089299935358">
    <ele>0.0</ele>
    <name>25 km</name>
    <type>MARKER KILOMETER</type>
  </wpt>
  <wpt lat="36.06537061426791" lon="140.35321817850905">
    <ele>0.0</ele>
    <name>16 マイル</name>
    <type>MARKER MILE</type>
  </wpt>
  <wpt lat="36.06562035336434" lon="140.3504591350781">
    <ele>0.0</ele>
    <name>26 km</name>
    <type>MARKER KILOMETER</type>
  </wpt>
  <wpt lat="36.06451384584911" lon="140.33957389581076">
    <ele>0.0</ele>
    <name>27 km</name>
    <type>MARKER KILOMETER</type>
  </wpt>
  <wpt lat="36.06331151805204" lon="140.33588242442266">
    <ele>0.0</ele>
    <name>17 マイル</name>
    <type>MARKER MILE</type>
  </wpt>
  <wpt lat="36.0632299740483" lon="140.32902350032282">
    <ele>0.0</ele>
    <name>28 km</name>
    <type>MARKER KILOMETER</type>
  </wpt>
  <wpt lat="36.0679426759899" lon="140.32004663974894">
    <ele>0.0</ele>
    <name>18 マイル</name>
    <type>MARKER MILE</type>
  </wpt>
  <wpt lat="36.06803909881348" lon="140.3197139125573">
    <ele>0.0</ele>
    <name>29 km</name>
    <type>MARKER KILOMETER</type>
  </wpt>
  <wpt lat="36.071398922983" lon="140.3095360292396">
    <ele>0.0</ele>
    <name>30 km</name>
    <type>MARKER KILOMETER</type>
  </wpt>
  <wpt lat="36.0713178914797" lon="140.3031784588012">
    <ele>0.0</ele>
    <name>19 マイル</name>
    <type>MARKER MILE</type>
  </wpt>
  <wpt lat="36.06961601282018" lon="140.29903292755995">
    <ele>0.0</ele>
    <name>31 km</name>
    <type>MARKER KILOMETER</type>
  </wpt>
  <wpt lat="36.06256172277578" lon="140.29226784709806">
    <ele>0.0</ele>
    <name>32 km</name>
    <type>MARKER KILOMETER</type>
  </wpt>
  <wpt lat="36.06311813938697" lon="140.29051800871517">
    <ele>0.0</ele>
    <name>20 マイル</name>
    <type>MARKER MILE</type>
  </wpt>
  <wpt lat="36.06786513795339" lon="140.28371440973615">
    <ele>0.0</ele>
    <name>33 km</name>
    <type>MARKER KILOMETER</type>
  </wpt>
  <wpt lat="36.07149414788875" lon="140.2761849975048">
    <ele>0.0</ele>
    <name>21 マイル</name>
    <type>MARKER MILE</type>
  </wpt>
  <wpt lat="36.07244837369329" lon="140.27426111513557">
    <ele>0.0</ele>
    <name>34 km</name>
    <type>MARKER KILOMETER</type>
  </wpt>
  <wpt lat="36.0744118602757" lon="140.26347892445045">
    <ele>0.0</ele>
    <name>35 km</name>
    <type>MARKER KILOMETER</type>
  </wpt>
  <wpt lat="36.07389529067613" lon="140.25911605375524">
    <ele>0.0</ele>
    <name>22 マイル</name>
    <type>MARKER MILE</type>
  </wpt>
  <wpt lat="36.07159200684042" lon="140.25332986435373">
    <ele>0.0</ele>
    <name>36 km</name>
    <type>MARKER KILOMETER</type>
  </wpt>
  <wpt lat="36.07621105512855" lon="140.2458264658326">
    <ele>0.0</ele>
    <name>37 km</name>
    <type>MARKER KILOMETER</type>
  </wpt>
  <wpt lat="36.07633693856842" lon="140.24576867412537">
    <ele>0.0</ele>
    <name>23 マイル</name>
    <type>MARKER MILE</type>
  </wpt>
  <wpt lat="36.08488192507136" lon="140.24297275870873">
    <ele>0.0</ele>
    <name>38 km</name>
    <type>MARKER KILOMETER</type>
  </wpt>
  <wpt lat="36.09015770692629" lon="140.24086406741532">
    <ele>0.0</ele>
    <name>24 マイル</name>
    <type>MARKER MILE</type>
  </wpt>
  <wpt lat="36.09090734530316" lon="140.23742854994907">
    <ele>0.0</ele>
    <name>39 km</name>
    <type>MARKER KILOMETER</type>
  </wpt>
  <wpt lat="36.08955019464117" lon="140.2287735144">
    <ele>0.0</ele>
    <name>40 km</name>
    <type>MARKER KILOMETER</type>
  </wpt>
  <wpt lat="36.0878282866633" lon="140.22728454148697">
    <ele>0.0</ele>
    <name>25 マイル</name>
    <type>MARKER MILE</type>
  </wpt>
  <wpt lat="36.08701592318137" lon="140.21947128113314">
    <ele>0.0</ele>
    <name>41 km</name>
    <type>MARKER KILOMETER</type>
  </wpt>
  <wpt lat="36.08446298397274" lon="140.21401968122436">
    <ele>0.0</ele>
    <name>26 マイル</name>
    <type>MARKER MILE</type>
  </wpt>
  <wpt lat="36.08473902971714" lon="140.2123249664184">
    <ele>0.0</ele>
    <name>42 km</name>
    <type>MARKER KILOMETER</type>
  </wpt>
  <wpt lat="36.0839086414266" lon="140.2112745040038">
    <ele>0.0</ele>
    <name>2 ハーフマラソン</name>
    <type>MARKER HALF MARATHON</type>
  </wpt>
  <trk>
    <name>かすみがうらマラソン2026</name>
    <trkseg>
      <trkpt lat="36.083240965381265" lon="140.21066098473966">
        <ele>4.03</ele>
      </trkpt>
      <trkpt lat="36.08341899700463" lon="140.21073499694467">
        <ele>4.01</ele>
      </trkpt>
      <trkpt lat="36.08359099365771" lon="140.2108379267156">
        <ele>3.97</ele>
      </trkpt>
      <trkpt lat="36.08378897421062" lon="140.21090699359775">
        <ele>3.83</ele>
      </trkpt>
      <trkpt lat="36.08397899195552" lon="140.21096197888255">
        <ele>3.71</ele>
      </trkpt>
      <trkpt lat="36.084167920053005" lon="140.21105191670358">
        <ele>3.57</ele>
      </trkpt>
      <trkpt lat="36.084340922534466" lon="140.21115694195032">
        <ele>3.37</ele>
      </trkpt>
      <trkpt lat="36.084529934450984" lon="140.21125693805516">
        <ele>3.21</ele>
      </trkpt>
      <trkpt lat="36.08469095081091" lon="140.21136799827218">
        <ele>3.09</ele>
      </trkpt>
      <trkpt lat="36.08488499186933" lon="140.2114589419216">
        <ele>3.04</ele>
      </trkpt>
      <trkpt lat="36.08505095355213" lon="140.21155793219805">
        <ele>3.02</ele>
      </trkpt>
      <trkpt lat="36.08522797934711" lon="140.21166396327317">
        <ele>3.1</ele>
      </trkpt>
      <trkpt lat="36.085409950464964" lon="140.21177996881306">
        <ele>3.29</ele>
      </trkpt>
      <trkpt lat="36.085581947118044" lon="140.2119159232825">
        <ele>3.48</ele>
      </trkpt>
      <trkpt lat="36.08574195764959" lon="140.2120459266007">
        <ele>3.65</ele>
      </trkpt>
      <trkpt lat="36.08589693903923" lon="140.21219093352556">
        <ele>3.83</ele>
      </trkpt>
      <trkpt lat="36.08604999259114" lon="140.21235899068415">
        <ele>4.05</ele>
      </trkpt>
      <trkpt lat="36.08620296232402" lon="140.21251598373055">
        <ele>4.27</ele>
      </trkpt>
      <trkpt lat="36.08636791817844" lon="140.21268194541335">
        <ele>4.5</ele>
      </trkpt>
      <trkpt lat="36.08651795424521" lon="140.21282896399498">
        <ele>4.67</ele>
      </trkpt>
      <trkpt lat="36.08664594590664" lon="140.21300096064806">
        <ele>4.75</ele>
      </trkpt>
      <trkpt lat="36.08678198419511" lon="140.21318796090782">
        <ele>4.8</ele>
      </trkpt>
      <trkpt lat="36.08690897002816" lon="140.21337797865272">
        <ele>4.85</ele>
      </trkpt>
      <trkpt lat="36.0870279930532" lon="140.213576965034">
        <ele>4.87</ele>
      </trkpt>
      <trkpt lat="36.08714399859309" lon="140.21378793753684">
        <ele>4.89</ele>
      </trkpt>
      <trkpt lat="36.087261931970716" lon="140.21399798803031">
        <ele>4.9</ele>
      </trkpt>
      <trkpt lat="36.08737492002547" lon="140.21418892778456">
        <ele>4.9</ele>
      </trkpt>
      <trkpt lat="36.08746594749391" lon="140.21441599354148">
        <ele>4.86</ele>
      </trkpt>
      <trkpt lat="36.087562926113605" lon="140.21463098935783">
        <ele>4.81</ele>
      </trkpt>
      <trkpt lat="36.08768496662378" lon="140.2148069255054">
        <ele>4.76</ele>
      </trkpt>
      <trkpt lat="36.08785092830658" lon="140.21470592357218">
        <ele>4.7</ele>
      </trkpt>
      <trkpt lat="36.087944973260164" lon="140.21449394524097">
        <ele>4.62</ele>
      </trkpt>
      <trkpt lat="36.08800197020173" lon="140.21426394581795">
        <ele>4.61</ele>
      </trkpt>
      <trkpt lat="36.08805997297168" lon="140.21402397193015">
        <ele>4.67</ele>
      </trkpt>
      <trkpt lat="36.088117975741625" lon="140.2137809805572">
        <ele>4.8</ele>
      </trkpt>
      <trkpt lat="36.08817497268319" lon="140.21353497169912">
        <ele>4.92</ele>
      </trkpt>
      <trkpt lat="36.08823699876666" lon="140.21329692564905">
        <ele>4.94</ele>
      </trkpt>
      <trkpt lat="36.08830992132425" lon="140.21306692622602">
        <ele>4.91</ele>
      </trkpt>
      <trkpt lat="36.08838795684278" lon="140.2128329873085">
        <ele>4.9</ele>
      </trkpt>
      <trkpt lat="36.08844998292625" lon="140.2125919237733">
        <ele>4.93</ele>
      </trkpt>
      <trkpt lat="36.088523995131254" lon="140.2123569790274">
        <ele>5.08</ele>
      </trkpt>
      <trkpt lat="36.08859892934561" lon="140.21212396211922">
        <ele>5.16</ele>
      </trkpt>
      <trkpt lat="36.08867394737899" lon="140.21189195103943">
        <ele>5.25</ele>
      </trkpt>
      <trkpt lat="36.0887339618057" lon="140.2116679865867">
        <ele>5.38</ele>
      </trkpt>
      <trkpt lat="36.08878995291889" lon="140.21145097911358">
        <ele>5.5</ele>
      </trkpt>
      <trkpt lat="36.08883898705244" lon="140.211237994954">
        <ele>5.59</ele>
      </trkpt>
      <trkpt lat="36.08886597678065" lon="140.21112794056535">
        <ele>5.64</ele>
      </trkpt>
      <trkpt lat="36.08892892487347" lon="140.21091998554766">
        <ele>5.72</ele>
      </trkpt>
      <trkpt lat="36.088997991755605" lon="140.21067992784083">
        <ele>5.82</ele>
      </trkpt>
      <trkpt lat="36.08905993402004" lon="140.21045797504485">
        <ele>5.99</ele>
      </trkpt>
      <trkpt lat="36.08911693096161" lon="140.21023996174335">
        <ele>6.07</ele>
      </trkpt>
      <trkpt lat="36.08918792568147" lon="140.21000392735004">
        <ele>6.14</ele>
      </trkpt>
      <trkpt lat="36.089260932058096" lon="140.20976395346224">
        <ele>6.2</ele>
      </trkpt>
      <trkpt lat="36.089321952313185" lon="140.20952297374606">
        <ele>6.2</ele>
      </trkpt>
      <trkpt lat="36.08939294703305" lon="140.20928693935275">
        <ele>6.19</ele>
      </trkpt>
      <trkpt lat="36.08946494758129" lon="140.20904696546495">
        <ele>6.13</ele>
      </trkpt>
      <trkpt lat="36.08952395617962" lon="140.2088319696486">
        <ele>6.02</ele>
      </trkpt>
      <trkpt lat="36.08958799391985" lon="140.2085999585688">
        <ele>5.77</ele>
      </trkpt>
      <trkpt lat="36.08965194784105" lon="140.2083779219538">
        <ele>5.51</ele>
      </trkpt>
      <trkpt lat="36.08970693312585" lon="140.20816099829972">
        <ele>5.24</ele>
      </trkpt>
      <trkpt lat="36.08978094533086" lon="140.20794692449272">
        <ele>5.0</ele>
      </trkpt>
      <trkpt lat="36.089857975021005" lon="140.20771893672645">
        <ele>4.75</ele>
      </trkpt>
      <trkpt lat="36.08999996446073" lon="140.20757493562996">
        <ele>4.47</ele>
      </trkpt>
      <trkpt lat="36.09017699025571" lon="140.20761994645">
        <ele>4.19</ele>
      </trkpt>
      <trkpt lat="36.09038393944502" lon="140.20765791647136">
        <ele>3.89</ele>
      </trkpt>
      <trkpt lat="36.090570939704776" lon="140.20771793089807">
        <ele>3.61</ele>
      </trkpt>
      <trkpt lat="36.09075299464166" lon="140.20778599195182">
        <ele>3.36</ele>
      </trkpt>
      <trkpt lat="36.09092792496085" lon="140.2078599203378">
        <ele>3.2</ele>
      </trkpt>
      <trkpt lat="36.09110897406936" lon="140.2079259697348">
        <ele>3.06</ele>
      </trkpt>
      <trkpt lat="36.09129396267235" lon="140.207989923656">
        <ele>2.95</ele>
      </trkpt>
      <trkpt lat="36.09147995710373" lon="140.20806091837585">
        <ele>2.9</ele>
      </trkpt>
      <trkpt lat="36.091666957363486" lon="140.2081239502877">
        <ele>2.91</ele>
      </trkpt>
      <trkpt lat="36.09184297733009" lon="140.20819997414947">
        <ele>2.99</ele>
      </trkpt>
      <trkpt lat="36.092040957883" lon="140.20826895721257">
        <ele>3.13</ele>
      </trkpt>
      <trkpt lat="36.09221295453608" lon="140.20833894610405">
        <ele>3.28</ele>
      </trkpt>
      <trkpt lat="36.0923879686743" lon="140.20839292556047">
        <ele>3.47</ele>
      </trkpt>
      <trkpt lat="36.092564994469285" lon="140.20845293998718">
        <ele>3.67</ele>
      </trkpt>
      <trkpt lat="36.09274294227362" lon="140.2085179835558">
        <ele>3.94</ele>
      </trkpt>
      <trkpt lat="36.09291795641184" lon="140.20857891999185">
        <ele>4.28</ele>
      </trkpt>
      <trkpt lat="36.09311996027827" lon="140.20863097161055">
        <ele>4.67</ele>
      </trkpt>
      <trkpt lat="36.09331098385155" lon="140.2087019663304">
        <ele>5.13</ele>
      </trkpt>
      <trkpt lat="36.09350091777742" lon="140.20877296105027">
        <ele>5.67</ele>
      </trkpt>
      <trkpt lat="36.09369898214936" lon="140.20884797908366">
        <ele>6.26</ele>
      </trkpt>
      <trkpt lat="36.09388095326722" lon="140.20891897380352">
        <ele>6.9</ele>
      </trkpt>
      <trkpt lat="36.09406099654734" lon="140.20899298600852">
        <ele>7.61</ele>
      </trkpt>
      <trkpt lat="36.09423299320042" lon="140.2090629749">
        <ele>8.37</ele>
      </trkpt>
      <trkpt lat="36.094431979581714" lon="140.2091189660132">
        <ele>9.23</ele>
      </trkpt>
      <trkpt lat="36.09462291933596" lon="140.2091829199344">
        <ele>10.16</ele>
      </trkpt>
      <trkpt lat="36.0948109254241" lon="140.20926397293806">
        <ele>11.12</ele>
      </trkpt>
      <trkpt lat="36.09501192346215" lon="140.2093359734863">
        <ele>12.2</ele>
      </trkpt>
      <trkpt lat="36.09519498422742" lon="140.20942599512637">
        <ele>13.34</ele>
      </trkpt>
      <trkpt lat="36.09538692981005" lon="140.20951693877578">
        <ele>14.52</ele>
      </trkpt>
      <trkpt lat="36.09556596726179" lon="140.20961492322385">
        <ele>15.75</ele>
      </trkpt>
      <trkpt lat="36.095616929233074" lon="140.2096459362656">
        <ele>16.91</ele>
      </trkpt>
      <trkpt lat="36.09577895142138" lon="140.2097799628973">
        <ele>18.18</ele>
      </trkpt>
      <trkpt lat="36.09594692476094" lon="140.20992094650865">
        <ele>19.52</ele>
      </trkpt>
      <trkpt lat="36.09610693529248" lon="140.2100669592619">
        <ele>20.86</ele>
      </trkpt>
      <trkpt lat="36.09626593999565" lon="140.21022194065154">
        <ele>22.12</ele>
      </trkpt>
      <trkpt lat="36.096411952748895" lon="140.21036493591964">
        <ele>23.19</ele>
      </trkpt>
      <trkpt lat="36.09655897133052" lon="140.21054497919977">
        <ele>24.18</ele>
      </trkpt>
      <trkpt lat="36.09666793607175" lon="140.21072594448924">
        <ele>25.09</ele>
      </trkpt>
      <trkpt lat="36.09678293578327" lon="140.21092099137604">
        <ele>25.95</ele>
      </trkpt>
      <trkpt lat="36.09688896685839" lon="140.21110396832228">
        <ele>26.7</ele>
      </trkpt>
      <trkpt lat="36.09698695130646" lon="140.2113009430468">
        <ele>27.34</ele>
      </trkpt>
      <trkpt lat="36.097100945189595" lon="140.2115099877119">
        <ele>27.85</ele>
      </trkpt>
      <trkpt lat="36.09720295295119" lon="140.21172598935664">
        <ele>28.26</ele>
      </trkpt>
      <trkpt lat="36.09732893295586" lon="140.2119019255042">
        <ele>28.59</ele>
      </trkpt>
      <trkpt lat="36.09745591878891" lon="140.21210996434093">
        <ele>28.82</ele>
      </trkpt>
      <trkpt lat="36.09756194986403" lon="140.21230299957097">
        <ele>28.96</ele>
      </trkpt>
      <trkpt lat="36.09766596928239" lon="140.21249796263874">
        <ele>29.01</ele>
      </trkpt>
      <trkpt lat="36.09778197482228" lon="140.21269493736327">
        <ele>28.99</ele>
      </trkpt>
      <trkpt lat="36.097893957048655" lon="140.21288193762302">
        <ele>28.94</ele>
      </trkpt>
      <trkpt lat="36.098021948710084" lon="140.2130599692464">
        <ele>28.82</ele>
      </trkpt>
      <trkpt lat="36.09816293232143" lon="140.21324093453586">
        <ele>28.65</ele>
      </trkpt>
      <trkpt lat="36.09829695895314" lon="140.21342198364437">
        <ele>28.39</ele>
      </trkpt>
      <trkpt lat="36.09844297170639" lon="140.21357595920563">
        <ele>28.11</ele>
      </trkpt>
      <trkpt lat="36.09858697280288" lon="140.2137149311602">
        <ele>27.83</ele>
      </trkpt>
      <trkpt lat="36.0987289622426" lon="140.21385792642832">
        <ele>27.54</ele>
      </trkpt>
      <trkpt lat="36.09889894723892" lon="140.21399195306003">
        <ele>27.1</ele>
      </trkpt>
      <trkpt lat="36.0990519169718" lon="140.21411592140794">
        <ele>26.62</ele>
      </trkpt>
      <trkpt lat="36.09920798800886" lon="140.2142389677465">
        <ele>26.15</ele>
      </trkpt>
      <trkpt lat="36.09938291832805" lon="140.2143769338727">
        <ele>25.74</ele>
      </trkpt>
      <trkpt lat="36.09955994412303" lon="140.21449595689774">
        <ele>25.59</ele>
      </trkpt>
      <trkpt lat="36.09972598962486" lon="140.21459293551743">
        <ele>25.55</ele>
      </trkpt>
      <trkpt lat="36.09989899210632" lon="140.21467499434948">
        <ele>25.57</ele>
      </trkpt>
      <trkpt lat="36.10007492825389" lon="140.2147569693625">
        <ele>25.59</ele>
      </trkpt>
      <trkpt lat="36.100257989019156" lon="140.21482796408236">
        <ele>25.63</ele>
      </trkpt>
      <trkpt lat="36.10045999288559" lon="140.21489392966032">
        <ele>25.67</ele>
      </trkpt>
      <trkpt lat="36.10064992681146" lon="140.2149689476937">
        <ele>25.74</ele>
      </trkpt>
      <trkpt lat="36.10083298757672" lon="140.2150379307568">
        <ele>25.81</ele>
      </trkpt>
      <trkpt lat="36.101028956472874" lon="140.21510498598218">
        <ele>25.93</ele>
      </trkpt>
      <trkpt lat="36.10120799392462" lon="140.2151819318533">
        <ele>26.03</ele>
      </trkpt>
      <trkpt lat="36.101395916193724" lon="140.2152329776436">
        <ele>26.14</ele>
      </trkpt>
      <trkpt lat="36.10157595947385" lon="140.2153019607067">
        <ele>26.26</ele>
      </trkpt>
      <trkpt lat="36.10175591893494" lon="140.21535099484026">
        <ele>26.38</ele>
      </trkpt>
      <trkpt lat="36.101955994963646" lon="140.21538997069">
        <ele>26.49</ele>
      </trkpt>
      <trkpt lat="36.10213997773826" lon="140.21544395014644">
        <ele>26.58</ele>
      </trkpt>
      <trkpt lat="36.1023139860481" lon="140.21551192738116">
        <ele>26.69</ele>
      </trkpt>
      <trkpt lat="36.10250492580235" lon="140.21556297317147">
        <ele>26.81</ele>
      </trkpt>
      <trkpt lat="36.10269594937563" lon="140.2156169526279">
        <ele>26.94</ele>
      </trkpt>
      <trkpt lat="36.102793933823705" lon="140.21563698537648">
        <ele>27.06</ele>
      </trkpt>
      <trkpt lat="36.10298294574022" lon="140.21571594290435">
        <ele>27.19</ele>
      </trkpt>
      <trkpt lat="36.10316298902035" lon="140.21576799452305">
        <ele>27.29</ele>
      </trkpt>
      <trkpt lat="36.10335694625974" lon="140.215825997293">
        <ele>27.39</ele>
      </trkpt>
      <trkpt lat="36.10353598371148" lon="140.21588198840618">
        <ele>27.47</ele>
      </trkpt>
      <trkpt lat="36.10372398979962" lon="140.2159729320556">
        <ele>27.54</ele>
      </trkpt>
      <trkpt lat="36.10391995869577" lon="140.21603395231068">
        <ele>27.56</ele>
      </trkpt>
      <trkpt lat="36.10411299392581" lon="140.21608592011034">
        <ele>27.56</ele>
      </trkpt>
      <trkpt lat="36.10430795699358" lon="140.2161399833858">
        <ele>27.57</ele>
      </trkpt>
      <trkpt lat="36.10450392588973" lon="140.21620293147862">
        <ele>27.54</ele>
      </trkpt>
      <trkpt lat="36.104682963341475" lon="140.21624693647027">
        <ele>27.5</ele>
      </trkpt>
      <trkpt lat="36.10486292280257" lon="140.2162869181484">
        <ele>27.49</ele>
      </trkpt>
      <trkpt lat="36.10504196025431" lon="140.21632698364556">
        <ele>27.42</ele>
      </trkpt>
      <trkpt lat="36.10524798743427" lon="140.21639093756676">
        <ele>27.3</ele>
      </trkpt>
      <trkpt lat="36.10544395633042" lon="140.21645296365023">
        <ele>27.11</ele>
      </trkpt>
      <trkpt lat="36.105628944933414" lon="140.21649998612702">
        <ele>26.9</ele>
      </trkpt>
      <trkpt lat="36.10583497211337" lon="140.2165459189564">
        <ele>26.7</ele>
      </trkpt>
      <trkpt lat="36.10602297820151" lon="140.2166059333831">
        <ele>26.52</ele>
      </trkpt>
      <trkpt lat="36.10620394349098" lon="140.21667298860848">
        <ele>26.28</ele>
      </trkpt>
      <trkpt lat="36.1064069531858" lon="140.21673895418644">
        <ele>25.99</ele>
      </trkpt>
      <trkpt lat="36.106596970930696" lon="140.21682495251298">
        <ele>25.67</ele>
      </trkpt>
      <trkpt lat="36.10678497701883" lon="140.2168759983033">
        <ele>25.36</ele>
      </trkpt>
      <trkpt lat="36.10698999837041" lon="140.21692293696105">
        <ele>25.09</ele>
      </trkpt>
      <trkpt lat="36.10719493590295" lon="140.21697892807424">
        <ele>24.82</ele>
      </trkpt>
      <trkpt lat="36.107391994446516" lon="140.217046989128">
        <ele>24.52</ele>
      </trkpt>
      <trkpt lat="36.10759693197906" lon="140.21711999550462">
        <ele>24.24</ele>
      </trkpt>
      <trkpt lat="36.10778099857271" lon="140.2171939238906">
        <ele>23.99</ele>
      </trkpt>
      <trkpt lat="36.10795894637704" lon="140.21723893471062">
        <ele>23.78</ele>
      </trkpt>
      <trkpt lat="36.10814695246518" lon="140.2172959316522">
        <ele>23.51</ele>
      </trkpt>
      <trkpt lat="36.108334958553314" lon="140.2173369191587">
        <ele>23.28</ele>
      </trkpt>
      <trkpt lat="36.10852497629821" lon="140.21739198826253">
        <ele>23.05</ele>
      </trkpt>
      <trkpt lat="36.10871692188084" lon="140.21744596771896">
        <ele>22.96</ele>
      </trkpt>
      <trkpt lat="36.10890794545412" lon="140.21750195883214">
        <ele>22.99</ele>
      </trkpt>
      <trkpt lat="36.10909997485578" lon="140.21754898130894">
        <ele>23.06</ele>
      </trkpt>
      <trkpt lat="36.109281945973635" lon="140.21759893745184">
        <ele>23.2</ele>
      </trkpt>
      <trkpt lat="36.10945796594024" lon="140.2176479715854">
        <ele>23.38</ele>
      </trkpt>
      <trkpt lat="36.109644966199994" lon="140.21770195104182">
        <ele>23.61</ele>
      </trkpt>
      <trkpt lat="36.10982894897461" lon="140.2177639771253">
        <ele>23.89</ele>
      </trkpt>
      <trkpt lat="36.110032964497805" lon="140.2178369835019">
        <ele>24.15</ele>
      </trkpt>
      <trkpt lat="36.11023798584938" lon="140.21789096295834">
        <ele>24.39</ele>
      </trkpt>
      <trkpt lat="36.11041693948209" lon="140.217942930758">
        <ele>24.62</ele>
      </trkpt>
      <trkpt lat="36.11060092225671" lon="140.21799799986184">
        <ele>24.8</ele>
      </trkpt>
      <trkpt lat="36.11077995970845" lon="140.21803496405482">
        <ele>24.98</ele>
      </trkpt>
      <trkpt lat="36.110960924997926" lon="140.2180729340762">
        <ele>25.18</ele>
      </trkpt>
      <trkpt lat="36.11114297993481" lon="140.21810696460307">
        <ele>25.44</ele>
      </trkpt>
      <trkpt lat="36.11133098602295" lon="140.21813697181642">
        <ele>25.69</ele>
      </trkpt>
      <trkpt lat="36.111515974625945" lon="140.21815298125148">
        <ele>25.92</ele>
      </trkpt>
      <trkpt lat="36.11157791689038" lon="140.21815298125148">
        <ele>26.13</ele>
      </trkpt>
      <trkpt lat="36.11176592297852" lon="140.21814996376634">
        <ele>26.33</ele>
      </trkpt>
      <trkpt lat="36.11195795238018" lon="140.21817695349455">
        <ele>26.53</ele>
      </trkpt>
      <trkpt lat="36.112158950418234" lon="140.21822196431458">
        <ele>26.7</ele>
      </trkpt>
      <trkpt lat="36.11234695650637" lon="140.21826094016433">
        <ele>26.86</ele>
      </trkpt>
      <trkpt lat="36.112549966201186" lon="140.2182949706912">
        <ele>27.04</ele>
      </trkpt>
      <trkpt lat="36.112744929268956" lon="140.21832196041942">
        <ele>27.19</ele>
      </trkpt>
      <trkpt lat="36.112952968105674" lon="140.2183559909463">
        <ele>27.28</ele>
      </trkpt>
      <trkpt lat="36.11313896253705" lon="140.21839899010956">
        <ele>27.33</ele>
      </trkpt>
      <trkpt lat="36.113322945311666" lon="140.21844592876732">
        <ele>27.36</ele>
      </trkpt>
      <trkpt lat="36.1135059222579" lon="140.21851499564946">
        <ele>27.38</ele>
      </trkpt>
      <trkpt lat="36.11368294805288" lon="140.2185629401356">
        <ele>27.42</ele>
      </trkpt>
      <trkpt lat="36.11386198550463" lon="140.2186279837042">
        <ele>27.42</ele>
      </trkpt>
      <trkpt lat="36.11404194496572" lon="140.2186779398471">
        <ele>27.4</ele>
      </trkpt>
      <trkpt lat="36.114219976589084" lon="140.2187479287386">
        <ele>27.31</ele>
      </trkpt>
      <trkpt lat="36.11442097462714" lon="140.21882395260036">
        <ele>27.21</ele>
      </trkpt>
      <trkpt lat="36.11462297849357" lon="140.21889293566346">
        <ele>27.12</ele>
      </trkpt>
      <trkpt lat="36.114798998460174" lon="140.21895295009017">
        <ele>27.0</ele>
      </trkpt>
      <trkpt lat="36.114973928779364" lon="140.21900994703174">
        <ele>26.87</ele>
      </trkpt>
      <trkpt lat="36.115147937089205" lon="140.21907792426646">
        <ele>26.74</ele>
      </trkpt>
      <trkpt lat="36.11532898619771" lon="140.2191409561783">
        <ele>26.63</ele>
      </trkpt>
      <trkpt lat="36.11551598645747" lon="140.21919795311987">
        <ele>26.53</ele>
      </trkpt>
      <trkpt lat="36.11569795757532" lon="140.21925293840468">
        <ele>26.39</ele>
      </trkpt>
      <trkpt lat="36.11588294617832" lon="140.2193129528314">
        <ele>26.29</ele>
      </trkpt>
      <trkpt lat="36.11606198363006" lon="140.21938294172287">
        <ele>26.21</ele>
      </trkpt>
      <trkpt lat="36.11625099554658" lon="140.2194469794631">
        <ele>26.17</ele>
      </trkpt>
      <trkpt lat="36.11644294112921" lon="140.21951696835458">
        <ele>26.14</ele>
      </trkpt>
      <trkpt lat="36.11662692390382" lon="140.21958796307445">
        <ele>26.14</ele>
      </trkpt>
      <trkpt lat="36.11681995913386" lon="140.2196399308741">
        <ele>26.18</ele>
      </trkpt>
      <trkpt lat="36.117019951343536" lon="140.21969399414957">
        <ele>26.21</ele>
      </trkpt>
      <trkpt lat="36.117210974916816" lon="140.2197609655559">
        <ele>26.24</ele>
      </trkpt>
      <trkpt lat="36.11740794964135" lon="140.21983397193253">
        <ele>26.28</ele>
      </trkpt>
      <trkpt lat="36.11760299652815" lon="140.2199049666524">
        <ele>26.35</ele>
      </trkpt>
      <trkpt lat="36.11779695376754" lon="140.21998099051416">
        <ele>26.48</ele>
      </trkpt>
      <trkpt lat="36.117981942370534" lon="140.22005097940564">
        <ele>26.65</ele>
      </trkpt>
      <trkpt lat="36.118175983428955" lon="140.2201219741255">
        <ele>26.86</ele>
      </trkpt>
      <trkpt lat="36.11836499534547" lon="140.2201829943806">
        <ele>27.02</ele>
      </trkpt>
      <trkpt lat="36.11856599338353" lon="140.22025398910046">
        <ele>27.15</ele>
      </trkpt>
      <trkpt lat="36.11874897032976" lon="140.22033294662833">
        <ele>27.27</ele>
      </trkpt>
      <trkpt lat="36.11894594505429" lon="140.2203949727118">
        <ele>27.39</ele>
      </trkpt>
      <trkpt lat="36.11912992782891" lon="140.22045196965337">
        <ele>27.5</ele>
      </trkpt>
      <trkpt lat="36.119318939745426" lon="140.22048398852348">
        <ele>27.57</ele>
      </trkpt>
      <trkpt lat="36.11952094361186" lon="140.22054894827306">
        <ele>27.68</ele>
      </trkpt>
      <trkpt lat="36.11971699632704" lon="140.22064492106438">
        <ele>27.79</ele>
      </trkpt>
      <trkpt lat="36.11989997327328" lon="140.22073091939092">
        <ele>27.92</ele>
      </trkpt>
      <trkpt lat="36.120088985189795" lon="140.22081297822297">
        <ele>28.02</ele>
      </trkpt>
      <trkpt lat="36.120280930772424" lon="140.22088799625635">
        <ele>28.09</ele>
      </trkpt>
      <trkpt lat="36.12046591937542" lon="140.2209549676627">
        <ele>28.14</ele>
      </trkpt>
      <trkpt lat="36.12065493129194" lon="140.22101699374616">
        <ele>28.18</ele>
      </trkpt>
      <trkpt lat="36.1208329629153" lon="140.22111296653748">
        <ele>28.22</ele>
      </trkpt>
      <trkpt lat="36.120884930714965" lon="140.22133491933346">
        <ele>28.25</ele>
      </trkpt>
      <trkpt lat="36.120862970128655" lon="140.22156198509037">
        <ele>28.25</ele>
      </trkpt>
      <trkpt lat="36.120817959308624" lon="140.22181796841323">
        <ele>28.24</ele>
      </trkpt>
      <trkpt lat="36.12078694626689" lon="140.22205299697816">
        <ele>28.24</ele>
      </trkpt>
      <trkpt lat="36.120752999559045" lon="140.22228794172406">
        <ele>28.26</ele>
      </trkpt>
      <trkpt lat="36.12072299234569" lon="140.22251299582422">
        <ele>28.27</ele>
      </trkpt>
      <trkpt lat="36.120664989575744" lon="140.22274592891335">
        <ele>28.28</ele>
      </trkpt>
      <trkpt lat="36.12063498236239" lon="140.22297894582152">
        <ele>28.28</ele>
      </trkpt>
      <trkpt lat="36.12061494961381" lon="140.2232249546796">
        <ele>28.24</ele>
      </trkpt>
      <trkpt lat="36.12057798542082" lon="140.22344891913235">
        <ele>28.22</ele>
      </trkpt>
      <trkpt lat="36.12054697237909" lon="140.2236829418689">
        <ele>28.21</ele>
      </trkpt>
      <trkpt lat="36.120518976822495" lon="140.2239149529487">
        <ele>28.24</ele>
      </trkpt>
      <trkpt lat="36.12048394046724" lon="140.2241539210081">
        <ele>28.33</ele>
      </trkpt>
      <trkpt lat="36.120455944910645" lon="140.22440596483648">
        <ele>28.37</ele>
      </trkpt>
      <trkpt lat="36.120430966839194" lon="140.22463395260274">
        <ele>28.39</ele>
      </trkpt>
      <trkpt lat="36.12039995379746" lon="140.2248629461974">
        <ele>28.4</ele>
      </trkpt>
      <trkpt lat="36.12036198377609" lon="140.22509294562042">
        <ele>28.37</ele>
      </trkpt>
      <trkpt lat="36.12032191827893" lon="140.22530995309353">
        <ele>28.37</ele>
      </trkpt>
      <trkpt lat="36.12029995769262" lon="140.22556392475963">
        <ele>28.37</ele>
      </trkpt>
      <trkpt lat="36.12027699127793" lon="140.22578998468816">
        <ele>28.38</ele>
      </trkpt>
      <trkpt lat="36.120238937437534" lon="140.22601294331253">
        <ele>28.41</ele>
      </trkpt>
      <trkpt lat="36.120220916345716" lon="140.22624797187746">
        <ele>28.43</ele>
      </trkpt>
      <trkpt lat="36.12018596380949" lon="140.22647495381534">
        <ele>28.5</ele>
      </trkpt>
      <trkpt lat="36.12016199156642" lon="140.22671794518828">
        <ele>28.61</ele>
      </trkpt>
      <trkpt lat="36.12014095298946" lon="140.2269479446113">
        <ele>28.71</ele>
      </trkpt>
      <trkpt lat="36.120110945776105" lon="140.2271709870547">
        <ele>28.76</ele>
      </trkpt>
      <trkpt lat="36.12008194439113" lon="140.22742697037756">
        <ele>28.73</ele>
      </trkpt>
      <trkpt lat="36.120068952441216" lon="140.22767993621528">
        <ele>28.68</ele>
      </trkpt>
      <trkpt lat="36.12005696631968" lon="140.22792192175984">
        <ele>28.68</ele>
      </trkpt>
      <trkpt lat="36.12001396715641" lon="140.22816499695182">
        <ele>28.68</ele>
      </trkpt>
      <trkpt lat="36.1199729796499" lon="140.22841896861792">
        <ele>28.7</ele>
      </trkpt>
      <trkpt lat="36.11992796882987" lon="140.2286369819194">
        <ele>28.69</ele>
      </trkpt>
      <trkpt lat="36.119893938302994" lon="140.228857928887">
        <ele>28.69</ele>
      </trkpt>
      <trkpt lat="36.11984792165458" lon="140.2290949691087">
        <ele>28.72</ele>
      </trkpt>
      <trkpt lat="36.11981397494674" lon="140.2293269801885">
        <ele>28.74</ele>
      </trkpt>
      <trkpt lat="36.11977499909699" lon="140.22955697961152">
        <ele>28.69</ele>
      </trkpt>
      <trkpt lat="36.11973895691335" lon="140.22978295572102">
        <ele>28.64</ele>
      </trkpt>
      <trkpt lat="36.11970794387162" lon="140.230033993721">
        <ele>28.58</ele>
      </trkpt>
      <trkpt lat="36.119679948315024" lon="140.23025695234537">
        <ele>28.52</ele>
      </trkpt>
      <trkpt lat="36.119658993557096" lon="140.230477983132">
        <ele>28.56</ele>
      </trkpt>
      <trkpt lat="36.11962295137346" lon="140.23070295341313">
        <ele>28.51</ele>
      </trkpt>
      <trkpt lat="36.11958498135209" lon="140.23093194700778">
        <ele>28.43</ele>
      </trkpt>
      <trkpt lat="36.11956293694675" lon="140.2311529777944">
        <ele>28.33</ele>
      </trkpt>
      <trkpt lat="36.11951499246061" lon="140.23134391754866">
        <ele>28.25</ele>
      </trkpt>
      <trkpt lat="36.11948196776211" lon="140.2315789461136">
        <ele>28.17</ele>
      </trkpt>
      <trkpt lat="36.11944894306362" lon="140.23181196302176">
        <ele>28.05</ele>
      </trkpt>
      <trkpt lat="36.11941893585026" lon="140.23204891942441">
        <ele>28.02</ele>
      </trkpt>
      <trkpt lat="36.1193859949708" lon="140.23227891884744">
        <ele>28.01</ele>
      </trkpt>
      <trkpt lat="36.119356993585825" lon="140.2325039729476">
        <ele>27.96</ele>
      </trkpt>
      <trkpt lat="36.11930695362389" lon="140.23273598402739">
        <ele>27.9</ele>
      </trkpt>
      <trkpt lat="36.119271917268634" lon="140.23298995569348">
        <ele>27.79</ele>
      </trkpt>
      <trkpt lat="36.11926194280386" lon="140.2332149259746">
        <ele>27.64</ele>
      </trkpt>
      <trkpt lat="36.11921994946897" lon="140.23345791734755">
        <ele>27.51</ele>
      </trkpt>
      <trkpt lat="36.119183991104364" lon="140.23368196561933">
        <ele>27.39</ele>
      </trkpt>
      <trkpt lat="36.1191579233855" lon="140.23390299640596">
        <ele>27.29</ele>
      </trkpt>
      <trkpt lat="36.11911693587899" lon="140.234132995829">
        <ele>27.11</ele>
      </trkpt>
      <trkpt lat="36.11907393671572" lon="140.2343729697168">
        <ele>26.94</ele>
      </trkpt>
      <trkpt lat="36.119033955037594" lon="140.2346119377762">
        <ele>26.78</ele>
      </trkpt>
      <trkpt lat="36.11899598501623" lon="140.23484596051276">
        <ele>26.63</ele>
      </trkpt>
      <trkpt lat="36.118967989459634" lon="140.2350799832493">
        <ele>26.53</ele>
      </trkpt>
      <trkpt lat="36.1189179494977" lon="140.2353119943291">
        <ele>26.42</ele>
      </trkpt>
      <trkpt lat="36.11887394450605" lon="140.23554995656013">
        <ele>26.33</ele>
      </trkpt>
      <trkpt lat="36.11884695477784" lon="140.2357919421047">
        <ele>26.22</ele>
      </trkpt>
      <trkpt lat="36.11882398836315" lon="140.23603895679116">
        <ele>26.15</ele>
      </trkpt>
      <trkpt lat="36.11879297532141" lon="140.23626199923456">
        <ele>26.06</ele>
      </trkpt>
      <trkpt lat="36.118778977543116" lon="140.23652091622353">
        <ele>25.97</ele>
      </trkpt>
      <trkpt lat="36.11876296810806" lon="140.2367449644953">
        <ele>25.98</ele>
      </trkpt>
      <trkpt lat="36.11873899586499" lon="140.23697295226157">
        <ele>26.02</ele>
      </trkpt>
      <trkpt lat="36.11868895590305" lon="140.23720395751297">
        <ele>26.07</ele>
      </trkpt>
      <trkpt lat="36.118650985881686" lon="140.23743999190629">
        <ele>26.09</ele>
      </trkpt>
      <trkpt lat="36.11862198449671" lon="140.23766797967255">
        <ele>26.11</ele>
      </trkpt>
      <trkpt lat="36.11857496201992" lon="140.23790099658072">
        <ele>26.14</ele>
      </trkpt>
      <trkpt lat="36.11851092427969" lon="140.2381099574268">
        <ele>26.17</ele>
      </trkpt>
      <trkpt lat="36.11845099367201" lon="140.2383599895984">
        <ele>26.19</ele>
      </trkpt>
      <trkpt lat="36.11837396398187" lon="140.23858194239438">
        <ele>26.21</ele>
      </trkpt>
      <trkpt lat="36.11831495538354" lon="140.23880096152425">
        <ele>26.18</ele>
      </trkpt>
      <trkpt lat="36.11823499202728" lon="140.2390069887042">
        <ele>26.13</ele>
      </trkpt>
      <trkpt lat="36.11816491931677" lon="140.23921192623675">
        <ele>26.12</ele>
      </trkpt>
      <trkpt lat="36.11807799898088" lon="140.23942197673023">
        <ele>26.08</ele>
      </trkpt>
      <trkpt lat="36.11798797734082" lon="140.23962398059666">
        <ele>26.04</ele>
      </trkpt>
      <trkpt lat="36.11789192073047" lon="140.23981399834156">
        <ele>26.06</ele>
      </trkpt>
      <trkpt lat="36.117786979302764" lon="140.23999798111618">
        <ele>26.07</ele>
      </trkpt>
      <trkpt lat="36.117681954056025" lon="140.24018799886107">
        <ele>26.1</ele>
      </trkpt>
      <trkpt lat="36.11757097765803" lon="140.24039092473686">
        <ele>26.13</ele>
      </trkpt>
      <trkpt lat="36.117467964068055" lon="140.2405929286033">
        <ele>26.17</ele>
      </trkpt>
      <trkpt lat="36.1173689737916" lon="140.24079794995487">
        <ele>26.23</ele>
      </trkpt>
      <trkpt lat="36.11726093105972" lon="140.24099593050778">
        <ele>26.31</ele>
      </trkpt>
      <trkpt lat="36.11715892329812" lon="140.24117999710143">
        <ele>26.41</ele>
      </trkpt>
      <trkpt lat="36.117058927193284" lon="140.24138594046235">
        <ele>26.54</ele>
      </trkpt>
      <trkpt lat="36.11696898937225" lon="140.24159498512745">
        <ele>26.62</ele>
      </trkpt>
      <trkpt lat="36.1168699990958" lon="140.24179497733712">
        <ele>26.72</ele>
      </trkpt>
      <trkpt lat="36.116778971627355" lon="140.24199899286032">
        <ele>26.73</ele>
      </trkpt>
      <trkpt lat="36.116671934723854" lon="140.24222295731306">
        <ele>26.68</ele>
      </trkpt>
      <trkpt lat="36.1165729444474" lon="140.24242093786597">
        <ele>26.64</ele>
      </trkpt>
      <trkpt lat="36.116456938907504" lon="140.2426279708743">
        <ele>26.73</ele>
      </trkpt>
      <trkpt lat="36.116349985823035" lon="140.24282092228532">
        <ele>26.82</ele>
      </trkpt>
      <trkpt lat="36.116242948919535" lon="140.2430389355868">
        <ele>26.91</ele>
      </trkpt>
      <trkpt lat="36.11614094115794" lon="140.24323096498847">
        <ele>26.96</ele>
      </trkpt>
      <trkpt lat="36.11603792756796" lon="140.2434329688549">
        <ele>27.03</ele>
      </trkpt>
      <trkpt lat="36.11593994311988" lon="140.24361996911466">
        <ele>27.12</ele>
      </trkpt>
      <trkpt lat="36.115831984207034" lon="140.24381392635405">
        <ele>27.21</ele>
      </trkpt>
      <trkpt lat="36.11572092399001" lon="140.24401693604887">
        <ele>27.26</ele>
      </trkpt>
      <trkpt lat="36.115616988390684" lon="140.24420695379376">
        <ele>27.33</ele>
      </trkpt>
      <trkpt lat="36.11551598645747" lon="140.24440694600344">
        <ele>27.41</ele>
      </trkpt>
      <trkpt lat="36.11542294733226" lon="140.24460098706186">
        <ele>27.51</ele>
      </trkpt>
      <trkpt lat="36.115319933742285" lon="140.2447979617864">
        <ele>27.66</ele>
      </trkpt>
      <trkpt lat="36.115209963172674" lon="140.24500298313797">
        <ele>27.78</ele>
      </trkpt>
      <trkpt lat="36.11511893570423" lon="140.2452049870044">
        <ele>27.87</ele>
      </trkpt>
      <trkpt lat="36.11501592211425" lon="140.24540891870856">
        <ele>27.96</ele>
      </trkpt>
      <trkpt lat="36.11492891795933" lon="140.24560497142375">
        <ele>28.03</ele>
      </trkpt>
      <trkpt lat="36.1148339509964" lon="140.24580898694694">
        <ele>28.11</ele>
      </trkpt>
      <trkpt lat="36.11472791992128" lon="140.24600093252957">
        <ele>28.19</ele>
      </trkpt>
      <trkpt lat="36.114608980715275" lon="140.24619597941637">
        <ele>28.22</ele>
      </trkpt>
      <trkpt lat="36.11448895186186" lon="140.24639697745442">
        <ele>28.24</ele>
      </trkpt>
      <trkpt lat="36.11434193328023" lon="140.24658096022904">
        <ele>28.31</ele>
      </trkpt>
      <trkpt lat="36.114201955497265" lon="140.24677097797394">
        <ele>28.35</ele>
      </trkpt>
      <trkpt lat="36.11406591720879" lon="140.2469299826771">
        <ele>28.41</ele>
      </trkpt>
      <trkpt lat="36.11391294747591" lon="140.24709393270314">
        <ele>28.39</ele>
      </trkpt>
      <trkpt lat="36.1137649230659" lon="140.24727498181164">
        <ele>28.37</ele>
      </trkpt>
      <trkpt lat="36.11361597664654" lon="140.24746298789978">
        <ele>28.39</ele>
      </trkpt>
      <trkpt lat="36.11348396167159" lon="140.24763892404735">
        <ele>28.46</ele>
      </trkpt>
      <trkpt lat="36.11334792338312" lon="140.24779792875051">
        <ele>28.46</ele>
      </trkpt>
      <trkpt lat="36.1132159922272" lon="140.24796891957521">
        <ele>28.44</ele>
      </trkpt>
      <trkpt lat="36.1130899284035" lon="140.2481459453702">
        <ele>28.29</ele>
      </trkpt>
      <trkpt lat="36.112959925085306" lon="140.24835096672177">
        <ele>28.15</ele>
      </trkpt>
      <trkpt lat="36.112824976444244" lon="140.24852396920323">
        <ele>28.03</ele>
      </trkpt>
      <trkpt lat="36.112674940377474" lon="140.24870795197785">
        <ele>27.98</ele>
      </trkpt>
      <trkpt lat="36.1125439312309" lon="140.2488629333675">
        <ele>27.9</ele>
      </trkpt>
      <trkpt lat="36.11240294761956" lon="140.24904699996114">
        <ele>27.86</ele>
      </trkpt>
      <trkpt lat="36.112265987321734" lon="140.24919393472373">
        <ele>27.78</ele>
      </trkpt>
      <trkpt lat="36.11212894320488" lon="140.24937498383224">
        <ele>27.69</ele>
      </trkpt>
      <trkpt lat="36.11200396902859" lon="140.24954496882856">
        <ele>27.61</ele>
      </trkpt>
      <trkpt lat="36.11186399124563" lon="140.24971495382488">
        <ele>27.51</ele>
      </trkpt>
      <trkpt lat="36.11174195073545" lon="140.2498849388212">
        <ele>27.4</ele>
      </trkpt>
      <trkpt lat="36.11161597073078" lon="140.25005794130266">
        <ele>27.27</ele>
      </trkpt>
      <trkpt lat="36.11148093827069" lon="140.25023999623954">
        <ele>27.15</ele>
      </trkpt>
      <trkpt lat="36.111342972144485" lon="140.2504159323871">
        <ele>27.04</ele>
      </trkpt>
      <trkpt lat="36.111298967152834" lon="140.2504719235003">
        <ele>26.97</ele>
      </trkpt>
      <trkpt lat="36.111172987148166" lon="140.2506399806589">
        <ele>26.88</ele>
      </trkpt>
      <trkpt lat="36.11102898605168" lon="140.25081994011998">
        <ele>26.85</ele>
      </trkpt>
      <trkpt lat="36.110911974683404" lon="140.25099596008658">
        <ele>26.82</ele>
      </trkpt>
      <trkpt lat="36.110784988850355" lon="140.25116795673966">
        <ele>26.78</ele>
      </trkpt>
      <trkpt lat="36.110634952783585" lon="140.25134498253465">
        <ele>26.74</ele>
      </trkpt>
      <trkpt lat="36.110508972778916" lon="140.2515179850161">
        <ele>26.67</ele>
      </trkpt>
      <trkpt lat="36.11038399860263" lon="140.25169995613396">
        <ele>26.63</ele>
      </trkpt>
      <trkpt lat="36.1103889439255" lon="140.25193297304213">
        <ele>26.61</ele>
      </trkpt>
      <trkpt lat="36.11055599525571" lon="140.252085942775">
        <ele>26.58</ele>
      </trkpt>
      <trkpt lat="36.11067292280495" lon="140.2522619627416">
        <ele>26.57</ele>
      </trkpt>
      <trkpt lat="36.11051299609244" lon="140.25240898132324">
        <ele>26.57</ele>
      </trkpt>
      <trkpt lat="36.110316943377256" lon="140.25248399935663">
        <ele>26.58</ele>
      </trkpt>
      <trkpt lat="36.11013698391616" lon="140.2525719255209">
        <ele>26.6</ele>
      </trkpt>
      <trkpt lat="36.109969932585955" lon="140.25268499739468">
        <ele>26.68</ele>
      </trkpt>
      <trkpt lat="36.10980296507478" lon="140.2527899388224">
        <ele>26.72</ele>
      </trkpt>
      <trkpt lat="36.10962292179465" lon="140.25286797434092">
        <ele>26.74</ele>
      </trkpt>
      <trkpt lat="36.109474981203675" lon="140.25303293019533">
        <ele>26.7</ele>
      </trkpt>
      <trkpt lat="36.10935696400702" lon="140.253232922405">
        <ele>26.65</ele>
      </trkpt>
      <trkpt lat="36.109257973730564" lon="140.25343894958496">
        <ele>26.66</ele>
      </trkpt>
      <trkpt lat="36.10915998928249" lon="140.25363693013787">
        <ele>26.67</ele>
      </trkpt>
      <trkpt lat="36.10905898734927" lon="140.25382099673152">
        <ele>26.7</ele>
      </trkpt>
      <trkpt lat="36.108959997072816" lon="140.2540199831128">
        <ele>26.67</ele>
      </trkpt>
      <trkpt lat="36.10886595211923" lon="140.25422492064536">
        <ele>26.68</ele>
      </trkpt>
      <trkpt lat="36.10877492465079" lon="140.25443798862398">
        <ele>26.66</ele>
      </trkpt>
      <trkpt lat="36.10866797156632" lon="140.25465994141996">
        <ele>26.71</ele>
      </trkpt>
      <trkpt lat="36.108569987118244" lon="140.25486395694315">
        <ele>26.69</ele>
      </trkpt>
      <trkpt lat="36.10847191885114" lon="140.25508892722428">
        <ele>26.67</ele>
      </trkpt>
      <trkpt lat="36.10838198103011" lon="140.25528699159622">
        <ele>26.66</ele>
      </trkpt>
      <trkpt lat="36.108291959390044" lon="140.25550793856382">
        <ele>26.62</ele>
      </trkpt>
      <trkpt lat="36.108229933306575" lon="140.2557549532503">
        <ele>26.65</ele>
      </trkpt>
      <trkpt lat="36.10816799104214" lon="140.2559769898653">
        <ele>26.73</ele>
      </trkpt>
      <trkpt lat="36.1081179510802" lon="140.25619693100452">
        <ele>26.82</ele>
      </trkpt>
      <trkpt lat="36.108056930825114" lon="140.25643296539783">
        <ele>26.89</ele>
      </trkpt>
      <trkpt lat="36.10798593610525" lon="140.25665399618447">
        <ele>26.95</ele>
      </trkpt>
      <trkpt lat="36.107910918071866" lon="140.25689497590065">
        <ele>27.02</ele>
      </trkpt>
      <trkpt lat="36.10781595110893" lon="140.25712698698044">
        <ele>27.13</ele>
      </trkpt>
      <trkpt lat="36.10772391781211" lon="140.25733896531165">
        <ele>27.25</ele>
      </trkpt>
      <trkpt lat="36.10762492753565" lon="140.25754096917808">
        <ele>27.32</ele>
      </trkpt>
      <trkpt lat="36.107518980279565" lon="140.25773199275136">
        <ele>27.37</ele>
      </trkpt>
      <trkpt lat="36.10740599222481" lon="140.25791899301112">
        <ele>27.42</ele>
      </trkpt>
      <trkpt lat="36.10726995393634" lon="140.2581179793924">
        <ele>27.5</ele>
      </trkpt>
      <trkpt lat="36.107153948396444" lon="140.25832392275333">
        <ele>27.58</ele>
      </trkpt>
      <trkpt lat="36.10704297199845" lon="140.25851394049823">
        <ele>27.68</ele>
      </trkpt>
      <trkpt lat="36.106917997822165" lon="140.2587139327079">
        <ele>27.76</ele>
      </trkpt>
      <trkpt lat="36.10679495148361" lon="140.25891895405948">
        <ele>27.9</ele>
      </trkpt>
      <trkpt lat="36.106726974248886" lon="140.25904392823577">
        <ele>28.03</ele>
      </trkpt>
      <trkpt lat="36.106617925688624" lon="140.25924392044544">
        <ele>28.19</ele>
      </trkpt>
      <trkpt lat="36.10649697482586" lon="140.25943695567548">
        <ele>28.33</ele>
      </trkpt>
      <trkpt lat="36.10639194957912" lon="140.25962295010686">
        <ele>28.42</ele>
      </trkpt>
      <trkpt lat="36.106269992887974" lon="140.25983098894358">
        <ele>28.49</ele>
      </trkpt>
      <trkpt lat="36.106170918792486" lon="140.26002394035459">
        <ele>28.63</ele>
      </trkpt>
      <trkpt lat="36.10605591908097" lon="140.26022896170616">
        <ele>28.78</ele>
      </trkpt>
      <trkpt lat="36.105971932411194" lon="140.26042694225907">
        <ele>28.89</ele>
      </trkpt>
      <trkpt lat="36.1058749537915" lon="140.26062693446875">
        <ele>29.02</ele>
      </trkpt>
      <trkpt lat="36.10575593076646" lon="140.2608239930123">
        <ele>29.13</ele>
      </trkpt>
      <trkpt lat="36.10564294271171" lon="140.26102993637323">
        <ele>29.15</ele>
      </trkpt>
      <trkpt lat="36.10551796853542" lon="140.26123797520995">
        <ele>29.19</ele>
      </trkpt>
      <trkpt lat="36.105412943288684" lon="140.26141894049942">
        <ele>29.25</ele>
      </trkpt>
      <trkpt lat="36.10530096106231" lon="140.2616009954363">
        <ele>29.28</ele>
      </trkpt>
      <trkpt lat="36.10519492998719" lon="140.2617869898677">
        <ele>29.26</ele>
      </trkpt>
      <trkpt lat="36.10508797690272" lon="140.26198899373412">
        <ele>29.29</ele>
      </trkpt>
      <trkpt lat="36.10497398301959" lon="140.2621969487518">
        <ele>29.29</ele>
      </trkpt>
      <trkpt lat="36.10486392863095" lon="140.26237891986966">
        <ele>29.26</ele>
      </trkpt>
      <trkpt lat="36.10475295223296" lon="140.26256198063493">
        <ele>29.1</ele>
      </trkpt>
      <trkpt lat="36.1046489328146" lon="140.26274898089468">
        <ele>28.89</ele>
      </trkpt>
      <trkpt lat="36.10454591922462" lon="140.26294494979084">
        <ele>28.69</ele>
      </trkpt>
      <trkpt lat="36.10443293116987" lon="140.2631369791925">
        <ele>28.62</ele>
      </trkpt>
      <trkpt lat="36.10432497225702" lon="140.26333093643188">
        <ele>28.61</ele>
      </trkpt>
      <trkpt lat="36.10422195866704" lon="140.2635389752686">
        <ele>28.57</ele>
      </trkpt>
      <trkpt lat="36.10412799753249" lon="140.2637559827417">
        <ele>28.49</ele>
      </trkpt>
      <trkpt lat="36.10404895618558" lon="140.26397491805255">
        <ele>28.42</ele>
      </trkpt>
      <trkpt lat="36.10397192649543" lon="140.26419393718243">
        <ele>28.41</ele>
      </trkpt>
      <trkpt lat="36.10389699228108" lon="140.26441094465554">
        <ele>28.41</ele>
      </trkpt>
      <trkpt lat="36.10383194871247" lon="140.2646529302001">
        <ele>28.43</ele>
      </trkpt>
      <trkpt lat="36.10377595759928" lon="140.26486893184483">
        <ele>28.42</ele>
      </trkpt>
      <trkpt lat="36.103724995628" lon="140.26508392766118">
        <ele>28.39</ele>
      </trkpt>
      <trkpt lat="36.10367797315121" lon="140.2652999293059">
        <ele>28.37</ele>
      </trkpt>
      <trkpt lat="36.10361494123936" lon="140.26554292067885">
        <ele>28.35</ele>
      </trkpt>
      <trkpt lat="36.10355299897492" lon="140.26578398421407">
        <ele>28.35</ele>
      </trkpt>
      <trkpt lat="36.1034969240427" lon="140.26599797420204">
        <ele>28.27</ele>
      </trkpt>
      <trkpt lat="36.1034469678998" lon="140.26621892116964">
        <ele>28.2</ele>
      </trkpt>
      <trkpt lat="36.10340195707977" lon="140.26644799858332">
        <ele>28.19</ele>
      </trkpt>
      <trkpt lat="36.10334395430982" lon="140.26667992584407">
        <ele>28.18</ele>
      </trkpt>
      <trkpt lat="36.10329693183303" lon="140.26691093109548">
        <ele>28.26</ele>
      </trkpt>
      <trkpt lat="36.103263990953565" lon="140.26713992469013">
        <ele>28.27</ele>
      </trkpt>
      <trkpt lat="36.10318997874856" lon="140.26736992411315">
        <ele>28.27</ele>
      </trkpt>
      <trkpt lat="36.10312795266509" lon="140.2675899490714">
        <ele>28.31</ele>
      </trkpt>
      <trkpt lat="36.10306399874389" lon="140.26781491935253">
        <ele>28.31</ele>
      </trkpt>
      <trkpt lat="36.10301295295358" lon="140.26803494431078">
        <ele>28.31</ele>
      </trkpt>
      <trkpt lat="36.102944975718856" lon="140.268246922642">
        <ele>28.3</ele>
      </trkpt>
      <trkpt lat="36.1028959415853" lon="140.2684699650854">
        <ele>28.2</ele>
      </trkpt>
      <trkpt lat="36.10284196212888" lon="140.26871697977185">
        <ele>28.13</ele>
      </trkpt>
      <trkpt lat="36.10279695130885" lon="140.26889794506133">
        <ele>28.12</ele>
      </trkpt>
      <trkpt lat="36.10273299738765" lon="140.26910992339253">
        <ele>28.07</ele>
      </trkpt>
      <trkpt lat="36.10269796103239" lon="140.2693289425224">
        <ele>28.1</ele>
      </trkpt>
      <trkpt lat="36.10263098962605" lon="140.26957092806697">
        <ele>28.14</ele>
      </trkpt>
      <trkpt lat="36.102576926350594" lon="140.2697839960456">
        <ele>28.13</ele>
      </trkpt>
      <trkpt lat="36.10252395272255" lon="140.27003394439816">
        <ele>28.16</ele>
      </trkpt>
      <trkpt lat="36.102448934689164" lon="140.2702769357711">
        <ele>28.14</ele>
      </trkpt>
      <trkpt lat="36.10238992609084" lon="140.27049394324422">
        <ele>28.14</ele>
      </trkpt>
      <trkpt lat="36.10232697799802" lon="140.2707129623741">
        <ele>28.16</ele>
      </trkpt>
      <trkpt lat="36.10223092138767" lon="140.27092795819044">
        <ele>28.15</ele>
      </trkpt>
      <trkpt lat="36.10209798440337" lon="140.27111294679344">
        <ele>28.12</ele>
      </trkpt>
      <trkpt lat="36.1019619461149" lon="140.27130397036672">
        <ele>28.1</ele>
      </trkpt>
      <trkpt lat="36.10184292308986" lon="140.27147496119142">
        <ele>28.09</ele>
      </trkpt>
      <trkpt lat="36.1017029453069" lon="140.2716609556228">
        <ele>28.08</ele>
      </trkpt>
      <trkpt lat="36.1015369836241" lon="140.27182197198272">
        <ele>28.05</ele>
      </trkpt>
      <trkpt lat="36.10138493590057" lon="140.2719609439373">
        <ele>28.07</ele>
      </trkpt>
      <trkpt lat="36.10123598948121" lon="140.27210293337703">
        <ele>28.05</ele>
      </trkpt>
      <trkpt lat="36.10107899643481" lon="140.27223997749388">
        <ele>28.01</ele>
      </trkpt>
      <trkpt lat="36.100920997560024" lon="140.27236595749855">
        <ele>27.96</ele>
      </trkpt>
      <trkpt lat="36.10075897537172" lon="140.27251096442342">
        <ele>27.83</ele>
      </trkpt>
      <trkpt lat="36.10060499981046" lon="140.2726409677416">
        <ele>27.77</ele>
      </trkpt>
      <trkpt lat="36.100451946258545" lon="140.27275797910988">
        <ele>27.72</ele>
      </trkpt>
      <trkpt lat="36.100291935727" lon="140.27287398464978">
        <ele>27.67</ele>
      </trkpt>
      <trkpt lat="36.10012396238744" lon="140.2729969471693">
        <ele>27.62</ele>
      </trkpt>
      <trkpt lat="36.09995196573436" lon="140.27314991690218">
        <ele>27.56</ele>
      </trkpt>
      <trkpt lat="36.09979991801083" lon="140.27330992743373">
        <ele>27.52</ele>
      </trkpt>
      <trkpt lat="36.09964393079281" lon="140.27347295545042">
        <ele>27.5</ele>
      </trkpt>
      <trkpt lat="36.09950194135308" lon="140.27364193461835">
        <ele>27.46</ele>
      </trkpt>
      <trkpt lat="36.09937193803489" lon="140.27383698150516">
        <ele>27.43</ele>
      </trkpt>
      <trkpt lat="36.0992609616369" lon="140.27402699925005">
        <ele>27.38</ele>
      </trkpt>
      <trkpt lat="36.099163983017206" lon="140.27423495426774">
        <ele>27.28</ele>
      </trkpt>
      <trkpt lat="36.09906599856913" lon="140.27445799671113">
        <ele>27.17</ele>
      </trkpt>
      <trkpt lat="36.09897899441421" lon="140.27467793785036">
        <ele>27.05</ele>
      </trkpt>
      <trkpt lat="36.0988999530673" lon="140.27488094754517">
        <ele>26.92</ele>
      </trkpt>
      <trkpt lat="36.098821917548776" lon="140.27509393170476">
        <ele>26.85</ele>
      </trkpt>
      <trkpt lat="36.09874597750604" lon="140.27531093917787">
        <ele>26.81</ele>
      </trkpt>
      <trkpt lat="36.09867297112942" lon="140.27552199549973">
        <ele>26.78</ele>
      </trkpt>
      <trkpt lat="36.09859191812575" lon="140.27574595995247">
        <ele>26.75</ele>
      </trkpt>
      <trkpt lat="36.09852595254779" lon="140.2759539987892">
        <ele>26.71</ele>
      </trkpt>
      <trkpt lat="36.098431991413236" lon="140.2761739399284">
        <ele>26.69</ele>
      </trkpt>
      <trkpt lat="36.098428973928094" lon="140.27642095461488">
        <ele>26.68</ele>
      </trkpt>
      <trkpt lat="36.09847096726298" lon="140.27664994820952">
        <ele>26.67</ele>
      </trkpt>
      <trkpt lat="36.09851195476949" lon="140.27687491849065">
        <ele>26.65</ele>
      </trkpt>
      <trkpt lat="36.098539950326085" lon="140.27710399590433">
        <ele>26.63</ele>
      </trkpt>
      <trkpt lat="36.098580937832594" lon="140.27732896618545">
        <ele>26.64</ele>
      </trkpt>
      <trkpt lat="36.09861094504595" lon="140.27755695395172">
        <ele>26.66</ele>
      </trkpt>
      <trkpt lat="36.09863399527967" lon="140.27779198251665">
        <ele>26.61</ele>
      </trkpt>
      <trkpt lat="36.09865293838084" lon="140.27790295891464">
        <ele>26.57</ele>
      </trkpt>
      <trkpt lat="36.09870498999953" lon="140.27815299108624">
        <ele>26.5</ele>
      </trkpt>
      <trkpt lat="36.098755951970816" lon="140.27836597524583">
        <ele>26.42</ele>
      </trkpt>
      <trkpt lat="36.09878897666931" lon="140.2785939630121">
        <ele>26.34</ele>
      </trkpt>
      <trkpt lat="36.09882099553943" lon="140.27881499379873">
        <ele>26.31</ele>
      </trkpt>
      <trkpt lat="36.09886894002557" lon="140.27906795963645">
        <ele>26.34</ele>
      </trkpt>
      <trkpt lat="36.09889299608767" lon="140.27929393574595">
        <ele>26.38</ele>
      </trkpt>
      <trkpt lat="36.098926942795515" lon="140.27954799123108">
        <ele>26.42</ele>
      </trkpt>
      <trkpt lat="36.09895493835211" lon="140.27977195568383">
        <ele>26.38</ele>
      </trkpt>
      <trkpt lat="36.09898695722222" lon="140.28002492152154">
        <ele>26.36</ele>
      </trkpt>
      <trkpt lat="36.099012941122055" lon="140.28025299310684">
        <ele>26.34</ele>
      </trkpt>
      <trkpt lat="36.09901897609234" lon="140.28051299974322">
        <ele>26.33</ele>
      </trkpt>
      <trkpt lat="36.09902392141521" lon="140.28073897585273">
        <ele>26.32</ele>
      </trkpt>
      <trkpt lat="36.09902392141521" lon="140.28096897527575">
        <ele>26.27</ele>
      </trkpt>
      <trkpt lat="36.09902299940586" lon="140.28119897469878">
        <ele>26.26</ele>
      </trkpt>
      <trkpt lat="36.09901998192072" lon="140.28142796829343">
        <ele>26.23</ele>
      </trkpt>
      <trkpt lat="36.09902995638549" lon="140.2816609852016">
        <ele>26.24</ele>
      </trkpt>
      <trkpt lat="36.099032973870635" lon="140.28189492411911">
        <ele>26.31</ele>
      </trkpt>
      <trkpt lat="36.09902593307197" lon="140.28212098404765">
        <ele>26.34</ele>
      </trkpt>
      <trkpt lat="36.099037919193506" lon="140.28235592879355">
        <ele>26.38</ele>
      </trkpt>
      <trkpt lat="36.09906893223524" lon="140.28260998427868">
        <ele>26.43</ele>
      </trkpt>
      <trkpt lat="36.09911293722689" lon="140.28283394873142">
        <ele>26.5</ele>
      </trkpt>
      <trkpt lat="36.09915593639016" lon="140.28305497951806">
        <ele>26.58</ele>
      </trkpt>
      <trkpt lat="36.099123917520046" lon="140.28328095562756">
        <ele>26.64</ele>
      </trkpt>
      <trkpt lat="36.099070943892" lon="140.28350399807096">
        <ele>26.68</ele>
      </trkpt>
      <trkpt lat="36.09904697164893" lon="140.28372896835208">
        <ele>26.75</ele>
      </trkpt>
      <trkpt lat="36.09901797026396" lon="140.28395494446158">
        <ele>26.85</ele>
      </trkpt>
      <trkpt lat="36.09897497110069" lon="140.28417798690498">
        <ele>26.96</ele>
      </trkpt>
      <trkpt lat="36.098945969715714" lon="140.28441393747926">
        <ele>27.05</ele>
      </trkpt>
      <trkpt lat="36.098905988037586" lon="140.2846479602158">
        <ele>27.18</ele>
      </trkpt>
      <trkpt lat="36.098839938640594" lon="140.28487695381045">
        <ele>27.29</ele>
      </trkpt>
      <trkpt lat="36.098755951970816" lon="140.2850869204849">
        <ele>27.43</ele>
      </trkpt>
      <trkpt lat="36.09868294559419" lon="140.28532496653497">
        <ele>27.52</ele>
      </trkpt>
      <trkpt lat="36.098607927560806" lon="140.28556091710925">
        <ele>27.51</ele>
      </trkpt>
      <trkpt lat="36.098557971417904" lon="140.28579393401742">
        <ele>27.54</ele>
      </trkpt>
      <trkpt lat="36.09850692562759" lon="140.28601597063243">
        <ele>27.57</ele>
      </trkpt>
      <trkpt lat="36.09844498336315" lon="140.28623297810555">
        <ele>27.65</ele>
      </trkpt>
      <trkpt lat="36.09838396310806" lon="140.2864659950137">
        <ele>27.74</ele>
      </trkpt>
      <trkpt lat="36.09832797199488" lon="140.286701945588">
        <ele>27.84</ele>
      </trkpt>
      <trkpt lat="36.09826896339655" lon="140.28691492974758">
        <ele>27.92</ele>
      </trkpt>
      <trkpt lat="36.09820794314146" lon="140.2871309313923">
        <ele>27.99</ele>
      </trkpt>
      <trkpt lat="36.09813795424998" lon="140.28734793886542">
        <ele>28.09</ele>
      </trkpt>
      <trkpt lat="36.09806193038821" lon="140.2875759266317">
        <ele>28.18</ele>
      </trkpt>
      <trkpt lat="36.09799294732511" lon="140.28778698295355">
        <ele>28.23</ele>
      </trkpt>
      <trkpt lat="36.097917929291725" lon="140.28800499625504">
        <ele>28.28</ele>
      </trkpt>
      <trkpt lat="36.09784894622862" lon="140.28821295127273">
        <ele>28.35</ele>
      </trkpt>
      <trkpt lat="36.09775791876018" lon="140.28840892016888">
        <ele>28.37</ele>
      </trkpt>
      <trkpt lat="36.09769094735384" lon="140.28860899619758">
        <ele>28.42</ele>
      </trkpt>
      <trkpt lat="36.09760796651244" lon="140.2888429351151">
        <ele>28.51</ele>
      </trkpt>
      <trkpt lat="36.09752397984266" lon="140.28905893675983">
        <ele>28.54</ele>
      </trkpt>
      <trkpt lat="36.09740797430277" lon="140.28927192091942">
        <ele>28.52</ele>
      </trkpt>
      <trkpt lat="36.097314935177565" lon="140.28946596197784">
        <ele>28.5</ele>
      </trkpt>
      <trkpt lat="36.097205970436335" lon="140.28967693448067">
        <ele>28.44</ele>
      </trkpt>
      <trkpt lat="36.097098933532834" lon="140.28986896388233">
        <ele>28.35</ele>
      </trkpt>
      <trkpt lat="36.0970039665699" lon="140.29008194804192">
        <ele>28.28</ele>
      </trkpt>
      <trkpt lat="36.09692299738526" lon="140.2902819402516">
        <ele>28.2</ele>
      </trkpt>
      <trkpt lat="36.09685191884637" lon="140.2905039768666">
        <ele>28.14</ele>
      </trkpt>
      <trkpt lat="36.09678494744003" lon="140.29072894714773">
        <ele>28.08</ele>
      </trkpt>
      <trkpt lat="36.09671898186207" lon="140.2909389976412">
        <ele>28.02</ele>
      </trkpt>
      <trkpt lat="36.096649998798966" lon="140.29116195626557">
        <ele>27.96</ele>
      </trkpt>
      <trkpt lat="36.096582943573594" lon="140.29137996956706">
        <ele>27.9</ele>
      </trkpt>
      <trkpt lat="36.09651295468211" lon="140.29160795733333">
        <ele>27.82</ele>
      </trkpt>
      <trkpt lat="36.09644095413387" lon="140.29182496480644">
        <ele>27.79</ele>
      </trkpt>
      <trkpt lat="36.09637792222202" lon="140.29204599559307">
        <ele>27.77</ele>
      </trkpt>
      <trkpt lat="36.09630893915892" lon="140.2922759950161">
        <ele>27.7</ele>
      </trkpt>
      <trkpt lat="36.096239956095815" lon="140.2924969419837">
        <ele>27.64</ele>
      </trkpt>
      <trkpt lat="36.09618195332587" lon="140.29270799830556">
        <ele>27.58</ele>
      </trkpt>
      <trkpt lat="36.096112970262766" lon="140.29291494749486">
        <ele>27.5</ele>
      </trkpt>
      <trkpt lat="36.096048932522535" lon="140.29312994331121">
        <ele>27.38</ele>
      </trkpt>
      <trkpt lat="36.09597793780267" lon="140.29335793107748">
        <ele>27.27</ele>
      </trkpt>
      <trkpt lat="36.09589998610318" lon="140.2935789618641">
        <ele>27.15</ele>
      </trkpt>
      <trkpt lat="36.09582597389817" lon="140.29380099847913">
        <ele>27.08</ele>
      </trkpt>
      <trkpt lat="36.095765959471464" lon="140.2940239571035">
        <ele>27.05</ele>
      </trkpt>
      <trkpt lat="36.0957089625299" lon="140.29423794709146">
        <ele>27.03</ele>
      </trkpt>
      <trkpt lat="36.095655988901854" lon="140.29446098953485">
        <ele>27.01</ele>
      </trkpt>
      <trkpt lat="36.095592956990004" lon="140.29468897730112">
        <ele>26.97</ele>
      </trkpt>
      <trkpt lat="36.09554291702807" lon="140.29491394758224">
        <ele>26.93</ele>
      </trkpt>
      <trkpt lat="36.09549396671355" lon="140.2951339725405">
        <ele>26.9</ele>
      </trkpt>
      <trkpt lat="36.09545297920704" lon="140.2953509800136">
        <ele>26.91</ele>
      </trkpt>
      <trkpt lat="36.09541391953826" lon="140.29557393863797">
        <ele>26.99</ele>
      </trkpt>
      <trkpt lat="36.09534594230354" lon="140.29581693001091">
        <ele>27.09</ele>
      </trkpt>
      <trkpt lat="36.09528098255396" lon="140.29603896662593">
        <ele>27.14</ele>
      </trkpt>
      <trkpt lat="36.09521392732859" lon="140.29627399519086">
        <ele>27.17</ele>
      </trkpt>
      <trkpt lat="36.09517394565046" lon="140.29650994576514">
        <ele>27.19</ele>
      </trkpt>
      <trkpt lat="36.095122983679175" lon="140.29674497433007">
        <ele>27.21</ele>
      </trkpt>
      <trkpt lat="36.09504193067551" lon="140.2969469781965">
        <ele>27.25</ele>
      </trkpt>
      <trkpt lat="36.094929948449135" lon="140.29713791795075">
        <ele>27.39</ele>
      </trkpt>
      <trkpt lat="36.094822995364666" lon="140.29733799397945">
        <ele>27.56</ele>
      </trkpt>
      <trkpt lat="36.094714952632785" lon="140.2975199650973">
        <ele>27.77</ele>
      </trkpt>
      <trkpt lat="36.09461897984147" lon="140.29771593399346">
        <ele>27.93</ele>
      </trkpt>
      <trkpt lat="36.09451496042311" lon="140.29792196117342">
        <ele>28.1</ele>
      </trkpt>
      <trkpt lat="36.09444295987487" lon="140.2981539722532">
        <ele>28.26</ele>
      </trkpt>
      <trkpt lat="36.094390992075205" lon="140.29837894253433">
        <ele>28.46</ele>
      </trkpt>
      <trkpt lat="36.09435394406319" lon="140.29859997332096">
        <ele>28.68</ele>
      </trkpt>
      <trkpt lat="36.094285966828465" lon="140.29882192611694">
        <ele>28.9</ele>
      </trkpt>
      <trkpt lat="36.094178929924965" lon="140.29900993220508">
        <ele>29.2</ele>
      </trkpt>
      <trkpt lat="36.094067953526974" lon="140.29918896965683">
        <ele>29.55</ele>
      </trkpt>
      <trkpt lat="36.09394398517907" lon="140.29935794882476">
        <ele>29.9</ele>
      </trkpt>
      <trkpt lat="36.093836948275566" lon="140.29953899793327">
        <ele>30.21</ele>
      </trkpt>
      <trkpt lat="36.093707950785756" lon="140.29969892464578">
        <ele>30.4</ele>
      </trkpt>
      <trkpt lat="36.09356897883117" lon="140.29984292574227">
        <ele>30.43</ele>
      </trkpt>
      <trkpt lat="36.09341592527926" lon="140.2999949734658">
        <ele>30.41</ele>
      </trkpt>
      <trkpt lat="36.09326396137476" lon="140.30017694458365">
        <ele>30.38</ele>
      </trkpt>
      <trkpt lat="36.093124989420176" lon="140.30036696232855">
        <ele>30.34</ele>
      </trkpt>
      <trkpt lat="36.09299096278846" lon="140.3005489334464">
        <ele>30.25</ele>
      </trkpt>
      <trkpt lat="36.092863976955414" lon="140.30076099559665">
        <ele>30.11</ele>
      </trkpt>
      <trkpt lat="36.09274998307228" lon="140.30093299224973">
        <ele>29.99</ele>
      </trkpt>
      <trkpt lat="36.092610927298665" lon="140.30112996697426">
        <ele>29.81</ele>
      </trkpt>
      <trkpt lat="36.09248796477914" lon="140.30129299499094">
        <ele>29.69</ele>
      </trkpt>
      <trkpt lat="36.092353938147426" lon="140.30147697776556">
        <ele>29.56</ele>
      </trkpt>
      <trkpt lat="36.092219995334744" lon="140.30166096054018">
        <ele>29.41</ele>
      </trkpt>
      <trkpt lat="36.092094937339425" lon="140.30183496885002">
        <ele>29.24</ele>
      </trkpt>
      <trkpt lat="36.09196895733476" lon="140.30201794579625">
        <ele>29.05</ele>
      </trkpt>
      <trkpt lat="36.091856975108385" lon="140.3021999169141">
        <ele>28.91</ele>
      </trkpt>
      <trkpt lat="36.09174499288201" lon="140.30238892883062">
        <ele>28.73</ele>
      </trkpt>
      <trkpt lat="36.091643990948796" lon="140.3025849815458">
        <ele>28.56</ele>
      </trkpt>
      <trkpt lat="36.09154793433845" lon="140.30279897153378">
        <ele>28.41</ele>
      </trkpt>
      <trkpt lat="36.091450955718756" lon="140.30300592072308">
        <ele>28.27</ele>
      </trkpt>
      <trkpt lat="36.091361939907074" lon="140.3032089304179">
        <ele>28.07</ele>
      </trkpt>
      <trkpt lat="36.091257920488715" lon="140.30342199839652">
        <ele>27.87</ele>
      </trkpt>
      <trkpt lat="36.091168988496065" lon="140.30363196507096">
        <ele>27.73</ele>
      </trkpt>
      <trkpt lat="36.09109095297754" lon="140.3038419317454">
        <ele>27.62</ele>
      </trkpt>
      <trkpt lat="36.091000931337476" lon="140.30405793339014">
        <ele>27.52</ele>
      </trkpt>
      <trkpt lat="36.09091996215284" lon="140.30427393503487">
        <ele>27.4</ele>
      </trkpt>
      <trkpt lat="36.09085592441261" lon="140.30451198108494">
        <ele>27.32</ele>
      </trkpt>
      <trkpt lat="36.09080999158323" lon="140.30474592000246">
        <ele>27.25</ele>
      </trkpt>
      <trkpt lat="36.09075492247939" lon="140.30496795661747">
        <ele>27.23</ele>
      </trkpt>
      <trkpt lat="36.090700943022966" lon="140.3051929268986">
        <ele>27.18</ele>
      </trkpt>
      <trkpt lat="36.09064294025302" lon="140.3054289612919">
        <ele>27.15</ele>
      </trkpt>
      <trkpt lat="36.09057596884668" lon="140.30567094683647">
        <ele>27.09</ele>
      </trkpt>
      <trkpt lat="36.09051595441997" lon="140.30590899288654">
        <ele>27.09</ele>
      </trkpt>
      <trkpt lat="36.09046993777156" lon="140.3061459492892">
        <ele>27.07</ele>
      </trkpt>
      <trkpt lat="36.09043397940695" lon="140.30636999756098">
        <ele>27.11</ele>
      </trkpt>
      <trkpt lat="36.09040799550712" lon="140.30660594813526">
        <ele>27.12</ele>
      </trkpt>
      <trkpt lat="36.090393997728825" lon="140.30683293007314">
        <ele>27.1</ele>
      </trkpt>
      <trkpt lat="36.0903209913522" lon="140.307043986395">
        <ele>27.02</ele>
      </trkpt>
      <trkpt lat="36.09014798887074" lon="140.3071879874915">
        <ele>27.0</ele>
      </trkpt>
      <trkpt lat="36.09002192504704" lon="140.3073589783162">
        <ele>27.11</ele>
      </trkpt>
      <trkpt lat="36.08991698361933" lon="140.3075479902327">
        <ele>27.25</ele>
      </trkpt>
      <trkpt lat="36.089816987514496" lon="140.30776591971517">
        <ele>27.43</ele>
      </trkpt>
      <trkpt lat="36.08974096365273" lon="140.3080009482801">
        <ele>27.57</ele>
      </trkpt>
      <trkpt lat="36.08970592729747" lon="140.3081079851836">
        <ele>27.66</ele>
      </trkpt>
      <trkpt lat="36.08962898142636" lon="140.30833194963634">
        <ele>27.67</ele>
      </trkpt>
      <trkpt lat="36.08956695534289" lon="140.308560943231">
        <ele>27.71</ele>
      </trkpt>
      <trkpt lat="36.089524962008" lon="140.30878398567438">
        <ele>27.79</ele>
      </trkpt>
      <trkpt lat="36.08946695923805" lon="140.30900795012712">
        <ele>27.89</ele>
      </trkpt>
      <trkpt lat="36.089389929547906" lon="140.30921498313546">
        <ele>27.97</ele>
      </trkpt>
      <trkpt lat="36.089280964806676" lon="140.30943593010306">
        <ele>28.01</ele>
      </trkpt>
      <trkpt lat="36.08916495926678" lon="140.3096519317478">
        <ele>27.97</ele>
      </trkpt>
      <trkpt lat="36.089064963161945" lon="140.30984798446298">
        <ele>27.92</ele>
      </trkpt>
      <trkpt lat="36.08894795179367" lon="140.3100399300456">
        <ele>27.86</ele>
      </trkpt>
      <trkpt lat="36.08886295929551" lon="140.31024193391204">
        <ele>27.81</ele>
      </trkpt>
      <trkpt lat="36.08878894709051" lon="140.31045097857714">
        <ele>27.75</ele>
      </trkpt>
      <trkpt lat="36.08870797790587" lon="140.31065792776644">
        <ele>27.67</ele>
      </trkpt>
      <trkpt lat="36.08863899484277" lon="140.31088398769498">
        <ele>27.57</ele>
      </trkpt>
      <trkpt lat="36.08855995349586" lon="140.3110859915614">
        <ele>27.47</ele>
      </trkpt>
      <trkpt lat="36.088502956554294" lon="140.31133191660047">
        <ele>27.34</ele>
      </trkpt>
      <trkpt lat="36.08844998292625" lon="140.31155093573034">
        <ele>27.17</ele>
      </trkpt>
      <trkpt lat="36.088398937135935" lon="140.31182192265987">
        <ele>26.93</ele>
      </trkpt>
      <trkpt lat="36.088356943801045" lon="140.31203993596137">
        <ele>26.6</ele>
      </trkpt>
      <trkpt lat="36.08834797516465" lon="140.31228996813297">
        <ele>26.22</ele>
      </trkpt>
      <trkpt lat="36.08834898099303" lon="140.3125149384141">
        <ele>25.78</ele>
      </trkpt>
      <trkpt lat="36.08834797516465" lon="140.3127459436655">
        <ele>25.36</ele>
      </trkpt>
      <trkpt lat="36.088357949629426" lon="140.31299999915063">
        <ele>24.91</ele>
      </trkpt>
      <trkpt lat="36.08837898820639" lon="140.3132369555533">
        <ele>24.42</ele>
      </trkpt>
      <trkpt lat="36.0884059779346" lon="140.31347097828984">
        <ele>23.86</ele>
      </trkpt>
      <trkpt lat="36.088439924642444" lon="140.31369695439935">
        <ele>23.27</ele>
      </trkpt>
      <trkpt lat="36.088480995967984" lon="140.31393692828715">
        <ele>22.64</ele>
      </trkpt>
      <trkpt lat="36.088522989302874" lon="140.31417296268046">
        <ele>21.99</ele>
      </trkpt>
      <trkpt lat="36.08855693601072" lon="140.31439893878996">
        <ele>21.31</ele>
      </trkpt>
      <trkpt lat="36.0885769687593" lon="140.31463497318327">
        <ele>20.6</ele>
      </trkpt>
      <trkpt lat="36.08861896209419" lon="140.31486799009144">
        <ele>19.87</ele>
      </trkpt>
      <trkpt lat="36.08866196125746" lon="140.31510796397924">
        <ele>19.11</ele>
      </trkpt>
      <trkpt lat="36.088720969855785" lon="140.3153499495238">
        <ele>18.27</ele>
      </trkpt>
      <trkpt lat="36.08874997124076" lon="140.31559193506837">
        <ele>17.42</ele>
      </trkpt>
      <trkpt lat="36.08874594792724" lon="140.31585697084665">
        <ele>16.58</ele>
      </trkpt>
      <trkpt lat="36.08875097706914" lon="140.31610096804798">
        <ele>15.75</ele>
      </trkpt>
      <trkpt lat="36.088744942098856" lon="140.31633197329938">
        <ele>14.93</ele>
      </trkpt>
      <trkpt lat="36.088737985119224" lon="140.31657999381423">
        <ele>14.12</ele>
      </trkpt>
      <trkpt lat="36.08875994570553" lon="140.3168169502169">
        <ele>13.29</ele>
      </trkpt>
      <trkpt lat="36.08877193182707" lon="140.31707695685327">
        <ele>12.44</ele>
      </trkpt>
      <trkpt lat="36.08877997845411" lon="140.31730997376144">
        <ele>11.66</ele>
      </trkpt>
      <trkpt lat="36.08877796679735" lon="140.31753695569932">
        <ele>10.97</ele>
      </trkpt>
      <trkpt lat="36.088782995939255" lon="140.31777399592102">
        <ele>10.38</ele>
      </trkpt>
      <trkpt lat="36.08877997845411" lon="140.31801799312234">
        <ele>9.82</ele>
      </trkpt>
      <trkpt lat="36.08881392516196" lon="140.31823894008994">
        <ele>9.34</ele>
      </trkpt>
      <trkpt lat="36.08885591849685" lon="140.3184579592198">
        <ele>8.9</ele>
      </trkpt>
      <trkpt lat="36.088933954015374" lon="140.31869097612798">
        <ele>8.56</ele>
      </trkpt>
      <trkpt lat="36.088958932086825" lon="140.3187639825046">
        <ele>8.3</ele>
      </trkpt>
      <trkpt lat="36.089062951505184" lon="140.318957939744">
        <ele>8.14</ele>
      </trkpt>
      <trkpt lat="36.089173927903175" lon="140.31915499828756">
        <ele>8.05</ele>
      </trkpt>
      <trkpt lat="36.0892849881202" lon="140.31935297884047">
        <ele>8.0</ele>
      </trkpt>
      <trkpt lat="36.089385990053415" lon="140.3195689804852">
        <ele>8.07</ele>
      </trkpt>
      <trkpt lat="36.08945991843939" lon="140.31978297047317">
        <ele>8.19</ele>
      </trkpt>
      <trkpt lat="36.08949897810817" lon="140.32000391744077">
        <ele>8.37</ele>
      </trkpt>
      <trkpt lat="36.08950895257294" lon="140.32023693434894">
        <ele>8.58</ele>
      </trkpt>
      <trkpt lat="36.089473916217685" lon="140.32047397457063">
        <ele>8.8</ele>
      </trkpt>
      <trkpt lat="36.08941993676126" lon="140.32068897038698">
        <ele>9.1</ele>
      </trkpt>
      <trkpt lat="36.0893349442631" lon="140.32089097425342">
        <ele>9.4</ele>
      </trkpt>
      <trkpt lat="36.089276941493154" lon="140.32112591899931">
        <ele>9.75</ele>
      </trkpt>
      <trkpt lat="36.08922296203673" lon="140.32135893590748">
        <ele>10.1</ele>
      </trkpt>
      <trkpt lat="36.08915397897363" lon="140.32159295864403">
        <ele>10.48</ele>
      </trkpt>
      <trkpt lat="36.08907795511186" lon="140.32180795446038">
        <ele>10.95</ele>
      </trkpt>
      <trkpt lat="36.08900796622038" lon="140.32203099690378">
        <ele>11.48</ele>
      </trkpt>
      <trkpt lat="36.088957926258445" lon="140.32225797884166">
        <ele>12.02</ele>
      </trkpt>
      <trkpt lat="36.08888399787247" lon="140.32247993163764">
        <ele>12.61</ele>
      </trkpt>
      <trkpt lat="36.08881895430386" lon="140.32272099517286">
        <ele>13.3</ele>
      </trkpt>
      <trkpt lat="36.088747959584" lon="140.3229359909892">
        <ele>14.0</ele>
      </trkpt>
      <trkpt lat="36.08867394737899" lon="140.32315199263394">
        <ele>14.74</ele>
      </trkpt>
      <trkpt lat="36.088613932952285" lon="140.32337595708668">
        <ele>15.5</ele>
      </trkpt>
      <trkpt lat="36.08856397680938" lon="140.3236249834299">
        <ele>16.26</ele>
      </trkpt>
      <trkpt lat="36.08853396959603" lon="140.3238519653678">
        <ele>17.08</ele>
      </trkpt>
      <trkpt lat="36.088548973202705" lon="140.32410392537713">
        <ele>17.92</ele>
      </trkpt>
      <trkpt lat="36.08858392573893" lon="140.32434792257845">
        <ele>18.79</ele>
      </trkpt>
      <trkpt lat="36.08864192850888" lon="140.3245729766786">
        <ele>19.63</ele>
      </trkpt>
      <trkpt lat="36.088743936270475" lon="140.32477992586792">
        <ele>20.48</ele>
      </trkpt>
      <trkpt lat="36.088872933760285" lon="140.324951922521">
        <ele>21.28</ele>
      </trkpt>
      <trkpt lat="36.08901693485677" lon="140.32511495053768">
        <ele>22.05</ele>
      </trkpt>
      <trkpt lat="36.08914299868047" lon="140.32527395524085">
        <ele>22.81</ele>
      </trkpt>
      <trkpt lat="36.089280964806676" lon="140.32545994967222">
        <ele>23.53</ele>
      </trkpt>
      <trkpt lat="36.089407950639725" lon="140.32564896158874">
        <ele>24.15</ele>
      </trkpt>
      <trkpt lat="36.08956695534289" lon="140.32579991966486">
        <ele>24.68</ele>
      </trkpt>
      <trkpt lat="36.08972193673253" lon="140.32595498487353">
        <ele>25.13</ele>
      </trkpt>
      <trkpt lat="36.089901980012655" lon="140.32606093212962">
        <ele>25.56</ele>
      </trkpt>
      <trkpt lat="36.090091997757554" lon="140.32616293989122">
        <ele>25.98</ele>
      </trkpt>
      <trkpt lat="36.09026198275387" lon="140.3262439928949">
        <ele>26.4</ele>
      </trkpt>
      <trkpt lat="36.09045191667974" lon="140.32632999122143">
        <ele>26.81</ele>
      </trkpt>
      <trkpt lat="36.09062399715185" lon="140.32642395235598">
        <ele>27.24</ele>
      </trkpt>
      <trkpt lat="36.09079993329942" lon="140.32649092376232">
        <ele>27.6</ele>
      </trkpt>
      <trkpt lat="36.09097293578088" lon="140.3265529498458">
        <ele>27.88</ele>
      </trkpt>
      <trkpt lat="36.0911619476974" lon="140.3266399540007">
        <ele>28.1</ele>
      </trkpt>
      <trkpt lat="36.09133092686534" lon="140.32676794566214">
        <ele>28.26</ele>
      </trkpt>
      <trkpt lat="36.09148599207401" lon="140.32693097367883">
        <ele>28.36</ele>
      </trkpt>
      <trkpt lat="36.09161398373544" lon="140.32712493091822">
        <ele>28.44</ele>
      </trkpt>
      <trkpt lat="36.09173694625497" lon="140.3273249231279">
        <ele>28.51</ele>
      </trkpt>
      <trkpt lat="36.09175496734679" lon="140.32735895365477">
        <ele>28.53</ele>
      </trkpt>
      <trkpt lat="36.09186694957316" lon="140.32755098305643">
        <ele>28.53</ele>
      </trkpt>
      <trkpt lat="36.09197499230504" lon="140.32775793224573">
        <ele>28.5</ele>
      </trkpt>
      <trkpt lat="36.09206895343959" lon="140.3279689885676">
        <ele>28.45</ele>
      </trkpt>
      <trkpt lat="36.09215092845261" lon="140.32818499021232">
        <ele>28.41</ele>
      </trkpt>
      <trkpt lat="36.09223399311304" lon="140.32839093357325">
        <ele>28.31</ele>
      </trkpt>
      <trkpt lat="36.092299958691" lon="140.32860995270312">
        <ele>28.17</ele>
      </trkpt>
      <trkpt lat="36.092371959239244" lon="140.32881698571146">
        <ele>28.03</ele>
      </trkpt>
      <trkpt lat="36.09245292842388" lon="140.32902292907238">
        <ele>27.86</ele>
      </trkpt>
      <trkpt lat="36.092521995306015" lon="140.32923499122262">
        <ele>27.72</ele>
      </trkpt>
      <trkpt lat="36.09259692952037" lon="140.32945493236184">
        <ele>27.56</ele>
      </trkpt>
      <trkpt lat="36.09265694394708" lon="140.3296829201281">
        <ele>27.38</ele>
      </trkpt>
      <trkpt lat="36.09268795698881" lon="140.32991694286466">
        <ele>27.17</ele>
      </trkpt>
      <trkpt lat="36.09270497225225" lon="140.33014694228768">
        <ele>26.94</ele>
      </trkpt>
      <trkpt lat="36.09272793866694" lon="140.33038096502423">
        <ele>26.77</ele>
      </trkpt>
      <trkpt lat="36.09276993200183" lon="140.3306039236486">
        <ele>26.63</ele>
      </trkpt>
      <trkpt lat="36.09279792755842" lon="140.33083291724324">
        <ele>26.48</ele>
      </trkpt>
      <trkpt lat="36.09283899888396" lon="140.33106492832303">
        <ele>26.34</ele>
      </trkpt>
      <trkpt lat="36.09289398416877" lon="140.33128696493804">
        <ele>26.2</ele>
      </trkpt>
      <trkpt lat="36.09294192865491" lon="140.33150799572468">
        <ele>26.07</ele>
      </trkpt>
      <trkpt lat="36.09298794530332" lon="140.33172894269228">
        <ele>25.95</ele>
      </trkpt>
      <trkpt lat="36.09304997138679" lon="140.33195592463017">
        <ele>25.84</ele>
      </trkpt>
      <trkpt lat="36.09311392530799" lon="140.33217293210328">
        <ele>25.72</ele>
      </trkpt>
      <trkpt lat="36.09318592585623" lon="140.33240695483983">
        <ele>25.65</ele>
      </trkpt>
      <trkpt lat="36.0932669788599" lon="140.33260895870626">
        <ele>25.55</ele>
      </trkpt>
      <trkpt lat="36.09333495609462" lon="140.33285396173596">
        <ele>25.47</ele>
      </trkpt>
      <trkpt lat="36.09341097995639" lon="140.3330699633807">
        <ele>25.45</ele>
      </trkpt>
      <trkpt lat="36.09346495941281" lon="140.33329694531858">
        <ele>25.5</ele>
      </trkpt>
      <trkpt lat="36.09354995191097" lon="140.3335329797119">
        <ele>25.51</ele>
      </trkpt>
      <trkpt lat="36.093620946630836" lon="140.33374294638634">
        <ele>25.49</ele>
      </trkpt>
      <trkpt lat="36.09372295439243" lon="140.33393095247447">
        <ele>25.47</ele>
      </trkpt>
      <trkpt lat="36.093833930790424" lon="140.3341109957546">
        <ele>25.47</ele>
      </trkpt>
      <trkpt lat="36.09393099322915" lon="140.33431392163038">
        <ele>25.58</ele>
      </trkpt>
      <trkpt lat="36.094006933271885" lon="140.33451994881034">
        <ele>25.69</ele>
      </trkpt>
      <trkpt lat="36.094090919941664" lon="140.33472195267677">
        <ele>25.79</ele>
      </trkpt>
      <trkpt lat="36.09416099265218" lon="140.33494591712952">
        <ele>25.85</ele>
      </trkpt>
      <trkpt lat="36.094216983765364" lon="140.33517298288643">
        <ele>25.89</ele>
      </trkpt>
      <trkpt lat="36.09424497932196" lon="140.33541396260262">
        <ele>25.98</ele>
      </trkpt>
      <trkpt lat="36.094179935753345" lon="140.33563499338925">
        <ele>26.15</ele>
      </trkpt>
      <trkpt lat="36.09407792799175" lon="140.3358529228717">
        <ele>26.27</ele>
      </trkpt>
      <trkpt lat="36.093983966857195" lon="140.33607697114348">
        <ele>26.45</ele>
      </trkpt>
      <trkpt lat="36.09387198463082" lon="140.33629498444498">
        <ele>26.59</ele>
      </trkpt>
      <trkpt lat="36.093769976869226" lon="140.3364869300276">
        <ele>26.77</ele>
      </trkpt>
      <trkpt lat="36.093663945794106" lon="140.3366679791361">
        <ele>26.98</ele>
      </trkpt>
      <trkpt lat="36.09355992637575" lon="140.33687392249703">
        <ele>27.17</ele>
      </trkpt>
      <trkpt lat="36.09345892444253" lon="140.3370749205351">
        <ele>27.37</ele>
      </trkpt>
      <trkpt lat="36.09334895387292" lon="140.33727692440152">
        <ele>27.6</ele>
      </trkpt>
      <trkpt lat="36.09322297386825" lon="140.3374589793384">
        <ele>27.84</ele>
      </trkpt>
      <trkpt lat="36.093084923923016" lon="140.33764698542655">
        <ele>28.08</ele>
      </trkpt>
      <trkpt lat="36.09294695779681" lon="140.33781395293772">
        <ele>28.26</ele>
      </trkpt>
      <trkpt lat="36.09280999749899" lon="140.33796591684222">
        <ele>28.44</ele>
      </trkpt>
      <trkpt lat="36.092671947553754" lon="140.33812592737377">
        <ele>28.64</ele>
      </trkpt>
      <trkpt lat="36.09253297559917" lon="140.3382869437337">
        <ele>28.87</ele>
      </trkpt>
      <trkpt lat="36.09240297228098" lon="140.33844091929495">
        <ele>29.13</ele>
      </trkpt>
      <trkpt lat="36.092261988669634" lon="140.3386009298265">
        <ele>29.41</ele>
      </trkpt>
      <trkpt lat="36.092139948159456" lon="140.33876395784318">
        <ele>29.61</ele>
      </trkpt>
      <trkpt lat="36.09202595427632" lon="140.33895095810294">
        <ele>29.84</ele>
      </trkpt>
      <trkpt lat="36.091900980100036" lon="140.3391569852829">
        <ele>30.02</ele>
      </trkpt>
      <trkpt lat="36.09180198982358" lon="140.33934599719942">
        <ele>30.14</ele>
      </trkpt>
      <trkpt lat="36.09169797040522" lon="140.33952997997403">
        <ele>30.26</ele>
      </trkpt>
      <trkpt lat="36.091578947380185" lon="140.33972896635532">
        <ele>30.38</ele>
      </trkpt>
      <trkpt lat="36.09147895127535" lon="140.33994999714196">
        <ele>30.56</ele>
      </trkpt>
      <trkpt lat="36.09137996099889" lon="140.34014395438135">
        <ele>30.68</ele>
      </trkpt>
      <trkpt lat="36.091276947408915" lon="140.34033196046948">
        <ele>30.83</ele>
      </trkpt>
      <trkpt lat="36.091172927990556" lon="140.34053195267916">
        <ele>30.92</ele>
      </trkpt>
      <trkpt lat="36.09106999821961" lon="140.34074896015227">
        <ele>30.92</ele>
      </trkpt>
      <trkpt lat="36.09097997657955" lon="140.3409699909389">
        <ele>30.82</ele>
      </trkpt>
      <trkpt lat="36.09088098630309" lon="140.34116495400667">
        <ele>30.7</ele>
      </trkpt>
      <trkpt lat="36.09077797271311" lon="140.34137994982302">
        <ele>30.59</ele>
      </trkpt>
      <trkpt lat="36.09068392775953" lon="140.34157893620431">
        <ele>30.48</ele>
      </trkpt>
      <trkpt lat="36.09058099798858" lon="140.34179493784904">
        <ele>30.37</ele>
      </trkpt>
      <trkpt lat="36.09051796607673" lon="140.3420099336654">
        <ele>30.2</ele>
      </trkpt>
      <trkpt lat="36.09043397940695" lon="140.34221998415887">
        <ele>30.03</ele>
      </trkpt>
      <trkpt lat="36.09034295193851" lon="140.34242492169142">
        <ele>29.89</ele>
      </trkpt>
      <trkpt lat="36.090226946398616" lon="140.34262198023498">
        <ele>29.73</ele>
      </trkpt>
      <trkpt lat="36.09012996777892" lon="140.3428189549595">
        <ele>29.52</ele>
      </trkpt>
      <trkpt lat="36.090008933097124" lon="140.34301299601793">
        <ele>29.31</ele>
      </trkpt>
      <trkpt lat="36.08988395892084" lon="140.34320997074246">
        <ele>29.14</ele>
      </trkpt>
      <trkpt lat="36.08977792784572" lon="140.3434249665588">
        <ele>28.97</ele>
      </trkpt>
      <trkpt lat="36.089709950610995" lon="140.3436189237982">
        <ele>28.78</ele>
      </trkpt>
      <trkpt lat="36.08961892314255" lon="140.34383593127131">
        <ele>28.6</ele>
      </trkpt>
      <trkpt lat="36.089538959786296" lon="140.34404799342155">
        <ele>28.44</ele>
      </trkpt>
      <trkpt lat="36.08944793231785" lon="140.3442439623177">
        <ele>28.3</ele>
      </trkpt>
      <trkpt lat="36.08933192677796" lon="140.34443297423422">
        <ele>28.08</ele>
      </trkpt>
      <trkpt lat="36.089210975915194" lon="140.34463992342353">
        <ele>27.9</ele>
      </trkpt>
      <trkpt lat="36.089087929576635" lon="140.3448509797454">
        <ele>27.74</ele>
      </trkpt>
      <trkpt lat="36.08897091820836" lon="140.34505499526858">
        <ele>27.68</ele>
      </trkpt>
      <trkpt lat="36.08884493820369" lon="140.3452619444579">
        <ele>27.62</ele>
      </trkpt>
      <trkpt lat="36.088737985119224" lon="140.3454699832946">
        <ele>27.57</ele>
      </trkpt>
      <trkpt lat="36.08863798901439" lon="140.34566595219076">
        <ele>27.49</ele>
      </trkpt>
      <trkpt lat="36.088525922968984" lon="140.34584993496537">
        <ele>27.45</ele>
      </trkpt>
      <trkpt lat="36.08841092325747" lon="140.346070965752">
        <ele>27.38</ele>
      </trkpt>
      <trkpt lat="36.08830195851624" lon="140.34627699293196">
        <ele>27.36</ele>
      </trkpt>
      <trkpt lat="36.08819299377501" lon="140.34647991880774">
        <ele>27.33</ele>
      </trkpt>
      <trkpt lat="36.08815594576299" lon="140.34654999151826">
        <ele>27.3</ele>
      </trkpt>
      <trkpt lat="36.088056955486536" lon="140.34674394875765">
        <ele>27.27</ele>
      </trkpt>
      <trkpt lat="36.08796391636133" lon="140.34694293513894">
        <ele>27.25</ele>
      </trkpt>
      <trkpt lat="36.08786299824715" lon="140.34714099951088">
        <ele>27.26</ele>
      </trkpt>
      <trkpt lat="36.0877669416368" lon="140.34735398367047">
        <ele>27.27</ele>
      </trkpt>
      <trkpt lat="36.08767298050225" lon="140.34755498170853">
        <ele>27.29</ele>
      </trkpt>
      <trkpt lat="36.08757399022579" lon="140.34777592867613">
        <ele>27.33</ele>
      </trkpt>
      <trkpt lat="36.08747893944383" lon="140.34798396751285">
        <ele>27.38</ele>
      </trkpt>
      <trkpt lat="36.087385984137654" lon="140.348179936409">
        <ele>27.43</ele>
      </trkpt>
      <trkpt lat="36.08728799968958" lon="140.34839593805373">
        <ele>27.48</ele>
      </trkpt>
      <trkpt lat="36.08718297444284" lon="140.34861696884036">
        <ele>27.56</ele>
      </trkpt>
      <trkpt lat="36.0870779491961" lon="140.34881997853518">
        <ele>27.67</ele>
      </trkpt>
      <trkpt lat="36.08697099611163" lon="140.34902499988675">
        <ele>27.68</ele>
      </trkpt>
      <trkpt lat="36.086828922852874" lon="140.34918492659926">
        <ele>27.68</ele>
      </trkpt>
      <trkpt lat="36.08670797199011" lon="140.34935298375785">
        <ele>27.66</ele>
      </trkpt>
      <trkpt lat="36.086570927873254" lon="140.3495129942894">
        <ele>27.61</ele>
      </trkpt>
      <trkpt lat="36.08640999533236" lon="140.34964794293046">
        <ele>27.61</ele>
      </trkpt>
      <trkpt lat="36.086250990629196" lon="140.34978297539055">
        <ele>27.62</ele>
      </trkpt>
      <trkpt lat="36.08610698953271" lon="140.34992798231542">
        <ele>27.67</ele>
      </trkpt>
      <trkpt lat="36.08595997095108" lon="140.3500719834119">
        <ele>27.74</ele>
      </trkpt>
      <trkpt lat="36.08580297790468" lon="140.35021699033678">
        <ele>27.8</ele>
      </trkpt>
      <trkpt lat="36.085651936009526" lon="140.35035093314946">
        <ele>27.84</ele>
      </trkpt>
      <trkpt lat="36.08548295684159" lon="140.35047599114478">
        <ele>27.81</ele>
      </trkpt>
      <trkpt lat="36.085303919389844" lon="140.3506039828062">
        <ele>27.78</ele>
      </trkpt>
      <trkpt lat="36.085133934393525" lon="140.3507089242339">
        <ele>27.78</ele>
      </trkpt>
      <trkpt lat="36.08495296910405" lon="140.35083792172372">
        <ele>27.79</ele>
      </trkpt>
      <trkpt lat="36.08480092138052" lon="140.35095895640552">
        <ele>27.83</ele>
      </trkpt>
      <trkpt lat="36.08465096913278" lon="140.3511229902506">
        <ele>27.93</ele>
      </trkpt>
      <trkpt lat="36.08450395055115" lon="140.35130395554006">
        <ele>28.08</ele>
      </trkpt>
      <trkpt lat="36.08438794501126" lon="140.3514829929918">
        <ele>28.26</ele>
      </trkpt>
      <trkpt lat="36.08429993502796" lon="140.35167996771634">
        <ele>28.4</ele>
      </trkpt>
      <trkpt lat="36.08422198332846" lon="140.35190099850297">
        <ele>28.43</ele>
      </trkpt>
      <trkpt lat="36.0841509886086" lon="140.35211792215705">
        <ele>28.45</ele>
      </trkpt>
      <trkpt lat="36.084078988060355" lon="140.35233694128692">
        <ele>28.51</ele>
      </trkpt>
      <trkpt lat="36.084035988897085" lon="140.3525839559734">
        <ele>28.54</ele>
      </trkpt>
      <trkpt lat="36.083990978077054" lon="140.3528139553964">
        <ele>28.57</ele>
      </trkpt>
      <trkpt lat="36.083906991407275" lon="140.35302794538438">
        <ele>28.57</ele>
      </trkpt>
      <trkpt lat="36.08382795006037" lon="140.35323196090758">
        <ele>28.54</ele>
      </trkpt>
      <trkpt lat="36.08372493647039" lon="140.3534489683807">
        <ele>28.53</ele>
      </trkpt>
      <trkpt lat="36.08359895646572" lon="140.35362297669053">
        <ele>28.59</ele>
      </trkpt>
      <trkpt lat="36.08346392400563" lon="140.35379799082875">
        <ele>28.63</ele>
      </trkpt>
      <trkpt lat="36.08330097980797" lon="140.3539529722184">
        <ele>28.61</ele>
      </trkpt>
      <trkpt lat="36.08313795179129" lon="140.35411097109318">
        <ele>28.53</ele>
      </trkpt>
      <trkpt lat="36.082960925996304" lon="140.35425497218966">
        <ele>28.39</ele>
      </trkpt>
      <trkpt lat="36.0828039329499" lon="140.35438598133624">
        <ele>28.21</ele>
      </trkpt>
      <trkpt lat="36.08264492824674" lon="140.35449394024909">
        <ele>28.08</ele>
      </trkpt>
      <trkpt lat="36.082464968785644" lon="140.3546229377389">
        <ele>28.03</ele>
      </trkpt>
      <trkpt lat="36.08240897767246" lon="140.3546599857509">
        <ele>27.96</ele>
      </trkpt>
      <trkpt lat="36.082229940220714" lon="140.35479594022036">
        <ele>27.92</ele>
      </trkpt>
      <trkpt lat="36.08208795078099" lon="140.35494497045875">
        <ele>27.86</ele>
      </trkpt>
      <trkpt lat="36.08196197077632" lon="140.35511998459697">
        <ele>27.8</ele>
      </trkpt>
      <trkpt lat="36.081846971064806" lon="140.35530597902834">
        <ele>27.69</ele>
      </trkpt>
      <trkpt lat="36.081737922504544" lon="140.35548895597458">
        <ele>27.57</ele>
      </trkpt>
      <trkpt lat="36.08162493444979" lon="140.3556729387492">
        <ele>27.41</ele>
      </trkpt>
      <trkpt lat="36.08149694278836" lon="140.35583697259426">
        <ele>27.3</ele>
      </trkpt>
      <trkpt lat="36.08136693947017" lon="140.35602196119726">
        <ele>27.29</ele>
      </trkpt>
      <trkpt lat="36.08121992088854" lon="140.3561549820006">
        <ele>27.29</ele>
      </trkpt>
      <trkpt lat="36.08106795698404" lon="140.35628297366202">
        <ele>27.27</ele>
      </trkpt>
      <trkpt lat="36.0808889195323" lon="140.35641792230308">
        <ele>27.22</ele>
      </trkpt>
      <trkpt lat="36.080728992819786" lon="140.35654197447002">
        <ele>27.21</ele>
      </trkpt>
      <trkpt lat="36.08056898228824" lon="140.35667398944497">
        <ele>27.19</ele>
      </trkpt>
      <trkpt lat="36.08039597980678" lon="140.35681195557117">
        <ele>27.17</ele>
      </trkpt>
      <trkpt lat="36.08024694956839" lon="140.35696299746633">
        <ele>27.08</ele>
      </trkpt>
      <trkpt lat="36.08011292293668" lon="140.3571209963411">
        <ele>27.01</ele>
      </trkpt>
      <trkpt lat="36.08000798150897" lon="140.35730196163058">
        <ele>26.94</ele>
      </trkpt>
      <trkpt lat="36.079910919070244" lon="140.35749197937548">
        <ele>26.88</ele>
      </trkpt>
      <trkpt lat="36.079803965985775" lon="140.35767193883657">
        <ele>26.86</ele>
      </trkpt>
      <trkpt lat="36.07964797876775" lon="140.35784494131804">
        <ele>26.9</ele>
      </trkpt>
      <trkpt lat="36.07949995435774" lon="140.357984919101">
        <ele>26.92</ele>
      </trkpt>
      <trkpt lat="36.07934296131134" lon="140.35811198875308">
        <ele>26.94</ele>
      </trkpt>
      <trkpt lat="36.079162918031216" lon="140.35821894183755">
        <ele>26.98</ele>
      </trkpt>
      <trkpt lat="36.078967954963446" lon="140.35829999484122">
        <ele>27.01</ele>
      </trkpt>
      <trkpt lat="36.07880593277514" lon="140.35841893404722">
        <ele>27.02</ele>
      </trkpt>
      <trkpt lat="36.0786559805274" lon="140.35857995040715">
        <ele>26.98</ele>
      </trkpt>
      <trkpt lat="36.07853293418884" lon="140.35877499729395">
        <ele>26.9</ele>
      </trkpt>
      <trkpt lat="36.078429920598865" lon="140.35899695008993">
        <ele>26.75</ele>
      </trkpt>
      <trkpt lat="36.07837493531406" lon="140.35922594368458">
        <ele>26.68</ele>
      </trkpt>
      <trkpt lat="36.078322967514396" lon="140.35945996642113">
        <ele>26.67</ele>
      </trkpt>
      <trkpt lat="36.078276950865984" lon="140.35968493670225">
        <ele>26.64</ele>
      </trkpt>
      <trkpt lat="36.078210985288024" lon="140.3599269222468">
        <ele>26.47</ele>
      </trkpt>
      <trkpt lat="36.07814393006265" lon="140.36014191806316">
        <ele>26.22</ele>
      </trkpt>
      <trkpt lat="36.07807394117117" lon="140.3603679779917">
        <ele>25.9</ele>
      </trkpt>
      <trkpt lat="36.077995989471674" lon="140.3606079518795">
        <ele>25.66</ele>
      </trkpt>
      <trkpt lat="36.077933963388205" lon="140.36082797683775">
        <ele>25.44</ele>
      </trkpt>
      <trkpt lat="36.077870931476355" lon="140.36104599013925">
        <ele>25.23</ele>
      </trkpt>
      <trkpt lat="36.07781393453479" lon="140.3612649254501">
        <ele>25.03</ele>
      </trkpt>
      <trkpt lat="36.07775593176484" lon="140.3615009598434">
        <ele>24.91</ele>
      </trkpt>
      <trkpt lat="36.077700946480036" lon="140.3617189731449">
        <ele>24.82</ele>
      </trkpt>
      <trkpt lat="36.07763799838722" lon="140.36196498200297">
        <ele>24.71</ele>
      </trkpt>
      <trkpt lat="36.07756197452545" lon="140.36218592897058">
        <ele>24.58</ele>
      </trkpt>
      <trkpt lat="36.077486956492066" lon="140.3624079655856">
        <ele>24.45</ele>
      </trkpt>
      <trkpt lat="36.077417973428965" lon="140.36263092420995">
        <ele>24.35</ele>
      </trkpt>
      <trkpt lat="36.07734094373882" lon="140.36284499801695">
        <ele>24.3</ele>
      </trkpt>
      <trkpt lat="36.07727891765535" lon="140.36306493915617">
        <ele>24.29</ele>
      </trkpt>
      <trkpt lat="36.07721395790577" lon="140.36328295245767">
        <ele>24.32</ele>
      </trkpt>
      <trkpt lat="36.07714497484267" lon="140.3635069169104">
        <ele>24.44</ele>
      </trkpt>
      <trkpt lat="36.07707196846604" lon="140.36374596878886">
        <ele>24.6</ele>
      </trkpt>
      <trkpt lat="36.07700097374618" lon="140.36397697404027">
        <ele>24.81</ele>
      </trkpt>
      <trkpt lat="36.07693894766271" lon="140.36422692239285">
        <ele>25.02</ele>
      </trkpt>
      <trkpt lat="36.07687197625637" lon="140.36446295678616">
        <ele>25.25</ele>
      </trkpt>
      <trkpt lat="36.07684699818492" lon="140.3646869212389">
        <ele>25.47</ele>
      </trkpt>
      <trkpt lat="36.076837945729494" lon="140.36472095176578">
        <ele>25.66</ele>
      </trkpt>
      <trkpt lat="36.07676292769611" lon="140.36493393592536">
        <ele>25.91</ele>
      </trkpt>
      <trkpt lat="36.07671892270446" lon="140.36515597254038">
        <ele>26.15</ele>
      </trkpt>
      <trkpt lat="36.07665999792516" lon="140.36539393477142">
        <ele>26.34</ele>
      </trkpt>
      <trkpt lat="36.07656897045672" lon="140.36559199914336">
        <ele>26.54</ele>
      </trkpt>
      <trkpt lat="36.076430920511484" lon="140.365746980533">
        <ele>26.7</ele>
      </trkpt>
      <trkpt lat="36.07627493329346" lon="140.3659179713577">
        <ele>26.82</ele>
      </trkpt>
      <trkpt lat="36.07613797299564" lon="140.36607395857573">
        <ele>26.92</ele>
      </trkpt>
      <trkpt lat="36.07600998133421" lon="140.3662329632789">
        <ele>27.06</ele>
      </trkpt>
      <trkpt lat="36.075824992731214" lon="140.36635198630393">
        <ele>27.21</ele>
      </trkpt>
      <trkpt lat="36.075636986643076" lon="140.36643697880208">
        <ele>27.32</ele>
      </trkpt>
      <trkpt lat="36.0754819214344" lon="140.36657695658505">
        <ele>27.42</ele>
      </trkpt>
      <trkpt lat="36.07535099610686" lon="140.36676093935966">
        <ele>27.54</ele>
      </trkpt>
      <trkpt lat="36.0752419475466" lon="140.36695699207485">
        <ele>27.66</ele>
      </trkpt>
      <trkpt lat="36.07513398863375" lon="140.36718397401273">
        <ele>27.72</ele>
      </trkpt>
      <trkpt lat="36.075036926195025" lon="140.36738094873726">
        <ele>27.75</ele>
      </trkpt>
      <trkpt lat="36.074948916211724" lon="140.36757892929018">
        <ele>27.8</ele>
      </trkpt>
      <trkpt lat="36.07482695952058" lon="140.367781938985">
        <ele>27.81</ele>
      </trkpt>
      <trkpt lat="36.074709948152304" lon="140.36796893924475">
        <ele>27.82</ele>
      </trkpt>
      <trkpt lat="36.07458698563278" lon="140.36814495921135">
        <ele>27.86</ele>
      </trkpt>
      <trkpt lat="36.07449394650757" lon="140.36833598278463">
        <ele>27.91</ele>
      </trkpt>
      <trkpt lat="36.07440392486751" lon="140.36854192614555">
        <ele>27.97</ele>
      </trkpt>
      <trkpt lat="36.07435195706785" lon="140.36876094527543">
        <ele>27.97</ele>
      </trkpt>
      <trkpt lat="36.074305940419436" lon="140.3689989913255">
        <ele>27.92</ele>
      </trkpt>
      <trkpt lat="36.074262941256166" lon="140.3692339360714">
        <ele>27.86</ele>
      </trkpt>
      <trkpt lat="36.07423393987119" lon="140.3694709762931">
        <ele>27.79</ele>
      </trkpt>
      <trkpt lat="36.074216924607754" lon="140.36972092464566">
        <ele>27.77</ele>
      </trkpt>
      <trkpt lat="36.07419898733497" lon="140.36996793933213">
        <ele>27.86</ele>
      </trkpt>
      <trkpt lat="36.07418096624315" lon="140.37022098898888">
        <ele>27.97</ele>
      </trkpt>
      <trkpt lat="36.074175937101245" lon="140.3704729489982">
        <ele>28.08</ele>
      </trkpt>
      <trkpt lat="36.07418096624315" lon="140.37070596590638">
        <ele>28.18</ele>
      </trkpt>
      <trkpt lat="36.074193958193064" lon="140.37096295505762">
        <ele>28.23</ele>
      </trkpt>
      <trkpt lat="36.07419999316335" lon="140.3711949661374">
        <ele>28.25</ele>
      </trkpt>
      <trkpt lat="36.07422396540642" lon="140.37142295390368">
        <ele>28.26</ele>
      </trkpt>
      <trkpt lat="36.07425095513463" lon="140.37164691835642">
        <ele>28.25</ele>
      </trkpt>
      <trkpt lat="36.074238969013095" lon="140.37190793082118">
        <ele>28.28</ele>
      </trkpt>
      <trkpt lat="36.07422698289156" lon="140.3721439652145">
        <ele>28.4</ele>
      </trkpt>
      <trkpt lat="36.07433695346117" lon="140.37234999239445">
        <ele>28.44</ele>
      </trkpt>
      <trkpt lat="36.074496963992715" lon="140.37248192355037">
        <ele>28.4</ele>
      </trkpt>
      <trkpt lat="36.074648927897215" lon="140.37261293269694">
        <ele>28.29</ele>
      </trkpt>
      <trkpt lat="36.074799969792366" lon="140.37274595350027">
        <ele>28.16</ele>
      </trkpt>
      <trkpt lat="36.07495394535363" lon="140.3728739451617">
        <ele>28.01</ele>
      </trkpt>
      <trkpt lat="36.075116973370314" lon="140.3730369731784">
        <ele>27.84</ele>
      </trkpt>
      <trkpt lat="36.075252927839756" lon="140.3731879312545">
        <ele>27.67</ele>
      </trkpt>
      <trkpt lat="36.07541092671454" lon="140.37332698702812">
        <ele>27.45</ele>
      </trkpt>
      <trkpt lat="36.075553921982646" lon="140.373471993953">
        <ele>27.2</ele>
      </trkpt>
      <trkpt lat="36.075701946392655" lon="140.37362094037235">
        <ele>26.9</ele>
      </trkpt>
      <trkpt lat="36.07583899050951" lon="140.37377399392426">
        <ele>26.56</ele>
      </trkpt>
      <trkpt lat="36.075979974120855" lon="140.37392595782876">
        <ele>26.17</ele>
      </trkpt>
      <trkpt lat="36.076129926368594" lon="140.37406392395496">
        <ele>25.71</ele>
      </trkpt>
      <trkpt lat="36.07629094272852" lon="140.37419996224344">
        <ele>25.19</ele>
      </trkpt>
      <trkpt lat="36.07644592411816" lon="140.37433499470353">
        <ele>24.64</ele>
      </trkpt>
      <trkpt lat="36.07659193687141" lon="140.37448494695127">
        <ele>24.07</ele>
      </trkpt>
      <trkpt lat="36.07674993574619" lon="140.37461997941136">
        <ele>23.5</ele>
      </trkpt>
      <trkpt lat="36.07688697986305" lon="140.37477093748748">
        <ele>22.84</ele>
      </trkpt>
      <trkpt lat="36.07704799622297" lon="140.3749319538474">
        <ele>22.1</ele>
      </trkpt>
      <trkpt lat="36.07722292654216" lon="140.37507494911551">
        <ele>21.22</ele>
      </trkpt>
      <trkpt lat="36.07737195678055" lon="140.37522699683905">
        <ele>20.27</ele>
      </trkpt>
      <trkpt lat="36.07750196009874" lon="140.3753899410367">
        <ele>19.28</ele>
      </trkpt>
      <trkpt lat="36.07764797285199" lon="140.37556495517492">
        <ele>18.26</ele>
      </trkpt>
      <trkpt lat="36.0777909681201" lon="140.3757419809699">
        <ele>17.26</ele>
      </trkpt>
      <trkpt lat="36.077952990308404" lon="140.37591196596622">
        <ele>16.16</ele>
      </trkpt>
      <trkpt lat="36.0781139228493" lon="140.37607298232615">
        <ele>14.93</ele>
      </trkpt>
      <trkpt lat="36.07827493920922" lon="140.3762229345739">
        <ele>13.67</ele>
      </trkpt>
      <trkpt lat="36.07841198332608" lon="140.37640197202563">
        <ele>12.47</ele>
      </trkpt>
      <trkpt lat="36.078558918088675" lon="140.37657991982996">
        <ele>11.34</ele>
      </trkpt>
      <trkpt lat="36.07869495637715" lon="140.37677194923162">
        <ele>10.35</ele>
      </trkpt>
      <trkpt lat="36.07883099466562" lon="140.37696096114814">
        <ele>9.42</ele>
      </trkpt>
      <trkpt lat="36.078967954963446" lon="140.37715491838753">
        <ele>8.55</ele>
      </trkpt>
      <trkpt lat="36.0790999699384" lon="140.37732297554612">
        <ele>7.72</ele>
      </trkpt>
      <trkpt lat="36.07924799434841" lon="140.37748591974378">
        <ele>6.93</ele>
      </trkpt>
      <trkpt lat="36.07938897795975" lon="140.37765297107399">
        <ele>6.2</ele>
      </trkpt>
      <trkpt lat="36.079523926600814" lon="140.37782697938383">
        <ele>5.55</ele>
      </trkpt>
      <trkpt lat="36.079672956839204" lon="140.37799797020853">
        <ele>4.97</ele>
      </trkpt>
      <trkpt lat="36.07980899512768" lon="140.3781569749117">
        <ele>4.49</ele>
      </trkpt>
      <trkpt lat="36.07992994599044" lon="140.37832595407963">
        <ele>4.06</ele>
      </trkpt>
      <trkpt lat="36.080063972622156" lon="140.37848898209631">
        <ele>3.66</ele>
      </trkpt>
      <trkpt lat="36.08020797371864" lon="140.37864094600081">
        <ele>3.31</ele>
      </trkpt>
      <trkpt lat="36.08035197481513" lon="140.37879492156208">
        <ele>3.04</ele>
      </trkpt>
      <trkpt lat="36.080489940941334" lon="140.378947975114">
        <ele>2.81</ele>
      </trkpt>
      <trkpt lat="36.08063595369458" lon="140.37910597398877">
        <ele>2.65</ele>
      </trkpt>
      <trkpt lat="36.08078297227621" lon="140.3792429342866">
        <ele>2.51</ele>
      </trkpt>
      <trkpt lat="36.08093493618071" lon="140.37936598062515">
        <ele>2.41</ele>
      </trkpt>
      <trkpt lat="36.08100391924381" lon="140.37956597283483">
        <ele>2.4</ele>
      </trkpt>
      <trkpt lat="36.08104297891259" lon="140.3798159211874">
        <ele>2.46</ele>
      </trkpt>
      <trkpt lat="36.081134928390384" lon="140.38003494031727">
        <ele>2.56</ele>
      </trkpt>
      <trkpt lat="36.08123894780874" lon="140.38026091642678">
        <ele>2.66</ele>
      </trkpt>
      <trkpt lat="36.081326957792044" lon="140.3804819472134">
        <ele>2.71</ele>
      </trkpt>
      <trkpt lat="36.081413961946964" lon="140.38068797439337">
        <ele>2.76</ele>
      </trkpt>
      <trkpt lat="36.081501971930265" lon="140.38089492358267">
        <ele>2.85</ele>
      </trkpt>
      <trkpt lat="36.081585958600044" lon="140.381093993783">
        <ele>2.98</ele>
      </trkpt>
      <trkpt lat="36.08159995637834" lon="140.38112894631922">
        <ele>3.12</ele>
      </trkpt>
      <trkpt lat="36.08168293721974" lon="140.38133095018566">
        <ele>3.29</ele>
      </trkpt>
      <trkpt lat="36.08172099106014" lon="140.38156296126544">
        <ele>3.47</ele>
      </trkpt>
      <trkpt lat="36.08170296996832" lon="140.3815979976207">
        <ele>3.61</ele>
      </trkpt>
      <trkpt lat="36.08163398690522" lon="140.38160495460033">
        <ele>3.74</ele>
      </trkpt>
      <trkpt lat="36.081455955281854" lon="140.38150697015226">
        <ele>3.85</ele>
      </trkpt>
      <trkpt lat="36.08128295280039" lon="140.38140596821904">
        <ele>3.96</ele>
      </trkpt>
      <trkpt lat="36.0811169911176" lon="140.38130798377097">
        <ele>4.06</ele>
      </trkpt>
      <trkpt lat="36.080941976979375" lon="140.38118292577565">
        <ele>4.16</ele>
      </trkpt>
      <trkpt lat="36.080771991983056" lon="140.38105895742774">
        <ele>4.25</ele>
      </trkpt>
      <trkpt lat="36.08060393482447" lon="140.38093691691756">
        <ele>4.34</ele>
      </trkpt>
      <trkpt lat="36.08044199645519" lon="140.3808159660548">
        <ele>4.42</ele>
      </trkpt>
      <trkpt lat="36.08026195317507" lon="140.38070096634328">
        <ele>4.51</ele>
      </trkpt>
      <trkpt lat="36.08009892515838" lon="140.38059392943978">
        <ele>4.63</ele>
      </trkpt>
      <trkpt lat="36.079914942383766" lon="140.38047993555665">
        <ele>4.79</ele>
      </trkpt>
      <trkpt lat="36.07975493185222" lon="140.38036191836">
        <ele>4.9</ele>
      </trkpt>
      <trkpt lat="36.07959693297744" lon="140.38023493252695">
        <ele>5.0</ele>
      </trkpt>
      <trkpt lat="36.07943097129464" lon="140.38011398166418">
        <ele>5.1</ele>
      </trkpt>
      <trkpt lat="36.07927699573338" lon="140.3799599222839">
        <ele>5.21</ele>
      </trkpt>
      <trkpt lat="36.07912897132337" lon="140.37982799112797">
        <ele>5.34</ele>
      </trkpt>
      <trkpt lat="36.07897792942822" lon="140.37969396449625">
        <ele>5.48</ele>
      </trkpt>
      <trkpt lat="36.07883099466562" lon="140.37954493425786">
        <ele>5.63</ele>
      </trkpt>
      <trkpt lat="36.07868297025561" lon="140.37939892150462">
        <ele>5.79</ele>
      </trkpt>
      <trkpt lat="36.07854693196714" lon="140.37921393290162">
        <ele>5.93</ele>
      </trkpt>
      <trkpt lat="36.07840293087065" lon="140.37907395511866">
        <ele>6.05</ele>
      </trkpt>
      <trkpt lat="36.07824099250138" lon="140.37895794957876">
        <ele>6.14</ele>
      </trkpt>
      <trkpt lat="36.07807394117117" lon="140.37886197678745">
        <ele>6.24</ele>
      </trkpt>
      <trkpt lat="36.07788492925465" lon="140.3787489887327">
        <ele>6.35</ele>
      </trkpt>
      <trkpt lat="36.07772299088538" lon="140.37864396348596">
        <ele>6.5</ele>
      </trkpt>
      <trkpt lat="36.07756298035383" lon="140.3785309754312">
        <ele>6.65</ele>
      </trkpt>
      <trkpt lat="36.07738595455885" lon="140.3783919196576">
        <ele>6.82</ele>
      </trkpt>
      <trkpt lat="36.07721999287605" lon="140.37828194908798">
        <ele>6.96</ele>
      </trkpt>
      <trkpt lat="36.077029975131154" lon="140.378178935498">
        <ele>7.11</ele>
      </trkpt>
      <trkpt lat="36.076841969043016" lon="140.37811095826328">
        <ele>7.29</ele>
      </trkpt>
      <trkpt lat="36.07664197683334" lon="140.37804197520018">
        <ele>7.53</ele>
      </trkpt>
      <trkpt lat="36.07646696269512" lon="140.3779809549451">
        <ele>7.79</ele>
      </trkpt>
      <trkpt lat="36.07628599740565" lon="140.37791498936713">
        <ele>8.04</ele>
      </trkpt>
      <trkpt lat="36.07611299492419" lon="140.37784097716212">
        <ele>8.28</ele>
      </trkpt>
      <trkpt lat="36.0759309399873" lon="140.37778892554343">
        <ele>8.55</ele>
      </trkpt>
      <trkpt lat="36.07574997469783" lon="140.3777069505304">
        <ele>8.83</ele>
      </trkpt>
      <trkpt lat="36.07556498609483" lon="140.37765598855913">
        <ele>9.11</ele>
      </trkpt>
      <trkpt lat="36.075381925329566" lon="140.377586921677">
        <ele>9.38</ele>
      </trkpt>
      <trkpt lat="36.07519593089819" lon="140.37755792029202">
        <ele>9.64</ele>
      </trkpt>
      <trkpt lat="36.07502091675997" lon="140.3774949721992">
        <ele>9.91</ele>
      </trkpt>
      <trkpt lat="36.074840957298875" lon="140.37747493945062">
        <ele>10.16</ele>
      </trkpt>
      <trkpt lat="36.0746409650892" lon="140.37747896276414">
        <ele>10.41</ele>
      </trkpt>
      <trkpt lat="36.074452959001064" lon="140.37748793140054">
        <ele>10.53</ele>
      </trkpt>
      <trkpt lat="36.074261935427785" lon="140.37750192917883">
        <ele>10.61</ele>
      </trkpt>
      <trkpt lat="36.07406998984516" lon="140.3775139991194">
        <ele>10.7</ele>
      </trkpt>
      <trkpt lat="36.073978962376714" lon="140.3775229677558">
        <ele>10.76</ele>
      </trkpt>
      <trkpt lat="36.073769917711616" lon="140.37753394804895">
        <ele>10.78</ele>
      </trkpt>
      <trkpt lat="36.073585934937" lon="140.37750192917883">
        <ele>10.73</ele>
      </trkpt>
      <trkpt lat="36.07340698130429" lon="140.37743797525764">
        <ele>10.7</ele>
      </trkpt>
      <trkpt lat="36.073227943852544" lon="140.37732993252575">
        <ele>10.71</ele>
      </trkpt>
      <trkpt lat="36.073055947199464" lon="140.37722398526967">
        <ele>10.58</ele>
      </trkpt>
      <trkpt lat="36.07293591834605" lon="140.37703396752477">
        <ele>10.44</ele>
      </trkpt>
      <trkpt lat="36.07289493083954" lon="140.37697294726968">
        <ele>10.25</ele>
      </trkpt>
      <trkpt lat="36.072775991633534" lon="140.37677999585867">
        <ele>9.97</ele>
      </trkpt>
      <trkpt lat="36.072648921981454" lon="140.37657991982996">
        <ele>9.68</ele>
      </trkpt>
      <trkpt lat="36.07252595946193" lon="140.37637196481228">
        <ele>9.53</ele>
      </trkpt>
      <trkpt lat="36.072390927001834" lon="140.37620399147272">
        <ele>9.28</ele>
      </trkpt>
      <trkpt lat="36.07223493978381" lon="140.37609192542732">
        <ele>9.02</ele>
      </trkpt>
      <trkpt lat="36.07207199558616" lon="140.37596192210913">
        <ele>8.71</ele>
      </trkpt>
      <trkpt lat="36.07190595008433" lon="140.3758529573679">
        <ele>8.35</ele>
      </trkpt>
      <trkpt lat="36.071812994778156" lon="140.37562798708677">
        <ele>8.02</ele>
      </trkpt>
      <trkpt lat="36.071705957874656" lon="140.37544794380665">
        <ele>7.63</ele>
      </trkpt>
      <trkpt lat="36.07156497426331" lon="140.37526697851717">
        <ele>7.17</ele>
      </trkpt>
      <trkpt lat="36.07141393236816" lon="140.37509892135859">
        <ele>6.79</ele>
      </trkpt>
      <trkpt lat="36.071276972070336" lon="140.37495299242437">
        <ele>6.42</ele>
      </trkpt>
      <trkpt lat="36.071123918518424" lon="140.3748349752277">
        <ele>6.08</ele>
      </trkpt>
      <trkpt lat="36.07094395905733" lon="140.37485098466277">
        <ele>5.72</ele>
      </trkpt>
      <trkpt lat="36.07081797905266" lon="140.374766997993">
        <ele>5.4</ele>
      </trkpt>
      <trkpt lat="36.07068294659257" lon="140.3745769802481">
        <ele>5.12</ele>
      </trkpt>
      <trkpt lat="36.07055495493114" lon="140.37438796833158">
        <ele>4.84</ele>
      </trkpt>
      <trkpt lat="36.070436937734485" lon="140.37420096807182">
        <ele>4.58</ele>
      </trkpt>
      <trkpt lat="36.07042193412781" lon="140.37397691980004">
        <ele>4.33</ele>
      </trkpt>
      <trkpt lat="36.07032495550811" lon="140.37375496700406">
        <ele>4.07</ele>
      </trkpt>
      <trkpt lat="36.070198975503445" lon="140.3735589981079">
        <ele>3.85</ele>
      </trkpt>
      <trkpt lat="36.070070983842015" lon="140.37339597009122">
        <ele>3.72</ele>
      </trkpt>
      <trkpt lat="36.06995799578726" lon="140.3732079640031">
        <ele>3.62</ele>
      </trkpt>
      <trkpt lat="36.06983897276223" lon="140.37303898483515">
        <ele>3.55</ele>
      </trkpt>
      <trkpt lat="36.069705951958895" lon="140.3728649765253">
        <ele>3.46</ele>
      </trkpt>
      <trkpt lat="36.069597993046045" lon="140.37268199957907">
        <ele>3.4</ele>
      </trkpt>
      <trkpt lat="36.06963596306741" lon="140.37246893160045">
        <ele>3.41</ele>
      </trkpt>
      <trkpt lat="36.06961199082434" lon="140.37221596576273">
        <ele>3.34</ele>
      </trkpt>
      <trkpt lat="36.06954594142735" lon="140.37200096994638">
        <ele>3.38</ele>
      </trkpt>
      <trkpt lat="36.069472935050726" lon="140.3717739880085">
        <ele>3.44</ele>
      </trkpt>
      <trkpt lat="36.06940194033086" lon="140.37153594195843">
        <ele>3.52</ele>
      </trkpt>
      <trkpt lat="36.0693359747529" lon="140.37132597528398">
        <ele>3.54</ele>
      </trkpt>
      <trkpt lat="36.06924997642636" lon="140.3711079619825">
        <ele>3.59</ele>
      </trkpt>
      <trkpt lat="36.069190967828035" lon="140.37088399752975">
        <ele>3.65</ele>
      </trkpt>
      <trkpt lat="36.06916297227144" lon="140.3706449456513">
        <ele>3.67</ele>
      </trkpt>
      <trkpt lat="36.069128941744566" lon="140.37041595205665">
        <ele>3.67</ele>
      </trkpt>
      <trkpt lat="36.06910094618797" lon="140.37018394097686">
        <ele>3.63</ele>
      </trkpt>
      <trkpt lat="36.069079991430044" lon="140.36995293572545">
        <ele>3.59</ele>
      </trkpt>
      <trkpt lat="36.069039925932884" lon="140.3697289712727">
        <ele>3.55</ele>
      </trkpt>
      <trkpt lat="36.06900698505342" lon="140.36950098350644">
        <ele>3.44</ele>
      </trkpt>
      <trkpt lat="36.069036992266774" lon="140.36928196437657">
        <ele>3.36</ele>
      </trkpt>
      <trkpt lat="36.0690909717232" lon="140.36905095912516">
        <ele>3.29</ele>
      </trkpt>
      <trkpt lat="36.06915199197829" lon="140.36882791668177">
        <ele>3.22</ele>
      </trkpt>
      <trkpt lat="36.069188956171274" lon="140.36858894862235">
        <ele>3.21</ele>
      </trkpt>
      <trkpt lat="36.069231955334544" lon="140.36836196668446">
        <ele>3.16</ele>
      </trkpt>
      <trkpt lat="36.06927193701267" lon="140.36811294034123">
        <ele>3.09</ele>
      </trkpt>
      <trkpt lat="36.06930496171117" lon="140.3679069969803">
        <ele>2.99</ele>
      </trkpt>
      <trkpt lat="36.0693359747529" lon="140.36767297424376">
        <ele>2.9</ele>
      </trkpt>
      <trkpt lat="36.06937595643103" lon="140.36745093762875">
        <ele>2.84</ele>
      </trkpt>
      <trkpt lat="36.069386936724186" lon="140.36722294986248">
        <ele>2.8</ele>
      </trkpt>
      <trkpt lat="36.06941593810916" lon="140.3669769410044">
        <ele>2.69</ele>
      </trkpt>
      <trkpt lat="36.069508977234364" lon="140.36678591743112">
        <ele>2.63</ele>
      </trkpt>
      <trkpt lat="36.069513922557235" lon="140.36658693104982">
        <ele>2.6</ele>
      </trkpt>
      <trkpt lat="36.069382997229695" lon="140.36640998907387">
        <ele>2.62</ele>
      </trkpt>
      <trkpt lat="36.06923698447645" lon="140.36624997854233">
        <ele>2.68</ele>
      </trkpt>
      <trkpt lat="36.06908996589482" lon="140.36608695052564">
        <ele>2.78</ele>
      </trkpt>
      <trkpt lat="36.06895795091987" lon="140.36591998301446">
        <ele>2.9</ele>
      </trkpt>
      <trkpt lat="36.0688319709152" lon="140.36575896665454">
        <ele>3.03</ele>
      </trkpt>
      <trkpt lat="36.06870993040502" lon="140.36557297222316">
        <ele>3.16</ele>
      </trkpt>
      <trkpt lat="36.06859593652189" lon="140.36539795808494">
        <ele>3.29</ele>
      </trkpt>
      <trkpt lat="36.068481942638755" lon="140.36521992646158">
        <ele>3.42</ele>
      </trkpt>
      <trkpt lat="36.06835998594761" lon="140.36504298448563">
        <ele>3.52</ele>
      </trkpt>
      <trkpt lat="36.06823593378067" lon="140.36487593315542">
        <ele>3.6</ele>
      </trkpt>
      <trkpt lat="36.068109953776" lon="140.36468599922955">
        <ele>3.66</ele>
      </trkpt>
      <trkpt lat="36.067986991256475" lon="140.36451995372772">
        <ele>3.82</ele>
      </trkpt>
      <trkpt lat="36.0678839776665" lon="140.36432691849768">
        <ele>3.99</ele>
      </trkpt>
      <trkpt lat="36.067776940763" lon="140.36410395987332">
        <ele>4.17</ele>
      </trkpt>
      <trkpt lat="36.06765791773796" lon="140.3638919815421">
        <ele>4.32</ele>
      </trkpt>
      <trkpt lat="36.067560939118266" lon="140.36370095796883">
        <ele>4.51</ele>
      </trkpt>
      <trkpt lat="36.06744593940675" lon="140.3635129518807">
        <ele>4.72</ele>
      </trkpt>
      <trkpt lat="36.067338986322284" lon="140.36332092247903">
        <ele>4.92</ele>
      </trkpt>
      <trkpt lat="36.067209988832474" lon="140.36314498633146">
        <ele>5.09</ele>
      </trkpt>
      <trkpt lat="36.067087948322296" lon="140.36296796053648">
        <ele>5.26</ele>
      </trkpt>
      <trkpt lat="36.066954927518964" lon="140.36279797554016">
        <ele>5.46</ele>
      </trkpt>
      <trkpt lat="36.066822996363044" lon="140.3626249730587">
        <ele>5.67</ele>
      </trkpt>
      <trkpt lat="36.06672895140946" lon="140.36241098307073">
        <ele>5.86</ele>
      </trkpt>
      <trkpt lat="36.06665292754769" lon="140.36219699308276">
        <ele>6.04</ele>
      </trkpt>
      <trkpt lat="36.06656399555504" lon="140.36200094036758">
        <ele>6.28</ele>
      </trkpt>
      <trkpt lat="36.066462993621826" lon="140.36180497147143">
        <ele>6.52</ele>
      </trkpt>
      <trkpt lat="36.06636693701148" lon="140.3616119362414">
        <ele>6.78</ele>
      </trkpt>
      <trkpt lat="36.06625596061349" lon="140.36143097095191">
        <ele>7.03</ele>
      </trkpt>
      <trkpt lat="36.06612796895206" lon="140.36125394515693">
        <ele>7.25</ele>
      </trkpt>
      <trkpt lat="36.06599796563387" lon="140.36106795072556">
        <ele>7.45</ele>
      </trkpt>
      <trkpt lat="36.06587399728596" lon="140.3608759213239">
        <ele>7.58</ele>
      </trkpt>
      <trkpt lat="36.06578892096877" lon="140.36064692772925">
        <ele>7.7</ele>
      </trkpt>
      <trkpt lat="36.065752962604165" lon="140.3604049421847">
        <ele>7.81</ele>
      </trkpt>
      <trkpt lat="36.06573795899749" lon="140.36017091944814">
        <ele>7.94</ele>
      </trkpt>
      <trkpt lat="36.06572295539081" lon="140.35991594195366">
        <ele>8.06</ele>
      </trkpt>
      <trkpt lat="36.06567199341953" lon="140.3596929833293">
        <ele>8.05</ele>
      </trkpt>
      <trkpt lat="36.06563997454941" lon="140.35945996642113">
        <ele>7.95</ele>
      </trkpt>
      <trkpt lat="36.06566193513572" lon="140.35921697504818">
        <ele>7.85</ele>
      </trkpt>
      <trkpt lat="36.065708957612514" lon="140.3589799348265">
        <ele>7.69</ele>
      </trkpt>
      <trkpt lat="36.06563393957913" lon="140.35876594483852">
        <ele>7.5</ele>
      </trkpt>
      <trkpt lat="36.06548398733139" lon="140.3586659487337">
        <ele>7.35</ele>
      </trkpt>
      <trkpt lat="36.06531199067831" lon="140.3585679642856">
        <ele>7.18</ele>
      </trkpt>
      <trkpt lat="36.065172934904695" lon="140.35841692239046">
        <ele>7.05</ele>
      </trkpt>
      <trkpt lat="36.06509598903358" lon="140.35820896737278">
        <ele>6.96</ele>
      </trkpt>
      <trkpt lat="36.06509196572006" lon="140.35797393880785">
        <ele>6.86</ele>
      </trkpt>
      <trkpt lat="36.06507495045662" lon="140.357725918293">
        <ele>6.77</ele>
      </trkpt>
      <trkpt lat="36.06507495045662" lon="140.35749591886997">
        <ele>6.71</ele>
      </trkpt>
      <trkpt lat="36.06507796794176" lon="140.3572649974376">
        <ele>6.66</ele>
      </trkpt>
      <trkpt lat="36.06505592353642" lon="140.3570369258523">
        <ele>6.62</ele>
      </trkpt>
      <trkpt lat="36.065044943243265" lon="140.35680097527802">
        <ele>6.62</ele>
      </trkpt>
      <trkpt lat="36.06504192575812" lon="140.35655496641994">
        <ele>6.58</ele>
      </trkpt>
      <trkpt lat="36.06499792076647" lon="140.35633695311844">
        <ele>6.59</ele>
      </trkpt>
      <trkpt lat="36.064914939925075" lon="140.35613193176687">
        <ele>6.6</ele>
      </trkpt>
      <trkpt lat="36.06487998738885" lon="140.3558899462223">
        <ele>6.65</ele>
      </trkpt>
      <trkpt lat="36.06494997628033" lon="140.35567092709243">
        <ele>6.74</ele>
      </trkpt>
      <trkpt lat="36.06512297876179" lon="140.35553698427975">
        <ele>6.93</ele>
      </trkpt>
      <trkpt lat="36.06524493545294" lon="140.35533397458494">
        <ele>7.19</ele>
      </trkpt>
      <trkpt lat="36.06527192518115" lon="140.3550849482417">
        <ele>7.38</ele>
      </trkpt>
      <trkpt lat="36.06526798568666" lon="140.35484899766743">
        <ele>7.56</ele>
      </trkpt>
      <trkpt lat="36.065281983464956" lon="140.35461698658764">
        <ele>7.72</ele>
      </trkpt>
      <trkpt lat="36.06528592295945" lon="140.3543829638511">
        <ele>7.88</ele>
      </trkpt>
      <trkpt lat="36.06529497541487" lon="140.3541569877416">
        <ele>8.07</ele>
      </trkpt>
      <trkpt lat="36.06531693600118" lon="140.35390494391322">
        <ele>8.28</ele>
      </trkpt>
      <trkpt lat="36.06532892212272" lon="140.35367595031857">
        <ele>8.45</ele>
      </trkpt>
      <trkpt lat="36.065345937386155" lon="140.35344494506717">
        <ele>8.64</ele>
      </trkpt>
      <trkpt lat="36.06537292711437" lon="140.35319692455232">
        <ele>8.82</ele>
      </trkpt>
      <trkpt lat="36.065383991226554" lon="140.35294194705784">
        <ele>8.99</ele>
      </trkpt>
      <trkpt lat="36.06540293432772" lon="140.35271597094834">
        <ele>9.21</ele>
      </trkpt>
      <trkpt lat="36.06543495319784" lon="140.3524629212916">
        <ele>9.53</ele>
      </trkpt>
      <trkpt lat="36.06546697206795" lon="140.35223694518209">
        <ele>9.81</ele>
      </trkpt>
      <trkpt lat="36.065495973452926" lon="140.35200593993068">
        <ele>10.01</ele>
      </trkpt>
      <trkpt lat="36.06553092598915" lon="140.3517739288509">
        <ele>10.18</ele>
      </trkpt>
      <trkpt lat="36.06556395068765" lon="140.35155097022653">
        <ele>10.33</ele>
      </trkpt>
      <trkpt lat="36.065581971779466" lon="140.35131895914674">
        <ele>10.5</ele>
      </trkpt>
      <trkpt lat="36.06559697538614" lon="140.35108795389533">
        <ele>10.65</ele>
      </trkpt>
      <trkpt lat="36.065598987042904" lon="140.35085493698716">
        <ele>10.8</ele>
      </trkpt>
      <trkpt lat="36.06560896150768" lon="140.35061999224126">
        <ele>10.98</ele>
      </trkpt>
      <trkpt lat="36.065624970942736" lon="140.35039393231273">
        <ele>11.14</ele>
      </trkpt>
      <trkpt lat="36.06563393957913" lon="140.35016493871808">
        <ele>11.27</ele>
      </trkpt>
      <trkpt lat="36.06565296649933" lon="140.34990694373846">
        <ele>11.5</ele>
      </trkpt>
      <trkpt lat="36.06565598398447" lon="140.34967593848705">
        <ele>11.72</ele>
      </trkpt>
      <trkpt lat="36.06566092930734" lon="140.34942196682096">
        <ele>11.91</ele>
      </trkpt>
      <trkpt lat="36.06567199341953" lon="140.34919993020594">
        <ele>12.07</ele>
      </trkpt>
      <trkpt lat="36.06571692042053" lon="140.34895895048976">
        <ele>12.27</ele>
      </trkpt>
      <trkpt lat="36.06573695316911" lon="140.34871595911682">
        <ele>12.47</ele>
      </trkpt>
      <trkpt lat="36.06576394289732" lon="140.3484909888357">
        <ele>12.7</ele>
      </trkpt>
      <trkpt lat="36.065776934847236" lon="140.34826098941267">
        <ele>12.92</ele>
      </trkpt>
      <trkpt lat="36.06578799895942" lon="140.34807994030416">
        <ele>13.09</ele>
      </trkpt>
      <trkpt lat="36.06580593623221" lon="140.3478459175676">
        <ele>13.24</ele>
      </trkpt>
      <trkpt lat="36.065817922353745" lon="140.34761399030685">
        <ele>13.34</ele>
      </trkpt>
      <trkpt lat="36.06584591791034" lon="140.34738692454994">
        <ele>13.44</ele>
      </trkpt>
      <trkpt lat="36.06585597619414" lon="140.34715591929853">
        <ele>13.55</ele>
      </trkpt>
      <trkpt lat="36.06585396453738" lon="140.34692994318902">
        <ele>13.58</ele>
      </trkpt>
      <trkpt lat="36.0658339317888" lon="140.34669692628086">
        <ele>13.69</ele>
      </trkpt>
      <trkpt lat="36.065797973424196" lon="140.34647698514163">
        <ele>13.81</ele>
      </trkpt>
      <trkpt lat="36.0657649487257" lon="140.34622695297003">
        <ele>13.89</ele>
      </trkpt>
      <trkpt lat="36.06572094373405" lon="140.34598597325385">
        <ele>13.84</ele>
      </trkpt>
      <trkpt lat="36.06568397954106" lon="140.34573392942548">
        <ele>13.69</ele>
      </trkpt>
      <trkpt lat="36.06565196067095" lon="140.34551398828626">
        <ele>13.62</ele>
      </trkpt>
      <trkpt lat="36.065605944022536" lon="140.34528398886323">
        <ele>13.63</ele>
      </trkpt>
      <trkpt lat="36.06555498205125" lon="140.34505591727793">
        <ele>13.51</ele>
      </trkpt>
      <trkpt lat="36.0654919501394" lon="140.3448369819671">
        <ele>13.3</ele>
      </trkpt>
      <trkpt lat="36.06544392183423" lon="140.34462098032236">
        <ele>13.09</ele>
      </trkpt>
      <trkpt lat="36.06539698317647" lon="140.34439098089933">
        <ele>12.87</ele>
      </trkpt>
      <trkpt lat="36.06536094099283" lon="140.34415695816278">
        <ele>12.62</ele>
      </trkpt>
      <trkpt lat="36.06533797457814" lon="140.34392695873976">
        <ele>12.39</ele>
      </trkpt>
      <trkpt lat="36.06530595570803" lon="140.3436709754169">
        <ele>12.18</ele>
      </trkpt>
      <trkpt lat="36.06527695432305" lon="140.343443993479">
        <ele>11.97</ele>
      </trkpt>
      <trkpt lat="36.06522892601788" lon="140.34319295547903">
        <ele>11.79</ele>
      </trkpt>
      <trkpt lat="36.06518592685461" lon="140.3429579269141">
        <ele>11.62</ele>
      </trkpt>
      <trkpt lat="36.06514795683324" lon="140.34272599965334">
        <ele>11.46</ele>
      </trkpt>
      <trkpt lat="36.06509699486196" lon="140.34249692223966">
        <ele>11.21</ele>
      </trkpt>
      <trkpt lat="36.065065981820226" lon="140.34226994030178">
        <ele>10.97</ele>
      </trkpt>
      <trkpt lat="36.06501594185829" lon="140.34204899333417">
        <ele>10.67</ele>
      </trkpt>
      <trkpt lat="36.06497294269502" lon="140.3417979553342">
        <ele>10.3</ele>
      </trkpt>
      <trkpt lat="36.06495098210871" lon="140.34157399088144">
        <ele>9.95</ele>
      </trkpt>
      <trkpt lat="36.06491292826831" lon="140.3413199353963">
        <ele>9.59</ele>
      </trkpt>
      <trkpt lat="36.06485794298351" lon="140.34109295345843">
        <ele>9.31</ele>
      </trkpt>
      <trkpt lat="36.06481997296214" lon="140.3408549912274">
        <ele>9.05</ele>
      </trkpt>
      <trkpt lat="36.064768927171826" lon="140.3406369779259">
        <ele>8.76</ele>
      </trkpt>
      <trkpt lat="36.0647289454937" lon="140.340409995988">
        <ele>8.5</ele>
      </trkpt>
      <trkpt lat="36.064682928845286" lon="140.34019097685814">
        <ele>8.23</ele>
      </trkpt>
      <trkpt lat="36.06462299823761" lon="140.3399609774351">
        <ele>7.96</ele>
      </trkpt>
      <trkpt lat="36.06456197798252" lon="140.33973399549723">
        <ele>7.74</ele>
      </trkpt>
      <trkpt lat="36.06449492275715" lon="140.33951095305383">
        <ele>7.51</ele>
      </trkpt>
      <trkpt lat="36.06442694552243" lon="140.3392869886011">
        <ele>7.25</ele>
      </trkpt>
      <trkpt lat="36.064374977722764" lon="140.33907199278474">
        <ele>7.0</ele>
      </trkpt>
      <trkpt lat="36.064314963296056" lon="140.33885892480612">
        <ele>6.76</ele>
      </trkpt>
      <trkpt lat="36.06425997801125" lon="140.33863596618176">
        <ele>6.5</ele>
      </trkpt>
      <trkpt lat="36.064204992726445" lon="140.33842298202217">
        <ele>6.25</ele>
      </trkpt>
      <trkpt lat="36.06413592584431" lon="140.33820698037744">
        <ele>6.02</ele>
      </trkpt>
      <trkpt lat="36.06406694278121" lon="140.33798796124756">
        <ele>5.79</ele>
      </trkpt>
      <trkpt lat="36.06398295611143" lon="140.33776693046093">
        <ele>5.55</ele>
      </trkpt>
      <trkpt lat="36.063901986926794" lon="140.33753994852304">
        <ele>5.37</ele>
      </trkpt>
      <trkpt lat="36.063820933923125" lon="140.33732294104993">
        <ele>5.2</ele>
      </trkpt>
      <trkpt lat="36.063753962516785" lon="140.33710794523358">
        <ele>5.03</ele>
      </trkpt>
      <trkpt lat="36.063693948090076" lon="140.33689194358885">
        <ele>4.88</ele>
      </trkpt>
      <trkpt lat="36.06361691839993" lon="140.3366859164089">
        <ele>4.74</ele>
      </trkpt>
      <trkpt lat="36.06352999806404" lon="140.336450971663">
        <ele>4.6</ele>
      </trkpt>
      <trkpt lat="36.06344995088875" lon="140.33624393865466">
        <ele>4.48</ele>
      </trkpt>
      <trkpt lat="36.063365964218974" lon="140.33603296615183">
        <ele>4.36</ele>
      </trkpt>
      <trkpt lat="36.06328893452883" lon="140.33581998199224">
        <ele>4.26</ele>
      </trkpt>
      <trkpt lat="36.06320796534419" lon="140.33561596646905">
        <ele>4.18</ele>
      </trkpt>
      <trkpt lat="36.06312397867441" lon="140.3354009706527">
        <ele>4.09</ele>
      </trkpt>
      <trkpt lat="36.06303093954921" lon="140.33520491793752">
        <ele>3.99</ele>
      </trkpt>
      <trkpt lat="36.06292893178761" lon="140.334978941828">
        <ele>3.89</ele>
      </trkpt>
      <trkpt lat="36.06285894289613" lon="140.3347719926387">
        <ele>3.83</ele>
      </trkpt>
      <trkpt lat="36.062788954004645" lon="140.33455993048847">
        <ele>3.76</ele>
      </trkpt>
      <trkpt lat="36.062723994255066" lon="140.33433797769248">
        <ele>3.68</ele>
      </trkpt>
      <trkpt lat="36.06269499287009" lon="140.33410395495594">
        <ele>3.61</ele>
      </trkpt>
      <trkpt lat="36.06268996372819" lon="140.3338519949466">
        <ele>3.53</ele>
      </trkpt>
      <trkpt lat="36.06266498565674" lon="140.33362694084644">
        <ele>3.49</ele>
      </trkpt>
      <trkpt lat="36.06264595873654" lon="140.33340599387884">
        <ele>3.49</ele>
      </trkpt>
      <trkpt lat="36.062634978443384" lon="140.3331719711423">
        <ele>3.5</ele>
      </trkpt>
      <trkpt lat="36.06264897622168" lon="140.3329309914261">
        <ele>3.52</ele>
      </trkpt>
      <trkpt lat="36.062658950686455" lon="140.33270099200308">
        <ele>3.56</ele>
      </trkpt>
      <trkpt lat="36.06266599148512" lon="140.33247493207455">
        <ele>3.54</ele>
      </trkpt>
      <trkpt lat="36.062680995091796" lon="140.33224795013666">
        <ele>3.57</ele>
      </trkpt>
      <trkpt lat="36.06267496012151" lon="140.33202398568392">
        <ele>3.6</ele>
      </trkpt>
      <trkpt lat="36.062680995091796" lon="140.33179993741214">
        <ele>3.65</ele>
      </trkpt>
      <trkpt lat="36.062703961506486" lon="140.33157295547426">
        <ele>3.72</ele>
      </trkpt>
      <trkpt lat="36.06273991987109" lon="140.331344967708">
        <ele>3.79</ele>
      </trkpt>
      <trkpt lat="36.06279498897493" lon="140.331093929708">
        <ele>3.85</ele>
      </trkpt>
      <trkpt lat="36.062854919582605" lon="140.3308599907905">
        <ele>3.96</ele>
      </trkpt>
      <trkpt lat="36.062897918745875" lon="140.33062496222556">
        <ele>4.07</ele>
      </trkpt>
      <trkpt lat="36.06294695287943" lon="140.33039999194443">
        <ele>4.19</ele>
      </trkpt>
      <trkpt lat="36.06298894621432" lon="140.3301649633795">
        <ele>4.29</ele>
      </trkpt>
      <trkpt lat="36.06303194537759" lon="140.3299479559064">
        <ele>4.39</ele>
      </trkpt>
      <trkpt lat="36.06308198533952" lon="140.32973195426166">
        <ele>4.53</ele>
      </trkpt>
      <trkpt lat="36.063129929825664" lon="140.32950597815216">
        <ele>4.7</ele>
      </trkpt>
      <trkpt lat="36.06317091733217" lon="140.32926994375885">
        <ele>4.84</ele>
      </trkpt>
      <trkpt lat="36.06322196312249" lon="140.32904396764934">
        <ele>5.0</ele>
      </trkpt>
      <trkpt lat="36.06331198476255" lon="140.3288139682263">
        <ele>5.19</ele>
      </trkpt>
      <trkpt lat="36.06340695172548" lon="140.32859796658158">
        <ele>5.39</ele>
      </trkpt>
      <trkpt lat="36.06350996531546" lon="140.32838799990714">
        <ele>5.57</ele>
      </trkpt>
      <trkpt lat="36.06361691839993" lon="140.328199993819">
        <ele>5.74</ele>
      </trkpt>
      <trkpt lat="36.0637169983238" lon="140.32800092361867">
        <ele>5.87</ele>
      </trkpt>
      <trkpt lat="36.06383493170142" lon="140.32780797220767">
        <ele>6.09</ele>
      </trkpt>
      <trkpt lat="36.063949931412935" lon="140.327607979998">
        <ele>6.31</ele>
      </trkpt>
      <trkpt lat="36.064079934731126" lon="140.32742198556662">
        <ele>6.53</ele>
      </trkpt>
      <trkpt lat="36.06419895775616" lon="140.32723791897297">
        <ele>6.74</ele>
      </trkpt>
      <trkpt lat="36.064313957467675" lon="140.32705293036997">
        <ele>6.92</ele>
      </trkpt>
      <trkpt lat="36.064424933865666" lon="140.3268629964441">
        <ele>7.15</ele>
      </trkpt>
      <trkpt lat="36.06454496271908" lon="140.32667499035597">
        <ele>7.37</ele>
      </trkpt>
      <trkpt lat="36.064657950773835" lon="140.32647097483277">
        <ele>7.54</ele>
      </trkpt>
      <trkpt lat="36.06475492939353" lon="140.3262789454311">
        <ele>7.74</ele>
      </trkpt>
      <trkpt lat="36.064874958246946" lon="140.3261039312929">
        <ele>7.92</ele>
      </trkpt>
      <trkpt lat="36.064979983493686" lon="140.32591491937637">
        <ele>8.09</ele>
      </trkpt>
      <trkpt lat="36.06510194018483" lon="140.32570897601545">
        <ele>8.25</ele>
      </trkpt>
      <trkpt lat="36.06520093046129" lon="140.32551292330027">
        <ele>8.41</ele>
      </trkpt>
      <trkpt lat="36.065302938222885" lon="140.32529097050428">
        <ele>8.68</ele>
      </trkpt>
      <trkpt lat="36.06539497151971" lon="140.32507999800146">
        <ele>8.89</ele>
      </trkpt>
      <trkpt lat="36.06549094431102" lon="140.32486491836607">
        <ele>9.05</ele>
      </trkpt>
      <trkpt lat="36.06561399064958" lon="140.32468596473336">
        <ele>9.21</ele>
      </trkpt>
      <trkpt lat="36.06571993790567" lon="140.32450097613037">
        <ele>9.32</ele>
      </trkpt>
      <trkpt lat="36.065819934010506" lon="140.32430198974907">
        <ele>9.36</ele>
      </trkpt>
      <trkpt lat="36.065901992842555" lon="140.32409596256912">
        <ele>9.25</ele>
      </trkpt>
      <trkpt lat="36.0659739933908" lon="140.3238879237324">
        <ele>9.17</ele>
      </trkpt>
      <trkpt lat="36.065988996997476" lon="140.32385791651905">
        <ele>9.15</ele>
      </trkpt>
      <trkpt lat="36.066031996160746" lon="140.3237919509411">
        <ele>9.14</ele>
      </trkpt>
      <trkpt lat="36.066118916496634" lon="140.32359397038817">
        <ele>9.14</ele>
      </trkpt>
      <trkpt lat="36.06621296145022" lon="140.3234019409865">
        <ele>9.13</ele>
      </trkpt>
      <trkpt lat="36.06630893424153" lon="140.32319298014045">
        <ele>9.08</ele>
      </trkpt>
      <trkpt lat="36.0664039850235" lon="140.32299298793077">
        <ele>8.99</ele>
      </trkpt>
      <trkpt lat="36.06652191840112" lon="140.32279492355883">
        <ele>8.84</ele>
      </trkpt>
      <trkpt lat="36.06662794947624" lon="140.32258696854115">
        <ele>8.64</ele>
      </trkpt>
      <trkpt lat="36.06673297472298" lon="140.32237599603832">
        <ele>8.46</ele>
      </trkpt>
      <trkpt lat="36.0668199788779" lon="140.3221599943936">
        <ele>8.24</ele>
      </trkpt>
      <trkpt lat="36.06690396554768" lon="140.3219279833138">
        <ele>8.08</ele>
      </trkpt>
      <trkpt lat="36.06699197553098" lon="140.32169999554753">
        <ele>7.91</ele>
      </trkpt>
      <trkpt lat="36.06709691695869" lon="140.32151693478227">
        <ele>7.73</ele>
      </trkpt>
      <trkpt lat="36.06722993776202" lon="140.32131099142134">
        <ele>7.5</ele>
      </trkpt>
      <trkpt lat="36.06734996661544" lon="140.32113396562636">
        <ele>7.3</ele>
      </trkpt>
      <trkpt lat="36.067494973540306" lon="140.3209799900651">
        <ele>7.11</ele>
      </trkpt>
      <trkpt lat="36.067623971030116" lon="140.32079399563372">
        <ele>6.96</ele>
      </trkpt>
      <trkpt lat="36.06775891967118" lon="140.32059693709016">
        <ele>6.83</ele>
      </trkpt>
      <trkpt lat="36.0678459238261" lon="140.32036995515227">
        <ele>6.6</ele>
      </trkpt>
      <trkpt lat="36.06791297905147" lon="140.32014791853726">
        <ele>6.4</ele>
      </trkpt>
      <trkpt lat="36.06797894462943" lon="140.31992294825613">
        <ele>6.22</ele>
      </trkpt>
      <trkpt lat="36.0680459998548" lon="140.31968993134797">
        <ele>6.04</ele>
      </trkpt>
      <trkpt lat="36.068118922412395" lon="140.31947493553162">
        <ele>5.87</ele>
      </trkpt>
      <trkpt lat="36.06818396598101" lon="140.31926094554365">
        <ele>5.74</ele>
      </trkpt>
      <trkpt lat="36.068248925730586" lon="140.31904796138406">
        <ele>5.61</ele>
      </trkpt>
      <trkpt lat="36.0682999715209" lon="140.31882299110293">
        <ele>5.45</ele>
      </trkpt>
      <trkpt lat="36.06836794875562" lon="140.3186069894582">
        <ele>5.31</ele>
      </trkpt>
      <trkpt lat="36.06842494569719" lon="140.31838193535805">
        <ele>5.18</ele>
      </trkpt>
      <trkpt lat="36.06850499287248" lon="140.31814799644053">
        <ele>5.12</ele>
      </trkpt>
      <trkpt lat="36.068609934300184" lon="140.31792998313904">
        <ele>5.09</ele>
      </trkpt>
      <trkpt lat="36.06871294789016" lon="140.31771699897945">
        <ele>5.05</ele>
      </trkpt>
      <trkpt lat="36.06880699284375" lon="140.3175049368292">
        <ele>5.02</ele>
      </trkpt>
      <trkpt lat="36.068913945928216" lon="140.3173069562763">
        <ele>5.0</ele>
      </trkpt>
      <trkpt lat="36.06902098283172" lon="140.31712397933006">
        <ele>4.98</ele>
      </trkpt>
      <trkpt lat="36.06912994757295" lon="140.3169369790703">
        <ele>4.93</ele>
      </trkpt>
      <trkpt lat="36.06923698447645" lon="140.31674897298217">
        <ele>4.87</ele>
      </trkpt>
      <trkpt lat="36.06936698779464" lon="140.31655996106565">
        <ele>4.82</ele>
      </trkpt>
      <trkpt lat="36.06948098167777" lon="140.31636994332075">
        <ele>4.81</ele>
      </trkpt>
      <trkpt lat="36.06959095224738" lon="140.31618394888937">
        <ele>4.87</ele>
      </trkpt>
      <trkpt lat="36.06969296000898" lon="140.31595797277987">
        <ele>4.97</ele>
      </trkpt>
      <trkpt lat="36.06979496777058" lon="140.31576795503497">
        <ele>5.04</ele>
      </trkpt>
      <trkpt lat="36.06989094056189" lon="140.3155489359051">
        <ele>5.11</ele>
      </trkpt>
      <trkpt lat="36.069963946938515" lon="140.3153179306537">
        <ele>5.22</ele>
      </trkpt>
      <trkpt lat="36.070031924173236" lon="140.3151109814644">
        <ele>5.25</ele>
      </trkpt>
      <trkpt lat="36.07012093998492" lon="140.31488299369812">
        <ele>5.32</ele>
      </trkpt>
      <trkpt lat="36.07023099437356" lon="140.31466498039663">
        <ele>5.43</ele>
      </trkpt>
      <trkpt lat="36.07030592858791" lon="140.3144299518317">
        <ele>5.56</ele>
      </trkpt>
      <trkpt lat="36.070369966328144" lon="140.3142179735005">
        <ele>5.68</ele>
      </trkpt>
      <trkpt lat="36.07042495161295" lon="140.31400297768414">
        <ele>5.77</ele>
      </trkpt>
      <trkpt lat="36.07047499157488" lon="140.3137689549476">
        <ele>5.83</ele>
      </trkpt>
      <trkpt lat="36.070518996566534" lon="140.31354892998934">
        <ele>5.86</ele>
      </trkpt>
      <trkpt lat="36.07057297602296" lon="140.31332597136497">
        <ele>5.89</ele>
      </trkpt>
      <trkpt lat="36.07061597518623" lon="140.31310795806348">
        <ele>5.94</ele>
      </trkpt>
      <trkpt lat="36.070650927722454" lon="140.31288298778236">
        <ele>6.0</ele>
      </trkpt>
      <trkpt lat="36.07069996185601" lon="140.3126579336822">
        <ele>6.05</ele>
      </trkpt>
      <trkpt lat="36.07075394131243" lon="140.3124399203807">
        <ele>6.11</ele>
      </trkpt>
      <trkpt lat="36.07079895213246" lon="140.31222299672663">
        <ele>6.13</ele>
      </trkpt>
      <trkpt lat="36.07085695490241" lon="140.31198092736304">
        <ele>6.17</ele>
      </trkpt>
      <trkpt lat="36.070909928530455" lon="140.31173491850495">
        <ele>6.21</ele>
      </trkpt>
      <trkpt lat="36.07095896266401" lon="140.3115159831941">
        <ele>6.24</ele>
      </trkpt>
      <trkpt lat="36.07100397348404" lon="140.31129595823586">
        <ele>6.26</ele>
      </trkpt>
      <trkpt lat="36.07105099596083" lon="140.31107895076275">
        <ele>6.24</ele>
      </trkpt>
      <trkpt lat="36.07111394405365" lon="140.31086797825992">
        <ele>6.27</ele>
      </trkpt>
      <trkpt lat="36.07117798179388" lon="140.3106599394232">
        <ele>6.26</ele>
      </trkpt>
      <trkpt lat="36.07121896930039" lon="140.3104419261217">
        <ele>6.25</ele>
      </trkpt>
      <trkpt lat="36.0712409298867" lon="140.31021393835545">
        <ele>6.21</ele>
      </trkpt>
      <trkpt lat="36.071293987333775" lon="140.30996893532574">
        <ele>6.18</ele>
      </trkpt>
      <trkpt lat="36.07134897261858" lon="140.30974597670138">
        <ele>6.11</ele>
      </trkpt>
      <trkpt lat="36.07140798121691" lon="140.30949795618653">
        <ele>6.06</ele>
      </trkpt>
      <trkpt lat="36.07144393958151" lon="140.30924398452044">
        <ele>6.02</ele>
      </trkpt>
      <trkpt lat="36.07145098038018" lon="140.30901893042028">
        <ele>5.95</ele>
      </trkpt>
      <trkpt lat="36.07147294096649" lon="140.30876697041094">
        <ele>5.94</ele>
      </trkpt>
      <trkpt lat="36.07150093652308" lon="140.30852096155286">
        <ele>5.89</ele>
      </trkpt>
      <trkpt lat="36.07152692042291" lon="140.30829699710011">
        <ele>5.84</ele>
      </trkpt>
      <trkpt lat="36.07157193124294" lon="140.30804495327175">
        <ele>5.85</ele>
      </trkpt>
      <trkpt lat="36.071598920971155" lon="140.3078159596771">
        <ele>5.9</ele>
      </trkpt>
      <trkpt lat="36.0716119967401" lon="140.307561988011">
        <ele>5.96</ele>
      </trkpt>
      <trkpt lat="36.0716259945184" lon="140.3073199186474">
        <ele>6.0</ele>
      </trkpt>
      <trkpt lat="36.07160596176982" lon="140.307154962793">
        <ele>6.04</ele>
      </trkpt>
      <trkpt lat="36.07156899757683" lon="140.30689897947013">
        <ele>6.05</ele>
      </trkpt>
      <trkpt lat="36.071553993970156" lon="140.30667392536998">
        <ele>6.08</ele>
      </trkpt>
      <trkpt lat="36.07151694595814" lon="140.30643898062408">
        <ele>6.1</ele>
      </trkpt>
      <trkpt lat="36.07148392125964" lon="140.30621694400907">
        <ele>6.1</ele>
      </trkpt>
      <trkpt lat="36.07145592570305" lon="140.3059839271009">
        <ele>6.11</ele>
      </trkpt>
      <trkpt lat="36.071421978995204" lon="140.30575593933463">
        <ele>6.15</ele>
      </trkpt>
      <trkpt lat="36.07138794846833" lon="140.30552795156837">
        <ele>6.22</ele>
      </trkpt>
      <trkpt lat="36.07135794125497" lon="140.30530692078173">
        <ele>6.29</ele>
      </trkpt>
      <trkpt lat="36.0713529959321" lon="140.3050729818642">
        <ele>6.41</ele>
      </trkpt>
      <trkpt lat="36.07135199010372" lon="140.3048149868846">
        <ele>6.52</ele>
      </trkpt>
      <trkpt lat="36.0713529959321" lon="140.30458196997643">
        <ele>6.63</ele>
      </trkpt>
      <trkpt lat="36.07136799953878" lon="140.30434593558311">
        <ele>6.76</ele>
      </trkpt>
      <trkpt lat="36.071361964568496" lon="140.30410998500884">
        <ele>6.85</ele>
      </trkpt>
      <trkpt lat="36.07136598788202" lon="140.30388493090868">
        <ele>6.96</ele>
      </trkpt>
      <trkpt lat="36.071359952911735" lon="140.3036579489708">
        <ele>7.12</ele>
      </trkpt>
      <trkpt lat="36.0713479667902" lon="140.3034079167992">
        <ele>7.26</ele>
      </trkpt>
      <trkpt lat="36.0713149420917" lon="140.30315595678985">
        <ele>7.35</ele>
      </trkpt>
      <trkpt lat="36.0712599568069" lon="140.30293995514512">
        <ele>7.38</ele>
      </trkpt>
      <trkpt lat="36.071190973743796" lon="140.30269495211542">
        <ele>7.4</ele>
      </trkpt>
      <trkpt lat="36.07113498263061" lon="140.30247199349105">
        <ele>7.47</ele>
      </trkpt>
      <trkpt lat="36.071069939062" lon="140.30222799628973">
        <ele>7.57</ele>
      </trkpt>
      <trkpt lat="36.07100992463529" lon="140.302011994645">
        <ele>7.62</ele>
      </trkpt>
      <trkpt lat="36.07094496488571" lon="140.301797920838">
        <ele>7.67</ele>
      </trkpt>
      <trkpt lat="36.07088092714548" lon="140.3015529178083">
        <ele>7.71</ele>
      </trkpt>
      <trkpt lat="36.07081395573914" lon="140.3013309650123">
        <ele>7.77</ele>
      </trkpt>
      <trkpt lat="36.0707419551909" lon="140.30111596919596">
        <ele>7.81</ele>
      </trkpt>
      <trkpt lat="36.070634918287396" lon="140.3009289689362">
        <ele>7.85</ele>
      </trkpt>
      <trkpt lat="36.07052796520293" lon="140.30075093731284">
        <ele>7.88</ele>
      </trkpt>
      <trkpt lat="36.07041799463332" lon="140.3005589917302">
        <ele>7.87</ele>
      </trkpt>
      <trkpt lat="36.07030198909342" lon="140.30034994706511">
        <ele>7.83</ele>
      </trkpt>
      <trkpt lat="36.07018296606839" lon="140.30017895624042">
        <ele>7.76</ele>
      </trkpt>
      <trkpt lat="36.070071989670396" lon="140.29999095015228">
        <ele>7.74</ele>
      </trkpt>
      <trkpt lat="36.06998196803033" lon="140.29978894628584">
        <ele>7.7</ele>
      </trkpt>
      <trkpt lat="36.06989395804703" lon="140.2995929773897">
        <ele>7.61</ele>
      </trkpt>
      <trkpt lat="36.06980393640697" lon="140.29939893633127">
        <ele>7.47</ele>
      </trkpt>
      <trkpt lat="36.06970192864537" lon="140.29920992441475">
        <ele>7.31</ele>
      </trkpt>
      <trkpt lat="36.06960293836892" lon="140.2990059927106">
        <ele>7.12</ele>
      </trkpt>
      <trkpt lat="36.069492967799306" lon="140.29882494360209">
        <ele>6.92</ele>
      </trkpt>
      <trkpt lat="36.06937696225941" lon="140.298644984141">
        <ele>6.75</ele>
      </trkpt>
      <trkpt lat="36.0692479647696" lon="140.298467958346">
        <ele>6.64</ele>
      </trkpt>
      <trkpt lat="36.06911695562303" lon="140.29831297695637">
        <ele>6.56</ele>
      </trkpt>
      <trkpt lat="36.06896298006177" lon="140.29815891757607">
        <ele>6.54</ele>
      </trkpt>
      <trkpt lat="36.06883096508682" lon="140.29798993840814">
        <ele>6.52</ele>
      </trkpt>
      <trkpt lat="36.068696938455105" lon="140.29783093370497">
        <ele>6.45</ele>
      </trkpt>
      <trkpt lat="36.06855193153024" lon="140.29767092317343">
        <ele>6.37</ele>
      </trkpt>
      <trkpt lat="36.068416982889175" lon="140.29749196954072">
        <ele>6.31</ele>
      </trkpt>
      <trkpt lat="36.068291924893856" lon="140.29732399620116">
        <ele>6.29</ele>
      </trkpt>
      <trkpt lat="36.068268958479166" lon="140.2972979284823">
        <ele>6.26</ele>
      </trkpt>
      <trkpt lat="36.068137949332595" lon="140.29712794348598">
        <ele>6.26</ele>
      </trkpt>
      <trkpt lat="36.06800199486315" lon="140.29695896431804">
        <ele>6.28</ele>
      </trkpt>
      <trkpt lat="36.06786394491792" lon="140.29681093990803">
        <ele>6.29</ele>
      </trkpt>
      <trkpt lat="36.06770393438637" lon="140.29663994908333">
        <ele>6.31</ele>
      </trkpt>
      <trkpt lat="36.06754492968321" lon="140.29647692106664">
        <ele>6.34</ele>
      </trkpt>
      <trkpt lat="36.06739891692996" lon="140.29630492441356">
        <ele>6.35</ele>
      </trkpt>
      <trkpt lat="36.06723999604583" lon="140.296136951074">
        <ele>6.26</ele>
      </trkpt>
      <trkpt lat="36.06707495637238" lon="140.295988926664">
        <ele>6.2</ele>
      </trkpt>
      <trkpt lat="36.066914945840836" lon="140.29584098607302">
        <ele>6.22</ele>
      </trkpt>
      <trkpt lat="36.06675292365253" lon="140.29567594639957">
        <ele>6.24</ele>
      </trkpt>
      <trkpt lat="36.06660892255604" lon="140.29553798027337">
        <ele>6.23</ele>
      </trkpt>
      <trkpt lat="36.066461987793446" lon="140.29540395364165">
        <ele>6.17</ele>
      </trkpt>
      <trkpt lat="36.066288985311985" lon="140.2952579408884">
        <ele>6.1</ele>
      </trkpt>
      <trkpt lat="36.06610894203186" lon="140.29512793757021">
        <ele>6.08</ele>
      </trkpt>
      <trkpt lat="36.065948931500316" lon="140.2950089983642">
        <ele>6.11</ele>
      </trkpt>
      <trkpt lat="36.06577995233238" lon="140.29489198699594">
        <ele>6.2</ele>
      </trkpt>
      <trkpt lat="36.06561197899282" lon="140.29477698728442">
        <ele>6.24</ele>
      </trkpt>
      <trkpt lat="36.0654369648546" lon="140.29467296786606">
        <ele>6.24</ele>
      </trkpt>
      <trkpt lat="36.06526697985828" lon="140.29457892291248">
        <ele>6.33</ele>
      </trkpt>
      <trkpt lat="36.065106969326735" lon="140.29447498731315">
        <ele>6.43</ele>
      </trkpt>
      <trkpt lat="36.06494997628033" lon="140.2943659387529">
        <ele>6.51</ele>
      </trkpt>
      <trkpt lat="36.06476993300021" lon="140.29423995874822">
        <ele>6.51</ele>
      </trkpt>
      <trkpt lat="36.06462199240923" lon="140.29411297291517">
        <ele>6.51</ele>
      </trkpt>
      <trkpt lat="36.0644699446857" lon="140.29396092519164">
        <ele>6.46</ele>
      </trkpt>
      <trkpt lat="36.06430599465966" lon="140.29380192048848">
        <ele>6.44</ele>
      </trkpt>
      <trkpt lat="36.06417892500758" lon="140.2936399821192">
        <ele>6.49</ele>
      </trkpt>
      <trkpt lat="36.06404799968004" lon="140.29348793439567">
        <ele>6.56</ele>
      </trkpt>
      <trkpt lat="36.063907938078046" lon="140.29333798214793">
        <ele>6.69</ele>
      </trkpt>
      <trkpt lat="36.06374893337488" lon="140.29320596717298">
        <ele>6.83</ele>
      </trkpt>
      <trkpt lat="36.063584983348846" lon="140.29307696968317">
        <ele>6.97</ele>
      </trkpt>
      <trkpt lat="36.063433941453695" lon="140.2929409313947">
        <ele>7.14</ele>
      </trkpt>
      <trkpt lat="36.06326395645738" lon="140.29281495139003">
        <ele>7.36</ele>
      </trkpt>
      <trkpt lat="36.0630969889462" lon="140.29269894585013">
        <ele>7.58</ele>
      </trkpt>
      <trkpt lat="36.062937984243035" lon="140.292584951967">
        <ele>7.85</ele>
      </trkpt>
      <trkpt lat="36.062762970104814" lon="140.2924699522555">
        <ele>8.08</ele>
      </trkpt>
      <trkpt lat="36.062597930431366" lon="140.29232695698738">
        <ele>8.29</ele>
      </trkpt>
      <trkpt lat="36.06248091906309" lon="140.2921359334141">
        <ele>8.52</ele>
      </trkpt>
      <trkpt lat="36.06241093017161" lon="140.29189797118306">
        <ele>8.77</ele>
      </trkpt>
      <trkpt lat="36.06245392933488" lon="140.2916559856385">
        <ele>9.07</ele>
      </trkpt>
      <trkpt lat="36.062550991773605" lon="140.29144593514502">
        <ele>9.45</ele>
      </trkpt>
      <trkpt lat="36.06264394707978" lon="140.2912339568138">
        <ele>9.87</ele>
      </trkpt>
      <trkpt lat="36.062746960669756" lon="140.29104293324053">
        <ele>10.38</ele>
      </trkpt>
      <trkpt lat="36.06288199312985" lon="140.29084193520248">
        <ele>10.87</ele>
      </trkpt>
      <trkpt lat="36.06301593594253" lon="140.29065099544823">
        <ele>11.27</ele>
      </trkpt>
      <trkpt lat="36.06314199976623" lon="140.29048696160316">
        <ele>11.64</ele>
      </trkpt>
      <trkpt lat="36.06326898559928" lon="140.29032393358648">
        <ele>11.82</ele>
      </trkpt>
      <trkpt lat="36.06328893452883" lon="140.2902919985354">
        <ele>12.07</ele>
      </trkpt>
      <trkpt lat="36.063388930633664" lon="140.29007297940552">
        <ele>12.23</ele>
      </trkpt>
      <trkpt lat="36.06352798640728" lon="140.28989193029702">
        <ele>12.53</ele>
      </trkpt>
      <trkpt lat="36.06365396641195" lon="140.28972295112908">
        <ele>12.81</ele>
      </trkpt>
      <trkpt lat="36.063773995265365" lon="140.2895459253341">
        <ele>13.05</ele>
      </trkpt>
      <trkpt lat="36.06389695778489" lon="140.28937191702425">
        <ele>13.3</ele>
      </trkpt>
      <trkpt lat="36.064012963324785" lon="140.28918793424964">
        <ele>13.4</ele>
      </trkpt>
      <trkpt lat="36.064119916409254" lon="140.2889909595251">
        <ele>13.33</ele>
      </trkpt>
      <trkpt lat="36.06423592194915" lon="140.2887789811939">
        <ele>13.26</ele>
      </trkpt>
      <trkpt lat="36.0643679369241" lon="140.28858494013548">
        <ele>13.16</ele>
      </trkpt>
      <trkpt lat="36.06449592858553" lon="140.28840799815953">
        <ele>13.09</ele>
      </trkpt>
      <trkpt lat="36.06460397131741" lon="140.2882279548794">
        <ele>12.92</ele>
      </trkpt>
      <trkpt lat="36.06473196297884" lon="140.28805595822632">
        <ele>12.78</ele>
      </trkpt>
      <trkpt lat="36.06483992189169" lon="140.28787692077458">
        <ele>12.54</ele>
      </trkpt>
      <trkpt lat="36.06495299376547" lon="140.287700984627">
        <ele>12.25</ele>
      </trkpt>
      <trkpt lat="36.06507696211338" lon="140.28752898797393">
        <ele>11.95</ele>
      </trkpt>
      <trkpt lat="36.065194979310036" lon="140.28732798993587">
        <ele>11.52</ele>
      </trkpt>
      <trkpt lat="36.06531894765794" lon="140.287145934999">
        <ele>11.01</ele>
      </trkpt>
      <trkpt lat="36.06546194292605" lon="140.28699891641736">
        <ele>10.49</ele>
      </trkpt>
      <trkpt lat="36.06558599509299" lon="140.28681292198598">
        <ele>9.87</ele>
      </trkpt>
      <trkpt lat="36.06572094373405" lon="140.2866509836167">
        <ele>9.27</ele>
      </trkpt>
      <trkpt lat="36.065857987850904" lon="140.28648292645812">
        <ele>8.77</ele>
      </trkpt>
      <trkpt lat="36.0660429764539" lon="140.28637697920203">
        <ele>8.28</ele>
      </trkpt>
      <trkpt lat="36.06618798337877" lon="140.2862249314785">
        <ele>7.8</ele>
      </trkpt>
      <trkpt lat="36.06630893424153" lon="140.28605192899704">
        <ele>7.35</ele>
      </trkpt>
      <trkpt lat="36.06642393395305" lon="140.2858739811927">
        <ele>6.92</ele>
      </trkpt>
      <trkpt lat="36.06654396280646" lon="140.2856929320842">
        <ele>6.51</ele>
      </trkpt>
      <trkpt lat="36.06667094863951" lon="140.28551699593663">
        <ele>6.1</ele>
      </trkpt>
      <trkpt lat="36.066802963614464" lon="140.28534692712128">
        <ele>5.75</ele>
      </trkpt>
      <trkpt lat="36.06694193556905" lon="140.28518691658974">
        <ele>5.46</ele>
      </trkpt>
      <trkpt lat="36.06709398329258" lon="140.28500796295702">
        <ele>5.3</ele>
      </trkpt>
      <trkpt lat="36.06722792610526" lon="140.28485398739576">
        <ele>5.12</ele>
      </trkpt>
      <trkpt lat="36.067342925816774" lon="140.284666987136">
        <ele>4.95</ele>
      </trkpt>
      <trkpt lat="36.06744694523513" lon="140.28447898104787">
        <ele>4.83</ele>
      </trkpt>
      <trkpt lat="36.06754794716835" lon="140.28428493998945">
        <ele>4.75</ele>
      </trkpt>
      <trkpt lat="36.067666970193386" lon="140.284082936123">
        <ele>4.7</ele>
      </trkpt>
      <trkpt lat="36.067771995440125" lon="140.28387799859047">
        <ele>4.7</ele>
      </trkpt>
      <trkpt lat="36.067877942696214" lon="140.28369192034006">
        <ele>4.72</ele>
      </trkpt>
      <trkpt lat="36.067988919094205" lon="140.2834959514439">
        <ele>4.8</ele>
      </trkpt>
      <trkpt lat="36.06808799318969" lon="140.28330199420452">
        <ele>4.86</ele>
      </trkpt>
      <trkpt lat="36.06818991713226" lon="140.28310099616647">
        <ele>4.95</ele>
      </trkpt>
      <trkpt lat="36.06827298179269" lon="140.28289195150137">
        <ele>5.1</ele>
      </trkpt>
      <trkpt lat="36.06834892183542" lon="140.2826859243214">
        <ele>5.34</ele>
      </trkpt>
      <trkpt lat="36.06843198649585" lon="140.28247595764697">
        <ele>5.61</ele>
      </trkpt>
      <trkpt lat="36.068545980378985" lon="140.28227898292243">
        <ele>5.92</ele>
      </trkpt>
      <trkpt lat="36.068674977868795" lon="140.28210799209774">
        <ele>6.21</ele>
      </trkpt>
      <trkpt lat="36.068801963701844" lon="140.28193892911077">
        <ele>6.44</ele>
      </trkpt>
      <trkpt lat="36.06892593204975" lon="140.2817759849131">
        <ele>6.72</ele>
      </trkpt>
      <trkpt lat="36.06896599754691" lon="140.2817209996283">
        <ele>6.99</ele>
      </trkpt>
      <trkpt lat="36.069080997258425" lon="140.2815449796617">
        <ele>7.28</ele>
      </trkpt>
      <trkpt lat="36.06919691897929" lon="140.28136594220996">
        <ele>7.55</ele>
      </trkpt>
      <trkpt lat="36.06932197697461" lon="140.28120593167841">
        <ele>7.78</ele>
      </trkpt>
      <trkpt lat="36.06945591978729" lon="140.28103795833886">
        <ele>7.95</ele>
      </trkpt>
      <trkpt lat="36.069574942812324" lon="140.28086797334254">
        <ele>8.13</ele>
      </trkpt>
      <trkpt lat="36.06966798193753" lon="140.2806609403342">
        <ele>8.23</ele>
      </trkpt>
      <trkpt lat="36.069750962778926" lon="140.28045994229615">
        <ele>8.31</ele>
      </trkpt>
      <trkpt lat="36.069856993854046" lon="140.2802399173379">
        <ele>8.37</ele>
      </trkpt>
      <trkpt lat="36.06997693888843" lon="140.2800549287349">
        <ele>8.53</ele>
      </trkpt>
      <trkpt lat="36.07008699327707" lon="140.27987295761704">
        <ele>8.65</ele>
      </trkpt>
      <trkpt lat="36.07017198577523" lon="140.2796629909426">
        <ele>8.65</ele>
      </trkpt>
      <trkpt lat="36.07023493386805" lon="140.2794539462775">
        <ele>8.58</ele>
      </trkpt>
      <trkpt lat="36.070310957729816" lon="140.27924297377467">
        <ele>8.5</ele>
      </trkpt>
      <trkpt lat="36.07040399685502" lon="140.27903392910957">
        <ele>8.45</ele>
      </trkpt>
      <trkpt lat="36.07048999518156" lon="140.2788249682635">
        <ele>8.37</ele>
      </trkpt>
      <trkpt lat="36.07057892717421" lon="140.278598992154">
        <ele>8.31</ele>
      </trkpt>
      <trkpt lat="36.07068395242095" lon="140.27839799411595">
        <ele>8.23</ele>
      </trkpt>
      <trkpt lat="36.07079492881894" lon="140.2781969960779">
        <ele>8.21</ele>
      </trkpt>
      <trkpt lat="36.07089199125767" lon="140.27798099443316">
        <ele>8.16</ele>
      </trkpt>
      <trkpt lat="36.07095996849239" lon="140.27776599861681">
        <ele>7.95</ele>
      </trkpt>
      <trkpt lat="36.07101394794881" lon="140.2775249350816">
        <ele>7.61</ele>
      </trkpt>
      <trkpt lat="36.07107697986066" lon="140.27728898450732">
        <ele>7.34</ele>
      </trkpt>
      <trkpt lat="36.07113699428737" lon="140.2770629245788">
        <ele>7.13</ele>
      </trkpt>
      <trkpt lat="36.071207989007235" lon="140.27685195207596">
        <ele>7.0</ele>
      </trkpt>
      <trkpt lat="36.07128392904997" lon="140.27664693072438">
        <ele>6.97</ele>
      </trkpt>
      <trkpt lat="36.071381997317076" lon="140.27644895017147">
        <ele>7.02</ele>
      </trkpt>
      <trkpt lat="36.071471935138106" lon="140.27622791938484">
        <ele>7.02</ele>
      </trkpt>
      <trkpt lat="36.071575954556465" lon="140.27602692134678">
        <ele>7.09</ele>
      </trkpt>
      <trkpt lat="36.071681985631585" lon="140.27582894079387">
        <ele>7.17</ele>
      </trkpt>
      <trkpt lat="36.07178793288767" lon="140.27562794275582">
        <ele>7.29</ele>
      </trkpt>
      <trkpt lat="36.071897987276316" lon="140.2754309680313">
        <ele>7.45</ele>
      </trkpt>
      <trkpt lat="36.0720229614526" lon="140.27523692697287">
        <ele>7.66</ele>
      </trkpt>
      <trkpt lat="36.072133937850595" lon="140.27504296973348">
        <ele>7.92</ele>
      </trkpt>
      <trkpt lat="36.07223493978381" lon="140.27481699362397">
        <ele>8.25</ele>
      </trkpt>
      <trkpt lat="36.072324961423874" lon="140.27461398392916">
        <ele>8.61</ele>
      </trkpt>
      <trkpt lat="36.07240492478013" lon="140.27440896257758">
        <ele>8.96</ele>
      </trkpt>
      <trkpt lat="36.072476925328374" lon="140.27416395954788">
        <ele>9.3</ele>
      </trkpt>
      <trkpt lat="36.07252495363355" lon="140.27394292876124">
        <ele>9.63</ele>
      </trkpt>
      <trkpt lat="36.07255898416042" lon="140.27372198179364">
        <ele>10.0</ele>
      </trkpt>
      <trkpt lat="36.072603994980454" lon="140.27349994517863">
        <ele>10.42</ele>
      </trkpt>
      <trkpt lat="36.07264095917344" lon="140.27327296324074">
        <ele>10.86</ele>
      </trkpt>
      <trkpt lat="36.07270499691367" lon="140.27304799295962">
        <ele>11.28</ele>
      </trkpt>
      <trkpt lat="36.07274095527828" lon="140.2728169877082">
        <ele>11.68</ele>
      </trkpt>
      <trkpt lat="36.07276098802686" lon="140.27257894165814">
        <ele>12.05</ele>
      </trkpt>
      <trkpt lat="36.07280792668462" lon="140.27232899330556">
        <ele>12.44</ele>
      </trkpt>
      <trkpt lat="36.07285997830331" lon="140.27209999971092">
        <ele>12.82</ele>
      </trkpt>
      <trkpt lat="36.07288998551667" lon="140.27190797030926">
        <ele>13.17</ele>
      </trkpt>
      <trkpt lat="36.072953939437866" lon="140.27166799642146">
        <ele>13.53</ele>
      </trkpt>
      <trkpt lat="36.072993921115994" lon="140.27144495397806">
        <ele>13.87</ele>
      </trkpt>
      <trkpt lat="36.07304194942117" lon="140.27122694067657">
        <ele>14.16</ele>
      </trkpt>
      <trkpt lat="36.073076985776424" lon="140.2709939237684">
        <ele>14.36</ele>
      </trkpt>
      <trkpt lat="36.07311294414103" lon="140.27075696736574">
        <ele>14.46</ele>
      </trkpt>
      <trkpt lat="36.07314697466791" lon="140.27052696794271">
        <ele>14.47</ele>
      </trkpt>
      <trkpt lat="36.0731749702245" lon="140.2702969685197">
        <ele>14.49</ele>
      </trkpt>
      <trkpt lat="36.073208916932344" lon="140.27003897354007">
        <ele>14.51</ele>
      </trkpt>
      <trkpt lat="36.07325694523752" lon="140.26980495080352">
        <ele>14.57</ele>
      </trkpt>
      <trkpt lat="36.07332198880613" lon="140.26957696303725">
        <ele>14.57</ele>
      </trkpt>
      <trkpt lat="36.073401952162385" lon="140.269356938079">
        <ele>14.57</ele>
      </trkpt>
      <trkpt lat="36.073465989902616" lon="140.26913297362626">
        <ele>14.58</ele>
      </trkpt>
      <trkpt lat="36.07350194826722" lon="140.26890297420323">
        <ele>14.46</ele>
      </trkpt>
      <trkpt lat="36.07354293577373" lon="140.26868093758821">
        <ele>14.25</ele>
      </trkpt>
      <trkpt lat="36.07356196269393" lon="140.26845697313547">
        <ele>13.94</ele>
      </trkpt>
      <trkpt lat="36.073595993220806" lon="140.26819998398423">
        <ele>13.56</ele>
      </trkpt>
      <trkpt lat="36.07363195158541" lon="140.26797995902598">
        <ele>13.19</ele>
      </trkpt>
      <trkpt lat="36.07367293909192" lon="140.26774895377457">
        <ele>12.82</ele>
      </trkpt>
      <trkpt lat="36.07371593825519" lon="140.26750897988677">
        <ele>12.39</ele>
      </trkpt>
      <trkpt lat="36.07376094907522" lon="140.26729398407042">
        <ele>12.04</ele>
      </trkpt>
      <trkpt lat="36.07382599264383" lon="140.26708192192018">
        <ele>11.8</ele>
      </trkpt>
      <trkpt lat="36.07388399541378" lon="140.26686692610383">
        <ele>11.5</ele>
      </trkpt>
      <trkpt lat="36.073938980698586" lon="140.2666199952364">
        <ele>11.18</ele>
      </trkpt>
      <trkpt lat="36.07400796376169" lon="140.26638094335794">
        <ele>10.88</ele>
      </trkpt>
      <trkpt lat="36.07406294904649" lon="140.26615999639034">
        <ele>10.61</ele>
      </trkpt>
      <trkpt lat="36.07412195764482" lon="140.2659339364618">
        <ele>10.3</ele>
      </trkpt>
      <trkpt lat="36.07416696846485" lon="140.26571592316031">
        <ele>9.98</ele>
      </trkpt>
      <trkpt lat="36.07422698289156" lon="140.26550293900073">
        <ele>9.74</ele>
      </trkpt>
      <trkpt lat="36.07427392154932" lon="140.26528098620474">
        <ele>9.51</ele>
      </trkpt>
      <trkpt lat="36.07431792654097" lon="140.2650469634682">
        <ele>9.3</ele>
      </trkpt>
      <trkpt lat="36.07433896511793" lon="140.26479793712497">
        <ele>9.09</ele>
      </trkpt>
      <trkpt lat="36.074349945411086" lon="140.26455997489393">
        <ele>8.93</ele>
      </trkpt>
      <trkpt lat="36.074342988431454" lon="140.26433198712766">
        <ele>8.82</ele>
      </trkpt>
      <trkpt lat="36.07432899065316" lon="140.26410098187625">
        <ele>8.7</ele>
      </trkpt>
      <trkpt lat="36.07435296289623" lon="140.26386796496809">
        <ele>8.62</ele>
      </trkpt>
      <trkpt lat="36.074389927089214" lon="140.2636359538883">
        <ele>8.52</ele>
      </trkpt>
      <trkpt lat="36.07442094013095" lon="140.26341391727328">
        <ele>8.44</ele>
      </trkpt>
      <trkpt lat="36.074451953172684" lon="140.2631829958409">
        <ele>8.38</ele>
      </trkpt>
      <trkpt lat="36.074455976486206" lon="140.26293396949768">
        <ele>8.33</ele>
      </trkpt>
      <trkpt lat="36.07446393929422" lon="140.2627099212259">
        <ele>8.34</ele>
      </trkpt>
      <trkpt lat="36.07446595095098" lon="140.26247397065163">
        <ele>8.38</ele>
      </trkpt>
      <trkpt lat="36.07446192763746" lon="140.26224992237985">
        <ele>8.46</ele>
      </trkpt>
      <trkpt lat="36.074474919587374" lon="140.26201598346233">
        <ele>8.53</ele>
      </trkpt>
      <trkpt lat="36.07447098009288" lon="140.26178196072578">
        <ele>8.62</ele>
      </trkpt>
      <trkpt lat="36.074478942900896" lon="140.26155196130276">
        <ele>8.71</ele>
      </trkpt>
      <trkpt lat="36.0744839720428" lon="140.2613239735365">
        <ele>8.78</ele>
      </trkpt>
      <trkpt lat="36.0744699742645" lon="140.261068996042">
        <ele>8.78</ele>
      </trkpt>
      <trkpt lat="36.07442798092961" lon="140.26083698496222">
        <ele>8.78</ele>
      </trkpt>
      <trkpt lat="36.07437592931092" lon="140.26062198914587">
        <ele>8.82</ele>
      </trkpt>
      <trkpt lat="36.07432194985449" lon="140.26039693504572">
        <ele>8.83</ele>
      </trkpt>
      <trkpt lat="36.07424592599273" lon="140.26017892174423">
        <ele>8.74</ele>
      </trkpt>
      <trkpt lat="36.07416596263647" lon="140.25997096672654">
        <ele>8.55</ele>
      </trkpt>
      <trkpt lat="36.07407895848155" lon="140.2597689628601">
        <ele>8.28</ele>
      </trkpt>
      <trkpt lat="36.07399798929691" lon="140.25956192985177">
        <ele>8.08</ele>
      </trkpt>
      <trkpt lat="36.073937974870205" lon="140.25934492237866">
        <ele>7.91</ele>
      </trkpt>
      <trkpt lat="36.073893969878554" lon="140.25910897180438">
        <ele>7.77</ele>
      </trkpt>
      <trkpt lat="36.07384594157338" lon="140.25887897238135">
        <ele>7.59</ele>
      </trkpt>
      <trkpt lat="36.073783999308944" lon="140.25864897295833">
        <ele>7.43</ele>
      </trkpt>
      <trkpt lat="36.07371794991195" lon="140.25842391885817">
        <ele>7.3</ele>
      </trkpt>
      <trkpt lat="36.0736739449203" lon="140.2581739705056">
        <ele>7.21</ele>
      </trkpt>
      <trkpt lat="36.073635974898934" lon="140.2579479943961">
        <ele>7.08</ele>
      </trkpt>
      <trkpt lat="36.073598926886916" lon="140.25772394612432">
        <ele>6.95</ele>
      </trkpt>
      <trkpt lat="36.07355399988592" lon="140.25749696418643">
        <ele>6.86</ele>
      </trkpt>
      <trkpt lat="36.073486944660544" lon="140.25725095532835">
        <ele>6.74</ele>
      </trkpt>
      <trkpt lat="36.0734289418906" lon="140.25701995007694">
        <ele>6.64</ele>
      </trkpt>
      <trkpt lat="36.07337093912065" lon="140.25677494704723">
        <ele>6.57</ele>
      </trkpt>
      <trkpt lat="36.07332592830062" lon="140.25655693374574">
        <ele>6.53</ele>
      </trkpt>
      <trkpt lat="36.07327798381448" lon="140.25633397512138">
        <ele>6.5</ele>
      </trkpt>
      <trkpt lat="36.07322693802416" lon="140.25611395016313">
        <ele>6.5</ele>
      </trkpt>
      <trkpt lat="36.073188968002796" lon="140.25588998571038">
        <ele>6.49</ele>
      </trkpt>
      <trkpt lat="36.07312995940447" lon="140.25567498989403">
        <ele>6.45</ele>
      </trkpt>
      <trkpt lat="36.07304597273469" lon="140.25547399185598">
        <ele>6.42</ele>
      </trkpt>
      <trkpt lat="36.072949999943376" lon="140.25527492165565">
        <ele>6.31</ele>
      </trkpt>
      <trkpt lat="36.0728329885751" lon="140.25508297607303">
        <ele>6.19</ele>
      </trkpt>
      <trkpt lat="36.0727209225297" lon="140.25490092113614">
        <ele>6.07</ele>
      </trkpt>
      <trkpt lat="36.0725879855454" lon="140.25473093613982">
        <ele>5.98</ele>
      </trkpt>
      <trkpt lat="36.07244499027729" lon="140.25457092560828">
        <ele>5.93</ele>
      </trkpt>
      <trkpt lat="36.072324961423874" lon="140.2543899603188">
        <ele>5.87</ele>
      </trkpt>
      <trkpt lat="36.07220199890435" lon="140.25420899502933">
        <ele>5.83</ele>
      </trkpt>
      <trkpt lat="36.072072917595506" lon="140.2540209889412">
        <ele>5.8</ele>
      </trkpt>
      <trkpt lat="36.07193696312606" lon="140.25382393039763">
        <ele>5.77</ele>
      </trkpt>
      <trkpt lat="36.071811988949776" lon="140.2536539454013">
        <ele>5.74</ele>
      </trkpt>
      <trkpt lat="36.071680979803205" lon="140.25347298011184">
        <ele>5.74</ele>
      </trkpt>
      <trkpt lat="36.07157092541456" lon="140.25329595431685">
        <ele>5.72</ele>
      </trkpt>
      <trkpt lat="36.07148199342191" lon="140.25308892130852">
        <ele>5.63</ele>
      </trkpt>
      <trkpt lat="36.071405969560146" lon="140.25287099182606">
        <ele>5.55</ele>
      </trkpt>
      <trkpt lat="36.07132198289037" lon="140.25263596326113">
        <ele>5.49</ele>
      </trkpt>
      <trkpt lat="36.071275966241956" lon="140.2524139266461">
        <ele>5.43</ele>
      </trkpt>
      <trkpt lat="36.071253921836615" lon="140.25217898190022">
        <ele>5.38</ele>
      </trkpt>
      <trkpt lat="36.07122098095715" lon="140.25195292197168">
        <ele>5.35</ele>
      </trkpt>
      <trkpt lat="36.071209916844964" lon="140.25172292254865">
        <ele>5.32</ele>
      </trkpt>
      <trkpt lat="36.07117597013712" lon="140.2514989580959">
        <ele>5.25</ele>
      </trkpt>
      <trkpt lat="36.07111997902393" lon="140.2512769214809">
        <ele>5.18</ele>
      </trkpt>
      <trkpt lat="36.0710749682039" lon="140.25105295702815">
        <ele>5.11</ele>
      </trkpt>
      <trkpt lat="36.07107697986066" lon="140.25101196952164">
        <ele>5.03</ele>
      </trkpt>
      <trkpt lat="36.07116197235882" lon="140.25077593512833">
        <ele>4.9</ele>
      </trkpt>
      <trkpt lat="36.07128694653511" lon="140.2505789604038">
        <ele>4.84</ele>
      </trkpt>
      <trkpt lat="36.07140999287367" lon="140.2503939718008">
        <ele>4.76</ele>
      </trkpt>
      <trkpt lat="36.07154091820121" lon="140.25021895766258">
        <ele>4.68</ele>
      </trkpt>
      <trkpt lat="36.07166798785329" lon="140.25004796683788">
        <ele>4.55</ele>
      </trkpt>
      <trkpt lat="36.07178692705929" lon="140.24986498989165">
        <ele>4.42</ele>
      </trkpt>
      <trkpt lat="36.07191491872072" lon="140.24968695826828">
        <ele>4.34</ele>
      </trkpt>
      <trkpt lat="36.0720419883728" lon="140.2495209965855">
        <ele>4.27</ele>
      </trkpt>
      <trkpt lat="36.07216394506395" lon="140.24935092777014">
        <ele>4.25</ele>
      </trkpt>
      <trkpt lat="36.072282968088984" lon="140.2491739857942">
        <ele>4.28</ele>
      </trkpt>
      <trkpt lat="36.072417916730046" lon="140.2490029949695">
        <ele>4.26</ele>
      </trkpt>
      <trkpt lat="36.0725359339267" lon="140.24882194586098">
        <ele>4.2</ele>
      </trkpt>
      <trkpt lat="36.072691921144724" lon="140.2486499492079">
        <ele>4.09</ele>
      </trkpt>
      <trkpt lat="36.072843968868256" lon="140.2485149167478">
        <ele>3.95</ele>
      </trkpt>
      <trkpt lat="36.073013953864574" lon="140.24840293452144">
        <ele>3.86</ele>
      </trkpt>
      <trkpt lat="36.07317094691098" lon="140.24828793480992">
        <ele>3.75</ele>
      </trkpt>
      <trkpt lat="36.07330497354269" lon="140.2481369767338">
        <ele>3.73</ele>
      </trkpt>
      <trkpt lat="36.073426930233836" lon="140.24795098230243">
        <ele>3.71</ele>
      </trkpt>
      <trkpt lat="36.07354796491563" lon="140.24774495512247">
        <ele>3.69</ele>
      </trkpt>
      <trkpt lat="36.07365097850561" lon="140.2475309651345">
        <ele>3.65</ele>
      </trkpt>
      <trkpt lat="36.073745945468545" lon="140.2473269496113">
        <ele>3.6</ele>
      </trkpt>
      <trkpt lat="36.073850970715284" lon="140.24711195379496">
        <ele>3.57</ele>
      </trkpt>
      <trkpt lat="36.07396395877004" lon="140.24693199433386">
        <ele>3.58</ele>
      </trkpt>
      <trkpt lat="36.074088932946324" lon="140.2467309962958">
        <ele>3.61</ele>
      </trkpt>
      <trkpt lat="36.07422798871994" lon="140.24653896689415">
        <ele>3.66</ele>
      </trkpt>
      <trkpt lat="36.074369978159666" lon="140.2464019227773">
        <ele>3.74</ele>
      </trkpt>
      <trkpt lat="36.07454893179238" lon="140.246268985793">
        <ele>3.8</ele>
      </trkpt>
      <trkpt lat="36.07470299117267" lon="140.2461479511112">
        <ele>3.9</ele>
      </trkpt>
      <trkpt lat="36.07485394924879" lon="140.2460189536214">
        <ele>3.98</ele>
      </trkpt>
      <trkpt lat="36.07500499114394" lon="140.24589599110186">
        <ele>4.09</ele>
      </trkpt>
      <trkpt lat="36.07518092729151" lon="140.2458339650184">
        <ele>4.15</ele>
      </trkpt>
      <trkpt lat="36.075374968349934" lon="140.24585994891822">
        <ele>4.34</ele>
      </trkpt>
      <trkpt lat="36.07556196860969" lon="140.24590998888016">
        <ele>4.55</ele>
      </trkpt>
      <trkpt lat="36.075745951384306" lon="140.2459679916501">
        <ele>4.76</ele>
      </trkpt>
      <trkpt lat="36.07592599466443" lon="140.24595592170954">
        <ele>4.9</ele>
      </trkpt>
      <trkpt lat="36.07611492276192" lon="140.2458659838885">
        <ele>5.15</ele>
      </trkpt>
      <trkpt lat="36.07629496604204" lon="140.2457919716835">
        <ele>5.38</ele>
      </trkpt>
      <trkpt lat="36.07648598961532" lon="140.24568594060838">
        <ele>5.57</ele>
      </trkpt>
      <trkpt lat="36.07665597461164" lon="140.2455929853022">
        <ele>5.73</ele>
      </trkpt>
      <trkpt lat="36.07682595960796" lon="140.24550698697567">
        <ele>5.79</ele>
      </trkpt>
      <trkpt lat="36.07700692489743" lon="140.2454079966992">
        <ele>6.04</ele>
      </trkpt>
      <trkpt lat="36.07717992737889" lon="140.2453289553523">
        <ele>6.2</ele>
      </trkpt>
      <trkpt lat="36.077377991750836" lon="140.2452469803393">
        <ele>6.36</ele>
      </trkpt>
      <trkpt lat="36.07757999561727" lon="140.24517497979105">
        <ele>6.49</ele>
      </trkpt>
      <trkpt lat="36.07777596451342" lon="140.24508294649422">
        <ele>6.61</ele>
      </trkpt>
      <trkpt lat="36.07794594950974" lon="140.24500692263246">
        <ele>6.66</ele>
      </trkpt>
      <trkpt lat="36.07803395949304" lon="140.2449689526111">
        <ele>6.72</ele>
      </trkpt>
      <trkpt lat="36.078212996944785" lon="140.2448939345777">
        <ele>6.83</ele>
      </trkpt>
      <trkpt lat="36.078389938920736" lon="140.24482696317136">
        <ele>6.78</ele>
      </trkpt>
      <trkpt lat="36.078559923917055" lon="140.2447469998151">
        <ele>6.72</ele>
      </trkpt>
      <trkpt lat="36.07874097302556" lon="140.2446869853884">
        <ele>6.7</ele>
      </trkpt>
      <trkpt lat="36.07891799882054" lon="140.24461699649692">
        <ele>6.68</ele>
      </trkpt>
      <trkpt lat="36.079113967716694" lon="140.24453795515">
        <ele>6.68</ele>
      </trkpt>
      <trkpt lat="36.079287976026535" lon="140.24446796625853">
        <ele>6.63</ele>
      </trkpt>
      <trkpt lat="36.079478999599814" lon="140.24437995627522">
        <ele>6.57</ele>
      </trkpt>
      <trkpt lat="36.07964697293937" lon="140.24428197182715">
        <ele>6.52</ele>
      </trkpt>
      <trkpt lat="36.079844953492284" lon="140.24425297044218">
        <ele>6.44</ele>
      </trkpt>
      <trkpt lat="36.080041928216815" lon="140.24419999681413">
        <ele>6.33</ele>
      </trkpt>
      <trkpt lat="36.0802189540118" lon="140.2441449277103">
        <ele>6.27</ele>
      </trkpt>
      <trkpt lat="36.08039899729192" lon="140.24409899488091">
        <ele>6.23</ele>
      </trkpt>
      <trkpt lat="36.08058096840978" lon="140.24403193965554">
        <ele>6.19</ele>
      </trkpt>
      <trkpt lat="36.08076092787087" lon="140.24398298934102">
        <ele>6.17</ele>
      </trkpt>
      <trkpt lat="36.080942982807755" lon="140.24394099600613">
        <ele>6.12</ele>
      </trkpt>
      <trkpt lat="36.08112595975399" lon="140.24388995021582">
        <ele>6.05</ele>
      </trkpt>
      <trkpt lat="36.08131195418537" lon="140.24385994300246">
        <ele>5.94</ele>
      </trkpt>
      <trkpt lat="36.08150498941541" lon="140.24382398463786">
        <ele>5.92</ele>
      </trkpt>
      <trkpt lat="36.081692995503545" lon="140.2437749505043">
        <ele>6.0</ele>
      </trkpt>
      <trkpt lat="36.08187094330788" lon="140.24373094551265">
        <ele>6.06</ele>
      </trkpt>
      <trkpt lat="36.082050986588" lon="140.24368291720748">
        <ele>6.12</ele>
      </trkpt>
      <trkpt lat="36.08222398906946" lon="140.2436179574579">
        <ele>6.1</ele>
      </trkpt>
      <trkpt lat="36.082404954358935" lon="140.24357294663787">
        <ele>6.1</ele>
      </trkpt>
      <trkpt lat="36.08259899541736" lon="140.2435619663447">
        <ele>6.09</ele>
      </trkpt>
      <trkpt lat="36.08278096653521" lon="140.24352399632335">
        <ele>6.08</ele>
      </trkpt>
      <trkpt lat="36.082981964573264" lon="140.24345895275474">
        <ele>6.05</ele>
      </trkpt>
      <trkpt lat="36.083154967054725" lon="140.24339298717678">
        <ele>6.01</ele>
      </trkpt>
      <trkpt lat="36.08333492651582" lon="140.2433359902352">
        <ele>5.98</ele>
      </trkpt>
      <trkpt lat="36.08351396396756" lon="140.24329693056643">
        <ele>5.99</ele>
      </trkpt>
      <trkpt lat="36.08370599336922" lon="140.24326097220182">
        <ele>6.07</ele>
      </trkpt>
      <trkpt lat="36.08389492146671" lon="140.24321998469532">
        <ele>6.11</ele>
      </trkpt>
      <trkpt lat="36.08408795669675" lon="140.24317991919816">
        <ele>6.1</ele>
      </trkpt>
      <trkpt lat="36.08428694307804" lon="140.24313692003489">
        <ele>6.01</ele>
      </trkpt>
      <trkpt lat="36.0844789724797" lon="140.24310196749866">
        <ele>5.93</ele>
      </trkpt>
      <trkpt lat="36.08467594720423" lon="140.24303591810167">
        <ele>5.86</ele>
      </trkpt>
      <trkpt lat="36.08485699631274" lon="140.24298093281686">
        <ele>5.77</ele>
      </trkpt>
      <trkpt lat="36.08503695577383" lon="140.24292192421854">
        <ele>5.74</ele>
      </trkpt>
      <trkpt lat="36.08522395603359" lon="140.24289099499583">
        <ele>5.71</ele>
      </trkpt>
      <trkpt lat="36.08542093075812" lon="140.24284296669066">
        <ele>5.68</ele>
      </trkpt>
      <trkpt lat="36.085603991523385" lon="140.24278898723423">
        <ele>5.65</ele>
      </trkpt>
      <trkpt lat="36.08580993488431" lon="140.2427339181304">
        <ele>5.64</ele>
      </trkpt>
      <trkpt lat="36.085992995649576" lon="140.24268094450235">
        <ele>5.71</ele>
      </trkpt>
      <trkpt lat="36.08617597259581" lon="140.24262696504593">
        <ele>5.75</ele>
      </trkpt>
      <trkpt lat="36.08635492622852" lon="140.24258899502456">
        <ele>5.8</ele>
      </trkpt>
      <trkpt lat="36.08656598255038" lon="140.24255697615445">
        <ele>5.87</ele>
      </trkpt>
      <trkpt lat="36.0867549944669" lon="140.24254398420453">
        <ele>5.99</ele>
      </trkpt>
      <trkpt lat="36.0868189483881" lon="140.24254691787064">
        <ele>6.09</ele>
      </trkpt>
      <trkpt lat="36.087003936991096" lon="140.2425459958613">
        <ele>6.2</ele>
      </trkpt>
      <trkpt lat="36.08719194307923" lon="140.24253099225461">
        <ele>6.31</ele>
      </trkpt>
      <trkpt lat="36.08739897608757" lon="140.24248698726296">
        <ele>6.4</ele>
      </trkpt>
      <trkpt lat="36.087600979954004" lon="140.24242697283626">
        <ele>6.41</ele>
      </trkpt>
      <trkpt lat="36.08776794746518" lon="140.24233896285295">
        <ele>6.39</ele>
      </trkpt>
      <trkpt lat="36.08793692663312" lon="140.24224592372775">
        <ele>6.35</ele>
      </trkpt>
      <trkpt lat="36.0881279502064" lon="140.24213494732976">
        <ele>6.37</ele>
      </trkpt>
      <trkpt lat="36.08831595629454" lon="140.24201894178987">
        <ele>6.42</ele>
      </trkpt>
      <trkpt lat="36.08849197626114" lon="140.24192296899855">
        <ele>6.48</ele>
      </trkpt>
      <trkpt lat="36.088657937943935" lon="140.24182297289371">
        <ele>6.5</ele>
      </trkpt>
      <trkpt lat="36.088828928768635" lon="140.24167796596885">
        <ele>6.51</ele>
      </trkpt>
      <trkpt lat="36.08899396844208" lon="140.24155592545867">
        <ele>6.55</ele>
      </trkpt>
      <trkpt lat="36.089148949831724" lon="140.24143698625267">
        <ele>6.52</ele>
      </trkpt>
      <trkpt lat="36.089320946484804" lon="140.24132492020726">
        <ele>6.53</ele>
      </trkpt>
      <trkpt lat="36.089491937309504" lon="140.24120799265802">
        <ele>6.5</ele>
      </trkpt>
      <trkpt lat="36.08967097476125" lon="140.24113993160427">
        <ele>6.41</ele>
      </trkpt>
      <trkpt lat="36.08985093422234" lon="140.24105393327773">
        <ele>6.35</ele>
      </trkpt>
      <trkpt lat="36.09001899138093" lon="140.24094698019326">
        <ele>6.29</ele>
      </trkpt>
      <trkpt lat="36.09018797054887" lon="140.24084597826004">
        <ele>6.22</ele>
      </trkpt>
      <trkpt lat="36.0903349891305" lon="140.24070097133517">
        <ele>6.12</ele>
      </trkpt>
      <trkpt lat="36.09051193110645" lon="140.24059594608843">
        <ele>6.03</ele>
      </trkpt>
      <trkpt lat="36.09068292193115" lon="140.24049192667007">
        <ele>5.87</ele>
      </trkpt>
      <trkpt lat="36.090847961604595" lon="140.24036393500865">
        <ele>5.72</ele>
      </trkpt>
      <trkpt lat="36.09101291745901" lon="140.24024097248912">
        <ele>5.62</ele>
      </trkpt>
      <trkpt lat="36.09116094186902" lon="140.240097977221">
        <ele>5.49</ele>
      </trkpt>
      <trkpt lat="36.091190949082375" lon="140.23987292312086">
        <ele>5.32</ele>
      </trkpt>
      <trkpt lat="36.09114392660558" lon="140.23963697254658">
        <ele>5.15</ele>
      </trkpt>
      <trkpt lat="36.091085923835635" lon="140.23941493593156">
        <ele>4.94</ele>
      </trkpt>
      <trkpt lat="36.09102993272245" lon="140.23919499479234">
        <ele>4.75</ele>
      </trkpt>
      <trkpt lat="36.09098492190242" lon="140.23897094652057">
        <ele>4.58</ele>
      </trkpt>
      <trkpt lat="36.090953992679715" lon="140.23874899372458">
        <ele>4.42</ele>
      </trkpt>
      <trkpt lat="36.09094393439591" lon="140.23852293379605">
        <ele>4.22</ele>
      </trkpt>
      <trkpt lat="36.090934965759516" lon="140.23828991688788">
        <ele>4.02</ele>
      </trkpt>
      <trkpt lat="36.09092599712312" lon="140.23805698379874">
        <ele>3.87</ele>
      </trkpt>
      <trkpt lat="36.09091795049608" lon="140.2378279902041">
        <ele>3.7</ele>
      </trkpt>
      <trkpt lat="36.09090596437454" lon="140.23759396746755">
        <ele>3.47</ele>
      </trkpt>
      <trkpt lat="36.0909079760313" lon="140.23735298775136">
        <ele>3.16</ele>
      </trkpt>
      <trkpt lat="36.090911999344826" lon="140.2371199708432">
        <ele>2.86</ele>
      </trkpt>
      <trkpt lat="36.09091795049608" lon="140.23688997142017">
        <ele>2.57</ele>
      </trkpt>
      <trkpt lat="36.090932954102755" lon="140.23665796034038">
        <ele>2.32</ele>
      </trkpt>
      <trkpt lat="36.090956926345825" lon="140.23642192594707">
        <ele>2.1</ele>
      </trkpt>
      <trkpt lat="36.09098995104432" lon="140.23619594983757">
        <ele>1.85</ele>
      </trkpt>
      <trkpt lat="36.0910099837929" lon="140.23596393875778">
        <ele>1.57</ele>
      </trkpt>
      <trkpt lat="36.091039991006255" lon="140.2357309218496">
        <ele>1.24</ele>
      </trkpt>
      <trkpt lat="36.091078966856" lon="140.2354969829321">
        <ele>1.01</ele>
      </trkpt>
      <trkpt lat="36.091127917170525" lon="140.23526899516582">
        <ele>0.86</ele>
      </trkpt>
      <trkpt lat="36.091169994324446" lon="140.2350479643792">
        <ele>0.7</ele>
      </trkpt>
      <trkpt lat="36.09122095629573" lon="140.23483196273446">
        <ele>0.5</ele>
      </trkpt>
      <trkpt lat="36.09128792770207" lon="140.2346179727465">
        <ele>0.24</ele>
      </trkpt>
      <trkpt lat="36.09135892242193" lon="140.23437397554517">
        <ele>-0.03</ele>
      </trkpt>
      <trkpt lat="36.09142195433378" lon="140.23416099138558">
        <ele>-0.19</ele>
      </trkpt>
      <trkpt lat="36.091494960710406" lon="140.2339279744774">
        <ele>-0.31</ele>
      </trkpt>
      <trkpt lat="36.09157391823828" lon="140.23368992842734">
        <ele>-0.45</ele>
      </trkpt>
      <trkpt lat="36.09165396541357" lon="140.23347694426775">
        <ele>-0.55</ele>
      </trkpt>
      <trkpt lat="36.09173795208335" lon="140.2332619484514">
        <ele>-0.62</ele>
      </trkpt>
      <trkpt lat="36.09182395040989" lon="140.23306095041335">
        <ele>-0.62</ele>
      </trkpt>
      <trkpt lat="36.091904919594526" lon="140.23285693489015">
        <ele>-0.6</ele>
      </trkpt>
      <trkpt lat="36.09199896454811" lon="140.23265392519534">
        <ele>-0.58</ele>
      </trkpt>
      <trkpt lat="36.09210197813809" lon="140.23244697600603">
        <ele>-0.54</ele>
      </trkpt>
      <trkpt lat="36.092198956757784" lon="140.23224698379636">
        <ele>-0.47</ele>
      </trkpt>
      <trkpt lat="36.09229593537748" lon="140.23205193690956">
        <ele>-0.33</ele>
      </trkpt>
      <trkpt lat="36.09240598976612" lon="140.2318369410932">
        <ele>-0.11</ele>
      </trkpt>
      <trkpt lat="36.09250598587096" lon="140.23164499551058">
        <ele>0.1</ele>
      </trkpt>
      <trkpt lat="36.09260397031903" lon="140.23144793696702">
        <ele>0.21</ele>
      </trkpt>
      <trkpt lat="36.09255099669099" lon="140.23123294115067">
        <ele>0.36</ele>
      </trkpt>
      <trkpt lat="36.09238193370402" lon="140.23109598085284">
        <ele>0.6</ele>
      </trkpt>
      <trkpt lat="36.092202980071306" lon="140.230958936736">
        <ele>0.87</ele>
      </trkpt>
      <trkpt lat="36.09203995205462" lon="140.2308289334178">
        <ele>1.08</ele>
      </trkpt>
      <trkpt lat="36.091878935694695" lon="140.23070194758475">
        <ele>1.23</ele>
      </trkpt>
      <trkpt lat="36.09172194264829" lon="140.23057295009494">
        <ele>1.29</ele>
      </trkpt>
      <trkpt lat="36.0915419831872" lon="140.23043892346323">
        <ele>1.28</ele>
      </trkpt>
      <trkpt lat="36.091388929635286" lon="140.23029995150864">
        <ele>1.23</ele>
      </trkpt>
      <trkpt lat="36.09124199487269" lon="140.23016097955406">
        <ele>1.2</ele>
      </trkpt>
      <trkpt lat="36.09108894132078" lon="140.23003198206425">
        <ele>1.21</ele>
      </trkpt>
      <trkpt lat="36.090931948274374" lon="140.22989795543253">
        <ele>1.23</ele>
      </trkpt>
      <trkpt lat="36.09076699241996" lon="140.22976594045758">
        <ele>1.28</ele>
      </trkpt>
      <trkpt lat="36.09059994108975" lon="140.22964498959482">
        <ele>1.3</ele>
      </trkpt>
      <trkpt lat="36.09042199328542" lon="140.22950492799282">
        <ele>1.26</ele>
      </trkpt>
      <trkpt lat="36.090263994410634" lon="140.22937098518014">
        <ele>1.25</ele>
      </trkpt>
      <trkpt lat="36.09010892920196" lon="140.22923997603357">
        <ele>1.27</ele>
      </trkpt>
      <trkpt lat="36.08995394781232" lon="140.22911198437214">
        <ele>1.3</ele>
      </trkpt>
      <trkpt lat="36.08980198390782" lon="140.22898097522557">
        <ele>1.34</ele>
      </trkpt>
      <trkpt lat="36.08962797559798" lon="140.22883697412908">
        <ele>1.37</ele>
      </trkpt>
      <trkpt lat="36.089475927874446" lon="140.22871292196214">
        <ele>1.39</ele>
      </trkpt>
      <trkpt lat="36.08930795453489" lon="140.22857998497784">
        <ele>1.42</ele>
      </trkpt>
      <trkpt lat="36.0891449265182" lon="140.22843992337584">
        <ele>1.53</ele>
      </trkpt>
      <trkpt lat="36.0889929626137" lon="140.22829298861325">
        <ele>1.64</ele>
      </trkpt>
      <trkpt lat="36.088829934597015" lon="140.22815896198153">
        <ele>1.72</ele>
      </trkpt>
      <trkpt lat="36.08867092989385" lon="140.22802895866334">
        <ele>1.84</ele>
      </trkpt>
      <trkpt lat="36.08853195793927" lon="140.22788696922362">
        <ele>1.94</ele>
      </trkpt>
      <trkpt lat="36.088377982378006" lon="140.2277579717338">
        <ele>2.0</ele>
      </trkpt>
      <trkpt lat="36.088226940482855" lon="140.22761799395084">
        <ele>2.07</ele>
      </trkpt>
      <trkpt lat="36.08806793577969" lon="140.22748396731913">
        <ele>2.26</ele>
      </trkpt>
      <trkpt lat="36.08796492218971" lon="140.2273919340223">
        <ele>2.42</ele>
      </trkpt>
      <trkpt lat="36.08780591748655" lon="140.22726695984602">
        <ele>2.52</ele>
      </trkpt>
      <trkpt lat="36.08766292221844" lon="140.22712597623467">
        <ele>2.59</ele>
      </trkpt>
      <trkpt lat="36.08751196414232" lon="140.22697996348143">
        <ele>2.56</ele>
      </trkpt>
      <trkpt lat="36.08735295943916" lon="140.22685096599162">
        <ele>2.55</ele>
      </trkpt>
      <trkpt lat="36.087176939472556" lon="140.22672398015857">
        <ele>2.56</ele>
      </trkpt>
      <trkpt lat="36.08700594864786" lon="140.2265869360417">
        <ele>2.63</ele>
      </trkpt>
      <trkpt lat="36.08684794977307" lon="140.22644092328846">
        <ele>2.71</ele>
      </trkpt>
      <trkpt lat="36.08673295006156" lon="140.2262589521706">
        <ele>2.81</ele>
      </trkpt>
      <trkpt lat="36.08672498725355" lon="140.2260329760611">
        <ele>2.93</ele>
      </trkpt>
      <trkpt lat="36.086745942011476" lon="140.22579593583941">
        <ele>3.04</ele>
      </trkpt>
      <trkpt lat="36.08674191869795" lon="140.2255709655583">
        <ele>3.11</ele>
      </trkpt>
      <trkpt lat="36.08674795366824" lon="140.22534892894328">
        <ele>3.13</ele>
      </trkpt>
      <trkpt lat="36.08675993978977" lon="140.22510099224746">
        <ele>3.21</ele>
      </trkpt>
      <trkpt lat="36.08677494339645" lon="140.2248669695109">
        <ele>3.31</ele>
      </trkpt>
      <trkpt lat="36.08680293895304" lon="140.22462397813797">
        <ele>3.41</ele>
      </trkpt>
      <trkpt lat="36.08681995421648" lon="140.22439791820943">
        <ele>3.55</ele>
      </trkpt>
      <trkpt lat="36.08685398474336" lon="140.22416397929192">
        <ele>3.69</ele>
      </trkpt>
      <trkpt lat="36.08686395920813" lon="140.22391294129193">
        <ele>3.79</ele>
      </trkpt>
      <trkpt lat="36.08686094172299" lon="140.22368595935404">
        <ele>3.88</ele>
      </trkpt>
      <trkpt lat="36.08686798252165" lon="140.22343198768795">
        <ele>3.99</ele>
      </trkpt>
      <trkpt lat="36.086873933672905" lon="140.22317592054605">
        <ele>4.11</ele>
      </trkpt>
      <trkpt lat="36.08688893727958" lon="140.22294499911368">
        <ele>4.18</ele>
      </trkpt>
      <trkpt lat="36.0869019292295" lon="140.2226879261434">
        <ele>4.18</ele>
      </trkpt>
      <trkpt lat="36.086914921179414" lon="140.22245197556913">
        <ele>4.18</ele>
      </trkpt>
      <trkpt lat="36.08692296780646" lon="140.22222692146897">
        <ele>4.25</ele>
      </trkpt>
      <trkpt lat="36.086935959756374" lon="140.22196993231773">
        <ele>4.4</ele>
      </trkpt>
      <trkpt lat="36.08694895170629" lon="140.2217269409448">
        <ele>4.51</ele>
      </trkpt>
      <trkpt lat="36.086958926171064" lon="140.2214909903705">
        <ele>4.59</ele>
      </trkpt>
      <trkpt lat="36.086980970576406" lon="140.22125897929072">
        <ele>4.69</ele>
      </trkpt>
      <trkpt lat="36.08698398806155" lon="140.22103099152446">
        <ele>4.82</ele>
      </trkpt>
      <trkpt lat="36.08699396252632" lon="140.22080493159592">
        <ele>4.82</ele>
      </trkpt>
      <trkpt lat="36.086997985839844" lon="140.22054995410144">
        <ele>4.75</ele>
      </trkpt>
      <trkpt lat="36.086999997496605" lon="140.22032791748643">
        <ele>4.54</ele>
      </trkpt>
      <trkpt lat="36.087002931162715" lon="140.2200699225068">
        <ele>4.22</ele>
      </trkpt>
      <trkpt lat="36.08700796030462" lon="140.21983799524605">
        <ele>4.02</ele>
      </trkpt>
      <trkpt lat="36.08701592311263" lon="140.21960992366076">
        <ele>3.94</ele>
      </trkpt>
      <trkpt lat="36.08701592311263" lon="140.21935192868114">
        <ele>3.9</ele>
      </trkpt>
      <trkpt lat="36.08704894781113" lon="140.21911798976362">
        <ele>3.82</ele>
      </trkpt>
      <trkpt lat="36.08707996085286" lon="140.21888597868383">
        <ele>3.75</ele>
      </trkpt>
      <trkpt lat="36.087131928652525" lon="140.21864893846214">
        <ele>3.69</ele>
      </trkpt>
      <trkpt lat="36.087195966392756" lon="140.2184339426458">
        <ele>3.58</ele>
      </trkpt>
      <trkpt lat="36.0872489400208" lon="140.21821794100106">
        <ele>3.51</ele>
      </trkpt>
      <trkpt lat="36.08729495666921" lon="140.21799892187119">
        <ele>3.44</ele>
      </trkpt>
      <trkpt lat="36.087325969710946" lon="140.21776598878205">
        <ele>3.41</ele>
      </trkpt>
      <trkpt lat="36.0873699747026" lon="140.21752995438874">
        <ele>3.4</ele>
      </trkpt>
      <trkpt lat="36.08742395415902" lon="140.21731093525887">
        <ele>3.42</ele>
      </trkpt>
      <trkpt lat="36.0874439869076" lon="140.21715595386922">
        <ele>3.45</ele>
      </trkpt>
      <trkpt lat="36.0874579846859" lon="140.21692193113267">
        <ele>3.59</ele>
      </trkpt>
      <trkpt lat="36.08750693500042" lon="140.21670391783118">
        <ele>3.65</ele>
      </trkpt>
      <trkpt lat="36.087605925276875" lon="140.21650694310665">
        <ele>3.74</ele>
      </trkpt>
      <trkpt lat="36.087710950523615" lon="140.2163199428469">
        <ele>3.75</ele>
      </trkpt>
      <trkpt lat="36.08782997354865" lon="140.21613394841552">
        <ele>3.87</ele>
      </trkpt>
      <trkpt lat="36.08791798353195" lon="140.21593898534775">
        <ele>3.97</ele>
      </trkpt>
      <trkpt lat="36.087840953841805" lon="140.21573999896646">
        <ele>4.09</ele>
      </trkpt>
      <trkpt lat="36.08774296939373" lon="140.21553992293775">
        <ele>4.18</ele>
      </trkpt>
      <trkpt lat="36.087644984945655" lon="140.2153489831835">
        <ele>4.24</ele>
      </trkpt>
      <trkpt lat="36.0875459946692" lon="140.21515695378184">
        <ele>4.28</ele>
      </trkpt>
      <trkpt lat="36.08737299218774" lon="140.21508193574846">
        <ele>4.31</ele>
      </trkpt>
      <trkpt lat="36.0871849860996" lon="140.21507397294044">
        <ele>4.38</ele>
      </trkpt>
      <trkpt lat="36.08699295669794" lon="140.21504597738385">
        <ele>4.47</ele>
      </trkpt>
      <trkpt lat="36.086807968094945" lon="140.21503994241357">
        <ele>4.54</ele>
      </trkpt>
      <trkpt lat="36.08661895617843" lon="140.2150429598987">
        <ele>4.55</ele>
      </trkpt>
      <trkpt lat="36.08641292899847" lon="140.21503197960556">
        <ele>4.6</ele>
      </trkpt>
      <trkpt lat="36.08621897175908" lon="140.21503197960556">
        <ele>4.71</ele>
      </trkpt>
      <trkpt lat="36.08603096567094" lon="140.21500599570572">
        <ele>4.84</ele>
      </trkpt>
      <trkpt lat="36.085839942097664" lon="140.21499895490706">
        <ele>4.96</ele>
      </trkpt>
      <trkpt lat="36.08563894405961" lon="140.21500398404896">
        <ele>5.1</ele>
      </trkpt>
      <trkpt lat="36.085429983213544" lon="140.21498596295714">
        <ele>5.26</ele>
      </trkpt>
      <trkpt lat="36.08524298295379" lon="140.21496693603694">
        <ele>5.41</ele>
      </trkpt>
      <trkpt lat="36.08503393828869" lon="140.21498696878552">
        <ele>5.55</ele>
      </trkpt>
      <trkpt lat="36.08483595773578" lon="140.21497598849237">
        <ele>5.64</ele>
      </trkpt>
      <trkpt lat="36.08462892472744" lon="140.21496492438018">
        <ele>5.62</ele>
      </trkpt>
      <trkpt lat="36.08450395055115" lon="140.2149359229952">
        <ele>5.56</ele>
      </trkpt>
      <trkpt lat="36.08447293750942" lon="140.21471799351275">
        <ele>5.46</ele>
      </trkpt>
      <trkpt lat="36.084465980529785" lon="140.21444994024932">
        <ele>5.38</ele>
      </trkpt>
      <trkpt lat="36.084467992186546" lon="140.21419395692647">
        <ele>5.31</ele>
      </trkpt>
      <trkpt lat="36.08446095138788" lon="140.21394895389676">
        <ele>5.11</ele>
      </trkpt>
      <trkpt lat="36.08445793390274" lon="140.21371694281697">
        <ele>4.86</ele>
      </trkpt>
      <trkpt lat="36.08447193168104" lon="140.2134749572724">
        <ele>4.59</ele>
      </trkpt>
      <trkpt lat="36.084510991349816" lon="140.21323992870748">
        <ele>4.39</ele>
      </trkpt>
      <trkpt lat="36.08455893583596" lon="140.21300699561834">
        <ele>4.2</ele>
      </trkpt>
      <trkpt lat="36.08460998162627" lon="140.21277096122503">
        <ele>4.04</ele>
      </trkpt>
      <trkpt lat="36.0846689902246" lon="140.21253895014524">
        <ele>3.89</ele>
      </trkpt>
      <trkpt lat="36.084744930267334" lon="140.21230693906546">
        <ele>3.74</ele>
      </trkpt>
      <trkpt lat="36.084825983271" lon="140.21209395490587">
        <ele>3.6</ele>
      </trkpt>
      <trkpt lat="36.08490996994078" lon="140.21187594160438">
        <ele>3.37</ele>
      </trkpt>
      <trkpt lat="36.084983982145786" lon="140.2116629574448">
        <ele>3.3</ele>
      </trkpt>
      <trkpt lat="36.084960931912065" lon="140.21161392331123">
        <ele>3.35</ele>
      </trkpt>
      <trkpt lat="36.08478692360222" lon="140.21155399270356">
        <ele>3.49</ele>
      </trkpt>
      <trkpt lat="36.08460294082761" lon="140.21147495135665">
        <ele>3.7</ele>
      </trkpt>
      <trkpt lat="36.08441493473947" lon="140.21139297634363">
        <ele>4.0</ele>
      </trkpt>
      <trkpt lat="36.08424092642963" lon="140.21130898967385">
        <ele>4.41</ele>
      </trkpt>
      <trkpt lat="36.08406499028206" lon="140.2112099993974">
        <ele>4.89</ele>
      </trkpt>
      <trkpt lat="36.08388092368841" lon="140.21128593944013">
        <ele>5.37</ele>
      </trkpt>
      <trkpt lat="36.083823926746845" lon="140.21140093915164">
        <ele>5.79</ele>
      </trkpt>
      <trkpt lat="36.083737928420305" lon="140.21160294301808">
        <ele>6.2</ele>
      </trkpt>
      <trkpt lat="36.08357892371714" lon="140.21170595660806">
        <ele>6.7</ele>
      </trkpt>
      <trkpt lat="36.08337993733585" lon="140.21166999824345">
        <ele>7.12</ele>
      </trkpt>
      <trkpt lat="36.0831839684397" lon="140.21166496910155">
        <ele>7.44</ele>
      </trkpt>
      <trkpt lat="36.0829749237746" lon="140.21163797937334">
        <ele>7.77</ele>
      </trkpt>
      <trkpt lat="36.08277694322169" lon="140.21161794662476">
        <ele>7.94</ele>
      </trkpt>
      <trkpt lat="36.08259296044707" lon="140.21164099685848">
        <ele>7.6</ele>
      </trkpt>
      <trkpt lat="36.08241995796561" lon="140.21171199157834">
        <ele>6.71</ele>
      </trkpt>
      <trkpt lat="36.08223698101938" lon="140.21180192939937">
        <ele>5.39</ele>
      </trkpt>
      <trkpt lat="36.08206599019468" lon="140.21187795326114">
        <ele>4.45</ele>
      </trkpt>
      <trkpt lat="36.08200295828283" lon="140.2119079604745">
        <ele>4.04</ele>
      </trkpt>
    </trkseg>
  </trk>
</gpx>
