<?xml version="1.0" encoding="UTF-8"?>
<gpx creator="Garmin Connect" version="1.1"
  xsi:schemaLocation="http://www.topografix.com/GPX/1/1 http://www.topografix.com/GPX/11.xsd"
  xmlns:ns3="http://www.garmin.com/xmlschemas/TrackPointExtension/v1"
  xmlns="http://www.topografix.com/GPX/1/1"
  xmlns:xsi="http://www.w3.org/2001/XMLSchema-instance" xmlns:ns2="http://www.garmin.com/xmlschemas/GpxExtensions/v3">
  <metadata>
    <name>とくしまマラソン2026</name>
    <link href="connect.garmin.com">
      <text>Garmin Connect</text>
    </link>
    <time>2025-09-16T05:04:46.000Z</time>
  </metadata>
  <wpt lat="34.07502122210924" lon="134.55846842630834">
    <ele>0.0</ele>
    <name>1 km</name>
    <type>MARKER KILOMETER</type>
  </wpt>
  <wpt lat="34.08035311811393" lon="134.55979083179506">
    <ele>0.0</ele>
    <name>1 マイル</name>
    <type>MARKER MILE</type>
  </wpt>
  <wpt lat="34.082854795805" lon="134.56270175827572">
    <ele>0.0</ele>
    <name>2 km</name>
    <type>MARKER KILOMETER</type>
  </wpt>
  <wpt lat="34.09039585342864" lon="134.56849140806017">
    <ele>0.0</ele>
    <name>3 km</name>
    <type>MARKER KILOMETER</type>
  </wpt>
  <wpt lat="34.09212355243042" lon="134.5696324468479">
    <ele>0.0</ele>
    <name>2 マイル</name>
    <type>MARKER MILE</type>
  </wpt>
  <wpt lat="34.09652155985157" lon="134.56666233341414">
    <ele>0.0</ele>
    <name>4 km</name>
    <type>MARKER KILOMETER</type>
  </wpt>
  <wpt lat="34.09942078781405" lon="134.55865227321416">
    <ele>0.0</ele>
    <name>3 マイル</name>
    <type>MARKER MILE</type>
  </wpt>
  <wpt lat="34.09977202386111" lon="134.55684393944622">
    <ele>0.0</ele>
    <name>5 km</name>
    <type>MARKER KILOMETER</type>
  </wpt>
  <wpt lat="34.10325300548902" lon="134.54689653132633">
    <ele>0.0</ele>
    <name>6 km</name>
    <type>MARKER KILOMETER</type>
  </wpt>
  <wpt lat="34.10472479810116" lon="134.54249873767162">
    <ele>0.0</ele>
    <name>4 マイル</name>
    <type>MARKER MILE</type>
  </wpt>
  <wpt lat="34.10667176715468" lon="134.5368705162383">
    <ele>0.0</ele>
    <name>7 km</name>
    <type>MARKER KILOMETER</type>
  </wpt>
  <wpt lat="34.10841395559811" lon="134.52629298765834">
    <ele>0.0</ele>
    <name>8 km</name>
    <type>MARKER KILOMETER</type>
  </wpt>
  <wpt lat="34.10847292079448" lon="134.52579208649885">
    <ele>0.0</ele>
    <name>5 マイル</name>
    <type>MARKER MILE</type>
  </wpt>
  <wpt lat="34.10860460470254" lon="134.51560199466078">
    <ele>0.0</ele>
    <name>9 km</name>
    <type>MARKER KILOMETER</type>
  </wpt>
  <wpt lat="34.11049198604702" lon="134.50887991160985">
    <ele>0.0</ele>
    <name>6 マイル</name>
    <type>MARKER MILE</type>
  </wpt>
  <wpt lat="34.11129490136523" lon="134.50527985192457">
    <ele>0.0</ele>
    <name>10 km</name>
    <type>MARKER KILOMETER</type>
  </wpt>
  <wpt lat="34.11070963700474" lon="134.49502569061224">
    <ele>0.0</ele>
    <name>11 km</name>
    <type>MARKER KILOMETER</type>
  </wpt>
  <wpt lat="34.10996436808826" lon="134.49229920119282">
    <ele>0.0</ele>
    <name>7 マイル</name>
    <type>MARKER MILE</type>
  </wpt>
  <wpt lat="34.10952279846654" lon="134.4847605559544">
    <ele>0.0</ele>
    <name>12 km</name>
    <type>MARKER KILOMETER</type>
  </wpt>
  <wpt lat="34.1150367912523" lon="134.47809607665044">
    <ele>0.0</ele>
    <name>8 マイル</name>
    <type>MARKER MILE</type>
  </wpt>
  <wpt lat="34.11535835500758" lon="134.4767952948781">
    <ele>0.0</ele>
    <name>13 km</name>
    <type>MARKER KILOMETER</type>
  </wpt>
  <wpt lat="34.11614426189636" lon="134.46614902264358">
    <ele>0.0</ele>
    <name>14 km</name>
    <type>MARKER KILOMETER</type>
  </wpt>
  <wpt lat="34.11500205606348" lon="134.46114795040455">
    <ele>0.0</ele>
    <name>9 マイル</name>
    <type>MARKER MILE</type>
  </wpt>
  <wpt lat="34.11310766237553" lon="134.45605908109346">
    <ele>0.0</ele>
    <name>15 km</name>
    <type>MARKER KILOMETER</type>
  </wpt>
  <wpt lat="34.10786596514354" lon="134.44750873902865">
    <ele>0.0</ele>
    <name>16 km</name>
    <type>MARKER KILOMETER</type>
  </wpt>
  <wpt lat="34.10763275745866" lon="134.44654111680165">
    <ele>0.0</ele>
    <name>10 マイル</name>
    <type>MARKER MILE</type>
  </wpt>
  <wpt lat="34.10808748386405" lon="134.43771577368497">
    <ele>0.0</ele>
    <name>17 km</name>
    <type>MARKER KILOMETER</type>
  </wpt>
  <wpt lat="34.10739670546023" lon="134.4301609042398">
    <ele>0.0</ele>
    <name>11 マイル</name>
    <type>MARKER MILE</type>
  </wpt>
  <wpt lat="34.106507809268" lon="134.42713240310928">
    <ele>0.0</ele>
    <name>18 km</name>
    <type>MARKER KILOMETER</type>
  </wpt>
  <wpt lat="34.10180720238675" lon="134.41793579731072">
    <ele>0.0</ele>
    <name>19 km</name>
    <type>MARKER KILOMETER</type>
  </wpt>
  <wpt lat="34.10022836555306" lon="134.41514291576124">
    <ele>0.0</ele>
    <name>12 マイル</name>
    <type>MARKER MILE</type>
  </wpt>
  <wpt lat="34.09738084020928" lon="134.40854882406768">
    <ele>0.0</ele>
    <name>20 km</name>
    <type>MARKER KILOMETER</type>
  </wpt>
  <wpt lat="34.09638364927333" lon="134.39879833657878">
    <ele>0.0</ele>
    <name>13 マイル</name>
    <type>MARKER MILE</type>
  </wpt>
  <wpt lat="34.09643435271567" lon="134.39795079085584">
    <ele>0.0</ele>
    <name>21 km</name>
    <type>MARKER KILOMETER</type>
  </wpt>
  <wpt lat="34.09644743002896" lon="134.39689380095444">
    <ele>0.0</ele>
    <name>1 ハーフマラソン</name>
    <type>MARKER HALF MARATHON</type>
  </wpt>
  <wpt lat="34.09412657641362" lon="134.38767900774667">
    <ele>0.0</ele>
    <name>22 km</name>
    <type>MARKER KILOMETER</type>
  </wpt>
  <wpt lat="34.09567637844626" lon="134.38269878278481">
    <ele>0.0</ele>
    <name>14 マイル</name>
    <type>MARKER MILE</type>
  </wpt>
  <wpt lat="34.09695239106649" lon="134.38053163763635">
    <ele>0.0</ele>
    <name>23 km</name>
    <type>MARKER KILOMETER</type>
  </wpt>
  <wpt lat="34.08968602216466" lon="134.38645100905381">
    <ele>0.0</ele>
    <name>24 km</name>
    <type>MARKER KILOMETER</type>
  </wpt>
  <wpt lat="34.08855287177219" lon="134.38712315830375">
    <ele>0.0</ele>
    <name>15 マイル</name>
    <type>MARKER MILE</type>
  </wpt>
  <wpt lat="34.08889752786035" lon="134.3944632954377">
    <ele>0.0</ele>
    <name>25 km</name>
    <type>MARKER KILOMETER</type>
  </wpt>
  <wpt lat="34.08965550177087" lon="134.402501909627">
    <ele>0.0</ele>
    <name>16 マイル</name>
    <type>MARKER MILE</type>
  </wpt>
  <wpt lat="34.08966558474363" lon="134.40521677132946">
    <ele>0.0</ele>
    <name>26 km</name>
    <type>MARKER KILOMETER</type>
  </wpt>
  <wpt lat="34.09232042659215" lon="134.4153242123939">
    <ele>0.0</ele>
    <name>27 km</name>
    <type>MARKER KILOMETER</type>
  </wpt>
  <wpt lat="34.09446406364171" lon="134.41817254718953">
    <ele>0.0</ele>
    <name>17 マイル</name>
    <type>MARKER MILE</type>
  </wpt>
  <wpt lat="34.09772351013949" lon="134.42390765434982">
    <ele>0.0</ele>
    <name>28 km</name>
    <type>MARKER KILOMETER</type>
  </wpt>
  <wpt lat="34.1012196983149" lon="134.43342931804816">
    <ele>0.0</ele>
    <name>18 マイル</name>
    <type>MARKER MILE</type>
  </wpt>
  <wpt lat="34.10128252914342" lon="134.4337663403604">
    <ele>0.0</ele>
    <name>29 km</name>
    <type>MARKER KILOMETER</type>
  </wpt>
  <wpt lat="34.10087800999031" lon="134.44455284890648">
    <ele>0.0</ele>
    <name>30 km</name>
    <type>MARKER KILOMETER</type>
  </wpt>
  <wpt lat="34.10158933315213" lon="134.45074969574276">
    <ele>0.0</ele>
    <name>19 マイル</name>
    <type>MARKER MILE</type>
  </wpt>
  <wpt lat="34.10342288700456" lon="134.4546161292455">
    <ele>0.0</ele>
    <name>31 km</name>
    <type>MARKER KILOMETER</type>
  </wpt>
  <wpt lat="34.10900551452463" lon="134.46269633309186">
    <ele>0.0</ele>
    <name>32 km</name>
    <type>MARKER KILOMETER</type>
  </wpt>
  <wpt lat="34.10944387373582" lon="134.46464978099178">
    <ele>0.0</ele>
    <name>20 マイル</name>
    <type>MARKER MILE</type>
  </wpt>
  <wpt lat="34.10887318780593" lon="134.47327459785643">
    <ele>0.0</ele>
    <name>33 km</name>
    <type>MARKER KILOMETER</type>
  </wpt>
  <wpt lat="34.10400855973901" lon="134.4795870410212">
    <ele>0.0</ele>
    <name>21 マイル</name>
    <type>MARKER MILE</type>
  </wpt>
  <wpt lat="34.10300688805052" lon="134.48143754292448">
    <ele>0.0</ele>
    <name>34 km</name>
    <type>MARKER KILOMETER</type>
  </wpt>
  <wpt lat="34.10183946285959" lon="134.491608289558">
    <ele>0.0</ele>
    <name>35 km</name>
    <type>MARKER KILOMETER</type>
  </wpt>
  <wpt lat="34.10277187469264" lon="134.49580480546135">
    <ele>0.0</ele>
    <name>22 マイル</name>
    <type>MARKER MILE</type>
  </wpt>
  <wpt lat="34.10350450987854" lon="134.50210035737356">
    <ele>0.0</ele>
    <name>36 km</name>
    <type>MARKER KILOMETER</type>
  </wpt>
  <wpt lat="34.10073428360426" lon="134.51239926399577">
    <ele>0.0</ele>
    <name>37 km</name>
    <type>MARKER KILOMETER</type>
  </wpt>
  <wpt lat="34.10068676245844" lon="134.51255024812488">
    <ele>0.0</ele>
    <name>23 マイル</name>
    <type>MARKER MILE</type>
  </wpt>
  <wpt lat="34.09647622287808" lon="134.52002086836447">
    <ele>0.0</ele>
    <name>38 km</name>
    <type>MARKER KILOMETER</type>
  </wpt>
  <wpt lat="34.09280369315251" lon="134.51953340043036">
    <ele>0.0</ele>
    <name>24 マイル</name>
    <type>MARKER MILE</type>
  </wpt>
  <wpt lat="34.09192307752551" lon="134.52227898347277">
    <ele>0.0</ele>
    <name>39 km</name>
    <type>MARKER KILOMETER</type>
  </wpt>
  <wpt lat="34.09428467386075" lon="134.5321790505341">
    <ele>0.0</ele>
    <name>40 km</name>
    <type>MARKER KILOMETER</type>
  </wpt>
  <wpt lat="34.09370389632724" lon="134.53460830097424">
    <ele>0.0</ele>
    <name>25 マイル</name>
    <type>MARKER MILE</type>
  </wpt>
  <wpt lat="34.0920161102488" lon="134.5424634745828">
    <ele>0.0</ele>
    <name>41 km</name>
    <type>MARKER KILOMETER</type>
  </wpt>
  <wpt lat="34.08694710841366" lon="134.54492996446783">
    <ele>0.0</ele>
    <name>26 マイル</name>
    <type>MARKER MILE</type>
  </wpt>
  <wpt lat="34.08666619705303" lon="134.54355100866138">
    <ele>0.0</ele>
    <name>42 km</name>
    <type>MARKER KILOMETER</type>
  </wpt>
  <wpt lat="34.08666040458799" lon="134.54143694319512">
    <ele>0.0</ele>
    <name>2 ハーフマラソン</name>
    <type>MARKER HALF MARATHON</type>
  </wpt>
  <trk>
    <name>とくしまマラソン2026</name>
    <trkseg>
      <trkpt lat="34.06611995771527" lon="134.55690996721387">
        <ele>5.03</ele>
      </trkpt>
      <trkpt lat="34.066213918849826" lon="134.55693980678916">
        <ele>5.17</ele>
      </trkpt>
      <trkpt lat="34.066343419253826" lon="134.55698104575276">
        <ele>5.45</ele>
      </trkpt>
      <trkpt lat="34.06647300347686" lon="134.55702228471637">
        <ele>5.81</ele>
      </trkpt>
      <trkpt lat="34.06655992381275" lon="134.55704994499683">
        <ele>6.11</ele>
      </trkpt>
      <trkpt lat="34.06665078364313" lon="134.5570538006723">
        <ele>6.01</ele>
      </trkpt>
      <trkpt lat="34.06686561182141" lon="134.55706285312772">
        <ele>6.55</ele>
      </trkpt>
      <trkpt lat="34.06695186160505" lon="134.55706645734608">
        <ele>6.7</ele>
      </trkpt>
      <trkpt lat="34.06703811138868" lon="134.55707006156445">
        <ele>6.77</ele>
      </trkpt>
      <trkpt lat="34.06708127819002" lon="134.55707190558314">
        <ele>6.77</ele>
      </trkpt>
      <trkpt lat="34.06716752797365" lon="134.5570755098015">
        <ele>6.72</ele>
      </trkpt>
      <trkpt lat="34.06725386157632" lon="134.5570791978389">
        <ele>6.61</ele>
      </trkpt>
      <trkpt lat="34.067340111359954" lon="134.55708280205727">
        <ele>6.46</ele>
      </trkpt>
      <trkpt lat="34.06750992871821" lon="134.55708992667496">
        <ele>6.36</ele>
      </trkpt>
      <trkpt lat="34.067670945078135" lon="134.55713133327663">
        <ele>5.77</ele>
      </trkpt>
      <trkpt lat="34.06792340800166" lon="134.55719612538815">
        <ele>4.98</ele>
      </trkpt>
      <trkpt lat="34.068177631124854" lon="134.55726142041385">
        <ele>4.63</ele>
      </trkpt>
      <trkpt lat="34.06826212070882" lon="134.55728312954307">
        <ele>4.54</ele>
      </trkpt>
      <trkpt lat="34.06855850480497" lon="134.5573593210429">
        <ele>4.38</ele>
      </trkpt>
      <trkpt lat="34.06868607737124" lon="134.55739201046526">
        <ele>4.34</ele>
      </trkpt>
      <trkpt lat="34.06881272792816" lon="134.55742453224957">
        <ele>4.34</ele>
      </trkpt>
      <trkpt lat="34.06894030049443" lon="134.55745730549097">
        <ele>4.39</ele>
      </trkpt>
      <trkpt lat="34.06913467682898" lon="134.55750726163387">
        <ele>4.35</ele>
      </trkpt>
      <trkpt lat="34.069251688197255" lon="134.55753735266626">
        <ele>4.35</ele>
      </trkpt>
      <trkpt lat="34.06984278000891" lon="134.5576891489327">
        <ele>4.43</ele>
      </trkpt>
      <trkpt lat="34.07008904032409" lon="134.55775243230164">
        <ele>4.47</ele>
      </trkpt>
      <trkpt lat="34.070418030023575" lon="134.5578369218856">
        <ele>4.63</ele>
      </trkpt>
      <trkpt lat="34.07042993232608" lon="134.55783993937075">
        <ele>4.63</ele>
      </trkpt>
      <trkpt lat="34.07085992395878" lon="134.55790196545422">
        <ele>4.68</ele>
      </trkpt>
      <trkpt lat="34.070949191227555" lon="134.5579148735851">
        <ele>4.73</ele>
      </trkpt>
      <trkpt lat="34.07125194557011" lon="134.55795854330063">
        <ele>5.04</ele>
      </trkpt>
      <trkpt lat="34.0714699588716" lon="134.55798997543752">
        <ele>5.3</ele>
      </trkpt>
      <trkpt lat="34.071572134271264" lon="134.5579967647791">
        <ele>5.21</ele>
      </trkpt>
      <trkpt lat="34.07164757139981" lon="134.558001793921">
        <ele>5.21</ele>
      </trkpt>
      <trkpt lat="34.07176994718611" lon="134.55800992436707">
        <ele>5.37</ele>
      </trkpt>
      <trkpt lat="34.07188897021115" lon="134.55803741700947">
        <ele>5.21</ele>
      </trkpt>
      <trkpt lat="34.0718999505043" lon="134.55803993158042">
        <ele>5.19</ele>
      </trkpt>
      <trkpt lat="34.072099942713976" lon="134.55804998986423">
        <ele>4.98</ele>
      </trkpt>
      <trkpt lat="34.072394063696265" lon="134.5580980181694">
        <ele>4.91</ele>
      </trkpt>
      <trkpt lat="34.072610568255186" lon="134.5581333898008">
        <ele>4.94</ele>
      </trkpt>
      <trkpt lat="34.07282623462379" lon="134.55816867761314">
        <ele>4.91</ele>
      </trkpt>
      <trkpt lat="34.072956405580044" lon="134.5581899676472">
        <ele>4.94</ele>
      </trkpt>
      <trkpt lat="34.07304282300174" lon="134.55820404924452">
        <ele>4.91</ele>
      </trkpt>
      <trkpt lat="34.07312924042344" lon="134.55821821466088">
        <ele>4.84</ele>
      </trkpt>
      <trkpt lat="34.0731399692595" lon="134.55821997486055">
        <ele>4.84</ele>
      </trkpt>
      <trkpt lat="34.07356551848352" lon="134.5582761336118">
        <ele>4.86</ele>
      </trkpt>
      <trkpt lat="34.074133140966296" lon="134.55835115164518">
        <ele>4.85</ele>
      </trkpt>
      <trkpt lat="34.07453102990985" lon="134.55840370617807">
        <ele>4.99</ele>
      </trkpt>
      <trkpt lat="34.074664218351245" lon="134.55842130817473">
        <ele>5.02</ele>
      </trkpt>
      <trkpt lat="34.075259920209646" lon="134.55849993042648">
        <ele>5.02</ele>
      </trkpt>
      <trkpt lat="34.07550249248743" lon="134.5585351344198">
        <ele>5.02</ele>
      </trkpt>
      <trkpt lat="34.07571857795119" lon="134.55856639891863">
        <ele>5.08</ele>
      </trkpt>
      <trkpt lat="34.075805163010955" lon="134.5585789717734">
        <ele>5.13</ele>
      </trkpt>
      <trkpt lat="34.07594991847873" lon="134.55859992653131">
        <ele>5.32</ele>
      </trkpt>
      <trkpt lat="34.076013369485736" lon="134.55860797315836">
        <ele>5.41</ele>
      </trkpt>
      <trkpt lat="34.07613138668239" lon="134.55862280912697">
        <ele>5.68</ele>
      </trkpt>
      <trkpt lat="34.07621009275317" lon="134.55863278359175">
        <ele>5.91</ele>
      </trkpt>
      <trkpt lat="34.07629600726068" lon="134.55864359624684">
        <ele>6.34</ele>
      </trkpt>
      <trkpt lat="34.07633984461427" lon="134.55864912830293">
        <ele>6.53</ele>
      </trkpt>
      <trkpt lat="34.076382759958506" lon="134.55865457654">
        <ele>6.7</ele>
      </trkpt>
      <trkpt lat="34.076425675302744" lon="134.55865994095802">
        <ele>6.83</ele>
      </trkpt>
      <trkpt lat="34.07646951265633" lon="134.55866547301412">
        <ele>6.93</ele>
      </trkpt>
      <trkpt lat="34.07651242800057" lon="134.55867092125118">
        <ele>6.99</ele>
      </trkpt>
      <trkpt lat="34.076599180698395" lon="134.5586818177253">
        <ele>7.03</ele>
      </trkpt>
      <trkpt lat="34.07667973078787" lon="134.55869195982814">
        <ele>7.04</ele>
      </trkpt>
      <trkpt lat="34.07676111906767" lon="134.55870226956904">
        <ele>6.78</ele>
      </trkpt>
      <trkpt lat="34.076842507347465" lon="134.5587124954909">
        <ele>6.48</ele>
      </trkpt>
      <trkpt lat="34.07704551704228" lon="134.5587381441146">
        <ele>5.6</ele>
      </trkpt>
      <trkpt lat="34.077059933915734" lon="134.5587399881333">
        <ele>5.56</ele>
      </trkpt>
      <trkpt lat="34.07712439075112" lon="134.55874560400844">
        <ele>5.42</ele>
      </trkpt>
      <trkpt lat="34.077282305806875" lon="134.5587592665106">
        <ele>5.01</ele>
      </trkpt>
      <trkpt lat="34.07741415314376" lon="134.55877074971795">
        <ele>4.76</ele>
      </trkpt>
      <trkpt lat="34.07750300131738" lon="134.55877846106887">
        <ele>4.63</ele>
      </trkpt>
      <trkpt lat="34.07751993276179" lon="134.55877996981144">
        <ele>4.61</ele>
      </trkpt>
      <trkpt lat="34.07759117893875" lon="134.55879287794232">
        <ele>4.53</ele>
      </trkpt>
      <trkpt lat="34.07772277481854" lon="134.5588168501854">
        <ele>4.45</ele>
      </trkpt>
      <trkpt lat="34.07821009866893" lon="134.55890544690192">
        <ele>4.24</ele>
      </trkpt>
      <trkpt lat="34.07872994430363" lon="134.5589999947697">
        <ele>4.2</ele>
      </trkpt>
      <trkpt lat="34.078773614019156" lon="134.5590148307383">
        <ele>4.2</ele>
      </trkpt>
      <trkpt lat="34.07916999422014" lon="134.55914994701743">
        <ele>4.2</ele>
      </trkpt>
      <trkpt lat="34.079318353906274" lon="134.5592225342989">
        <ele>4.2</ele>
      </trkpt>
      <trkpt lat="34.079984379932284" lon="134.55954808741808">
        <ele>4.08</ele>
      </trkpt>
      <trkpt lat="34.080069959163666" lon="134.55958999693394">
        <ele>4.08</ele>
      </trkpt>
      <trkpt lat="34.08022301271558" lon="134.55969854258">
        <ele>4.08</ele>
      </trkpt>
      <trkpt lat="34.080416802316904" lon="134.55983600579202">
        <ele>4.04</ele>
      </trkpt>
      <trkpt lat="34.08068745397031" lon="134.56002795137465">
        <ele>4.11</ele>
      </trkpt>
      <trkpt lat="34.080929942429066" lon="134.56019994802773">
        <ele>4.11</ele>
      </trkpt>
      <trkpt lat="34.08098543062806" lon="134.56025049090385">
        <ele>4.11</ele>
      </trkpt>
      <trkpt lat="34.081230936571956" lon="134.56047412008047">
        <ele>4.18</ele>
      </trkpt>
      <trkpt lat="34.081371668726206" lon="134.56060227937996">
        <ele>4.28</ele>
      </trkpt>
      <trkpt lat="34.08147652633488" lon="134.5606977492571">
        <ele>4.32</ele>
      </trkpt>
      <trkpt lat="34.081489937379956" lon="134.56070998683572">
        <ele>4.31</ele>
      </trkpt>
      <trkpt lat="34.081633603200316" lon="134.56088709644973">
        <ele>4.27</ele>
      </trkpt>
      <trkpt lat="34.081789925694466" lon="134.5610799640417">
        <ele>4.29</ele>
      </trkpt>
      <trkpt lat="34.08181766979396" lon="134.56111919134855">
        <ele>4.3</ele>
      </trkpt>
      <trkpt lat="34.08204808831215" lon="134.56144558265805">
        <ele>4.27</ele>
      </trkpt>
      <trkpt lat="34.0822699572891" lon="134.56175998784602">
        <ele>4.19</ele>
      </trkpt>
      <trkpt lat="34.08227833919227" lon="134.56177348271012">
        <ele>4.19</ele>
      </trkpt>
      <trkpt lat="34.082544883713126" lon="134.56220271997154">
        <ele>4.2</ele>
      </trkpt>
      <trkpt lat="34.08265166915953" lon="134.56237471662462">
        <ele>4.17</ele>
      </trkpt>
      <trkpt lat="34.08280547708273" lon="134.5626223180443">
        <ele>4.19</ele>
      </trkpt>
      <trkpt lat="34.08302986063063" lon="134.56298374570906">
        <ele>4.42</ele>
      </trkpt>
      <trkpt lat="34.08303991891444" lon="134.56299992278218">
        <ele>4.43</ele>
      </trkpt>
      <trkpt lat="34.083197666332126" lon="134.5632103085518">
        <ele>4.71</ele>
      </trkpt>
      <trkpt lat="34.08320914953947" lon="134.56322556361556">
        <ele>4.77</ele>
      </trkpt>
      <trkpt lat="34.08321996219456" lon="134.56323998048902">
        <ele>4.77</ele>
      </trkpt>
      <trkpt lat="34.08336941152811" lon="134.56342211924493">
        <ele>4.9</ele>
      </trkpt>
      <trkpt lat="34.08338458277285" lon="134.56344064325094">
        <ele>4.96</ele>
      </trkpt>
      <trkpt lat="34.08343336544931" lon="134.5634999871254">
        <ele>5.05</ele>
      </trkpt>
      <trkpt lat="34.083526991307735" lon="134.5636141486466">
        <ele>5.1</ele>
      </trkpt>
      <trkpt lat="34.08358968794346" lon="134.5636905077845">
        <ele>5.17</ele>
      </trkpt>
      <trkpt lat="34.08365230076015" lon="134.56376686692238">
        <ele>5.29</ele>
      </trkpt>
      <trkpt lat="34.08371432684362" lon="134.563842471689">
        <ele>5.46</ele>
      </trkpt>
      <trkpt lat="34.0838086232543" lon="134.5639574714005">
        <ele>5.79</ele>
      </trkpt>
      <trkpt lat="34.08385992050171" lon="134.56401991657913">
        <ele>6.02</ele>
      </trkpt>
      <trkpt lat="34.08390870317817" lon="134.56406258046627">
        <ele>6.21</ele>
      </trkpt>
      <trkpt lat="34.08433995209634" lon="134.56443993374705">
        <ele>8.07</ele>
      </trkpt>
      <trkpt lat="34.084493424743414" lon="134.56455065868795">
        <ele>8.7</ele>
      </trkpt>
      <trkpt lat="34.08464631065726" lon="134.56466088071465">
        <ele>9.3</ele>
      </trkpt>
      <trkpt lat="34.08472275361419" lon="134.5647159498185">
        <ele>9.56</ele>
      </trkpt>
      <trkpt lat="34.08479919657111" lon="134.56477110274136">
        <ele>9.79</ele>
      </trkpt>
      <trkpt lat="34.08491352573037" lon="134.5648534130305">
        <ele>10.08</ele>
      </trkpt>
      <trkpt lat="34.08501469530165" lon="134.5649263355881">
        <ele>10.2</ele>
      </trkpt>
      <trkpt lat="34.08519993536174" lon="134.56505994312465">
        <ele>10.37</ele>
      </trkpt>
      <trkpt lat="34.085341254249215" lon="134.56515323370695">
        <ele>10.51</ele>
      </trkpt>
      <trkpt lat="34.085930585861206" lon="134.56554248929024">
        <ele>10.92</ele>
      </trkpt>
      <trkpt lat="34.086088417097926" lon="134.56564667634666">
        <ele>10.98</ele>
      </trkpt>
      <trkpt lat="34.08636376261711" lon="134.56582856364548">
        <ele>11.13</ele>
      </trkpt>
      <trkpt lat="34.08659971319139" lon="134.56598438322544">
        <ele>11.2</ele>
      </trkpt>
      <trkpt lat="34.08683566376567" lon="134.5661402028054">
        <ele>11.33</ele>
      </trkpt>
      <trkpt lat="34.087307481095195" lon="134.5664517581463">
        <ele>11.41</ele>
      </trkpt>
      <trkpt lat="34.087503952905536" lon="134.56658151000738">
        <ele>11.48</ele>
      </trkpt>
      <trkpt lat="34.08777929842472" lon="134.5667633973062">
        <ele>11.52</ele>
      </trkpt>
      <trkpt lat="34.088094122707844" lon="134.5669713523239">
        <ele>11.64</ele>
      </trkpt>
      <trkpt lat="34.08844758756459" lon="134.56720478832722">
        <ele>11.69</ele>
      </trkpt>
      <trkpt lat="34.089037757366896" lon="134.5675945468247">
        <ele>11.73</ele>
      </trkpt>
      <trkpt lat="34.08943070098758" lon="134.56785405054688">
        <ele>11.69</ele>
      </trkpt>
      <trkpt lat="34.089627927169204" lon="134.56798430532217">
        <ele>11.71</ele>
      </trkpt>
      <trkpt lat="34.089824398979545" lon="134.56811405718327">
        <ele>11.65</ele>
      </trkpt>
      <trkpt lat="34.090217342600226" lon="134.56837356090546">
        <ele>11.6</ele>
      </trkpt>
      <trkpt lat="34.09037517383695" lon="134.56847774796188">
        <ele>11.6</ele>
      </trkpt>
      <trkpt lat="34.090649764984846" lon="134.5686591323465">
        <ele>11.54</ele>
      </trkpt>
      <trkpt lat="34.090807512402534" lon="134.56876331940293">
        <ele>11.53</ele>
      </trkpt>
      <trkpt lat="34.09112158231437" lon="134.5689706876874">
        <ele>11.41</ele>
      </trkpt>
      <trkpt lat="34.091358287259936" lon="134.56912701018155">
        <ele>11.4</ele>
      </trkpt>
      <trkpt lat="34.09171175211668" lon="134.56936044618487">
        <ele>11.33</ele>
      </trkpt>
      <trkpt lat="34.091987097635865" lon="134.5695423334837">
        <ele>11.23</ele>
      </trkpt>
      <trkpt lat="34.092223048210144" lon="134.56969815306365">
        <ele>11.1</ele>
      </trkpt>
      <trkpt lat="34.09245899878442" lon="134.5698539726436">
        <ele>11.04</ele>
      </trkpt>
      <trkpt lat="34.092963924631476" lon="134.57018740475178">
        <ele>10.86</ele>
      </trkpt>
      <trkpt lat="34.09327246248722" lon="134.57039116881788">
        <ele>10.7</ele>
      </trkpt>
      <trkpt lat="34.09361880272627" lon="134.57061991095543">
        <ele>10.57</ele>
      </trkpt>
      <trkpt lat="34.09373480826616" lon="134.57069652155042">
        <ele>10.5</ele>
      </trkpt>
      <trkpt lat="34.09396522678435" lon="134.570848736912">
        <ele>10.3</ele>
      </trkpt>
      <trkpt lat="34.09419639967382" lon="134.57100137136877">
        <ele>10.21</ele>
      </trkpt>
      <trkpt lat="34.09425398334861" lon="134.57103942520916">
        <ele>10.22</ele>
      </trkpt>
      <trkpt lat="34.094269992783666" lon="134.57104998640716">
        <ele>10.25</ele>
      </trkpt>
      <trkpt lat="34.09427996724844" lon="134.57105996087193">
        <ele>10.27</ele>
      </trkpt>
      <trkpt lat="34.09429010935128" lon="134.571039006114">
        <ele>10.3</ele>
      </trkpt>
      <trkpt lat="34.09437753260136" lon="134.57085804082453">
        <ele>9.59</ele>
      </trkpt>
      <trkpt lat="34.09442153759301" lon="134.5707670133561">
        <ele>9.2</ele>
      </trkpt>
      <trkpt lat="34.09444374963641" lon="134.5707210805267">
        <ele>8.97</ele>
      </trkpt>
      <trkpt lat="34.09453125670552" lon="134.5705400314182">
        <ele>7.94</ele>
      </trkpt>
      <trkpt lat="34.094569981098175" lon="134.57045998424292">
        <ele>7.5</ele>
      </trkpt>
      <trkpt lat="34.09457760863006" lon="134.57045135088265">
        <ele>7.45</ele>
      </trkpt>
      <trkpt lat="34.09464164637029" lon="134.5703798532486">
        <ele>7.03</ele>
      </trkpt>
      <trkpt lat="34.09470568411052" lon="134.5703082717955">
        <ele>6.71</ele>
      </trkpt>
      <trkpt lat="34.094739966094494" lon="134.57026996649802">
        <ele>6.6</ele>
      </trkpt>
      <trkpt lat="34.094812301918864" lon="134.5702191721648">
        <ele>6.42</ele>
      </trkpt>
      <trkpt lat="34.09500114619732" lon="134.57008640281856">
        <ele>6.12</ele>
      </trkpt>
      <trkpt lat="34.095109943300486" lon="134.57000995986164">
        <ele>5.98</ele>
      </trkpt>
      <trkpt lat="34.09511354751885" lon="134.57000970840454">
        <ele>5.98</ele>
      </trkpt>
      <trkpt lat="34.095242880284786" lon="134.5700016617775">
        <ele>5.94</ele>
      </trkpt>
      <trkpt lat="34.09526995383203" lon="134.56999998539686">
        <ele>5.94</ele>
      </trkpt>
      <trkpt lat="34.0954199898988" lon="134.56994994543493">
        <ele>6.0</ele>
      </trkpt>
      <trkpt lat="34.09556809812784" lon="134.56984533928335">
        <ele>6.0</ele>
      </trkpt>
      <trkpt lat="34.09558997489512" lon="134.5698299165815">
        <ele>6.0</ele>
      </trkpt>
      <trkpt lat="34.09579734317958" lon="134.5695471111685">
        <ele>6.05</ele>
      </trkpt>
      <trkpt lat="34.09580999985337" lon="134.569529928267">
        <ele>6.06</ele>
      </trkpt>
      <trkpt lat="34.09590999595821" lon="134.56933999434114">
        <ele>6.19</ele>
      </trkpt>
      <trkpt lat="34.0959242451936" lon="134.5692685805261">
        <ele>6.24</ele>
      </trkpt>
      <trkpt lat="34.09596623852849" lon="134.56905853003263">
        <ele>6.33</ele>
      </trkpt>
      <trkpt lat="34.09599767066538" lon="134.5689012017101">
        <ele>6.34</ele>
      </trkpt>
      <trkpt lat="34.096009992063046" lon="134.56883992999792">
        <ele>6.32</ele>
      </trkpt>
      <trkpt lat="34.09608894959092" lon="134.5685409475118">
        <ele>6.24</ele>
      </trkpt>
      <trkpt lat="34.09615642391145" lon="134.5682853832841">
        <ele>6.24</ele>
      </trkpt>
      <trkpt lat="34.096289947628975" lon="134.56777995452285">
        <ele>6.35</ele>
      </trkpt>
      <trkpt lat="34.096291372552514" lon="134.56777316518128">
        <ele>6.35</ele>
      </trkpt>
      <trkpt lat="34.096367144957185" lon="134.56740754656494">
        <ele>6.45</ele>
      </trkpt>
      <trkpt lat="34.09649681299925" lon="134.56678175367415">
        <ele>6.51</ele>
      </trkpt>
      <trkpt lat="34.09659395925701" lon="134.56631295382977">
        <ele>6.59</ele>
      </trkpt>
      <trkpt lat="34.0966478548944" lon="134.5660526957363">
        <ele>6.67</ele>
      </trkpt>
      <trkpt lat="34.09674525260925" lon="134.56558289006352">
        <ele>6.77</ele>
      </trkpt>
      <trkpt lat="34.09674994647503" lon="134.56555992364883">
        <ele>6.77</ele>
      </trkpt>
      <trkpt lat="34.096869975328445" lon="134.56513999029994">
        <ele>6.81</ele>
      </trkpt>
      <trkpt lat="34.09687542356551" lon="134.56512490287423">
        <ele>6.82</ele>
      </trkpt>
      <trkpt lat="34.096964774653316" lon="134.5648793131113">
        <ele>6.87</ele>
      </trkpt>
      <trkpt lat="34.09706996753812" lon="134.56458996981382">
        <ele>6.89</ele>
      </trkpt>
      <trkpt lat="34.097263840958476" lon="134.56415846943855">
        <ele>6.93</ele>
      </trkpt>
      <trkpt lat="34.0973799303174" lon="134.56389997154474">
        <ele>6.89</ele>
      </trkpt>
      <trkpt lat="34.097479255869985" lon="134.5637550484389">
        <ele>6.87</ele>
      </trkpt>
      <trkpt lat="34.097620910033584" lon="134.5635483507067">
        <ele>6.89</ele>
      </trkpt>
      <trkpt lat="34.097791146487" lon="134.5632999110967">
        <ele>6.86</ele>
      </trkpt>
      <trkpt lat="34.09810253418982" lon="134.56284552812576">
        <ele>6.88</ele>
      </trkpt>
      <trkpt lat="34.09824410453439" lon="134.56263891421258">
        <ele>6.85</ele>
      </trkpt>
      <trkpt lat="34.09861223772168" lon="134.56210171803832">
        <ele>6.93</ele>
      </trkpt>
      <trkpt lat="34.09872991964221" lon="134.56192997284234">
        <ele>6.89</ele>
      </trkpt>
      <trkpt lat="34.098748695105314" lon="134.5618907455355">
        <ele>6.89</ele>
      </trkpt>
      <trkpt lat="34.09885933622718" lon="134.56165940500796">
        <ele>6.88</ele>
      </trkpt>
      <trkpt lat="34.09894885495305" lon="134.56147223711014">
        <ele>6.82</ele>
      </trkpt>
      <trkpt lat="34.09903879277408" lon="134.56128414720297">
        <ele>6.79</ele>
      </trkpt>
      <trkpt lat="34.099059998989105" lon="134.56123997457325">
        <ele>6.79</ele>
      </trkpt>
      <trkpt lat="34.09919813275337" lon="134.560779472813">
        <ele>6.81</ele>
      </trkpt>
      <trkpt lat="34.09927440807223" lon="134.56052516587079">
        <ele>6.8</ele>
      </trkpt>
      <trkpt lat="34.09932998009026" lon="134.5603399258107">
        <ele>6.8</ele>
      </trkpt>
      <trkpt lat="34.099368788301945" lon="134.56016516312957">
        <ele>6.81</ele>
      </trkpt>
      <trkpt lat="34.09942687489092" lon="134.55990398302674">
        <ele>6.78</ele>
      </trkpt>
      <trkpt lat="34.0994299761951" lon="134.55988998524845">
        <ele>6.76</ele>
      </trkpt>
      <trkpt lat="34.09942930564284" lon="134.55979912541807">
        <ele>6.66</ele>
      </trkpt>
      <trkpt lat="34.099428886547685" lon="134.55974707379937">
        <ele>6.56</ele>
      </trkpt>
      <trkpt lat="34.099428467452526" lon="134.55969384871423">
        <ele>6.42</ele>
      </trkpt>
      <trkpt lat="34.0994281321764" lon="134.5596417132765">
        <ele>6.23</ele>
      </trkpt>
      <trkpt lat="34.09942771308124" lon="134.55958848819137">
        <ele>6.0</ele>
      </trkpt>
      <trkpt lat="34.099427377805114" lon="134.55953635275364">
        <ele>5.72</ele>
      </trkpt>
      <trkpt lat="34.099426958709955" lon="134.5594831276685">
        <ele>5.41</ele>
      </trkpt>
      <trkpt lat="34.0994265396148" lon="134.55942990258336">
        <ele>5.08</ele>
      </trkpt>
      <trkpt lat="34.09942536614835" lon="134.5592724904418">
        <ele>4.02</ele>
      </trkpt>
      <trkpt lat="34.09942461177707" lon="134.55916712991893">
        <ele>3.36</ele>
      </trkpt>
      <trkpt lat="34.09942419268191" lon="134.5591139048338">
        <ele>3.06</ele>
      </trkpt>
      <trkpt lat="34.09942377358675" lon="134.55906067974865">
        <ele>2.79</ele>
      </trkpt>
      <trkpt lat="34.09942343831062" lon="134.55900854431093">
        <ele>2.56</ele>
      </trkpt>
      <trkpt lat="34.099423019215465" lon="134.5589553192258">
        <ele>2.36</ele>
      </trkpt>
      <trkpt lat="34.09942268393934" lon="134.55890318378806">
        <ele>2.19</ele>
      </trkpt>
      <trkpt lat="34.09942226484418" lon="134.55884995870292">
        <ele>2.06</ele>
      </trkpt>
      <trkpt lat="34.09942184574902" lon="134.55879790708423">
        <ele>1.96</ele>
      </trkpt>
      <trkpt lat="34.099421091377735" lon="134.55869145691395">
        <ele>1.84</ele>
      </trkpt>
      <trkpt lat="34.09941991791129" lon="134.55853999592364">
        <ele>1.77</ele>
      </trkpt>
      <trkpt lat="34.09942067228258" lon="134.5585340447724">
        <ele>1.77</ele>
      </trkpt>
      <trkpt lat="34.09946677275002" lon="134.558165660128">
        <ele>1.75</ele>
      </trkpt>
      <trkpt lat="34.099489990621805" lon="134.55797991715372">
        <ele>1.76</ele>
      </trkpt>
      <trkpt lat="34.0995351690799" lon="134.55779786221683">
        <ele>1.79</ele>
      </trkpt>
      <trkpt lat="34.09963767975569" lon="134.55738488584757">
        <ele>1.78</ele>
      </trkpt>
      <trkpt lat="34.09968914464116" lon="134.55717785283923">
        <ele>1.74</ele>
      </trkpt>
      <trkpt lat="34.09977899864316" lon="134.55681583844125">
        <ele>1.6</ele>
      </trkpt>
      <trkpt lat="34.09984303638339" lon="134.55655784346163">
        <ele>1.57</ele>
      </trkpt>
      <trkpt lat="34.09984999336302" lon="134.55652993172407">
        <ele>1.57</ele>
      </trkpt>
      <trkpt lat="34.09988360479474" lon="134.55640587955713">
        <ele>1.57</ele>
      </trkpt>
      <trkpt lat="34.09991092979908" lon="134.55630470998585">
        <ele>1.61</ele>
      </trkpt>
      <trkpt lat="34.09999315626919" lon="134.556001201272">
        <ele>1.76</ele>
      </trkpt>
      <trkpt lat="34.100047973915935" lon="134.55579886212945">
        <ele>1.89</ele>
      </trkpt>
      <trkpt lat="34.100075382739305" lon="134.5556977763772">
        <ele>1.92</ele>
      </trkpt>
      <trkpt lat="34.10015786066651" lon="134.55539326183498">
        <ele>1.89</ele>
      </trkpt>
      <trkpt lat="34.100240003317595" lon="134.55508975312114">
        <ele>1.92</ele>
      </trkpt>
      <trkpt lat="34.10032222978771" lon="134.5547862444073">
        <ele>1.9</ele>
      </trkpt>
      <trkpt lat="34.10036330111325" lon="134.5546345319599">
        <ele>1.92</ele>
      </trkpt>
      <trkpt lat="34.10036992281675" lon="134.5546099729836">
        <ele>1.91</ele>
      </trkpt>
      <trkpt lat="34.100429601967335" lon="134.55449463799596">
        <ele>1.9</ele>
      </trkpt>
      <trkpt lat="34.10047729499638" lon="134.5544025208801">
        <ele>1.95</ele>
      </trkpt>
      <trkpt lat="34.10050109960139" lon="134.55435642041266">
        <ele>2.0</ele>
      </trkpt>
      <trkpt lat="34.100519958883524" lon="134.55431995913386">
        <ele>2.07</ele>
      </trkpt>
      <trkpt lat="34.100552229210734" lon="134.55426723696291">
        <ele>2.18</ele>
      </trkpt>
      <trkpt lat="34.10057888366282" lon="134.55422348342836">
        <ele>2.32</ele>
      </trkpt>
      <trkpt lat="34.10060562193394" lon="134.55417981371284">
        <ele>2.49</ele>
      </trkpt>
      <trkpt lat="34.10063227638602" lon="134.5541361439973">
        <ele>2.69</ele>
      </trkpt>
      <trkpt lat="34.10065901465714" lon="134.55409239046276">
        <ele>2.94</ele>
      </trkpt>
      <trkpt lat="34.10071240738034" lon="134.5540050510317">
        <ele>3.52</ele>
      </trkpt>
      <trkpt lat="34.100765800103545" lon="134.55391762778163">
        <ele>4.22</ele>
      </trkpt>
      <trkpt lat="34.10087258554995" lon="134.5537428651005">
        <ele>5.78</ele>
      </trkpt>
      <trkpt lat="34.10089932382107" lon="134.55369919538498">
        <ele>6.14</ele>
      </trkpt>
      <trkpt lat="34.10092597827315" lon="134.55365552566946">
        <ele>6.45</ele>
      </trkpt>
      <trkpt lat="34.10095271654427" lon="134.5536117721349">
        <ele>6.7</ele>
      </trkpt>
      <trkpt lat="34.10097945481539" lon="134.55356810241938">
        <ele>6.88</ele>
      </trkpt>
      <trkpt lat="34.10100610926747" lon="134.55352443270385">
        <ele>7.01</ele>
      </trkpt>
      <trkpt lat="34.101059501990676" lon="134.55343700945377">
        <ele>7.13</ele>
      </trkpt>
      <trkpt lat="34.10106997936964" lon="134.55341999419034">
        <ele>7.13</ele>
      </trkpt>
      <trkpt lat="34.10114290192723" lon="134.55320198088884">
        <ele>7.2</ele>
      </trkpt>
      <trkpt lat="34.10122278146446" lon="134.55296334810555">
        <ele>7.35</ele>
      </trkpt>
      <trkpt lat="34.1013346798718" lon="134.55262899398804">
        <ele>7.46</ele>
      </trkpt>
      <trkpt lat="34.10157021135092" lon="134.55192516557872">
        <ele>7.49</ele>
      </trkpt>
      <trkpt lat="34.10167129710317" lon="134.55162308178842">
        <ele>7.56</ele>
      </trkpt>
      <trkpt lat="34.101772382855415" lon="134.55132099799812">
        <ele>7.66</ele>
      </trkpt>
      <trkpt lat="34.10199106670916" lon="134.55066746100783">
        <ele>7.77</ele>
      </trkpt>
      <trkpt lat="34.10219332203269" lon="134.55006329342723">
        <ele>7.79</ele>
      </trkpt>
      <trkpt lat="34.102277560159564" lon="134.54981150105596">
        <ele>7.83</ele>
      </trkpt>
      <trkpt lat="34.10239515826106" lon="134.549460131675">
        <ele>7.77</ele>
      </trkpt>
      <trkpt lat="34.10256363451481" lon="134.5489566307515">
        <ele>7.83</ele>
      </trkpt>
      <trkpt lat="34.10273043438792" lon="134.54845815896988">
        <ele>7.84</ele>
      </trkpt>
      <trkpt lat="34.102964624762535" lon="134.5477583538741">
        <ele>7.77</ele>
      </trkpt>
      <trkpt lat="34.10324868746102" lon="134.54690943472087">
        <ele>7.78</ele>
      </trkpt>
      <trkpt lat="34.10334876738489" lon="134.5466103684157">
        <ele>7.76</ele>
      </trkpt>
      <trkpt lat="34.10359955392778" lon="134.54586119391024">
        <ele>7.66</ele>
      </trkpt>
      <trkpt lat="34.10376668907702" lon="134.54536171630025">
        <ele>7.68</ele>
      </trkpt>
      <trkpt lat="34.10386676900089" lon="134.5450626499951">
        <ele>7.75</ele>
      </trkpt>
      <trkpt lat="34.10391085781157" lon="134.54493071883917">
        <ele>7.74</ele>
      </trkpt>
      <trkpt lat="34.10416935570538" lon="134.54415841028094">
        <ele>7.87</ele>
      </trkpt>
      <trkpt lat="34.10423540510237" lon="134.54396101646125">
        <ele>7.87</ele>
      </trkpt>
      <trkpt lat="34.10433447919786" lon="134.54366496764123">
        <ele>7.83</ele>
      </trkpt>
      <trkpt lat="34.10443355329335" lon="134.54336891882122">
        <ele>7.86</ele>
      </trkpt>
      <trkpt lat="34.10466103814542" lon="134.54268923029304">
        <ele>7.77</ele>
      </trkpt>
      <trkpt lat="34.104790119454265" lon="134.5423035789281">
        <ele>7.69</ele>
      </trkpt>
      <trkpt lat="34.10493973642588" lon="134.54185648821294">
        <ele>7.65</ele>
      </trkpt>
      <trkpt lat="34.105055993422866" lon="134.54150905832648">
        <ele>7.59</ele>
      </trkpt>
      <trkpt lat="34.105288507416844" lon="134.5408142823726">
        <ele>7.59</ele>
      </trkpt>
      <trkpt lat="34.10529999062419" lon="134.5407799165696">
        <ele>7.58</ele>
      </trkpt>
      <trkpt lat="34.10544717684388" lon="134.54030960798264">
        <ele>7.56</ele>
      </trkpt>
      <trkpt lat="34.10554222762585" lon="134.5400058478117">
        <ele>7.67</ele>
      </trkpt>
      <trkpt lat="34.105589585378766" lon="134.53985447064042">
        <ele>7.7</ele>
      </trkpt>
      <trkpt lat="34.10570994950831" lon="134.53946999274194">
        <ele>7.69</ele>
      </trkpt>
      <trkpt lat="34.10589812323451" lon="134.5389629714191">
        <ele>7.68</ele>
      </trkpt>
      <trkpt lat="34.106043046340346" lon="134.53857245855033">
        <ele>7.63</ele>
      </trkpt>
      <trkpt lat="34.10613398998976" lon="134.53832770697773">
        <ele>7.67</ele>
      </trkpt>
      <trkpt lat="34.10622484982014" lon="134.53808287158608">
        <ele>7.67</ele>
      </trkpt>
      <trkpt lat="34.106351751834154" lon="134.53774097375572">
        <ele>7.71</ele>
      </trkpt>
      <trkpt lat="34.106424171477556" lon="134.53754567541182">
        <ele>7.7</ele>
      </trkpt>
      <trkpt lat="34.106559958308935" lon="134.53717997297645">
        <ele>7.72</ele>
      </trkpt>
      <trkpt lat="34.10665743984282" lon="134.53691015951335">
        <ele>7.74</ele>
      </trkpt>
      <trkpt lat="34.10674628801644" lon="134.53666431829333">
        <ele>7.69</ele>
      </trkpt>
      <trkpt lat="34.106853157281876" lon="134.53636868856847">
        <ele>7.66</ele>
      </trkpt>
      <trkpt lat="34.106989949941635" lon="134.53598999418318">
        <ele>7.66</ele>
      </trkpt>
      <trkpt lat="34.10702138207853" lon="134.5358748268336">
        <ele>7.66</ele>
      </trkpt>
      <trkpt lat="34.10704946145415" lon="134.53577164560556">
        <ele>7.67</ele>
      </trkpt>
      <trkpt lat="34.107118947431445" lon="134.53551683574915">
        <ele>7.74</ele>
      </trkpt>
      <trkpt lat="34.10714652389288" lon="134.5354157499969">
        <ele>7.74</ele>
      </trkpt>
      <trkpt lat="34.10721600987017" lon="134.53516094014049">
        <ele>7.7</ele>
      </trkpt>
      <trkpt lat="34.107285579666495" lon="134.53490613028407">
        <ele>7.77</ele>
      </trkpt>
      <trkpt lat="34.107341235503554" lon="134.53470186330378">
        <ele>7.79</ele>
      </trkpt>
      <trkpt lat="34.10746998153627" lon="134.53422996215522">
        <ele>7.72</ele>
      </trkpt>
      <trkpt lat="34.10748649388552" lon="134.53414035961032">
        <ele>7.71</ele>
      </trkpt>
      <trkpt lat="34.10750585608184" lon="134.5340354181826">
        <ele>7.72</ele>
      </trkpt>
      <trkpt lat="34.10754466429353" lon="134.53382545150816">
        <ele>7.8</ele>
      </trkpt>
      <trkpt lat="34.10758322104812" lon="134.53361665830016">
        <ele>7.85</ele>
      </trkpt>
      <trkpt lat="34.107589926570654" lon="134.53357994556427">
        <ele>7.85</ele>
      </trkpt>
      <trkpt lat="34.1076497733593" lon="134.53319194726646">
        <ele>7.9</ele>
      </trkpt>
      <trkpt lat="34.107715487480164" lon="134.53276589512825">
        <ele>7.88</ele>
      </trkpt>
      <trkpt lat="34.10778120160103" lon="134.53233984299004">
        <ele>7.9</ele>
      </trkpt>
      <trkpt lat="34.10784674808383" lon="134.5319147966802">
        <ele>7.85</ele>
      </trkpt>
      <trkpt lat="34.10789620131254" lon="134.53159452416003">
        <ele>7.85</ele>
      </trkpt>
      <trkpt lat="34.10789997316897" lon="134.53156996518373">
        <ele>7.84</ele>
      </trkpt>
      <trkpt lat="34.10795219242573" lon="134.53105791471899">
        <ele>7.81</ele>
      </trkpt>
      <trkpt lat="34.10801245830953" lon="134.53046715818346">
        <ele>7.93</ele>
      </trkpt>
      <trkpt lat="34.10808923654258" lon="134.52971471473575">
        <ele>7.98</ele>
      </trkpt>
      <trkpt lat="34.108149921521544" lon="134.5291199348867">
        <ele>8.09</ele>
      </trkpt>
      <trkpt lat="34.10816517658532" lon="134.52890753746033">
        <ele>8.13</ele>
      </trkpt>
      <trkpt lat="34.1081883944571" lon="134.5285839959979">
        <ele>8.23</ele>
      </trkpt>
      <trkpt lat="34.10820390097797" lon="134.52836866490543">
        <ele>8.25</ele>
      </trkpt>
      <trkpt lat="34.108223179355264" lon="134.52809918671846">
        <ele>8.3</ele>
      </trkpt>
      <trkpt lat="34.10823876969516" lon="134.52788276597857">
        <ele>8.32</ele>
      </trkpt>
      <trkpt lat="34.108269698917866" lon="134.52745210379362">
        <ele>8.27</ele>
      </trkpt>
      <trkpt lat="34.10829677246511" lon="134.5270744152367">
        <ele>8.29</ele>
      </trkpt>
      <trkpt lat="34.108299957588315" lon="134.5270299911499">
        <ele>8.25</ele>
      </trkpt>
      <trkpt lat="34.10831714048982" lon="134.5269190147519">
        <ele>8.16</ele>
      </trkpt>
      <trkpt lat="34.108333149924874" lon="134.52681549824774">
        <ele>8.03</ele>
      </trkpt>
      <trkpt lat="34.10834915935993" lon="134.52671189792454">
        <ele>7.82</ele>
      </trkpt>
      <trkpt lat="34.10835703834891" lon="134.52666068449616">
        <ele>7.69</ele>
      </trkpt>
      <trkpt lat="34.10836516879499" lon="134.52660829760134">
        <ele>7.52</ele>
      </trkpt>
      <trkpt lat="34.108381010591984" lon="134.5265058707446">
        <ele>7.1</ele>
      </trkpt>
      <trkpt lat="34.108397187665105" lon="134.52640118077397">
        <ele>6.6</ele>
      </trkpt>
      <trkpt lat="34.10840515047312" lon="134.5263499673456">
        <ele>6.32</ele>
      </trkpt>
      <trkpt lat="34.108421159908175" lon="134.5262463670224">
        <ele>5.7</ele>
      </trkpt>
      <trkpt lat="34.108445048332214" lon="134.52609155327082">
        <ele>4.7</ele>
      </trkpt>
      <trkpt lat="34.108449993655086" lon="134.52605995349586">
        <ele>4.53</ele>
      </trkpt>
      <trkpt lat="34.10846089012921" lon="134.52593204565346">
        <ele>3.85</ele>
      </trkpt>
      <trkpt lat="34.1084701102227" lon="134.525825092569">
        <ele>3.35</ele>
      </trkpt>
      <trkpt lat="34.10847991704941" lon="134.52570992521942">
        <ele>2.95</ele>
      </trkpt>
      <trkpt lat="34.10848050378263" lon="134.525663908571">
        <ele>2.78</ele>
      </trkpt>
      <trkpt lat="34.108481174334884" lon="134.52561068348587">
        <ele>2.65</ele>
      </trkpt>
      <trkpt lat="34.10848243162036" lon="134.52550205402076">
        <ele>2.47</ele>
      </trkpt>
      <trkpt lat="34.10848310217261" lon="134.52544882893562">
        <ele>2.42</ele>
      </trkpt>
      <trkpt lat="34.10848377272487" lon="134.52539451420307">
        <ele>2.39</ele>
      </trkpt>
      <trkpt lat="34.10848435945809" lon="134.52534128911793">
        <ele>2.39</ele>
      </trkpt>
      <trkpt lat="34.10848503001034" lon="134.52528697438538">
        <ele>2.4</ele>
      </trkpt>
      <trkpt lat="34.10848637111485" lon="134.52517951838672">
        <ele>2.5</ele>
      </trkpt>
      <trkpt lat="34.10848695784807" lon="134.52512629330158">
        <ele>2.58</ele>
      </trkpt>
      <trkpt lat="34.108487628400326" lon="134.52507197856903">
        <ele>2.69</ele>
      </trkpt>
      <trkpt lat="34.10848829895258" lon="134.5250187534839">
        <ele>2.82</ele>
      </trkpt>
      <trkpt lat="34.108489556238055" lon="134.5249101240188">
        <ele>3.14</ele>
      </trkpt>
      <trkpt lat="34.108489975333214" lon="134.52487994916737">
        <ele>3.25</ele>
      </trkpt>
      <trkpt lat="34.10847472026944" lon="134.5248071104288">
        <ele>3.54</ele>
      </trkpt>
      <trkpt lat="34.108453346416354" lon="134.52470493502915">
        <ele>4.02</ele>
      </trkpt>
      <trkpt lat="34.108421159908175" lon="134.52455121092498">
        <ele>4.85</ele>
      </trkpt>
      <trkpt lat="34.10839995369315" lon="134.52444995753467">
        <ele>5.44</ele>
      </trkpt>
      <trkpt lat="34.108365001156926" lon="134.52435239218175">
        <ele>6.06</ele>
      </trkpt>
      <trkpt lat="34.1083474829793" lon="134.5243036095053">
        <ele>6.35</ele>
      </trkpt>
      <trkpt lat="34.10831278190017" lon="134.5242068823427">
        <ele>6.87</ele>
      </trkpt>
      <trkpt lat="34.10829534754157" lon="134.5241580158472">
        <ele>7.11</ele>
      </trkpt>
      <trkpt lat="34.10826064646244" lon="134.52406137250364">
        <ele>7.49</ele>
      </trkpt>
      <trkpt lat="34.10824312828481" lon="134.52401250600815">
        <ele>7.63</ele>
      </trkpt>
      <trkpt lat="34.10820993594825" lon="134.52391996979713">
        <ele>7.85</ele>
      </trkpt>
      <trkpt lat="34.108209097757936" lon="134.52391561120749">
        <ele>7.85</ele>
      </trkpt>
      <trkpt lat="34.108189065009356" lon="134.52381301671267">
        <ele>8.01</ele>
      </trkpt>
      <trkpt lat="34.108162662014365" lon="134.52367773279548">
        <ele>8.11</ele>
      </trkpt>
      <trkpt lat="34.10813609138131" lon="134.52354135923088">
        <ele>8.19</ele>
      </trkpt>
      <trkpt lat="34.108129972591996" lon="134.52350992709398">
        <ele>8.19</ele>
      </trkpt>
      <trkpt lat="34.10810289904475" lon="134.52318537980318">
        <ele>8.22</ele>
      </trkpt>
      <trkpt lat="34.10808579996228" lon="134.5229801069945">
        <ele>8.28</ele>
      </trkpt>
      <trkpt lat="34.10807314328849" lon="134.52282772399485">
        <ele>8.36</ele>
      </trkpt>
      <trkpt lat="34.10806995816529" lon="134.52278992161155">
        <ele>8.36</ele>
      </trkpt>
      <trkpt lat="34.108070293441415" lon="134.5226899255067">
        <ele>8.38</ele>
      </trkpt>
      <trkpt lat="34.10807339474559" lon="134.52178082428873">
        <ele>8.34</ele>
      </trkpt>
      <trkpt lat="34.108074652031064" lon="134.52140606939793">
        <ele>8.38</ele>
      </trkpt>
      <trkpt lat="34.10807624459267" lon="134.52092385850847">
        <ele>8.39</ele>
      </trkpt>
      <trkpt lat="34.10807825624943" lon="134.52033519744873">
        <ele>8.45</ele>
      </trkpt>
      <trkpt lat="34.10807934589684" lon="134.52001366764307">
        <ele>8.51</ele>
      </trkpt>
      <trkpt lat="34.10807984881103" lon="134.51985290274024">
        <ele>8.51</ele>
      </trkpt>
      <trkpt lat="34.10807993263006" lon="134.51981996186078">
        <ele>8.51</ele>
      </trkpt>
      <trkpt lat="34.108106922358274" lon="134.51944269239902">
        <ele>8.6</ele>
      </trkpt>
      <trkpt lat="34.108109939843416" lon="134.51939994469285">
        <ele>8.59</ele>
      </trkpt>
      <trkpt lat="34.10816048271954" lon="134.51923892833292">
        <ele>8.57</ele>
      </trkpt>
      <trkpt lat="34.10820792429149" lon="134.51908755116165">
        <ele>8.52</ele>
      </trkpt>
      <trkpt lat="34.10823952406645" lon="134.51898705214262">
        <ele>8.44</ele>
      </trkpt>
      <trkpt lat="34.10825511440635" lon="134.51893726363778">
        <ele>8.36</ele>
      </trkpt>
      <trkpt lat="34.10826995037496" lon="134.5188899897039">
        <ele>8.25</ele>
      </trkpt>
      <trkpt lat="34.10827078856528" lon="134.51888638548553">
        <ele>8.25</ele>
      </trkpt>
      <trkpt lat="34.10828319378197" lon="134.51883525587618">
        <ele>8.1</ele>
      </trkpt>
      <trkpt lat="34.10829576663673" lon="134.51878312043846">
        <ele>7.91</ele>
      </trkpt>
      <trkpt lat="34.10832066088915" lon="134.51867993921041">
        <ele>7.43</ele>
      </trkpt>
      <trkpt lat="34.10833993926644" lon="134.51859997585416">
        <ele>7.0</ele>
      </trkpt>
      <trkpt lat="34.1083575412631" lon="134.51847097836435">
        <ele>6.34</ele>
      </trkpt>
      <trkpt lat="34.10836483351886" lon="134.51841741800308">
        <ele>6.11</ele>
      </trkpt>
      <trkpt lat="34.10837204195559" lon="134.51836494728923">
        <ele>5.92</ele>
      </trkpt>
      <trkpt lat="34.10837933421135" lon="134.51831130310893">
        <ele>5.76</ele>
      </trkpt>
      <trkpt lat="34.108386458829045" lon="134.51825883239508">
        <ele>5.65</ele>
      </trkpt>
      <trkpt lat="34.108393751084805" lon="134.51820518821478">
        <ele>5.57</ele>
      </trkpt>
      <trkpt lat="34.10839995369315" lon="134.51815992593765">
        <ele>5.54</ele>
      </trkpt>
      <trkpt lat="34.10840054042637" lon="134.5181526336819">
        <ele>5.54</ele>
      </trkpt>
      <trkpt lat="34.10840908996761" lon="134.5180455967784">
        <ele>5.54</ele>
      </trkpt>
      <trkpt lat="34.10843054763973" lon="134.51777745969594">
        <ele>5.62</ele>
      </trkpt>
      <trkpt lat="34.10843909718096" lon="134.51767042279243">
        <ele>5.68</ele>
      </trkpt>
      <trkpt lat="34.108447562903166" lon="134.51756447553635">
        <ele>5.8</ele>
      </trkpt>
      <trkpt lat="34.10847757011652" lon="134.51718938536942">
        <ele>6.32</ele>
      </trkpt>
      <trkpt lat="34.10850330255926" lon="134.51686827465892">
        <ele>6.68</ele>
      </trkpt>
      <trkpt lat="34.10852886736393" lon="134.51654825359583">
        <ele>7.11</ele>
      </trkpt>
      <trkpt lat="34.10855040885508" lon="134.51627902686596">
        <ele>7.44</ele>
      </trkpt>
      <trkpt lat="34.10857622511685" lon="134.51595682650805">
        <ele>7.93</ele>
      </trkpt>
      <trkpt lat="34.108584858477116" lon="134.51584878377616">
        <ele>8.08</ele>
      </trkpt>
      <trkpt lat="34.10860639996827" lon="134.5155795570463">
        <ele>8.36</ele>
      </trkpt>
      <trkpt lat="34.10861930809915" lon="134.51541845686734">
        <ele>8.47</ele>
      </trkpt>
      <trkpt lat="34.10863649100065" lon="134.51520329341292">
        <ele>8.55</ele>
      </trkpt>
      <trkpt lat="34.10863992758095" lon="134.51515995897353">
        <ele>8.54</ele>
      </trkpt>
      <trkpt lat="34.108727267012" lon="134.5147869642824">
        <ele>8.53</ele>
      </trkpt>
      <trkpt lat="34.10884880460799" lon="134.51426745392382">
        <ele>8.62</ele>
      </trkpt>
      <trkpt lat="34.108859952539206" lon="134.51421992853284">
        <ele>8.63</ele>
      </trkpt>
      <trkpt lat="34.10891694948077" lon="134.51400987803936">
        <ele>8.69</ele>
      </trkpt>
      <trkpt lat="34.10900034941733" lon="134.51370226219296">
        <ele>8.84</ele>
      </trkpt>
      <trkpt lat="34.10901996307075" lon="134.5136299263686">
        <ele>8.85</ele>
      </trkpt>
      <trkpt lat="34.10909313708544" lon="134.5133986696601">
        <ele>8.91</ele>
      </trkpt>
      <trkpt lat="34.10928474739194" lon="134.51279290951788">
        <ele>8.86</ele>
      </trkpt>
      <trkpt lat="34.10941215232015" lon="134.51239007525146">
        <ele>8.89</ele>
      </trkpt>
      <trkpt lat="34.10950812511146" lon="134.51208673417568">
        <ele>8.94</ele>
      </trkpt>
      <trkpt lat="34.10961985588074" lon="134.51173360459507">
        <ele>8.84</ele>
      </trkpt>
      <trkpt lat="34.109715493395925" lon="134.51143126934767">
        <ele>8.83</ele>
      </trkpt>
      <trkpt lat="34.10979503765702" lon="134.51117956079543">
        <ele>8.84</ele>
      </trkpt>
      <trkpt lat="34.10985890775919" lon="134.51097772456706">
        <ele>8.9</ele>
      </trkpt>
      <trkpt lat="34.109938871115446" lon="134.51072501018643">
        <ele>8.93</ele>
      </trkpt>
      <trkpt lat="34.10994993522763" lon="134.51068997383118">
        <ele>8.92</ele>
      </trkpt>
      <trkpt lat="34.11004523746669" lon="134.51037188060582">
        <ele>8.92</ele>
      </trkpt>
      <trkpt lat="34.110151352360845" lon="134.5100174099207">
        <ele>8.95</ele>
      </trkpt>
      <trkpt lat="34.11028780974448" lon="134.50956185348332">
        <ele>8.89</ele>
      </trkpt>
      <trkpt lat="34.11043952219188" lon="134.50905525125563">
        <ele>8.85</ele>
      </trkpt>
      <trkpt lat="34.11050003953278" lon="134.5088529959321">
        <ele>8.86</ele>
      </trkpt>
      <trkpt lat="34.11050993017852" lon="134.5088199712336">
        <ele>8.85</ele>
      </trkpt>
      <trkpt lat="34.11057338118553" lon="134.50854286551476">
        <ele>8.83</ele>
      </trkpt>
      <trkpt lat="34.11063280887902" lon="134.5082831941545">
        <ele>8.85</ele>
      </trkpt>
      <trkpt lat="34.11068016663194" lon="134.50807590968907">
        <ele>8.84</ele>
      </trkpt>
      <trkpt lat="34.11070388741791" lon="134.50797230936587">
        <ele>8.88</ele>
      </trkpt>
      <trkpt lat="34.11075158044696" lon="134.50776393525302">
        <ele>9.01</ele>
      </trkpt>
      <trkpt lat="34.110775301232934" lon="134.5076602511108">
        <ele>9.05</ele>
      </trkpt>
      <trkpt lat="34.11079902201891" lon="134.5075566507876">
        <ele>9.06</ele>
      </trkpt>
      <trkpt lat="34.110858449712396" lon="134.50729697942734">
        <ele>9.01</ele>
      </trkpt>
      <trkpt lat="34.11092961207032" lon="134.50698601081967">
        <ele>9.0</ele>
      </trkpt>
      <trkpt lat="34.111049976199865" lon="134.50645996257663">
        <ele>9.15</ele>
      </trkpt>
      <trkpt lat="34.11109180189669" lon="134.5062582101673">
        <ele>9.21</ele>
      </trkpt>
      <trkpt lat="34.11113513633609" lon="134.50604958459735">
        <ele>9.18</ele>
      </trkpt>
      <trkpt lat="34.11115676164627" lon="134.50594522990286">
        <ele>9.19</ele>
      </trkpt>
      <trkpt lat="34.11120009608567" lon="134.50573668815196">
        <ele>9.29</ele>
      </trkpt>
      <trkpt lat="34.111265474930406" lon="134.50542161241174">
        <ele>9.28</ele>
      </trkpt>
      <trkpt lat="34.11135273054242" lon="134.50500125996768">
        <ele>9.32</ele>
      </trkpt>
      <trkpt lat="34.11137997172773" lon="134.50486999936402">
        <ele>9.3</ele>
      </trkpt>
      <trkpt lat="34.11141710355878" lon="134.50462927110493">
        <ele>9.28</ele>
      </trkpt>
      <trkpt lat="34.11146647296846" lon="134.50431000441313">
        <ele>9.32</ele>
      </trkpt>
      <trkpt lat="34.11163126118481" lon="134.50324332341552">
        <ele>9.32</ele>
      </trkpt>
      <trkpt lat="34.11168876104057" lon="134.5028706640005">
        <ele>9.27</ele>
      </trkpt>
      <trkpt lat="34.111705273389816" lon="134.5027638785541">
        <ele>9.29</ele>
      </trkpt>
      <trkpt lat="34.1117546427995" lon="134.5024446118623">
        <ele>9.44</ele>
      </trkpt>
      <trkpt lat="34.111759923398495" lon="134.5024099946022">
        <ele>9.45</ele>
      </trkpt>
      <trkpt lat="34.11180401220918" lon="134.50217974372208">
        <ele>9.52</ele>
      </trkpt>
      <trkpt lat="34.11189487203956" lon="134.50170448981225">
        <ele>9.58</ele>
      </trkpt>
      <trkpt lat="34.11200501024723" lon="134.50112882070243">
        <ele>9.55</ele>
      </trkpt>
      <trkpt lat="34.11206510849297" lon="134.50081441551447">
        <ele>9.48</ele>
      </trkpt>
      <trkpt lat="34.11210995167494" lon="134.50057997368276">
        <ele>9.49</ele>
      </trkpt>
      <trkpt lat="34.112122021615505" lon="134.50049933977425">
        <ele>9.5</ele>
      </trkpt>
      <trkpt lat="34.112169966101646" lon="134.50017998926342">
        <ele>9.5</ele>
      </trkpt>
      <trkpt lat="34.11218329332769" lon="134.4999664183706">
        <ele>9.5</ele>
      </trkpt>
      <trkpt lat="34.112199973315" lon="134.49969995766878">
        <ele>9.51</ele>
      </trkpt>
      <trkpt lat="34.112199973315" lon="134.49942947365344">
        <ele>9.53</ele>
      </trkpt>
      <trkpt lat="34.112199973315" lon="134.49916116893291">
        <ele>9.58</ele>
      </trkpt>
      <trkpt lat="34.112199973315" lon="134.49889177456498">
        <ele>9.66</ele>
      </trkpt>
      <trkpt lat="34.112199973315" lon="134.49880996719003">
        <ele>9.67</ele>
      </trkpt>
      <trkpt lat="34.11217683926225" lon="134.49857083149254">
        <ele>9.73</ele>
      </trkpt>
      <trkpt lat="34.11216124892235" lon="134.4984100665897">
        <ele>9.73</ele>
      </trkpt>
      <trkpt lat="34.11213995888829" lon="134.49818995781243">
        <ele>9.68</ele>
      </trkpt>
      <trkpt lat="34.11213090643287" lon="134.49814452789724">
        <ele>9.68</ele>
      </trkpt>
      <trkpt lat="34.11210995167494" lon="134.4980400055647">
        <ele>9.68</ele>
      </trkpt>
      <trkpt lat="34.11208908073604" lon="134.49793548323214">
        <ele>9.71</ele>
      </trkpt>
      <trkpt lat="34.112079944461584" lon="134.49788996949792">
        <ele>9.71</ele>
      </trkpt>
      <trkpt lat="34.11196829751134" lon="134.49758989736438">
        <ele>9.73</ele>
      </trkpt>
      <trkpt lat="34.11191993393004" lon="134.49745997786522">
        <ele>9.71</ele>
      </trkpt>
      <trkpt lat="34.11186469718814" lon="134.49735327623785">
        <ele>9.71</ele>
      </trkpt>
      <trkpt lat="34.111779956147075" lon="134.49718999676406">
        <ele>9.73</ele>
      </trkpt>
      <trkpt lat="34.11174274049699" lon="134.49712922796607">
        <ele>9.75</ele>
      </trkpt>
      <trkpt lat="34.11161064170301" lon="134.49691356159747">
        <ele>9.75</ele>
      </trkpt>
      <trkpt lat="34.11142556928098" lon="134.49661139398813">
        <ele>9.83</ele>
      </trkpt>
      <trkpt lat="34.11118752323091" lon="134.49622289277613">
        <ele>9.81</ele>
      </trkpt>
      <trkpt lat="34.11109993234277" lon="134.49607998132706">
        <ele>9.82</ele>
      </trkpt>
      <trkpt lat="34.11103564314544" lon="134.49595777317882">
        <ele>9.84</ele>
      </trkpt>
      <trkpt lat="34.11099993623793" lon="134.49588996358216">
        <ele>9.85</ele>
      </trkpt>
      <trkpt lat="34.11085995845497" lon="134.49553993530571">
        <ele>9.91</ele>
      </trkpt>
      <trkpt lat="34.11082609556615" lon="134.49542401358485">
        <ele>9.93</ele>
      </trkpt>
      <trkpt lat="34.11066994071007" lon="134.49488991871476">
        <ele>9.93</ele>
      </trkpt>
      <trkpt lat="34.11055812612176" lon="134.49428290128708">
        <ele>9.95</ele>
      </trkpt>
      <trkpt lat="34.1105299629271" lon="134.4941299315542">
        <ele>9.96</ele>
      </trkpt>
      <trkpt lat="34.11050104536116" lon="134.49402163736522">
        <ele>9.97</ele>
      </trkpt>
      <trkpt lat="34.110459722578526" lon="134.49386657215655">
        <ele>9.95</ele>
      </trkpt>
      <trkpt lat="34.11040993407369" lon="134.49367999099195">
        <ele>9.89</ele>
      </trkpt>
      <trkpt lat="34.11035528406501" lon="134.4935104250908">
        <ele>9.84</ele>
      </trkpt>
      <trkpt lat="34.110322929918766" lon="134.49341017752886">
        <ele>9.75</ele>
      </trkpt>
      <trkpt lat="34.11030658520758" lon="134.49335963465273">
        <ele>9.67</ele>
      </trkpt>
      <trkpt lat="34.1102902404964" lon="134.49330900795758">
        <ele>9.56</ele>
      </trkpt>
      <trkpt lat="34.11027423106134" lon="134.4932593870908">
        <ele>9.42</ele>
      </trkpt>
      <trkpt lat="34.110241625458" lon="134.49315821751952">
        <ele>9.06</ele>
      </trkpt>
      <trkpt lat="34.11020927131176" lon="134.49305805377662">
        <ele>8.62</ele>
      </trkpt>
      <trkpt lat="34.110160237178206" lon="134.49290625751019">
        <ele>7.9</ele>
      </trkpt>
      <trkpt lat="34.110062923282385" lon="134.49260467663407">
        <ele>6.4</ele>
      </trkpt>
      <trkpt lat="34.11001430824399" lon="134.49245388619602">
        <ele>5.73</ele>
      </trkpt>
      <trkpt lat="34.10998161882162" lon="134.4923526328057">
        <ele>5.38</ele>
      </trkpt>
      <trkpt lat="34.109965274110436" lon="134.49230200611055">
        <ele>5.25</ele>
      </trkpt>
      <trkpt lat="34.109932919964194" lon="134.49220184236765">
        <ele>5.06</ele>
      </trkpt>
      <trkpt lat="34.10980367101729" lon="134.49180110357702">
        <ele>5.02</ele>
      </trkpt>
      <trkpt lat="34.10964164882898" lon="134.49129911139607">
        <ele>4.55</ele>
      </trkpt>
      <trkpt lat="34.10959999077022" lon="134.4911699462682">
        <ele>4.45</ele>
      </trkpt>
      <trkpt lat="34.109533187001944" lon="134.49094573035836">
        <ele>4.29</ele>
      </trkpt>
      <trkpt lat="34.109487757086754" lon="134.49079351499677">
        <ele>4.24</ele>
      </trkpt>
      <trkpt lat="34.10945766605437" lon="134.49069226160645">
        <ele>4.25</ele>
      </trkpt>
      <trkpt lat="34.10942749120295" lon="134.49059109203517">
        <ele>4.31</ele>
      </trkpt>
      <trkpt lat="34.109351970255375" lon="134.49033762328327">
        <ele>4.61</ele>
      </trkpt>
      <trkpt lat="34.109291369095445" lon="134.49013427831233">
        <ele>4.89</ele>
      </trkpt>
      <trkpt lat="34.10917050205171" lon="134.4897285103798">
        <ele>5.49</ele>
      </trkpt>
      <trkpt lat="34.10914032720029" lon="134.4896273408085">
        <ele>5.67</ele>
      </trkpt>
      <trkpt lat="34.109110152348876" lon="134.48952617123723">
        <ele>5.92</ele>
      </trkpt>
      <trkpt lat="34.109094981104136" lon="134.48947504162788">
        <ele>6.08</ele>
      </trkpt>
      <trkpt lat="34.10907972604036" lon="134.48942399583757">
        <ele>6.27</ele>
      </trkpt>
      <trkpt lat="34.109049551188946" lon="134.4893228262663">
        <ele>6.72</ele>
      </trkpt>
      <trkpt lat="34.10901946015656" lon="134.489221656695">
        <ele>7.23</ele>
      </trkpt>
      <trkpt lat="34.108943939208984" lon="134.4889681879431">
        <ele>8.56</ele>
      </trkpt>
      <trkpt lat="34.10891376435757" lon="134.48886701837182">
        <ele>9.0</ele>
      </trkpt>
      <trkpt lat="34.108898509293795" lon="134.48881588876247">
        <ele>9.17</ele>
      </trkpt>
      <trkpt lat="34.108883338049054" lon="134.48876475915313">
        <ele>9.3</ele>
      </trkpt>
      <trkpt lat="34.10886992700398" lon="134.4887199997902">
        <ele>9.4</ele>
      </trkpt>
      <trkpt lat="34.108867747709155" lon="134.48871505446732">
        <ele>9.4</ele>
      </trkpt>
      <trkpt lat="34.10884654149413" lon="134.4886671938002">
        <ele>9.47</ele>
      </trkpt>
      <trkpt lat="34.10880438052118" lon="134.48857247829437">
        <ele>9.56</ele>
      </trkpt>
      <trkpt lat="34.10878996364772" lon="134.48853995651007">
        <ele>9.58</ele>
      </trkpt>
      <trkpt lat="34.10878300666809" lon="134.48841523379087">
        <ele>9.66</ele>
      </trkpt>
      <trkpt lat="34.1087740380317" lon="134.4882537983358">
        <ele>9.71</ele>
      </trkpt>
      <trkpt lat="34.10875995643437" lon="134.48799999430776">
        <ele>9.74</ele>
      </trkpt>
      <trkpt lat="34.10877236165106" lon="134.48782162740827">
        <ele>9.77</ele>
      </trkpt>
      <trkpt lat="34.1087912209332" lon="134.48755206540227">
        <ele>9.85</ele>
      </trkpt>
      <trkpt lat="34.1088099963963" lon="134.4872825872153">
        <ele>9.88</ele>
      </trkpt>
      <trkpt lat="34.10881997086108" lon="134.48713992722332">
        <ele>9.92</ele>
      </trkpt>
      <trkpt lat="34.108839919790626" lon="134.48701495304704">
        <ele>9.96</ele>
      </trkpt>
      <trkpt lat="34.108899934217334" lon="134.48663994669914">
        <ele>10.03</ele>
      </trkpt>
      <trkpt lat="34.10892130807042" lon="134.48653743602335">
        <ele>10.06</ele>
      </trkpt>
      <trkpt lat="34.108964977785945" lon="134.48632780462503">
        <ele>10.15</ele>
      </trkpt>
      <trkpt lat="34.10899993032217" lon="134.48615999892354">
        <ele>10.24</ele>
      </trkpt>
      <trkpt lat="34.109079306945205" lon="134.48591792955995">
        <ele>10.39</ele>
      </trkpt>
      <trkpt lat="34.10919489338994" lon="134.48556547053158">
        <ele>10.56</ele>
      </trkpt>
      <trkpt lat="34.10919992253184" lon="134.48554996401072">
        <ele>10.56</ele>
      </trkpt>
      <trkpt lat="34.10930913873017" lon="134.48527277447283">
        <ele>10.66</ele>
      </trkpt>
      <trkpt lat="34.1094440035522" lon="134.4849304575473">
        <ele>10.82</ele>
      </trkpt>
      <trkpt lat="34.109459929168224" lon="134.484889972955">
        <ele>10.83</ele>
      </trkpt>
      <trkpt lat="34.109554477036" lon="134.48469534516335">
        <ele>10.9</ele>
      </trkpt>
      <trkpt lat="34.109629997983575" lon="134.48453994467854">
        <ele>10.97</ele>
      </trkpt>
      <trkpt lat="34.109726306051016" lon="134.48437867686152">
        <ele>11.05</ele>
      </trkpt>
      <trkpt lat="34.10998840816319" lon="134.48394005186856">
        <ele>11.21</ele>
      </trkpt>
      <trkpt lat="34.11011992022395" lon="134.48371994309127">
        <ele>11.21</ele>
      </trkpt>
      <trkpt lat="34.11034497432411" lon="134.4834570866078">
        <ele>11.21</ele>
      </trkpt>
      <trkpt lat="34.11053826101124" lon="134.48323119431734">
        <ele>11.17</ele>
      </trkpt>
      <trkpt lat="34.11073146387935" lon="134.4830053858459">
        <ele>11.24</ele>
      </trkpt>
      <trkpt lat="34.110860796645284" lon="134.48285434395075">
        <ele>11.24</ele>
      </trkpt>
      <trkpt lat="34.110957104712725" lon="134.4827418588102">
        <ele>11.23</ele>
      </trkpt>
      <trkpt lat="34.111069925129414" lon="134.48260992765427">
        <ele>11.18</ele>
      </trkpt>
      <trkpt lat="34.111119294539094" lon="134.48255544528365">
        <ele>11.17</ele>
      </trkpt>
      <trkpt lat="34.111251309514046" lon="134.48240951634943">
        <ele>11.15</ele>
      </trkpt>
      <trkpt lat="34.11138399504125" lon="134.48226283304393">
        <ele>11.17</ele>
      </trkpt>
      <trkpt lat="34.11144996061921" lon="134.48218999430537">
        <ele>11.18</ele>
      </trkpt>
      <trkpt lat="34.11166084930301" lon="134.4819892477244">
        <ele>11.24</ele>
      </trkpt>
      <trkpt lat="34.111907444894314" lon="134.4817545544356">
        <ele>11.25</ele>
      </trkpt>
      <trkpt lat="34.112118585035205" lon="134.48155355639756">
        <ele>11.35</ele>
      </trkpt>
      <trkpt lat="34.112294521182775" lon="134.48138616979122">
        <ele>11.4</ele>
      </trkpt>
      <trkpt lat="34.11254103295505" lon="134.48115156032145">
        <ele>11.41</ele>
      </trkpt>
      <trkpt lat="34.112899946048856" lon="134.4808099977672">
        <ele>11.38</ele>
      </trkpt>
      <trkpt lat="34.113132040947676" lon="134.48057136498392">
        <ele>11.37</ele>
      </trkpt>
      <trkpt lat="34.113336727023125" lon="134.48036081157625">
        <ele>11.42</ele>
      </trkpt>
      <trkpt lat="34.11367703229189" lon="134.4800107832998">
        <ele>11.43</ele>
      </trkpt>
      <trkpt lat="34.11394961178303" lon="134.47973057627678">
        <ele>11.36</ele>
      </trkpt>
      <trkpt lat="34.114256389439106" lon="134.4794150814414">
        <ele>11.37</ele>
      </trkpt>
      <trkpt lat="34.11430994980037" lon="134.47935992851853">
        <ele>11.38</ele>
      </trkpt>
      <trkpt lat="34.11456995643675" lon="134.47902993299067">
        <ele>11.44</ele>
      </trkpt>
      <trkpt lat="34.1147299669683" lon="134.4787799846381">
        <ele>11.49</ele>
      </trkpt>
      <trkpt lat="34.11488997749984" lon="134.47846993803978">
        <ele>11.54</ele>
      </trkpt>
      <trkpt lat="34.114936580881476" lon="134.4783534295857">
        <ele>11.56</ele>
      </trkpt>
      <trkpt lat="34.11502995528281" lon="134.47811999358237">
        <ele>11.53</ele>
      </trkpt>
      <trkpt lat="34.115062057971954" lon="134.47800767607987">
        <ele>11.52</ele>
      </trkpt>
      <trkpt lat="34.115149984136224" lon="134.47769997641444">
        <ele>11.54</ele>
      </trkpt>
      <trkpt lat="34.11522164940834" lon="134.47738884016871">
        <ele>11.5</ele>
      </trkpt>
      <trkpt lat="34.11528141237795" lon="134.47712933644652">
        <ele>11.53</ele>
      </trkpt>
      <trkpt lat="34.11531737074256" lon="134.4769733492285">
        <ele>11.51</ele>
      </trkpt>
      <trkpt lat="34.115353245288134" lon="134.4768174458295">
        <ele>11.53</ele>
      </trkpt>
      <trkpt lat="34.11540127359331" lon="134.47660923935473">
        <ele>11.53</ele>
      </trkpt>
      <trkpt lat="34.115461288020015" lon="134.47634864598513">
        <ele>11.61</ele>
      </trkpt>
      <trkpt lat="34.115509232506156" lon="134.4761403556913">
        <ele>11.62</ele>
      </trkpt>
      <trkpt lat="34.115569330751896" lon="134.4758797623217">
        <ele>11.59</ele>
      </trkpt>
      <trkpt lat="34.11561995744705" lon="134.47565998882055">
        <ele>11.64</ele>
      </trkpt>
      <trkpt lat="34.11563169211149" lon="134.47562009096146">
        <ele>11.66</ele>
      </trkpt>
      <trkpt lat="34.11569162271917" lon="134.4754164107144">
        <ele>11.65</ele>
      </trkpt>
      <trkpt lat="34.115736465901136" lon="134.4752639438957">
        <ele>11.68</ele>
      </trkpt>
      <trkpt lat="34.11576999351382" lon="134.47514995001256">
        <ele>11.68</ele>
      </trkpt>
      <trkpt lat="34.11580209620297" lon="134.47506302967668">
        <ele>11.68</ele>
      </trkpt>
      <trkpt lat="34.11594810895622" lon="134.4746682420373">
        <ele>11.78</ele>
      </trkpt>
      <trkpt lat="34.11602111533284" lon="134.47447093203664">
        <ele>11.85</ele>
      </trkpt>
      <trkpt lat="34.11603997461498" lon="134.47441997006536">
        <ele>11.83</ele>
      </trkpt>
      <trkpt lat="34.116079453378916" lon="134.4742668326944">
        <ele>11.79</ele>
      </trkpt>
      <trkpt lat="34.116119937971234" lon="134.47410992346704">
        <ele>11.76</ele>
      </trkpt>
      <trkpt lat="34.11614525131881" lon="134.47395351715386">
        <ele>11.75</ele>
      </trkpt>
      <trkpt lat="34.11623108200729" lon="134.4734236970544">
        <ele>11.73</ele>
      </trkpt>
      <trkpt lat="34.11625698208809" lon="134.47326377034187">
        <ele>11.74</ele>
      </trkpt>
      <trkpt lat="34.116282630711794" lon="134.47310493327677">
        <ele>11.8</ele>
      </trkpt>
      <trkpt lat="34.11628992296755" lon="134.47305992245674">
        <ele>11.8</ele>
      </trkpt>
      <trkpt lat="34.11629562266171" lon="134.47299865074456">
        <ele>11.81</ele>
      </trkpt>
      <trkpt lat="34.11632051691413" lon="134.47272984310985">
        <ele>11.68</ele>
      </trkpt>
      <trkpt lat="34.11633996292949" lon="134.47251996025443">
        <ele>11.65</ele>
      </trkpt>
      <trkpt lat="34.11632588133216" lon="134.47213732637465">
        <ele>11.62</ele>
      </trkpt>
      <trkpt lat="34.116306100040674" lon="134.47159694507718">
        <ele>11.69</ele>
      </trkpt>
      <trkpt lat="34.11629998125136" lon="134.471429977566">
        <ele>11.64</ele>
      </trkpt>
      <trkpt lat="34.11630232818425" lon="134.47127340361476">
        <ele>11.61</ele>
      </trkpt>
      <trkpt lat="34.116311548277736" lon="134.47067929431796">
        <ele>11.69</ele>
      </trkpt>
      <trkpt lat="34.11631649360061" lon="134.4703545793891">
        <ele>11.7</ele>
      </trkpt>
      <trkpt lat="34.11631993018091" lon="134.4701299443841">
        <ele>11.67</ele>
      </trkpt>
      <trkpt lat="34.11630576476455" lon="134.46970649063587">
        <ele>11.62</ele>
      </trkpt>
      <trkpt lat="34.116294952109456" lon="134.46938303299248">
        <ele>11.65</ele>
      </trkpt>
      <trkpt lat="34.11628430709243" lon="134.46906284429133">
        <ele>11.75</ele>
      </trkpt>
      <trkpt lat="34.116264609619975" lon="134.46847560815513">
        <ele>11.9</ele>
      </trkpt>
      <trkpt lat="34.116228902712464" lon="134.467407586053">
        <ele>12.06</ele>
      </trkpt>
      <trkpt lat="34.11621993407607" lon="134.46713995188475">
        <ele>12.06</ele>
      </trkpt>
      <trkpt lat="34.116197722032666" lon="134.46676569990814">
        <ele>12.08</ele>
      </trkpt>
      <trkpt lat="34.11617266014218" lon="134.46634534746408">
        <ele>12.06</ele>
      </trkpt>
      <trkpt lat="34.11616997793317" lon="134.4662999175489">
        <ele>12.06</ele>
      </trkpt>
      <trkpt lat="34.11615991964936" lon="134.46628994308412">
        <ele>12.07</ele>
      </trkpt>
      <trkpt lat="34.1161304153502" lon="134.46602440439165">
        <ele>12.12</ele>
      </trkpt>
      <trkpt lat="34.116119937971234" lon="134.4659299403429">
        <ele>12.11</ele>
      </trkpt>
      <trkpt lat="34.11602052859962" lon="134.46539442054927">
        <ele>12.07</ele>
      </trkpt>
      <trkpt lat="34.115989934653044" lon="134.46522996760905">
        <ele>12.03</ele>
      </trkpt>
      <trkpt lat="34.11598742008209" lon="134.46502695791423">
        <ele>11.99</ele>
      </trkpt>
      <trkpt lat="34.115982139483094" lon="134.46460342034698">
        <ele>12.06</ele>
      </trkpt>
      <trkpt lat="34.11597996018827" lon="134.46442999877036">
        <ele>12.03</ele>
      </trkpt>
      <trkpt lat="34.11596545949578" lon="134.46428507566452">
        <ele>12.02</ele>
      </trkpt>
      <trkpt lat="34.11595992743969" lon="134.46422992274165">
        <ele>12.02</ele>
      </trkpt>
      <trkpt lat="34.11586998961866" lon="134.4636399205774">
        <ele>12.02</ele>
      </trkpt>
      <trkpt lat="34.11578994244337" lon="134.46328997612">
        <ele>12.02</ele>
      </trkpt>
      <trkpt lat="34.11572347395122" lon="134.4630748964846">
        <ele>12.02</ele>
      </trkpt>
      <trkpt lat="34.11561995744705" lon="134.46273995563388">
        <ele>12.06</ele>
      </trkpt>
      <trkpt lat="34.11555835045874" lon="134.46256997063756">
        <ele>12.09</ele>
      </trkpt>
      <trkpt lat="34.115468077361584" lon="134.46232119575143">
        <ele>12.16</ele>
      </trkpt>
      <trkpt lat="34.11532374098897" lon="134.46192322298884">
        <ele>12.22</ele>
      </trkpt>
      <trkpt lat="34.11528996191919" lon="134.46182993240654">
        <ele>12.2</ele>
      </trkpt>
      <trkpt lat="34.11511997692287" lon="134.46140999905765">
        <ele>12.11</ele>
      </trkpt>
      <trkpt lat="34.11508737131953" lon="134.46133749559522">
        <ele>12.1</ele>
      </trkpt>
      <trkpt lat="34.114979999139905" lon="134.46109894663095">
        <ele>12.14</ele>
      </trkpt>
      <trkpt lat="34.114958541467786" lon="134.4610512536019">
        <ele>12.13</ele>
      </trkpt>
      <trkpt lat="34.11487262696028" lon="134.46086031384766">
        <ele>12.02</ele>
      </trkpt>
      <trkpt lat="34.11478671245277" lon="134.46066945791245">
        <ele>11.98</ele>
      </trkpt>
      <trkpt lat="34.11465788260102" lon="134.4603831321001">
        <ele>11.88</ele>
      </trkpt>
      <trkpt lat="34.114529052749276" lon="134.46009680628777">
        <ele>11.86</ele>
      </trkpt>
      <trkpt lat="34.11446459591389" lon="134.4599536433816">
        <ele>11.86</ele>
      </trkpt>
      <trkpt lat="34.11440106108785" lon="134.45981240831316">
        <ele>11.89</ele>
      </trkpt>
      <trkpt lat="34.11427306942642" lon="134.45952801033854">
        <ele>11.9</ele>
      </trkpt>
      <trkpt lat="34.11410258151591" lon="134.4591491483152">
        <ele>11.99</ele>
      </trkpt>
      <trkpt lat="34.11403996869922" lon="134.4590099249035">
        <ele>11.98</ele>
      </trkpt>
      <trkpt lat="34.1139180958271" lon="134.45871907286346">
        <ele>11.97</ele>
      </trkpt>
      <trkpt lat="34.1137299221009" lon="134.45826997049153">
        <ele>12.0</ele>
      </trkpt>
      <trkpt lat="34.11372053436935" lon="134.4582363590598">
        <ele>12.01</ele>
      </trkpt>
      <trkpt lat="34.11364870145917" lon="134.4579812977463">
        <ele>12.05</ele>
      </trkpt>
      <trkpt lat="34.11358240060508" lon="134.45774576626718">
        <ele>12.03</ele>
      </trkpt>
      <trkpt lat="34.11340964958072" lon="134.45713179185987">
        <ele>12.03</ele>
      </trkpt>
      <trkpt lat="34.11310681141913" lon="134.45605605840683">
        <ele>12.09</ele>
      </trkpt>
      <trkpt lat="34.113078229129314" lon="134.45595430210233">
        <ele>12.08</ele>
      </trkpt>
      <trkpt lat="34.1130203101784" lon="134.4557486101985">
        <ele>12.03</ele>
      </trkpt>
      <trkpt lat="34.11294847726822" lon="134.455493548885">
        <ele>12.02</ele>
      </trkpt>
      <trkpt lat="34.11287999711931" lon="134.45524997077882">
        <ele>11.96</ele>
      </trkpt>
      <trkpt lat="34.112829538062215" lon="134.45508350618184">
        <ele>11.93</ele>
      </trkpt>
      <trkpt lat="34.11277991719544" lon="134.45491997525096">
        <ele>11.93</ele>
      </trkpt>
      <trkpt lat="34.11266743205488" lon="134.45463867858052">
        <ele>11.95</ele>
      </trkpt>
      <trkpt lat="34.112639939412475" lon="134.45456994697452">
        <ele>11.94</ele>
      </trkpt>
      <trkpt lat="34.11238554865122" lon="134.4540859758854">
        <ele>11.92</ele>
      </trkpt>
      <trkpt lat="34.112229980528355" lon="134.45378992706537">
        <ele>11.92</ele>
      </trkpt>
      <trkpt lat="34.11204708740115" lon="134.4535156711936">
        <ele>11.93</ele>
      </trkpt>
      <trkpt lat="34.1120099555701" lon="134.4534599315375">
        <ele>11.93</ele>
      </trkpt>
      <trkpt lat="34.11183385178447" lon="134.4532378949225">
        <ele>11.97</ele>
      </trkpt>
      <trkpt lat="34.111779956147075" lon="134.45316991768777">
        <ele>11.97</ele>
      </trkpt>
      <trkpt lat="34.11159999668598" lon="134.4529799837619">
        <ele>11.97</ele>
      </trkpt>
      <trkpt lat="34.111567391082644" lon="134.4529498089105">
        <ele>11.97</ele>
      </trkpt>
      <trkpt lat="34.11138977855444" lon="134.4527851883322">
        <ele>12.04</ele>
      </trkpt>
      <trkpt lat="34.11131836473942" lon="134.45271905511618">
        <ele>12.05</ele>
      </trkpt>
      <trkpt lat="34.11078535951674" lon="134.4522251933813">
        <ele>12.01</ele>
      </trkpt>
      <trkpt lat="34.11071402952075" lon="134.4521590601653">
        <ele>12.02</ele>
      </trkpt>
      <trkpt lat="34.110607746988535" lon="134.45206057280302">
        <ele>12.08</ele>
      </trkpt>
      <trkpt lat="34.11050993017852" lon="134.45196996442974">
        <ele>12.1</ele>
      </trkpt>
      <trkpt lat="34.110331647098064" lon="134.45178388617933">
        <ele>12.14</ele>
      </trkpt>
      <trkpt lat="34.11016224883497" lon="134.45160711184144">
        <ele>12.11</ele>
      </trkpt>
      <trkpt lat="34.11004993133247" lon="134.4514899328351">
        <ele>12.05</ele>
      </trkpt>
      <trkpt lat="34.10999712534249" lon="134.45142472162843">
        <ele>12.03</ele>
      </trkpt>
      <trkpt lat="34.109840551391244" lon="134.45123126730323">
        <ele>12.09</ele>
      </trkpt>
      <trkpt lat="34.10957400687039" lon="134.45090202614665">
        <ele>12.15</ele>
      </trkpt>
      <trkpt lat="34.10953997634351" lon="134.45085994899273">
        <ele>12.15</ele>
      </trkpt>
      <trkpt lat="34.1093039419502" lon="134.45054529234767">
        <ele>12.19</ele>
      </trkpt>
      <trkpt lat="34.10926999524236" lon="134.4504999462515">
        <ele>12.19</ele>
      </trkpt>
      <trkpt lat="34.109009988605976" lon="134.45011999458075">
        <ele>12.27</ele>
      </trkpt>
      <trkpt lat="34.10873640328646" lon="134.44964742287993">
        <ele>12.36</ele>
      </trkpt>
      <trkpt lat="34.10867999307811" lon="134.44954994134605">
        <ele>12.38</ele>
      </trkpt>
      <trkpt lat="34.10852056927979" lon="134.4492405653">
        <ele>12.46</ele>
      </trkpt>
      <trkpt lat="34.1084027197212" lon="134.44901182316244">
        <ele>12.5</ele>
      </trkpt>
      <trkpt lat="34.10833993926644" lon="134.44888995029032">
        <ele>12.54</ele>
      </trkpt>
      <trkpt lat="34.10824287682772" lon="134.44862843491137">
        <ele>12.63</ele>
      </trkpt>
      <trkpt lat="34.108115304261446" lon="134.44828452542424">
        <ele>12.72</ele>
      </trkpt>
      <trkpt lat="34.10798764787614" lon="134.4479406159371">
        <ele>12.71</ele>
      </trkpt>
      <trkpt lat="34.107979936525226" lon="134.4479199964553">
        <ele>12.71</ele>
      </trkpt>
      <trkpt lat="34.1078585665673" lon="134.4474820420146">
        <ele>12.8</ele>
      </trkpt>
      <trkpt lat="34.1077879909426" lon="134.44722765125334">
        <ele>12.92</ele>
      </trkpt>
      <trkpt lat="34.1077171638608" lon="134.4469722546637">
        <ele>13.09</ele>
      </trkpt>
      <trkpt lat="34.10764994099736" lon="134.44672993384302">
        <ele>13.2</ele>
      </trkpt>
      <trkpt lat="34.107642732560635" lon="134.44666455499828">
        <ele>13.24</ele>
      </trkpt>
      <trkpt lat="34.107629992067814" lon="134.44654997438192">
        <ele>13.27</ele>
      </trkpt>
      <trkpt lat="34.107679948210716" lon="134.44638996385038">
        <ele>13.33</ele>
      </trkpt>
      <trkpt lat="34.107759995386004" lon="134.4462399277836">
        <ele>13.38</ele>
      </trkpt>
      <trkpt lat="34.10786828957498" lon="134.44613959640265">
        <ele>13.44</ele>
      </trkpt>
      <trkpt lat="34.10818722099066" lon="134.44584405049682">
        <ele>13.47</ele>
      </trkpt>
      <trkpt lat="34.10839986987412" lon="134.44564707577229">
        <ele>13.53</ele>
      </trkpt>
      <trkpt lat="34.10843993537128" lon="134.44560994394124">
        <ele>13.53</ele>
      </trkpt>
      <trkpt lat="34.10852995701134" lon="134.44548999890685">
        <ele>13.53</ele>
      </trkpt>
      <trkpt lat="34.108551079407334" lon="134.4454267155379">
        <ele>13.53</ele>
      </trkpt>
      <trkpt lat="34.10856993868947" lon="134.44536997005343">
        <ele>13.51</ele>
      </trkpt>
      <trkpt lat="34.10854998975992" lon="134.44524994120002">
        <ele>13.48</ele>
      </trkpt>
      <trkpt lat="34.10850992426276" lon="134.4451399706304">
        <ele>13.45</ele>
      </trkpt>
      <trkpt lat="34.10848234780133" lon="134.44509387016296">
        <ele>13.44</ele>
      </trkpt>
      <trkpt lat="34.10833138972521" lon="134.4448423292488">
        <ele>13.43</ele>
      </trkpt>
      <trkpt lat="34.108299957588315" lon="134.44478994235396">
        <ele>13.41</ele>
      </trkpt>
      <trkpt lat="34.10813122987747" lon="134.44455198012292">
        <ele>13.35</ele>
      </trkpt>
      <trkpt lat="34.10790994763374" lon="134.44423992186785">
        <ele>13.23</ele>
      </trkpt>
      <trkpt lat="34.10777525044978" lon="134.44399894215167">
        <ele>13.16</ele>
      </trkpt>
      <trkpt lat="34.107719929888844" lon="134.4438999518752">
        <ele>13.15</ele>
      </trkpt>
      <trkpt lat="34.10759227350354" lon="134.44356794469059">
        <ele>13.14</ele>
      </trkpt>
      <trkpt lat="34.107569977641106" lon="134.44350994192064">
        <ele>13.12</ele>
      </trkpt>
      <trkpt lat="34.107489762827754" lon="134.4432112108916">
        <ele>13.07</ele>
      </trkpt>
      <trkpt lat="34.10745992325246" lon="134.44309998303652">
        <ele>13.07</ele>
      </trkpt>
      <trkpt lat="34.1074494458735" lon="134.44300157949328">
        <ele>13.08</ele>
      </trkpt>
      <trkpt lat="34.10742999985814" lon="134.44281994365156">
        <ele>13.06</ele>
      </trkpt>
      <trkpt lat="34.107426730915904" lon="134.4426794629544">
        <ele>13.06</ele>
      </trkpt>
      <trkpt lat="34.107419941574335" lon="134.44237997755408">
        <ele>13.09</ele>
      </trkpt>
      <trkpt lat="34.10742161795497" lon="134.44235483184457">
        <ele>13.1</ele>
      </trkpt>
      <trkpt lat="34.10743930377066" lon="134.44208635948598">
        <ele>13.09</ele>
      </trkpt>
      <trkpt lat="34.10746067762375" lon="134.4417626503855">
        <ele>13.18</ele>
      </trkpt>
      <trkpt lat="34.10747836343944" lon="134.44149409420788">
        <ele>13.23</ele>
      </trkpt>
      <trkpt lat="34.10751750692725" lon="134.44090182892978">
        <ele>13.2</ele>
      </trkpt>
      <trkpt lat="34.10755656659603" lon="134.44030956365168">
        <ele>13.34</ele>
      </trkpt>
      <trkpt lat="34.107588501647115" lon="134.43982559256256">
        <ele>13.32</ele>
      </trkpt>
      <trkpt lat="34.107609959319234" lon="134.43949995562434">
        <ele>13.41</ele>
      </trkpt>
      <trkpt lat="34.10763158462942" lon="134.43939761258662">
        <ele>13.45</ele>
      </trkpt>
      <trkpt lat="34.107664776965976" lon="134.4392408709973">
        <ele>13.55</ele>
      </trkpt>
      <trkpt lat="34.107708195224404" lon="134.43903568200767">
        <ele>13.64</ele>
      </trkpt>
      <trkpt lat="34.107719929888844" lon="134.43897994235158">
        <ele>13.68</ele>
      </trkpt>
      <trkpt lat="34.10782721824944" lon="134.43869395181537">
        <ele>13.92</ele>
      </trkpt>
      <trkpt lat="34.107863595709205" lon="134.43859697319567">
        <ele>13.97</ele>
      </trkpt>
      <trkpt lat="34.10789955407381" lon="134.43850100040436">
        <ele>13.98</ele>
      </trkpt>
      <trkpt lat="34.10791774280369" lon="134.43845255300403">
        <ele>13.96</ele>
      </trkpt>
      <trkpt lat="34.107935931533575" lon="134.43840402178466">
        <ele>13.91</ele>
      </trkpt>
      <trkpt lat="34.10797230899334" lon="134.43830704316497">
        <ele>13.76</ele>
      </trkpt>
      <trkpt lat="34.108008686453104" lon="134.4382101483643">
        <ele>13.54</ele>
      </trkpt>
      <trkpt lat="34.108019918203354" lon="134.4381799735129">
        <ele>13.45</ele>
      </trkpt>
      <trkpt lat="34.108022851869464" lon="134.43816010840237">
        <ele>13.4</ele>
      </trkpt>
      <trkpt lat="34.10809116438031" lon="134.43769047036767">
        <ele>11.92</ele>
      </trkpt>
      <trkpt lat="34.10809996537864" lon="134.43762995302677">
        <ele>11.73</ele>
      </trkpt>
      <trkpt lat="34.10809996537864" lon="134.4374416116625">
        <ele>11.17</ele>
      </trkpt>
      <trkpt lat="34.10809996537864" lon="134.4373416993767">
        <ele>10.9</ele>
      </trkpt>
      <trkpt lat="34.10809996537864" lon="134.43724069744349">
        <ele>10.67</ele>
      </trkpt>
      <trkpt lat="34.10809996537864" lon="134.43714078515768">
        <ele>10.49</ele>
      </trkpt>
      <trkpt lat="34.10809996537864" lon="134.43707993254066">
        <ele>10.44</ele>
      </trkpt>
      <trkpt lat="34.108089823275805" lon="134.43689025007188">
        <ele>10.29</ele>
      </trkpt>
      <trkpt lat="34.108077166602015" lon="134.43665287457407">
        <ele>10.25</ele>
      </trkpt>
      <trkpt lat="34.10805478692055" lon="134.43623227067292">
        <ele>10.36</ele>
      </trkpt>
      <trkpt lat="34.108023941516876" lon="134.43565458990633">
        <ele>10.66</ele>
      </trkpt>
      <trkpt lat="34.108019918203354" lon="134.4355799909681">
        <ele>10.68</ele>
      </trkpt>
      <trkpt lat="34.1079777572304" lon="134.43523708730936">
        <ele>10.81</ele>
      </trkpt>
      <trkpt lat="34.107952024787664" lon="134.43502862937748">
        <ele>10.85</ele>
      </trkpt>
      <trkpt lat="34.107919754460454" lon="134.4347665272653">
        <ele>10.86</ele>
      </trkpt>
      <trkpt lat="34.10788731649518" lon="134.43450333550572">
        <ele>10.91</ele>
      </trkpt>
      <trkpt lat="34.10786141641438" lon="134.43429269827902">
        <ele>10.92</ele>
      </trkpt>
      <trkpt lat="34.107849933207035" lon="134.43419999442995">
        <ele>10.93</ele>
      </trkpt>
      <trkpt lat="34.10782378166914" lon="134.4338694959879">
        <ele>11.0</ele>
      </trkpt>
      <trkpt lat="34.10779444500804" lon="134.43349859677255">
        <ele>10.98</ele>
      </trkpt>
      <trkpt lat="34.10776510834694" lon="134.43312778137624">
        <ele>11.0</ele>
      </trkpt>
      <trkpt lat="34.107748260721564" lon="134.43291580304503">
        <ele>10.97</ele>
      </trkpt>
      <trkpt lat="34.107723366469145" lon="134.432601230219">
        <ele>10.97</ele>
      </trkpt>
      <trkpt lat="34.107698388397694" lon="134.43228548392653">
        <ele>10.9</ele>
      </trkpt>
      <trkpt lat="34.1076775174588" lon="134.43202170543373">
        <ele>10.92</ele>
      </trkpt>
      <trkpt lat="34.10766502842307" lon="134.43186379037797">
        <ele>10.89</ele>
      </trkpt>
      <trkpt lat="34.10765999928117" lon="134.4317999202758">
        <ele>10.89</ele>
      </trkpt>
      <trkpt lat="34.10765371285379" lon="134.43175281397998">
        <ele>10.89</ele>
      </trkpt>
      <trkpt lat="34.107626639306545" lon="134.4315501395613">
        <ele>10.9</ele>
      </trkpt>
      <trkpt lat="34.10757056437433" lon="134.43112978711724">
        <ele>11.0</ele>
      </trkpt>
      <trkpt lat="34.10753997042775" lon="134.43089995533228">
        <ele>11.07</ele>
      </trkpt>
      <trkpt lat="34.10745330154896" lon="134.43045294843614">
        <ele>11.21</ele>
      </trkpt>
      <trkpt lat="34.107289938256145" lon="134.42960998043418">
        <ele>11.17</ele>
      </trkpt>
      <trkpt lat="34.107162700966" lon="134.42911419086158">
        <ele>11.15</ele>
      </trkpt>
      <trkpt lat="34.10701710730791" lon="134.42854665219784">
        <ele>11.21</ele>
      </trkpt>
      <trkpt lat="34.10699992440641" lon="134.4284799322486">
        <ele>11.2</ele>
      </trkpt>
      <trkpt lat="34.1069726832211" lon="134.42839410156012">
        <ele>11.2</ele>
      </trkpt>
      <trkpt lat="34.10686992108822" lon="134.42806997336447">
        <ele>11.25</ele>
      </trkpt>
      <trkpt lat="34.10685910843313" lon="134.42804189398885">
        <ele>11.26</ele>
      </trkpt>
      <trkpt lat="34.10668878816068" lon="134.42760100588202">
        <ele>11.26</ele>
      </trkpt>
      <trkpt lat="34.106537494808435" lon="134.4272092357278">
        <ele>11.33</ele>
      </trkpt>
      <trkpt lat="34.10629182122648" lon="134.4265733845532">
        <ele>11.4</ele>
      </trkpt>
      <trkpt lat="34.106026869267225" lon="134.4258873257786">
        <ele>11.42</ele>
      </trkpt>
      <trkpt lat="34.10593215376139" lon="134.42564223892987">
        <ele>11.39</ele>
      </trkpt>
      <trkpt lat="34.10585763864219" lon="134.42544928751886">
        <ele>11.41</ele>
      </trkpt>
      <trkpt lat="34.10583903081715" lon="134.42540109157562">
        <ele>11.43</ele>
      </trkpt>
      <trkpt lat="34.10579997114837" lon="134.42529992200434">
        <ele>11.55</ele>
      </trkpt>
      <trkpt lat="34.10577884875238" lon="134.42525918595493">
        <ele>11.65</ele>
      </trkpt>
      <trkpt lat="34.10575554706156" lon="134.42521400749683">
        <ele>11.79</ele>
      </trkpt>
      <trkpt lat="34.105731658637524" lon="134.42516799084842">
        <ele>11.96</ele>
      </trkpt>
      <trkpt lat="34.10570835694671" lon="134.42512281239033">
        <ele>12.17</ele>
      </trkpt>
      <trkpt lat="34.10568497143686" lon="134.42507771775126">
        <ele>12.42</ele>
      </trkpt>
      <trkpt lat="34.10559159703553" lon="134.42489717155695">
        <ele>13.57</ele>
      </trkpt>
      <trkpt lat="34.10554490983486" lon="134.4248068984598">
        <ele>14.05</ele>
      </trkpt>
      <trkpt lat="34.105497719720006" lon="134.4247157033533">
        <ele>14.41</ele>
      </trkpt>
      <trkpt lat="34.10547441802919" lon="134.4246705248952">
        <ele>14.54</ele>
      </trkpt>
      <trkpt lat="34.105427730828524" lon="134.42458025179803">
        <ele>14.73</ele>
      </trkpt>
      <trkpt lat="34.10538104362786" lon="134.42448997870088">
        <ele>14.85</ele>
      </trkpt>
      <trkpt lat="34.10534994676709" lon="134.42442996427417">
        <ele>14.86</ele>
      </trkpt>
      <trkpt lat="34.105317844077945" lon="134.424347570166">
        <ele>14.89</ele>
      </trkpt>
      <trkpt lat="34.105146350339055" lon="134.42390844225883">
        <ele>14.92</ele>
      </trkpt>
      <trkpt lat="34.10491735674441" lon="134.42332196049392">
        <ele>14.92</ele>
      </trkpt>
      <trkpt lat="34.10477997735143" lon="134.42296992056072">
        <ele>14.99</ele>
      </trkpt>
      <trkpt lat="34.10475919023156" lon="134.42293488420546">
        <ele>15.0</ele>
      </trkpt>
      <trkpt lat="34.104576548561454" lon="134.42262668162584">
        <ele>15.01</ele>
      </trkpt>
      <trkpt lat="34.10442064516246" lon="134.42236348986626">
        <ele>15.08</ele>
      </trkpt>
      <trkpt lat="34.10418611951172" lon="134.42196778021753">
        <ele>15.06</ele>
      </trkpt>
      <trkpt lat="34.10408201627433" lon="134.42179201170802">
        <ele>15.11</ele>
      </trkpt>
      <trkpt lat="34.103848077356815" lon="134.4213971402496">
        <ele>15.26</ele>
      </trkpt>
      <trkpt lat="34.10366543568671" lon="134.42108885385096">
        <ele>15.26</ele>
      </trkpt>
      <trkpt lat="34.103509448468685" lon="134.42082566209137">
        <ele>15.32</ele>
      </trkpt>
      <trkpt lat="34.103405345231295" lon="134.42064989358187">
        <ele>15.33</ele>
      </trkpt>
      <trkpt lat="34.10327500663698" lon="134.42042995244265">
        <ele>15.42</ele>
      </trkpt>
      <trkpt lat="34.10309286788106" lon="134.42012258805335">
        <ele>15.48</ele>
      </trkpt>
      <trkpt lat="34.10285842604935" lon="134.41972687840462">
        <ele>15.53</ele>
      </trkpt>
      <trkpt lat="34.102676371112466" lon="134.41941951401532">
        <ele>15.6</ele>
      </trkpt>
      <trkpt lat="34.10256992094219" lon="134.41923997364938">
        <ele>15.6</ele>
      </trkpt>
      <trkpt lat="34.10246791318059" lon="134.41900444217026">
        <ele>15.61</ele>
      </trkpt>
      <trkpt lat="34.102439917624" lon="134.41893998533487">
        <ele>15.62</ele>
      </trkpt>
      <trkpt lat="34.102259958162904" lon="134.41870998591185">
        <ele>15.69</ele>
      </trkpt>
      <trkpt lat="34.10202099010348" lon="134.41830136813223">
        <ele>15.8</ele>
      </trkpt>
      <trkpt lat="34.10184094682336" lon="134.41799350082874">
        <ele>15.91</ele>
      </trkpt>
      <trkpt lat="34.101686887443066" lon="134.41773005761206">
        <ele>15.94</ele>
      </trkpt>
      <trkpt lat="34.101635506376624" lon="134.41764221526682">
        <ele>15.97</ele>
      </trkpt>
      <trkpt lat="34.101584209129214" lon="134.4175543729216">
        <ele>16.03</ele>
      </trkpt>
      <trkpt lat="34.10150684416294" lon="134.41742219030857">
        <ele>16.15</ele>
      </trkpt>
      <trkpt lat="34.10140416584909" lon="134.4172465056181">
        <ele>16.19</ele>
      </trkpt>
      <trkpt lat="34.101300900802016" lon="134.4170699827373">
        <ele>16.14</ele>
      </trkpt>
      <trkpt lat="34.10125999711454" lon="134.41699999384582">
        <ele>16.13</ele>
      </trkpt>
      <trkpt lat="34.101165030151606" lon="134.41679279319942">
        <ele>16.12</ele>
      </trkpt>
      <trkpt lat="34.1011499427259" lon="134.416759936139">
        <ele>16.12</ele>
      </trkpt>
      <trkpt lat="34.101039972156286" lon="134.4166299328208">
        <ele>16.12</ele>
      </trkpt>
      <trkpt lat="34.10089999437332" lon="134.41633991897106">
        <ele>16.13</ele>
      </trkpt>
      <trkpt lat="34.10073411650956" lon="134.41604630090296">
        <ele>16.15</ele>
      </trkpt>
      <trkpt lat="34.10053295083344" lon="134.4156901538372">
        <ele>16.13</ele>
      </trkpt>
      <trkpt lat="34.100321643054485" lon="134.41531598567963">
        <ele>16.14</ele>
      </trkpt>
      <trkpt lat="34.1002899594605" lon="134.41525999456644">
        <ele>16.12</ele>
      </trkpt>
      <trkpt lat="34.10024771466851" lon="134.41517969593406">
        <ele>16.1</ele>
      </trkpt>
      <trkpt lat="34.100199518725276" lon="134.4150880817324">
        <ele>16.1</ele>
      </trkpt>
      <trkpt lat="34.10007940605283" lon="134.41485984250903">
        <ele>16.13</ele>
      </trkpt>
      <trkpt lat="34.099935153499246" lon="134.41458575427532">
        <ele>16.14</ele>
      </trkpt>
      <trkpt lat="34.099742621183395" lon="134.41422005183995">
        <ele>16.22</ele>
      </trkpt>
      <trkpt lat="34.09958998672664" lon="134.41392995417118">
        <ele>16.19</ele>
      </trkpt>
      <trkpt lat="34.09953030757606" lon="134.41380539909005">
        <ele>16.19</ele>
      </trkpt>
      <trkpt lat="34.09935051575303" lon="134.41343039274216">
        <ele>16.22</ele>
      </trkpt>
      <trkpt lat="34.099237862974405" lon="134.41319536417723">
        <ele>16.2</ele>
      </trkpt>
      <trkpt lat="34.09905815497041" lon="134.41282035782933">
        <ele>16.25</ele>
      </trkpt>
      <trkpt lat="34.09892345778644" lon="134.412539312616">
        <ele>16.34</ele>
      </trkpt>
      <trkpt lat="34.098811224102974" lon="134.41230528987944">
        <ele>16.34</ele>
      </trkpt>
      <trkpt lat="34.098779959604144" lon="134.41223999485373">
        <ele>16.33</ele>
      </trkpt>
      <trkpt lat="34.098677868023515" lon="134.4119708519429">
        <ele>16.3</ele>
      </trkpt>
      <trkpt lat="34.09866998903453" lon="134.411949981004">
        <ele>16.3</ele>
      </trkpt>
      <trkpt lat="34.09851995296776" lon="134.41166994161904">
        <ele>16.35</ele>
      </trkpt>
      <trkpt lat="34.09849522635341" lon="134.41160992719233">
        <ele>16.36</ele>
      </trkpt>
      <trkpt lat="34.09837771207094" lon="134.41132511012256">
        <ele>16.34</ele>
      </trkpt>
      <trkpt lat="34.09826028160751" lon="134.41104020923376">
        <ele>16.38</ele>
      </trkpt>
      <trkpt lat="34.09811996854842" lon="134.41069998778403">
        <ele>16.35</ele>
      </trkpt>
      <trkpt lat="34.097987953573465" lon="134.4104010052979">
        <ele>16.33</ele>
      </trkpt>
      <trkpt lat="34.09790371544659" lon="134.41021031700075">
        <ele>16.43</ele>
      </trkpt>
      <trkpt lat="34.09781914204359" lon="134.4100186228752">
        <ele>16.47</ele>
      </trkpt>
      <trkpt lat="34.09777999855578" lon="134.40992994233966">
        <ele>16.45</ele>
      </trkpt>
      <trkpt lat="34.097759798169136" lon="134.40987252630293">
        <ele>16.45</ele>
      </trkpt>
      <trkpt lat="34.0976719558239" lon="134.40962257795036">
        <ele>16.37</ele>
      </trkpt>
      <trkpt lat="34.09764999523759" lon="134.40955996513367">
        <ele>16.36</ele>
      </trkpt>
      <trkpt lat="34.097571121528745" lon="134.40926383249462">
        <ele>16.34</ele>
      </trkpt>
      <trkpt lat="34.09750238992274" lon="134.4090053346008">
        <ele>16.37</ele>
      </trkpt>
      <trkpt lat="34.09737850539386" lon="134.40854005515575">
        <ele>16.49</ele>
      </trkpt>
      <trkpt lat="34.097337517887354" lon="134.40838599577546">
        <ele>16.51</ele>
      </trkpt>
      <trkpt lat="34.097319999709725" lon="134.40831994637847">
        <ele>16.52</ele>
      </trkpt>
      <trkpt lat="34.09726149402559" lon="134.4081329461187">
        <ele>16.57</ele>
      </trkpt>
      <trkpt lat="34.09721413627267" lon="134.40798156894743">
        <ele>16.58</ele>
      </trkpt>
      <trkpt lat="34.09713501110673" lon="134.40772851929069">
        <ele>16.63</ele>
      </trkpt>
      <trkpt lat="34.096708288416266" lon="134.40636411309242">
        <ele>16.63</ele>
      </trkpt>
      <trkpt lat="34.09655992873013" lon="134.40588994883">
        <ele>16.64</ele>
      </trkpt>
      <trkpt lat="34.09655129536986" lon="134.4058587681502">
        <ele>16.65</ele>
      </trkpt>
      <trkpt lat="34.096408719196916" lon="134.40534722059965">
        <ele>16.63</ele>
      </trkpt>
      <trkpt lat="34.09638994373381" lon="134.40527999773622">
        <ele>16.63</ele>
      </trkpt>
      <trkpt lat="34.096292462199926" lon="134.40460634417832">
        <ele>16.71</ele>
      </trkpt>
      <trkpt lat="34.0962799731642" lon="134.40451992675662">
        <ele>16.73</ele>
      </trkpt>
      <trkpt lat="34.09628542140126" lon="134.40412228927016">
        <ele>16.83</ele>
      </trkpt>
      <trkpt lat="34.09628835506737" lon="134.4039062038064">
        <ele>16.83</ele>
      </trkpt>
      <trkpt lat="34.096289947628975" lon="134.4037899468094">
        <ele>16.85</ele>
      </trkpt>
      <trkpt lat="34.096304113045335" lon="134.40363672561944">
        <ele>16.88</ele>
      </trkpt>
      <trkpt lat="34.09633856266737" lon="134.40326222218573">
        <ele>16.89</ele>
      </trkpt>
      <trkpt lat="34.096353482455015" lon="134.40310028381646">
        <ele>16.93</ele>
      </trkpt>
      <trkpt lat="34.09635993652046" lon="134.40302995964885">
        <ele>16.93</ele>
      </trkpt>
      <trkpt lat="34.09634996205568" lon="134.40264992415905">
        <ele>16.96</ele>
      </trkpt>
      <trkpt lat="34.09637125208974" lon="134.40228841267526">
        <ele>16.99</ele>
      </trkpt>
      <trkpt lat="34.09637996926904" lon="134.4021399691701">
        <ele>16.97</ele>
      </trkpt>
      <trkpt lat="34.09637996926904" lon="134.4019629433751">
        <ele>16.96</ele>
      </trkpt>
      <trkpt lat="34.09637996926904" lon="134.40136673860252">
        <ele>17.0</ele>
      </trkpt>
      <trkpt lat="34.09637996926904" lon="134.40134997479618">
        <ele>17.0</ele>
      </trkpt>
      <trkpt lat="34.09636924043298" lon="134.4012043811381">
        <ele>17.03</ele>
      </trkpt>
      <trkpt lat="34.09633755683899" lon="134.40077279694378">
        <ele>17.17</ele>
      </trkpt>
      <trkpt lat="34.0963299293071" lon="134.40066995099187">
        <ele>17.18</ele>
      </trkpt>
      <trkpt lat="34.096324145793915" lon="134.4001216068864">
        <ele>17.28</ele>
      </trkpt>
      <trkpt lat="34.09632238559425" lon="134.39995874650776">
        <ele>17.28</ele>
      </trkpt>
      <trkpt lat="34.09632062539458" lon="134.39979588612914">
        <ele>17.24</ele>
      </trkpt>
      <trkpt lat="34.09631995484233" lon="134.39972992055118">
        <ele>17.23</ele>
      </trkpt>
      <trkpt lat="34.09634401090443" lon="134.39937788061798">
        <ele>17.23</ele>
      </trkpt>
      <trkpt lat="34.096383322030306" lon="134.3988031335175">
        <ele>17.27</ele>
      </trkpt>
      <trkpt lat="34.0963975712657" lon="134.39859425649047">
        <ele>17.33</ele>
      </trkpt>
      <trkpt lat="34.096399918198586" lon="134.3985599745065">
        <ele>17.34</ele>
      </trkpt>
      <trkpt lat="34.09642078913748" lon="134.39838655292988">
        <ele>17.44</ele>
      </trkpt>
      <trkpt lat="34.09642992541194" lon="134.3983099423349">
        <ele>17.43</ele>
      </trkpt>
      <trkpt lat="34.09643302671611" lon="134.39806376583874">
        <ele>17.42</ele>
      </trkpt>
      <trkpt lat="34.09643428400159" lon="134.39795630984008">
        <ele>17.4</ele>
      </trkpt>
      <trkpt lat="34.09643763676286" lon="134.39768699929118">
        <ele>17.29</ele>
      </trkpt>
      <trkpt lat="34.09644425846636" lon="134.3971494678408">
        <ele>17.31</ele>
      </trkpt>
      <trkpt lat="34.09644995816052" lon="134.39668997190893">
        <ele>17.3</ele>
      </trkpt>
      <trkpt lat="34.096449287608266" lon="134.39666625112295">
        <ele>17.3</ele>
      </trkpt>
      <trkpt lat="34.09644073806703" lon="134.39634388312697">
        <ele>17.34</ele>
      </trkpt>
      <trkpt lat="34.09642992541194" lon="134.39593995921314">
        <ele>17.37</ele>
      </trkpt>
      <trkpt lat="34.09638994373381" lon="134.39541994594038">
        <ele>17.41</ele>
      </trkpt>
      <trkpt lat="34.09636094234884" lon="134.3951660580933">
        <ele>17.43</ele>
      </trkpt>
      <trkpt lat="34.096318362280726" lon="134.39479381777346">
        <ele>17.49</ele>
      </trkpt>
      <trkpt lat="34.096309980377555" lon="134.39471997320652">
        <ele>17.51</ele>
      </trkpt>
      <trkpt lat="34.0962712559849" lon="134.39453087747097">
        <ele>17.57</ele>
      </trkpt>
      <trkpt lat="34.096153574064374" lon="134.39395629800856">
        <ele>17.63</ele>
      </trkpt>
      <trkpt lat="34.096139995381236" lon="134.39388999715447">
        <ele>17.64</ele>
      </trkpt>
      <trkpt lat="34.095969926565886" lon="134.39376996830106">
        <ele>17.7</ele>
      </trkpt>
      <trkpt lat="34.09596523270011" lon="134.39375228248537">
        <ele>17.71</ele>
      </trkpt>
      <trkpt lat="34.095868756994605" lon="134.3933916091919">
        <ele>17.73</ele>
      </trkpt>
      <trkpt lat="34.09573992714286" lon="134.39290998503566">
        <ele>17.84</ele>
      </trkpt>
      <trkpt lat="34.09569751471281" lon="134.39271912910044">
        <ele>17.89</ele>
      </trkpt>
      <trkpt lat="34.09567446447909" lon="134.39261527732015">
        <ele>17.88</ele>
      </trkpt>
      <trkpt lat="34.09563993103802" lon="134.39245996065438">
        <ele>17.83</ele>
      </trkpt>
      <trkpt lat="34.095609840005636" lon="134.39235661178827">
        <ele>17.81</ele>
      </trkpt>
      <trkpt lat="34.09541663713753" lon="134.39169268123806">
        <ele>17.81</ele>
      </trkpt>
      <trkpt lat="34.09529769793153" lon="134.39128389582038">
        <ele>17.83</ele>
      </trkpt>
      <trkpt lat="34.09524992108345" lon="134.39111994579434">
        <ele>17.85</ele>
      </trkpt>
      <trkpt lat="34.095170041546226" lon="134.3908801395446">
        <ele>17.9</ele>
      </trkpt>
      <trkpt lat="34.09506962634623" lon="134.39057897776365">
        <ele>18.01</ele>
      </trkpt>
      <trkpt lat="34.0949899982661" lon="134.3903399258852">
        <ele>18.05</ele>
      </trkpt>
      <trkpt lat="34.094911543652415" lon="134.38995972275734">
        <ele>18.12</ele>
      </trkpt>
      <trkpt lat="34.0948898345232" lon="134.38985436223447">
        <ele>18.16</ele>
      </trkpt>
      <trkpt lat="34.09485748037696" lon="134.38969736918807">
        <ele>18.27</ele>
      </trkpt>
      <trkpt lat="34.094835771247745" lon="134.3895920086652">
        <ele>18.31</ele>
      </trkpt>
      <trkpt lat="34.09482487477362" lon="134.38953928649426">
        <ele>18.31</ele>
      </trkpt>
      <trkpt lat="34.09480333328247" lon="134.38943493179977">
        <ele>18.27</ele>
      </trkpt>
      <trkpt lat="34.094789922237396" lon="134.3893699720502">
        <ele>18.17</ele>
      </trkpt>
      <trkpt lat="34.094739966094494" lon="134.38930995762348">
        <ele>18.03</ele>
      </trkpt>
      <trkpt lat="34.09473686479032" lon="134.3893009889871">
        <ele>18.03</ele>
      </trkpt>
      <trkpt lat="34.09471976570785" lon="134.3892507813871">
        <ele>17.97</ele>
      </trkpt>
      <trkpt lat="34.09468565136194" lon="134.38915028236806">
        <ele>17.91</ele>
      </trkpt>
      <trkpt lat="34.09465178847313" lon="134.38905087299645">
        <ele>17.9</ele>
      </trkpt>
      <trkpt lat="34.09457995556295" lon="134.38883998431265">
        <ele>17.9</ele>
      </trkpt>
      <trkpt lat="34.09448607824743" lon="134.3886064644903">
        <ele>17.91</ele>
      </trkpt>
      <trkpt lat="34.09430980682373" lon="134.3881677556783">
        <ele>17.81</ele>
      </trkpt>
      <trkpt lat="34.094173181802034" lon="134.38782778568566">
        <ele>17.76</ele>
      </trkpt>
      <trkpt lat="34.09414996393025" lon="134.38776995055377">
        <ele>17.77</ele>
      </trkpt>
      <trkpt lat="34.09413957037032" lon="134.38772963359952">
        <ele>17.78</ele>
      </trkpt>
      <trkpt lat="34.09411375410855" lon="134.38762905076146">
        <ele>17.75</ele>
      </trkpt>
      <trkpt lat="34.09410076215863" lon="134.38757825642824">
        <ele>17.7</ele>
      </trkpt>
      <trkpt lat="34.094087686389685" lon="134.387527378276">
        <ele>17.61</ele>
      </trkpt>
      <trkpt lat="34.09407461062074" lon="134.38747658394277">
        <ele>17.48</ele>
      </trkpt>
      <trkpt lat="34.094061870127916" lon="134.38742679543793">
        <ele>17.29</ele>
      </trkpt>
      <trkpt lat="34.09404879435897" lon="134.38737591728568">
        <ele>17.05</ele>
      </trkpt>
      <trkpt lat="34.09403571859002" lon="134.38732512295246">
        <ele>16.77</ele>
      </trkpt>
      <trkpt lat="34.093996826559305" lon="134.38717366196215">
        <ele>15.8</ele>
      </trkpt>
      <trkpt lat="34.09398383460939" lon="134.38712286762893">
        <ele>15.5</ele>
      </trkpt>
      <trkpt lat="34.09397075884044" lon="134.3870720732957">
        <ele>15.23</ele>
      </trkpt>
      <trkpt lat="34.09395994618535" lon="134.3870299961418">
        <ele>14.98</ele>
      </trkpt>
      <trkpt lat="34.09395986236632" lon="134.3870207760483">
        <ele>14.98</ele>
      </trkpt>
      <trkpt lat="34.09395860508084" lon="134.38691549934447">
        <ele>14.55</ele>
      </trkpt>
      <trkpt lat="34.09395692870021" lon="134.38677325844765">
        <ele>14.13</ele>
      </trkpt>
      <trkpt lat="34.093955252319574" lon="134.3866320233792">
        <ele>13.79</ele>
      </trkpt>
      <trkpt lat="34.09395407885313" lon="134.38652674667537">
        <ele>13.56</ele>
      </trkpt>
      <trkpt lat="34.09395340830088" lon="134.38647461123765">
        <ele>13.47</ele>
      </trkpt>
      <trkpt lat="34.09395156428218" lon="134.38631602562964">
        <ele>13.28</ele>
      </trkpt>
      <trkpt lat="34.093949971720576" lon="134.38617998734117">
        <ele>13.17</ele>
      </trkpt>
      <trkpt lat="34.094001771882176" lon="134.38590162433684">
        <ele>12.96</ele>
      </trkpt>
      <trkpt lat="34.09402088262141" lon="134.38579886220396">
        <ele>12.9</ele>
      </trkpt>
      <trkpt lat="34.09404946491122" lon="134.38564522191882">
        <ele>12.84</ele>
      </trkpt>
      <trkpt lat="34.09408844076097" lon="134.38543542288244">
        <ele>12.81</ele>
      </trkpt>
      <trkpt lat="34.09410998225212" lon="134.38531992025673">
        <ele>12.81</ele>
      </trkpt>
      <trkpt lat="34.09416999667883" lon="134.38514993526042">
        <ele>12.86</ele>
      </trkpt>
      <trkpt lat="34.09426789730787" lon="134.3849450815469">
        <ele>12.94</ele>
      </trkpt>
      <trkpt lat="34.09427996724844" lon="134.3849199358374">
        <ele>12.94</ele>
      </trkpt>
      <trkpt lat="34.0944254770875" lon="134.38468348234892">
        <ele>12.99</ele>
      </trkpt>
      <trkpt lat="34.09450535662472" lon="134.3845536466688">
        <ele>12.98</ele>
      </trkpt>
      <trkpt lat="34.09451994113624" lon="134.38452992588282">
        <ele>12.97</ele>
      </trkpt>
      <trkpt lat="34.09464634023607" lon="134.38434493727982">
        <ele>12.91</ele>
      </trkpt>
      <trkpt lat="34.094759579747915" lon="134.38417905941606">
        <ele>12.93</ele>
      </trkpt>
      <trkpt lat="34.0947999805212" lon="134.3841199669987">
        <ele>12.95</ele>
      </trkpt>
      <trkpt lat="34.09486770629883" lon="134.3840163666755">
        <ele>13.01</ele>
      </trkpt>
      <trkpt lat="34.095000894740224" lon="134.38381268642843">
        <ele>13.07</ele>
      </trkpt>
      <trkpt lat="34.09513408318162" lon="134.38360900618136">
        <ele>13.2</ele>
      </trkpt>
      <trkpt lat="34.095267271623015" lon="134.38340524211526">
        <ele>13.28</ele>
      </trkpt>
      <trkpt lat="34.09530993551016" lon="134.38333994708955">
        <ele>13.51</ele>
      </trkpt>
      <trkpt lat="34.09533633850515" lon="134.38327406533062">
        <ele>13.73</ele>
      </trkpt>
      <trkpt lat="34.09535511396825" lon="134.38322712667286">
        <ele>13.91</ele>
      </trkpt>
      <trkpt lat="34.09536994993687" lon="134.3831899948418">
        <ele>14.08</ele>
      </trkpt>
      <trkpt lat="34.09534128382802" lon="134.3831373564899">
        <ele>14.34</ele>
      </trkpt>
      <trkpt lat="34.09530993551016" lon="134.38307994045317">
        <ele>14.25</ele>
      </trkpt>
      <trkpt lat="34.09537154249847" lon="134.38302579335868">
        <ele>14.14</ele>
      </trkpt>
      <trkpt lat="34.09555099904537" lon="134.3828677944839">
        <ele>13.7</ele>
      </trkpt>
      <trkpt lat="34.095559967681766" lon="134.38285999931395">
        <ele>13.68</ele>
      </trkpt>
      <trkpt lat="34.095698688179255" lon="134.38266788609326">
        <ele>13.33</ele>
      </trkpt>
      <trkpt lat="34.09578678198159" lon="134.3825459294021">
        <ele>13.16</ele>
      </trkpt>
      <trkpt lat="34.09581997431815" lon="134.38249999657273">
        <ele>13.1</ele>
      </trkpt>
      <trkpt lat="34.09595123492181" lon="134.3822292611003">
        <ele>12.8</ele>
      </trkpt>
      <trkpt lat="34.09597998484969" lon="134.38216991722584">
        <ele>12.72</ele>
      </trkpt>
      <trkpt lat="34.09606497734785" lon="134.3819401692599">
        <ele>12.43</ele>
      </trkpt>
      <trkpt lat="34.09615483134985" lon="134.38169717788696">
        <ele>12.09</ele>
      </trkpt>
      <trkpt lat="34.096190789714456" lon="134.3816000316292">
        <ele>11.99</ele>
      </trkpt>
      <trkpt lat="34.09624996595085" lon="134.38143993727863">
        <ele>11.88</ele>
      </trkpt>
      <trkpt lat="34.0962696634233" lon="134.3814054876566">
        <ele>11.86</ele>
      </trkpt>
      <trkpt lat="34.096320709213614" lon="134.38131613656878">
        <ele>11.82</ele>
      </trkpt>
      <trkpt lat="34.09637183882296" lon="134.38122670166194">
        <ele>11.82</ele>
      </trkpt>
      <trkpt lat="34.09644995816052" lon="134.38108999282122">
        <ele>11.85</ele>
      </trkpt>
      <trkpt lat="34.09664995037019" lon="134.38080995343626">
        <ele>11.95</ele>
      </trkpt>
      <trkpt lat="34.09679705277085" lon="134.38067299313843">
        <ele>12.02</ele>
      </trkpt>
      <trkpt lat="34.09693996421993" lon="134.3805399723351">
        <ele>12.05</ele>
      </trkpt>
      <trkpt lat="34.09697877243161" lon="134.38051398843527">
        <ele>12.06</ele>
      </trkpt>
      <trkpt lat="34.097410440444946" lon="134.38022456131876">
        <ele>12.22</ele>
      </trkpt>
      <trkpt lat="34.09752208739519" lon="134.38014971092343">
        <ele>12.31</ele>
      </trkpt>
      <trkpt lat="34.097770527005196" lon="134.37998307868838">
        <ele>12.58</ele>
      </trkpt>
      <trkpt lat="34.09781998023391" lon="134.37994997017086">
        <ele>13.03</ele>
      </trkpt>
      <trkpt lat="34.09777664579451" lon="134.37997905537486">
        <ele>13.05</ele>
      </trkpt>
      <trkpt lat="34.0976217482239" lon="134.38008290715516">
        <ele>12.31</ele>
      </trkpt>
      <trkpt lat="34.097510101273656" lon="134.38015775755048">
        <ele>12.22</ele>
      </trkpt>
      <trkpt lat="34.09707843326032" lon="134.38044710084796">
        <ele>12.06</ele>
      </trkpt>
      <trkpt lat="34.09693996421993" lon="134.3805399723351">
        <ele>12.03</ele>
      </trkpt>
      <trkpt lat="34.09688732586801" lon="134.38058900646865">
        <ele>12.02</ele>
      </trkpt>
      <trkpt lat="34.09664995037019" lon="134.38080995343626">
        <ele>11.91</ele>
      </trkpt>
      <trkpt lat="34.09652262926102" lon="134.3809882365167">
        <ele>11.85</ele>
      </trkpt>
      <trkpt lat="34.09644995816052" lon="134.38108999282122">
        <ele>11.82</ele>
      </trkpt>
      <trkpt lat="34.096436547115445" lon="134.3811134621501">
        <ele>11.82</ele>
      </trkpt>
      <trkpt lat="34.09638550132513" lon="134.3812028132379">
        <ele>11.82</ele>
      </trkpt>
      <trkpt lat="34.096334371715784" lon="134.3812921643257">
        <ele>11.86</ele>
      </trkpt>
      <trkpt lat="34.09624996595085" lon="134.38143993727863">
        <ele>11.96</ele>
      </trkpt>
      <trkpt lat="34.096237225458026" lon="134.38147438690066">
        <ele>11.99</ele>
      </trkpt>
      <trkpt lat="34.09620126709342" lon="134.38157153315842">
        <ele>12.09</ele>
      </trkpt>
      <trkpt lat="34.09611141309142" lon="134.38181444071233">
        <ele>12.43</ele>
      </trkpt>
      <trkpt lat="34.09600320272148" lon="134.38210696913302">
        <ele>12.8</ele>
      </trkpt>
      <trkpt lat="34.09597998484969" lon="134.38216991722584">
        <ele>12.86</ele>
      </trkpt>
      <trkpt lat="34.095852077007294" lon="134.38243377953768">
        <ele>13.16</ele>
      </trkpt>
      <trkpt lat="34.09581997431815" lon="134.38249999657273">
        <ele>13.24</ele>
      </trkpt>
      <trkpt lat="34.09577362239361" lon="134.382564118132">
        <ele>13.33</ele>
      </trkpt>
      <trkpt lat="34.09562760964036" lon="134.3827662896365">
        <ele>13.7</ele>
      </trkpt>
      <trkpt lat="34.095559967681766" lon="134.38285999931395">
        <ele>13.9</ele>
      </trkpt>
      <trkpt lat="34.095463659614325" lon="134.38294474035501">
        <ele>14.14</ele>
      </trkpt>
      <trkpt lat="34.0953560359776" lon="134.38303937204182">
        <ele>14.34</ele>
      </trkpt>
      <trkpt lat="34.09530993551016" lon="134.38307994045317">
        <ele>14.55</ele>
      </trkpt>
      <trkpt lat="34.095208179205656" lon="134.38315076753497">
        <ele>15.0</ele>
      </trkpt>
      <trkpt lat="34.09507993608713" lon="134.38323995098472">
        <ele>15.58</ele>
      </trkpt>
      <trkpt lat="34.09489989280701" lon="134.38334765844047">
        <ele>16.38</ele>
      </trkpt>
      <trkpt lat="34.09466461278498" lon="134.38348847441375">
        <ele>17.46</ele>
      </trkpt>
      <trkpt lat="34.09430435858667" lon="134.3837039731443">
        <ele>18.94</ele>
      </trkpt>
      <trkpt lat="34.093983666971326" lon="134.3838958349079">
        <ele>20.13</ele>
      </trkpt>
      <trkpt lat="34.093823321163654" lon="134.38399172388017">
        <ele>20.68</ele>
      </trkpt>
      <trkpt lat="34.09362341277301" lon="134.38411133363843">
        <ele>21.25</ele>
      </trkpt>
      <trkpt lat="34.09338251687586" lon="134.38425550237298">
        <ele>22.09</ele>
      </trkpt>
      <trkpt lat="34.09308269619942" lon="134.38443479128182">
        <ele>22.51</ele>
      </trkpt>
      <trkpt lat="34.093007761985064" lon="134.3844796344638">
        <ele>22.59</ele>
      </trkpt>
      <trkpt lat="34.092789916321635" lon="134.3846099730581">
        <ele>22.71</ele>
      </trkpt>
      <trkpt lat="34.09272721968591" lon="134.3846471887082">
        <ele>22.75</ele>
      </trkpt>
      <trkpt lat="34.092485066503286" lon="134.38479077070951">
        <ele>22.75</ele>
      </trkpt>
      <trkpt lat="34.091961197555065" lon="134.38510148786008">
        <ele>22.9</ele>
      </trkpt>
      <trkpt lat="34.09188047982752" lon="134.38514943234622">
        <ele>22.93</ele>
      </trkpt>
      <trkpt lat="34.09171904437244" lon="134.38524515368044">
        <ele>23.04</ele>
      </trkpt>
      <trkpt lat="34.0915172919631" lon="134.38536484725773">
        <ele>23.09</ele>
      </trkpt>
      <trkpt lat="34.09131629392505" lon="134.38548403792083">
        <ele>23.11</ele>
      </trkpt>
      <trkpt lat="34.091033739969134" lon="134.38565159216523">
        <ele>23.28</ele>
      </trkpt>
      <trkpt lat="34.09071086905897" lon="134.3858431186527">
        <ele>23.33</ele>
      </trkpt>
      <trkpt lat="34.09050987102091" lon="134.38596239313483">
        <ele>23.43</ele>
      </trkpt>
      <trkpt lat="34.09022740088403" lon="134.38612994737923">
        <ele>23.49</ele>
      </trkpt>
      <trkpt lat="34.09002556465566" lon="134.38624964095652">
        <ele>23.46</ele>
      </trkpt>
      <trkpt lat="34.08982456661761" lon="134.38636883161962">
        <ele>23.47</ele>
      </trkpt>
      <trkpt lat="34.0894209779799" lon="134.3866082187742">
        <ele>23.44</ele>
      </trkpt>
      <trkpt lat="34.08929985947907" lon="134.38668005168438">
        <ele>23.41</ele>
      </trkpt>
      <trkpt lat="34.089098861441016" lon="134.38679924234748">
        <ele>23.33</ele>
      </trkpt>
      <trkpt lat="34.08889710903168" lon="134.38691893592477">
        <ele>23.31</ele>
      </trkpt>
      <trkpt lat="34.08865495584905" lon="134.38706260174513">
        <ele>23.14</ele>
      </trkpt>
      <trkpt lat="34.088292522355914" lon="134.38727759756148">
        <ele>22.98</ele>
      </trkpt>
      <trkpt lat="34.08780897036195" lon="134.38756434246898">
        <ele>22.99</ele>
      </trkpt>
      <trkpt lat="34.087728252634406" lon="134.3876122031361">
        <ele>22.97</ele>
      </trkpt>
      <trkpt lat="34.08752650022507" lon="134.38773189671338">
        <ele>22.86</ele>
      </trkpt>
      <trkpt lat="34.08728434704244" lon="134.38787556253374">
        <ele>22.86</ele>
      </trkpt>
      <trkpt lat="34.08708334900439" lon="134.38799475319684">
        <ele>22.79</ele>
      </trkpt>
      <trkpt lat="34.08696223050356" lon="134.38806658610702">
        <ele>22.79</ele>
      </trkpt>
      <trkpt lat="34.086921913549304" lon="134.3880905583501">
        <ele>22.78</ele>
      </trkpt>
      <trkpt lat="34.08684119582176" lon="134.3881384190172">
        <ele>22.71</ele>
      </trkpt>
      <trkpt lat="34.08682988025248" lon="134.38814512453973">
        <ele>22.74</ele>
      </trkpt>
      <trkpt lat="34.08672736957669" lon="134.38820589333773">
        <ele>23.19</ele>
      </trkpt>
      <trkpt lat="34.08666995353997" lon="134.3882399238646">
        <ele>23.04</ele>
      </trkpt>
      <trkpt lat="34.08668001182377" lon="134.3882628902793">
        <ele>22.99</ele>
      </trkpt>
      <trkpt lat="34.08670029602945" lon="134.3883089069277">
        <ele>22.86</ele>
      </trkpt>
      <trkpt lat="34.086720580235124" lon="134.38835492357612">
        <ele>22.71</ele>
      </trkpt>
      <trkpt lat="34.086761148646474" lon="134.3884468730539">
        <ele>22.34</ele>
      </trkpt>
      <trkpt lat="34.086801717057824" lon="134.38853890635073">
        <ele>21.91</ele>
      </trkpt>
      <trkpt lat="34.086882434785366" lon="134.38872205093503">
        <ele>21.0</ele>
      </trkpt>
      <trkpt lat="34.08698377199471" lon="134.3889521341771">
        <ele>19.83</ele>
      </trkpt>
      <trkpt lat="34.08702434040606" lon="134.3890441674739">
        <ele>19.42</ele>
      </trkpt>
      <trkpt lat="34.08706448972225" lon="134.38913519494236">
        <ele>19.04</ele>
      </trkpt>
      <trkpt lat="34.08723053522408" lon="134.38951196148992">
        <ele>17.01</ele>
      </trkpt>
      <trkpt lat="34.08729298040271" lon="134.3896538671106">
        <ele>16.28</ele>
      </trkpt>
      <trkpt lat="34.087334387004375" lon="134.38974774442613">
        <ele>15.85</ele>
      </trkpt>
      <trkpt lat="34.08735509030521" lon="134.38979476690292">
        <ele>15.67</ele>
      </trkpt>
      <trkpt lat="34.08737579360604" lon="134.38984170556068">
        <ele>15.52</ele>
      </trkpt>
      <trkpt lat="34.08741720020771" lon="134.38993566669524">
        <ele>15.26</ele>
      </trkpt>
      <trkpt lat="34.08744997344911" lon="134.39000993035734">
        <ele>15.2</ele>
      </trkpt>
      <trkpt lat="34.08747201785445" lon="134.39005410298705">
        <ele>15.17</ele>
      </trkpt>
      <trkpt lat="34.08751015551388" lon="134.3901303783059">
        <ele>15.14</ele>
      </trkpt>
      <trkpt lat="34.08754996955395" lon="134.390209922567">
        <ele>15.07</ele>
      </trkpt>
      <trkpt lat="34.087625155225396" lon="134.39041486009955">
        <ele>14.92</ele>
      </trkpt>
      <trkpt lat="34.08767804503441" lon="134.390558777377">
        <ele>14.83</ele>
      </trkpt>
      <trkpt lat="34.087784411385655" lon="134.39084862358868">
        <ele>14.71</ele>
      </trkpt>
      <trkpt lat="34.087890861555934" lon="134.39113855361938">
        <ele>14.69</ele>
      </trkpt>
      <trkpt lat="34.087926149368286" lon="134.39123486168683">
        <ele>14.66</ele>
      </trkpt>
      <trkpt lat="34.0881032589823" lon="134.39171732403338">
        <ele>14.4</ele>
      </trkpt>
      <trkpt lat="34.08812999725342" lon="134.39178999513388">
        <ele>14.39</ele>
      </trkpt>
      <trkpt lat="34.0881706494838" lon="134.39191748388112">
        <ele>14.38</ele>
      </trkpt>
      <trkpt lat="34.08825078047812" lon="134.3921687733382">
        <ele>14.39</ele>
      </trkpt>
      <trkpt lat="34.08833099529147" lon="134.39242006279528">
        <ele>14.35</ele>
      </trkpt>
      <trkpt lat="34.08841112628579" lon="134.39267135225236">
        <ele>14.35</ele>
      </trkpt>
      <trkpt lat="34.088507518172264" lon="134.39297335222363">
        <ele>14.28</ele>
      </trkpt>
      <trkpt lat="34.088587649166584" lon="134.39322464168072">
        <ele>14.27</ele>
      </trkpt>
      <trkpt lat="34.08864992670715" lon="134.39341994002461">
        <ele>14.24</ele>
      </trkpt>
      <trkpt lat="34.08867599442601" lon="134.3935298267752">
        <ele>14.23</ele>
      </trkpt>
      <trkpt lat="34.0888234321028" lon="134.39415100961924">
        <ele>14.26</ele>
      </trkpt>
      <trkpt lat="34.08897103741765" lon="134.39477311447263">
        <ele>14.17</ele>
      </trkpt>
      <trkpt lat="34.089069943875074" lon="134.39518994651735">
        <ele>14.17</ele>
      </trkpt>
      <trkpt lat="34.089087126776576" lon="134.39529296010733">
        <ele>14.17</ele>
      </trkpt>
      <trkpt lat="34.089148649945855" lon="134.3956623505801">
        <ele>14.12</ele>
      </trkpt>
      <trkpt lat="34.08921914175153" lon="134.396084966138">
        <ele>14.16</ele>
      </trkpt>
      <trkpt lat="34.08930715173483" lon="134.3966130260378">
        <ele>14.09</ele>
      </trkpt>
      <trkpt lat="34.08931997604668" lon="134.39668997190893">
        <ele>14.07</ele>
      </trkpt>
      <trkpt lat="34.0893778949976" lon="134.3970377370715">
        <ele>13.99</ele>
      </trkpt>
      <trkpt lat="34.089409997686744" lon="134.39722993411124">
        <ele>13.98</ele>
      </trkpt>
      <trkpt lat="34.0894400049001" lon="134.39751810394228">
        <ele>13.98</ele>
      </trkpt>
      <trkpt lat="34.089473532512784" lon="134.3978403043002">
        <ele>14.03</ele>
      </trkpt>
      <trkpt lat="34.08950999379158" lon="134.3981899973005">
        <ele>14.0</ele>
      </trkpt>
      <trkpt lat="34.08953698351979" lon="134.39863231033087">
        <ele>13.97</ele>
      </trkpt>
      <trkpt lat="34.089549807831645" lon="134.39884244464338">
        <ele>13.93</ele>
      </trkpt>
      <trkpt lat="34.08955936320126" lon="134.39899943768978">
        <ele>13.95</ele>
      </trkpt>
      <trkpt lat="34.08957537263632" lon="134.39926153980196">
        <ele>13.94</ele>
      </trkpt>
      <trkpt lat="34.089585011824965" lon="134.39941853284836">
        <ele>13.96</ele>
      </trkpt>
      <trkpt lat="34.08958995714784" lon="134.39949992112815">
        <ele>13.95</ele>
      </trkpt>
      <trkpt lat="34.08960613422096" lon="134.399906527251">
        <ele>13.91</ele>
      </trkpt>
      <trkpt lat="34.08961686305702" lon="134.4001776818186">
        <ele>13.93</ele>
      </trkpt>
      <trkpt lat="34.0896297711879" lon="134.40050206147134">
        <ele>13.86</ele>
      </trkpt>
      <trkpt lat="34.089649971574545" lon="134.4010099209845">
        <ele>13.85</ele>
      </trkpt>
      <trkpt lat="34.08965005539358" lon="134.40104437060654">
        <ele>13.85</ele>
      </trkpt>
      <trkpt lat="34.08965106122196" lon="134.40131586045027">
        <ele>13.89</ele>
      </trkpt>
      <trkpt lat="34.089652905240655" lon="134.40180452540517">
        <ele>13.8</ele>
      </trkpt>
      <trkpt lat="34.089655335992575" lon="134.4024560507387">
        <ele>13.82</ele>
      </trkpt>
      <trkpt lat="34.08965650945902" lon="134.40278076566756">
        <ele>13.88</ele>
      </trkpt>
      <trkpt lat="34.08965709619224" lon="134.40294362604618">
        <ele>13.94</ele>
      </trkpt>
      <trkpt lat="34.089657766744494" lon="134.40310657024384">
        <ele>14.04</ele>
      </trkpt>
      <trkpt lat="34.089659778401256" lon="134.4036495499313">
        <ele>14.49</ele>
      </trkpt>
      <trkpt lat="34.08966036513448" lon="134.4038124103099">
        <ele>14.57</ele>
      </trkpt>
      <trkpt lat="34.089661203324795" lon="134.40402958542109">
        <ele>14.61</ele>
      </trkpt>
      <trkpt lat="34.089664388448" lon="134.40489828586578">
        <ele>14.55</ele>
      </trkpt>
      <trkpt lat="34.08966723829508" lon="134.405657351017">
        <ele>14.58</ele>
      </trkpt>
      <trkpt lat="34.089668579399586" lon="134.40603638067842">
        <ele>14.51</ele>
      </trkpt>
      <trkpt lat="34.089669585227966" lon="134.40630678087473">
        <ele>14.5</ele>
      </trkpt>
      <trkpt lat="34.08966992050409" lon="134.406399987638">
        <ele>14.51</ele>
      </trkpt>
      <trkpt lat="34.08968048170209" lon="134.40663434565067">
        <ele>14.55</ele>
      </trkpt>
      <trkpt lat="34.08970143646002" lon="134.4070995412767">
        <ele>14.51</ele>
      </trkpt>
      <trkpt lat="34.08971828408539" lon="134.40747362561524">
        <ele>14.55</ele>
      </trkpt>
      <trkpt lat="34.08971996046603" lon="134.40750991925597">
        <ele>14.54</ele>
      </trkpt>
      <trkpt lat="34.08974929712713" lon="134.40779389813542">
        <ele>14.53</ele>
      </trkpt>
      <trkpt lat="34.08976027742028" lon="134.40789951011539">
        <ele>14.54</ele>
      </trkpt>
      <trkpt lat="34.08977678976953" lon="134.4080589339137">
        <ele>14.58</ele>
      </trkpt>
      <trkpt lat="34.089809730648994" lon="134.40837786532938">
        <ele>14.72</ele>
      </trkpt>
      <trkpt lat="34.089826326817274" lon="134.40853846259415">
        <ele>14.73</ele>
      </trkpt>
      <trkpt lat="34.089839989319444" lon="134.4086699746549">
        <ele>14.69</ele>
      </trkpt>
      <trkpt lat="34.089852813631296" lon="134.40874985419214">
        <ele>14.67</ele>
      </trkpt>
      <trkpt lat="34.08991207368672" lon="134.40911874175072">
        <ele>14.49</ele>
      </trkpt>
      <trkpt lat="34.08996278420091" lon="134.4094342365861">
        <ele>14.26</ele>
      </trkpt>
      <trkpt lat="34.09000494517386" lon="134.40969650633633">
        <ele>14.19</ele>
      </trkpt>
      <trkpt lat="34.09001994878054" lon="134.4097899645567">
        <ele>14.17</ele>
      </trkpt>
      <trkpt lat="34.09004316665232" lon="134.4099075626582">
        <ele>14.16</ele>
      </trkpt>
      <trkpt lat="34.090095050632954" lon="134.41017067059875">
        <ele>14.23</ele>
      </trkpt>
      <trkpt lat="34.09015707671642" lon="134.41048541106284">
        <ele>14.26</ele>
      </trkpt>
      <trkpt lat="34.0901599265635" lon="134.41049999557436">
        <ele>14.25</ele>
      </trkpt>
      <trkpt lat="34.09023175947368" lon="134.41074030473828">
        <ele>14.22</ele>
      </trkpt>
      <trkpt lat="34.0902619343251" lon="134.41084139049053">
        <ele>14.22</ele>
      </trkpt>
      <trkpt lat="34.09027718938887" lon="134.41089252009988">
        <ele>14.24</ele>
      </trkpt>
      <trkpt lat="34.09030744805932" lon="134.41099360585213">
        <ele>14.32</ele>
      </trkpt>
      <trkpt lat="34.090337958186865" lon="134.4110957812518">
        <ele>14.45</ele>
      </trkpt>
      <trkpt lat="34.09036813303828" lon="134.41119686700404">
        <ele>14.6</ele>
      </trkpt>
      <trkpt lat="34.09038992598653" lon="134.4112699571997">
        <ele>14.73</ele>
      </trkpt>
      <trkpt lat="34.09045689739287" lon="134.41144488751888">
        <ele>15.07</ele>
      </trkpt>
      <trkpt lat="34.090644400566816" lon="134.4119348935783">
        <ele>16.24</ele>
      </trkpt>
      <trkpt lat="34.09077557735145" lon="134.4122779648751">
        <ele>16.97</ele>
      </trkpt>
      <trkpt lat="34.090829975903034" lon="134.41241995431483">
        <ele>17.21</ele>
      </trkpt>
      <trkpt lat="34.090831987559795" lon="134.41242473199964">
        <ele>17.21</ele>
      </trkpt>
      <trkpt lat="34.090873477980494" lon="134.4125211238861">
        <ele>17.31</ele>
      </trkpt>
      <trkpt lat="34.09093516878784" lon="134.41266470588744">
        <ele>17.42</ele>
      </trkpt>
      <trkpt lat="34.09099694341421" lon="134.41280828788877">
        <ele>17.47</ele>
      </trkpt>
      <trkpt lat="34.09116189926863" lon="134.4131918437779">
        <ele>17.52</ele>
      </trkpt>
      <trkpt lat="34.091259967535734" lon="134.41341999918222">
        <ele>17.49</ele>
      </trkpt>
      <trkpt lat="34.09134026616812" lon="134.41356592811644">
        <ele>17.47</ele>
      </trkpt>
      <trkpt lat="34.09148845821619" lon="134.41383549012244">
        <ele>17.37</ele>
      </trkpt>
      <trkpt lat="34.091661628335714" lon="134.41415031440556">
        <ele>17.39</ele>
      </trkpt>
      <trkpt lat="34.09178551286459" lon="134.41437553614378">
        <ele>17.43</ele>
      </trkpt>
      <trkpt lat="34.091908391565084" lon="134.41459899768233">
        <ele>17.39</ele>
      </trkpt>
      <trkpt lat="34.09202992916107" lon="134.41481994464993">
        <ele>17.31</ele>
      </trkpt>
      <trkpt lat="34.09203286282718" lon="134.41482505761087">
        <ele>17.31</ele>
      </trkpt>
      <trkpt lat="34.09208374097943" lon="134.41491331905127">
        <ele>17.31</ele>
      </trkpt>
      <trkpt lat="34.092185916379094" lon="134.4150907639414">
        <ele>17.36</ele>
      </trkpt>
      <trkpt lat="34.09239035099745" lon="134.41544556990266">
        <ele>17.29</ele>
      </trkpt>
      <trkpt lat="34.092517672106624" lon="134.4156666006893">
        <ele>17.32</ele>
      </trkpt>
      <trkpt lat="34.09255991689861" lon="134.41573994234204">
        <ele>17.32</ele>
      </trkpt>
      <trkpt lat="34.09273006953299" lon="134.41593482159078">
        <ele>17.33</ele>
      </trkpt>
      <trkpt lat="34.09298446029425" lon="134.4162263441831">
        <ele>17.3</ele>
      </trkpt>
      <trkpt lat="34.09303994849324" lon="134.41628996282816">
        <ele>17.27</ele>
      </trkpt>
      <trkpt lat="34.093088479712605" lon="134.41632726229727">
        <ele>17.26</ele>
      </trkpt>
      <trkpt lat="34.093559961766005" lon="134.4166899472475">
        <ele>17.22</ele>
      </trkpt>
      <trkpt lat="34.093575552105904" lon="134.41671006381512">
        <ele>17.22</ele>
      </trkpt>
      <trkpt lat="34.0937586966902" lon="134.41694634966552">
        <ele>17.14</ele>
      </trkpt>
      <trkpt lat="34.09386992454529" lon="134.41708993166685">
        <ele>17.11</ele>
      </trkpt>
      <trkpt lat="34.094397984445095" lon="134.41805217415094">
        <ele>17.0</ele>
      </trkpt>
      <trkpt lat="34.094571406021714" lon="134.41836808808148">
        <ele>17.04</ele>
      </trkpt>
      <trkpt lat="34.094719430431724" lon="134.41863781772554">
        <ele>17.0</ele>
      </trkpt>
      <trkpt lat="34.09504087641835" lon="134.41922354511917">
        <ele>17.01</ele>
      </trkpt>
      <trkpt lat="34.095288310199976" lon="134.41967432387173">
        <ele>16.96</ele>
      </trkpt>
      <trkpt lat="34.09548603929579" lon="134.42003466188908">
        <ele>16.96</ele>
      </trkpt>
      <trkpt lat="34.0956340637058" lon="134.42030439153314">
        <ele>16.94</ele>
      </trkpt>
      <trkpt lat="34.095881497487426" lon="134.4207551702857">
        <ele>16.96</ele>
      </trkpt>
      <trkpt lat="34.09594997763634" lon="134.42087997682393">
        <ele>16.93</ele>
      </trkpt>
      <trkpt lat="34.096032958477736" lon="134.42102347500622">
        <ele>16.91</ele>
      </trkpt>
      <trkpt lat="34.09623797982931" lon="134.42137777805328">
        <ele>16.78</ele>
      </trkpt>
      <trkpt lat="34.09639145247638" lon="134.42164306528866">
        <ele>16.72</ele>
      </trkpt>
      <trkpt lat="34.09649396315217" lon="134.4218202587217">
        <ele>16.64</ele>
      </trkpt>
      <trkpt lat="34.096622206270695" lon="134.4220419600606">
        <ele>16.5</ele>
      </trkpt>
      <trkpt lat="34.09667316824198" lon="134.42213005386293">
        <ele>16.46</ele>
      </trkpt>
      <trkpt lat="34.0968014113605" lon="134.42235175520182">
        <ele>16.46</ele>
      </trkpt>
      <trkpt lat="34.09692965447903" lon="134.42257337272167">
        <ele>16.5</ele>
      </trkpt>
      <trkpt lat="34.09705798141658" lon="134.42279507406056">
        <ele>16.46</ele>
      </trkpt>
      <trkpt lat="34.09723718650639" lon="134.42310486920178">
        <ele>16.47</ele>
      </trkpt>
      <trkpt lat="34.09731396473944" lon="134.42323755472898">
        <ele>16.45</ele>
      </trkpt>
      <trkpt lat="34.0974163915962" lon="134.42341474816203">
        <ele>16.37</ele>
      </trkpt>
      <trkpt lat="34.09745997749269" lon="134.42348993383348">
        <ele>16.35</ele>
      </trkpt>
      <trkpt lat="34.09752049483359" lon="134.42357249557972">
        <ele>16.33</ele>
      </trkpt>
      <trkpt lat="34.0975699480623" lon="134.42363996990025">
        <ele>16.33</ele>
      </trkpt>
      <trkpt lat="34.09767245873809" lon="134.42381573840976">
        <ele>16.33</ele>
      </trkpt>
      <trkpt lat="34.097709925845265" lon="134.42387994378805">
        <ele>16.24</ele>
      </trkpt>
      <trkpt lat="34.09781285561621" lon="134.4240899104625">
        <ele>15.99</ele>
      </trkpt>
      <trkpt lat="34.09794897772372" lon="134.42436751909554">
        <ele>15.71</ele>
      </trkpt>
      <trkpt lat="34.09806213341653" lon="134.42459835670888">
        <ele>15.39</ele>
      </trkpt>
      <trkpt lat="34.09812994301319" lon="134.42473665811121">
        <ele>15.15</ele>
      </trkpt>
      <trkpt lat="34.098265981301665" lon="134.42501418292522">
        <ele>14.62</ele>
      </trkpt>
      <trkpt lat="34.09833379089832" lon="134.4251525681466">
        <ele>14.35</ele>
      </trkpt>
      <trkpt lat="34.09844694659114" lon="134.4253833219409">
        <ele>13.86</ele>
      </trkpt>
      <trkpt lat="34.098459938541055" lon="134.42540997639298">
        <ele>13.8</ele>
      </trkpt>
      <trkpt lat="34.098617350682616" lon="134.42569772712886">
        <ele>13.23</ele>
      </trkpt>
      <trkpt lat="34.0986664686352" lon="134.4257874134928">
        <ele>13.09</ele>
      </trkpt>
      <trkpt lat="34.09874031320214" lon="134.4259224459529">
        <ele>12.92</ele>
      </trkpt>
      <trkpt lat="34.098789347335696" lon="134.42601213231683">
        <ele>12.83</ele>
      </trkpt>
      <trkpt lat="34.099058490246534" lon="134.42650423385203">
        <ele>12.47</ele>
      </trkpt>
      <trkpt lat="34.09909998066723" lon="134.42657992243767">
        <ele>12.47</ele>
      </trkpt>
      <trkpt lat="34.09915303811431" lon="134.42668897099793">
        <ele>12.47</ele>
      </trkpt>
      <trkpt lat="34.09928974695504" lon="134.4269698485732">
        <ele>12.39</ele>
      </trkpt>
      <trkpt lat="34.09938085824251" lon="134.42715710029006">
        <ele>12.4</ele>
      </trkpt>
      <trkpt lat="34.09951714798808" lon="134.427437055856">
        <ele>12.38</ele>
      </trkpt>
      <trkpt lat="34.09964991733432" lon="134.42770997062325">
        <ele>12.29</ele>
      </trkpt>
      <trkpt lat="34.099653186276555" lon="134.42771835252643">
        <ele>12.29</ele>
      </trkpt>
      <trkpt lat="34.099748488515615" lon="134.42796427756548">
        <ele>12.29</ele>
      </trkpt>
      <trkpt lat="34.09982476383448" lon="134.42816100083292">
        <ele>12.2</ele>
      </trkpt>
      <trkpt lat="34.09995996393263" lon="134.42850993946195">
        <ele>12.24</ele>
      </trkpt>
      <trkpt lat="34.100155429914594" lon="134.42911176010966">
        <ele>12.2</ele>
      </trkpt>
      <trkpt lat="34.10022114403546" lon="134.4293140154332">
        <ele>12.16</ele>
      </trkpt>
      <trkpt lat="34.10027042962611" lon="134.42946564406157">
        <ele>12.15</ele>
      </trkpt>
      <trkpt lat="34.100319631397724" lon="134.42961727268994">
        <ele>12.11</ele>
      </trkpt>
      <trkpt lat="34.10038501024246" lon="134.4298185221851">
        <ele>11.98</ele>
      </trkpt>
      <trkpt lat="34.10046991892159" lon="134.430079953745">
        <ele>11.91</ele>
      </trkpt>
      <trkpt lat="34.1004813183099" lon="134.4301227852702">
        <ele>11.91</ele>
      </trkpt>
      <trkpt lat="34.100508810952306" lon="134.43022613413632">
        <ele>11.95</ele>
      </trkpt>
      <trkpt lat="34.10053630359471" lon="134.43032956682146">
        <ele>12.08</ele>
      </trkpt>
      <trkpt lat="34.10057754255831" lon="134.43048471584916">
        <ele>12.36</ele>
      </trkpt>
      <trkpt lat="34.100591288879514" lon="134.43053643219173">
        <ele>12.43</ele>
      </trkpt>
      <trkpt lat="34.100605035200715" lon="134.43058806471527">
        <ele>12.48</ele>
      </trkpt>
      <trkpt lat="34.100618781521916" lon="134.43063978105783">
        <ele>12.49</ele>
      </trkpt>
      <trkpt lat="34.10063252784312" lon="134.4306914974004">
        <ele>12.45</ele>
      </trkpt>
      <trkpt lat="34.10064627416432" lon="134.43074321374297">
        <ele>12.38</ele>
      </trkpt>
      <trkpt lat="34.100701259449124" lon="134.4309499952942">
        <ele>11.93</ele>
      </trkpt>
      <trkpt lat="34.10072875209153" lon="134.43105342797935">
        <ele>11.75</ele>
      </trkpt>
      <trkpt lat="34.10075624473393" lon="134.4311568606645">
        <ele>11.61</ele>
      </trkpt>
      <trkpt lat="34.100797483697534" lon="134.4313120096922">
        <ele>11.52</ele>
      </trkpt>
      <trkpt lat="34.100824976339936" lon="134.4314153585583">
        <ele>11.52</ele>
      </trkpt>
      <trkpt lat="34.100889936089516" lon="134.43165994249284">
        <ele>11.64</ele>
      </trkpt>
      <trkpt lat="34.10089261829853" lon="134.43167427554727">
        <ele>11.65</ele>
      </trkpt>
      <trkpt lat="34.100912399590015" lon="134.43178022280335">
        <ele>11.68</ele>
      </trkpt>
      <trkpt lat="34.10094198770821" lon="134.4319391436875">
        <ele>11.71</ele>
      </trkpt>
      <trkpt lat="34.10101088695228" lon="134.43230895325541">
        <ele>11.74</ele>
      </trkpt>
      <trkpt lat="34.101080037653446" lon="134.43267976865172">
        <ele>11.6</ele>
      </trkpt>
      <trkpt lat="34.10113921388984" lon="134.43299761042">
        <ele>11.62</ele>
      </trkpt>
      <trkpt lat="34.10129997879267" lon="134.43385994061828">
        <ele>11.48</ele>
      </trkpt>
      <trkpt lat="34.101352617144585" lon="134.43449227139354">
        <ele>11.38</ele>
      </trkpt>
      <trkpt lat="34.101359993219376" lon="134.4345799461007">
        <ele>11.35</ele>
      </trkpt>
      <trkpt lat="34.101372230798006" lon="134.43486618809402">
        <ele>11.29</ele>
      </trkpt>
      <trkpt lat="34.10137910395861" lon="134.43502670153975">
        <ele>11.32</ele>
      </trkpt>
      <trkpt lat="34.10138371400535" lon="134.43513407371938">
        <ele>11.32</ele>
      </trkpt>
      <trkpt lat="34.1013899166137" lon="134.43527991883457">
        <ele>11.27</ele>
      </trkpt>
      <trkpt lat="34.101377008482814" lon="134.4355080742389">
        <ele>11.21</ele>
      </trkpt>
      <trkpt lat="34.101361921057105" lon="134.43577570840716">
        <ele>11.18</ele>
      </trkpt>
      <trkpt lat="34.101359993219376" lon="134.43580999039114">
        <ele>11.16</ele>
      </trkpt>
      <trkpt lat="34.10135337151587" lon="134.43588157184422">
        <ele>11.13</ele>
      </trkpt>
      <trkpt lat="34.10134348087013" lon="134.43598844110966">
        <ele>11.04</ele>
      </trkpt>
      <trkpt lat="34.10132881253958" lon="134.4361482001841">
        <ele>10.87</ele>
      </trkpt>
      <trkpt lat="34.101314060389996" lon="134.43630795925856">
        <ele>10.63</ele>
      </trkpt>
      <trkpt lat="34.10128992050886" lon="134.4365699775517">
        <ele>10.11</ele>
      </trkpt>
      <trkpt lat="34.10128698684275" lon="134.43662772886455">
        <ele>10.0</ele>
      </trkpt>
      <trkpt lat="34.10127332434058" lon="134.43689435720444">
        <ele>9.42</ele>
      </trkpt>
      <trkpt lat="34.101265110075474" lon="134.43705478683114">
        <ele>9.09</ele>
      </trkpt>
      <trkpt lat="34.101256895810366" lon="134.43721521645784">
        <ele>8.82</ele>
      </trkpt>
      <trkpt lat="34.10125136375427" lon="134.43732258863747">
        <ele>8.7</ele>
      </trkpt>
      <trkpt lat="34.101243149489164" lon="134.43748301826417">
        <ele>8.63</ele>
      </trkpt>
      <trkpt lat="34.101229989901185" lon="134.43773992359638">
        <ele>8.6</ele>
      </trkpt>
      <trkpt lat="34.10122646950185" lon="134.43786037154496">
        <ele>8.6</ele>
      </trkpt>
      <trkpt lat="34.10121850669384" lon="134.4381306041032">
        <ele>8.64</ele>
      </trkpt>
      <trkpt lat="34.10120920278132" lon="134.43844869732857">
        <ele>8.99</ele>
      </trkpt>
      <trkpt lat="34.101206101477146" lon="134.43855506367981">
        <ele>9.13</ele>
      </trkpt>
      <trkpt lat="34.10120300017297" lon="134.43866034038365">
        <ele>9.31</ele>
      </trkpt>
      <trkpt lat="34.101196713745594" lon="134.43887416273355">
        <ele>9.74</ele>
      </trkpt>
      <trkpt lat="34.10119361244142" lon="134.4389805290848">
        <ele>9.98</ele>
      </trkpt>
      <trkpt lat="34.1011827159673" lon="134.43935276940465">
        <ele>10.89</ele>
      </trkpt>
      <trkpt lat="34.101179614663124" lon="134.4394591357559">
        <ele>11.07</ele>
      </trkpt>
      <trkpt lat="34.10117651335895" lon="134.43956550210714">
        <ele>11.19</ele>
      </trkpt>
      <trkpt lat="34.10117341205478" lon="134.4396718684584">
        <ele>11.23</ele>
      </trkpt>
      <trkpt lat="34.101168718189" lon="134.43983037024736">
        <ele>11.22</ele>
      </trkpt>
      <trkpt lat="34.101162515580654" lon="134.44004201330245">
        <ele>11.14</ele>
      </trkpt>
      <trkpt lat="34.10115991719067" lon="134.44012993946671">
        <ele>11.14</ele>
      </trkpt>
      <trkpt lat="34.10114860162139" lon="134.44025080651045">
        <ele>11.14</ele>
      </trkpt>
      <trkpt lat="34.10112915560603" lon="134.44045691750944">
        <ele>11.1</ele>
      </trkpt>
      <trkpt lat="34.101093700155616" lon="134.44083351641893">
        <ele>10.92</ele>
      </trkpt>
      <trkpt lat="34.101079953834414" lon="134.44097994826734">
        <ele>10.87</ele>
      </trkpt>
      <trkpt lat="34.1010548081249" lon="134.44115471094847">
        <ele>10.83</ele>
      </trkpt>
      <trkpt lat="34.10099362023175" lon="134.4415805954486">
        <ele>10.78</ele>
      </trkpt>
      <trkpt lat="34.10094005987048" lon="134.44195300340652">
        <ele>10.78</ele>
      </trkpt>
      <trkpt lat="34.10090192221105" lon="134.44221837446094">
        <ele>10.75</ele>
      </trkpt>
      <trkpt lat="34.10085992887616" lon="134.44250998087227">
        <ele>10.73</ele>
      </trkpt>
      <trkpt lat="34.1008476074785" lon="134.44269991479814">
        <ele>10.73</ele>
      </trkpt>
      <trkpt lat="34.1008232999593" lon="134.4430745858699">
        <ele>10.77</ele>
      </trkpt>
      <trkpt lat="34.10080997273326" lon="134.4432799424976">
        <ele>10.75</ele>
      </trkpt>
      <trkpt lat="34.100819528102875" lon="134.44361354224384">
        <ele>10.73</ele>
      </trkpt>
      <trkpt lat="34.10082992166281" lon="134.4439799990505">
        <ele>10.81</ele>
      </trkpt>
      <trkpt lat="34.1008354537189" lon="134.44404521025717">
        <ele>10.83</ele>
      </trkpt>
      <trkpt lat="34.10088482312858" lon="134.444634122774">
        <ele>10.86</ele>
      </trkpt>
      <trkpt lat="34.100904604420066" lon="134.44486965425313">
        <ele>10.89</ele>
      </trkpt>
      <trkpt lat="34.10093016922474" lon="134.44517442025244">
        <ele>10.79</ele>
      </trkpt>
      <trkpt lat="34.10094290971756" lon="134.44532562978566">
        <ele>10.71</ele>
      </trkpt>
      <trkpt lat="34.100949950516224" lon="134.44540995173156">
        <ele>10.7</ele>
      </trkpt>
      <trkpt lat="34.10096964798868" lon="134.445590833202">
        <ele>10.69</ele>
      </trkpt>
      <trkpt lat="34.10101021640003" lon="134.44596340879798">
        <ele>10.71</ele>
      </trkpt>
      <trkpt lat="34.10105053335428" lon="134.44633388891816">
        <ele>10.64</ele>
      </trkpt>
      <trkpt lat="34.10111390054226" lon="134.44691643118858">
        <ele>10.63</ele>
      </trkpt>
      <trkpt lat="34.10113703459501" lon="134.44712857715786">
        <ele>10.59</ele>
      </trkpt>
      <trkpt lat="34.1011602524668" lon="134.4473417289555">
        <ele>10.61</ele>
      </trkpt>
      <trkpt lat="34.101188918575644" lon="134.44760559126735">
        <ele>10.61</ele>
      </trkpt>
      <trkpt lat="34.10121800377965" lon="134.4478726387024">
        <ele>10.65</ele>
      </trkpt>
      <trkpt lat="34.101258572191" lon="134.44824521429837">
        <ele>10.64</ele>
      </trkpt>
      <trkpt lat="34.10129335708916" lon="134.44856498390436">
        <ele>10.58</ele>
      </trkpt>
      <trkpt lat="34.101328141987324" lon="134.4488848373294">
        <ele>10.57</ele>
      </trkpt>
      <trkpt lat="34.10136301070452" lon="134.44920460693538">
        <ele>10.51</ele>
      </trkpt>
      <trkpt lat="34.10139779560268" lon="134.4495244603604">
        <ele>10.51</ele>
      </trkpt>
      <trkpt lat="34.10142998211086" lon="134.4498199224472">
        <ele>10.48</ele>
      </trkpt>
      <trkpt lat="34.10143392160535" lon="134.4498428888619">
        <ele>10.48</ele>
      </trkpt>
      <trkpt lat="34.10150625742972" lon="134.45026508532465">
        <ele>10.52</ele>
      </trkpt>
      <trkpt lat="34.10154255107045" lon="134.45047672837973">
        <ele>10.56</ele>
      </trkpt>
      <trkpt lat="34.101596865803" lon="134.45079364813864">
        <ele>10.51</ele>
      </trkpt>
      <trkpt lat="34.10160994157195" lon="134.4508699234575">
        <ele>10.51</ele>
      </trkpt>
      <trkpt lat="34.1016835346818" lon="134.4512119051069">
        <ele>10.54</ele>
      </trkpt>
      <trkpt lat="34.101750925183296" lon="134.45152513682842">
        <ele>10.59</ele>
      </trkpt>
      <trkpt lat="34.10177992656827" lon="134.45165991783142">
        <ele>10.59</ele>
      </trkpt>
      <trkpt lat="34.1018579620868" lon="134.45193618535995">
        <ele>10.59</ele>
      </trkpt>
      <trkpt lat="34.101886712014675" lon="134.45203794166446">
        <ele>10.57</ele>
      </trkpt>
      <trkpt lat="34.10194446332753" lon="134.45224254392087">
        <ele>10.47</ele>
      </trkpt>
      <trkpt lat="34.101973213255405" lon="134.45234430022538">
        <ele>10.37</ele>
      </trkpt>
      <trkpt lat="34.10201646387577" lon="134.45249743759632">
        <ele>10.15</ele>
      </trkpt>
      <trkpt lat="34.1020199842751" lon="134.45250992663205">
        <ele>10.12</ele>
      </trkpt>
      <trkpt lat="34.102102210745215" lon="134.4527460448444">
        <ele>9.73</ele>
      </trkpt>
      <trkpt lat="34.10213674418628" lon="134.4528452027589">
        <ele>9.6</ele>
      </trkpt>
      <trkpt lat="34.10217169672251" lon="134.45294528268278">
        <ele>9.51</ele>
      </trkpt>
      <trkpt lat="34.102206230163574" lon="134.45304435677826">
        <ele>9.48</ele>
      </trkpt>
      <trkpt lat="34.10222366452217" lon="134.4530943967402">
        <ele>9.49</ele>
      </trkpt>
      <trkpt lat="34.10224076360464" lon="134.45314351469278">
        <ele>9.53</ele>
      </trkpt>
      <trkpt lat="34.10224998369813" lon="134.45316991768777">
        <ele>9.56</ele>
      </trkpt>
      <trkpt lat="34.10226314328611" lon="134.45318995043635">
        <ele>9.6</ele>
      </trkpt>
      <trkpt lat="34.10229063592851" lon="134.45323152467608">
        <ele>9.69</ele>
      </trkpt>
      <trkpt lat="34.102318715304136" lon="134.45327402092516">
        <ele>9.82</ele>
      </trkpt>
      <trkpt lat="34.10234671086073" lon="134.4533164333552">
        <ele>9.98</ele>
      </trkpt>
      <trkpt lat="34.10240228287876" lon="134.45340050384402">
        <ele>10.37</ele>
      </trkpt>
      <trkpt lat="34.102569418028" lon="134.45365346968174">
        <ele>11.75</ele>
      </trkpt>
      <trkpt lat="34.10261996090412" lon="134.4537299964577">
        <ele>12.1</ele>
      </trkpt>
      <trkpt lat="34.102658182382584" lon="134.45377425290644">
        <ele>12.34</ele>
      </trkpt>
      <trkpt lat="34.102690033614635" lon="134.45381104946136">
        <ele>12.52</ele>
      </trkpt>
      <trkpt lat="34.10275490954518" lon="134.4538862351328">
        <ele>12.84</ele>
      </trkpt>
      <trkpt lat="34.10294769331813" lon="134.45410944521427">
        <ele>13.69</ele>
      </trkpt>
      <trkpt lat="34.10299999639392" lon="134.45416996255517">
        <ele>13.82</ele>
      </trkpt>
      <trkpt lat="34.103045677766204" lon="134.45421824231744">
        <ele>13.93</ele>
      </trkpt>
      <trkpt lat="34.103112732991576" lon="134.45428890176117">
        <ele>14.07</ele>
      </trkpt>
      <trkpt lat="34.10317978821695" lon="134.45435964502394">
        <ele>14.17</ele>
      </trkpt>
      <trkpt lat="34.10324684344232" lon="134.4544303882867">
        <ele>14.23</ele>
      </trkpt>
      <trkpt lat="34.103414146229625" lon="134.4546069111675">
        <ele>14.22</ele>
      </trkpt>
      <trkpt lat="34.10358144901693" lon="134.45478335022926">
        <ele>14.17</ele>
      </trkpt>
      <trkpt lat="34.10372997634113" lon="134.4549399241805">
        <ele>14.16</ele>
      </trkpt>
      <trkpt lat="34.10404186695814" lon="134.4552026130259">
        <ele>14.15</ele>
      </trkpt>
      <trkpt lat="34.104109928011894" lon="134.4552599452436">
        <ele>14.15</ele>
      </trkpt>
      <trkpt lat="34.104341603815556" lon="134.45542205125093">
        <ele>14.18</ele>
      </trkpt>
      <trkpt lat="34.104409916326404" lon="134.45546999573708">
        <ele>14.13</ele>
      </trkpt>
      <trkpt lat="34.10446104593575" lon="134.45549983531237">
        <ele>14.11</ele>
      </trkpt>
      <trkpt lat="34.10466170869768" lon="134.45561743341386">
        <ele>14.14</ele>
      </trkpt>
      <trkpt lat="34.10482347942889" lon="134.45571223273873">
        <ele>14.1</ele>
      </trkpt>
      <trkpt lat="34.105146350339055" lon="134.45590141229331">
        <ele>14.06</ele>
      </trkpt>
      <trkpt lat="34.1053082048893" lon="134.45599621161819">
        <ele>14.07</ele>
      </trkpt>
      <trkpt lat="34.105399986729026" lon="134.45604993961751">
        <ele>14.09</ele>
      </trkpt>
      <trkpt lat="34.105531414970756" lon="134.45617415942252">
        <ele>14.13</ele>
      </trkpt>
      <trkpt lat="34.105602242052555" lon="134.45624104700983">
        <ele>14.13</ele>
      </trkpt>
      <trkpt lat="34.10570852458477" lon="134.4563413783908">
        <ele>14.1</ele>
      </trkpt>
      <trkpt lat="34.105939948931336" lon="134.4565599784255">
        <ele>14.07</ele>
      </trkpt>
      <trkpt lat="34.10608076490462" lon="134.45673298090696">
        <ele>14.05</ele>
      </trkpt>
      <trkpt lat="34.10626851953566" lon="134.45696390233934">
        <ele>14.0</ele>
      </trkpt>
      <trkpt lat="34.10641998052597" lon="134.45714998058975">
        <ele>13.98</ele>
      </trkpt>
      <trkpt lat="34.10650975070894" lon="134.4572840910405">
        <ele>13.98</ele>
      </trkpt>
      <trkpt lat="34.106707563623786" lon="134.45757980458438">
        <ele>13.89</ele>
      </trkpt>
      <trkpt lat="34.106764141470194" lon="134.45766421034932">
        <ele>13.9</ele>
      </trkpt>
      <trkpt lat="34.106877129524946" lon="134.45783318951726">
        <ele>13.98</ele>
      </trkpt>
      <trkpt lat="34.106933707371354" lon="134.45791767910123">
        <ele>13.99</ele>
      </trkpt>
      <trkpt lat="34.10713043063879" lon="134.45821163244545">
        <ele>13.92</ele>
      </trkpt>
      <trkpt lat="34.107309971004725" lon="134.45847993716598">
        <ele>13.91</ele>
      </trkpt>
      <trkpt lat="34.10732430405915" lon="134.45851061493158">
        <ele>13.91</ele>
      </trkpt>
      <trkpt lat="34.10743427462876" lon="134.4587461464107">
        <ele>13.88</ele>
      </trkpt>
      <trkpt lat="34.10765522159636" lon="134.45921913720667">
        <ele>13.77</ele>
      </trkpt>
      <trkpt lat="34.10774356685579" lon="134.4594084005803">
        <ele>13.76</ele>
      </trkpt>
      <trkpt lat="34.1080520208925" lon="134.46006872691214">
        <ele>13.62</ele>
      </trkpt>
      <trkpt lat="34.10808999091387" lon="134.46014994755387">
        <ele>13.65</ele>
      </trkpt>
      <trkpt lat="34.1080951038748" lon="134.46016394533217">
        <ele>13.66</ele>
      </trkpt>
      <trkpt lat="34.10813114605844" lon="134.46026109158993">
        <ele>13.67</ele>
      </trkpt>
      <trkpt lat="34.10825913771987" lon="134.46060600690544">
        <ele>13.64</ele>
      </trkpt>
      <trkpt lat="34.10838754847646" lon="134.46095192804933">
        <ele>13.51</ele>
      </trkpt>
      <trkpt lat="34.10842426121235" lon="134.4610510021448">
        <ele>13.51</ele>
      </trkpt>
      <trkpt lat="34.10851554013789" lon="134.46129684336483">
        <ele>13.58</ele>
      </trkpt>
      <trkpt lat="34.1085890494287" lon="134.46149507537484">
        <ele>13.55</ele>
      </trkpt>
      <trkpt lat="34.108881410211325" lon="134.462283058092">
        <ele>13.49</ele>
      </trkpt>
      <trkpt lat="34.10890999250114" lon="134.46235992014408">
        <ele>13.48</ele>
      </trkpt>
      <trkpt lat="34.10913999192417" lon="134.46316994726658">
        <ele>13.45</ele>
      </trkpt>
      <trkpt lat="34.10920168273151" lon="134.46346373297274">
        <ele>13.45</ele>
      </trkpt>
      <trkpt lat="34.109256751835346" lon="134.46372591890395">
        <ele>13.37</ele>
      </trkpt>
      <trkpt lat="34.109311401844025" lon="134.46398592554033">
        <ele>13.44</ele>
      </trkpt>
      <trkpt lat="34.10937761887908" lon="134.46430074982345">
        <ele>13.4</ele>
      </trkpt>
      <trkpt lat="34.10942992195487" lon="134.46454994380474">
        <ele>13.46</ele>
      </trkpt>
      <trkpt lat="34.10943176597357" lon="134.46456310339272">
        <ele>13.47</ele>
      </trkpt>
      <trkpt lat="34.10948398523033" lon="134.46493693627417">
        <ele>13.43</ele>
      </trkpt>
      <trkpt lat="34.10952120088041" lon="134.4652036484331">
        <ele>13.44</ele>
      </trkpt>
      <trkpt lat="34.10954995080829" lon="134.46540992707014">
        <ele>13.39</ele>
      </trkpt>
      <trkpt lat="34.109564535319805" lon="134.46557781659067">
        <ele>13.36</ele>
      </trkpt>
      <trkpt lat="34.1095925308764" lon="134.46589968167245">
        <ele>13.36</ele>
      </trkpt>
      <trkpt lat="34.109606528654695" lon="134.46606061421335">
        <ele>13.34</ele>
      </trkpt>
      <trkpt lat="34.10962052643299" lon="134.46622163057327">
        <ele>13.3</ele>
      </trkpt>
      <trkpt lat="34.109639301896095" lon="134.466437632218">
        <ele>13.22</ele>
      </trkpt>
      <trkpt lat="34.10967190749943" lon="134.46681247092783">
        <ele>13.16</ele>
      </trkpt>
      <trkpt lat="34.10970996133983" lon="134.46724992245436">
        <ele>13.13</ele>
      </trkpt>
      <trkpt lat="34.109724797308445" lon="134.46751336567104">
        <ele>13.12</ele>
      </trkpt>
      <trkpt lat="34.10974910482764" lon="134.46794461458921">
        <ele>13.02</ele>
      </trkpt>
      <trkpt lat="34.10974994301796" lon="134.46795995347202">
        <ele>13.02</ele>
      </trkpt>
      <trkpt lat="34.109753128141165" lon="134.46826823987067">
        <ele>13.02</ele>
      </trkpt>
      <trkpt lat="34.10975589416921" lon="134.4685376342386">
        <ele>12.98</ele>
      </trkpt>
      <trkpt lat="34.10975974984467" lon="134.4689155742526">
        <ele>13.0</ele>
      </trkpt>
      <trkpt lat="34.109759917482734" lon="134.46893996559083">
        <ele>12.99</ele>
      </trkpt>
      <trkpt lat="34.109741896390915" lon="134.46923953481019">
        <ele>12.95</ele>
      </trkpt>
      <trkpt lat="34.10971591249108" lon="134.46967069990933">
        <ele>12.92</ele>
      </trkpt>
      <trkpt lat="34.10970996133983" lon="134.46976994164288">
        <ele>12.9</ele>
      </trkpt>
      <trkpt lat="34.1096821334213" lon="134.46999273262918">
        <ele>12.86</ele>
      </trkpt>
      <trkpt lat="34.109635362401605" lon="134.4703664816916">
        <ele>12.84</ele>
      </trkpt>
      <trkpt lat="34.10959999077022" lon="134.47064995765686">
        <ele>12.75</ele>
      </trkpt>
      <trkpt lat="34.10959320142865" lon="134.4706870894879">
        <ele>12.74</ele>
      </trkpt>
      <trkpt lat="34.10949773155153" lon="134.47121229954064">
        <ele>12.7</ele>
      </trkpt>
      <trkpt lat="34.109439980238676" lon="134.47152997367084">
        <ele>12.63</ele>
      </trkpt>
      <trkpt lat="34.10939773544669" lon="134.4716852903366">
        <ele>12.6</ele>
      </trkpt>
      <trkpt lat="34.10928617231548" lon="134.47209608741105">
        <ele>12.6</ele>
      </trkpt>
      <trkpt lat="34.10921995528042" lon="134.4723399169743">
        <ele>12.55</ele>
      </trkpt>
      <trkpt lat="34.10916304215789" lon="134.47250277735293">
        <ele>12.53</ele>
      </trkpt>
      <trkpt lat="34.10902390256524" lon="134.47290108539164">
        <ele>12.55</ele>
      </trkpt>
      <trkpt lat="34.10898928530514" lon="134.47300015948713">
        <ele>12.52</ele>
      </trkpt>
      <trkpt lat="34.10893681459129" lon="134.47315027937293">
        <ele>12.41</ele>
      </trkpt>
      <trkpt lat="34.10892994143069" lon="134.47316997684538">
        <ele>12.4</ele>
      </trkpt>
      <trkpt lat="34.10889088176191" lon="134.47324197739363">
        <ele>12.38</ele>
      </trkpt>
      <trkpt lat="34.1087928134948" lon="134.47342277504504">
        <ele>12.42</ele>
      </trkpt>
      <trkpt lat="34.10867001861334" lon="134.47364900261164">
        <ele>12.42</ele>
      </trkpt>
      <trkpt lat="34.10854730755091" lon="134.47387523017824">
        <ele>12.35</ele>
      </trkpt>
      <trkpt lat="34.10841998644173" lon="134.47410992346704">
        <ele>12.35</ele>
      </trkpt>
      <trkpt lat="34.1083958465606" lon="134.4741431158036">
        <ele>12.35</ele>
      </trkpt>
      <trkpt lat="34.108189484104514" lon="134.47442726232111">
        <ele>12.29</ele>
      </trkpt>
      <trkpt lat="34.10786443389952" lon="134.4748746883124">
        <ele>12.28</ele>
      </trkpt>
      <trkpt lat="34.10765798762441" lon="134.4751587510109">
        <ele>12.17</ele>
      </trkpt>
      <trkpt lat="34.10759864374995" lon="134.47524039074779">
        <ele>12.17</ele>
      </trkpt>
      <trkpt lat="34.107569977641106" lon="134.47527995333076">
        <ele>12.17</ele>
      </trkpt>
      <trkpt lat="34.10747207701206" lon="134.47539302520454">
        <ele>12.2</ele>
      </trkpt>
      <trkpt lat="34.10727837122977" lon="134.47561665438116">
        <ele>12.2</ele>
      </trkpt>
      <trkpt lat="34.10711660049856" lon="134.4758036546409">
        <ele>12.27</ele>
      </trkpt>
      <trkpt lat="34.107019705697894" lon="134.47591546922922">
        <ele>12.28</ele>
      </trkpt>
      <trkpt lat="34.10692222416401" lon="134.47602803818882">
        <ele>12.27</ele>
      </trkpt>
      <trkpt lat="34.106728518381715" lon="134.47625175118446">
        <ele>12.21</ele>
      </trkpt>
      <trkpt lat="34.1065342258662" lon="134.4764762185514">
        <ele>12.12</ele>
      </trkpt>
      <trkpt lat="34.10646918229759" lon="134.47655132040381">
        <ele>12.11</ele>
      </trkpt>
      <trkpt lat="34.10617807880044" lon="134.47688760235906">
        <ele>12.15</ele>
      </trkpt>
      <trkpt lat="34.10601681098342" lon="134.4770737644285">
        <ele>12.07</ele>
      </trkpt>
      <trkpt lat="34.105919329449534" lon="134.4771863333881">
        <ele>12.06</ele>
      </trkpt>
      <trkpt lat="34.105757558718324" lon="134.47737324982882">
        <ele>12.09</ele>
      </trkpt>
      <trkpt lat="34.10556385293603" lon="134.47759696282446">
        <ele>12.16</ele>
      </trkpt>
      <trkpt lat="34.105305187404156" lon="134.47789577767253">
        <ele>12.18</ele>
      </trkpt>
      <trkpt lat="34.1052408143878" lon="134.47797012515366">
        <ele>12.2</ele>
      </trkpt>
      <trkpt lat="34.10511148162186" lon="134.47811949066818">
        <ele>12.26</ele>
      </trkpt>
      <trkpt lat="34.104859940707684" lon="134.47840992361307">
        <ele>12.42</ele>
      </trkpt>
      <trkpt lat="34.104761369526386" lon="134.47853808291256">
        <ele>12.49</ele>
      </trkpt>
      <trkpt lat="34.104578979313374" lon="134.4787752069533">
        <ele>12.54</ele>
      </trkpt>
      <trkpt lat="34.10451837815344" lon="134.4788539968431">
        <ele>12.53</ele>
      </trkpt>
      <trkpt lat="34.10439717583358" lon="134.47901157662272">
        <ele>12.47</ele>
      </trkpt>
      <trkpt lat="34.1043599601835" lon="134.47905994020402">
        <ele>12.43</ele>
      </trkpt>
      <trkpt lat="34.104281505569816" lon="134.47917770594358">
        <ele>12.36</ele>
      </trkpt>
      <trkpt lat="34.10425325855613" lon="134.4792200345546">
        <ele>12.35</ele>
      </trkpt>
      <trkpt lat="34.10414102487266" lon="134.47938834317029">
        <ele>12.4</ele>
      </trkpt>
      <trkpt lat="34.10397238098085" lon="134.479641309008">
        <ele>12.42</ele>
      </trkpt>
      <trkpt lat="34.103939943015575" lon="134.4796899240464">
        <ele>12.4</ele>
      </trkpt>
      <trkpt lat="34.103821674361825" lon="134.47990735061467">
        <ele>12.34</ele>
      </trkpt>
      <trkpt lat="34.103501653298736" lon="134.4804955087602">
        <ele>12.38</ele>
      </trkpt>
      <trkpt lat="34.10335446707904" lon="134.48076599277556">
        <ele>12.33</ele>
      </trkpt>
      <trkpt lat="34.10323150455952" lon="134.48099196888506">
        <ele>12.32</ele>
      </trkpt>
      <trkpt lat="34.10319998860359" lon="134.481049971655">
        <ele>12.3</ele>
      </trkpt>
      <trkpt lat="34.1029991582036" lon="134.48145305737853">
        <ele>12.2</ele>
      </trkpt>
      <trkpt lat="34.10295280627906" lon="134.48154618032277">
        <ele>12.19</ele>
      </trkpt>
      <trkpt lat="34.102860605344176" lon="134.48173142038286">
        <ele>12.23</ele>
      </trkpt>
      <trkpt lat="34.10263027064502" lon="134.48219393379986">
        <ele>12.17</ele>
      </trkpt>
      <trkpt lat="34.10251485183835" lon="134.48242569342256">
        <ele>12.19</ele>
      </trkpt>
      <trkpt lat="34.102375796064734" lon="134.4827048946172">
        <ele>12.18</ele>
      </trkpt>
      <trkpt lat="34.10223715938628" lon="134.4829831738025">
        <ele>12.14</ele>
      </trkpt>
      <trkpt lat="34.102121740579605" lon="134.4832149334252">
        <ele>12.07</ele>
      </trkpt>
      <trkpt lat="34.10207538865507" lon="134.48330805636942">
        <ele>12.06</ele>
      </trkpt>
      <trkpt lat="34.10194999538362" lon="134.48355993255973">
        <ele>12.07</ele>
      </trkpt>
      <trkpt lat="34.10188637673855" lon="134.4837353657931">
        <ele>12.09</ele>
      </trkpt>
      <trkpt lat="34.10185033455491" lon="134.48383485898376">
        <ele>12.05</ele>
      </trkpt>
      <trkpt lat="34.10176022909582" lon="134.4840836338699">
        <ele>11.83</ele>
      </trkpt>
      <trkpt lat="34.10172418691218" lon="134.48418312706053">
        <ele>11.79</ele>
      </trkpt>
      <trkpt lat="34.10165243782103" lon="134.48438119143248">
        <ele>11.78</ele>
      </trkpt>
      <trkpt lat="34.101544646546245" lon="134.48467866517603">
        <ele>11.86</ele>
      </trkpt>
      <trkpt lat="34.10145487636328" lon="134.48492643423378">
        <ele>11.86</ele>
      </trkpt>
      <trkpt lat="34.101449931040406" lon="134.4849399290979">
        <ele>11.85</ele>
      </trkpt>
      <trkpt lat="34.10142470151186" lon="134.48502869345248">
        <ele>11.84</ele>
      </trkpt>
      <trkpt lat="34.101366363465786" lon="134.4852341338992">
        <ele>11.76</ele>
      </trkpt>
      <trkpt lat="34.101337445899844" lon="134.48533580638468">
        <ele>11.75</ele>
      </trkpt>
      <trkpt lat="34.10126477479935" lon="134.48559162206948">
        <ele>11.78</ele>
      </trkpt>
      <trkpt lat="34.10120635293424" lon="134.4857970625162">
        <ele>11.77</ele>
      </trkpt>
      <trkpt lat="34.10117994993925" lon="134.48588993400335">
        <ele>11.78</ele>
      </trkpt>
      <trkpt lat="34.10112513229251" lon="134.48616402223706">
        <ele>11.83</ele>
      </trkpt>
      <trkpt lat="34.101099986582994" lon="134.4862899184227">
        <ele>11.83</ele>
      </trkpt>
      <trkpt lat="34.101084144786" lon="134.4864283874631">
        <ele>11.84</ele>
      </trkpt>
      <trkpt lat="34.101059921085835" lon="134.48663994669914">
        <ele>11.87</ele>
      </trkpt>
      <trkpt lat="34.10105589777231" lon="134.48680540546775">
        <ele>11.91</ele>
      </trkpt>
      <trkpt lat="34.10104801878333" lon="134.48712995275855">
        <ele>11.88</ele>
      </trkpt>
      <trkpt lat="34.101039972156286" lon="134.4874599482864">
        <ele>11.88</ele>
      </trkpt>
      <trkpt lat="34.10104340873659" lon="134.48750873096287">
        <ele>11.89</ele>
      </trkpt>
      <trkpt lat="34.10106654278934" lon="134.48783218860626">
        <ele>11.99</ele>
      </trkpt>
      <trkpt lat="34.10107425414026" lon="134.4879403989762">
        <ele>12.01</ele>
      </trkpt>
      <trkpt lat="34.101079953834414" lon="134.4880199432373">
        <ele>11.99</ele>
      </trkpt>
      <trkpt lat="34.10109621472657" lon="134.48815480805933">
        <ele>11.98</ele>
      </trkpt>
      <trkpt lat="34.10114801488817" lon="134.4885836262256">
        <ele>12.02</ele>
      </trkpt>
      <trkpt lat="34.1011499427259" lon="134.48859997093678">
        <ele>12.01</ele>
      </trkpt>
      <trkpt lat="34.101221188902855" lon="134.48895217850804">
        <ele>12.0</ele>
      </trkpt>
      <trkpt lat="34.10132998600602" lon="134.48948996141553">
        <ele>11.89</ele>
      </trkpt>
      <trkpt lat="34.10141455940902" lon="134.48984174989164">
        <ele>11.83</ele>
      </trkpt>
      <trkpt lat="34.10146476700902" lon="134.49005029164255">
        <ele>11.85</ele>
      </trkpt>
      <trkpt lat="34.10156459547579" lon="134.49046544730663">
        <ele>11.84</ele>
      </trkpt>
      <trkpt lat="34.101652102544904" lon="134.49082938954234">
        <ele>11.86</ele>
      </trkpt>
      <trkpt lat="34.10172712057829" lon="134.49114128015935">
        <ele>11.91</ele>
      </trkpt>
      <trkpt lat="34.101777244359255" lon="134.4913499057293">
        <ele>11.98</ele>
      </trkpt>
      <trkpt lat="34.1018146276474" lon="134.4915053062141">
        <ele>12.01</ele>
      </trkpt>
      <trkpt lat="34.101839773356915" lon="134.49160957708955">
        <ele>12.02</ele>
      </trkpt>
      <trkpt lat="34.101876905187964" lon="134.49176397174597">
        <ele>12.0</ele>
      </trkpt>
      <trkpt lat="34.101899955421686" lon="134.49185994453728">
        <ele>12.02</ele>
      </trkpt>
      <trkpt lat="34.10192996263504" lon="134.49202431365848">
        <ele>12.06</ele>
      </trkpt>
      <trkpt lat="34.10194890573621" lon="134.4921282492578">
        <ele>12.05</ele>
      </trkpt>
      <trkpt lat="34.10204420797527" lon="134.49265002273023">
        <ele>11.91</ele>
      </trkpt>
      <trkpt lat="34.10206340253353" lon="134.49275504797697">
        <ele>11.91</ele>
      </trkpt>
      <trkpt lat="34.10209164954722" lon="134.49290986172855">
        <ele>11.94</ele>
      </trkpt>
      <trkpt lat="34.10210992209613" lon="134.49300994165242">
        <ele>11.9</ele>
      </trkpt>
      <trkpt lat="34.10213129594922" lon="134.49323072098196">
        <ele>11.83</ele>
      </trkpt>
      <trkpt lat="34.10214655101299" lon="134.49338930658996">
        <ele>11.73</ele>
      </trkpt>
      <trkpt lat="34.102156860753894" lon="134.49349609203637">
        <ele>11.63</ele>
      </trkpt>
      <trkpt lat="34.10216214135289" lon="134.4935500714928">
        <ele>11.56</ele>
      </trkpt>
      <trkpt lat="34.102172534912825" lon="134.4936579465866">
        <ele>11.36</ele>
      </trkpt>
      <trkpt lat="34.10217764787376" lon="134.4937107525766">
        <ele>11.23</ele>
      </trkpt>
      <trkpt lat="34.1021877899766" lon="134.49381653219461">
        <ele>10.9</ele>
      </trkpt>
      <trkpt lat="34.10219818353653" lon="134.49392331764102">
        <ele>10.5</ele>
      </trkpt>
      <trkpt lat="34.10220849327743" lon="134.49403010308743">
        <ele>10.03</ele>
      </trkpt>
      <trkpt lat="34.102229196578264" lon="134.49424476362765">
        <ele>8.94</ele>
      </trkpt>
      <trkpt lat="34.10223942250013" lon="134.49435045942664">
        <ele>8.43</ele>
      </trkpt>
      <trkpt lat="34.102248726412654" lon="134.4944476056844">
        <ele>8.25</ele>
      </trkpt>
      <trkpt lat="34.10224998369813" lon="134.49445992708206">
        <ele>8.23</ele>
      </trkpt>
      <trkpt lat="34.10225769504905" lon="134.49449513107538">
        <ele>8.18</ele>
      </trkpt>
      <trkpt lat="34.10227831453085" lon="134.49458967894316">
        <ele>8.07</ele>
      </trkpt>
      <trkpt lat="34.10229876637459" lon="134.49468313716352">
        <ele>8.01</ele>
      </trkpt>
      <trkpt lat="34.10231997258961" lon="134.49477994814515">
        <ele>7.97</ele>
      </trkpt>
      <trkpt lat="34.10233858041465" lon="134.4948408845812">
        <ele>7.95</ele>
      </trkpt>
      <trkpt lat="34.10242994315922" lon="134.49513995088637">
        <ele>7.99</ele>
      </trkpt>
      <trkpt lat="34.102452993392944" lon="134.4951847102493">
        <ele>8.0</ele>
      </trkpt>
      <trkpt lat="34.102499010041356" lon="134.49527414515615">
        <ele>8.05</ele>
      </trkpt>
      <trkpt lat="34.102567322552204" lon="134.4954069983214">
        <ele>8.16</ele>
      </trkpt>
      <trkpt lat="34.10263563506305" lon="134.49553985148668">
        <ele>8.22</ele>
      </trkpt>
      <trkpt lat="34.102681148797274" lon="134.4956284482032">
        <ele>8.23</ele>
      </trkpt>
      <trkpt lat="34.10274853929877" lon="134.49575945734978">
        <ele>8.2</ele>
      </trkpt>
      <trkpt lat="34.10278994590044" lon="134.49583992362022">
        <ele>8.21</ele>
      </trkpt>
      <trkpt lat="34.102880554273725" lon="134.49620713479817">
        <ele>8.27</ele>
      </trkpt>
      <trkpt lat="34.10297996364534" lon="134.4966099690646">
        <ele>8.22</ele>
      </trkpt>
      <trkpt lat="34.10305615514517" lon="134.49697315692902">
        <ele>8.19</ele>
      </trkpt>
      <trkpt lat="34.10308834165335" lon="134.49712688103318">
        <ele>8.19</ele>
      </trkpt>
      <trkpt lat="34.10310996696353" lon="134.4972299784422">
        <ele>8.15</ele>
      </trkpt>
      <trkpt lat="34.10316914319992" lon="134.49747623875737">
        <ele>8.06</ele>
      </trkpt>
      <trkpt lat="34.103205017745495" lon="134.49762543663383">
        <ele>8.03</ele>
      </trkpt>
      <trkpt lat="34.103264696896076" lon="134.49787362478673">
        <ele>8.02</ele>
      </trkpt>
      <trkpt lat="34.10333636216819" lon="134.4981719367206">
        <ele>8.05</ele>
      </trkpt>
      <trkpt lat="34.10335999913514" lon="134.49826992116868">
        <ele>8.01</ele>
      </trkpt>
      <trkpt lat="34.10345463082194" lon="134.49869588948786">
        <ele>7.84</ele>
      </trkpt>
      <trkpt lat="34.10355999134481" lon="134.49916996993124">
        <ele>7.71</ele>
      </trkpt>
      <trkpt lat="34.10356342792511" lon="134.49922093190253">
        <ele>7.7</ele>
      </trkpt>
      <trkpt lat="34.103592932224274" lon="134.49965385720134">
        <ele>7.7</ele>
      </trkpt>
      <trkpt lat="34.103600308299065" lon="134.4997621513903">
        <ele>7.74</ele>
      </trkpt>
      <trkpt lat="34.10361137241125" lon="134.49992450885475">
        <ele>7.84</ele>
      </trkpt>
      <trkpt lat="34.10361874848604" lon="134.5000327192247">
        <ele>7.88</ele>
      </trkpt>
      <trkpt lat="34.103619921952486" lon="134.50004998594522">
        <ele>7.87</ele>
      </trkpt>
      <trkpt lat="34.103619921952486" lon="134.50014126487076">
        <ele>7.87</ele>
      </trkpt>
      <trkpt lat="34.103619921952486" lon="134.5004117488861">
        <ele>7.8</ele>
      </trkpt>
      <trkpt lat="34.103619921952486" lon="134.50068323872983">
        <ele>7.78</ele>
      </trkpt>
      <trkpt lat="34.103619921952486" lon="134.50094995088875">
        <ele>7.71</ele>
      </trkpt>
      <trkpt lat="34.10360969603062" lon="134.50111725367606">
        <ele>7.67</ele>
      </trkpt>
      <trkpt lat="34.1035863943398" lon="134.5014952775091">
        <ele>7.47</ele>
      </trkpt>
      <trkpt lat="34.10357994027436" lon="134.5015999674797">
        <ele>7.49</ele>
      </trkpt>
      <trkpt lat="34.10355647094548" lon="134.50181898660958">
        <ele>7.56</ele>
      </trkpt>
      <trkpt lat="34.103549933061004" lon="134.50187992304564">
        <ele>7.59</ele>
      </trkpt>
      <trkpt lat="34.10352964885533" lon="134.50197832658887">
        <ele>7.66</ele>
      </trkpt>
      <trkpt lat="34.103507939726114" lon="134.50208377093077">
        <ele>7.8</ele>
      </trkpt>
      <trkpt lat="34.103475250303745" lon="134.50224185362458">
        <ele>8.11</ele>
      </trkpt>
      <trkpt lat="34.10345354117453" lon="134.50234721414745">
        <ele>8.27</ele>
      </trkpt>
      <trkpt lat="34.10344264470041" lon="134.50239985249937">
        <ele>8.32</ele>
      </trkpt>
      <trkpt lat="34.10342135466635" lon="134.50250320136547">
        <ele>8.35</ele>
      </trkpt>
      <trkpt lat="34.10337785258889" lon="134.5027139224112">
        <ele>8.32</ele>
      </trkpt>
      <trkpt lat="34.10327970050275" lon="134.50318926014006">
        <ele>8.2</ele>
      </trkpt>
      <trkpt lat="34.10322580486536" lon="134.50345060788095">
        <ele>8.18</ele>
      </trkpt>
      <trkpt lat="34.10307392477989" lon="134.50418620370328">
        <ele>8.32</ele>
      </trkpt>
      <trkpt lat="34.10305221565068" lon="134.50429156422615">
        <ele>8.3</ele>
      </trkpt>
      <trkpt lat="34.10300871357322" lon="134.50450236909091">
        <ele>8.19</ele>
      </trkpt>
      <trkpt lat="34.10298717208207" lon="134.50460663996637">
        <ele>8.16</ele>
      </trkpt>
      <trkpt lat="34.10288927145302" lon="134.50508088804781">
        <ele>8.2</ele>
      </trkpt>
      <trkpt lat="34.102839985862374" lon="134.50531993992627">
        <ele>8.13</ele>
      </trkpt>
      <trkpt lat="34.10281869582832" lon="134.50539512559772">
        <ele>8.11</ele>
      </trkpt>
      <trkpt lat="34.10268877632916" lon="134.505855711177">
        <ele>8.06</ele>
      </trkpt>
      <trkpt lat="34.10263077355921" lon="134.5060613192618">
        <ele>8.01</ele>
      </trkpt>
      <trkpt lat="34.10254402086139" lon="134.5063686836511">
        <ele>8.04</ele>
      </trkpt>
      <trkpt lat="34.10242793150246" lon="134.50677989982069">
        <ele>7.94</ele>
      </trkpt>
      <trkpt lat="34.10237998701632" lon="134.50694996863604">
        <ele>7.94</ele>
      </trkpt>
      <trkpt lat="34.10230195149779" lon="134.50718550011516">
        <ele>7.95</ele>
      </trkpt>
      <trkpt lat="34.10221838392317" lon="134.50743762776256">
        <ele>7.88</ele>
      </trkpt>
      <trkpt lat="34.10218502394855" lon="134.5075384620577">
        <ele>7.88</ele>
      </trkpt>
      <trkpt lat="34.10206876695156" lon="134.50788932852447">
        <ele>7.94</ele>
      </trkpt>
      <trkpt lat="34.10193549469113" lon="134.5082916598767">
        <ele>7.92</ele>
      </trkpt>
      <trkpt lat="34.10188537091017" lon="134.50844295322895">
        <ele>7.87</ele>
      </trkpt>
      <trkpt lat="34.10183994099498" lon="134.5085799973458">
        <ele>7.79</ele>
      </trkpt>
      <trkpt lat="34.101739190518856" lon="134.50895508751273">
        <ele>7.6</ele>
      </trkpt>
      <trkpt lat="34.10164229571819" lon="134.50931567698717">
        <ele>7.51</ele>
      </trkpt>
      <trkpt lat="34.10158705897629" lon="134.50952120125294">
        <ele>7.56</ele>
      </trkpt>
      <trkpt lat="34.1015315707773" lon="134.50972781516612">
        <ele>7.58</ele>
      </trkpt>
      <trkpt lat="34.10147993825376" lon="134.5099199283868">
        <ele>7.62</ele>
      </trkpt>
      <trkpt lat="34.10144582390785" lon="134.51003442518413">
        <ele>7.65</ele>
      </trkpt>
      <trkpt lat="34.10135446116328" lon="134.51034103520215">
        <ele>7.64</ele>
      </trkpt>
      <trkpt lat="34.10124843008816" lon="134.51069659553468">
        <ele>7.66</ele>
      </trkpt>
      <trkpt lat="34.10106662660837" lon="134.5113066304475">
        <ele>7.74</ele>
      </trkpt>
      <trkpt lat="34.10096000880003" lon="134.51166437007487">
        <ele>7.72</ele>
      </trkpt>
      <trkpt lat="34.100899659097195" lon="134.5118666253984">
        <ele>7.67</ele>
      </trkpt>
      <trkpt lat="34.10086923278868" lon="134.5119688846171">
        <ele>7.67</ele>
      </trkpt>
      <trkpt lat="34.10085992887616" lon="134.51199998147786">
        <ele>7.68</ele>
      </trkpt>
      <trkpt lat="34.10079010762274" lon="134.5122218504548">
        <ele>7.78</ele>
      </trkpt>
      <trkpt lat="34.100710563361645" lon="134.51247464865446">
        <ele>7.84</ele>
      </trkpt>
      <trkpt lat="34.10061500966549" lon="134.5127781573683">
        <ele>7.82</ele>
      </trkpt>
      <trkpt lat="34.10051970742643" lon="134.51308066025376">
        <ele>7.77</ele>
      </trkpt>
      <trkpt lat="34.100472098216414" lon="134.513231953606">
        <ele>7.83</ele>
      </trkpt>
      <trkpt lat="34.10040822811425" lon="134.51343496330082">
        <ele>7.85</ele>
      </trkpt>
      <trkpt lat="34.100349973887205" lon="134.51361995190382">
        <ele>7.8</ele>
      </trkpt>
      <trkpt lat="34.10033396445215" lon="134.51368759386241">
        <ele>7.79</ele>
      </trkpt>
      <trkpt lat="34.100272776558995" lon="134.51394659467041">
        <ele>7.68</ele>
      </trkpt>
      <trkpt lat="34.10019918344915" lon="134.51425781473517">
        <ele>7.63</ele>
      </trkpt>
      <trkpt lat="34.100174540653825" lon="134.5143622532487">
        <ele>7.64</ele>
      </trkpt>
      <trkpt lat="34.1001258417964" lon="134.51456802897155">
        <ele>7.69</ele>
      </trkpt>
      <trkpt lat="34.10010145045817" lon="134.51467137783766">
        <ele>7.67</ele>
      </trkpt>
      <trkpt lat="34.100089967250824" lon="134.51471999287605">
        <ele>7.65</ele>
      </trkpt>
      <trkpt lat="34.100052919238806" lon="134.5149352401495">
        <ele>7.57</ele>
      </trkpt>
      <trkpt lat="34.10003464668989" lon="134.51504160650074">
        <ele>7.55</ele>
      </trkpt>
      <trkpt lat="34.099998688325286" lon="134.515251070261">
        <ele>7.53</ele>
      </trkpt>
      <trkpt lat="34.09997999668121" lon="134.5153599511832">
        <ele>7.54</ele>
      </trkpt>
      <trkpt lat="34.09995845519006" lon="134.51551602222025">
        <ele>7.56</ele>
      </trkpt>
      <trkpt lat="34.09994370304048" lon="134.5156231429428">
        <ele>7.53</ele>
      </trkpt>
      <trkpt lat="34.09990715794265" lon="134.5158877596259">
        <ele>7.33</ele>
      </trkpt>
      <trkpt lat="34.099899949505925" lon="134.51593997888267">
        <ele>7.31</ele>
      </trkpt>
      <trkpt lat="34.099893579259515" lon="134.51604961417615">
        <ele>7.29</ele>
      </trkpt>
      <trkpt lat="34.099884275346994" lon="134.51620995998383">
        <ele>7.29</ele>
      </trkpt>
      <trkpt lat="34.09987480379641" lon="134.51637248508632">
        <ele>7.32</ele>
      </trkpt>
      <trkpt lat="34.09986248239875" lon="134.51658588834107">
        <ele>7.44</ele>
      </trkpt>
      <trkpt lat="34.09985619597137" lon="134.51669426634908">
        <ele>7.46</ele>
      </trkpt>
      <trkpt lat="34.099843706935644" lon="134.51690875925124">
        <ele>7.44</ele>
      </trkpt>
      <trkpt lat="34.0998375043273" lon="134.51701604761183">
        <ele>7.49</ele>
      </trkpt>
      <trkpt lat="34.09982493147254" lon="134.5172316301614">
        <ele>7.61</ele>
      </trkpt>
      <trkpt lat="34.09980992786586" lon="134.51748996041715">
        <ele>7.86</ele>
      </trkpt>
      <trkpt lat="34.099778831005096" lon="134.51765801757574">
        <ele>8.03</ele>
      </trkpt>
      <trkpt lat="34.09975997172296" lon="134.5177599415183">
        <ele>7.97</ele>
      </trkpt>
      <trkpt lat="34.099650671705604" lon="134.51794434338808">
        <ele>7.85</ele>
      </trkpt>
      <trkpt lat="34.099599961191416" lon="134.51802992261946">
        <ele>7.85</ele>
      </trkpt>
      <trkpt lat="34.09959920682013" lon="134.51803067699075">
        <ele>7.85</ele>
      </trkpt>
      <trkpt lat="34.09956458956003" lon="134.51806537806988">
        <ele>7.87</ele>
      </trkpt>
      <trkpt lat="34.09953064285219" lon="134.51809932477772">
        <ele>7.93</ele>
      </trkpt>
      <trkpt lat="34.09951999783516" lon="134.51810996979475">
        <ele>7.95</ele>
      </trkpt>
      <trkpt lat="34.099492421373725" lon="134.51812505722046">
        <ele>8.02</ele>
      </trkpt>
      <trkpt lat="34.099452355876565" lon="134.5181471016258">
        <ele>8.14</ele>
      </trkpt>
      <trkpt lat="34.09937214106321" lon="134.51819119043648">
        <ele>8.46</ele>
      </trkpt>
      <trkpt lat="34.09913065843284" lon="134.5183238759637">
        <ele>9.6</ele>
      </trkpt>
      <trkpt lat="34.09909134730697" lon="134.51834541745484">
        <ele>9.76</ele>
      </trkpt>
      <trkpt lat="34.0990102943033" lon="134.5183900091797">
        <ele>10.0</ele>
      </trkpt>
      <trkpt lat="34.098930079489946" lon="134.5184340979904">
        <ele>10.12</ele>
      </trkpt>
      <trkpt lat="34.09888917580247" lon="134.5184565614909">
        <ele>10.14</ele>
      </trkpt>
      <trkpt lat="34.09880896098912" lon="134.51850065030158">
        <ele>10.1</ele>
      </trkpt>
      <trkpt lat="34.098768811672926" lon="134.51852269470692">
        <ele>10.04</ele>
      </trkpt>
      <trkpt lat="34.098688596859574" lon="134.5185667835176">
        <ele>9.86</ele>
      </trkpt>
      <trkpt lat="34.098609974607825" lon="134.51860995031893">
        <ele>9.73</ele>
      </trkpt>
      <trkpt lat="34.098535208031535" lon="134.51864733360708">
        <ele>9.55</ele>
      </trkpt>
      <trkpt lat="34.09826522693038" lon="134.51878236606717">
        <ele>8.79</ele>
      </trkpt>
      <trkpt lat="34.0981899574399" lon="134.51881991699338">
        <ele>8.43</ele>
      </trkpt>
      <trkpt lat="34.098103204742074" lon="134.51885755173862">
        <ele>8.03</ele>
      </trkpt>
      <trkpt lat="34.09802198410034" lon="134.51889275573194">
        <ele>7.69</ele>
      </trkpt>
      <trkpt lat="34.09794067963958" lon="134.51892795972526">
        <ele>7.38</ele>
      </trkpt>
      <trkpt lat="34.09788996912539" lon="134.51894992031157">
        <ele>7.22</ele>
      </trkpt>
      <trkpt lat="34.09785585477948" lon="134.51895360834897">
        <ele>7.13</ele>
      </trkpt>
      <trkpt lat="34.09781377762556" lon="134.51895813457668">
        <ele>7.03</ele>
      </trkpt>
      <trkpt lat="34.09772777929902" lon="134.51896735467017">
        <ele>6.88</ele>
      </trkpt>
      <trkpt lat="34.09760992974043" lon="134.51897992752492">
        <ele>6.72</ele>
      </trkpt>
      <trkpt lat="34.09726995974779" lon="134.51896995306015">
        <ele>6.28</ele>
      </trkpt>
      <trkpt lat="34.097211034968495" lon="134.51898680068552">
        <ele>6.21</ele>
      </trkpt>
      <trkpt lat="34.09719997085631" lon="134.51898998580873">
        <ele>6.2</ele>
      </trkpt>
      <trkpt lat="34.0971399564296" lon="134.51903994195163">
        <ele>6.14</ele>
      </trkpt>
      <trkpt lat="34.09713802859187" lon="134.51904078014195">
        <ele>6.14</ele>
      </trkpt>
      <trkpt lat="34.097096621990204" lon="134.5190588850528">
        <ele>6.08</ele>
      </trkpt>
      <trkpt lat="34.097056053578854" lon="134.51907665468752">
        <ele>5.99</ele>
      </trkpt>
      <trkpt lat="34.096979945898056" lon="134.51910993084311">
        <ele>5.78</ele>
      </trkpt>
      <trkpt lat="34.09688640385866" lon="134.51910993084311">
        <ele>5.55</ele>
      </trkpt>
      <trkpt lat="34.09684323705733" lon="134.51910993084311">
        <ele>5.47</ele>
      </trkpt>
      <trkpt lat="34.096799148246646" lon="134.51910993084311">
        <ele>5.41</ele>
      </trkpt>
      <trkpt lat="34.09675598144531" lon="134.51910993084311">
        <ele>5.38</ele>
      </trkpt>
      <trkpt lat="34.09671197645366" lon="134.51910993084311">
        <ele>5.38</ele>
      </trkpt>
      <trkpt lat="34.09658155404031" lon="134.51910993084311">
        <ele>5.44</ele>
      </trkpt>
      <trkpt lat="34.0964942984283" lon="134.51910993084311">
        <ele>5.45</ele>
      </trkpt>
      <trkpt lat="34.09640997648239" lon="134.51910993084311">
        <ele>5.83</ele>
      </trkpt>
      <trkpt lat="34.09640997648239" lon="134.51918620616198">
        <ele>6.12</ele>
      </trkpt>
      <trkpt lat="34.09640997648239" lon="134.51939474791288">
        <ele>6.08</ele>
      </trkpt>
      <trkpt lat="34.09640997648239" lon="134.51943992637098">
        <ele>6.05</ele>
      </trkpt>
      <trkpt lat="34.09641089849174" lon="134.519447889179">
        <ele>6.05</ele>
      </trkpt>
      <trkpt lat="34.09642263315618" lon="134.51955115422606">
        <ele>5.95</ele>
      </trkpt>
      <trkpt lat="34.096446353942156" lon="134.51975877396762">
        <ele>5.67</ele>
      </trkpt>
      <trkpt lat="34.09648767672479" lon="134.52012137509882">
        <ele>5.08</ele>
      </trkpt>
      <trkpt lat="34.096499579027295" lon="134.5202257297933">
        <ele>4.95</ele>
      </trkpt>
      <trkpt lat="34.09652916714549" lon="134.5204849820584">
        <ele>4.7</ele>
      </trkpt>
      <trkpt lat="34.09653997980058" lon="134.52057994902134">
        <ele>4.55</ele>
      </trkpt>
      <trkpt lat="34.096486922353506" lon="134.5205904264003">
        <ele>4.46</ele>
      </trkpt>
      <trkpt lat="34.09639908000827" lon="134.52060777693987">
        <ele>4.37</ele>
      </trkpt>
      <trkpt lat="34.09635557793081" lon="134.5206163264811">
        <ele>4.35</ele>
      </trkpt>
      <trkpt lat="34.09626773558557" lon="134.52063367702067">
        <ele>4.36</ele>
      </trkpt>
      <trkpt lat="34.09600496292114" lon="134.5206855610013">
        <ele>4.45</ele>
      </trkpt>
      <trkpt lat="34.095873618498445" lon="134.5207114610821">
        <ele>4.54</ele>
      </trkpt>
      <trkpt lat="34.09577999264002" lon="134.5207299850881">
        <ele>4.63</ele>
      </trkpt>
      <trkpt lat="34.09548142924905" lon="134.5208015665412">
        <ele>5.07</ele>
      </trkpt>
      <trkpt lat="34.095394089818" lon="134.52082252129912">
        <ele>5.24</ele>
      </trkpt>
      <trkpt lat="34.09535092301667" lon="134.52083291485906">
        <ele>5.36</ele>
      </trkpt>
      <trkpt lat="34.095279928296804" lon="134.5208499301225">
        <ele>5.58</ele>
      </trkpt>
      <trkpt lat="34.095263835042715" lon="134.52085529454052">
        <ele>5.64</ele>
      </trkpt>
      <trkpt lat="34.095221338793635" lon="134.52086945995688">
        <ele>5.81</ele>
      </trkpt>
      <trkpt lat="34.09513550810516" lon="134.52089812606573">
        <ele>6.21</ele>
      </trkpt>
      <trkpt lat="34.09505059942603" lon="134.52092645689845">
        <ele>6.66</ele>
      </trkpt>
      <trkpt lat="34.094979939982295" lon="134.52094992622733">
        <ele>6.93</ele>
      </trkpt>
      <trkpt lat="34.094980945810676" lon="134.5209342520684">
        <ele>6.98</ele>
      </trkpt>
      <trkpt lat="34.094984382390976" lon="134.52088228426874">
        <ele>7.11</ele>
      </trkpt>
      <trkpt lat="34.094987735152245" lon="134.52083031646907">
        <ele>7.2</ele>
      </trkpt>
      <trkpt lat="34.094991171732545" lon="134.5207783486694">
        <ele>7.26</ele>
      </trkpt>
      <trkpt lat="34.094997961074114" lon="134.52067332342267">
        <ele>7.27</ele>
      </trkpt>
      <trkpt lat="34.09500475041568" lon="134.52056938782334">
        <ele>7.21</ele>
      </trkpt>
      <trkpt lat="34.09500994719565" lon="134.52048992738128">
        <ele>7.21</ele>
      </trkpt>
      <trkpt lat="34.095004834234715" lon="134.52046503312886">
        <ele>7.22</ele>
      </trkpt>
      <trkpt lat="34.09499435685575" lon="134.52041449025273">
        <ele>7.27</ele>
      </trkpt>
      <trkpt lat="34.09498362801969" lon="134.5203628577292">
        <ele>7.36</ele>
      </trkpt>
      <trkpt lat="34.09497323445976" lon="134.52031223103404">
        <ele>7.53</ele>
      </trkpt>
      <trkpt lat="34.0949625056237" lon="134.52026068232954">
        <ele>7.78</ele>
      </trkpt>
      <trkpt lat="34.09494993276894" lon="134.52019999735057">
        <ele>8.11</ele>
      </trkpt>
      <trkpt lat="34.094946244731545" lon="134.52015741728246">
        <ele>8.49</ele>
      </trkpt>
      <trkpt lat="34.094936940819025" lon="134.52005264349282">
        <ele>9.3</ele>
      </trkpt>
      <trkpt lat="34.094927720725536" lon="134.5199479535222">
        <ele>10.07</ele>
      </trkpt>
      <trkpt lat="34.09491992555559" lon="134.5198599435389">
        <ele>10.42</ele>
      </trkpt>
      <trkpt lat="34.094923697412014" lon="134.5197856798768">
        <ele>10.73</ele>
      </trkpt>
      <trkpt lat="34.09492922946811" lon="134.51967721804976">
        <ele>11.12</ele>
      </trkpt>
      <trkpt lat="34.094937443733215" lon="134.51951578259468">
        <ele>11.66</ele>
      </trkpt>
      <trkpt lat="34.09494565799832" lon="134.51935426332057">
        <ele>12.16</ele>
      </trkpt>
      <trkpt lat="34.09494993276894" lon="134.51926994137466">
        <ele>12.21</ele>
      </trkpt>
      <trkpt lat="34.094738624989986" lon="134.5192959252745">
        <ele>12.4</ele>
      </trkpt>
      <trkpt lat="34.0944719966501" lon="134.51932861469686">
        <ele>12.68</ele>
      </trkpt>
      <trkpt lat="34.094293881207705" lon="134.51935049146414">
        <ele>12.75</ele>
      </trkpt>
      <trkpt lat="34.09402725286782" lon="134.5193831808865">
        <ele>12.93</ele>
      </trkpt>
      <trkpt lat="34.09367211163044" lon="134.51942685060203">
        <ele>13.06</ele>
      </trkpt>
      <trkpt lat="34.09344932064414" lon="134.51945417560637">
        <ele>13.02</ele>
      </trkpt>
      <trkpt lat="34.09309409558773" lon="134.51949776150286">
        <ele>13.08</ele>
      </trkpt>
      <trkpt lat="34.0929608233273" lon="134.51951410621405">
        <ele>13.06</ele>
      </trkpt>
      <trkpt lat="34.092249535024166" lon="134.5196014456451">
        <ele>12.65</ele>
      </trkpt>
      <trkpt lat="34.09211617894471" lon="134.51961779035628">
        <ele>12.56</ele>
      </trkpt>
      <trkpt lat="34.0917609538883" lon="134.5196614600718">
        <ele>12.27</ele>
      </trkpt>
      <trkpt lat="34.09168132580817" lon="134.51967118307948">
        <ele>12.24</ele>
      </trkpt>
      <trkpt lat="34.09160999581218" lon="134.5196799840778">
        <ele>12.05</ele>
      </trkpt>
      <trkpt lat="34.091622568666935" lon="134.5197502244264">
        <ele>11.91</ele>
      </trkpt>
      <trkpt lat="34.09164100885391" lon="134.51985315419734">
        <ele>11.64</ele>
      </trkpt>
      <trkpt lat="34.09165944904089" lon="134.5199561677873">
        <ele>11.33</ele>
      </trkpt>
      <trkpt lat="34.091687025502324" lon="134.52011005952954">
        <ele>10.83</ele>
      </trkpt>
      <trkpt lat="34.09172994084656" lon="134.5203499495983">
        <ele>10.12</ele>
      </trkpt>
      <trkpt lat="34.09173991531134" lon="134.52042060904205">
        <ele>9.92</ele>
      </trkpt>
      <trkpt lat="34.09175483509898" lon="134.52052655629814">
        <ele>9.66</ele>
      </trkpt>
      <trkpt lat="34.091769671067595" lon="134.52063149772584">
        <ele>9.5</ele>
      </trkpt>
      <trkpt lat="34.091777047142386" lon="134.5206839684397">
        <ele>9.46</ele>
      </trkpt>
      <trkpt lat="34.091791883111" lon="134.52078882604837">
        <ele>9.45</ele>
      </trkpt>
      <trkpt lat="34.091814178973436" lon="134.52094724401832">
        <ele>9.52</ele>
      </trkpt>
      <trkpt lat="34.091839995235205" lon="134.52112996950746">
        <ele>9.65</ele>
      </trkpt>
      <trkpt lat="34.091849718242884" lon="134.52126449905336">
        <ele>9.76</ele>
      </trkpt>
      <trkpt lat="34.091872684657574" lon="134.52158259227872">
        <ele>9.96</ele>
      </trkpt>
      <trkpt lat="34.09188760444522" lon="134.52178811654449">
        <ele>10.01</ele>
      </trkpt>
      <trkpt lat="34.09190629608929" lon="134.52204669825733">
        <ele>10.01</ele>
      </trkpt>
      <trkpt lat="34.091913755983114" lon="134.5221494603902">
        <ele>9.97</ele>
      </trkpt>
      <trkpt lat="34.09191752783954" lon="134.52220134437084">
        <ele>9.92</ele>
      </trkpt>
      <trkpt lat="34.091921132057905" lon="134.5222522225231">
        <ele>9.84</ele>
      </trkpt>
      <trkpt lat="34.09192490391433" lon="134.52230410650373">
        <ele>9.73</ele>
      </trkpt>
      <trkpt lat="34.09192867577076" lon="134.5223560743034">
        <ele>9.59</ele>
      </trkpt>
      <trkpt lat="34.09193613566458" lon="134.52245883643627">
        <ele>9.25</ele>
      </trkpt>
      <trkpt lat="34.091943595558405" lon="134.52256159856915">
        <ele>8.87</ele>
      </trkpt>
      <trkpt lat="34.091949965804815" lon="134.52264994382858">
        <ele>8.45</ele>
      </trkpt>
      <trkpt lat="34.09195030108094" lon="134.52266444452107">
        <ele>8.39</ele>
      </trkpt>
      <trkpt lat="34.091956838965416" lon="134.52292277477682">
        <ele>7.14</ele>
      </trkpt>
      <trkpt lat="34.0919594373554" lon="134.52302587218583">
        <ele>6.71</ele>
      </trkpt>
      <trkpt lat="34.09196203574538" lon="134.52312896959484">
        <ele>6.37</ele>
      </trkpt>
      <trkpt lat="34.091964634135365" lon="134.52323215082288">
        <ele>6.13</ele>
      </trkpt>
      <trkpt lat="34.09196723252535" lon="134.5233352482319">
        <ele>5.98</ele>
      </trkpt>
      <trkpt lat="34.09196983091533" lon="134.5234383456409">
        <ele>5.9</ele>
      </trkpt>
      <trkpt lat="34.09197653643787" lon="134.52370539307594">
        <ele>5.81</ele>
      </trkpt>
      <trkpt lat="34.09197997301817" lon="134.52383992262185">
        <ele>5.73</ele>
      </trkpt>
      <trkpt lat="34.09198307432234" lon="134.5238646492362">
        <ele>5.72</ele>
      </trkpt>
      <trkpt lat="34.092036886140704" lon="134.52428760007024">
        <ele>5.43</ele>
      </trkpt>
      <trkpt lat="34.09204996190965" lon="134.52438994310796">
        <ele>5.35</ele>
      </trkpt>
      <trkpt lat="34.09209388308227" lon="134.5246001612395">
        <ele>5.19</ele>
      </trkpt>
      <trkpt lat="34.09214803017676" lon="134.5248591620475">
        <ele>4.95</ele>
      </trkpt>
      <trkpt lat="34.092169823125005" lon="134.52496343292296">
        <ele>4.88</ele>
      </trkpt>
      <trkpt lat="34.09218993969262" lon="134.5250599924475">
        <ele>4.84</ele>
      </trkpt>
      <trkpt lat="34.09229504875839" lon="134.52524062246084">
        <ele>4.76</ele>
      </trkpt>
      <trkpt lat="34.092498729005456" lon="134.52559073455632">
        <ele>4.79</ele>
      </trkpt>
      <trkpt lat="34.092509960755706" lon="134.52560992911458">
        <ele>4.78</ele>
      </trkpt>
      <trkpt lat="34.09259461797774" lon="134.5256998669356">
        <ele>4.78</ele>
      </trkpt>
      <trkpt lat="34.092661421746016" lon="134.52577086165547">
        <ele>4.74</ele>
      </trkpt>
      <trkpt lat="34.09266997128725" lon="134.52577999792993">
        <ele>4.72</ele>
      </trkpt>
      <trkpt lat="34.09269570372999" lon="134.52580430544913">
        <ele>4.7</ele>
      </trkpt>
      <trkpt lat="34.092799723148346" lon="134.52590287663043">
        <ele>4.53</ele>
      </trkpt>
      <trkpt lat="34.092903742566705" lon="134.52600144781172">
        <ele>4.2</ele>
      </trkpt>
      <trkpt lat="34.09300700761378" lon="134.52609926462173">
        <ele>3.84</ele>
      </trkpt>
      <trkpt lat="34.09307632595301" lon="134.5261649787426">
        <ele>3.64</ele>
      </trkpt>
      <trkpt lat="34.09314572811127" lon="134.52623069286346">
        <ele>3.52</ele>
      </trkpt>
      <trkpt lat="34.093215046450496" lon="134.5262963231653">
        <ele>3.51</ele>
      </trkpt>
      <trkpt lat="34.093239940702915" lon="134.52631996013224">
        <ele>3.53</ele>
      </trkpt>
      <trkpt lat="34.09324807114899" lon="134.52633127570152">
        <ele>3.54</ele>
      </trkpt>
      <trkpt lat="34.09327640198171" lon="134.5263705868274">
        <ele>3.6</ele>
      </trkpt>
      <trkpt lat="34.09330531954765" lon="134.5264107361436">
        <ele>3.7</ele>
      </trkpt>
      <trkpt lat="34.093334237113595" lon="134.52645088545978">
        <ele>3.83</ele>
      </trkpt>
      <trkpt lat="34.09336315467954" lon="134.52649103477597">
        <ele>3.99</ele>
      </trkpt>
      <trkpt lat="34.09342098981142" lon="134.52657133340836">
        <ele>4.41</ele>
      </trkpt>
      <trkpt lat="34.093536073341966" lon="134.52673117630184">
        <ele>5.44</ele>
      </trkpt>
      <trkpt lat="34.09355141222477" lon="134.5267524663359">
        <ele>5.47</ele>
      </trkpt>
      <trkpt lat="34.09359994344413" lon="134.52681994065642">
        <ele>5.94</ele>
      </trkpt>
      <trkpt lat="34.093653755262494" lon="134.52692748047411">
        <ele>6.61</ele>
      </trkpt>
      <trkpt lat="34.093689965084195" lon="134.52699998393655">
        <ele>7.07</ele>
      </trkpt>
      <trkpt lat="34.093756349757314" lon="134.52716510742903">
        <ele>8.07</ele>
      </trkpt>
      <trkpt lat="34.093814520165324" lon="134.52730969525874">
        <ele>8.88</ele>
      </trkpt>
      <trkpt lat="34.09385307691991" lon="134.52740541659296">
        <ele>9.37</ele>
      </trkpt>
      <trkpt lat="34.093872690573335" lon="134.5274541992694">
        <ele>9.59</ele>
      </trkpt>
      <trkpt lat="34.09389196895063" lon="134.52750205993652">
        <ele>9.77</ele>
      </trkpt>
      <trkpt lat="34.09391158260405" lon="134.527550926432">
        <ele>9.93</ele>
      </trkpt>
      <trkpt lat="34.09395013935864" lon="134.52764664776623">
        <ele>10.13</ele>
      </trkpt>
      <trkpt lat="34.09396975301206" lon="134.52769551426172">
        <ele>10.19</ele>
      </trkpt>
      <trkpt lat="34.09400830976665" lon="134.52779123559594">
        <ele>10.27</ele>
      </trkpt>
      <trkpt lat="34.09403999336064" lon="134.52786994166672">
        <ele>10.31</ele>
      </trkpt>
      <trkpt lat="34.09407653845847" lon="134.52798955142498">
        <ele>10.38</ele>
      </trkpt>
      <trkpt lat="34.094107300043106" lon="134.52809046953917">
        <ele>10.41</ele>
      </trkpt>
      <trkpt lat="34.09424618817866" lon="134.5285448525101">
        <ele>10.34</ele>
      </trkpt>
      <trkpt lat="34.09425993449986" lon="134.52858994714916">
        <ele>10.34</ele>
      </trkpt>
      <trkpt lat="34.094359930604696" lon="134.52900996431708">
        <ele>10.38</ele>
      </trkpt>
      <trkpt lat="34.094376023858786" lon="134.5292734913528">
        <ele>10.43</ele>
      </trkpt>
      <trkpt lat="34.094392117112875" lon="134.5295377727598">
        <ele>10.52</ele>
      </trkpt>
      <trkpt lat="34.09442991949618" lon="134.53015996143222">
        <ele>10.56</ele>
      </trkpt>
      <trkpt lat="34.094428326934576" lon="134.53022349625826">
        <ele>10.57</ele>
      </trkpt>
      <trkpt lat="34.0944201964885" lon="134.5305415056646">
        <ele>10.53</ele>
      </trkpt>
      <trkpt lat="34.09440795890987" lon="134.5310180168599">
        <ele>10.53</ele>
      </trkpt>
      <trkpt lat="34.0944011695683" lon="134.5312828850001">
        <ele>10.49</ele>
      </trkpt>
      <trkpt lat="34.094399996101856" lon="134.53132999129593">
        <ele>10.49</ele>
      </trkpt>
      <trkpt lat="34.09434995613992" lon="134.53168999403715">
        <ele>10.5</ele>
      </trkpt>
      <trkpt lat="34.09432036802173" lon="134.53195637091994">
        <ele>10.51</ele>
      </trkpt>
      <trkpt lat="34.094309974461794" lon="134.53204999677837">
        <ele>10.52</ele>
      </trkpt>
      <trkpt lat="34.094301257282495" lon="134.53209442086518">
        <ele>10.53</ele>
      </trkpt>
      <trkpt lat="34.094270411878824" lon="134.53225183300674">
        <ele>10.52</ele>
      </trkpt>
      <trkpt lat="34.09419883042574" lon="134.5326175354421">
        <ele>10.55</ele>
      </trkpt>
      <trkpt lat="34.094106713309884" lon="134.53308784402907">
        <ele>10.55</ele>
      </trkpt>
      <trkpt lat="34.09404527395964" lon="134.5334016624838">
        <ele>10.57</ele>
      </trkpt>
      <trkpt lat="34.09402993507683" lon="134.53347994945943">
        <ele>10.58</ele>
      </trkpt>
      <trkpt lat="34.09386481158435" lon="134.53406358137727">
        <ele>10.74</ele>
      </trkpt>
      <trkpt lat="34.09382147714496" lon="134.5342167187482">
        <ele>10.71</ele>
      </trkpt>
      <trkpt lat="34.09376414492726" lon="134.5344191417098">
        <ele>10.6</ele>
      </trkpt>
      <trkpt lat="34.09372994676232" lon="134.5345399249345">
        <ele>10.56</ele>
      </trkpt>
      <trkpt lat="34.09368728287518" lon="134.53465190716088">
        <ele>10.53</ele>
      </trkpt>
      <trkpt lat="34.09365048632026" lon="134.53474855050445">
        <ele>10.53</ele>
      </trkpt>
      <trkpt lat="34.09353883937001" lon="134.53504158183932">
        <ele>10.62</ele>
      </trkpt>
      <trkpt lat="34.09338930621743" lon="134.5354342740029">
        <ele>10.66</ele>
      </trkpt>
      <trkpt lat="34.093295680359006" lon="134.53567994758487">
        <ele>10.61</ele>
      </trkpt>
      <trkpt lat="34.09320247359574" lon="134.53592461533844">
        <ele>10.63</ele>
      </trkpt>
      <trkpt lat="34.09316995181143" lon="134.53600994311273">
        <ele>10.62</ele>
      </trkpt>
      <trkpt lat="34.093089485540986" lon="134.53621446155012">
        <ele>10.61</ele>
      </trkpt>
      <trkpt lat="34.09301346167922" lon="134.53640766441822">
        <ele>10.63</ele>
      </trkpt>
      <trkpt lat="34.092918410897255" lon="134.5366488955915">
        <ele>10.68</ele>
      </trkpt>
      <trkpt lat="34.09278564155102" lon="134.53698635101318">
        <ele>10.66</ele>
      </trkpt>
      <trkpt lat="34.09257676452398" lon="134.53751692548394">
        <ele>10.57</ele>
      </trkpt>
      <trkpt lat="34.09242999739945" lon="134.53788992017508">
        <ele>10.47</ele>
      </trkpt>
      <trkpt lat="34.09225070849061" lon="134.53839350491762">
        <ele>10.34</ele>
      </trkpt>
      <trkpt lat="34.09221994690597" lon="134.53847992233932">
        <ele>10.32</ele>
      </trkpt>
      <trkpt lat="34.092155238613486" lon="134.538730122149">
        <ele>10.3</ele>
      </trkpt>
      <trkpt lat="34.09206999465823" lon="134.5390599500388">
        <ele>10.3</ele>
      </trkpt>
      <trkpt lat="34.09206697717309" lon="134.53907671384513">
        <ele>10.3</ele>
      </trkpt>
      <trkpt lat="34.09203906543553" lon="134.539234964177">
        <ele>10.34</ele>
      </trkpt>
      <trkpt lat="34.092020289972425" lon="134.53934124670923">
        <ele>10.34</ele>
      </trkpt>
      <trkpt lat="34.09197997301817" lon="134.53956998884678">
        <ele>10.28</ele>
      </trkpt>
      <trkpt lat="34.091926915571094" lon="134.53997936099768">
        <ele>10.18</ele>
      </trkpt>
      <trkpt lat="34.09190998412669" lon="134.5401099510491">
        <ele>10.17</ele>
      </trkpt>
      <trkpt lat="34.09189992584288" lon="134.5404640864581">
        <ele>10.16</ele>
      </trkpt>
      <trkpt lat="34.091892298310995" lon="134.54073331318796">
        <ele>10.12</ele>
      </trkpt>
      <trkpt lat="34.09188777208328" lon="134.54089391045272">
        <ele>10.15</ele>
      </trkpt>
      <trkpt lat="34.09188324585557" lon="134.5410545077175">
        <ele>10.13</ele>
      </trkpt>
      <trkpt lat="34.09187997691333" lon="134.54116992652416">
        <ele>10.08</ele>
      </trkpt>
      <trkpt lat="34.09189338795841" lon="134.54137419350445">
        <ele>10.0</ele>
      </trkpt>
      <trkpt lat="34.0919039491564" lon="134.54153437167406">
        <ele>9.95</ele>
      </trkpt>
      <trkpt lat="34.09192146733403" lon="134.54180066473782">
        <ele>9.99</ele>
      </trkpt>
      <trkpt lat="34.091929933056235" lon="134.54192999750376">
        <ele>9.98</ele>
      </trkpt>
      <trkpt lat="34.091951893642545" lon="134.5420659519732">
        <ele>9.97</ele>
      </trkpt>
      <trkpt lat="34.0920025203377" lon="134.54237935133278">
        <ele>10.05</ele>
      </trkpt>
      <trkpt lat="34.09205364994705" lon="134.54269585199654">
        <ele>9.99</ele>
      </trkpt>
      <trkpt lat="34.09213009290397" lon="134.5431690942496">
        <ele>10.01</ele>
      </trkpt>
      <trkpt lat="34.092139983549714" lon="134.54322994686663">
        <ele>9.98</ele>
      </trkpt>
      <trkpt lat="34.09221458248794" lon="134.54358458518982">
        <ele>9.83</ele>
      </trkpt>
      <trkpt lat="34.09227996133268" lon="134.5438950508833">
        <ele>9.62</ele>
      </trkpt>
      <trkpt lat="34.09229999408126" lon="134.5439899340272">
        <ele>9.02</ele>
      </trkpt>
      <trkpt lat="34.092299742624164" lon="134.5439907722175">
        <ele>9.02</ele>
      </trkpt>
      <trkpt lat="34.09228675067425" lon="134.5440393872559">
        <ele>8.69</ele>
      </trkpt>
      <trkpt lat="34.0922599285841" lon="134.54413997009397">
        <ele>7.93</ele>
      </trkpt>
      <trkpt lat="34.09225548617542" lon="134.54433501698077">
        <ele>6.53</ele>
      </trkpt>
      <trkpt lat="34.092251965776086" lon="134.54449242912233">
        <ele>5.97</ele>
      </trkpt>
      <trkpt lat="34.092249954119325" lon="134.54457993619144">
        <ele>5.69</ele>
      </trkpt>
      <trkpt lat="34.09226445481181" lon="134.54464657232165">
        <ele>5.47</ele>
      </trkpt>
      <trkpt lat="34.09229756332934" lon="134.54479887150228">
        <ele>5.04</ele>
      </trkpt>
      <trkpt lat="34.092330168932676" lon="134.54494907520711">
        <ele>4.66</ele>
      </trkpt>
      <trkpt lat="34.092341819778085" lon="134.54500263556838">
        <ele>4.61</ele>
      </trkpt>
      <trkpt lat="34.09234995022416" lon="134.5450399350375">
        <ele>4.52</ele>
      </trkpt>
      <trkpt lat="34.092297395691276" lon="134.54503750428557">
        <ele>4.39</ele>
      </trkpt>
      <trkpt lat="34.09225523471832" lon="134.54503557644784">
        <ele>4.3</ele>
      </trkpt>
      <trkpt lat="34.092170745134354" lon="134.54503163695335">
        <ele>4.2</ele>
      </trkpt>
      <trkpt lat="34.09212850034237" lon="134.5450296252966">
        <ele>4.19</ele>
      </trkpt>
      <trkpt lat="34.092002687975764" lon="134.5450238417834">
        <ele>4.21</ele>
      </trkpt>
      <trkpt lat="34.09191995859146" lon="134.54501998610795">
        <ele>4.19</ele>
      </trkpt>
      <trkpt lat="34.09183094277978" lon="134.54501998610795">
        <ele>4.18</ele>
      </trkpt>
      <trkpt lat="34.09165651537478" lon="134.54501998610795">
        <ele>4.24</ele>
      </trkpt>
      <trkpt lat="34.09139298833907" lon="134.54501998610795">
        <ele>4.3</ele>
      </trkpt>
      <trkpt lat="34.09079133532941" lon="134.54501998610795">
        <ele>4.51</ele>
      </trkpt>
      <trkpt lat="34.090649262070656" lon="134.54501998610795">
        <ele>4.58</ele>
      </trkpt>
      <trkpt lat="34.09039746969938" lon="134.54501998610795">
        <ele>4.76</ele>
      </trkpt>
      <trkpt lat="34.090378526598215" lon="134.54501998610795">
        <ele>4.81</ele>
      </trkpt>
      <trkpt lat="34.09034709446132" lon="134.54501998610795">
        <ele>4.85</ele>
      </trkpt>
      <trkpt lat="34.090269980952144" lon="134.54501998610795">
        <ele>4.88</ele>
      </trkpt>
      <trkpt lat="34.09006294794381" lon="134.54501361586154">
        <ele>4.97</ele>
      </trkpt>
      <trkpt lat="34.09004316665232" lon="134.5450130291283">
        <ele>4.99</ele>
      </trkpt>
      <trkpt lat="34.08982381224632" lon="134.54500623978674">
        <ele>4.93</ele>
      </trkpt>
      <trkpt lat="34.08964494243264" lon="134.54500079154968">
        <ele>4.85</ele>
      </trkpt>
      <trkpt lat="34.08942106179893" lon="134.54499391838908">
        <ele>4.7</ele>
      </trkpt>
      <trkpt lat="34.08928711898625" lon="134.5449897274375">
        <ele>4.66</ele>
      </trkpt>
      <trkpt lat="34.08910816535354" lon="134.54498427920043">
        <ele>4.64</ele>
      </trkpt>
      <trkpt lat="34.08869820646942" lon="134.54497170634568">
        <ele>4.55</ele>
      </trkpt>
      <trkpt lat="34.08833677880466" lon="134.54496055841446">
        <ele>4.67</ele>
      </trkpt>
      <trkpt lat="34.087986163794994" lon="134.5449498295784">
        <ele>4.63</ele>
      </trkpt>
      <trkpt lat="34.08765625208616" lon="134.54493968747556">
        <ele>4.52</ele>
      </trkpt>
      <trkpt lat="34.0875384863466" lon="134.5449360832572">
        <ele>4.53</ele>
      </trkpt>
      <trkpt lat="34.08742164261639" lon="134.54493247903883">
        <ele>4.51</ele>
      </trkpt>
      <trkpt lat="34.08733991906047" lon="134.54492996446788">
        <ele>4.47</ele>
      </trkpt>
      <trkpt lat="34.087109584361315" lon="134.54492996446788">
        <ele>4.39</ele>
      </trkpt>
      <trkpt lat="34.08684153109789" lon="134.54492996446788">
        <ele>4.33</ele>
      </trkpt>
      <trkpt lat="34.086749916896224" lon="134.54492996446788">
        <ele>4.21</ele>
      </trkpt>
      <trkpt lat="34.08666995353997" lon="134.5449199900031">
        <ele>4.22</ele>
      </trkpt>
      <trkpt lat="34.08666827715933" lon="134.54432412050664">
        <ele>4.28</ele>
      </trkpt>
      <trkpt lat="34.08666668459773" lon="134.5437301788479">
        <ele>4.19</ele>
      </trkpt>
      <trkpt lat="34.08666551113129" lon="134.5432990975678">
        <ele>4.19</ele>
      </trkpt>
      <trkpt lat="34.08666458912194" lon="134.54297547228634">
        <ele>4.24</ele>
      </trkpt>
      <trkpt lat="34.08666358329356" lon="134.54259761609137">
        <ele>4.16</ele>
      </trkpt>
      <trkpt lat="34.08666324801743" lon="134.54249007627368">
        <ele>4.16</ele>
      </trkpt>
      <trkpt lat="34.086662996560335" lon="134.5423815306276">
        <ele>4.18</ele>
      </trkpt>
      <trkpt lat="34.08666240982711" lon="134.54216536134481">
        <ele>4.28</ele>
      </trkpt>
      <trkpt lat="34.08666031435132" lon="134.5414042007178">
        <ele>4.22</ele>
      </trkpt>
      <trkpt lat="34.08665997907519" lon="134.54128995537758">
        <ele>5.0</ele>
      </trkpt>
      <trkpt lat="34.08662770874798" lon="134.54127117991447">
        <ele>5.0</ele>
      </trkpt>
      <trkpt lat="34.08653995022178" lon="134.5412199664861">
        <ele>4.64</ele>
      </trkpt>
      <trkpt lat="34.08648404292762" lon="134.54121158458292">
        <ele>4.67</ele>
      </trkpt>
      <trkpt lat="34.08639754168689" lon="134.541198592633">
        <ele>4.68</ele>
      </trkpt>
      <trkpt lat="34.08635286614299" lon="134.54119188711047">
        <ele>4.66</ele>
      </trkpt>
      <trkpt lat="34.086339958012104" lon="134.54118995927274">
        <ele>4.64</ele>
      </trkpt>
      <trkpt lat="34.0860999841243" lon="134.54103992320597">
        <ele>4.43</ele>
      </trkpt>
      <trkpt lat="34.08593335188925" lon="134.54089935868979">
        <ele>4.27</ele>
      </trkpt>
      <trkpt lat="34.08586034551263" lon="134.5408378355205">
        <ele>4.22</ele>
      </trkpt>
      <trkpt lat="34.08577996306121" lon="134.54076994210482">
        <ele>4.12</ele>
      </trkpt>
      <trkpt lat="34.08559564501047" lon="134.540640944615">
        <ele>3.92</ele>
      </trkpt>
      <trkpt lat="34.085479974746704" lon="134.54055997543037">
        <ele>3.81</ele>
      </trkpt>
      <trkpt lat="34.08535080961883" lon="134.5405241008848">
        <ele>3.71</ele>
      </trkpt>
      <trkpt lat="34.08511997200549" lon="134.54045997932553">
        <ele>3.46</ele>
      </trkpt>
      <trkpt lat="34.08477991819382" lon="134.54043994657695">
        <ele>3.12</ele>
      </trkpt>
      <trkpt lat="34.0847790800035" lon="134.54044028185308">
        <ele>3.12</ele>
      </trkpt>
      <trkpt lat="34.08456441946328" lon="134.54050926491618">
        <ele>2.91</ele>
      </trkpt>
      <trkpt lat="34.08449996262789" lon="134.54052996821702">
        <ele>2.83</ele>
      </trkpt>
      <trkpt lat="34.08441346138716" lon="134.5405779965222">
        <ele>2.73</ele>
      </trkpt>
      <trkpt lat="34.08431991934776" lon="134.54062996432185">
        <ele>2.73</ele>
      </trkpt>
    </trkseg>
  </trk>
</gpx>
