<?xml version="1.0" encoding="UTF-8"?><gpx xmlns="http://www.topografix.com/GPX/1/1" xmlns:x="data:,gpx" version="1.1" creator=""><metadata><name>NORTH ONTAKE MARATHON 2026 FULL</name><time>2026-04-17T07:53:34.790329933Z</time><extensions><time xmlns="http://www.topografix.com/GPX/gpx_modified/0/1">2026-04-17T07:53:36.53102994Z</time></extensions></metadata><wpt lat="35.936210" lon="137.280130" x:pointrole="globalStart"><name>きこちゃんスタジアム</name><sym>START</sym><link href="https://ibuki.run/ev/8964925152439336254/mp/1/"/></wpt>
<wpt lat="35.913980" lon="137.329290" x:pointrole="checkpoint"><name>がんだて公園</name><sym>F1</sym><link href="https://ibuki.run/ev/8964925152439336254/mp/2/"/></wpt>
<wpt lat="35.921110" lon="137.322950" x:pointrole="checkpoint"><name>ひめしゃがの湯 飲泉場</name><sym>SPA1</sym><link href="https://ibuki.run/ev/8964925152439336254/mp/3/"/></wpt>
<wpt lat="35.941420" lon="137.328030" x:pointrole="checkpoint"><name>平氏ヶ原</name><sym>F2</sym><link href="https://ibuki.run/ev/8964925152439336254/mp/4/"/></wpt>
<wpt lat="35.973090" lon="137.355000" x:pointrole="checkpoint"><name>鈴蘭峠</name><sym>F3</sym><link href="https://ibuki.run/ev/8964925152439336254/mp/5/"/></wpt>
<wpt lat="35.946130" lon="137.363090" x:pointrole="checkpoint"><name>御嶽パノラマライン(鉄塔)</name><sym>F4</sym><link href="https://ibuki.run/ev/8964925152439336254/mp/6/"/></wpt>
<wpt lat="35.951220" lon="137.385840" x:pointrole="checkpoint"><name>大平展望台</name><sym>F5</sym><link href="https://ibuki.run/ev/8964925152439336254/mp/7/"/></wpt>
<wpt lat="35.962240" lon="137.422100" x:pointrole="checkpoint"><name>岳見峠</name><sym>F6</sym><link href="https://ibuki.run/ev/8964925152439336254/mp/8/"/></wpt>
<wpt lat="35.934210" lon="137.442400" x:pointrole="checkpoint"><name>濁河温泉クロスカントリー</name><sym>F7</sym><link href="https://ibuki.run/ev/8964925152439336254/mp/9/"/></wpt>
<wpt lat="35.923630" lon="137.450790" x:pointrole="checkpoint"><name>御嶽山登山口</name><sym>御嶽山登山口</sym><link href="https://ibuki.run/ev/8964925152439336254/mp/10/"/></wpt>
<wpt lat="35.928450" lon="137.436500" x:pointrole="globalGoal"><name>御嶽濁河高地トレーニングセンター</name><sym>FINISH</sym><link href="https://ibuki.run/ev/8964925152439336254/mp/11/"/></wpt><trk><name>NORTH ONTAKE MARATHON 2026 FULL</name><link href="https://ibuki.run/ev/8964925152439336254/"/><trkseg><trkpt lat="35.93621" lon="137.28013" x:road="p"><ele>564.42</ele></trkpt><trkpt lat="35.93648" lon="137.27993" x:road="p"><ele>564.42</ele></trkpt><trkpt lat="35.93662" lon="137.27982" x:road="p"><ele>564.44</ele></trkpt><trkpt lat="35.93662" lon="137.27982" x:road="p"><ele>564.49</ele></trkpt><trkpt lat="35.93662" lon="137.27982" x:road="p"><ele>564.56</ele></trkpt><trkpt lat="35.93662" lon="137.27982" x:road="p"><ele>564.66</ele></trkpt><trkpt lat="35.93663" lon="137.27983" x:road="p"><ele>564.8</ele></trkpt><trkpt lat="35.93677" lon="137.27967" x:road="p"><ele>564.9</ele></trkpt><trkpt lat="35.93692" lon="137.27951" x:road="p"><ele>564.92</ele></trkpt><trkpt lat="35.93692" lon="137.27951" x:road="p"><ele>565.05</ele></trkpt><trkpt lat="35.93703" lon="137.27946" x:road="p"><ele>565.29</ele></trkpt><trkpt lat="35.93709" lon="137.27946" x:road="p"><ele>565.61</ele></trkpt><trkpt lat="35.93732" lon="137.27973" x:road="p"><ele>566.19</ele></trkpt><trkpt lat="35.93732" lon="137.27973" x:road="p"><ele>566.69</ele></trkpt><trkpt lat="35.93732" lon="137.27973" x:road="p"><ele>567.22</ele></trkpt><trkpt lat="35.93734" lon="137.27975" x:road="p"><ele>567.79</ele></trkpt><trkpt lat="35.93728" lon="137.27983" x:road="p"><ele>568.36</ele></trkpt><trkpt lat="35.93732" lon="137.27987" x:road="p"><ele>568.99</ele></trkpt><trkpt lat="35.93729" lon="137.27991" x:road="p"><ele>569.6</ele></trkpt><trkpt lat="35.93729" lon="137.27991" x:road="p"><ele>570.23</ele></trkpt><trkpt lat="35.93709" lon="137.28021" x:road="p"><ele>570.94</ele></trkpt><trkpt lat="35.93699" lon="137.28036" x:road="p"><ele>571.72</ele></trkpt><trkpt lat="35.93689" lon="137.28051" x:road="p"><ele>572.63</ele></trkpt><trkpt lat="35.93678" lon="137.28065" x:road="p"><ele>573.62</ele></trkpt><trkpt lat="35.93668" lon="137.2808" x:road="p"><ele>574.57</ele></trkpt><trkpt lat="35.93658" lon="137.28095" x:road="p"><ele>575.55</ele></trkpt><trkpt lat="35.93646" lon="137.28112" x:road="p"><ele>576.56</ele></trkpt><trkpt lat="35.93629" lon="137.28132" x:road="p"><ele>577.47</ele></trkpt><trkpt lat="35.93616" lon="137.28144" x:road="p"><ele>578.22</ele></trkpt><trkpt lat="35.93604" lon="137.28155" x:road="p"><ele>578.9</ele></trkpt><trkpt lat="35.936" lon="137.28159" x:road="p"><ele>579.59</ele></trkpt><trkpt lat="35.93592" lon="137.28166" x:road="p"><ele>580.28</ele></trkpt><trkpt lat="35.93576" lon="137.28185" x:road="p"><ele>581.09</ele></trkpt><trkpt lat="35.93565" lon="137.28214" x:road="p"><ele>582.06</ele></trkpt><trkpt lat="35.93552" lon="137.28249" x:road="p"><ele>582.89</ele></trkpt><trkpt lat="35.93551" lon="137.28252" x:road="p"><ele>583.63</ele></trkpt><trkpt lat="35.93542" lon="137.28289" x:road="p"><ele>584.26</ele></trkpt><trkpt lat="35.93538" lon="137.28303" x:road="p"><ele>584.89</ele></trkpt><trkpt lat="35.93532" lon="137.2834" x:road="p"><ele>585.65</ele></trkpt><trkpt lat="35.93529" lon="137.2837" x:road="p"><ele>586.48</ele></trkpt><trkpt lat="35.93524" lon="137.28394" x:road="p"><ele>587.07</ele></trkpt><trkpt lat="35.93506" lon="137.28426" x:road="p"><ele>587.79</ele></trkpt><trkpt lat="35.93505" lon="137.28428" x:road="p"><ele>588.41</ele></trkpt><trkpt lat="35.93495" lon="137.28446" x:road="p"><ele>588.99</ele></trkpt><trkpt lat="35.93486" lon="137.28465" x:road="p"><ele>589.67</ele></trkpt><trkpt lat="35.93471" lon="137.28499" x:road="p"><ele>590.12</ele></trkpt><trkpt lat="35.93463" lon="137.28519" x:road="p"><ele>590.63</ele></trkpt><trkpt lat="35.93453" lon="137.28534" x:road="p"><ele>590.91</ele></trkpt><trkpt lat="35.93443" lon="137.28549" x:road="p"><ele>591.15</ele></trkpt><trkpt lat="35.93423" lon="137.28579" x:road="p"><ele>591.53</ele></trkpt><trkpt lat="35.93413" lon="137.28594" x:road="p"><ele>591.79</ele></trkpt><trkpt lat="35.93403" lon="137.28609" x:road="p"><ele>591.91</ele></trkpt><trkpt lat="35.93383" lon="137.28639" x:road="p"><ele>592.21</ele></trkpt><trkpt lat="35.93383" lon="137.28639" x:road="p"><ele>592.33</ele></trkpt><trkpt lat="35.93363" lon="137.28669" x:road="p"><ele>592.38</ele></trkpt><trkpt lat="35.93356" lon="137.28679" x:road="p"><ele>592.34</ele></trkpt><trkpt lat="35.93336" lon="137.28709" x:road="p"><ele>592.34</ele></trkpt><trkpt lat="35.93334" lon="137.28711" x:road="p"><ele>592.31</ele></trkpt><trkpt lat="35.93323" lon="137.28723" x:road="p"><ele>592.34</ele></trkpt><trkpt lat="35.93316" lon="137.28729" x:road="p"><ele>592.16</ele></trkpt><trkpt lat="35.93304" lon="137.28741" x:road="p"><ele>591.95</ele></trkpt><trkpt lat="35.93291" lon="137.28753" x:road="p"><ele>591.62</ele></trkpt><trkpt lat="35.93283" lon="137.28761" x:road="p"><ele>591.34</ele></trkpt><trkpt lat="35.93261" lon="137.2878" x:road="p"><ele>590.99</ele></trkpt><trkpt lat="35.93244" lon="137.288" x:road="p"><ele>590.72</ele></trkpt><trkpt lat="35.9323" lon="137.28823" x:road="p"><ele>590.48</ele></trkpt><trkpt lat="35.93214" lon="137.28857" x:road="p"><ele>590.09</ele></trkpt><trkpt lat="35.93199" lon="137.28891" x:road="p"><ele>589.83</ele></trkpt><trkpt lat="35.9319" lon="137.2891" x:road="p"><ele>589.58</ele></trkpt><trkpt lat="35.93183" lon="137.28927" x:road="p"><ele>589.32</ele></trkpt><trkpt lat="35.93176" lon="137.28945" x:road="p"><ele>588.97</ele></trkpt><trkpt lat="35.93171" lon="137.28957" x:road="p"><ele>588.58</ele></trkpt><trkpt lat="35.93167" lon="137.28985" x:road="p"><ele>588.12</ele></trkpt><trkpt lat="35.93167" lon="137.29024" x:road="p"><ele>587.68</ele></trkpt><trkpt lat="35.93167" lon="137.29025" x:road="p"><ele>587.25</ele></trkpt><trkpt lat="35.93168" lon="137.29044" x:road="p"><ele>586.67</ele></trkpt><trkpt lat="35.93169" lon="137.29064" x:road="p"><ele>586.06</ele></trkpt><trkpt lat="35.93169" lon="137.29067" x:road="p"><ele>585.55</ele></trkpt><trkpt lat="35.93176" lon="137.2909" x:road="p"><ele>584.99</ele></trkpt><trkpt lat="35.93182" lon="137.29104" x:road="p"><ele>584.49</ele></trkpt><trkpt lat="35.93184" lon="137.29108" x:road="p"><ele>584.05</ele></trkpt><trkpt lat="35.93184" lon="137.29108" x:road="p"><ele>583.63</ele></trkpt><trkpt lat="35.932" lon="137.29142" x:road="p"><ele>583.34</ele></trkpt><trkpt lat="35.93201" lon="137.29144" x:road="p"><ele>583</ele></trkpt><trkpt lat="35.93205" lon="137.29167" x:road="p"><ele>582.65</ele></trkpt><trkpt lat="35.93206" lon="137.29206" x:road="p"><ele>582.2</ele></trkpt><trkpt lat="35.93206" lon="137.29221" x:road="p"><ele>581.9</ele></trkpt><trkpt lat="35.93206" lon="137.2926" x:road="p"><ele>581.67</ele></trkpt><trkpt lat="35.93206" lon="137.29299" x:road="p"><ele>581.5</ele></trkpt><trkpt lat="35.93206" lon="137.29324" x:road="p"><ele>581.35</ele></trkpt><trkpt lat="35.93206" lon="137.29324" x:road="p"><ele>581.2</ele></trkpt><trkpt lat="35.93202" lon="137.29362" x:road="p"><ele>581.22</ele></trkpt><trkpt lat="35.93201" lon="137.29371" x:road="p"><ele>581.13</ele></trkpt><trkpt lat="35.93193" lon="137.29409" x:road="p"><ele>580.95</ele></trkpt><trkpt lat="35.93193" lon="137.2941" x:road="p"><ele>580.89</ele></trkpt><trkpt lat="35.93193" lon="137.2941" x:road="p"><ele>580.86</ele></trkpt><trkpt lat="35.9319" lon="137.29408" x:road="p"><ele>580.85</ele></trkpt><trkpt lat="35.9319" lon="137.29408" x:road="p"><ele>580.87</ele></trkpt><trkpt lat="35.93188" lon="137.29408" x:road="p"><ele>580.91</ele></trkpt><trkpt lat="35.93188" lon="137.29408" x:road="p"><ele>580.98</ele></trkpt><trkpt lat="35.93185" lon="137.29423" x:road="p"><ele>581.05</ele></trkpt><trkpt lat="35.93185" lon="137.29423" x:road="p"><ele>581.18</ele></trkpt><trkpt lat="35.93176" lon="137.2946" x:road="p"><ele>581.27</ele></trkpt><trkpt lat="35.93168" lon="137.29497" x:road="p"><ele>581.45</ele></trkpt><trkpt lat="35.93164" lon="137.29516" x:road="p"><ele>581.64</ele></trkpt><trkpt lat="35.9316" lon="137.29535" x:road="p"><ele>581.94</ele></trkpt><trkpt lat="35.93156" lon="137.29553" x:road="p"><ele>582.3</ele></trkpt><trkpt lat="35.93152" lon="137.29572" x:road="p"><ele>582.67</ele></trkpt><trkpt lat="35.93149" lon="137.29587" x:road="p"><ele>583.07</ele></trkpt><trkpt lat="35.93146" lon="137.29608" x:road="p"><ele>583.5</ele></trkpt><trkpt lat="35.93137" lon="137.29645" x:road="p"><ele>583.83</ele></trkpt><trkpt lat="35.93133" lon="137.29664" x:road="p"><ele>584.23</ele></trkpt><trkpt lat="35.93125" lon="137.29702" x:road="p"><ele>584.71</ele></trkpt><trkpt lat="35.93121" lon="137.29722" x:road="p"><ele>585.27</ele></trkpt><trkpt lat="35.93116" lon="137.2976" x:road="p"><ele>585.86</ele></trkpt><trkpt lat="35.93111" lon="137.29799" x:road="p"><ele>586.46</ele></trkpt><trkpt lat="35.93106" lon="137.29837" x:road="p"><ele>587.2</ele></trkpt><trkpt lat="35.93103" lon="137.29863" x:road="p"><ele>588</ele></trkpt><trkpt lat="35.93099" lon="137.29901" x:road="p"><ele>588.79</ele></trkpt><trkpt lat="35.93097" lon="137.29921" x:road="p"><ele>589.46</ele></trkpt><trkpt lat="35.93095" lon="137.2994" x:road="p"><ele>590.14</ele></trkpt><trkpt lat="35.93094" lon="137.29947" x:road="p"><ele>590.84</ele></trkpt><trkpt lat="35.93096" lon="137.29984" x:road="p"><ele>591.53</ele></trkpt><trkpt lat="35.93104" lon="137.30019" x:road="p"><ele>592.3</ele></trkpt><trkpt lat="35.9311" lon="137.30037" x:road="p"><ele>593.07</ele></trkpt><trkpt lat="35.93116" lon="137.30055" x:road="p"><ele>593.86</ele></trkpt><trkpt lat="35.93116" lon="137.30055" x:road="p"><ele>594.59</ele></trkpt><trkpt lat="35.93122" lon="137.30073" x:road="p"><ele>595.38</ele></trkpt><trkpt lat="35.93128" lon="137.30091" x:road="p"><ele>596.18</ele></trkpt><trkpt lat="35.93136" lon="137.30114" x:road="p"><ele>597.03</ele></trkpt><trkpt lat="35.93142" lon="137.30142" x:road="p"><ele>597.77</ele></trkpt><trkpt lat="35.93142" lon="137.30178" x:road="p"><ele>598.54</ele></trkpt><trkpt lat="35.93135" lon="137.30216" x:road="p"><ele>599.18</ele></trkpt><trkpt lat="35.93133" lon="137.30228" x:road="p"><ele>599.8</ele></trkpt><trkpt lat="35.93123" lon="137.30265" x:road="p"><ele>600.3</ele></trkpt><trkpt lat="35.93118" lon="137.30283" x:road="p"><ele>600.94</ele></trkpt><trkpt lat="35.93107" lon="137.30319" x:road="p"><ele>601.54</ele></trkpt><trkpt lat="35.93103" lon="137.30331" x:road="p"><ele>602.12</ele></trkpt><trkpt lat="35.93091" lon="137.30358" x:road="p"><ele>602.63</ele></trkpt><trkpt lat="35.93082" lon="137.30374" x:road="p"><ele>603.07</ele></trkpt><trkpt lat="35.93072" lon="137.30389" x:road="p"><ele>603.37</ele></trkpt><trkpt lat="35.93062" lon="137.30406" x:road="p"><ele>603.67</ele></trkpt><trkpt lat="35.93062" lon="137.30406" x:road="p"><ele>604.05</ele></trkpt><trkpt lat="35.93042" lon="137.30431" x:road="p"><ele>604.58</ele></trkpt><trkpt lat="35.93018" lon="137.30456" x:road="p"><ele>605.01</ele></trkpt><trkpt lat="35.93014" lon="137.3046" x:road="p"><ele>605.37</ele></trkpt><trkpt lat="35.93001" lon="137.30471" x:road="p"><ele>605.74</ele></trkpt><trkpt lat="35.92988" lon="137.30482" x:road="p"><ele>606.1</ele></trkpt><trkpt lat="35.9298" lon="137.30489" x:road="p"><ele>606.39</ele></trkpt><trkpt lat="35.92966" lon="137.30499" x:road="p"><ele>606.64</ele></trkpt><trkpt lat="35.92953" lon="137.30508" x:road="p"><ele>606.88</ele></trkpt><trkpt lat="35.92937" lon="137.30519" x:road="p"><ele>607.16</ele></trkpt><trkpt lat="35.92923" lon="137.30529" x:road="p"><ele>607.28</ele></trkpt><trkpt lat="35.9291" lon="137.30538" x:road="p"><ele>607.27</ele></trkpt><trkpt lat="35.92896" lon="137.30548" x:road="p"><ele>607.34</ele></trkpt><trkpt lat="35.9287" lon="137.3057" x:road="p"><ele>607.48</ele></trkpt><trkpt lat="35.92857" lon="137.30581" x:road="p"><ele>607.57</ele></trkpt><trkpt lat="35.92844" lon="137.30592" x:road="p"><ele>607.6</ele></trkpt><trkpt lat="35.92818" lon="137.30614" x:road="p"><ele>607.63</ele></trkpt><trkpt lat="35.92802" lon="137.30628" x:road="p"><ele>607.66</ele></trkpt><trkpt lat="35.92776" lon="137.3065" x:road="p"><ele>607.66</ele></trkpt><trkpt lat="35.9275" lon="137.30672" x:road="p"><ele>607.45</ele></trkpt><trkpt lat="35.92734" lon="137.30686" x:road="p"><ele>607.26</ele></trkpt><trkpt lat="35.9272" lon="137.30696" x:road="p"><ele>607.17</ele></trkpt><trkpt lat="35.92707" lon="137.30705" x:road="p"><ele>607.04</ele></trkpt><trkpt lat="35.92679" lon="137.30725" x:road="p"><ele>606.88</ele></trkpt><trkpt lat="35.92653" lon="137.30743" x:road="p"><ele>606.84</ele></trkpt><trkpt lat="35.9263" lon="137.30763" x:road="p"><ele>606.76</ele></trkpt><trkpt lat="35.92617" lon="137.30785" x:road="p"><ele>606.58</ele></trkpt><trkpt lat="35.9261" lon="137.30809" x:road="p"><ele>606.42</ele></trkpt><trkpt lat="35.92607" lon="137.30848" x:road="p"><ele>606.32</ele></trkpt><trkpt lat="35.92604" lon="137.30876" x:road="p"><ele>606.39</ele></trkpt><trkpt lat="35.92604" lon="137.30876" x:road="p"><ele>606.32</ele></trkpt><trkpt lat="35.92604" lon="137.30887" x:road="p"><ele>606.32</ele></trkpt><trkpt lat="35.92604" lon="137.30887" x:road="p"><ele>606.27</ele></trkpt><trkpt lat="35.926" lon="137.309" x:road="p"><ele>606.23</ele></trkpt><trkpt lat="35.926" lon="137.309" x:road="p"><ele>606.21</ele></trkpt><trkpt lat="35.926" lon="137.309" x:road="p"><ele>606.21</ele></trkpt><trkpt lat="35.92599" lon="137.30901" x:road="p"><ele>606.22</ele></trkpt><trkpt lat="35.92595" lon="137.30903" x:road="p"><ele>606.23</ele></trkpt><trkpt lat="35.92594" lon="137.30904" x:road="p"><ele>606.29</ele></trkpt><trkpt lat="35.92594" lon="137.30905" x:road="p"><ele>606.37</ele></trkpt><trkpt lat="35.92594" lon="137.30905" x:road="p"><ele>606.47</ele></trkpt><trkpt lat="35.92593" lon="137.30912" x:road="p"><ele>606.61</ele></trkpt><trkpt lat="35.92593" lon="137.30913" x:road="p"><ele>606.77</ele></trkpt><trkpt lat="35.92562" lon="137.30906" x:road="p"><ele>607.01</ele></trkpt><trkpt lat="35.92536" lon="137.309" x:road="p"><ele>607.32</ele></trkpt><trkpt lat="35.92536" lon="137.309" x:road="p"><ele>607.58</ele></trkpt><trkpt lat="35.92531" lon="137.30898" x:road="p"><ele>607.9</ele></trkpt><trkpt lat="35.9253" lon="137.30898" x:road="p"><ele>608.23</ele></trkpt><trkpt lat="35.92529" lon="137.30898" x:road="p"><ele>608.59</ele></trkpt><trkpt lat="35.92538" lon="137.30934" x:road="p"><ele>609</ele></trkpt><trkpt lat="35.92538" lon="137.30935" x:road="p"><ele>609.43</ele></trkpt><trkpt lat="35.92542" lon="137.30954" x:road="p"><ele>609.87</ele></trkpt><trkpt lat="35.92546" lon="137.30972" x:road="p"><ele>610.36</ele></trkpt><trkpt lat="35.92552" lon="137.31" x:road="p"><ele>610.93</ele></trkpt><trkpt lat="35.92551" lon="137.31027" x:road="p"><ele>611.49</ele></trkpt><trkpt lat="35.92547" lon="137.31046" x:road="p"><ele>612.17</ele></trkpt><trkpt lat="35.92544" lon="137.31065" x:road="p"><ele>612.87</ele></trkpt><trkpt lat="35.92538" lon="137.31096" x:road="p"><ele>613.59</ele></trkpt><trkpt lat="35.92533" lon="137.31114" x:road="p"><ele>614.34</ele></trkpt><trkpt lat="35.92528" lon="137.31133" x:road="p"><ele>615.14</ele></trkpt><trkpt lat="35.92524" lon="137.3115" x:road="p"><ele>616</ele></trkpt><trkpt lat="35.92518" lon="137.31174" x:road="p"><ele>616.91</ele></trkpt><trkpt lat="35.92513" lon="137.31188" x:road="p"><ele>617.85</ele></trkpt><trkpt lat="35.92501" lon="137.31215" x:road="p"><ele>618.81</ele></trkpt><trkpt lat="35.92484" lon="137.31246" x:road="p"><ele>619.88</ele></trkpt><trkpt lat="35.92464" lon="137.31276" x:road="p"><ele>620.92</ele></trkpt><trkpt lat="35.9246" lon="137.31283" x:road="p"><ele>621.94</ele></trkpt><trkpt lat="35.92449" lon="137.31297" x:road="p"><ele>622.97</ele></trkpt><trkpt lat="35.92439" lon="137.31312" x:road="p"><ele>624.1</ele></trkpt><trkpt lat="35.92418" lon="137.3134" x:road="p"><ele>625.32</ele></trkpt><trkpt lat="35.924" lon="137.31367" x:road="p"><ele>626.62</ele></trkpt><trkpt lat="35.9239" lon="137.31385" x:road="p"><ele>627.91</ele></trkpt><trkpt lat="35.92379" lon="137.31414" x:road="p"><ele>628.92</ele></trkpt><trkpt lat="35.92368" lon="137.3145" x:road="p"><ele>630.04</ele></trkpt><trkpt lat="35.92356" lon="137.31486" x:road="p"><ele>631.2</ele></trkpt><trkpt lat="35.92356" lon="137.31488" x:road="p"><ele>632.07</ele></trkpt><trkpt lat="35.9235" lon="137.31526" x:road="p"><ele>632.83</ele></trkpt><trkpt lat="35.92343" lon="137.31564" x:road="p"><ele>633.68</ele></trkpt><trkpt lat="35.92343" lon="137.31565" x:road="p"><ele>634.36</ele></trkpt><trkpt lat="35.9234" lon="137.31579" x:road="p"><ele>634.96</ele></trkpt><trkpt lat="35.92334" lon="137.31595" x:road="p"><ele>635.56</ele></trkpt><trkpt lat="35.92323" lon="137.31623" x:road="p"><ele>635.98</ele></trkpt><trkpt lat="35.92316" lon="137.31638" x:road="p"><ele>636.33</ele></trkpt><trkpt lat="35.92317" lon="137.31656" x:road="p"><ele>636.46</ele></trkpt><trkpt lat="35.92319" lon="137.31663" x:road="p"><ele>636.67</ele></trkpt><trkpt lat="35.92304" lon="137.31673" x:road="p"><ele>637.18</ele></trkpt><trkpt lat="35.9229" lon="137.31684" x:road="p"><ele>637.64</ele></trkpt><trkpt lat="35.92282" lon="137.31695" x:road="p"><ele>637.89</ele></trkpt><trkpt lat="35.9227" lon="137.3172" x:road="p"><ele>638.08</ele></trkpt><trkpt lat="35.92265" lon="137.31739" x:road="p"><ele>638.19</ele></trkpt><trkpt lat="35.92261" lon="137.31757" x:road="p"><ele>638.26</ele></trkpt><trkpt lat="35.92257" lon="137.31772" x:road="p"><ele>638.35</ele></trkpt><trkpt lat="35.92252" lon="137.3179" x:road="p"><ele>638.47</ele></trkpt><trkpt lat="35.92247" lon="137.31809" x:road="p"><ele>638.67</ele></trkpt><trkpt lat="35.92242" lon="137.31825" x:road="p"><ele>638.73</ele></trkpt><trkpt lat="35.92234" lon="137.31842" x:road="p"><ele>638.92</ele></trkpt><trkpt lat="35.92226" lon="137.31858" x:road="p"><ele>639.31</ele></trkpt><trkpt lat="35.9222" lon="137.31871" x:road="p"><ele>639.84</ele></trkpt><trkpt lat="35.92212" lon="137.31888" x:road="p"><ele>640.26</ele></trkpt><trkpt lat="35.92203" lon="137.31904" x:road="p"><ele>640.63</ele></trkpt><trkpt lat="35.92196" lon="137.31919" x:road="p"><ele>641.22</ele></trkpt><trkpt lat="35.92185" lon="137.31937" x:road="p"><ele>641.84</ele></trkpt><trkpt lat="35.92174" lon="137.31951" x:road="p"><ele>642.55</ele></trkpt><trkpt lat="35.92164" lon="137.31966" x:road="p"><ele>643.33</ele></trkpt><trkpt lat="35.92148" lon="137.31987" x:road="p"><ele>644.27</ele></trkpt><trkpt lat="35.92129" lon="137.32018" x:road="p"><ele>645.3</ele></trkpt><trkpt lat="35.92119" lon="137.32033" x:road="p"><ele>646.05</ele></trkpt><trkpt lat="35.9211" lon="137.32048" x:road="p"><ele>646.86</ele></trkpt><trkpt lat="35.921" lon="137.32064" x:road="p"><ele>647.89</ele></trkpt><trkpt lat="35.9209" lon="137.32079" x:road="p"><ele>649.08</ele></trkpt><trkpt lat="35.92071" lon="137.3211" x:road="p"><ele>650.49</ele></trkpt><trkpt lat="35.92058" lon="137.32131" x:road="p"><ele>651.83</ele></trkpt><trkpt lat="35.92049" lon="137.32147" x:road="p"><ele>653.2</ele></trkpt><trkpt lat="35.9204" lon="137.32163" x:road="p"><ele>654.52</ele></trkpt><trkpt lat="35.92031" lon="137.32179" x:road="p"><ele>655.95</ele></trkpt><trkpt lat="35.92022" lon="137.32194" x:road="p"><ele>657.38</ele></trkpt><trkpt lat="35.92019" lon="137.32199" x:road="p"><ele>658.91</ele></trkpt><trkpt lat="35.92008" lon="137.32213" x:road="p"><ele>660.65</ele></trkpt><trkpt lat="35.91998" lon="137.32227" x:road="p"><ele>662.51</ele></trkpt><trkpt lat="35.91991" lon="137.32236" x:road="p"><ele>664.25</ele></trkpt><trkpt lat="35.91974" lon="137.32263" x:road="p"><ele>666.08</ele></trkpt><trkpt lat="35.91958" lon="137.3228" x:road="p"><ele>667.85</ele></trkpt><trkpt lat="35.91942" lon="137.32299" x:road="p"><ele>669.62</ele></trkpt><trkpt lat="35.91935" lon="137.32317" x:road="p"><ele>671.09</ele></trkpt><trkpt lat="35.91928" lon="137.32341" x:road="p"><ele>672.49</ele></trkpt><trkpt lat="35.91925" lon="137.32363" x:road="p"><ele>674.15</ele></trkpt><trkpt lat="35.91922" lon="137.32382" x:road="p"><ele>675.9</ele></trkpt><trkpt lat="35.91919" lon="137.32401" x:road="p"><ele>677.55</ele></trkpt><trkpt lat="35.91918" lon="137.32405" x:road="p"><ele>679.1</ele></trkpt><trkpt lat="35.91909" lon="137.32426" x:road="p"><ele>680.81</ele></trkpt><trkpt lat="35.91906" lon="137.32445" x:road="p"><ele>682.42</ele></trkpt><trkpt lat="35.91903" lon="137.32464" x:road="p"><ele>683.99</ele></trkpt><trkpt lat="35.91902" lon="137.32469" x:road="p"><ele>685.42</ele></trkpt><trkpt lat="35.91897" lon="137.32507" x:road="p"><ele>686.81</ele></trkpt><trkpt lat="35.91894" lon="137.32535" x:road="p"><ele>688.02</ele></trkpt><trkpt lat="35.91885" lon="137.32572" x:road="p"><ele>689.48</ele></trkpt><trkpt lat="35.9188" lon="137.3259" x:road="p"><ele>690.83</ele></trkpt><trkpt lat="35.91875" lon="137.32608" x:road="p"><ele>692.08</ele></trkpt><trkpt lat="35.9187" lon="137.32627" x:road="p"><ele>693.13</ele></trkpt><trkpt lat="35.91866" lon="137.3264" x:road="p"><ele>694.13</ele></trkpt><trkpt lat="35.91854" lon="137.32664" x:road="p"><ele>695.16</ele></trkpt><trkpt lat="35.91851" lon="137.32675" x:road="p"><ele>695.99</ele></trkpt><trkpt lat="35.91849" lon="137.327" x:road="p"><ele>696.57</ele></trkpt><trkpt lat="35.91841" lon="137.32726" x:road="p"><ele>697.28</ele></trkpt><trkpt lat="35.91834" lon="137.32748" x:road="p"><ele>698.02</ele></trkpt><trkpt lat="35.91826" lon="137.32762" x:road="p"><ele>698.69</ele></trkpt><trkpt lat="35.91823" lon="137.32765" x:road="p"><ele>699.23</ele></trkpt><trkpt lat="35.91814" lon="137.32768" x:road="p"><ele>699.76</ele></trkpt><trkpt lat="35.9179" lon="137.32767" x:road="p"><ele>700.42</ele></trkpt><trkpt lat="35.91781" lon="137.3277" x:road="p"><ele>700.94</ele></trkpt><trkpt lat="35.91774" lon="137.32774" x:road="p"><ele>701.31</ele></trkpt><trkpt lat="35.91768" lon="137.3278" x:road="p"><ele>701.64</ele></trkpt><trkpt lat="35.91763" lon="137.32791" x:road="p"><ele>701.77</ele></trkpt><trkpt lat="35.91754" lon="137.32812" x:road="p"><ele>701.86</ele></trkpt><trkpt lat="35.91749" lon="137.3282" x:road="p"><ele>701.97</ele></trkpt><trkpt lat="35.91741" lon="137.32823" x:road="p"><ele>702.02</ele></trkpt><trkpt lat="35.91711" lon="137.32835" x:road="p"><ele>702.18</ele></trkpt><trkpt lat="35.91707" lon="137.32837" x:road="p"><ele>702.2</ele></trkpt><trkpt lat="35.91686" lon="137.3285" x:road="p"><ele>702.38</ele></trkpt><trkpt lat="35.91686" lon="137.3285" x:road="p"><ele>702.32</ele></trkpt><trkpt lat="35.9167" lon="137.3286" x:road="p"><ele>702.24</ele></trkpt><trkpt lat="35.91658" lon="137.32862" x:road="p"><ele>702.07</ele></trkpt><trkpt lat="35.9164" lon="137.32861" x:road="p"><ele>701.78</ele></trkpt><trkpt lat="35.91608" lon="137.32859" x:road="p"><ele>701.5</ele></trkpt><trkpt lat="35.91604" lon="137.32859" x:road="p"><ele>701.34</ele></trkpt><trkpt lat="35.91598" lon="137.32859" x:road="p"><ele>701.15</ele></trkpt><trkpt lat="35.91586" lon="137.32861" x:road="p"><ele>700.91</ele></trkpt><trkpt lat="35.91569" lon="137.32867" x:road="p"><ele>700.71</ele></trkpt><trkpt lat="35.91552" lon="137.32875" x:road="p"><ele>700.48</ele></trkpt><trkpt lat="35.91527" lon="137.32888" x:road="p"><ele>700.34</ele></trkpt><trkpt lat="35.91498" lon="137.32902" x:road="p"><ele>700.23</ele></trkpt><trkpt lat="35.91474" lon="137.3291" x:road="p"><ele>700.24</ele></trkpt><trkpt lat="35.91458" lon="137.32919" x:road="p"><ele>700.05</ele></trkpt><trkpt lat="35.91458" lon="137.32919" x:road="p"><ele>699.97</ele></trkpt><trkpt lat="35.91453" lon="137.32922" x:road="p"><ele>699.86</ele></trkpt><trkpt lat="35.91453" lon="137.32922" x:road="p"><ele>699.82</ele></trkpt><trkpt lat="35.91444" lon="137.32929" x:road="p"><ele>699.74</ele></trkpt><trkpt lat="35.91444" lon="137.32929" x:road="p"><ele>699.76</ele></trkpt><trkpt lat="35.91439" lon="137.32933" x:road="p"><ele>699.79</ele></trkpt><trkpt lat="35.91439" lon="137.32933" x:road="p"><ele>699.85</ele></trkpt><trkpt lat="35.91434" lon="137.32933" x:road="p"><ele>700</ele></trkpt><trkpt lat="35.91434" lon="137.32933" x:road="p"><ele>700.09</ele></trkpt><trkpt lat="35.91429" lon="137.32933" x:road="p"><ele>700.28</ele></trkpt><trkpt lat="35.91428" lon="137.32933" x:road="p"><ele>700.4</ele></trkpt><trkpt lat="35.9142" lon="137.32931" x:road="p"><ele>700.7</ele></trkpt><trkpt lat="35.9142" lon="137.32931" x:road="p"><ele>700.82</ele></trkpt><trkpt lat="35.91414" lon="137.32929" x:road="p"><ele>701.05</ele></trkpt><trkpt lat="35.91414" lon="137.32929" x:road="p"><ele>701.15</ele></trkpt><trkpt lat="35.91404" lon="137.32929" x:road="p"><ele>701.44</ele></trkpt><trkpt lat="35.91403" lon="137.32929" x:road="p"><ele>701.5</ele></trkpt><trkpt lat="35.91398" lon="137.32929" x:road="p"><ele>701.63</ele></trkpt><trkpt lat="35.91398" lon="137.32929" x:road="p"><ele>701.65</ele></trkpt><trkpt lat="35.91409" lon="137.32929" x:road="p"><ele>701.49</ele></trkpt><trkpt lat="35.91409" lon="137.32929" x:road="p"><ele>701.47</ele></trkpt><trkpt lat="35.91414" lon="137.32929" x:road="p"><ele>701.34</ele></trkpt><trkpt lat="35.91415" lon="137.32929" x:road="p"><ele>701.29</ele></trkpt><trkpt lat="35.91423" lon="137.32932" x:road="p"><ele>701.05</ele></trkpt><trkpt lat="35.91424" lon="137.32932" x:road="p"><ele>700.98</ele></trkpt><trkpt lat="35.91429" lon="137.32933" x:road="p"><ele>700.8</ele></trkpt><trkpt lat="35.91429" lon="137.32933" x:road="p"><ele>700.74</ele></trkpt><trkpt lat="35.91434" lon="137.32933" x:road="p"><ele>700.62</ele></trkpt><trkpt lat="35.91434" lon="137.32933" x:road="p"><ele>700.58</ele></trkpt><trkpt lat="35.91439" lon="137.32933" x:road="p"><ele>700.47</ele></trkpt><trkpt lat="35.9144" lon="137.32932" x:road="p"><ele>700.45</ele></trkpt><trkpt lat="35.91448" lon="137.32926" x:road="p"><ele>700.5</ele></trkpt><trkpt lat="35.91448" lon="137.32926" x:road="p"><ele>700.54</ele></trkpt><trkpt lat="35.91453" lon="137.32922" x:road="p"><ele>699.86</ele></trkpt><trkpt lat="35.91453" lon="137.32922" x:road="p"><ele>700.68</ele></trkpt><trkpt lat="35.91474" lon="137.3291" x:road="p"><ele>700.24</ele></trkpt><trkpt lat="35.91498" lon="137.32902" x:road="p"><ele>700.23</ele></trkpt><trkpt lat="35.91513" lon="137.32895" x:road="p"><ele>700.97</ele></trkpt><trkpt lat="35.91527" lon="137.32887" x:road="p"><ele>701.08</ele></trkpt><trkpt lat="35.91552" lon="137.32875" x:road="p"><ele>700.48</ele></trkpt><trkpt lat="35.91569" lon="137.32867" x:road="p"><ele>700.71</ele></trkpt><trkpt lat="35.91586" lon="137.32861" x:road="p"><ele>700.91</ele></trkpt><trkpt lat="35.91598" lon="137.32859" x:road="p"><ele>701.15</ele></trkpt><trkpt lat="35.91604" lon="137.32859" x:road="p"><ele>701.34</ele></trkpt><trkpt lat="35.9162" lon="137.3286" x:road="p"><ele>702.05</ele></trkpt><trkpt lat="35.91636" lon="137.32861" x:road="p"><ele>702.2</ele></trkpt><trkpt lat="35.9164" lon="137.32861" x:road="p"><ele>701.78</ele></trkpt><trkpt lat="35.91658" lon="137.32862" x:road="p"><ele>702.07</ele></trkpt><trkpt lat="35.9167" lon="137.3286" x:road="p"><ele>702.24</ele></trkpt><trkpt lat="35.91691" lon="137.32847" x:road="p"><ele>702.42</ele></trkpt><trkpt lat="35.91707" lon="137.32837" x:road="p"><ele>702.2</ele></trkpt><trkpt lat="35.91724" lon="137.32829" x:road="p"><ele>701.97</ele></trkpt><trkpt lat="35.91749" lon="137.3282" x:road="p"><ele>701.97</ele></trkpt><trkpt lat="35.91758" lon="137.32806" x:road="p"><ele>701.57</ele></trkpt><trkpt lat="35.91768" lon="137.3278" x:road="p"><ele>701.64</ele></trkpt><trkpt lat="35.91781" lon="137.3277" x:road="p"><ele>700.94</ele></trkpt><trkpt lat="35.9179" lon="137.32767" x:road="p"><ele>700.42</ele></trkpt><trkpt lat="35.91801" lon="137.32768" x:road="p"><ele>699.93</ele></trkpt><trkpt lat="35.91814" lon="137.32768" x:road="p"><ele>699.76</ele></trkpt><trkpt lat="35.91823" lon="137.32765" x:road="p"><ele>699.23</ele></trkpt><trkpt lat="35.91834" lon="137.32748" x:road="p"><ele>698.02</ele></trkpt><trkpt lat="35.9184" lon="137.3273" x:road="p"><ele>697.19</ele></trkpt><trkpt lat="35.91845" lon="137.32712" x:road="p"><ele>696.27</ele></trkpt><trkpt lat="35.91846" lon="137.3271" x:road="p"><ele>695.4</ele></trkpt><trkpt lat="35.91851" lon="137.32675" x:road="p"><ele>695.99</ele></trkpt><trkpt lat="35.91857" lon="137.32658" x:road="p"><ele>693.72</ele></trkpt><trkpt lat="35.91866" lon="137.3264" x:road="p"><ele>694.13</ele></trkpt><trkpt lat="35.91872" lon="137.32619" x:road="p"><ele>691.38</ele></trkpt><trkpt lat="35.91881" lon="137.32582" x:road="p"><ele>689.96</ele></trkpt><trkpt lat="35.91888" lon="137.32556" x:road="p"><ele>688.48</ele></trkpt><trkpt lat="35.91894" lon="137.32535" x:road="p"><ele>688.02</ele></trkpt><trkpt lat="35.91895" lon="137.32522" x:road="p"><ele>685.54</ele></trkpt><trkpt lat="35.91898" lon="137.32503" x:road="p"><ele>684.06</ele></trkpt><trkpt lat="35.919" lon="137.32484" x:road="p"><ele>682.47</ele></trkpt><trkpt lat="35.91905" lon="137.32447" x:road="p"><ele>680.65</ele></trkpt><trkpt lat="35.91909" lon="137.32426" x:road="p"><ele>680.81</ele></trkpt><trkpt lat="35.91915" lon="137.32412" x:road="p"><ele>676.92</ele></trkpt><trkpt lat="35.91921" lon="137.32384" x:road="p"><ele>675.06</ele></trkpt><trkpt lat="35.91924" lon="137.32365" x:road="p"><ele>673.15</ele></trkpt><trkpt lat="35.91927" lon="137.32346" x:road="p"><ele>671.22</ele></trkpt><trkpt lat="35.91928" lon="137.32341" x:road="p"><ele>672.49</ele></trkpt><trkpt lat="35.91935" lon="137.32317" x:road="p"><ele>671.09</ele></trkpt><trkpt lat="35.91942" lon="137.32299" x:road="p"><ele>669.62</ele></trkpt><trkpt lat="35.91954" lon="137.32286" x:road="p"><ele>664.05</ele></trkpt><trkpt lat="35.91965" lon="137.32273" x:road="p"><ele>662.13</ele></trkpt><trkpt lat="35.91974" lon="137.32263" x:road="p"><ele>666.08</ele></trkpt><trkpt lat="35.91991" lon="137.32236" x:road="p"><ele>664.25</ele></trkpt><trkpt lat="35.92006" lon="137.32215" x:road="p"><ele>656.12</ele></trkpt><trkpt lat="35.92019" lon="137.32199" x:road="p"><ele>658.91</ele></trkpt><trkpt lat="35.92039" lon="137.32221" x:road="p"><ele>652.03</ele></trkpt><trkpt lat="35.92054" lon="137.32255" x:road="p"><ele>650.2</ele></trkpt><trkpt lat="35.92056" lon="137.3226" x:road="p"><ele>648.71</ele></trkpt><trkpt lat="35.92059" lon="137.32268" x:road="p"><ele>647.32</ele></trkpt><trkpt lat="35.9207" lon="137.32272" x:road="p"><ele>645.98</ele></trkpt><trkpt lat="35.92079" lon="137.32277" x:road="p"><ele>644.8</ele></trkpt><trkpt lat="35.92108" lon="137.32293" x:road="p"><ele>643.77</ele></trkpt><trkpt lat="35.92109" lon="137.32294" x:road="p"><ele>642.84</ele></trkpt><trkpt lat="35.92111" lon="137.32295" x:road="p"><ele>642.02</ele></trkpt><trkpt lat="35.92109" lon="137.32294" x:road="p"><ele>642.84</ele></trkpt><trkpt lat="35.92093" lon="137.32284" x:road="p"><ele>640.6</ele></trkpt><trkpt lat="35.9207" lon="137.32272" x:road="p"><ele>645.98</ele></trkpt><trkpt lat="35.92059" lon="137.32268" x:road="p"><ele>647.32</ele></trkpt><trkpt lat="35.92056" lon="137.3226" x:road="p"><ele>648.71</ele></trkpt><trkpt lat="35.9205" lon="137.32246" x:road="p"><ele>639.14</ele></trkpt><trkpt lat="35.92039" lon="137.32221" x:road="p"><ele>639.11</ele></trkpt><trkpt lat="35.92019" lon="137.32199" x:road="p"><ele>639.38</ele></trkpt><trkpt lat="35.92037" lon="137.32167" x:road="p"><ele>639.18</ele></trkpt><trkpt lat="35.92055" lon="137.32136" x:road="p"><ele>638.99</ele></trkpt><trkpt lat="35.92058" lon="137.32131" x:road="p"><ele>638.79</ele></trkpt><trkpt lat="35.92077" lon="137.321" x:road="p"><ele>638.5</ele></trkpt><trkpt lat="35.92096" lon="137.32069" x:road="p"><ele>638.04</ele></trkpt><trkpt lat="35.92112" lon="137.32042" x:road="p"><ele>637.92</ele></trkpt><trkpt lat="35.92132" lon="137.32012" x:road="p"><ele>638.05</ele></trkpt><trkpt lat="35.92148" lon="137.31987" x:road="p"><ele>637.52</ele></trkpt><trkpt lat="35.92169" lon="137.31958" x:road="p"><ele>637.11</ele></trkpt><trkpt lat="35.92185" lon="137.31937" x:road="p"><ele>636.65</ele></trkpt><trkpt lat="35.92196" lon="137.31919" x:road="p"><ele>636.29</ele></trkpt><trkpt lat="35.92213" lon="137.31886" x:road="p"><ele>635.93</ele></trkpt><trkpt lat="35.9222" lon="137.31871" x:road="p"><ele>635.54</ele></trkpt><trkpt lat="35.92236" lon="137.31838" x:road="p"><ele>634.89</ele></trkpt><trkpt lat="35.92242" lon="137.31825" x:road="p"><ele>634.5</ele></trkpt><trkpt lat="35.92252" lon="137.31788" x:road="p"><ele>634.21</ele></trkpt><trkpt lat="35.92257" lon="137.31772" x:road="p"><ele>633.78</ele></trkpt><trkpt lat="35.92266" lon="137.31735" x:road="p"><ele>633.48</ele></trkpt><trkpt lat="35.9227" lon="137.3172" x:road="p"><ele>633.02</ele></trkpt><trkpt lat="35.92282" lon="137.31695" x:road="p"><ele>632.49</ele></trkpt><trkpt lat="35.92287" lon="137.31687" x:road="p"><ele>631.94</ele></trkpt><trkpt lat="35.92296" lon="137.31678" x:road="p"><ele>631.26</ele></trkpt><trkpt lat="35.92313" lon="137.31666" x:road="p"><ele>630.4</ele></trkpt><trkpt lat="35.92342" lon="137.3165" x:road="p"><ele>629.7</ele></trkpt><trkpt lat="35.92343" lon="137.31649" x:road="p"><ele>629.12</ele></trkpt><trkpt lat="35.92373" lon="137.31636" x:road="p"><ele>628.35</ele></trkpt><trkpt lat="35.92377" lon="137.31634" x:road="p"><ele>627.82</ele></trkpt><trkpt lat="35.92395" lon="137.31627" x:road="p"><ele>627.27</ele></trkpt><trkpt lat="35.92405" lon="137.31618" x:road="p"><ele>626.78</ele></trkpt><trkpt lat="35.92427" lon="137.3159" x:road="p"><ele>626.38</ele></trkpt><trkpt lat="35.92428" lon="137.31589" x:road="p"><ele>626.03</ele></trkpt><trkpt lat="35.92447" lon="137.31561" x:road="p"><ele>625.74</ele></trkpt><trkpt lat="35.92458" lon="137.31549" x:road="p"><ele>625.49</ele></trkpt><trkpt lat="35.92484" lon="137.31526" x:road="p"><ele>625.32</ele></trkpt><trkpt lat="35.92485" lon="137.31525" x:road="p"><ele>625.21</ele></trkpt><trkpt lat="35.92513" lon="137.31508" x:road="p"><ele>625.22</ele></trkpt><trkpt lat="35.9252" lon="137.31504" x:road="p"><ele>625.25</ele></trkpt><trkpt lat="35.9254" lon="137.31494" x:road="p"><ele>625.33</ele></trkpt><trkpt lat="35.92551" lon="137.31487" x:road="p"><ele>625.55</ele></trkpt><trkpt lat="35.92553" lon="137.31495" x:road="p"><ele>625.87</ele></trkpt><trkpt lat="35.92564" lon="137.31531" x:road="p"><ele>626.24</ele></trkpt><trkpt lat="35.92572" lon="137.31555" x:road="p"><ele>626.75</ele></trkpt><trkpt lat="35.9258" lon="137.31573" x:road="p"><ele>627.35</ele></trkpt><trkpt lat="35.92586" lon="137.31589" x:road="p"><ele>627.96</ele></trkpt><trkpt lat="35.92593" lon="137.316" x:road="p"><ele>628.63</ele></trkpt><trkpt lat="35.92607" lon="137.31616" x:road="p"><ele>629.34</ele></trkpt><trkpt lat="35.92618" lon="137.31624" x:road="p"><ele>630.14</ele></trkpt><trkpt lat="35.92629" lon="137.31628" x:road="p"><ele>631.01</ele></trkpt><trkpt lat="35.92659" lon="137.31641" x:road="p"><ele>632.01</ele></trkpt><trkpt lat="35.92674" lon="137.31647" x:road="p"><ele>633.15</ele></trkpt><trkpt lat="35.92686" lon="137.31652" x:road="p"><ele>634.37</ele></trkpt><trkpt lat="35.92697" lon="137.31662" x:road="p"><ele>635.52</ele></trkpt><trkpt lat="35.92709" lon="137.31674" x:road="p"><ele>636.61</ele></trkpt><trkpt lat="35.92723" lon="137.31694" x:road="p"><ele>637.51</ele></trkpt><trkpt lat="35.92733" lon="137.31714" x:road="p"><ele>638.73</ele></trkpt><trkpt lat="35.92737" lon="137.31737" x:road="p"><ele>639.97</ele></trkpt><trkpt lat="35.92735" lon="137.3176" x:road="p"><ele>641.26</ele></trkpt><trkpt lat="35.92728" lon="137.31792" x:road="p"><ele>642.65</ele></trkpt><trkpt lat="35.92726" lon="137.31807" x:road="p"><ele>644.1</ele></trkpt><trkpt lat="35.92727" lon="137.31825" x:road="p"><ele>645.62</ele></trkpt><trkpt lat="35.92734" lon="137.31841" x:road="p"><ele>647.14</ele></trkpt><trkpt lat="35.92749" lon="137.31867" x:road="p"><ele>648.85</ele></trkpt><trkpt lat="35.92762" lon="137.31883" x:road="p"><ele>650.54</ele></trkpt><trkpt lat="35.9278" lon="137.31896" x:road="p"><ele>652.17</ele></trkpt><trkpt lat="35.92798" lon="137.31903" x:road="p"><ele>653.75</ele></trkpt><trkpt lat="35.9283" lon="137.31902" x:road="p"><ele>655.22</ele></trkpt><trkpt lat="35.9283" lon="137.31902" x:road="p"><ele>656.72</ele></trkpt><trkpt lat="35.9285" lon="137.31902" x:road="p"><ele>658.29</ele></trkpt><trkpt lat="35.92865" lon="137.31903" x:road="p"><ele>659.79</ele></trkpt><trkpt lat="35.92895" lon="137.31914" x:road="p"><ele>661.37</ele></trkpt><trkpt lat="35.92907" lon="137.31919" x:road="p"><ele>662.89</ele></trkpt><trkpt lat="35.92937" lon="137.31932" x:road="p"><ele>664.56</ele></trkpt><trkpt lat="35.92966" lon="137.31945" x:road="p"><ele>666.1</ele></trkpt><trkpt lat="35.92973" lon="137.31948" x:road="p"><ele>667.4</ele></trkpt><trkpt lat="35.9299" lon="137.31953" x:road="p"><ele>668.67</ele></trkpt><trkpt lat="35.93012" lon="137.31956" x:road="p"><ele>669.82</ele></trkpt><trkpt lat="35.93043" lon="137.31956" x:road="p"><ele>670.99</ele></trkpt><trkpt lat="35.93064" lon="137.31955" x:road="p"><ele>672.25</ele></trkpt><trkpt lat="35.93096" lon="137.31957" x:road="p"><ele>673.62</ele></trkpt><trkpt lat="35.93096" lon="137.31957" x:road="p"><ele>674.74</ele></trkpt><trkpt lat="35.93112" lon="137.31963" x:road="p"><ele>675.87</ele></trkpt><trkpt lat="35.93127" lon="137.31975" x:road="p"><ele>677.07</ele></trkpt><trkpt lat="35.93148" lon="137.32004" x:road="p"><ele>678.33</ele></trkpt><trkpt lat="35.93169" lon="137.32032" x:road="p"><ele>679.16</ele></trkpt><trkpt lat="35.93191" lon="137.32061" x:road="p"><ele>680.01</ele></trkpt><trkpt lat="35.93193" lon="137.32064" x:road="p"><ele>680.93</ele></trkpt><trkpt lat="35.93214" lon="137.32093" x:road="p"><ele>681.85</ele></trkpt><trkpt lat="35.93235" lon="137.32121" x:road="p"><ele>682.84</ele></trkpt><trkpt lat="35.93247" lon="137.32137" x:road="p"><ele>683.78</ele></trkpt><trkpt lat="35.9327" lon="137.32163" x:road="p"><ele>684.63</ele></trkpt><trkpt lat="35.93293" lon="137.32189" x:road="p"><ele>685.45</ele></trkpt><trkpt lat="35.9331" lon="137.32207" x:road="p"><ele>686.31</ele></trkpt><trkpt lat="35.93326" lon="137.32229" x:road="p"><ele>687.23</ele></trkpt><trkpt lat="35.93337" lon="137.32248" x:road="p"><ele>688.17</ele></trkpt><trkpt lat="35.9335" lon="137.32277" x:road="p"><ele>689.21</ele></trkpt><trkpt lat="35.93363" lon="137.32312" x:road="p"><ele>690.23</ele></trkpt><trkpt lat="35.93376" lon="137.32347" x:road="p"><ele>691.2</ele></trkpt><trkpt lat="35.9339" lon="137.32383" x:road="p"><ele>691.79</ele></trkpt><trkpt lat="35.93399" lon="137.32408" x:road="p"><ele>692.45</ele></trkpt><trkpt lat="35.93411" lon="137.32444" x:road="p"><ele>693.34</ele></trkpt><trkpt lat="35.93414" lon="137.32452" x:road="p"><ele>694.26</ele></trkpt><trkpt lat="35.93419" lon="137.32482" x:road="p"><ele>695.29</ele></trkpt><trkpt lat="35.93416" lon="137.32504" x:road="p"><ele>696.24</ele></trkpt><trkpt lat="35.93405" lon="137.32541" x:road="p"><ele>697.45</ele></trkpt><trkpt lat="35.93405" lon="137.32542" x:road="p"><ele>698.35</ele></trkpt><trkpt lat="35.93404" lon="137.32565" x:road="p"><ele>699.54</ele></trkpt><trkpt lat="35.9341" lon="137.32579" x:road="p"><ele>700.52</ele></trkpt><trkpt lat="35.93418" lon="137.3259" x:road="p"><ele>701.36</ele></trkpt><trkpt lat="35.93439" lon="137.32606" x:road="p"><ele>702.1</ele></trkpt><trkpt lat="35.93452" lon="137.32612" x:road="p"><ele>702.96</ele></trkpt><trkpt lat="35.93463" lon="137.32615" x:road="p"><ele>703.81</ele></trkpt><trkpt lat="35.9349" lon="137.32618" x:road="p"><ele>704.69</ele></trkpt><trkpt lat="35.93521" lon="137.32614" x:road="p"><ele>705.69</ele></trkpt><trkpt lat="35.93528" lon="137.32613" x:road="p"><ele>706.71</ele></trkpt><trkpt lat="35.93559" lon="137.32605" x:road="p"><ele>707.87</ele></trkpt><trkpt lat="35.9358" lon="137.326" x:road="p"><ele>708.96</ele></trkpt><trkpt lat="35.93603" lon="137.32598" x:road="p"><ele>710.03</ele></trkpt><trkpt lat="35.93623" lon="137.32604" x:road="p"><ele>711.11</ele></trkpt><trkpt lat="35.93635" lon="137.32613" x:road="p"><ele>712.29</ele></trkpt><trkpt lat="35.93646" lon="137.32628" x:road="p"><ele>713.55</ele></trkpt><trkpt lat="35.93664" lon="137.3266" x:road="p"><ele>714.92</ele></trkpt><trkpt lat="35.93681" lon="137.32692" x:road="p"><ele>716.37</ele></trkpt><trkpt lat="35.93695" lon="137.32717" x:road="p"><ele>717.85</ele></trkpt><trkpt lat="35.93707" lon="137.32734" x:road="p"><ele>719.28</ele></trkpt><trkpt lat="35.93721" lon="137.32747" x:road="p"><ele>720.62</ele></trkpt><trkpt lat="35.93742" lon="137.32759" x:road="p"><ele>721.91</ele></trkpt><trkpt lat="35.93764" lon="137.32768" x:road="p"><ele>723.3</ele></trkpt><trkpt lat="35.93795" lon="137.32775" x:road="p"><ele>724.88</ele></trkpt><trkpt lat="35.93807" lon="137.32777" x:road="p"><ele>726.48</ele></trkpt><trkpt lat="35.93825" lon="137.32779" x:road="p"><ele>728.13</ele></trkpt><trkpt lat="35.93856" lon="137.32788" x:road="p"><ele>729.88</ele></trkpt><trkpt lat="35.9386" lon="137.32789" x:road="p"><ele>731.41</ele></trkpt><trkpt lat="35.9389" lon="137.32801" x:road="p"><ele>732.95</ele></trkpt><trkpt lat="35.93907" lon="137.32807" x:road="p"><ele>734.47</ele></trkpt><trkpt lat="35.93923" lon="137.32808" x:road="p"><ele>736.03</ele></trkpt><trkpt lat="35.93954" lon="137.32801" x:road="p"><ele>737.93</ele></trkpt><trkpt lat="35.93958" lon="137.328" x:road="p"><ele>739.43</ele></trkpt><trkpt lat="35.93983" lon="137.32791" x:road="p"><ele>741.02</ele></trkpt><trkpt lat="35.93996" lon="137.32785" x:road="p"><ele>742.5</ele></trkpt><trkpt lat="35.94025" lon="137.3277" x:road="p"><ele>744.02</ele></trkpt><trkpt lat="35.94037" lon="137.32764" x:road="p"><ele>745.47</ele></trkpt><trkpt lat="35.94062" lon="137.3276" x:road="p"><ele>746.84</ele></trkpt><trkpt lat="35.94068" lon="137.32761" x:road="p"><ele>748.01</ele></trkpt><trkpt lat="35.94077" lon="137.32766" x:road="p"><ele>749</ele></trkpt><trkpt lat="35.94091" lon="137.32774" x:road="p"><ele>749.94</ele></trkpt><trkpt lat="35.9411" lon="137.32784" x:road="p"><ele>750.91</ele></trkpt><trkpt lat="35.94126" lon="137.32795" x:road="p"><ele>751.74</ele></trkpt><trkpt lat="35.94142" lon="137.32803" x:road="p"><ele>752.58</ele></trkpt><trkpt lat="35.94158" lon="137.32805" x:road="p"><ele>753.4</ele></trkpt><trkpt lat="35.94174" lon="137.32806" x:road="p"><ele>754.17</ele></trkpt><trkpt lat="35.942" lon="137.32797" x:road="p"><ele>755.02</ele></trkpt><trkpt lat="35.94221" lon="137.32796" x:road="p"><ele>755.73</ele></trkpt><trkpt lat="35.94253" lon="137.32797" x:road="p"><ele>756.51</ele></trkpt><trkpt lat="35.94253" lon="137.32797" x:road="p"><ele>757.07</ele></trkpt><trkpt lat="35.9428" lon="137.32801" x:road="p"><ele>757.48</ele></trkpt><trkpt lat="35.94308" lon="137.32807" x:road="p"><ele>757.98</ele></trkpt><trkpt lat="35.94334" lon="137.32814" x:road="p"><ele>758.6</ele></trkpt><trkpt lat="35.94346" lon="137.32819" x:road="p"><ele>759.09</ele></trkpt><trkpt lat="35.94358" lon="137.32826" x:road="p"><ele>759.42</ele></trkpt><trkpt lat="35.94373" lon="137.32832" x:road="p"><ele>759.8</ele></trkpt><trkpt lat="35.94404" lon="137.32837" x:road="p"><ele>760.05</ele></trkpt><trkpt lat="35.94406" lon="137.32837" x:road="p"><ele>760.37</ele></trkpt><trkpt lat="35.9442" lon="137.32837" x:road="p"><ele>760.72</ele></trkpt><trkpt lat="35.94434" lon="137.32833" x:road="p"><ele>761.01</ele></trkpt><trkpt lat="35.94443" lon="137.32828" x:road="p"><ele>761.29</ele></trkpt><trkpt lat="35.9446" lon="137.32817" x:road="p"><ele>761.6</ele></trkpt><trkpt lat="35.94489" lon="137.32802" x:road="p"><ele>761.89</ele></trkpt><trkpt lat="35.94492" lon="137.32801" x:road="p"><ele>762.23</ele></trkpt><trkpt lat="35.94506" lon="137.32795" x:road="p"><ele>762.61</ele></trkpt><trkpt lat="35.94514" lon="137.32795" x:road="p"><ele>762.99</ele></trkpt><trkpt lat="35.94526" lon="137.32799" x:road="p"><ele>763.33</ele></trkpt><trkpt lat="35.94536" lon="137.32808" x:road="p"><ele>763.72</ele></trkpt><trkpt lat="35.94544" lon="137.32824" x:road="p"><ele>764.19</ele></trkpt><trkpt lat="35.94548" lon="137.32846" x:road="p"><ele>764.85</ele></trkpt><trkpt lat="35.94553" lon="137.32875" x:road="p"><ele>765.91</ele></trkpt><trkpt lat="35.94559" lon="137.32889" x:road="p"><ele>766.78</ele></trkpt><trkpt lat="35.94567" lon="137.329" x:road="p"><ele>767.57</ele></trkpt><trkpt lat="35.94578" lon="137.32906" x:road="p"><ele>768.27</ele></trkpt><trkpt lat="35.94592" lon="137.32906" x:road="p"><ele>768.86</ele></trkpt><trkpt lat="35.94608" lon="137.32902" x:road="p"><ele>769.65</ele></trkpt><trkpt lat="35.94622" lon="137.32895" x:road="p"><ele>770.41</ele></trkpt><trkpt lat="35.94629" lon="137.32889" x:road="p"><ele>771.26</ele></trkpt><trkpt lat="35.94652" lon="137.32862" x:road="p"><ele>772.17</ele></trkpt><trkpt lat="35.94656" lon="137.32857" x:road="p"><ele>773.15</ele></trkpt><trkpt lat="35.9468" lon="137.32832" x:road="p"><ele>774.31</ele></trkpt><trkpt lat="35.94682" lon="137.3283" x:road="p"><ele>775.34</ele></trkpt><trkpt lat="35.94688" lon="137.32823" x:road="p"><ele>776.46</ele></trkpt><trkpt lat="35.94706" lon="137.32791" x:road="p"><ele>777.42</ele></trkpt><trkpt lat="35.94709" lon="137.32786" x:road="p"><ele>778.61</ele></trkpt><trkpt lat="35.94714" lon="137.32773" x:road="p"><ele>779.88</ele></trkpt><trkpt lat="35.94718" lon="137.32756" x:road="p"><ele>781.33</ele></trkpt><trkpt lat="35.94724" lon="137.3273" x:road="p"><ele>782.93</ele></trkpt><trkpt lat="35.94732" lon="137.32695" x:road="p"><ele>784.5</ele></trkpt><trkpt lat="35.94737" lon="137.32676" x:road="p"><ele>785.99</ele></trkpt><trkpt lat="35.94737" lon="137.32663" x:road="p"><ele>787.43</ele></trkpt><trkpt lat="35.94736" lon="137.32642" x:road="p"><ele>788.87</ele></trkpt><trkpt lat="35.94732" lon="137.32613" x:road="p"><ele>790.34</ele></trkpt><trkpt lat="35.94733" lon="137.32597" x:road="p"><ele>791.89</ele></trkpt><trkpt lat="35.94737" lon="137.32588" x:road="p"><ele>793.49</ele></trkpt><trkpt lat="35.94751" lon="137.32563" x:road="p"><ele>795.31</ele></trkpt><trkpt lat="35.94772" lon="137.32535" x:road="p"><ele>797</ele></trkpt><trkpt lat="35.94793" lon="137.32517" x:road="p"><ele>798.34</ele></trkpt><trkpt lat="35.94801" lon="137.32514" x:road="p"><ele>799.86</ele></trkpt><trkpt lat="35.94808" lon="137.32513" x:road="p"><ele>801.36</ele></trkpt><trkpt lat="35.94824" lon="137.32522" x:road="p"><ele>802.87</ele></trkpt><trkpt lat="35.94831" lon="137.32527" x:road="p"><ele>804.34</ele></trkpt><trkpt lat="35.94844" lon="137.32542" x:road="p"><ele>805.95</ele></trkpt><trkpt lat="35.94855" lon="137.3255" x:road="p"><ele>807.37</ele></trkpt><trkpt lat="35.94865" lon="137.32554" x:road="p"><ele>808.76</ele></trkpt><trkpt lat="35.94887" lon="137.32557" x:road="p"><ele>810.08</ele></trkpt><trkpt lat="35.94907" lon="137.32557" x:road="p"><ele>811.28</ele></trkpt><trkpt lat="35.94921" lon="137.32554" x:road="p"><ele>812.51</ele></trkpt><trkpt lat="35.94936" lon="137.32548" x:road="p"><ele>813.69</ele></trkpt><trkpt lat="35.94957" lon="137.32531" x:road="p"><ele>814.9</ele></trkpt><trkpt lat="35.94979" lon="137.32521" x:road="p"><ele>815.87</ele></trkpt><trkpt lat="35.94983" lon="137.3252" x:road="p"><ele>816.82</ele></trkpt><trkpt lat="35.94996" lon="137.32519" x:road="p"><ele>817.79</ele></trkpt><trkpt lat="35.95006" lon="137.32522" x:road="p"><ele>818.74</ele></trkpt><trkpt lat="35.95019" lon="137.3253" x:road="p"><ele>819.56</ele></trkpt><trkpt lat="35.95035" lon="137.32545" x:road="p"><ele>820.21</ele></trkpt><trkpt lat="35.95057" lon="137.32573" x:road="p"><ele>820.86</ele></trkpt><trkpt lat="35.95059" lon="137.32575" x:road="p"><ele>821.66</ele></trkpt><trkpt lat="35.95078" lon="137.32599" x:road="p"><ele>822.39</ele></trkpt><trkpt lat="35.95088" lon="137.32617" x:road="p"><ele>823.19</ele></trkpt><trkpt lat="35.95099" lon="137.32653" x:road="p"><ele>824.03</ele></trkpt><trkpt lat="35.95111" lon="137.32689" x:road="p"><ele>825.1</ele></trkpt><trkpt lat="35.95111" lon="137.3269" x:road="p"><ele>825.99</ele></trkpt><trkpt lat="35.95121" lon="137.32706" x:road="p"><ele>826.95</ele></trkpt><trkpt lat="35.95129" lon="137.32714" x:road="p"><ele>827.91</ele></trkpt><trkpt lat="35.95142" lon="137.32722" x:road="p"><ele>828.91</ele></trkpt><trkpt lat="35.95151" lon="137.32727" x:road="p"><ele>829.93</ele></trkpt><trkpt lat="35.95159" lon="137.32736" x:road="p"><ele>831.02</ele></trkpt><trkpt lat="35.95167" lon="137.32746" x:road="p"><ele>832.14</ele></trkpt><trkpt lat="35.95172" lon="137.32758" x:road="p"><ele>833.36</ele></trkpt><trkpt lat="35.95174" lon="137.32769" x:road="p"><ele>834.59</ele></trkpt><trkpt lat="35.95172" lon="137.3279" x:road="p"><ele>835.94</ele></trkpt><trkpt lat="35.95163" lon="137.32827" x:road="p"><ele>837.41</ele></trkpt><trkpt lat="35.95157" lon="137.3285" x:road="p"><ele>838.67</ele></trkpt><trkpt lat="35.95161" lon="137.32872" x:road="p"><ele>840</ele></trkpt><trkpt lat="35.95178" lon="137.32905" x:road="p"><ele>841.22</ele></trkpt><trkpt lat="35.95195" lon="137.32938" x:road="p"><ele>842.51</ele></trkpt><trkpt lat="35.95196" lon="137.3294" x:road="p"><ele>843.8</ele></trkpt><trkpt lat="35.95206" lon="137.32948" x:road="p"><ele>845.13</ele></trkpt><trkpt lat="35.95212" lon="137.3295" x:road="p"><ele>846.46</ele></trkpt><trkpt lat="35.95222" lon="137.32949" x:road="p"><ele>847.85</ele></trkpt><trkpt lat="35.95235" lon="137.32942" x:road="p"><ele>849.36</ele></trkpt><trkpt lat="35.95245" lon="137.32944" x:road="p"><ele>850.82</ele></trkpt><trkpt lat="35.95254" lon="137.32946" x:road="p"><ele>852.27</ele></trkpt><trkpt lat="35.95261" lon="137.32955" x:road="p"><ele>853.6</ele></trkpt><trkpt lat="35.95264" lon="137.32969" x:road="p"><ele>854.81</ele></trkpt><trkpt lat="35.95267" lon="137.32983" x:road="p"><ele>856.11</ele></trkpt><trkpt lat="35.95264" lon="137.33001" x:road="p"><ele>857.28</ele></trkpt><trkpt lat="35.95261" lon="137.3302" x:road="p"><ele>858.52</ele></trkpt><trkpt lat="35.95261" lon="137.33035" x:road="p"><ele>859.8</ele></trkpt><trkpt lat="35.95264" lon="137.33047" x:road="p"><ele>861.08</ele></trkpt><trkpt lat="35.9527" lon="137.3306" x:road="p"><ele>862.36</ele></trkpt><trkpt lat="35.95288" lon="137.3309" x:road="p"><ele>863.78</ele></trkpt><trkpt lat="35.95301" lon="137.33106" x:road="p"><ele>865.12</ele></trkpt><trkpt lat="35.95309" lon="137.33107" x:road="p"><ele>866.33</ele></trkpt><trkpt lat="35.95313" lon="137.33105" x:road="p"><ele>867.48</ele></trkpt><trkpt lat="35.95321" lon="137.33101" x:road="p"><ele>868.64</ele></trkpt><trkpt lat="35.95326" lon="137.33095" x:road="p"><ele>869.78</ele></trkpt><trkpt lat="35.95328" lon="137.33081" x:road="p"><ele>870.93</ele></trkpt><trkpt lat="35.95337" lon="137.33064" x:road="p"><ele>872.27</ele></trkpt><trkpt lat="35.95349" lon="137.33052" x:road="p"><ele>873.64</ele></trkpt><trkpt lat="35.95359" lon="137.33048" x:road="p"><ele>874.95</ele></trkpt><trkpt lat="35.95368" lon="137.33047" x:road="p"><ele>876.11</ele></trkpt><trkpt lat="35.95376" lon="137.33051" x:road="p"><ele>877.15</ele></trkpt><trkpt lat="35.95385" lon="137.33059" x:road="p"><ele>877.89</ele></trkpt><trkpt lat="35.95408" lon="137.33086" x:road="p"><ele>878.36</ele></trkpt><trkpt lat="35.9541" lon="137.33089" x:road="p"><ele>879.27</ele></trkpt><trkpt lat="35.95432" lon="137.33117" x:road="p"><ele>880.12</ele></trkpt><trkpt lat="35.95432" lon="137.33117" x:road="p"><ele>881.04</ele></trkpt><trkpt lat="35.95443" lon="137.33122" x:road="p"><ele>881.9</ele></trkpt><trkpt lat="35.9545" lon="137.33123" x:road="p"><ele>882.83</ele></trkpt><trkpt lat="35.95473" lon="137.33122" x:road="p"><ele>883.82</ele></trkpt><trkpt lat="35.95483" lon="137.33121" x:road="p"><ele>884.9</ele></trkpt><trkpt lat="35.95497" lon="137.33123" x:road="p"><ele>885.97</ele></trkpt><trkpt lat="35.95523" lon="137.33139" x:road="p"><ele>887.03</ele></trkpt><trkpt lat="35.95534" lon="137.33143" x:road="p"><ele>888.18</ele></trkpt><trkpt lat="35.95545" lon="137.33141" x:road="p"><ele>889.31</ele></trkpt><trkpt lat="35.95551" lon="137.33135" x:road="p"><ele>890.44</ele></trkpt><trkpt lat="35.95555" lon="137.3313" x:road="p"><ele>891.69</ele></trkpt><trkpt lat="35.95568" lon="137.33121" x:road="p"><ele>893.1</ele></trkpt><trkpt lat="35.95577" lon="137.33118" x:road="p"><ele>894.41</ele></trkpt><trkpt lat="35.95597" lon="137.33138" x:road="p"><ele>895.35</ele></trkpt><trkpt lat="35.95606" lon="137.33153" x:road="p"><ele>896.52</ele></trkpt><trkpt lat="35.95618" lon="137.33169" x:road="p"><ele>897.85</ele></trkpt><trkpt lat="35.95628" lon="137.33177" x:road="p"><ele>899.28</ele></trkpt><trkpt lat="35.95638" lon="137.3318" x:road="p"><ele>900.73</ele></trkpt><trkpt lat="35.95654" lon="137.33179" x:road="p"><ele>902.32</ele></trkpt><trkpt lat="35.9566" lon="137.33176" x:road="p"><ele>903.7</ele></trkpt><trkpt lat="35.9567" lon="137.33176" x:road="p"><ele>905.19</ele></trkpt><trkpt lat="35.95675" lon="137.33176" x:road="p"><ele>906.57</ele></trkpt><trkpt lat="35.95686" lon="137.33183" x:road="p"><ele>907.96</ele></trkpt><trkpt lat="35.95697" lon="137.332" x:road="p"><ele>909.07</ele></trkpt><trkpt lat="35.95701" lon="137.33211" x:road="p"><ele>910.09</ele></trkpt><trkpt lat="35.95707" lon="137.33224" x:road="p"><ele>911.12</ele></trkpt><trkpt lat="35.95717" lon="137.33239" x:road="p"><ele>912.08</ele></trkpt><trkpt lat="35.95743" lon="137.33262" x:road="p"><ele>913.08</ele></trkpt><trkpt lat="35.95743" lon="137.33262" x:road="p"><ele>914.18</ele></trkpt><trkpt lat="35.95757" lon="137.33268" x:road="p"><ele>915.31</ele></trkpt><trkpt lat="35.95787" lon="137.3328" x:road="p"><ele>916.6</ele></trkpt><trkpt lat="35.95806" lon="137.33288" x:road="p"><ele>917.74</ele></trkpt><trkpt lat="35.95832" lon="137.33311" x:road="p"><ele>918.77</ele></trkpt><trkpt lat="35.95832" lon="137.33311" x:road="p"><ele>919.77</ele></trkpt><trkpt lat="35.95848" lon="137.33318" x:road="p"><ele>920.88</ele></trkpt><trkpt lat="35.95879" lon="137.3332" x:road="p"><ele>922.24</ele></trkpt><trkpt lat="35.95893" lon="137.33324" x:road="p"><ele>923.43</ele></trkpt><trkpt lat="35.95901" lon="137.33329" x:road="p"><ele>924.41</ele></trkpt><trkpt lat="35.95924" lon="137.33355" x:road="p"><ele>925.22</ele></trkpt><trkpt lat="35.95926" lon="137.33357" x:road="p"><ele>926.06</ele></trkpt><trkpt lat="35.9594" lon="137.3338" x:road="p"><ele>926.58</ele></trkpt><trkpt lat="35.9595" lon="137.33397" x:road="p"><ele>927.18</ele></trkpt><trkpt lat="35.95962" lon="137.33409" x:road="p"><ele>927.88</ele></trkpt><trkpt lat="35.9599" lon="137.33427" x:road="p"><ele>928.86</ele></trkpt><trkpt lat="35.95992" lon="137.33428" x:road="p"><ele>929.57</ele></trkpt><trkpt lat="35.96007" lon="137.33438" x:road="p"><ele>930.35</ele></trkpt><trkpt lat="35.96016" lon="137.33447" x:road="p"><ele>931.04</ele></trkpt><trkpt lat="35.9603" lon="137.33466" x:road="p"><ele>931.71</ele></trkpt><trkpt lat="35.96038" lon="137.33487" x:road="p"><ele>932.2</ele></trkpt><trkpt lat="35.96044" lon="137.33497" x:road="p"><ele>932.73</ele></trkpt><trkpt lat="35.9606" lon="137.33505" x:road="p"><ele>933.4</ele></trkpt><trkpt lat="35.9607" lon="137.3351" x:road="p"><ele>933.98</ele></trkpt><trkpt lat="35.96077" lon="137.3351" x:road="p"><ele>934.53</ele></trkpt><trkpt lat="35.96081" lon="137.33511" x:road="p"><ele>934.99</ele></trkpt><trkpt lat="35.96086" lon="137.33519" x:road="p"><ele>935.37</ele></trkpt><trkpt lat="35.96089" lon="137.33529" x:road="p"><ele>935.7</ele></trkpt><trkpt lat="35.9609" lon="137.33538" x:road="p"><ele>936.04</ele></trkpt><trkpt lat="35.96097" lon="137.33551" x:road="p"><ele>936.41</ele></trkpt><trkpt lat="35.96098" lon="137.33583" x:road="p"><ele>936.79</ele></trkpt><trkpt lat="35.96097" lon="137.33604" x:road="p"><ele>937.26</ele></trkpt><trkpt lat="35.96098" lon="137.33617" x:road="p"><ele>937.64</ele></trkpt><trkpt lat="35.96102" lon="137.33636" x:road="p"><ele>938.04</ele></trkpt><trkpt lat="35.96112" lon="137.33669" x:road="p"><ele>938.47</ele></trkpt><trkpt lat="35.9611" lon="137.33699" x:road="p"><ele>938.82</ele></trkpt><trkpt lat="35.96105" lon="137.33728" x:road="p"><ele>939.28</ele></trkpt><trkpt lat="35.96106" lon="137.33737" x:road="p"><ele>939.73</ele></trkpt><trkpt lat="35.96112" lon="137.33753" x:road="p"><ele>940.19</ele></trkpt><trkpt lat="35.96129" lon="137.33778" x:road="p"><ele>940.72</ele></trkpt><trkpt lat="35.96136" lon="137.33785" x:road="p"><ele>941.24</ele></trkpt><trkpt lat="35.96143" lon="137.3379" x:road="p"><ele>941.78</ele></trkpt><trkpt lat="35.96147" lon="137.33789" x:road="p"><ele>942.29</ele></trkpt><trkpt lat="35.96152" lon="137.33786" x:road="p"><ele>942.83</ele></trkpt><trkpt lat="35.96158" lon="137.33779" x:road="p"><ele>943.39</ele></trkpt><trkpt lat="35.9616" lon="137.33771" x:road="p"><ele>944.05</ele></trkpt><trkpt lat="35.96159" lon="137.33763" x:road="p"><ele>944.67</ele></trkpt><trkpt lat="35.96147" lon="137.3373" x:road="p"><ele>945.16</ele></trkpt><trkpt lat="35.96138" lon="137.33707" x:road="p"><ele>945.8</ele></trkpt><trkpt lat="35.96139" lon="137.33701" x:road="p"><ele>946.64</ele></trkpt><trkpt lat="35.96146" lon="137.33696" x:road="p"><ele>947.63</ele></trkpt><trkpt lat="35.96149" lon="137.33703" x:road="p"><ele>948.5</ele></trkpt><trkpt lat="35.96162" lon="137.33732" x:road="p"><ele>949.61</ele></trkpt><trkpt lat="35.96163" lon="137.33735" x:road="p"><ele>950.65</ele></trkpt><trkpt lat="35.96167" lon="137.33754" x:road="p"><ele>951.77</ele></trkpt><trkpt lat="35.96168" lon="137.33759" x:road="p"><ele>952.89</ele></trkpt><trkpt lat="35.96169" lon="137.33767" x:road="p"><ele>954.04</ele></trkpt><trkpt lat="35.96174" lon="137.33779" x:road="p"><ele>955.31</ele></trkpt><trkpt lat="35.96185" lon="137.33795" x:road="p"><ele>956.69</ele></trkpt><trkpt lat="35.96202" lon="137.33814" x:road="p"><ele>958.16</ele></trkpt><trkpt lat="35.96211" lon="137.3383" x:road="p"><ele>959.54</ele></trkpt><trkpt lat="35.9622" lon="137.33846" x:road="p"><ele>960.98</ele></trkpt><trkpt lat="35.96234" lon="137.33873" x:road="p"><ele>962.54</ele></trkpt><trkpt lat="35.96249" lon="137.339" x:road="p"><ele>964.19</ele></trkpt><trkpt lat="35.96256" lon="137.33926" x:road="p"><ele>965.74</ele></trkpt><trkpt lat="35.96258" lon="137.33955" x:road="p"><ele>967.25</ele></trkpt><trkpt lat="35.96258" lon="137.33955" x:road="p"><ele>968.71</ele></trkpt><trkpt lat="35.96258" lon="137.33963" x:road="p"><ele>970.18</ele></trkpt><trkpt lat="35.96262" lon="137.34001" x:road="p"><ele>971.8</ele></trkpt><trkpt lat="35.96265" lon="137.34021" x:road="p"><ele>973.56</ele></trkpt><trkpt lat="35.96262" lon="137.34034" x:road="p"><ele>975.02</ele></trkpt><trkpt lat="35.96258" lon="137.34045" x:road="p"><ele>976.46</ele></trkpt><trkpt lat="35.96251" lon="137.34055" x:road="p"><ele>977.92</ele></trkpt><trkpt lat="35.96241" lon="137.34066" x:road="p"><ele>979.35</ele></trkpt><trkpt lat="35.96236" lon="137.34082" x:road="p"><ele>980.85</ele></trkpt><trkpt lat="35.96237" lon="137.34096" x:road="p"><ele>982.37</ele></trkpt><trkpt lat="35.96242" lon="137.34107" x:road="p"><ele>983.88</ele></trkpt><trkpt lat="35.96247" lon="137.34113" x:road="p"><ele>985.38</ele></trkpt><trkpt lat="35.96255" lon="137.34118" x:road="p"><ele>986.88</ele></trkpt><trkpt lat="35.96271" lon="137.34119" x:road="p"><ele>988.45</ele></trkpt><trkpt lat="35.96286" lon="137.34115" x:road="p"><ele>990.07</ele></trkpt><trkpt lat="35.96299" lon="137.34115" x:road="p"><ele>991.71</ele></trkpt><trkpt lat="35.96314" lon="137.3412" x:road="p"><ele>993.39</ele></trkpt><trkpt lat="35.96323" lon="137.34124" x:road="p"><ele>995.03</ele></trkpt><trkpt lat="35.9635" lon="137.34143" x:road="p"><ele>996.76</ele></trkpt><trkpt lat="35.96375" lon="137.3416" x:road="p"><ele>998.42</ele></trkpt><trkpt lat="35.96389" lon="137.34169" x:road="p"><ele>1000.11</ele></trkpt><trkpt lat="35.96403" lon="137.34178" x:road="p"><ele>1001.85</ele></trkpt><trkpt lat="35.96407" lon="137.3418" x:road="p"><ele>1003.48</ele></trkpt><trkpt lat="35.96421" lon="137.34186" x:road="p"><ele>1005.24</ele></trkpt><trkpt lat="35.96431" lon="137.34185" x:road="p"><ele>1006.9</ele></trkpt><trkpt lat="35.96442" lon="137.34182" x:road="p"><ele>1008.59</ele></trkpt><trkpt lat="35.96453" lon="137.34176" x:road="p"><ele>1010.24</ele></trkpt><trkpt lat="35.96476" lon="137.34166" x:road="p"><ele>1011.8</ele></trkpt><trkpt lat="35.96507" lon="137.3416" x:road="p"><ele>1013.36</ele></trkpt><trkpt lat="35.96515" lon="137.34159" x:road="p"><ele>1014.9</ele></trkpt><trkpt lat="35.96533" lon="137.34161" x:road="p"><ele>1016.32</ele></trkpt><trkpt lat="35.9655" lon="137.34169" x:road="p"><ele>1017.78</ele></trkpt><trkpt lat="35.96563" lon="137.34179" x:road="p"><ele>1019.25</ele></trkpt><trkpt lat="35.96577" lon="137.34189" x:road="p"><ele>1020.76</ele></trkpt><trkpt lat="35.96604" lon="137.3421" x:road="p"><ele>1022.36</ele></trkpt><trkpt lat="35.96617" lon="137.3422" x:road="p"><ele>1023.82</ele></trkpt><trkpt lat="35.96631" lon="137.3423" x:road="p"><ele>1025.27</ele></trkpt><trkpt lat="35.9664" lon="137.34237" x:road="p"><ele>1026.68</ele></trkpt><trkpt lat="35.9665" lon="137.34242" x:road="p"><ele>1028.11</ele></trkpt><trkpt lat="35.96661" lon="137.34246" x:road="p"><ele>1029.57</ele></trkpt><trkpt lat="35.96675" lon="137.34244" x:road="p"><ele>1031.1</ele></trkpt><trkpt lat="35.96692" lon="137.34236" x:road="p"><ele>1032.83</ele></trkpt><trkpt lat="35.96708" lon="137.34227" x:road="p"><ele>1034.64</ele></trkpt><trkpt lat="35.96721" lon="137.34223" x:road="p"><ele>1036.31</ele></trkpt><trkpt lat="35.96732" lon="137.34223" x:road="p"><ele>1037.79</ele></trkpt><trkpt lat="35.96747" lon="137.34229" x:road="p"><ele>1039.07</ele></trkpt><trkpt lat="35.96767" lon="137.34242" x:road="p"><ele>1040.18</ele></trkpt><trkpt lat="35.96787" lon="137.34264" x:road="p"><ele>1041.11</ele></trkpt><trkpt lat="35.96795" lon="137.34281" x:road="p"><ele>1042.02</ele></trkpt><trkpt lat="35.96804" lon="137.34297" x:road="p"><ele>1042.92</ele></trkpt><trkpt lat="35.96806" lon="137.34302" x:road="p"><ele>1044.02</ele></trkpt><trkpt lat="35.96816" lon="137.34318" x:road="p"><ele>1045.04</ele></trkpt><trkpt lat="35.96825" lon="137.34327" x:road="p"><ele>1046.25</ele></trkpt><trkpt lat="35.96848" lon="137.34342" x:road="p"><ele>1047.65</ele></trkpt><trkpt lat="35.96874" lon="137.34364" x:road="p"><ele>1049.22</ele></trkpt><trkpt lat="35.96874" lon="137.34364" x:road="p"><ele>1050.52</ele></trkpt><trkpt lat="35.96894" lon="137.3439" x:road="p"><ele>1052.02</ele></trkpt><trkpt lat="35.96904" lon="137.34405" x:road="p"><ele>1053.5</ele></trkpt><trkpt lat="35.96909" lon="137.34417" x:road="p"><ele>1054.96</ele></trkpt><trkpt lat="35.96911" lon="137.34427" x:road="p"><ele>1056.46</ele></trkpt><trkpt lat="35.96911" lon="137.34428" x:road="p"><ele>1057.99</ele></trkpt><trkpt lat="35.96913" lon="137.34435" x:road="p"><ele>1059.59</ele></trkpt><trkpt lat="35.96916" lon="137.34454" x:road="p"><ele>1061.33</ele></trkpt><trkpt lat="35.9692" lon="137.34473" x:road="p"><ele>1063.13</ele></trkpt><trkpt lat="35.96926" lon="137.34506" x:road="p"><ele>1064.99</ele></trkpt><trkpt lat="35.96933" lon="137.3454" x:road="p"><ele>1066.98</ele></trkpt><trkpt lat="35.96936" lon="137.34551" x:road="p"><ele>1068.86</ele></trkpt><trkpt lat="35.96943" lon="137.3456" x:road="p"><ele>1070.83</ele></trkpt><trkpt lat="35.96948" lon="137.34563" x:road="p"><ele>1072.75</ele></trkpt><trkpt lat="35.96958" lon="137.34567" x:road="p"><ele>1074.73</ele></trkpt><trkpt lat="35.96966" lon="137.34566" x:road="p"><ele>1076.71</ele></trkpt><trkpt lat="35.96972" lon="137.34564" x:road="p"><ele>1078.72</ele></trkpt><trkpt lat="35.96983" lon="137.34555" x:road="p"><ele>1080.76</ele></trkpt><trkpt lat="35.97001" lon="137.34535" x:road="p"><ele>1082.95</ele></trkpt><trkpt lat="35.97007" lon="137.34531" x:road="p"><ele>1085.06</ele></trkpt><trkpt lat="35.97016" lon="137.34529" x:road="p"><ele>1087.21</ele></trkpt><trkpt lat="35.97018" lon="137.34529" x:road="p"><ele>1089.32</ele></trkpt><trkpt lat="35.97018" lon="137.34529" x:road="p"><ele>1091.43</ele></trkpt><trkpt lat="35.97024" lon="137.34531" x:road="p"><ele>1093.62</ele></trkpt><trkpt lat="35.97034" lon="137.34535" x:road="p"><ele>1095.86</ele></trkpt><trkpt lat="35.97052" lon="137.34547" x:road="p"><ele>1098.18</ele></trkpt><trkpt lat="35.97081" lon="137.3456" x:road="p"><ele>1100.71</ele></trkpt><trkpt lat="35.97093" lon="137.34566" x:road="p"><ele>1103</ele></trkpt><trkpt lat="35.971" lon="137.34571" x:road="p"><ele>1105.15</ele></trkpt><trkpt lat="35.97107" lon="137.3458" x:road="p"><ele>1107.2</ele></trkpt><trkpt lat="35.97114" lon="137.34595" x:road="p"><ele>1109.23</ele></trkpt><trkpt lat="35.97124" lon="137.3462" x:road="p"><ele>1111.3</ele></trkpt><trkpt lat="35.97132" lon="137.34635" x:road="p"><ele>1113.25</ele></trkpt><trkpt lat="35.97138" lon="137.34642" x:road="p"><ele>1115.21</ele></trkpt><trkpt lat="35.97154" lon="137.34654" x:road="p"><ele>1117.15</ele></trkpt><trkpt lat="35.97175" lon="137.3466" x:road="p"><ele>1118.93</ele></trkpt><trkpt lat="35.97202" lon="137.34666" x:road="p"><ele>1120.87</ele></trkpt><trkpt lat="35.97218" lon="137.34677" x:road="p"><ele>1122.8</ele></trkpt><trkpt lat="35.97231" lon="137.34704" x:road="p"><ele>1124.75</ele></trkpt><trkpt lat="35.97236" lon="137.34722" x:road="p"><ele>1126.51</ele></trkpt><trkpt lat="35.97241" lon="137.34741" x:road="p"><ele>1128.23</ele></trkpt><trkpt lat="35.97251" lon="137.34778" x:road="p"><ele>1129.77</ele></trkpt><trkpt lat="35.97253" lon="137.34787" x:road="p"><ele>1131.14</ele></trkpt><trkpt lat="35.97261" lon="137.34807" x:road="p"><ele>1132.42</ele></trkpt><trkpt lat="35.97269" lon="137.34819" x:road="p"><ele>1133.67</ele></trkpt><trkpt lat="35.9728" lon="137.34832" x:road="p"><ele>1134.87</ele></trkpt><trkpt lat="35.97292" lon="137.34846" x:road="p"><ele>1135.98</ele></trkpt><trkpt lat="35.97292" lon="137.34846" x:road="p"><ele>1137.12</ele></trkpt><trkpt lat="35.97306" lon="137.34867" x:road="p"><ele>1138.28</ele></trkpt><trkpt lat="35.9732" lon="137.34902" x:road="p"><ele>1139.41</ele></trkpt><trkpt lat="35.9732" lon="137.34903" x:road="p"><ele>1140.43</ele></trkpt><trkpt lat="35.97324" lon="137.34922" x:road="p"><ele>1141.48</ele></trkpt><trkpt lat="35.97328" lon="137.34941" x:road="p"><ele>1142.56</ele></trkpt><trkpt lat="35.97331" lon="137.34954" x:road="p"><ele>1143.51</ele></trkpt><trkpt lat="35.97332" lon="137.3497" x:road="p"><ele>1144.46</ele></trkpt><trkpt lat="35.97331" lon="137.34981" x:road="p"><ele>1145.43</ele></trkpt><trkpt lat="35.97325" lon="137.34999" x:road="p"><ele>1146.39</ele></trkpt><trkpt lat="35.97313" lon="137.35012" x:road="p"><ele>1147.21</ele></trkpt><trkpt lat="35.97296" lon="137.35019" x:road="p"><ele>1147.88</ele></trkpt><trkpt lat="35.97268" lon="137.35026" x:road="p"><ele>1148.62</ele></trkpt><trkpt lat="35.97257" lon="137.35032" x:road="p"><ele>1149.32</ele></trkpt><trkpt lat="35.97252" lon="137.35037" x:road="p"><ele>1150</ele></trkpt><trkpt lat="35.97241" lon="137.35055" x:road="p"><ele>1150.55</ele></trkpt><trkpt lat="35.97239" lon="137.35073" x:road="p"><ele>1151.1</ele></trkpt><trkpt lat="35.97243" lon="137.35096" x:road="p"><ele>1151.67</ele></trkpt><trkpt lat="35.97257" lon="137.35131" x:road="p"><ele>1152.22</ele></trkpt><trkpt lat="35.9726" lon="137.35139" x:road="p"><ele>1152.78</ele></trkpt><trkpt lat="35.97269" lon="137.35154" x:road="p"><ele>1153.33</ele></trkpt><trkpt lat="35.97286" lon="137.3517" x:road="p"><ele>1153.82</ele></trkpt><trkpt lat="35.97295" lon="137.35176" x:road="p"><ele>1154.3</ele></trkpt><trkpt lat="35.97305" lon="137.35186" x:road="p"><ele>1154.81</ele></trkpt><trkpt lat="35.9731" lon="137.35195" x:road="p"><ele>1155.31</ele></trkpt><trkpt lat="35.97312" lon="137.35204" x:road="p"><ele>1155.83</ele></trkpt><trkpt lat="35.97311" lon="137.35219" x:road="p"><ele>1156.33</ele></trkpt><trkpt lat="35.97306" lon="137.35232" x:road="p"><ele>1156.81</ele></trkpt><trkpt lat="35.97287" lon="137.35254" x:road="p"><ele>1157.34</ele></trkpt><trkpt lat="35.97273" lon="137.35269" x:road="p"><ele>1158.04</ele></trkpt><trkpt lat="35.97266" lon="137.35283" x:road="p"><ele>1158.69</ele></trkpt><trkpt lat="35.97263" lon="137.35294" x:road="p"><ele>1159.32</ele></trkpt><trkpt lat="35.97262" lon="137.35307" x:road="p"><ele>1159.97</ele></trkpt><trkpt lat="35.97266" lon="137.3534" x:road="p"><ele>1160.62</ele></trkpt><trkpt lat="35.97266" lon="137.35359" x:road="p"><ele>1161.3</ele></trkpt><trkpt lat="35.97265" lon="137.35379" x:road="p"><ele>1161.95</ele></trkpt><trkpt lat="35.97265" lon="137.35381" x:road="p"><ele>1162.58</ele></trkpt><trkpt lat="35.97264" lon="137.354" x:road="p"><ele>1163.24</ele></trkpt><trkpt lat="35.97266" lon="137.35423" x:road="p"><ele>1163.91</ele></trkpt><trkpt lat="35.9727" lon="137.35436" x:road="p"><ele>1164.61</ele></trkpt><trkpt lat="35.97278" lon="137.3545" x:road="p"><ele>1165.32</ele></trkpt><trkpt lat="35.97298" lon="137.3548" x:road="p"><ele>1166.17</ele></trkpt><trkpt lat="35.97302" lon="137.35486" x:road="p"><ele>1166.95</ele></trkpt><trkpt lat="35.97311" lon="137.35506" x:road="p"><ele>1167.88</ele></trkpt><trkpt lat="35.97311" lon="137.35506" x:road="p"><ele>1168.64</ele></trkpt><trkpt lat="35.9731" lon="137.35506" x:road="p"><ele>1169.42</ele></trkpt><trkpt lat="35.97309" lon="137.355" x:road="p"><ele>1170.17</ele></trkpt><trkpt lat="35.97302" lon="137.35501" x:road="p"><ele>1170.93</ele></trkpt><trkpt lat="35.97294" lon="137.35503" x:road="p"><ele>1171.71</ele></trkpt><trkpt lat="35.97282" lon="137.35508" x:road="p"><ele>1172.6</ele></trkpt><trkpt lat="35.97277" lon="137.35511" x:road="p"><ele>1173.51</ele></trkpt><trkpt lat="35.97271" lon="137.35517" x:road="p"><ele>1174.45</ele></trkpt><trkpt lat="35.97264" lon="137.35529" x:road="p"><ele>1175.47</ele></trkpt><trkpt lat="35.9726" lon="137.35549" x:road="p"><ele>1176.63</ele></trkpt><trkpt lat="35.9726" lon="137.35563" x:road="p"><ele>1177.74</ele></trkpt><trkpt lat="35.97261" lon="137.35574" x:road="p"><ele>1178.86</ele></trkpt><trkpt lat="35.97259" lon="137.35586" x:road="p"><ele>1180.01</ele></trkpt><trkpt lat="35.97257" lon="137.35595" x:road="p"><ele>1181.17</ele></trkpt><trkpt lat="35.97259" lon="137.35606" x:road="p"><ele>1182.36</ele></trkpt><trkpt lat="35.97266" lon="137.35629" x:road="p"><ele>1183.7</ele></trkpt><trkpt lat="35.97276" lon="137.35647" x:road="p"><ele>1185.08</ele></trkpt><trkpt lat="35.97278" lon="137.35655" x:road="p"><ele>1186.38</ele></trkpt><trkpt lat="35.97274" lon="137.35668" x:road="p"><ele>1187.68</ele></trkpt><trkpt lat="35.97272" lon="137.35671" x:road="p"><ele>1188.89</ele></trkpt><trkpt lat="35.97269" lon="137.35672" x:road="p"><ele>1190.1</ele></trkpt><trkpt lat="35.97265" lon="137.35671" x:road="p"><ele>1191.29</ele></trkpt><trkpt lat="35.97244" lon="137.35652" x:road="p"><ele>1192.48</ele></trkpt><trkpt lat="35.97224" lon="137.35631" x:road="p"><ele>1193.63</ele></trkpt><trkpt lat="35.9722" lon="137.35622" x:road="p"><ele>1194.77</ele></trkpt><trkpt lat="35.97215" lon="137.35619" x:road="p"><ele>1195.99</ele></trkpt><trkpt lat="35.9721" lon="137.35618" x:road="p"><ele>1197.25</ele></trkpt><trkpt lat="35.97206" lon="137.35618" x:road="p"><ele>1198.49</ele></trkpt><trkpt lat="35.97198" lon="137.3562" x:road="p"><ele>1199.7</ele></trkpt><trkpt lat="35.97192" lon="137.35626" x:road="p"><ele>1201</ele></trkpt><trkpt lat="35.97179" lon="137.35631" x:road="p"><ele>1202.28</ele></trkpt><trkpt lat="35.9716" lon="137.35641" x:road="p"><ele>1203.49</ele></trkpt><trkpt lat="35.9715" lon="137.35647" x:road="p"><ele>1204.73</ele></trkpt><trkpt lat="35.97143" lon="137.35655" x:road="p"><ele>1206.03</ele></trkpt><trkpt lat="35.97139" lon="137.35662" x:road="p"><ele>1207.31</ele></trkpt><trkpt lat="35.97135" lon="137.35686" x:road="p"><ele>1208.78</ele></trkpt><trkpt lat="35.97133" lon="137.35725" x:road="p"><ele>1210.39</ele></trkpt><trkpt lat="35.97133" lon="137.35726" x:road="p"><ele>1211.53</ele></trkpt><trkpt lat="35.97132" lon="137.35732" x:road="p"><ele>1212.68</ele></trkpt><trkpt lat="35.97127" lon="137.35737" x:road="p"><ele>1213.75</ele></trkpt><trkpt lat="35.9711" lon="137.35754" x:road="p"><ele>1214.87</ele></trkpt><trkpt lat="35.971" lon="137.35769" x:road="p"><ele>1216.02</ele></trkpt><trkpt lat="35.97091" lon="137.35785" x:road="p"><ele>1217.21</ele></trkpt><trkpt lat="35.97091" lon="137.35785" x:road="p"><ele>1218.1</ele></trkpt><trkpt lat="35.97085" lon="137.35789" x:road="p"><ele>1219.07</ele></trkpt><trkpt lat="35.97078" lon="137.3579" x:road="p"><ele>1219.95</ele></trkpt><trkpt lat="35.97074" lon="137.35788" x:road="p"><ele>1220.73</ele></trkpt><trkpt lat="35.97065" lon="137.35771" x:road="p"><ele>1221.33</ele></trkpt><trkpt lat="35.97076" lon="137.35751" x:road="p"><ele>1221.54</ele></trkpt><trkpt lat="35.97078" lon="137.35735" x:road="p"><ele>1222.01</ele></trkpt><trkpt lat="35.97071" lon="137.35721" x:road="p"><ele>1222.53</ele></trkpt><trkpt lat="35.9706" lon="137.35719" x:road="p"><ele>1223.17</ele></trkpt><trkpt lat="35.97049" lon="137.35719" x:road="p"><ele>1223.81</ele></trkpt><trkpt lat="35.97033" lon="137.35722" x:road="p"><ele>1224.55</ele></trkpt><trkpt lat="35.97018" lon="137.35725" x:road="p"><ele>1225.33</ele></trkpt><trkpt lat="35.97016" lon="137.35725" x:road="p"><ele>1225.96</ele></trkpt><trkpt lat="35.97003" lon="137.35723" x:road="p"><ele>1226.61</ele></trkpt><trkpt lat="35.96997" lon="137.3572" x:road="p"><ele>1227.22</ele></trkpt><trkpt lat="35.96984" lon="137.35717" x:road="p"><ele>1227.89</ele></trkpt><trkpt lat="35.96972" lon="137.35717" x:road="p"><ele>1228.57</ele></trkpt><trkpt lat="35.96967" lon="137.3572" x:road="p"><ele>1229.3</ele></trkpt><trkpt lat="35.96955" lon="137.35735" x:road="p"><ele>1230.23</ele></trkpt><trkpt lat="35.96943" lon="137.35745" x:road="p"><ele>1231.07</ele></trkpt><trkpt lat="35.96934" lon="137.3575" x:road="p"><ele>1231.85</ele></trkpt><trkpt lat="35.96925" lon="137.35763" x:road="p"><ele>1232.67</ele></trkpt><trkpt lat="35.96913" lon="137.35775" x:road="p"><ele>1233.47</ele></trkpt><trkpt lat="35.96902" lon="137.35782" x:road="p"><ele>1234.18</ele></trkpt><trkpt lat="35.96899" lon="137.35787" x:road="p"><ele>1234.98</ele></trkpt><trkpt lat="35.96897" lon="137.35803" x:road="p"><ele>1235.84</ele></trkpt><trkpt lat="35.96891" lon="137.35818" x:road="p"><ele>1236.81</ele></trkpt><trkpt lat="35.96885" lon="137.35836" x:road="p"><ele>1237.78</ele></trkpt><trkpt lat="35.96878" lon="137.35853" x:road="p"><ele>1238.81</ele></trkpt><trkpt lat="35.96877" lon="137.35857" x:road="p"><ele>1239.79</ele></trkpt><trkpt lat="35.96874" lon="137.35872" x:road="p"><ele>1240.92</ele></trkpt><trkpt lat="35.96861" lon="137.35885" x:road="p"><ele>1242</ele></trkpt><trkpt lat="35.96857" lon="137.35893" x:road="p"><ele>1243.13</ele></trkpt><trkpt lat="35.96856" lon="137.35899" x:road="p"><ele>1244.31</ele></trkpt><trkpt lat="35.96858" lon="137.3592" x:road="p"><ele>1245.76</ele></trkpt><trkpt lat="35.96856" lon="137.35929" x:road="p"><ele>1246.97</ele></trkpt><trkpt lat="35.96848" lon="137.35933" x:road="p"><ele>1248.05</ele></trkpt><trkpt lat="35.96837" lon="137.35937" x:road="p"><ele>1249.23</ele></trkpt><trkpt lat="35.96833" lon="137.35942" x:road="p"><ele>1250.46</ele></trkpt><trkpt lat="35.9683" lon="137.35951" x:road="p"><ele>1251.81</ele></trkpt><trkpt lat="35.96831" lon="137.35961" x:road="p"><ele>1253.11</ele></trkpt><trkpt lat="35.96836" lon="137.35982" x:road="p"><ele>1254.57</ele></trkpt><trkpt lat="35.96839" lon="137.36021" x:road="p"><ele>1256.11</ele></trkpt><trkpt lat="35.96839" lon="137.36025" x:road="p"><ele>1257.48</ele></trkpt><trkpt lat="35.96838" lon="137.36036" x:road="p"><ele>1258.79</ele></trkpt><trkpt lat="35.96833" lon="137.3605" x:road="p"><ele>1260.19</ele></trkpt><trkpt lat="35.96825" lon="137.36064" x:road="p"><ele>1261.61</ele></trkpt><trkpt lat="35.96816" lon="137.36074" x:road="p"><ele>1263.1</ele></trkpt><trkpt lat="35.96813" lon="137.36087" x:road="p"><ele>1264.65</ele></trkpt><trkpt lat="35.96817" lon="137.361" x:road="p"><ele>1266.2</ele></trkpt><trkpt lat="35.9682" lon="137.36106" x:road="p"><ele>1267.73</ele></trkpt><trkpt lat="35.96824" lon="137.36117" x:road="p"><ele>1269.33</ele></trkpt><trkpt lat="35.96822" lon="137.36126" x:road="p"><ele>1270.86</ele></trkpt><trkpt lat="35.96815" lon="137.36131" x:road="p"><ele>1272.36</ele></trkpt><trkpt lat="35.96796" lon="137.36129" x:road="p"><ele>1273.9</ele></trkpt><trkpt lat="35.96787" lon="137.36133" x:road="p"><ele>1275.44</ele></trkpt><trkpt lat="35.9678" lon="137.36138" x:road="p"><ele>1276.96</ele></trkpt><trkpt lat="35.96755" lon="137.36154" x:road="p"><ele>1278.7</ele></trkpt><trkpt lat="35.96746" lon="137.36162" x:road="p"><ele>1280.27</ele></trkpt><trkpt lat="35.96736" lon="137.3617" x:road="p"><ele>1281.88</ele></trkpt><trkpt lat="35.96731" lon="137.36176" x:road="p"><ele>1283.48</ele></trkpt><trkpt lat="35.96726" lon="137.36188" x:road="p"><ele>1285.05</ele></trkpt><trkpt lat="35.96722" lon="137.3621" x:road="p"><ele>1286.7</ele></trkpt><trkpt lat="35.96717" lon="137.3622" x:road="p"><ele>1288.11</ele></trkpt><trkpt lat="35.96711" lon="137.36229" x:road="p"><ele>1289.51</ele></trkpt><trkpt lat="35.96707" lon="137.36238" x:road="p"><ele>1290.91</ele></trkpt><trkpt lat="35.96702" lon="137.36254" x:road="p"><ele>1292.35</ele></trkpt><trkpt lat="35.96699" lon="137.36285" x:road="p"><ele>1293.9</ele></trkpt><trkpt lat="35.96696" lon="137.36292" x:road="p"><ele>1295.14</ele></trkpt><trkpt lat="35.96692" lon="137.36293" x:road="p"><ele>1296.28</ele></trkpt><trkpt lat="35.96679" lon="137.3629" x:road="p"><ele>1297.29</ele></trkpt><trkpt lat="35.96664" lon="137.36282" x:road="p"><ele>1298.41</ele></trkpt><trkpt lat="35.96654" lon="137.36278" x:road="p"><ele>1299.48</ele></trkpt><trkpt lat="35.96651" lon="137.36275" x:road="p"><ele>1300.48</ele></trkpt><trkpt lat="35.96645" lon="137.36263" x:road="p"><ele>1301.36</ele></trkpt><trkpt lat="35.96636" lon="137.36245" x:road="p"><ele>1302.19</ele></trkpt><trkpt lat="35.96628" lon="137.36237" x:road="p"><ele>1303.11</ele></trkpt><trkpt lat="35.9662" lon="137.36232" x:road="p"><ele>1304.02</ele></trkpt><trkpt lat="35.96611" lon="137.36228" x:road="p"><ele>1304.9</ele></trkpt><trkpt lat="35.96599" lon="137.36227" x:road="p"><ele>1305.82</ele></trkpt><trkpt lat="35.9658" lon="137.36229" x:road="p"><ele>1306.7</ele></trkpt><trkpt lat="35.96559" lon="137.36225" x:road="p"><ele>1307.59</ele></trkpt><trkpt lat="35.96528" lon="137.36222" x:road="p"><ele>1308.58</ele></trkpt><trkpt lat="35.9652" lon="137.36221" x:road="p"><ele>1309.38</ele></trkpt><trkpt lat="35.96512" lon="137.36218" x:road="p"><ele>1310.14</ele></trkpt><trkpt lat="35.96507" lon="137.36214" x:road="p"><ele>1310.91</ele></trkpt><trkpt lat="35.96502" lon="137.36204" x:road="p"><ele>1311.65</ele></trkpt><trkpt lat="35.96494" lon="137.36176" x:road="p"><ele>1312.53</ele></trkpt><trkpt lat="35.96502" lon="137.36159" x:road="p"><ele>1313.26</ele></trkpt><trkpt lat="35.96509" lon="137.36142" x:road="p"><ele>1314.03</ele></trkpt><trkpt lat="35.96512" lon="137.36136" x:road="p"><ele>1314.77</ele></trkpt><trkpt lat="35.96513" lon="137.36134" x:road="p"><ele>1315.48</ele></trkpt><trkpt lat="35.96519" lon="137.36128" x:road="p"><ele>1316.22</ele></trkpt><trkpt lat="35.96546" lon="137.36113" x:road="p"><ele>1316.94</ele></trkpt><trkpt lat="35.96556" lon="137.36112" x:road="p"><ele>1317.67</ele></trkpt><trkpt lat="35.96563" lon="137.36115" x:road="p"><ele>1318.38</ele></trkpt><trkpt lat="35.96576" lon="137.36127" x:road="p"><ele>1318.99</ele></trkpt><trkpt lat="35.96584" lon="137.36129" x:road="p"><ele>1319.74</ele></trkpt><trkpt lat="35.96597" lon="137.36126" x:road="p"><ele>1320.62</ele></trkpt><trkpt lat="35.96617" lon="137.36112" x:road="p"><ele>1321.78</ele></trkpt><trkpt lat="35.96624" lon="137.36108" x:road="p"><ele>1322.74</ele></trkpt><trkpt lat="35.96626" lon="137.36105" x:road="p"><ele>1323.62</ele></trkpt><trkpt lat="35.96628" lon="137.361" x:road="p"><ele>1324.55</ele></trkpt><trkpt lat="35.96629" lon="137.36084" x:road="p"><ele>1325.63</ele></trkpt><trkpt lat="35.96629" lon="137.36058" x:road="p"><ele>1326.76</ele></trkpt><trkpt lat="35.96629" lon="137.36049" x:road="p"><ele>1327.73</ele></trkpt><trkpt lat="35.96632" lon="137.36037" x:road="p"><ele>1328.6</ele></trkpt><trkpt lat="35.96639" lon="137.36022" x:road="p"><ele>1329.37</ele></trkpt><trkpt lat="35.96639" lon="137.36008" x:road="p"><ele>1330.26</ele></trkpt><trkpt lat="35.96629" lon="137.35989" x:road="p"><ele>1331.38</ele></trkpt><trkpt lat="35.96623" lon="137.3596" x:road="p"><ele>1332.33</ele></trkpt><trkpt lat="35.96617" lon="137.35953" x:road="p"><ele>1333.32</ele></trkpt><trkpt lat="35.96608" lon="137.35952" x:road="p"><ele>1334.43</ele></trkpt><trkpt lat="35.96587" lon="137.35952" x:road="p"><ele>1335.6</ele></trkpt><trkpt lat="35.9657" lon="137.35946" x:road="p"><ele>1336.7</ele></trkpt><trkpt lat="35.96553" lon="137.35932" x:road="p"><ele>1337.64</ele></trkpt><trkpt lat="35.96544" lon="137.3593" x:road="p"><ele>1338.7</ele></trkpt><trkpt lat="35.96537" lon="137.35932" x:road="p"><ele>1339.81</ele></trkpt><trkpt lat="35.96532" lon="137.35936" x:road="p"><ele>1340.98</ele></trkpt><trkpt lat="35.96516" lon="137.35951" x:road="p"><ele>1342.26</ele></trkpt><trkpt lat="35.96505" lon="137.3596" x:road="p"><ele>1343.51</ele></trkpt><trkpt lat="35.96496" lon="137.35965" x:road="p"><ele>1344.76</ele></trkpt><trkpt lat="35.96472" lon="137.35964" x:road="p"><ele>1346.02</ele></trkpt><trkpt lat="35.96457" lon="137.35965" x:road="p"><ele>1347.35</ele></trkpt><trkpt lat="35.96446" lon="137.35968" x:road="p"><ele>1348.75</ele></trkpt><trkpt lat="35.9643" lon="137.35971" x:road="p"><ele>1350.21</ele></trkpt><trkpt lat="35.96414" lon="137.35971" x:road="p"><ele>1351.66</ele></trkpt><trkpt lat="35.96398" lon="137.35971" x:road="p"><ele>1353.12</ele></trkpt><trkpt lat="35.9639" lon="137.35971" x:road="p"><ele>1354.57</ele></trkpt><trkpt lat="35.9638" lon="137.35965" x:road="p"><ele>1356.04</ele></trkpt><trkpt lat="35.96376" lon="137.35955" x:road="p"><ele>1357.42</ele></trkpt><trkpt lat="35.96378" lon="137.35933" x:road="p"><ele>1358.64</ele></trkpt><trkpt lat="35.96373" lon="137.35922" x:road="p"><ele>1360.01</ele></trkpt><trkpt lat="35.9635" lon="137.35906" x:road="p"><ele>1361.7</ele></trkpt><trkpt lat="35.96343" lon="137.35899" x:road="p"><ele>1363.12</ele></trkpt><trkpt lat="35.96336" lon="137.35889" x:road="p"><ele>1364.45</ele></trkpt><trkpt lat="35.96334" lon="137.35875" x:road="p"><ele>1365.73</ele></trkpt><trkpt lat="35.96331" lon="137.35865" x:road="p"><ele>1367.05</ele></trkpt><trkpt lat="35.96324" lon="137.35857" x:road="p"><ele>1368.44</ele></trkpt><trkpt lat="35.96309" lon="137.35852" x:road="p"><ele>1370.02</ele></trkpt><trkpt lat="35.96296" lon="137.35853" x:road="p"><ele>1371.57</ele></trkpt><trkpt lat="35.96288" lon="137.35854" x:road="p"><ele>1373.03</ele></trkpt><trkpt lat="35.96284" lon="137.35853" x:road="p"><ele>1374.42</ele></trkpt><trkpt lat="35.9628" lon="137.35849" x:road="p"><ele>1375.8</ele></trkpt><trkpt lat="35.96277" lon="137.35842" x:road="p"><ele>1377.15</ele></trkpt><trkpt lat="35.96282" lon="137.35821" x:road="p"><ele>1378.35</ele></trkpt><trkpt lat="35.96282" lon="137.35811" x:road="p"><ele>1379.65</ele></trkpt><trkpt lat="35.96278" lon="137.35802" x:road="p"><ele>1380.98</ele></trkpt><trkpt lat="35.96272" lon="137.35795" x:road="p"><ele>1382.31</ele></trkpt><trkpt lat="35.96263" lon="137.35789" x:road="p"><ele>1383.65</ele></trkpt><trkpt lat="35.96255" lon="137.35782" x:road="p"><ele>1384.94</ele></trkpt><trkpt lat="35.96252" lon="137.35775" x:road="p"><ele>1386.16</ele></trkpt><trkpt lat="35.96252" lon="137.35758" x:road="p"><ele>1387.25</ele></trkpt><trkpt lat="35.96253" lon="137.35734" x:road="p"><ele>1388.27</ele></trkpt><trkpt lat="35.96246" lon="137.35724" x:road="p"><ele>1389.38</ele></trkpt><trkpt lat="35.96229" lon="137.35717" x:road="p"><ele>1390.52</ele></trkpt><trkpt lat="35.96213" lon="137.35715" x:road="p"><ele>1391.7</ele></trkpt><trkpt lat="35.96204" lon="137.35716" x:road="p"><ele>1392.83</ele></trkpt><trkpt lat="35.96193" lon="137.35723" x:road="p"><ele>1393.95</ele></trkpt><trkpt lat="35.96173" lon="137.3574" x:road="p"><ele>1395.14</ele></trkpt><trkpt lat="35.96166" lon="137.35742" x:road="p"><ele>1396.11</ele></trkpt><trkpt lat="35.96153" lon="137.35735" x:road="p"><ele>1397.02</ele></trkpt><trkpt lat="35.96138" lon="137.35721" x:road="p"><ele>1397.87</ele></trkpt><trkpt lat="35.9613" lon="137.35709" x:road="p"><ele>1398.6</ele></trkpt><trkpt lat="35.96118" lon="137.35699" x:road="p"><ele>1399.32</ele></trkpt><trkpt lat="35.961" lon="137.3569" x:road="p"><ele>1400.01</ele></trkpt><trkpt lat="35.96093" lon="137.35676" x:road="p"><ele>1400.55</ele></trkpt><trkpt lat="35.96089" lon="137.35666" x:road="p"><ele>1401.02</ele></trkpt><trkpt lat="35.96081" lon="137.35661" x:road="p"><ele>1401.5</ele></trkpt><trkpt lat="35.96064" lon="137.35658" x:road="p"><ele>1402</ele></trkpt><trkpt lat="35.96057" lon="137.35656" x:road="p"><ele>1402.37</ele></trkpt><trkpt lat="35.96045" lon="137.35641" x:road="p"><ele>1402.64</ele></trkpt><trkpt lat="35.9604" lon="137.35632" x:road="p"><ele>1402.79</ele></trkpt><trkpt lat="35.96033" lon="137.35625" x:road="p"><ele>1402.83</ele></trkpt><trkpt lat="35.96027" lon="137.35623" x:road="p"><ele>1402.84</ele></trkpt><trkpt lat="35.96019" lon="137.35625" x:road="p"><ele>1402.86</ele></trkpt><trkpt lat="35.96002" lon="137.35631" x:road="p"><ele>1402.77</ele></trkpt><trkpt lat="35.95983" lon="137.35637" x:road="p"><ele>1402.58</ele></trkpt><trkpt lat="35.95955" lon="137.35641" x:road="p"><ele>1402.2</ele></trkpt><trkpt lat="35.9594" lon="137.35647" x:road="p"><ele>1401.73</ele></trkpt><trkpt lat="35.95925" lon="137.3566" x:road="p"><ele>1401.27</ele></trkpt><trkpt lat="35.95914" lon="137.35684" x:road="p"><ele>1400.89</ele></trkpt><trkpt lat="35.95908" lon="137.35692" x:road="p"><ele>1400.38</ele></trkpt><trkpt lat="35.95901" lon="137.35696" x:road="p"><ele>1399.8</ele></trkpt><trkpt lat="35.95885" lon="137.35701" x:road="p"><ele>1399.13</ele></trkpt><trkpt lat="35.95861" lon="137.35704" x:road="p"><ele>1398.36</ele></trkpt><trkpt lat="35.95855" lon="137.35706" x:road="p"><ele>1397.64</ele></trkpt><trkpt lat="35.95839" lon="137.35731" x:road="p"><ele>1397.14</ele></trkpt><trkpt lat="35.95828" lon="137.35737" x:road="p"><ele>1396.43</ele></trkpt><trkpt lat="35.95814" lon="137.35735" x:road="p"><ele>1395.58</ele></trkpt><trkpt lat="35.95796" lon="137.35729" x:road="p"><ele>1394.64</ele></trkpt><trkpt lat="35.95775" lon="137.3573" x:road="p"><ele>1393.82</ele></trkpt><trkpt lat="35.95758" lon="137.35726" x:road="p"><ele>1392.9</ele></trkpt><trkpt lat="35.95749" lon="137.35725" x:road="p"><ele>1392.06</ele></trkpt><trkpt lat="35.95743" lon="137.35734" x:road="p"><ele>1391.32</ele></trkpt><trkpt lat="35.95735" lon="137.35752" x:road="p"><ele>1390.56</ele></trkpt><trkpt lat="35.95721" lon="137.35771" x:road="p"><ele>1389.78</ele></trkpt><trkpt lat="35.95711" lon="137.35791" x:road="p"><ele>1389.11</ele></trkpt><trkpt lat="35.95709" lon="137.35799" x:road="p"><ele>1388.53</ele></trkpt><trkpt lat="35.95711" lon="137.35807" x:road="p"><ele>1388.05</ele></trkpt><trkpt lat="35.95718" lon="137.35826" x:road="p"><ele>1387.68</ele></trkpt><trkpt lat="35.95718" lon="137.35843" x:road="p"><ele>1387.14</ele></trkpt><trkpt lat="35.9572" lon="137.35851" x:road="p"><ele>1386.7</ele></trkpt><trkpt lat="35.95724" lon="137.35856" x:road="p"><ele>1386.34</ele></trkpt><trkpt lat="35.95733" lon="137.35861" x:road="p"><ele>1386.09</ele></trkpt><trkpt lat="35.95759" lon="137.35855" x:road="p"><ele>1386.05</ele></trkpt><trkpt lat="35.95786" lon="137.35854" x:road="p"><ele>1385.86</ele></trkpt><trkpt lat="35.958" lon="137.35853" x:road="p"><ele>1385.61</ele></trkpt><trkpt lat="35.95808" lon="137.35857" x:road="p"><ele>1385.34</ele></trkpt><trkpt lat="35.95812" lon="137.35863" x:road="p"><ele>1385.09</ele></trkpt><trkpt lat="35.9582" lon="137.35896" x:road="p"><ele>1384.83</ele></trkpt><trkpt lat="35.9582" lon="137.3591" x:road="p"><ele>1384.67</ele></trkpt><trkpt lat="35.95815" lon="137.35917" x:road="p"><ele>1384.5</ele></trkpt><trkpt lat="35.958" lon="137.35922" x:road="p"><ele>1384.24</ele></trkpt><trkpt lat="35.95792" lon="137.35929" x:road="p"><ele>1384.06</ele></trkpt><trkpt lat="35.95788" lon="137.3594" x:road="p"><ele>1383.96</ele></trkpt><trkpt lat="35.95788" lon="137.35949" x:road="p"><ele>1383.87</ele></trkpt><trkpt lat="35.95792" lon="137.35957" x:road="p"><ele>1383.86</ele></trkpt><trkpt lat="35.95809" lon="137.35984" x:road="p"><ele>1383.86</ele></trkpt><trkpt lat="35.95812" lon="137.35991" x:road="p"><ele>1383.83</ele></trkpt><trkpt lat="35.95815" lon="137.36008" x:road="p"><ele>1383.84</ele></trkpt><trkpt lat="35.95823" lon="137.36041" x:road="p"><ele>1383.94</ele></trkpt><trkpt lat="35.95827" lon="137.36052" x:road="p"><ele>1384.07</ele></trkpt><trkpt lat="35.95829" lon="137.36056" x:road="p"><ele>1384.22</ele></trkpt><trkpt lat="35.95829" lon="137.36057" x:road="p"><ele>1384.36</ele></trkpt><trkpt lat="35.95826" lon="137.36064" x:road="p"><ele>1384.58</ele></trkpt><trkpt lat="35.9582" lon="137.36066" x:road="p"><ele>1384.8</ele></trkpt><trkpt lat="35.95812" lon="137.36063" x:road="p"><ele>1385.05</ele></trkpt><trkpt lat="35.95792" lon="137.36041" x:road="p"><ele>1385.24</ele></trkpt><trkpt lat="35.95779" lon="137.36034" x:road="p"><ele>1385.47</ele></trkpt><trkpt lat="35.95768" lon="137.36032" x:road="p"><ele>1385.81</ele></trkpt><trkpt lat="35.95755" lon="137.36027" x:road="p"><ele>1386.17</ele></trkpt><trkpt lat="35.95733" lon="137.36012" x:road="p"><ele>1386.46</ele></trkpt><trkpt lat="35.95725" lon="137.36006" x:road="p"><ele>1386.8</ele></trkpt><trkpt lat="35.95711" lon="137.36" x:road="p"><ele>1387.19</ele></trkpt><trkpt lat="35.95701" lon="137.35998" x:road="p"><ele>1387.66</ele></trkpt><trkpt lat="35.95687" lon="137.36003" x:road="p"><ele>1388.26</ele></trkpt><trkpt lat="35.95664" lon="137.36029" x:road="p"><ele>1389.18</ele></trkpt><trkpt lat="35.95657" lon="137.36037" x:road="p"><ele>1389.85</ele></trkpt><trkpt lat="35.9565" lon="137.3604" x:road="p"><ele>1390.49</ele></trkpt><trkpt lat="35.95641" lon="137.36038" x:road="p"><ele>1391.08</ele></trkpt><trkpt lat="35.9563" lon="137.36029" x:road="p"><ele>1391.57</ele></trkpt><trkpt lat="35.95618" lon="137.36024" x:road="p"><ele>1392.16</ele></trkpt><trkpt lat="35.95601" lon="137.36024" x:road="p"><ele>1392.84</ele></trkpt><trkpt lat="35.95595" lon="137.36027" x:road="p"><ele>1393.62</ele></trkpt><trkpt lat="35.95589" lon="137.36032" x:road="p"><ele>1394.43</ele></trkpt><trkpt lat="35.95585" lon="137.36049" x:road="p"><ele>1395.46</ele></trkpt><trkpt lat="35.95582" lon="137.36061" x:road="p"><ele>1396.48</ele></trkpt><trkpt lat="35.95579" lon="137.36064" x:road="p"><ele>1397.35</ele></trkpt><trkpt lat="35.95571" lon="137.36069" x:road="p"><ele>1398.2</ele></trkpt><trkpt lat="35.95566" lon="137.36069" x:road="p"><ele>1399.04</ele></trkpt><trkpt lat="35.95559" lon="137.36066" x:road="p"><ele>1399.86</ele></trkpt><trkpt lat="35.95545" lon="137.3606" x:road="p"><ele>1400.67</ele></trkpt><trkpt lat="35.95539" lon="137.36063" x:road="p"><ele>1401.65</ele></trkpt><trkpt lat="35.95529" lon="137.36077" x:road="p"><ele>1402.81</ele></trkpt><trkpt lat="35.95521" lon="137.36081" x:road="p"><ele>1403.77</ele></trkpt><trkpt lat="35.95516" lon="137.36081" x:road="p"><ele>1404.69</ele></trkpt><trkpt lat="35.95509" lon="137.36075" x:road="p"><ele>1405.53</ele></trkpt><trkpt lat="35.95501" lon="137.36074" x:road="p"><ele>1406.42</ele></trkpt><trkpt lat="35.95494" lon="137.36077" x:road="p"><ele>1407.37</ele></trkpt><trkpt lat="35.95485" lon="137.36108" x:road="p"><ele>1408.56</ele></trkpt><trkpt lat="35.95477" lon="137.36124" x:road="p"><ele>1409.6</ele></trkpt><trkpt lat="35.95475" lon="137.36138" x:road="p"><ele>1410.73</ele></trkpt><trkpt lat="35.95476" lon="137.3615" x:road="p"><ele>1411.89</ele></trkpt><trkpt lat="35.95474" lon="137.36161" x:road="p"><ele>1412.99</ele></trkpt><trkpt lat="35.95465" lon="137.36168" x:road="p"><ele>1413.97</ele></trkpt><trkpt lat="35.95453" lon="137.36172" x:road="p"><ele>1414.89</ele></trkpt><trkpt lat="35.95443" lon="137.36182" x:road="p"><ele>1415.92</ele></trkpt><trkpt lat="35.95438" lon="137.36196" x:road="p"><ele>1417.03</ele></trkpt><trkpt lat="35.95433" lon="137.36221" x:road="p"><ele>1418.24</ele></trkpt><trkpt lat="35.95427" lon="137.36237" x:road="p"><ele>1419.37</ele></trkpt><trkpt lat="35.95421" lon="137.36242" x:road="p"><ele>1420.45</ele></trkpt><trkpt lat="35.95407" lon="137.36246" x:road="p"><ele>1421.5</ele></trkpt><trkpt lat="35.95396" lon="137.36247" x:road="p"><ele>1422.57</ele></trkpt><trkpt lat="35.95382" lon="137.36242" x:road="p"><ele>1423.63</ele></trkpt><trkpt lat="35.95369" lon="137.36237" x:road="p"><ele>1424.65</ele></trkpt><trkpt lat="35.95369" lon="137.36237" x:road="p"><ele>1425.62</ele></trkpt><trkpt lat="35.95351" lon="137.36225" x:road="p"><ele>1426.57</ele></trkpt><trkpt lat="35.95337" lon="137.36211" x:road="p"><ele>1427.48</ele></trkpt><trkpt lat="35.95328" lon="137.36204" x:road="p"><ele>1428.41</ele></trkpt><trkpt lat="35.95317" lon="137.36199" x:road="p"><ele>1429.34</ele></trkpt><trkpt lat="35.95307" lon="137.36199" x:road="p"><ele>1430.24</ele></trkpt><trkpt lat="35.95294" lon="137.36205" x:road="p"><ele>1431.13</ele></trkpt><trkpt lat="35.9527" lon="137.36226" x:road="p"><ele>1432.14</ele></trkpt><trkpt lat="35.95245" lon="137.36249" x:road="p"><ele>1433.27</ele></trkpt><trkpt lat="35.95232" lon="137.36261" x:road="p"><ele>1434.33</ele></trkpt><trkpt lat="35.95227" lon="137.36265" x:road="p"><ele>1435.33</ele></trkpt><trkpt lat="35.95218" lon="137.36266" x:road="p"><ele>1436.32</ele></trkpt><trkpt lat="35.95212" lon="137.36266" x:road="p"><ele>1437.29</ele></trkpt><trkpt lat="35.95206" lon="137.36262" x:road="p"><ele>1438.25</ele></trkpt><trkpt lat="35.95194" lon="137.3625" x:road="p"><ele>1439.22</ele></trkpt><trkpt lat="35.95181" lon="137.36234" x:road="p"><ele>1440.13</ele></trkpt><trkpt lat="35.95169" lon="137.36226" x:road="p"><ele>1441.08</ele></trkpt><trkpt lat="35.9514" lon="137.36227" x:road="p"><ele>1442.3</ele></trkpt><trkpt lat="35.95126" lon="137.36223" x:road="p"><ele>1443.28</ele></trkpt><trkpt lat="35.95111" lon="137.36212" x:road="p"><ele>1444.24</ele></trkpt><trkpt lat="35.95101" lon="137.36199" x:road="p"><ele>1445.13</ele></trkpt><trkpt lat="35.9509" lon="137.36176" x:road="p"><ele>1445.91</ele></trkpt><trkpt lat="35.95075" lon="137.36156" x:road="p"><ele>1446.67</ele></trkpt><trkpt lat="35.95066" lon="137.36149" x:road="p"><ele>1447.42</ele></trkpt><trkpt lat="35.9505" lon="137.36142" x:road="p"><ele>1448.03</ele></trkpt><trkpt lat="35.95037" lon="137.36141" x:road="p"><ele>1448.68</ele></trkpt><trkpt lat="35.95025" lon="137.36142" x:road="p"><ele>1449.32</ele></trkpt><trkpt lat="35.95007" lon="137.36147" x:road="p"><ele>1449.89</ele></trkpt><trkpt lat="35.94979" lon="137.36166" x:road="p"><ele>1450.56</ele></trkpt><trkpt lat="35.94976" lon="137.36168" x:road="p"><ele>1451.13</ele></trkpt><trkpt lat="35.94963" lon="137.36178" x:road="p"><ele>1451.69</ele></trkpt><trkpt lat="35.94949" lon="137.36188" x:road="p"><ele>1452.23</ele></trkpt><trkpt lat="35.94936" lon="137.36199" x:road="p"><ele>1452.7</ele></trkpt><trkpt lat="35.94922" lon="137.36209" x:road="p"><ele>1453.25</ele></trkpt><trkpt lat="35.94914" lon="137.36215" x:road="p"><ele>1453.68</ele></trkpt><trkpt lat="35.94885" lon="137.36231" x:road="p"><ele>1454.14</ele></trkpt><trkpt lat="35.94862" lon="137.36245" x:road="p"><ele>1454.71</ele></trkpt><trkpt lat="35.94847" lon="137.36252" x:road="p"><ele>1455.03</ele></trkpt><trkpt lat="35.94833" lon="137.36259" x:road="p"><ele>1455.19</ele></trkpt><trkpt lat="35.94807" lon="137.36271" x:road="p"><ele>1455.2</ele></trkpt><trkpt lat="35.94792" lon="137.36279" x:road="p"><ele>1455.12</ele></trkpt><trkpt lat="35.94778" lon="137.36284" x:road="p"><ele>1455.01</ele></trkpt><trkpt lat="35.94763" lon="137.36289" x:road="p"><ele>1454.81</ele></trkpt><trkpt lat="35.94747" lon="137.36294" x:road="p"><ele>1454.52</ele></trkpt><trkpt lat="35.94741" lon="137.36296" x:road="p"><ele>1454.14</ele></trkpt><trkpt lat="35.94728" lon="137.36299" x:road="p"><ele>1453.66</ele></trkpt><trkpt lat="35.9472" lon="137.36298" x:road="p"><ele>1453.14</ele></trkpt><trkpt lat="35.94693" lon="137.36294" x:road="p"><ele>1452.49</ele></trkpt><trkpt lat="35.94679" lon="137.36295" x:road="p"><ele>1451.79</ele></trkpt><trkpt lat="35.94652" lon="137.36302" x:road="p"><ele>1450.87</ele></trkpt><trkpt lat="35.94637" lon="137.36307" x:road="p"><ele>1449.9</ele></trkpt><trkpt lat="35.94613" lon="137.36309" x:road="p"><ele>1448.89</ele></trkpt><trkpt lat="35.94597" lon="137.36309" x:road="p"><ele>1447.88</ele></trkpt><trkpt lat="35.94581" lon="137.3631" x:road="p"><ele>1446.81</ele></trkpt><trkpt lat="35.94559" lon="137.3631" x:road="p"><ele>1445.72</ele></trkpt><trkpt lat="35.9454" lon="137.36308" x:road="p"><ele>1444.54</ele></trkpt><trkpt lat="35.94524" lon="137.36305" x:road="p"><ele>1443.28</ele></trkpt><trkpt lat="35.94509" lon="137.36302" x:road="p"><ele>1441.95</ele></trkpt><trkpt lat="35.94493" lon="137.36299" x:road="p"><ele>1440.55</ele></trkpt><trkpt lat="35.94475" lon="137.36293" x:road="p"><ele>1439.09</ele></trkpt><trkpt lat="35.94464" lon="137.36286" x:road="p"><ele>1437.57</ele></trkpt><trkpt lat="35.94447" lon="137.36268" x:road="p"><ele>1435.96</ele></trkpt><trkpt lat="35.94432" lon="137.36247" x:road="p"><ele>1434.27</ele></trkpt><trkpt lat="35.94417" lon="137.36213" x:road="p"><ele>1432.47</ele></trkpt><trkpt lat="35.94398" lon="137.36182" x:road="p"><ele>1430.77</ele></trkpt><trkpt lat="35.94394" lon="137.36174" x:road="p"><ele>1429.11</ele></trkpt><trkpt lat="35.94381" lon="137.36157" x:road="p"><ele>1427.44</ele></trkpt><trkpt lat="35.94373" lon="137.36146" x:road="p"><ele>1425.73</ele></trkpt><trkpt lat="35.94364" lon="137.36123" x:road="p"><ele>1423.94</ele></trkpt><trkpt lat="35.94351" lon="137.36097" x:road="p"><ele>1422.23</ele></trkpt><trkpt lat="35.94346" lon="137.36075" x:road="p"><ele>1420.51</ele></trkpt><trkpt lat="35.94333" lon="137.3604" x:road="p"><ele>1418.72</ele></trkpt><trkpt lat="35.94332" lon="137.36037" x:road="p"><ele>1417.1</ele></trkpt><trkpt lat="35.9432" lon="137.36015" x:road="p"><ele>1415.41</ele></trkpt><trkpt lat="35.94304" lon="137.35995" x:road="p"><ele>1413.83</ele></trkpt><trkpt lat="35.94291" lon="137.3597" x:road="p"><ele>1412.19</ele></trkpt><trkpt lat="35.94275" lon="137.35942" x:road="p"><ele>1410.76</ele></trkpt><trkpt lat="35.94261" lon="137.35923" x:road="p"><ele>1409.46</ele></trkpt><trkpt lat="35.94251" lon="137.35906" x:road="p"><ele>1408.16</ele></trkpt><trkpt lat="35.94243" lon="137.35889" x:road="p"><ele>1406.89</ele></trkpt><trkpt lat="35.94236" lon="137.35872" x:road="p"><ele>1405.66</ele></trkpt><trkpt lat="35.94235" lon="137.3587" x:road="p"><ele>1404.68</ele></trkpt><trkpt lat="35.94229" lon="137.35859" x:road="p"><ele>1403.65</ele></trkpt><trkpt lat="35.94219" lon="137.35853" x:road="p"><ele>1402.83</ele></trkpt><trkpt lat="35.94211" lon="137.35851" x:road="p"><ele>1402.15</ele></trkpt><trkpt lat="35.942" lon="137.35854" x:road="p"><ele>1401.62</ele></trkpt><trkpt lat="35.94178" lon="137.35873" x:road="p"><ele>1401.27</ele></trkpt><trkpt lat="35.9416" lon="137.35889" x:road="p"><ele>1400.81</ele></trkpt><trkpt lat="35.94155" lon="137.35896" x:road="p"><ele>1400.54</ele></trkpt><trkpt lat="35.94146" lon="137.3592" x:road="p"><ele>1400.6</ele></trkpt><trkpt lat="35.94141" lon="137.35926" x:road="p"><ele>1400.53</ele></trkpt><trkpt lat="35.94139" lon="137.35927" x:road="p"><ele>1400.49</ele></trkpt><trkpt lat="35.94133" lon="137.35927" x:road="p"><ele>1400.51</ele></trkpt><trkpt lat="35.94115" lon="137.35921" x:road="p"><ele>1400.54</ele></trkpt><trkpt lat="35.94105" lon="137.35919" x:road="p"><ele>1400.71</ele></trkpt><trkpt lat="35.94095" lon="137.35921" x:road="p"><ele>1401.01</ele></trkpt><trkpt lat="35.94089" lon="137.35921" x:road="p"><ele>1401.31</ele></trkpt><trkpt lat="35.94083" lon="137.35917" x:road="p"><ele>1401.6</ele></trkpt><trkpt lat="35.94074" lon="137.35905" x:road="p"><ele>1401.8</ele></trkpt><trkpt lat="35.94058" lon="137.35875" x:road="p"><ele>1401.75</ele></trkpt><trkpt lat="35.94049" lon="137.35864" x:road="p"><ele>1402.03</ele></trkpt><trkpt lat="35.94039" lon="137.3586" x:road="p"><ele>1402.43</ele></trkpt><trkpt lat="35.94025" lon="137.35859" x:road="p"><ele>1402.83</ele></trkpt><trkpt lat="35.94017" lon="137.35862" x:road="p"><ele>1403.33</ele></trkpt><trkpt lat="35.93991" lon="137.35878" x:road="p"><ele>1403.92</ele></trkpt><trkpt lat="35.93975" lon="137.35892" x:road="p"><ele>1404.5</ele></trkpt><trkpt lat="35.9397" lon="137.359" x:road="p"><ele>1405.09</ele></trkpt><trkpt lat="35.93966" lon="137.35911" x:road="p"><ele>1405.72</ele></trkpt><trkpt lat="35.93962" lon="137.35935" x:road="p"><ele>1406.4</ele></trkpt><trkpt lat="35.93962" lon="137.35962" x:road="p"><ele>1406.96</ele></trkpt><trkpt lat="35.93966" lon="137.35977" x:road="p"><ele>1407.43</ele></trkpt><trkpt lat="35.93983" lon="137.36008" x:road="p"><ele>1407.95</ele></trkpt><trkpt lat="35.93992" lon="137.36026" x:road="p"><ele>1408.3</ele></trkpt><trkpt lat="35.93995" lon="137.36039" x:road="p"><ele>1408.53</ele></trkpt><trkpt lat="35.93995" lon="137.36055" x:road="p"><ele>1408.69</ele></trkpt><trkpt lat="35.9399" lon="137.36087" x:road="p"><ele>1408.74</ele></trkpt><trkpt lat="35.93986" lon="137.36126" x:road="p"><ele>1408.77</ele></trkpt><trkpt lat="35.93986" lon="137.3613" x:road="p"><ele>1408.68</ele></trkpt><trkpt lat="35.93995" lon="137.36149" x:road="p"><ele>1408.5</ele></trkpt><trkpt lat="35.94015" lon="137.36179" x:road="p"><ele>1408.14</ele></trkpt><trkpt lat="35.94016" lon="137.36181" x:road="p"><ele>1407.75</ele></trkpt><trkpt lat="35.94029" lon="137.36191" x:road="p"><ele>1407.3</ele></trkpt><trkpt lat="35.94043" lon="137.36202" x:road="p"><ele>1406.67</ele></trkpt><trkpt lat="35.94056" lon="137.36212" x:road="p"><ele>1406.03</ele></trkpt><trkpt lat="35.94071" lon="137.36227" x:road="p"><ele>1405.25</ele></trkpt><trkpt lat="35.94084" lon="137.36262" x:road="p"><ele>1404.21</ele></trkpt><trkpt lat="35.94087" lon="137.36278" x:road="p"><ele>1403.28</ele></trkpt><trkpt lat="35.94086" lon="137.36288" x:road="p"><ele>1402.29</ele></trkpt><trkpt lat="35.94081" lon="137.363" x:road="p"><ele>1401.21</ele></trkpt><trkpt lat="35.94069" lon="137.36319" x:road="p"><ele>1400.11</ele></trkpt><trkpt lat="35.94065" lon="137.36322" x:road="p"><ele>1399.01</ele></trkpt><trkpt lat="35.94059" lon="137.36323" x:road="p"><ele>1397.83</ele></trkpt><trkpt lat="35.94045" lon="137.36321" x:road="p"><ele>1396.46</ele></trkpt><trkpt lat="35.94028" lon="137.3632" x:road="p"><ele>1395.07</ele></trkpt><trkpt lat="35.94022" lon="137.36327" x:road="p"><ele>1393.83</ele></trkpt><trkpt lat="35.94017" lon="137.36339" x:road="p"><ele>1392.62</ele></trkpt><trkpt lat="35.94017" lon="137.36344" x:road="p"><ele>1391.49</ele></trkpt><trkpt lat="35.94017" lon="137.3635" x:road="p"><ele>1390.38</ele></trkpt><trkpt lat="35.94019" lon="137.36354" x:road="p"><ele>1389.34</ele></trkpt><trkpt lat="35.94023" lon="137.36358" x:road="p"><ele>1388.33</ele></trkpt><trkpt lat="35.9403" lon="137.36361" x:road="p"><ele>1387.44</ele></trkpt><trkpt lat="35.94034" lon="137.36363" x:road="p"><ele>1386.5</ele></trkpt><trkpt lat="35.9404" lon="137.3637" x:road="p"><ele>1385.6</ele></trkpt><trkpt lat="35.94043" lon="137.36374" x:road="p"><ele>1384.66</ele></trkpt><trkpt lat="35.94044" lon="137.36388" x:road="p"><ele>1383.68</ele></trkpt><trkpt lat="35.94045" lon="137.36394" x:road="p"><ele>1382.66</ele></trkpt><trkpt lat="35.94048" lon="137.36408" x:road="p"><ele>1381.67</ele></trkpt><trkpt lat="35.94049" lon="137.36414" x:road="p"><ele>1380.67</ele></trkpt><trkpt lat="35.94054" lon="137.36428" x:road="p"><ele>1379.63</ele></trkpt><trkpt lat="35.94055" lon="137.36433" x:road="p"><ele>1378.62</ele></trkpt><trkpt lat="35.94051" lon="137.36454" x:road="p"><ele>1377.42</ele></trkpt><trkpt lat="35.9405" lon="137.36459" x:road="p"><ele>1376.4</ele></trkpt><trkpt lat="35.94051" lon="137.36478" x:road="p"><ele>1375.33</ele></trkpt><trkpt lat="35.94052" lon="137.36484" x:road="p"><ele>1374.41</ele></trkpt><trkpt lat="35.9404" lon="137.36508" x:road="p"><ele>1373.12</ele></trkpt><trkpt lat="35.94038" lon="137.36513" x:road="p"><ele>1372.27</ele></trkpt><trkpt lat="35.94029" lon="137.36537" x:road="p"><ele>1371.37</ele></trkpt><trkpt lat="35.94027" lon="137.36542" x:road="p"><ele>1370.66</ele></trkpt><trkpt lat="35.94037" lon="137.36557" x:road="p"><ele>1370.26</ele></trkpt><trkpt lat="35.94041" lon="137.36561" x:road="p"><ele>1369.68</ele></trkpt><trkpt lat="35.94043" lon="137.36563" x:road="p"><ele>1369.17</ele></trkpt><trkpt lat="35.94049" lon="137.36567" x:road="p"><ele>1368.72</ele></trkpt><trkpt lat="35.94066" lon="137.3658" x:road="p"><ele>1368.37</ele></trkpt><trkpt lat="35.94073" lon="137.36581" x:road="p"><ele>1368.07</ele></trkpt><trkpt lat="35.94095" lon="137.36577" x:road="p"><ele>1368.17</ele></trkpt><trkpt lat="35.94105" lon="137.36581" x:road="p"><ele>1367.98</ele></trkpt><trkpt lat="35.9412" lon="137.36589" x:road="p"><ele>1367.8</ele></trkpt><trkpt lat="35.94126" lon="137.36604" x:road="p"><ele>1367.3</ele></trkpt><trkpt lat="35.94128" lon="137.36609" x:road="p"><ele>1367.07</ele></trkpt><trkpt lat="35.94129" lon="137.36615" x:road="p"><ele>1366.88</ele></trkpt><trkpt lat="35.9413" lon="137.36619" x:road="p"><ele>1366.74</ele></trkpt><trkpt lat="35.94132" lon="137.36627" x:road="p"><ele>1366.62</ele></trkpt><trkpt lat="35.94136" lon="137.36626" x:road="p"><ele>1366.77</ele></trkpt><trkpt lat="35.94137" lon="137.36643" x:road="p"><ele>1366.64</ele></trkpt><trkpt lat="35.94137" lon="137.36668" x:road="p"><ele>1366.58</ele></trkpt><trkpt lat="35.94138" lon="137.36696" x:road="p"><ele>1366.54</ele></trkpt><trkpt lat="35.9414" lon="137.36714" x:road="p"><ele>1366.76</ele></trkpt><trkpt lat="35.9415" lon="137.3674" x:road="p"><ele>1367.04</ele></trkpt><trkpt lat="35.94153" lon="137.36745" x:road="p"><ele>1367.45</ele></trkpt><trkpt lat="35.94161" lon="137.3675" x:road="p"><ele>1368</ele></trkpt><trkpt lat="35.94164" lon="137.36753" x:road="p"><ele>1368.54</ele></trkpt><trkpt lat="35.94168" lon="137.36752" x:road="p"><ele>1369.24</ele></trkpt><trkpt lat="35.94172" lon="137.36747" x:road="p"><ele>1370.08</ele></trkpt><trkpt lat="35.94181" lon="137.36744" x:road="p"><ele>1371.05</ele></trkpt><trkpt lat="35.94188" lon="137.36739" x:road="p"><ele>1372.09</ele></trkpt><trkpt lat="35.94201" lon="137.36734" x:road="p"><ele>1373.24</ele></trkpt><trkpt lat="35.94222" lon="137.36738" x:road="p"><ele>1374.23</ele></trkpt><trkpt lat="35.94231" lon="137.3674" x:road="p"><ele>1375.06</ele></trkpt><trkpt lat="35.94235" lon="137.36743" x:road="p"><ele>1375.8</ele></trkpt><trkpt lat="35.94241" lon="137.36752" x:road="p"><ele>1376.44</ele></trkpt><trkpt lat="35.94248" lon="137.36774" x:road="p"><ele>1376.78</ele></trkpt><trkpt lat="35.94257" lon="137.36788" x:road="p"><ele>1377.27</ele></trkpt><trkpt lat="35.94269" lon="137.36808" x:road="p"><ele>1377.66</ele></trkpt><trkpt lat="35.94276" lon="137.36813" x:road="p"><ele>1378.3</ele></trkpt><trkpt lat="35.9429" lon="137.36815" x:road="p"><ele>1379.15</ele></trkpt><trkpt lat="35.94321" lon="137.36818" x:road="p"><ele>1380.47</ele></trkpt><trkpt lat="35.94327" lon="137.36819" x:road="p"><ele>1381.16</ele></trkpt><trkpt lat="35.94333" lon="137.36826" x:road="p"><ele>1381.75</ele></trkpt><trkpt lat="35.94342" lon="137.36845" x:road="p"><ele>1382.08</ele></trkpt><trkpt lat="35.94349" lon="137.36873" x:road="p"><ele>1382.15</ele></trkpt><trkpt lat="35.9435" lon="137.36876" x:road="p"><ele>1382.56</ele></trkpt><trkpt lat="35.9435" lon="137.36877" x:road="p"><ele>1382.95</ele></trkpt><trkpt lat="35.9437" lon="137.36901" x:road="p"><ele>1383.58</ele></trkpt><trkpt lat="35.94372" lon="137.36904" x:road="p"><ele>1384.01</ele></trkpt><trkpt lat="35.94372" lon="137.36904" x:road="p"><ele>1384.37</ele></trkpt><trkpt lat="35.94359" lon="137.36932" x:road="p"><ele>1384.54</ele></trkpt><trkpt lat="35.94358" lon="137.36936" x:road="p"><ele>1384.87</ele></trkpt><trkpt lat="35.94355" lon="137.36971" x:road="p"><ele>1385.35</ele></trkpt><trkpt lat="35.94355" lon="137.36974" x:road="p"><ele>1385.67</ele></trkpt><trkpt lat="35.94355" lon="137.36975" x:road="p"><ele>1385.99</ele></trkpt><trkpt lat="35.94346" lon="137.36985" x:road="p"><ele>1386.11</ele></trkpt><trkpt lat="35.94343" lon="137.36987" x:road="p"><ele>1386.37</ele></trkpt><trkpt lat="35.94342" lon="137.37" x:road="p"><ele>1386.65</ele></trkpt><trkpt lat="35.94342" lon="137.37004" x:road="p"><ele>1386.96</ele></trkpt><trkpt lat="35.94345" lon="137.37019" x:road="p"><ele>1387.39</ele></trkpt><trkpt lat="35.94345" lon="137.37023" x:road="p"><ele>1387.74</ele></trkpt><trkpt lat="35.94357" lon="137.3704" x:road="p"><ele>1388.32</ele></trkpt><trkpt lat="35.94359" lon="137.37043" x:road="p"><ele>1388.72</ele></trkpt><trkpt lat="35.94363" lon="137.3705" x:road="p"><ele>1389.16</ele></trkpt><trkpt lat="35.94372" lon="137.37059" x:road="p"><ele>1389.71</ele></trkpt><trkpt lat="35.94374" lon="137.37067" x:road="p"><ele>1390.04</ele></trkpt><trkpt lat="35.94375" lon="137.37069" x:road="p"><ele>1390.37</ele></trkpt><trkpt lat="35.94373" lon="137.37085" x:road="p"><ele>1390.52</ele></trkpt><trkpt lat="35.94366" lon="137.37102" x:road="p"><ele>1390.44</ele></trkpt><trkpt lat="35.94366" lon="137.37108" x:road="p"><ele>1390.71</ele></trkpt><trkpt lat="35.9437" lon="137.37116" x:road="p"><ele>1391.09</ele></trkpt><trkpt lat="35.9438" lon="137.37124" x:road="p"><ele>1391.6</ele></trkpt><trkpt lat="35.94394" lon="137.37141" x:road="p"><ele>1391.99</ele></trkpt><trkpt lat="35.94401" lon="137.37143" x:road="p"><ele>1392.48</ele></trkpt><trkpt lat="35.94412" lon="137.37142" x:road="p"><ele>1393.16</ele></trkpt><trkpt lat="35.94423" lon="137.37145" x:road="p"><ele>1393.7</ele></trkpt><trkpt lat="35.94431" lon="137.37151" x:road="p"><ele>1394.06</ele></trkpt><trkpt lat="35.94449" lon="137.37173" x:road="p"><ele>1394.19</ele></trkpt><trkpt lat="35.94453" lon="137.37174" x:road="p"><ele>1394.52</ele></trkpt><trkpt lat="35.9447" lon="137.37169" x:road="p"><ele>1395.08</ele></trkpt><trkpt lat="35.94487" lon="137.37173" x:road="p"><ele>1395.32</ele></trkpt><trkpt lat="35.94514" lon="137.37185" x:road="p"><ele>1395.41</ele></trkpt><trkpt lat="35.94524" lon="137.37193" x:road="p"><ele>1395.46</ele></trkpt><trkpt lat="35.94528" lon="137.372" x:road="p"><ele>1395.44</ele></trkpt><trkpt lat="35.94531" lon="137.37209" x:road="p"><ele>1395.31</ele></trkpt><trkpt lat="35.9453" lon="137.37224" x:road="p"><ele>1395.07</ele></trkpt><trkpt lat="35.94524" lon="137.37245" x:road="p"><ele>1394.77</ele></trkpt><trkpt lat="35.94521" lon="137.37258" x:road="p"><ele>1394.58</ele></trkpt><trkpt lat="35.94525" lon="137.37268" x:road="p"><ele>1394.45</ele></trkpt><trkpt lat="35.94529" lon="137.3728" x:road="p"><ele>1394.33</ele></trkpt><trkpt lat="35.9453" lon="137.3729" x:road="p"><ele>1394.17</ele></trkpt><trkpt lat="35.9453" lon="137.37294" x:road="p"><ele>1394.03</ele></trkpt><trkpt lat="35.9453" lon="137.37315" x:road="p"><ele>1393.73</ele></trkpt><trkpt lat="35.9453" lon="137.37315" x:road="p"><ele>1393.63</ele></trkpt><trkpt lat="35.94529" lon="137.37319" x:road="p"><ele>1393.51</ele></trkpt><trkpt lat="35.94527" lon="137.37328" x:road="p"><ele>1393.41</ele></trkpt><trkpt lat="35.94526" lon="137.3734" x:road="p"><ele>1393.33</ele></trkpt><trkpt lat="35.9453" lon="137.37349" x:road="p"><ele>1393.44</ele></trkpt><trkpt lat="35.94539" lon="137.37354" x:road="p"><ele>1393.76</ele></trkpt><trkpt lat="35.94545" lon="137.37362" x:road="p"><ele>1394.06</ele></trkpt><trkpt lat="35.94549" lon="137.37371" x:road="p"><ele>1394.36</ele></trkpt><trkpt lat="35.9455" lon="137.37395" x:road="p"><ele>1394.59</ele></trkpt><trkpt lat="35.94548" lon="137.37418" x:road="p"><ele>1394.81</ele></trkpt><trkpt lat="35.94546" lon="137.37435" x:road="p"><ele>1395.17</ele></trkpt><trkpt lat="35.94542" lon="137.37446" x:road="p"><ele>1395.52</ele></trkpt><trkpt lat="35.94524" lon="137.37478" x:road="p"><ele>1395.96</ele></trkpt><trkpt lat="35.94523" lon="137.3748" x:road="p"><ele>1396.37</ele></trkpt><trkpt lat="35.94515" lon="137.37485" x:road="p"><ele>1396.64</ele></trkpt><trkpt lat="35.94496" lon="137.37487" x:road="p"><ele>1396.84</ele></trkpt><trkpt lat="35.94486" lon="137.3749" x:road="p"><ele>1397.28</ele></trkpt><trkpt lat="35.9448" lon="137.37497" x:road="p"><ele>1397.91</ele></trkpt><trkpt lat="35.94478" lon="137.37503" x:road="p"><ele>1398.55</ele></trkpt><trkpt lat="35.94478" lon="137.37512" x:road="p"><ele>1399.27</ele></trkpt><trkpt lat="35.94482" lon="137.37526" x:road="p"><ele>1400.08</ele></trkpt><trkpt lat="35.94484" lon="137.37542" x:road="p"><ele>1400.81</ele></trkpt><trkpt lat="35.94482" lon="137.37558" x:road="p"><ele>1401.45</ele></trkpt><trkpt lat="35.94483" lon="137.37572" x:road="p"><ele>1402.13</ele></trkpt><trkpt lat="35.94486" lon="137.37577" x:road="p"><ele>1402.95</ele></trkpt><trkpt lat="35.94493" lon="137.37581" x:road="p"><ele>1403.86</ele></trkpt><trkpt lat="35.94503" lon="137.37583" x:road="p"><ele>1404.85</ele></trkpt><trkpt lat="35.94514" lon="137.37587" x:road="p"><ele>1405.78</ele></trkpt><trkpt lat="35.94527" lon="137.37588" x:road="p"><ele>1406.77</ele></trkpt><trkpt lat="35.94551" lon="137.37577" x:road="p"><ele>1408.27</ele></trkpt><trkpt lat="35.94558" lon="137.37577" x:road="p"><ele>1409.08</ele></trkpt><trkpt lat="35.94565" lon="137.37581" x:road="p"><ele>1409.76</ele></trkpt><trkpt lat="35.94569" lon="137.37586" x:road="p"><ele>1410.33</ele></trkpt><trkpt lat="35.94579" lon="137.37612" x:road="p"><ele>1410.54</ele></trkpt><trkpt lat="35.94588" lon="137.37631" x:road="p"><ele>1410.9</ele></trkpt><trkpt lat="35.94592" lon="137.37637" x:road="p"><ele>1411.28</ele></trkpt><trkpt lat="35.94599" lon="137.37641" x:road="p"><ele>1411.72</ele></trkpt><trkpt lat="35.94611" lon="137.3765" x:road="p"><ele>1412.05</ele></trkpt><trkpt lat="35.94619" lon="137.37662" x:road="p"><ele>1412.2</ele></trkpt><trkpt lat="35.94631" lon="137.3769" x:road="p"><ele>1411.94</ele></trkpt><trkpt lat="35.94638" lon="137.377" x:road="p"><ele>1412</ele></trkpt><trkpt lat="35.94657" lon="137.37711" x:road="p"><ele>1412.17</ele></trkpt><trkpt lat="35.94664" lon="137.37718" x:road="p"><ele>1412.23</ele></trkpt><trkpt lat="35.94677" lon="137.37754" x:road="p"><ele>1412.19</ele></trkpt><trkpt lat="35.94683" lon="137.37772" x:road="p"><ele>1412.22</ele></trkpt><trkpt lat="35.94684" lon="137.37786" x:road="p"><ele>1412.12</ele></trkpt><trkpt lat="35.94683" lon="137.37803" x:road="p"><ele>1411.94</ele></trkpt><trkpt lat="35.94685" lon="137.3781" x:road="p"><ele>1411.87</ele></trkpt><trkpt lat="35.94692" lon="137.37821" x:road="p"><ele>1411.84</ele></trkpt><trkpt lat="35.94699" lon="137.37826" x:road="p"><ele>1411.87</ele></trkpt><trkpt lat="35.9471" lon="137.37829" x:road="p"><ele>1412</ele></trkpt><trkpt lat="35.94731" lon="137.37842" x:road="p"><ele>1412.2</ele></trkpt><trkpt lat="35.94733" lon="137.37843" x:road="p"><ele>1412.15</ele></trkpt><trkpt lat="35.94736" lon="137.37845" x:road="p"><ele>1412.1</ele></trkpt><trkpt lat="35.94739" lon="137.37841" x:road="p"><ele>1412.11</ele></trkpt><trkpt lat="35.94761" lon="137.37867" x:road="p"><ele>1411.99</ele></trkpt><trkpt lat="35.94763" lon="137.37895" x:road="p"><ele>1411.67</ele></trkpt><trkpt lat="35.94761" lon="137.37909" x:road="p"><ele>1411.56</ele></trkpt><trkpt lat="35.94761" lon="137.37913" x:road="p"><ele>1411.52</ele></trkpt><trkpt lat="35.94759" lon="137.37933" x:road="p"><ele>1411.42</ele></trkpt><trkpt lat="35.94757" lon="137.37953" x:road="p"><ele>1411.3</ele></trkpt><trkpt lat="35.94763" lon="137.37977" x:road="p"><ele>1411.47</ele></trkpt><trkpt lat="35.94769" lon="137.38002" x:road="p"><ele>1411.7</ele></trkpt><trkpt lat="35.94782" lon="137.38028" x:road="p"><ele>1412.36</ele></trkpt><trkpt lat="35.94788" lon="137.38059" x:road="p"><ele>1412.34</ele></trkpt><trkpt lat="35.9479" lon="137.38074" x:road="p"><ele>1412.4</ele></trkpt><trkpt lat="35.94791" lon="137.38078" x:road="p"><ele>1412.64</ele></trkpt><trkpt lat="35.94794" lon="137.38093" x:road="p"><ele>1412.86</ele></trkpt><trkpt lat="35.94795" lon="137.38097" x:road="p"><ele>1413.23</ele></trkpt><trkpt lat="35.94821" lon="137.38113" x:road="p"><ele>1414.29</ele></trkpt><trkpt lat="35.94823" lon="137.38115" x:road="p"><ele>1414.8</ele></trkpt><trkpt lat="35.94824" lon="137.38115" x:road="p"><ele>1415.31</ele></trkpt><trkpt lat="35.94827" lon="137.38114" x:road="p"><ele>1415.95</ele></trkpt><trkpt lat="35.9483" lon="137.38113" x:road="p"><ele>1416.64</ele></trkpt><trkpt lat="35.94837" lon="137.38129" x:road="p"><ele>1417.03</ele></trkpt><trkpt lat="35.94842" lon="137.3813" x:road="p"><ele>1417.75</ele></trkpt><trkpt lat="35.94852" lon="137.38126" x:road="p"><ele>1418.64</ele></trkpt><trkpt lat="35.94859" lon="137.38125" x:road="p"><ele>1419.36</ele></trkpt><trkpt lat="35.94867" lon="137.38128" x:road="p"><ele>1420.04</ele></trkpt><trkpt lat="35.94893" lon="137.38146" x:road="p"><ele>1420.59</ele></trkpt><trkpt lat="35.94905" lon="137.38154" x:road="p"><ele>1421.2</ele></trkpt><trkpt lat="35.94915" lon="137.38157" x:road="p"><ele>1421.93</ele></trkpt><trkpt lat="35.94928" lon="137.38157" x:road="p"><ele>1422.76</ele></trkpt><trkpt lat="35.94936" lon="137.38159" x:road="p"><ele>1423.56</ele></trkpt><trkpt lat="35.94943" lon="137.38166" x:road="p"><ele>1424.31</ele></trkpt><trkpt lat="35.94948" lon="137.38175" x:road="p"><ele>1425.08</ele></trkpt><trkpt lat="35.9495" lon="137.3819" x:road="p"><ele>1425.75</ele></trkpt><trkpt lat="35.94951" lon="137.38212" x:road="p"><ele>1426.48</ele></trkpt><trkpt lat="35.94968" lon="137.38245" x:road="p"><ele>1427.48</ele></trkpt><trkpt lat="35.9497" lon="137.38249" x:road="p"><ele>1428.38</ele></trkpt><trkpt lat="35.94988" lon="137.38262" x:road="p"><ele>1429.57</ele></trkpt><trkpt lat="35.94995" lon="137.3827" x:road="p"><ele>1430.61</ele></trkpt><trkpt lat="35.95004" lon="137.38285" x:road="p"><ele>1431.64</ele></trkpt><trkpt lat="35.95015" lon="137.3831" x:road="p"><ele>1432.57</ele></trkpt><trkpt lat="35.9502" lon="137.38328" x:road="p"><ele>1433.38</ele></trkpt><trkpt lat="35.95025" lon="137.38347" x:road="p"><ele>1434.29</ele></trkpt><trkpt lat="35.9503" lon="137.38364" x:road="p"><ele>1435.23</ele></trkpt><trkpt lat="35.95036" lon="137.38385" x:road="p"><ele>1436.29</ele></trkpt><trkpt lat="35.95042" lon="137.38403" x:road="p"><ele>1437.37</ele></trkpt><trkpt lat="35.95054" lon="137.3843" x:road="p"><ele>1438.47</ele></trkpt><trkpt lat="35.95062" lon="137.38443" x:road="p"><ele>1439.53</ele></trkpt><trkpt lat="35.95068" lon="137.38455" x:road="p"><ele>1440.65</ele></trkpt><trkpt lat="35.95071" lon="137.38469" x:road="p"><ele>1441.68</ele></trkpt><trkpt lat="35.95073" lon="137.38488" x:road="p"><ele>1442.62</ele></trkpt><trkpt lat="35.95075" lon="137.38507" x:road="p"><ele>1443.58</ele></trkpt><trkpt lat="35.95076" lon="137.38512" x:road="p"><ele>1444.53</ele></trkpt><trkpt lat="35.95087" lon="137.38539" x:road="p"><ele>1445.56</ele></trkpt><trkpt lat="35.95106" lon="137.38563" x:road="p"><ele>1446.68</ele></trkpt><trkpt lat="35.9511" lon="137.38576" x:road="p"><ele>1447.56</ele></trkpt><trkpt lat="35.95114" lon="137.38581" x:road="p"><ele>1448.47</ele></trkpt><trkpt lat="35.95122" lon="137.38584" x:road="p"><ele>1449.42</ele></trkpt><trkpt lat="35.95128" lon="137.38582" x:road="p"><ele>1450.26</ele></trkpt><trkpt lat="35.95133" lon="137.38576" x:road="p"><ele>1451.06</ele></trkpt><trkpt lat="35.95138" lon="137.38562" x:road="p"><ele>1451.85</ele></trkpt><trkpt lat="35.95143" lon="137.38537" x:road="p"><ele>1452.59</ele></trkpt><trkpt lat="35.95148" lon="137.38531" x:road="p"><ele>1453.26</ele></trkpt><trkpt lat="35.95155" lon="137.38528" x:road="p"><ele>1453.84</ele></trkpt><trkpt lat="35.95162" lon="137.38528" x:road="p"><ele>1454.33</ele></trkpt><trkpt lat="35.95171" lon="137.38532" x:road="p"><ele>1454.74</ele></trkpt><trkpt lat="35.95184" lon="137.38543" x:road="p"><ele>1455.03</ele></trkpt><trkpt lat="35.95194" lon="137.38548" x:road="p"><ele>1455.33</ele></trkpt><trkpt lat="35.95207" lon="137.38546" x:road="p"><ele>1455.66</ele></trkpt><trkpt lat="35.9521" lon="137.38545" x:road="p"><ele>1455.88</ele></trkpt><trkpt lat="35.95214" lon="137.38545" x:road="p"><ele>1456.06</ele></trkpt><trkpt lat="35.95219" lon="137.38547" x:road="p"><ele>1456.17</ele></trkpt><trkpt lat="35.95224" lon="137.38553" x:road="p"><ele>1456.18</ele></trkpt><trkpt lat="35.95228" lon="137.38561" x:road="p"><ele>1456.1</ele></trkpt><trkpt lat="35.9523" lon="137.38582" x:road="p"><ele>1455.81</ele></trkpt><trkpt lat="35.95237" lon="137.38605" x:road="p"><ele>1455.53</ele></trkpt><trkpt lat="35.95243" lon="137.38615" x:road="p"><ele>1455.31</ele></trkpt><trkpt lat="35.95254" lon="137.38627" x:road="p"><ele>1455.13</ele></trkpt><trkpt lat="35.95264" lon="137.38632" x:road="p"><ele>1455.02</ele></trkpt><trkpt lat="35.95273" lon="137.38638" x:road="p"><ele>1454.8</ele></trkpt><trkpt lat="35.95275" lon="137.38642" x:road="p"><ele>1454.45</ele></trkpt><trkpt lat="35.95287" lon="137.38673" x:road="p"><ele>1453.84</ele></trkpt><trkpt lat="35.95289" lon="137.38679" x:road="p"><ele>1453.42</ele></trkpt><trkpt lat="35.95295" lon="137.387" x:road="p"><ele>1452.89</ele></trkpt><trkpt lat="35.95298" lon="137.38706" x:road="p"><ele>1452.44</ele></trkpt><trkpt lat="35.95301" lon="137.38709" x:road="p"><ele>1452</ele></trkpt><trkpt lat="35.9531" lon="137.38714" x:road="p"><ele>1451.59</ele></trkpt><trkpt lat="35.95321" lon="137.3872" x:road="p"><ele>1451.24</ele></trkpt><trkpt lat="35.95328" lon="137.38729" x:road="p"><ele>1450.84</ele></trkpt><trkpt lat="35.95331" lon="137.38738" x:road="p"><ele>1450.29</ele></trkpt><trkpt lat="35.95333" lon="137.38746" x:road="p"><ele>1449.73</ele></trkpt><trkpt lat="35.95333" lon="137.38747" x:road="p"><ele>1449.2</ele></trkpt><trkpt lat="35.95334" lon="137.38786" x:road="p"><ele>1448.31</ele></trkpt><trkpt lat="35.95334" lon="137.38802" x:road="p"><ele>1447.64</ele></trkpt><trkpt lat="35.95342" lon="137.38825" x:road="p"><ele>1447.39</ele></trkpt><trkpt lat="35.9534" lon="137.38841" x:road="p"><ele>1446.86</ele></trkpt><trkpt lat="35.9533" lon="137.38863" x:road="p"><ele>1446.18</ele></trkpt><trkpt lat="35.95319" lon="137.3888" x:road="p"><ele>1445.37</ele></trkpt><trkpt lat="35.95318" lon="137.3889" x:road="p"><ele>1444.87</ele></trkpt><trkpt lat="35.9532" lon="137.38907" x:road="p"><ele>1444.49</ele></trkpt><trkpt lat="35.95333" lon="137.38939" x:road="p"><ele>1444.47</ele></trkpt><trkpt lat="35.95333" lon="137.38948" x:road="p"><ele>1444.06</ele></trkpt><trkpt lat="35.95333" lon="137.38973" x:road="p"><ele>1443.64</ele></trkpt><trkpt lat="35.95332" lon="137.38981" x:road="p"><ele>1443.3</ele></trkpt><trkpt lat="35.95331" lon="137.38991" x:road="p"><ele>1442.98</ele></trkpt><trkpt lat="35.95318" lon="137.39011" x:road="p"><ele>1442.39</ele></trkpt><trkpt lat="35.95311" lon="137.39022" x:road="p"><ele>1441.92</ele></trkpt><trkpt lat="35.95311" lon="137.3903" x:road="p"><ele>1441.64</ele></trkpt><trkpt lat="35.95312" lon="137.39037" x:road="p"><ele>1441.38</ele></trkpt><trkpt lat="35.95325" lon="137.39066" x:road="p"><ele>1441.37</ele></trkpt><trkpt lat="35.95335" lon="137.39091" x:road="p"><ele>1440.95</ele></trkpt><trkpt lat="35.95343" lon="137.39099" x:road="p"><ele>1440.75</ele></trkpt><trkpt lat="35.9536" lon="137.39106" x:road="p"><ele>1440.77</ele></trkpt><trkpt lat="35.95382" lon="137.39116" x:road="p"><ele>1440.84</ele></trkpt><trkpt lat="35.95391" lon="137.39124" x:road="p"><ele>1440.54</ele></trkpt><trkpt lat="35.95395" lon="137.39132" x:road="p"><ele>1440.06</ele></trkpt><trkpt lat="35.95399" lon="137.39149" x:road="p"><ele>1439.43</ele></trkpt><trkpt lat="35.95399" lon="137.3915" x:road="p"><ele>1438.96</ele></trkpt><trkpt lat="35.95399" lon="137.39159" x:road="p"><ele>1438.31</ele></trkpt><trkpt lat="35.954" lon="137.39174" x:road="p"><ele>1437.51</ele></trkpt><trkpt lat="35.95398" lon="137.39194" x:road="p"><ele>1436.53</ele></trkpt><trkpt lat="35.95399" lon="137.39205" x:road="p"><ele>1435.81</ele></trkpt><trkpt lat="35.95401" lon="137.39226" x:road="p"><ele>1434.94</ele></trkpt><trkpt lat="35.954" lon="137.39235" x:road="p"><ele>1434.27</ele></trkpt><trkpt lat="35.95401" lon="137.39244" x:road="p"><ele>1433.69</ele></trkpt><trkpt lat="35.95408" lon="137.39259" x:road="p"><ele>1433.35</ele></trkpt><trkpt lat="35.95411" lon="137.39274" x:road="p"><ele>1432.92</ele></trkpt><trkpt lat="35.95414" lon="137.39296" x:road="p"><ele>1432.32</ele></trkpt><trkpt lat="35.95415" lon="137.39309" x:road="p"><ele>1431.73</ele></trkpt><trkpt lat="35.95418" lon="137.39318" x:road="p"><ele>1431.27</ele></trkpt><trkpt lat="35.95422" lon="137.39323" x:road="p"><ele>1430.89</ele></trkpt><trkpt lat="35.95429" lon="137.39327" x:road="p"><ele>1430.69</ele></trkpt><trkpt lat="35.9546" lon="137.3933" x:road="p"><ele>1430.56</ele></trkpt><trkpt lat="35.95465" lon="137.3933" x:road="p"><ele>1430.32</ele></trkpt><trkpt lat="35.95473" lon="137.3933" x:road="p"><ele>1430.14</ele></trkpt><trkpt lat="35.95478" lon="137.39327" x:road="p"><ele>1429.98</ele></trkpt><trkpt lat="35.95489" lon="137.3931" x:road="p"><ele>1430.03</ele></trkpt><trkpt lat="35.95501" lon="137.39294" x:road="p"><ele>1429.72</ele></trkpt><trkpt lat="35.95511" lon="137.39288" x:road="p"><ele>1429.22</ele></trkpt><trkpt lat="35.95519" lon="137.39287" x:road="p"><ele>1428.6</ele></trkpt><trkpt lat="35.95525" lon="137.39287" x:road="p"><ele>1427.89</ele></trkpt><trkpt lat="35.95535" lon="137.39292" x:road="p"><ele>1426.99</ele></trkpt><trkpt lat="35.95545" lon="137.39302" x:road="p"><ele>1425.91</ele></trkpt><trkpt lat="35.95549" lon="137.39305" x:road="p"><ele>1424.91</ele></trkpt><trkpt lat="35.95569" lon="137.39323" x:road="p"><ele>1423.31</ele></trkpt><trkpt lat="35.95582" lon="137.39338" x:road="p"><ele>1422.11</ele></trkpt><trkpt lat="35.95591" lon="137.39349" x:road="p"><ele>1420.96</ele></trkpt><trkpt lat="35.95603" lon="137.39358" x:road="p"><ele>1419.92</ele></trkpt><trkpt lat="35.95612" lon="137.39365" x:road="p"><ele>1418.89</ele></trkpt><trkpt lat="35.95618" lon="137.39375" x:road="p"><ele>1417.66</ele></trkpt><trkpt lat="35.9562" lon="137.39387" x:road="p"><ele>1416.26</ele></trkpt><trkpt lat="35.9562" lon="137.39404" x:road="p"><ele>1414.87</ele></trkpt><trkpt lat="35.95618" lon="137.39424" x:road="p"><ele>1413.38</ele></trkpt><trkpt lat="35.95619" lon="137.39459" x:road="p"><ele>1412</ele></trkpt><trkpt lat="35.9562" lon="137.39468" x:road="p"><ele>1410.76</ele></trkpt><trkpt lat="35.95617" lon="137.39481" x:road="p"><ele>1409.37</ele></trkpt><trkpt lat="35.95611" lon="137.39495" x:road="p"><ele>1407.9</ele></trkpt><trkpt lat="35.95608" lon="137.3951" x:road="p"><ele>1406.57</ele></trkpt><trkpt lat="35.95608" lon="137.39549" x:road="p"><ele>1405.04</ele></trkpt><trkpt lat="35.95608" lon="137.39549" x:road="p"><ele>1403.91</ele></trkpt><trkpt lat="35.95616" lon="137.3956" x:road="p"><ele>1403.02</ele></trkpt><trkpt lat="35.95625" lon="137.39569" x:road="p"><ele>1402.21</ele></trkpt><trkpt lat="35.9563" lon="137.39578" x:road="p"><ele>1401.25</ele></trkpt><trkpt lat="35.95633" lon="137.39587" x:road="p"><ele>1400.25</ele></trkpt><trkpt lat="35.95631" lon="137.39606" x:road="p"><ele>1399.02</ele></trkpt><trkpt lat="35.9563" lon="137.39616" x:road="p"><ele>1397.98</ele></trkpt><trkpt lat="35.95634" lon="137.3963" x:road="p"><ele>1397.1</ele></trkpt><trkpt lat="35.95639" lon="137.39635" x:road="p"><ele>1396.39</ele></trkpt><trkpt lat="35.95651" lon="137.39642" x:road="p"><ele>1395.86</ele></trkpt><trkpt lat="35.95675" lon="137.39659" x:road="p"><ele>1395.57</ele></trkpt><trkpt lat="35.957" lon="137.39682" x:road="p"><ele>1395.21</ele></trkpt><trkpt lat="35.95702" lon="137.39684" x:road="p"><ele>1394.61</ele></trkpt><trkpt lat="35.95706" lon="137.39691" x:road="p"><ele>1394.02</ele></trkpt><trkpt lat="35.95705" lon="137.39713" x:road="p"><ele>1393.15</ele></trkpt><trkpt lat="35.95707" lon="137.3972" x:road="p"><ele>1392.51</ele></trkpt><trkpt lat="35.95717" lon="137.39735" x:road="p"><ele>1392</ele></trkpt><trkpt lat="35.9572" lon="137.39739" x:road="p"><ele>1391.48</ele></trkpt><trkpt lat="35.95722" lon="137.39749" x:road="p"><ele>1390.86</ele></trkpt><trkpt lat="35.9572" lon="137.39755" x:road="p"><ele>1390.29</ele></trkpt><trkpt lat="35.9572" lon="137.39755" x:road="p"><ele>1389.79</ele></trkpt><trkpt lat="35.95708" lon="137.39778" x:road="p"><ele>1388.96</ele></trkpt><trkpt lat="35.95702" lon="137.39795" x:road="p"><ele>1388.36</ele></trkpt><trkpt lat="35.957" lon="137.39802" x:road="p"><ele>1387.85</ele></trkpt><trkpt lat="35.95695" lon="137.3982" x:road="p"><ele>1387.39</ele></trkpt><trkpt lat="35.9569" lon="137.39839" x:road="p"><ele>1386.99</ele></trkpt><trkpt lat="35.9569" lon="137.39839" x:road="p"><ele>1386.63</ele></trkpt><trkpt lat="35.95683" lon="137.39877" x:road="p"><ele>1386.26</ele></trkpt><trkpt lat="35.9568" lon="137.39893" x:road="p"><ele>1385.88</ele></trkpt><trkpt lat="35.9568" lon="137.39899" x:road="p"><ele>1385.59</ele></trkpt><trkpt lat="35.95691" lon="137.39927" x:road="p"><ele>1385.61</ele></trkpt><trkpt lat="35.95696" lon="137.39937" x:road="p"><ele>1385.47</ele></trkpt><trkpt lat="35.95697" lon="137.39942" x:road="p"><ele>1385.26</ele></trkpt><trkpt lat="35.95699" lon="137.3995" x:road="p"><ele>1385.05</ele></trkpt><trkpt lat="35.95698" lon="137.39964" x:road="p"><ele>1384.73</ele></trkpt><trkpt lat="35.95695" lon="137.39987" x:road="p"><ele>1384.19</ele></trkpt><trkpt lat="35.95696" lon="137.39997" x:road="p"><ele>1383.93</ele></trkpt><trkpt lat="35.95699" lon="137.40004" x:road="p"><ele>1383.77</ele></trkpt><trkpt lat="35.95717" lon="137.40036" x:road="p"><ele>1383.73</ele></trkpt><trkpt lat="35.95724" lon="137.40047" x:road="p"><ele>1383.62</ele></trkpt><trkpt lat="35.95734" lon="137.40062" x:road="p"><ele>1383.49</ele></trkpt><trkpt lat="35.95748" lon="137.40076" x:road="p"><ele>1383.4</ele></trkpt><trkpt lat="35.95758" lon="137.4009" x:road="p"><ele>1383.26</ele></trkpt><trkpt lat="35.95769" lon="137.40111" x:road="p"><ele>1383.09</ele></trkpt><trkpt lat="35.95781" lon="137.40131" x:road="p"><ele>1382.97</ele></trkpt><trkpt lat="35.95792" lon="137.40145" x:road="p"><ele>1382.92</ele></trkpt><trkpt lat="35.95803" lon="137.40159" x:road="p"><ele>1382.85</ele></trkpt><trkpt lat="35.9581" lon="137.40167" x:road="p"><ele>1382.72</ele></trkpt><trkpt lat="35.95812" lon="137.40173" x:road="p"><ele>1382.51</ele></trkpt><trkpt lat="35.95812" lon="137.4018" x:road="p"><ele>1382.22</ele></trkpt><trkpt lat="35.95808" lon="137.40203" x:road="p"><ele>1381.64</ele></trkpt><trkpt lat="35.95806" lon="137.40216" x:road="p"><ele>1381.19</ele></trkpt><trkpt lat="35.95809" lon="137.40248" x:road="p"><ele>1380.71</ele></trkpt><trkpt lat="35.95813" lon="137.40287" x:road="p"><ele>1380.4</ele></trkpt><trkpt lat="35.95816" lon="137.40319" x:road="p"><ele>1380.01</ele></trkpt><trkpt lat="35.95817" lon="137.40323" x:road="p"><ele>1379.64</ele></trkpt><trkpt lat="35.95818" lon="137.40326" x:road="p"><ele>1379.24</ele></trkpt><trkpt lat="35.9582" lon="137.40331" x:road="p"><ele>1378.84</ele></trkpt><trkpt lat="35.95825" lon="137.40345" x:road="p"><ele>1378.44</ele></trkpt><trkpt lat="35.95832" lon="137.40366" x:road="p"><ele>1377.99</ele></trkpt><trkpt lat="35.95836" lon="137.40385" x:road="p"><ele>1377.42</ele></trkpt><trkpt lat="35.9584" lon="137.40404" x:road="p"><ele>1376.76</ele></trkpt><trkpt lat="35.9584" lon="137.40406" x:road="p"><ele>1376.23</ele></trkpt><trkpt lat="35.95845" lon="137.40424" x:road="p"><ele>1375.65</ele></trkpt><trkpt lat="35.9585" lon="137.40443" x:road="p"><ele>1375.17</ele></trkpt><trkpt lat="35.95857" lon="137.40468" x:road="p"><ele>1374.9</ele></trkpt><trkpt lat="35.95858" lon="137.40487" x:road="p"><ele>1374.24</ele></trkpt><trkpt lat="35.9586" lon="137.40507" x:road="p"><ele>1373.55</ele></trkpt><trkpt lat="35.95861" lon="137.40526" x:road="p"><ele>1372.79</ele></trkpt><trkpt lat="35.95863" lon="137.40545" x:road="p"><ele>1372.14</ele></trkpt><trkpt lat="35.95865" lon="137.40571" x:road="p"><ele>1371.44</ele></trkpt><trkpt lat="35.95864" lon="137.40588" x:road="p"><ele>1370.7</ele></trkpt><trkpt lat="35.95867" lon="137.40598" x:road="p"><ele>1370.09</ele></trkpt><trkpt lat="35.9588" lon="137.40619" x:road="p"><ele>1369.69</ele></trkpt><trkpt lat="35.9588" lon="137.4062" x:road="p"><ele>1369.05</ele></trkpt><trkpt lat="35.95881" lon="137.40629" x:road="p"><ele>1368.37</ele></trkpt><trkpt lat="35.95882" lon="137.40644" x:road="p"><ele>1367.69</ele></trkpt><trkpt lat="35.95879" lon="137.40683" x:road="p"><ele>1366.62</ele></trkpt><trkpt lat="35.95879" lon="137.40685" x:road="p"><ele>1366.01</ele></trkpt><trkpt lat="35.95891" lon="137.40715" x:road="p"><ele>1365.35</ele></trkpt><trkpt lat="35.95896" lon="137.40743" x:road="p"><ele>1364.5</ele></trkpt><trkpt lat="35.95902" lon="137.40756" x:road="p"><ele>1363.91</ele></trkpt><trkpt lat="35.95907" lon="137.40762" x:road="p"><ele>1363.43</ele></trkpt><trkpt lat="35.9592" lon="137.40767" x:road="p"><ele>1363.21</ele></trkpt><trkpt lat="35.95943" lon="137.4076" x:road="p"><ele>1363.36</ele></trkpt><trkpt lat="35.95949" lon="137.4076" x:road="p"><ele>1363.03</ele></trkpt><trkpt lat="35.95954" lon="137.4076" x:road="p"><ele>1362.7</ele></trkpt><trkpt lat="35.95956" lon="137.4076" x:road="p"><ele>1362.29</ele></trkpt><trkpt lat="35.95968" lon="137.40763" x:road="p"><ele>1361.91</ele></trkpt><trkpt lat="35.9599" lon="137.40774" x:road="p"><ele>1361.33</ele></trkpt><trkpt lat="35.96018" lon="137.40786" x:road="p"><ele>1360.61</ele></trkpt><trkpt lat="35.96037" lon="137.40794" x:road="p"><ele>1360.06</ele></trkpt><trkpt lat="35.96052" lon="137.40803" x:road="p"><ele>1359.55</ele></trkpt><trkpt lat="35.96065" lon="137.40813" x:road="p"><ele>1359.08</ele></trkpt><trkpt lat="35.96076" lon="137.40819" x:road="p"><ele>1358.69</ele></trkpt><trkpt lat="35.96096" lon="137.40831" x:road="p"><ele>1358.29</ele></trkpt><trkpt lat="35.96108" lon="137.40839" x:road="p"><ele>1357.92</ele></trkpt><trkpt lat="35.96127" lon="137.40842" x:road="p"><ele>1357.78</ele></trkpt><trkpt lat="35.96158" lon="137.4085" x:road="p"><ele>1357.44</ele></trkpt><trkpt lat="35.96161" lon="137.40851" x:road="p"><ele>1357.14</ele></trkpt><trkpt lat="35.96181" lon="137.40858" x:road="p"><ele>1356.7</ele></trkpt><trkpt lat="35.96198" lon="137.40857" x:road="p"><ele>1356.51</ele></trkpt><trkpt lat="35.96226" lon="137.40863" x:road="p"><ele>1356.23</ele></trkpt><trkpt lat="35.96235" lon="137.40861" x:road="p"><ele>1355.99</ele></trkpt><trkpt lat="35.96244" lon="137.40856" x:road="p"><ele>1355.8</ele></trkpt><trkpt lat="35.96252" lon="137.4085" x:road="p"><ele>1355.61</ele></trkpt><trkpt lat="35.96259" lon="137.40848" x:road="p"><ele>1355.31</ele></trkpt><trkpt lat="35.96263" lon="137.4085" x:road="p"><ele>1354.94</ele></trkpt><trkpt lat="35.96273" lon="137.40867" x:road="p"><ele>1354.36</ele></trkpt><trkpt lat="35.96278" lon="137.40881" x:road="p"><ele>1353.84</ele></trkpt><trkpt lat="35.96287" lon="137.40894" x:road="p"><ele>1353.44</ele></trkpt><trkpt lat="35.96288" lon="137.40902" x:road="p"><ele>1353.03</ele></trkpt><trkpt lat="35.96275" lon="137.40929" x:road="p"><ele>1352.47</ele></trkpt><trkpt lat="35.96261" lon="137.40961" x:road="p"><ele>1352.09</ele></trkpt><trkpt lat="35.96257" lon="137.40968" x:road="p"><ele>1351.73</ele></trkpt><trkpt lat="35.96252" lon="137.40971" x:road="p"><ele>1351.33</ele></trkpt><trkpt lat="35.96221" lon="137.40973" x:road="p"><ele>1350.74</ele></trkpt><trkpt lat="35.96205" lon="137.4098" x:road="p"><ele>1350.42</ele></trkpt><trkpt lat="35.96184" lon="137.40993" x:road="p"><ele>1350.04</ele></trkpt><trkpt lat="35.9617" lon="137.41003" x:road="p"><ele>1349.67</ele></trkpt><trkpt lat="35.96157" lon="137.41012" x:road="p"><ele>1349.26</ele></trkpt><trkpt lat="35.96146" lon="137.4102" x:road="p"><ele>1348.88</ele></trkpt><trkpt lat="35.96141" lon="137.41026" x:road="p"><ele>1348.52</ele></trkpt><trkpt lat="35.96136" lon="137.41033" x:road="p"><ele>1348.15</ele></trkpt><trkpt lat="35.96132" lon="137.41038" x:road="p"><ele>1347.81</ele></trkpt><trkpt lat="35.96128" lon="137.41044" x:road="p"><ele>1347.5</ele></trkpt><trkpt lat="35.96118" lon="137.4105" x:road="p"><ele>1347.07</ele></trkpt><trkpt lat="35.96108" lon="137.41055" x:road="p"><ele>1346.57</ele></trkpt><trkpt lat="35.96103" lon="137.41062" x:road="p"><ele>1346.21</ele></trkpt><trkpt lat="35.96101" lon="137.41069" x:road="p"><ele>1345.92</ele></trkpt><trkpt lat="35.961" lon="137.41096" x:road="p"><ele>1345.76</ele></trkpt><trkpt lat="35.96102" lon="137.41109" x:road="p"><ele>1345.54</ele></trkpt><trkpt lat="35.96104" lon="137.41126" x:road="p"><ele>1345.31</ele></trkpt><trkpt lat="35.96102" lon="137.41143" x:road="p"><ele>1344.97</ele></trkpt><trkpt lat="35.96102" lon="137.41171" x:road="p"><ele>1344.79</ele></trkpt><trkpt lat="35.961" lon="137.4119" x:road="p"><ele>1344.47</ele></trkpt><trkpt lat="35.96096" lon="137.41207" x:road="p"><ele>1344.16</ele></trkpt><trkpt lat="35.96093" lon="137.41211" x:road="p"><ele>1343.81</ele></trkpt><trkpt lat="35.96084" lon="137.41216" x:road="p"><ele>1343.41</ele></trkpt><trkpt lat="35.96069" lon="137.41221" x:road="p"><ele>1342.98</ele></trkpt><trkpt lat="35.96054" lon="137.41227" x:road="p"><ele>1342.53</ele></trkpt><trkpt lat="35.96053" lon="137.41227" x:road="p"><ele>1342.18</ele></trkpt><trkpt lat="35.96053" lon="137.41227" x:road="p"><ele>1341.82</ele></trkpt><trkpt lat="35.96045" lon="137.41227" x:road="p"><ele>1341.41</ele></trkpt><trkpt lat="35.96033" lon="137.41227" x:road="p"><ele>1340.9</ele></trkpt><trkpt lat="35.96019" lon="137.41225" x:road="p"><ele>1340.3</ele></trkpt><trkpt lat="35.9601" lon="137.41227" x:road="p"><ele>1339.86</ele></trkpt><trkpt lat="35.96005" lon="137.41235" x:road="p"><ele>1339.59</ele></trkpt><trkpt lat="35.96004" lon="137.41237" x:road="p"><ele>1339.37</ele></trkpt><trkpt lat="35.96002" lon="137.41243" x:road="p"><ele>1339.21</ele></trkpt><trkpt lat="35.95998" lon="137.41256" x:road="p"><ele>1339.14</ele></trkpt><trkpt lat="35.95998" lon="137.41257" x:road="p"><ele>1339.05</ele></trkpt><trkpt lat="35.9599" lon="137.41275" x:road="p"><ele>1339.03</ele></trkpt><trkpt lat="35.95991" lon="137.41285" x:road="p"><ele>1339.18</ele></trkpt><trkpt lat="35.96001" lon="137.41299" x:road="p"><ele>1339.65</ele></trkpt><trkpt lat="35.96004" lon="137.41307" x:road="p"><ele>1339.87</ele></trkpt><trkpt lat="35.96004" lon="137.41319" x:road="p"><ele>1340</ele></trkpt><trkpt lat="35.95996" lon="137.41334" x:road="p"><ele>1340.05</ele></trkpt><trkpt lat="35.95985" lon="137.41353" x:road="p"><ele>1339.92</ele></trkpt><trkpt lat="35.95983" lon="137.41362" x:road="p"><ele>1340.04</ele></trkpt><trkpt lat="35.95984" lon="137.41368" x:road="p"><ele>1340.31</ele></trkpt><trkpt lat="35.95984" lon="137.41368" x:road="p"><ele>1340.63</ele></trkpt><trkpt lat="35.95987" lon="137.41377" x:road="p"><ele>1341.05</ele></trkpt><trkpt lat="35.95992" lon="137.41388" x:road="p"><ele>1341.54</ele></trkpt><trkpt lat="35.95993" lon="137.4139" x:road="p"><ele>1341.97</ele></trkpt><trkpt lat="35.95994" lon="137.41399" x:road="p"><ele>1342.41</ele></trkpt><trkpt lat="35.95992" lon="137.41416" x:road="p"><ele>1342.85</ele></trkpt><trkpt lat="35.95994" lon="137.41425" x:road="p"><ele>1343.24</ele></trkpt><trkpt lat="35.96006" lon="137.41438" x:road="p"><ele>1343.86</ele></trkpt><trkpt lat="35.96017" lon="137.41451" x:road="p"><ele>1344.55</ele></trkpt><trkpt lat="35.96018" lon="137.41452" x:road="p"><ele>1345</ele></trkpt><trkpt lat="35.96023" lon="137.4146" x:road="p"><ele>1345.55</ele></trkpt><trkpt lat="35.96025" lon="137.41468" x:road="p"><ele>1346</ele></trkpt><trkpt lat="35.96023" lon="137.41477" x:road="p"><ele>1346.37</ele></trkpt><trkpt lat="35.96011" lon="137.41499" x:road="p"><ele>1346.61</ele></trkpt><trkpt lat="35.96005" lon="137.41516" x:road="p"><ele>1346.98</ele></trkpt><trkpt lat="35.96002" lon="137.41526" x:road="p"><ele>1347.34</ele></trkpt><trkpt lat="35.95996" lon="137.41537" x:road="p"><ele>1347.65</ele></trkpt><trkpt lat="35.95981" lon="137.41558" x:road="p"><ele>1347.74</ele></trkpt><trkpt lat="35.95978" lon="137.41567" x:road="p"><ele>1348.11</ele></trkpt><trkpt lat="35.95973" lon="137.41581" x:road="p"><ele>1348.46</ele></trkpt><trkpt lat="35.95965" lon="137.41597" x:road="p"><ele>1348.7</ele></trkpt><trkpt lat="35.95963" lon="137.41604" x:road="p"><ele>1349.06</ele></trkpt><trkpt lat="35.95964" lon="137.41615" x:road="p"><ele>1349.53</ele></trkpt><trkpt lat="35.95976" lon="137.41651" x:road="p"><ele>1350.33</ele></trkpt><trkpt lat="35.95977" lon="137.41654" x:road="p"><ele>1350.71</ele></trkpt><trkpt lat="35.95988" lon="137.4167" x:road="p"><ele>1351.33</ele></trkpt><trkpt lat="35.9599" lon="137.41677" x:road="p"><ele>1351.65</ele></trkpt><trkpt lat="35.95991" lon="137.41687" x:road="p"><ele>1351.86</ele></trkpt><trkpt lat="35.95991" lon="137.41696" x:road="p"><ele>1352.07</ele></trkpt><trkpt lat="35.95992" lon="137.41708" x:road="p"><ele>1352.26</ele></trkpt><trkpt lat="35.95992" lon="137.41711" x:road="p"><ele>1352.51</ele></trkpt><trkpt lat="35.95992" lon="137.41734" x:road="p"><ele>1352.53</ele></trkpt><trkpt lat="35.95995" lon="137.41751" x:road="p"><ele>1352.69</ele></trkpt><trkpt lat="35.96002" lon="137.41765" x:road="p"><ele>1353</ele></trkpt><trkpt lat="35.96019" lon="137.41784" x:road="p"><ele>1353.59</ele></trkpt><trkpt lat="35.9603" lon="137.41798" x:road="p"><ele>1354.07</ele></trkpt><trkpt lat="35.96041" lon="137.41812" x:road="p"><ele>1354.47</ele></trkpt><trkpt lat="35.96041" lon="137.41813" x:road="p"><ele>1354.75</ele></trkpt><trkpt lat="35.96047" lon="137.41826" x:road="p"><ele>1354.96</ele></trkpt><trkpt lat="35.96053" lon="137.41849" x:road="p"><ele>1354.81</ele></trkpt><trkpt lat="35.9606" lon="137.41861" x:road="p"><ele>1355.02</ele></trkpt><trkpt lat="35.96071" lon="137.41868" x:road="p"><ele>1355.44</ele></trkpt><trkpt lat="35.961" lon="137.41881" x:road="p"><ele>1356.29</ele></trkpt><trkpt lat="35.96115" lon="137.41891" x:road="p"><ele>1356.61</ele></trkpt><trkpt lat="35.9613" lon="137.41907" x:road="p"><ele>1356.77</ele></trkpt><trkpt lat="35.96139" lon="137.41914" x:road="p"><ele>1357.04</ele></trkpt><trkpt lat="35.9615" lon="137.41915" x:road="p"><ele>1357.55</ele></trkpt><trkpt lat="35.96162" lon="137.41911" x:road="p"><ele>1358.14</ele></trkpt><trkpt lat="35.96191" lon="137.41897" x:road="p"><ele>1358.98</ele></trkpt><trkpt lat="35.96204" lon="137.41896" x:road="p"><ele>1359.43</ele></trkpt><trkpt lat="35.96212" lon="137.41903" x:road="p"><ele>1359.83</ele></trkpt><trkpt lat="35.96217" lon="137.41914" x:road="p"><ele>1360.2</ele></trkpt><trkpt lat="35.96219" lon="137.41926" x:road="p"><ele>1360.55</ele></trkpt><trkpt lat="35.96217" lon="137.41938" x:road="p"><ele>1360.86</ele></trkpt><trkpt lat="35.96209" lon="137.41972" x:road="p"><ele>1360.94</ele></trkpt><trkpt lat="35.96198" lon="137.42008" x:road="p"><ele>1360.84</ele></trkpt><trkpt lat="35.96196" lon="137.42014" x:road="p"><ele>1361.22</ele></trkpt><trkpt lat="35.96196" lon="137.42024" x:road="p"><ele>1361.68</ele></trkpt><trkpt lat="35.96199" lon="137.42035" x:road="p"><ele>1362.23</ele></trkpt><trkpt lat="35.96213" lon="137.42047" x:road="p"><ele>1363.04</ele></trkpt><trkpt lat="35.96225" lon="137.42051" x:road="p"><ele>1363.79</ele></trkpt><trkpt lat="35.9623" lon="137.42049" x:road="p"><ele>1364.51</ele></trkpt><trkpt lat="35.96239" lon="137.42042" x:road="p"><ele>1365.36</ele></trkpt><trkpt lat="35.9625" lon="137.42041" x:road="p"><ele>1366.09</ele></trkpt><trkpt lat="35.9628" lon="137.42047" x:road="p"><ele>1366.89</ele></trkpt><trkpt lat="35.96311" lon="137.42055" x:road="p"><ele>1367.74</ele></trkpt><trkpt lat="35.96314" lon="137.42056" x:road="p"><ele>1368.41</ele></trkpt><trkpt lat="35.96323" lon="137.42064" x:road="p"><ele>1369.03</ele></trkpt><trkpt lat="35.96331" lon="137.42072" x:road="p"><ele>1369.62</ele></trkpt><trkpt lat="35.96337" lon="137.42072" x:road="p"><ele>1370.31</ele></trkpt><trkpt lat="35.96347" lon="137.42069" x:road="p"><ele>1371.05</ele></trkpt><trkpt lat="35.96348" lon="137.42069" x:road="p"><ele>1371.64</ele></trkpt><trkpt lat="35.96356" lon="137.42068" x:road="p"><ele>1372.28</ele></trkpt><trkpt lat="35.96359" lon="137.42067" x:road="p"><ele>1372.84</ele></trkpt><trkpt lat="35.96362" lon="137.42071" x:road="p"><ele>1373.3</ele></trkpt><trkpt lat="35.96365" lon="137.42075" x:road="p"><ele>1373.72</ele></trkpt><trkpt lat="35.96366" lon="137.42078" x:road="p"><ele>1374.1</ele></trkpt><trkpt lat="35.96368" lon="137.42082" x:road="p"><ele>1374.46</ele></trkpt><trkpt lat="35.96369" lon="137.42085" x:road="p"><ele>1374.83</ele></trkpt><trkpt lat="35.9637" lon="137.42091" x:road="p"><ele>1375.17</ele></trkpt><trkpt lat="35.9637" lon="137.42092" x:road="p"><ele>1375.48</ele></trkpt><trkpt lat="35.9637" lon="137.42092" x:road="p"><ele>1375.76</ele></trkpt><trkpt lat="35.96368" lon="137.42101" x:road="p"><ele>1376</ele></trkpt><trkpt lat="35.96367" lon="137.42106" x:road="p"><ele>1376.22</ele></trkpt><trkpt lat="35.96367" lon="137.42106" x:road="p"><ele>1376.45</ele></trkpt><trkpt lat="35.96364" lon="137.42113" x:road="p"><ele>1376.62</ele></trkpt><trkpt lat="35.96364" lon="137.42114" x:road="p"><ele>1376.82</ele></trkpt><trkpt lat="35.96363" lon="137.42115" x:road="p"><ele>1377.01</ele></trkpt><trkpt lat="35.96363" lon="137.42122" x:road="p"><ele>1377.2</ele></trkpt><trkpt lat="35.96363" lon="137.42129" x:road="p"><ele>1377.41</ele></trkpt><trkpt lat="35.96361" lon="137.42132" x:road="p"><ele>1377.58</ele></trkpt><trkpt lat="35.96359" lon="137.42136" x:road="p"><ele>1377.76</ele></trkpt><trkpt lat="35.96357" lon="137.42139" x:road="p"><ele>1377.92</ele></trkpt><trkpt lat="35.96357" lon="137.42139" x:road="p"><ele>1378.08</ele></trkpt><trkpt lat="35.96345" lon="137.42142" x:road="p"><ele>1378.21</ele></trkpt><trkpt lat="35.96328" lon="137.4214" x:road="p"><ele>1378.28</ele></trkpt><trkpt lat="35.96312" lon="137.42142" x:road="p"><ele>1378.41</ele></trkpt><trkpt lat="35.96283" lon="137.42143" x:road="p"><ele>1378.48</ele></trkpt><trkpt lat="35.96275" lon="137.42148" x:road="p"><ele>1378.63</ele></trkpt><trkpt lat="35.96266" lon="137.42161" x:road="p"><ele>1378.9</ele></trkpt><trkpt lat="35.96262" lon="137.42175" x:road="p"><ele>1379.14</ele></trkpt><trkpt lat="35.96262" lon="137.42176" x:road="p"><ele>1379.28</ele></trkpt><trkpt lat="35.96264" lon="137.42183" x:road="p"><ele>1379.48</ele></trkpt><trkpt lat="35.96265" lon="137.4219" x:road="p"><ele>1379.66</ele></trkpt><trkpt lat="35.96267" lon="137.42198" x:road="p"><ele>1379.81</ele></trkpt><trkpt lat="35.96267" lon="137.4221" x:road="p"><ele>1379.94</ele></trkpt><trkpt lat="35.96265" lon="137.42214" x:road="p"><ele>1379.97</ele></trkpt><trkpt lat="35.9626" lon="137.42213" x:road="p"><ele>1379.91</ele></trkpt><trkpt lat="35.96241" lon="137.42204" x:road="p"><ele>1379.69</ele></trkpt><trkpt lat="35.96233" lon="137.42204" x:road="p"><ele>1379.58</ele></trkpt><trkpt lat="35.96227" lon="137.42206" x:road="p"><ele>1379.47</ele></trkpt><trkpt lat="35.96224" lon="137.4221" x:road="p"><ele>1379.34</ele></trkpt><trkpt lat="35.96224" lon="137.42236" x:road="p"><ele>1379.31</ele></trkpt><trkpt lat="35.96223" lon="137.42246" x:road="p"><ele>1379.1</ele></trkpt><trkpt lat="35.96219" lon="137.42251" x:road="p"><ele>1378.82</ele></trkpt><trkpt lat="35.96209" lon="137.42251" x:road="p"><ele>1378.45</ele></trkpt><trkpt lat="35.96202" lon="137.42245" x:road="p"><ele>1378.03</ele></trkpt><trkpt lat="35.96199" lon="137.42241" x:road="p"><ele>1377.53</ele></trkpt><trkpt lat="35.96187" lon="137.42213" x:road="p"><ele>1376.95</ele></trkpt><trkpt lat="35.96182" lon="137.42182" x:road="p"><ele>1376.04</ele></trkpt><trkpt lat="35.96182" lon="137.42165" x:road="p"><ele>1375.07</ele></trkpt><trkpt lat="35.96179" lon="137.42156" x:road="p"><ele>1374.23</ele></trkpt><trkpt lat="35.96174" lon="137.42149" x:road="p"><ele>1373.42</ele></trkpt><trkpt lat="35.96169" lon="137.42145" x:road="p"><ele>1372.61</ele></trkpt><trkpt lat="35.96158" lon="137.42139" x:road="p"><ele>1371.81</ele></trkpt><trkpt lat="35.96133" lon="137.42115" x:road="p"><ele>1370.57</ele></trkpt><trkpt lat="35.96132" lon="137.42114" x:road="p"><ele>1369.7</ele></trkpt><trkpt lat="35.96124" lon="137.42108" x:road="p"><ele>1368.74</ele></trkpt><trkpt lat="35.96108" lon="137.42108" x:road="p"><ele>1367.94</ele></trkpt><trkpt lat="35.96087" lon="137.42114" x:road="p"><ele>1367.14</ele></trkpt><trkpt lat="35.96058" lon="137.42129" x:road="p"><ele>1366.07</ele></trkpt><trkpt lat="35.96049" lon="137.42133" x:road="p"><ele>1365.18</ele></trkpt><trkpt lat="35.96041" lon="137.4214" x:road="p"><ele>1364.35</ele></trkpt><trkpt lat="35.96038" lon="137.42148" x:road="p"><ele>1363.56</ele></trkpt><trkpt lat="35.96041" lon="137.4216" x:road="p"><ele>1362.94</ele></trkpt><trkpt lat="35.96048" lon="137.42177" x:road="p"><ele>1362.35</ele></trkpt><trkpt lat="35.96049" lon="137.42204" x:road="p"><ele>1361.63</ele></trkpt><trkpt lat="35.96048" lon="137.42223" x:road="p"><ele>1360.84</ele></trkpt><trkpt lat="35.96046" lon="137.42243" x:road="p"><ele>1360.13</ele></trkpt><trkpt lat="35.96046" lon="137.42245" x:road="p"><ele>1359.32</ele></trkpt><trkpt lat="35.96042" lon="137.42253" x:road="p"><ele>1358.5</ele></trkpt><trkpt lat="35.96034" lon="137.42256" x:road="p"><ele>1357.66</ele></trkpt><trkpt lat="35.96025" lon="137.42254" x:road="p"><ele>1356.75</ele></trkpt><trkpt lat="35.96008" lon="137.42243" x:road="p"><ele>1355.68</ele></trkpt><trkpt lat="35.95986" lon="137.42229" x:road="p"><ele>1354.58</ele></trkpt><trkpt lat="35.95973" lon="137.42224" x:road="p"><ele>1353.55</ele></trkpt><trkpt lat="35.95942" lon="137.42219" x:road="p"><ele>1352.29</ele></trkpt><trkpt lat="35.95937" lon="137.42218" x:road="p"><ele>1351.32</ele></trkpt><trkpt lat="35.95928" lon="137.42218" x:road="p"><ele>1350.34</ele></trkpt><trkpt lat="35.95921" lon="137.42222" x:road="p"><ele>1349.43</ele></trkpt><trkpt lat="35.95918" lon="137.42228" x:road="p"><ele>1348.63</ele></trkpt><trkpt lat="35.9592" lon="137.42265" x:road="p"><ele>1348.29</ele></trkpt><trkpt lat="35.95918" lon="137.42276" x:road="p"><ele>1347.53</ele></trkpt><trkpt lat="35.95915" lon="137.42283" x:road="p"><ele>1346.82</ele></trkpt><trkpt lat="35.95907" lon="137.42297" x:road="p"><ele>1346.04</ele></trkpt><trkpt lat="35.959" lon="137.42316" x:road="p"><ele>1345.29</ele></trkpt><trkpt lat="35.95889" lon="137.42352" x:road="p"><ele>1344.34</ele></trkpt><trkpt lat="35.95891" lon="137.4236" x:road="p"><ele>1343.86</ele></trkpt><trkpt lat="35.95893" lon="137.42368" x:road="p"><ele>1343.4</ele></trkpt><trkpt lat="35.95895" lon="137.42376" x:road="p"><ele>1343.01</ele></trkpt><trkpt lat="35.95895" lon="137.42377" x:road="p"><ele>1342.52</ele></trkpt><trkpt lat="35.95892" lon="137.42391" x:road="p"><ele>1342.08</ele></trkpt><trkpt lat="35.95879" lon="137.42413" x:road="p"><ele>1341.45</ele></trkpt><trkpt lat="35.95876" lon="137.42419" x:road="p"><ele>1341.05</ele></trkpt><trkpt lat="35.9587" lon="137.42439" x:road="p"><ele>1340.67</ele></trkpt><trkpt lat="35.95865" lon="137.4246" x:road="p"><ele>1340.4</ele></trkpt><trkpt lat="35.95867" lon="137.42467" x:road="p"><ele>1340.36</ele></trkpt><trkpt lat="35.95882" lon="137.425" x:road="p"><ele>1340.62</ele></trkpt><trkpt lat="35.95887" lon="137.42526" x:road="p"><ele>1340.58</ele></trkpt><trkpt lat="35.95886" lon="137.42536" x:road="p"><ele>1340.59</ele></trkpt><trkpt lat="35.95883" lon="137.42546" x:road="p"><ele>1340.66</ele></trkpt><trkpt lat="35.95873" lon="137.4257" x:road="p"><ele>1340.63</ele></trkpt><trkpt lat="35.95873" lon="137.42578" x:road="p"><ele>1340.99</ele></trkpt><trkpt lat="35.95878" lon="137.42584" x:road="p"><ele>1341.55</ele></trkpt><trkpt lat="35.95886" lon="137.42592" x:road="p"><ele>1342.24</ele></trkpt><trkpt lat="35.95897" lon="137.42608" x:road="p"><ele>1343.08</ele></trkpt><trkpt lat="35.95909" lon="137.42627" x:road="p"><ele>1344.07</ele></trkpt><trkpt lat="35.95911" lon="137.42636" x:road="p"><ele>1344.95</ele></trkpt><trkpt lat="35.95909" lon="137.42643" x:road="p"><ele>1345.87</ele></trkpt><trkpt lat="35.95905" lon="137.42648" x:road="p"><ele>1346.81</ele></trkpt><trkpt lat="35.95875" lon="137.42651" x:road="p"><ele>1347.53</ele></trkpt><trkpt lat="35.95866" lon="137.42654" x:road="p"><ele>1348.58</ele></trkpt><trkpt lat="35.95858" lon="137.42659" x:road="p"><ele>1349.75</ele></trkpt><trkpt lat="35.95833" lon="137.42682" x:road="p"><ele>1351.07</ele></trkpt><trkpt lat="35.9583" lon="137.42685" x:road="p"><ele>1352.49</ele></trkpt><trkpt lat="35.95819" lon="137.42704" x:road="p"><ele>1354.04</ele></trkpt><trkpt lat="35.9581" lon="137.42715" x:road="p"><ele>1355.58</ele></trkpt><trkpt lat="35.95804" lon="137.42726" x:road="p"><ele>1357.18</ele></trkpt><trkpt lat="35.95804" lon="137.42736" x:road="p"><ele>1358.95</ele></trkpt><trkpt lat="35.95804" lon="137.4274" x:road="p"><ele>1360.67</ele></trkpt><trkpt lat="35.95805" lon="137.42745" x:road="p"><ele>1362.48</ele></trkpt><trkpt lat="35.95807" lon="137.42755" x:road="p"><ele>1364.33</ele></trkpt><trkpt lat="35.95808" lon="137.4276" x:road="p"><ele>1366.1</ele></trkpt><trkpt lat="35.9581" lon="137.42771" x:road="p"><ele>1367.94</ele></trkpt><trkpt lat="35.95808" lon="137.42785" x:road="p"><ele>1369.83</ele></trkpt><trkpt lat="35.95807" lon="137.42798" x:road="p"><ele>1371.59</ele></trkpt><trkpt lat="35.95811" lon="137.42833" x:road="p"><ele>1373.75</ele></trkpt><trkpt lat="35.95811" lon="137.42845" x:road="p"><ele>1375.3</ele></trkpt><trkpt lat="35.95809" lon="137.42852" x:road="p"><ele>1376.64</ele></trkpt><trkpt lat="35.95806" lon="137.42856" x:road="p"><ele>1377.83</ele></trkpt><trkpt lat="35.958" lon="137.4286" x:road="p"><ele>1378.87</ele></trkpt><trkpt lat="35.95795" lon="137.42861" x:road="p"><ele>1379.68</ele></trkpt><trkpt lat="35.95781" lon="137.42857" x:road="p"><ele>1380.49</ele></trkpt><trkpt lat="35.95764" lon="137.4285" x:road="p"><ele>1381.1</ele></trkpt><trkpt lat="35.95764" lon="137.4285" x:road="p"><ele>1381.39</ele></trkpt><trkpt lat="35.95757" lon="137.42846" x:road="p"><ele>1381.42</ele></trkpt><trkpt lat="35.95746" lon="137.42839" x:road="p"><ele>1381.23</ele></trkpt><trkpt lat="35.95733" lon="137.42829" x:road="p"><ele>1380.78</ele></trkpt><trkpt lat="35.95719" lon="137.42819" x:road="p"><ele>1380.34</ele></trkpt><trkpt lat="35.95708" lon="137.4281" x:road="p"><ele>1379.73</ele></trkpt><trkpt lat="35.95693" lon="137.42803" x:road="p"><ele>1378.91</ele></trkpt><trkpt lat="35.95678" lon="137.42797" x:road="p"><ele>1377.98</ele></trkpt><trkpt lat="35.9567" lon="137.42793" x:road="p"><ele>1377</ele></trkpt><trkpt lat="35.95663" lon="137.42791" x:road="p"><ele>1375.99</ele></trkpt><trkpt lat="35.95656" lon="137.42792" x:road="p"><ele>1374.95</ele></trkpt><trkpt lat="35.95643" lon="137.42798" x:road="p"><ele>1373.84</ele></trkpt><trkpt lat="35.95629" lon="137.42802" x:road="p"><ele>1372.72</ele></trkpt><trkpt lat="35.95607" lon="137.42805" x:road="p"><ele>1371.37</ele></trkpt><trkpt lat="35.95599" lon="137.42809" x:road="p"><ele>1370.27</ele></trkpt><trkpt lat="35.95575" lon="137.42834" x:road="p"><ele>1369.61</ele></trkpt><trkpt lat="35.95573" lon="137.42836" x:road="p"><ele>1368.66</ele></trkpt><trkpt lat="35.95559" lon="137.42848" x:road="p"><ele>1367.82</ele></trkpt><trkpt lat="35.95542" lon="137.42858" x:road="p"><ele>1366.45</ele></trkpt><trkpt lat="35.95521" lon="137.42865" x:road="p"><ele>1365.54</ele></trkpt><trkpt lat="35.95506" lon="137.42874" x:road="p"><ele>1364.73</ele></trkpt><trkpt lat="35.95494" lon="137.42887" x:road="p"><ele>1364.07</ele></trkpt><trkpt lat="35.95473" lon="137.42916" x:road="p"><ele>1363.47</ele></trkpt><trkpt lat="35.95456" lon="137.42938" x:road="p"><ele>1362.9</ele></trkpt><trkpt lat="35.95448" lon="137.42955" x:road="p"><ele>1362.94</ele></trkpt><trkpt lat="35.95441" lon="137.42963" x:road="p"><ele>1362.81</ele></trkpt><trkpt lat="35.95429" lon="137.42977" x:road="p"><ele>1362.74</ele></trkpt><trkpt lat="35.95411" lon="137.43009" x:road="p"><ele>1363.52</ele></trkpt><trkpt lat="35.9541" lon="137.43012" x:road="p"><ele>1363.74</ele></trkpt><trkpt lat="35.95403" lon="137.43019" x:road="p"><ele>1364.03</ele></trkpt><trkpt lat="35.9538" lon="137.43025" x:road="p"><ele>1363.96</ele></trkpt><trkpt lat="35.95351" lon="137.43037" x:road="p"><ele>1364.27</ele></trkpt><trkpt lat="35.9534" lon="137.43044" x:road="p"><ele>1364.9</ele></trkpt><trkpt lat="35.95321" lon="137.43075" x:road="p"><ele>1365.85</ele></trkpt><trkpt lat="35.95318" lon="137.43079" x:road="p"><ele>1366.69</ele></trkpt><trkpt lat="35.95297" lon="137.43108" x:road="p"><ele>1367.91</ele></trkpt><trkpt lat="35.95288" lon="137.43122" x:road="p"><ele>1369.05</ele></trkpt><trkpt lat="35.95276" lon="137.43138" x:road="p"><ele>1370.27</ele></trkpt><trkpt lat="35.95269" lon="137.43156" x:road="p"><ele>1371.46</ele></trkpt><trkpt lat="35.95263" lon="137.43178" x:road="p"><ele>1372.81</ele></trkpt><trkpt lat="35.95263" lon="137.4321" x:road="p"><ele>1374.57</ele></trkpt><trkpt lat="35.9525" lon="137.43218" x:road="p"><ele>1376.22</ele></trkpt><trkpt lat="35.95242" lon="137.43221" x:road="p"><ele>1377.57</ele></trkpt><trkpt lat="35.95236" lon="137.43215" x:road="p"><ele>1378.42</ele></trkpt><trkpt lat="35.9523" lon="137.43196" x:road="p"><ele>1378.59</ele></trkpt><trkpt lat="35.95226" lon="137.43171" x:road="p"><ele>1378.57</ele></trkpt><trkpt lat="35.95218" lon="137.43143" x:road="p"><ele>1378.83</ele></trkpt><trkpt lat="35.95215" lon="137.43135" x:road="p"><ele>1379.33</ele></trkpt><trkpt lat="35.95215" lon="137.43134" x:road="p"><ele>1379.83</ele></trkpt><trkpt lat="35.95211" lon="137.4312" x:road="p"><ele>1380.27</ele></trkpt><trkpt lat="35.95209" lon="137.43101" x:road="p"><ele>1380.53</ele></trkpt><trkpt lat="35.9521" lon="137.43082" x:road="p"><ele>1380.66</ele></trkpt><trkpt lat="35.95208" lon="137.43073" x:road="p"><ele>1381.06</ele></trkpt><trkpt lat="35.95204" lon="137.43066" x:road="p"><ele>1381.5</ele></trkpt><trkpt lat="35.95191" lon="137.4306" x:road="p"><ele>1382.02</ele></trkpt><trkpt lat="35.95169" lon="137.43055" x:road="p"><ele>1382.65</ele></trkpt><trkpt lat="35.95155" lon="137.43049" x:road="p"><ele>1383.18</ele></trkpt><trkpt lat="35.95143" lon="137.43041" x:road="p"><ele>1383.71</ele></trkpt><trkpt lat="35.95131" lon="137.43032" x:road="p"><ele>1384.28</ele></trkpt><trkpt lat="35.95125" lon="137.4303" x:road="p"><ele>1385.01</ele></trkpt><trkpt lat="35.95117" lon="137.43033" x:road="p"><ele>1385.88</ele></trkpt><trkpt lat="35.95096" lon="137.43053" x:road="p"><ele>1387.12</ele></trkpt><trkpt lat="35.95083" lon="137.43061" x:road="p"><ele>1388.23</ele></trkpt><trkpt lat="35.95069" lon="137.43066" x:road="p"><ele>1389.36</ele></trkpt><trkpt lat="35.95055" lon="137.43067" x:road="p"><ele>1390.53</ele></trkpt><trkpt lat="35.95042" lon="137.43066" x:road="p"><ele>1391.71</ele></trkpt><trkpt lat="35.95025" lon="137.43059" x:road="p"><ele>1393</ele></trkpt><trkpt lat="35.95015" lon="137.43057" x:road="p"><ele>1394.37</ele></trkpt><trkpt lat="35.94998" lon="137.43061" x:road="p"><ele>1395.89</ele></trkpt><trkpt lat="35.9499" lon="137.43063" x:road="p"><ele>1397.42</ele></trkpt><trkpt lat="35.94986" lon="137.43061" x:road="p"><ele>1398.97</ele></trkpt><trkpt lat="35.94976" lon="137.43043" x:road="p"><ele>1400.6</ele></trkpt><trkpt lat="35.94961" lon="137.43035" x:road="p"><ele>1402.34</ele></trkpt><trkpt lat="35.94941" lon="137.4303" x:road="p"><ele>1404.17</ele></trkpt><trkpt lat="35.94931" lon="137.43031" x:road="p"><ele>1405.97</ele></trkpt><trkpt lat="35.94906" lon="137.43042" x:road="p"><ele>1407.89</ele></trkpt><trkpt lat="35.9489" lon="137.43043" x:road="p"><ele>1409.82</ele></trkpt><trkpt lat="35.94887" lon="137.43038" x:road="p"><ele>1411.7</ele></trkpt><trkpt lat="35.94883" lon="137.43026" x:road="p"><ele>1413.62</ele></trkpt><trkpt lat="35.94879" lon="137.43013" x:road="p"><ele>1415.56</ele></trkpt><trkpt lat="35.94876" lon="137.4301" x:road="p"><ele>1417.48</ele></trkpt><trkpt lat="35.94869" lon="137.43009" x:road="p"><ele>1419.47</ele></trkpt><trkpt lat="35.94842" lon="137.4301" x:road="p"><ele>1421.7</ele></trkpt><trkpt lat="35.94834" lon="137.43006" x:road="p"><ele>1423.73</ele></trkpt><trkpt lat="35.94827" lon="137.42997" x:road="p"><ele>1425.73</ele></trkpt><trkpt lat="35.94827" lon="137.42979" x:road="p"><ele>1427.46</ele></trkpt><trkpt lat="35.94823" lon="137.42967" x:road="p"><ele>1429.25</ele></trkpt><trkpt lat="35.94815" lon="137.42959" x:road="p"><ele>1431.02</ele></trkpt><trkpt lat="35.94812" lon="137.42959" x:road="p"><ele>1432.81</ele></trkpt><trkpt lat="35.94809" lon="137.42959" x:road="p"><ele>1434.55</ele></trkpt><trkpt lat="35.94805" lon="137.42962" x:road="p"><ele>1436.29</ele></trkpt><trkpt lat="35.94802" lon="137.42964" x:road="p"><ele>1438</ele></trkpt><trkpt lat="35.948" lon="137.42969" x:road="p"><ele>1439.66</ele></trkpt><trkpt lat="35.94799" lon="137.42977" x:road="p"><ele>1441.21</ele></trkpt><trkpt lat="35.94799" lon="137.42978" x:road="p"><ele>1442.62</ele></trkpt><trkpt lat="35.948" lon="137.42987" x:road="p"><ele>1444.04</ele></trkpt><trkpt lat="35.94801" lon="137.43004" x:road="p"><ele>1445.4</ele></trkpt><trkpt lat="35.94801" lon="137.43005" x:road="p"><ele>1446.56</ele></trkpt><trkpt lat="35.94799" lon="137.43018" x:road="p"><ele>1447.73</ele></trkpt><trkpt lat="35.94798" lon="137.43027" x:road="p"><ele>1448.81</ele></trkpt><trkpt lat="35.94797" lon="137.43035" x:road="p"><ele>1449.71</ele></trkpt><trkpt lat="35.94795" lon="137.43041" x:road="p"><ele>1450.55</ele></trkpt><trkpt lat="35.94794" lon="137.43044" x:road="p"><ele>1451.29</ele></trkpt><trkpt lat="35.94792" lon="137.43049" x:road="p"><ele>1451.94</ele></trkpt><trkpt lat="35.94787" lon="137.43061" x:road="p"><ele>1452.55</ele></trkpt><trkpt lat="35.94786" lon="137.43066" x:road="p"><ele>1453.01</ele></trkpt><trkpt lat="35.94784" lon="137.43069" x:road="p"><ele>1453.4</ele></trkpt><trkpt lat="35.94777" lon="137.43082" x:road="p"><ele>1453.73</ele></trkpt><trkpt lat="35.94775" lon="137.43084" x:road="p"><ele>1453.94</ele></trkpt><trkpt lat="35.94773" lon="137.4309" x:road="p"><ele>1454.08</ele></trkpt><trkpt lat="35.94772" lon="137.43091" x:road="p"><ele>1454.11</ele></trkpt><trkpt lat="35.94769" lon="137.431" x:road="p"><ele>1454.05</ele></trkpt><trkpt lat="35.94768" lon="137.43101" x:road="p"><ele>1453.93</ele></trkpt><trkpt lat="35.94766" lon="137.43106" x:road="p"><ele>1453.74</ele></trkpt><trkpt lat="35.94766" lon="137.43109" x:road="p"><ele>1453.49</ele></trkpt><trkpt lat="35.94765" lon="137.43117" x:road="p"><ele>1453.21</ele></trkpt><trkpt lat="35.94769" lon="137.43127" x:road="p"><ele>1452.85</ele></trkpt><trkpt lat="35.94776" lon="137.43127" x:road="p"><ele>1452.43</ele></trkpt><trkpt lat="35.94784" lon="137.43127" x:road="p"><ele>1451.98</ele></trkpt><trkpt lat="35.94787" lon="137.43127" x:road="p"><ele>1451.55</ele></trkpt><trkpt lat="35.94794" lon="137.43127" x:road="p"><ele>1451.07</ele></trkpt><trkpt lat="35.94795" lon="137.43127" x:road="p"><ele>1450.64</ele></trkpt><trkpt lat="35.94799" lon="137.43127" x:road="p"><ele>1450.19</ele></trkpt><trkpt lat="35.94801" lon="137.43127" x:road="p"><ele>1449.78</ele></trkpt><trkpt lat="35.94805" lon="137.43128" x:road="p"><ele>1449.38</ele></trkpt><trkpt lat="35.94809" lon="137.43129" x:road="p"><ele>1449</ele></trkpt><trkpt lat="35.94811" lon="137.43132" x:road="p"><ele>1448.69</ele></trkpt><trkpt lat="35.94814" lon="137.43135" x:road="p"><ele>1448.43</ele></trkpt><trkpt lat="35.94814" lon="137.43135" x:road="p"><ele>1448.24</ele></trkpt><trkpt lat="35.94814" lon="137.43144" x:road="p"><ele>1448.19</ele></trkpt><trkpt lat="35.94814" lon="137.43149" x:road="p"><ele>1448.16</ele></trkpt><trkpt lat="35.94813" lon="137.43149" x:road="p"><ele>1448.17</ele></trkpt><trkpt lat="35.94809" lon="137.43157" x:road="p"><ele>1448.36</ele></trkpt><trkpt lat="35.94808" lon="137.4316" x:road="p"><ele>1448.52</ele></trkpt><trkpt lat="35.94803" lon="137.43174" x:road="p"><ele>1448.94</ele></trkpt><trkpt lat="35.94805" lon="137.43186" x:road="p"><ele>1449.27</ele></trkpt><trkpt lat="35.94811" lon="137.43204" x:road="p"><ele>1449.66</ele></trkpt><trkpt lat="35.94816" lon="137.43215" x:road="p"><ele>1450.06</ele></trkpt><trkpt lat="35.94824" lon="137.43226" x:road="p"><ele>1450.52</ele></trkpt><trkpt lat="35.94828" lon="137.43229" x:road="p"><ele>1451</ele></trkpt><trkpt lat="35.94831" lon="137.43231" x:road="p"><ele>1451.57</ele></trkpt><trkpt lat="35.94834" lon="137.43232" x:road="p"><ele>1452.19</ele></trkpt><trkpt lat="35.94843" lon="137.43235" x:road="p"><ele>1452.81</ele></trkpt><trkpt lat="35.94849" lon="137.43234" x:road="p"><ele>1453.56</ele></trkpt><trkpt lat="35.94862" lon="137.43233" x:road="p"><ele>1454.35</ele></trkpt><trkpt lat="35.94863" lon="137.43237" x:road="p"><ele>1455.36</ele></trkpt><trkpt lat="35.94862" lon="137.43244" x:road="p"><ele>1456.45</ele></trkpt><trkpt lat="35.94852" lon="137.43253" x:road="p"><ele>1457.72</ele></trkpt><trkpt lat="35.94821" lon="137.43257" x:road="p"><ele>1459.25</ele></trkpt><trkpt lat="35.94805" lon="137.43259" x:road="p"><ele>1460.65</ele></trkpt><trkpt lat="35.94794" lon="137.43257" x:road="p"><ele>1462.03</ele></trkpt><trkpt lat="35.94789" lon="137.43253" x:road="p"><ele>1463.37</ele></trkpt><trkpt lat="35.94789" lon="137.43235" x:road="p"><ele>1464.58</ele></trkpt><trkpt lat="35.94787" lon="137.43222" x:road="p"><ele>1465.96</ele></trkpt><trkpt lat="35.94785" lon="137.43216" x:road="p"><ele>1467.41</ele></trkpt><trkpt lat="35.94771" lon="137.43196" x:road="p"><ele>1468.9</ele></trkpt><trkpt lat="35.94762" lon="137.43185" x:road="p"><ele>1470.48</ele></trkpt><trkpt lat="35.94758" lon="137.43183" x:road="p"><ele>1472.17</ele></trkpt><trkpt lat="35.94752" lon="137.43183" x:road="p"><ele>1473.96</ele></trkpt><trkpt lat="35.94747" lon="137.43185" x:road="p"><ele>1475.8</ele></trkpt><trkpt lat="35.94723" lon="137.43206" x:road="p"><ele>1478.08</ele></trkpt><trkpt lat="35.94718" lon="137.43206" x:road="p"><ele>1479.96</ele></trkpt><trkpt lat="35.94706" lon="137.43193" x:road="p"><ele>1481.81</ele></trkpt><trkpt lat="35.94701" lon="137.4319" x:road="p"><ele>1483.75</ele></trkpt><trkpt lat="35.94682" lon="137.4319" x:road="p"><ele>1485.89</ele></trkpt><trkpt lat="35.94667" lon="137.43189" x:road="p"><ele>1487.96</ele></trkpt><trkpt lat="35.94651" lon="137.43183" x:road="p"><ele>1490.04</ele></trkpt><trkpt lat="35.94629" lon="137.43171" x:road="p"><ele>1492.1</ele></trkpt><trkpt lat="35.94605" lon="137.43161" x:road="p"><ele>1494.14</ele></trkpt><trkpt lat="35.94577" lon="137.43145" x:road="p"><ele>1496.21</ele></trkpt><trkpt lat="35.94559" lon="137.43127" x:road="p"><ele>1498.17</ele></trkpt><trkpt lat="35.94554" lon="137.43123" x:road="p"><ele>1500.04</ele></trkpt><trkpt lat="35.94547" lon="137.43122" x:road="p"><ele>1501.88</ele></trkpt><trkpt lat="35.94531" lon="137.43125" x:road="p"><ele>1503.69</ele></trkpt><trkpt lat="35.94516" lon="137.43129" x:road="p"><ele>1505.46</ele></trkpt><trkpt lat="35.9451" lon="137.4313" x:road="p"><ele>1507.19</ele></trkpt><trkpt lat="35.94485" lon="137.43134" x:road="p"><ele>1508.95</ele></trkpt><trkpt lat="35.94485" lon="137.43134" x:road="p"><ele>1510.6</ele></trkpt><trkpt lat="35.94456" lon="137.43136" x:road="p"><ele>1512.33</ele></trkpt><trkpt lat="35.94432" lon="137.43142" x:road="p"><ele>1513.92</ele></trkpt><trkpt lat="35.94415" lon="137.43145" x:road="p"><ele>1515.46</ele></trkpt><trkpt lat="35.944" lon="137.43146" x:road="p"><ele>1516.95</ele></trkpt><trkpt lat="35.94377" lon="137.43149" x:road="p"><ele>1518.5</ele></trkpt><trkpt lat="35.94364" lon="137.43152" x:road="p"><ele>1519.94</ele></trkpt><trkpt lat="35.94352" lon="137.4316" x:road="p"><ele>1521.31</ele></trkpt><trkpt lat="35.9434" lon="137.43173" x:road="p"><ele>1522.62</ele></trkpt><trkpt lat="35.94328" lon="137.43185" x:road="p"><ele>1523.84</ele></trkpt><trkpt lat="35.94304" lon="137.43211" x:road="p"><ele>1525</ele></trkpt><trkpt lat="35.94296" lon="137.4322" x:road="p"><ele>1525.99</ele></trkpt><trkpt lat="35.94274" lon="137.43244" x:road="p"><ele>1526.97</ele></trkpt><trkpt lat="35.94264" lon="137.43259" x:road="p"><ele>1527.89</ele></trkpt><trkpt lat="35.94253" lon="137.43273" x:road="p"><ele>1528.72</ele></trkpt><trkpt lat="35.94238" lon="137.43295" x:road="p"><ele>1529.5</ele></trkpt><trkpt lat="35.94217" lon="137.43324" x:road="p"><ele>1530.22</ele></trkpt><trkpt lat="35.94196" lon="137.43353" x:road="p"><ele>1530.89</ele></trkpt><trkpt lat="35.94185" lon="137.43369" x:road="p"><ele>1531.54</ele></trkpt><trkpt lat="35.94167" lon="137.43399" x:road="p"><ele>1532.2</ele></trkpt><trkpt lat="35.94148" lon="137.43426" x:road="p"><ele>1532.76</ele></trkpt><trkpt lat="35.94135" lon="137.4344" x:road="p"><ele>1533.18</ele></trkpt><trkpt lat="35.94126" lon="137.43446" x:road="p"><ele>1533.58</ele></trkpt><trkpt lat="35.94103" lon="137.43458" x:road="p"><ele>1533.85</ele></trkpt><trkpt lat="35.94088" lon="137.43471" x:road="p"><ele>1534.15</ele></trkpt><trkpt lat="35.94073" lon="137.43483" x:road="p"><ele>1534.42</ele></trkpt><trkpt lat="35.94062" lon="137.4349" x:road="p"><ele>1534.65</ele></trkpt><trkpt lat="35.94033" lon="137.43505" x:road="p"><ele>1534.82</ele></trkpt><trkpt lat="35.94017" lon="137.43513" x:road="p"><ele>1535.03</ele></trkpt><trkpt lat="35.93991" lon="137.43528" x:road="p"><ele>1535.2</ele></trkpt><trkpt lat="35.93988" lon="137.43534" x:road="p"><ele>1535.42</ele></trkpt><trkpt lat="35.93988" lon="137.43544" x:road="p"><ele>1535.67</ele></trkpt><trkpt lat="35.93992" lon="137.43563" x:road="p"><ele>1535.94</ele></trkpt><trkpt lat="35.93997" lon="137.43581" x:road="p"><ele>1536.16</ele></trkpt><trkpt lat="35.93997" lon="137.43582" x:road="p"><ele>1536.36</ele></trkpt><trkpt lat="35.94" lon="137.43597" x:road="p"><ele>1536.63</ele></trkpt><trkpt lat="35.93993" lon="137.43635" x:road="p"><ele>1537.01</ele></trkpt><trkpt lat="35.93988" lon="137.43663" x:road="p"><ele>1537.34</ele></trkpt><trkpt lat="35.93984" lon="137.43678" x:road="p"><ele>1537.65</ele></trkpt><trkpt lat="35.9398" lon="137.43686" x:road="p"><ele>1537.98</ele></trkpt><trkpt lat="35.93974" lon="137.43689" x:road="p"><ele>1538.3</ele></trkpt><trkpt lat="35.93964" lon="137.43689" x:road="p"><ele>1538.66</ele></trkpt><trkpt lat="35.93958" lon="137.43688" x:road="p"><ele>1538.98</ele></trkpt><trkpt lat="35.93957" lon="137.43686" x:road="p"><ele>1539.25</ele></trkpt><trkpt lat="35.93953" lon="137.43671" x:road="p"><ele>1539.52</ele></trkpt><trkpt lat="35.93953" lon="137.43642" x:road="p"><ele>1539.54</ele></trkpt><trkpt lat="35.93952" lon="137.43619" x:road="p"><ele>1539.68</ele></trkpt><trkpt lat="35.93949" lon="137.43611" x:road="p"><ele>1540.03</ele></trkpt><trkpt lat="35.93946" lon="137.43609" x:road="p"><ele>1540.48</ele></trkpt><trkpt lat="35.93936" lon="137.43608" x:road="p"><ele>1541.04</ele></trkpt><trkpt lat="35.93929" lon="137.43609" x:road="p"><ele>1541.65</ele></trkpt><trkpt lat="35.93919" lon="137.43606" x:road="p"><ele>1542.34</ele></trkpt><trkpt lat="35.93915" lon="137.436" x:road="p"><ele>1543.01</ele></trkpt><trkpt lat="35.93912" lon="137.43584" x:road="p"><ele>1543.67</ele></trkpt><trkpt lat="35.93909" lon="137.43571" x:road="p"><ele>1544.37</ele></trkpt><trkpt lat="35.93905" lon="137.43565" x:road="p"><ele>1545.2</ele></trkpt><trkpt lat="35.93901" lon="137.43562" x:road="p"><ele>1546.13</ele></trkpt><trkpt lat="35.93895" lon="137.43562" x:road="p"><ele>1547.14</ele></trkpt><trkpt lat="35.93878" lon="137.43569" x:road="p"><ele>1548.35</ele></trkpt><trkpt lat="35.9387" lon="137.43572" x:road="p"><ele>1549.53</ele></trkpt><trkpt lat="35.93853" lon="137.43576" x:road="p"><ele>1550.75</ele></trkpt><trkpt lat="35.93842" lon="137.43582" x:road="p"><ele>1552.04</ele></trkpt><trkpt lat="35.9383" lon="137.43599" x:road="p"><ele>1553.49</ele></trkpt><trkpt lat="35.93818" lon="137.43621" x:road="p"><ele>1555.03</ele></trkpt><trkpt lat="35.93808" lon="137.43634" x:road="p"><ele>1556.52</ele></trkpt><trkpt lat="35.93797" lon="137.43644" x:road="p"><ele>1558.03</ele></trkpt><trkpt lat="35.93791" lon="137.4365" x:road="p"><ele>1559.55</ele></trkpt><trkpt lat="35.93765" lon="137.43673" x:road="p"><ele>1561.26</ele></trkpt><trkpt lat="35.93765" lon="137.43673" x:road="p"><ele>1562.86</ele></trkpt><trkpt lat="35.93757" lon="137.43678" x:road="p"><ele>1564.55</ele></trkpt><trkpt lat="35.93751" lon="137.43682" x:road="p"><ele>1566.25</ele></trkpt><trkpt lat="35.93722" lon="137.43696" x:road="p"><ele>1568.22</ele></trkpt><trkpt lat="35.93704" lon="137.43704" x:road="p"><ele>1570.05</ele></trkpt><trkpt lat="35.93697" lon="137.43707" x:road="p"><ele>1571.76</ele></trkpt><trkpt lat="35.93675" lon="137.43706" x:road="p"><ele>1573.42</ele></trkpt><trkpt lat="35.93668" lon="137.43706" x:road="p"><ele>1575.07</ele></trkpt><trkpt lat="35.93654" lon="137.4371" x:road="p"><ele>1576.79</ele></trkpt><trkpt lat="35.93647" lon="137.43712" x:road="p"><ele>1578.49</ele></trkpt><trkpt lat="35.93636" lon="137.43718" x:road="p"><ele>1580.23</ele></trkpt><trkpt lat="35.93629" lon="137.43722" x:road="p"><ele>1581.95</ele></trkpt><trkpt lat="35.93626" lon="137.43731" x:road="p"><ele>1583.81</ele></trkpt><trkpt lat="35.93622" lon="137.43739" x:road="p"><ele>1585.68</ele></trkpt><trkpt lat="35.93632" lon="137.43747" x:road="p"><ele>1587.56</ele></trkpt><trkpt lat="35.93638" lon="137.43753" x:road="p"><ele>1589.39</ele></trkpt><trkpt lat="35.93646" lon="137.43749" x:road="p"><ele>1591.05</ele></trkpt><trkpt lat="35.93653" lon="137.43746" x:road="p"><ele>1592.75</ele></trkpt><trkpt lat="35.93663" lon="137.43749" x:road="p"><ele>1594.47</ele></trkpt><trkpt lat="35.9367" lon="137.43751" x:road="p"><ele>1596.2</ele></trkpt><trkpt lat="35.93685" lon="137.43761" x:road="p"><ele>1597.96</ele></trkpt><trkpt lat="35.93692" lon="137.43765" x:road="p"><ele>1599.63</ele></trkpt><trkpt lat="35.93711" lon="137.43775" x:road="p"><ele>1601.3</ele></trkpt><trkpt lat="35.93718" lon="137.43779" x:road="p"><ele>1602.89</ele></trkpt><trkpt lat="35.93723" lon="137.43783" x:road="p"><ele>1604.47</ele></trkpt><trkpt lat="35.93729" lon="137.43787" x:road="p"><ele>1606.04</ele></trkpt><trkpt lat="35.93731" lon="137.43792" x:road="p"><ele>1607.62</ele></trkpt><trkpt lat="35.93734" lon="137.438" x:road="p"><ele>1609.18</ele></trkpt><trkpt lat="35.93714" lon="137.43831" x:road="p"><ele>1611.06</ele></trkpt><trkpt lat="35.937" lon="137.43852" x:road="p"><ele>1612.67</ele></trkpt><trkpt lat="35.93696" lon="137.43859" x:road="p"><ele>1614.11</ele></trkpt><trkpt lat="35.9368" lon="137.43877" x:road="p"><ele>1615.56</ele></trkpt><trkpt lat="35.93674" lon="137.43883" x:road="p"><ele>1616.86</ele></trkpt><trkpt lat="35.93661" lon="137.43887" x:road="p"><ele>1618.12</ele></trkpt><trkpt lat="35.93654" lon="137.4389" x:road="p"><ele>1619.29</ele></trkpt><trkpt lat="35.93638" lon="137.43894" x:road="p"><ele>1620.46</ele></trkpt><trkpt lat="35.93623" lon="137.43897" x:road="p"><ele>1621.57</ele></trkpt><trkpt lat="35.9362" lon="137.43898" x:road="p"><ele>1622.49</ele></trkpt><trkpt lat="35.93612" lon="137.439" x:road="p"><ele>1623.35</ele></trkpt><trkpt lat="35.93604" lon="137.43903" x:road="p"><ele>1624.15</ele></trkpt><trkpt lat="35.93596" lon="137.43905" x:road="p"><ele>1624.87</ele></trkpt><trkpt lat="35.9359" lon="137.4391" x:road="p"><ele>1625.51</ele></trkpt><trkpt lat="35.93584" lon="137.43914" x:road="p"><ele>1626.08</ele></trkpt><trkpt lat="35.93583" lon="137.43915" x:road="p"><ele>1626.55</ele></trkpt><trkpt lat="35.93577" lon="137.43921" x:road="p"><ele>1626.98</ele></trkpt><trkpt lat="35.93576" lon="137.43926" x:road="p"><ele>1627.34</ele></trkpt><trkpt lat="35.93573" lon="137.43935" x:road="p"><ele>1627.68</ele></trkpt><trkpt lat="35.93579" lon="137.43946" x:road="p"><ele>1627.92</ele></trkpt><trkpt lat="35.93583" lon="137.43953" x:road="p"><ele>1628.08</ele></trkpt><trkpt lat="35.93604" lon="137.43966" x:road="p"><ele>1628.1</ele></trkpt><trkpt lat="35.93611" lon="137.43969" x:road="p"><ele>1628.18</ele></trkpt><trkpt lat="35.93618" lon="137.43981" x:road="p"><ele>1628.23</ele></trkpt><trkpt lat="35.93622" lon="137.43989" x:road="p"><ele>1628.27</ele></trkpt><trkpt lat="35.93622" lon="137.43989" x:road="p"><ele>1628.31</ele></trkpt><trkpt lat="35.93628" lon="137.43995" x:road="p"><ele>1628.3</ele></trkpt><trkpt lat="35.93641" lon="137.4403" x:road="p"><ele>1628.27</ele></trkpt><trkpt lat="35.93648" lon="137.44049" x:road="p"><ele>1628.33</ele></trkpt><trkpt lat="35.93652" lon="137.44057" x:road="p"><ele>1628.42</ele></trkpt><trkpt lat="35.93663" lon="137.44076" x:road="p"><ele>1628.55</ele></trkpt><trkpt lat="35.93668" lon="137.44083" x:road="p"><ele>1628.69</ele></trkpt><trkpt lat="35.93687" lon="137.44102" x:road="p"><ele>1628.75</ele></trkpt><trkpt lat="35.93692" lon="137.44107" x:road="p"><ele>1628.99</ele></trkpt><trkpt lat="35.93692" lon="137.44107" x:road="p"><ele>1629.26</ele></trkpt><trkpt lat="35.93693" lon="137.44116" x:road="p"><ele>1629.62</ele></trkpt><trkpt lat="35.93694" lon="137.44125" x:road="p"><ele>1630.04</ele></trkpt><trkpt lat="35.93688" lon="137.44127" x:road="p"><ele>1630.57</ele></trkpt><trkpt lat="35.93681" lon="137.44129" x:road="p"><ele>1631.16</ele></trkpt><trkpt lat="35.93675" lon="137.44122" x:road="p"><ele>1631.77</ele></trkpt><trkpt lat="35.93669" lon="137.44116" x:road="p"><ele>1632.45</ele></trkpt><trkpt lat="35.93648" lon="137.44087" x:road="p"><ele>1633.3</ele></trkpt><trkpt lat="35.93644" lon="137.4408" x:road="p"><ele>1634.1</ele></trkpt><trkpt lat="35.93639" lon="137.44074" x:road="p"><ele>1634.89</ele></trkpt><trkpt lat="35.9363" lon="137.44058" x:road="p"><ele>1635.73</ele></trkpt><trkpt lat="35.93621" lon="137.44042" x:road="p"><ele>1636.6</ele></trkpt><trkpt lat="35.93608" lon="137.44019" x:road="p"><ele>1637.49</ele></trkpt><trkpt lat="35.93604" lon="137.44012" x:road="p"><ele>1638.5</ele></trkpt><trkpt lat="35.9359" lon="137.44008" x:road="p"><ele>1639.67</ele></trkpt><trkpt lat="35.93583" lon="137.44005" x:road="p"><ele>1640.79</ele></trkpt><trkpt lat="35.93574" lon="137.44017" x:road="p"><ele>1642.09</ele></trkpt><trkpt lat="35.93568" lon="137.44023" x:road="p"><ele>1643.32</ele></trkpt><trkpt lat="35.93562" lon="137.44036" x:road="p"><ele>1644.59</ele></trkpt><trkpt lat="35.93559" lon="137.44044" x:road="p"><ele>1645.82</ele></trkpt><trkpt lat="35.93557" lon="137.44063" x:road="p"><ele>1647.06</ele></trkpt><trkpt lat="35.93557" lon="137.44072" x:road="p"><ele>1648.25</ele></trkpt><trkpt lat="35.93553" lon="137.44084" x:road="p"><ele>1649.4</ele></trkpt><trkpt lat="35.9355" lon="137.44093" x:road="p"><ele>1650.54</ele></trkpt><trkpt lat="35.9354" lon="137.44104" x:road="p"><ele>1651.65</ele></trkpt><trkpt lat="35.93535" lon="137.4411" x:road="p"><ele>1652.75</ele></trkpt><trkpt lat="35.93524" lon="137.44113" x:road="p"><ele>1653.83</ele></trkpt><trkpt lat="35.93517" lon="137.44115" x:road="p"><ele>1654.88</ele></trkpt><trkpt lat="35.93514" lon="137.44118" x:road="p"><ele>1655.87</ele></trkpt><trkpt lat="35.93507" lon="137.44123" x:road="p"><ele>1656.86</ele></trkpt><trkpt lat="35.93507" lon="137.44139" x:road="p"><ele>1657.79</ele></trkpt><trkpt lat="35.93507" lon="137.44149" x:road="p"><ele>1658.71</ele></trkpt><trkpt lat="35.93514" lon="137.44169" x:road="p"><ele>1659.58</ele></trkpt><trkpt lat="35.93517" lon="137.44177" x:road="p"><ele>1660.45</ele></trkpt><trkpt lat="35.93515" lon="137.44193" x:road="p"><ele>1661.32</ele></trkpt><trkpt lat="35.93515" lon="137.44202" x:road="p"><ele>1662.14</ele></trkpt><trkpt lat="35.93513" lon="137.4421" x:road="p"><ele>1662.92</ele></trkpt><trkpt lat="35.93509" lon="137.44222" x:road="p"><ele>1663.72</ele></trkpt><trkpt lat="35.93504" lon="137.44229" x:road="p"><ele>1664.5</ele></trkpt><trkpt lat="35.93501" lon="137.4423" x:road="p"><ele>1665.2</ele></trkpt><trkpt lat="35.93497" lon="137.4423" x:road="p"><ele>1665.87</ele></trkpt><trkpt lat="35.93485" lon="137.44212" x:road="p"><ele>1666.47</ele></trkpt><trkpt lat="35.93476" lon="137.442" x:road="p"><ele>1667.05</ele></trkpt><trkpt lat="35.93466" lon="137.44192" x:road="p"><ele>1667.64</ele></trkpt><trkpt lat="35.93457" lon="137.44192" x:road="p"><ele>1668.23</ele></trkpt><trkpt lat="35.93447" lon="137.44197" x:road="p"><ele>1668.78</ele></trkpt><trkpt lat="35.93437" lon="137.44208" x:road="p"><ele>1669.32</ele></trkpt><trkpt lat="35.93433" lon="137.44216" x:road="p"><ele>1669.79</ele></trkpt><trkpt lat="35.93429" lon="137.44224" x:road="p"><ele>1670.25</ele></trkpt><trkpt lat="35.93421" lon="137.4424" x:road="p"><ele>1670.73</ele></trkpt><trkpt lat="35.93421" lon="137.4424" x:road="p"><ele>1671.15</ele></trkpt><trkpt lat="35.93417" lon="137.44248" x:road="p"><ele>1671.57</ele></trkpt><trkpt lat="35.9341" lon="137.44262" x:road="p"><ele>1672</ele></trkpt><trkpt lat="35.93409" lon="137.44264" x:road="p"><ele>1672.41</ele></trkpt><trkpt lat="35.93405" lon="137.44269" x:road="p"><ele>1672.81</ele></trkpt><trkpt lat="35.93394" lon="137.44282" x:road="p"><ele>1673.23</ele></trkpt><trkpt lat="35.93394" lon="137.44285" x:road="p"><ele>1673.65</ele></trkpt><trkpt lat="35.93392" lon="137.44292" x:road="p"><ele>1674.08</ele></trkpt><trkpt lat="35.93392" lon="137.44294" x:road="p"><ele>1674.51</ele></trkpt><trkpt lat="35.9339" lon="137.443" x:road="p"><ele>1674.98</ele></trkpt><trkpt lat="35.9339" lon="137.44301" x:road="p"><ele>1675.43</ele></trkpt><trkpt lat="35.93388" lon="137.44309" x:road="p"><ele>1675.94</ele></trkpt><trkpt lat="35.93388" lon="137.44311" x:road="p"><ele>1676.43</ele></trkpt><trkpt lat="35.93388" lon="137.44312" x:road="p"><ele>1676.92</ele></trkpt><trkpt lat="35.93385" lon="137.44318" x:road="p"><ele>1677.46</ele></trkpt><trkpt lat="35.93386" lon="137.44319" x:road="p"><ele>1678</ele></trkpt><trkpt lat="35.9339" lon="137.4432" x:road="p"><ele>1678.56</ele></trkpt><trkpt lat="35.93391" lon="137.44321" x:road="p"><ele>1679.12</ele></trkpt><trkpt lat="35.93385" lon="137.44322" x:road="p"><ele>1679.71</ele></trkpt><trkpt lat="35.9338" lon="137.44323" x:road="p"><ele>1680.32</ele></trkpt><trkpt lat="35.93376" lon="137.44324" x:road="p"><ele>1680.93</ele></trkpt><trkpt lat="35.93373" lon="137.44326" x:road="p"><ele>1681.57</ele></trkpt><trkpt lat="35.93365" lon="137.4433" x:road="p"><ele>1682.22</ele></trkpt><trkpt lat="35.93354" lon="137.44339" x:road="p"><ele>1682.9</ele></trkpt><trkpt lat="35.9334" lon="137.4435" x:road="p"><ele>1683.63</ele></trkpt><trkpt lat="35.93334" lon="137.44355" x:road="p"><ele>1684.3</ele></trkpt><trkpt lat="35.93328" lon="137.44359" x:road="p"><ele>1684.98</ele></trkpt><trkpt lat="35.93316" lon="137.44369" x:road="p"><ele>1685.67</ele></trkpt><trkpt lat="35.93296" lon="137.44384" x:road="p"><ele>1686.39</ele></trkpt><trkpt lat="35.93276" lon="137.444" x:road="p"><ele>1687.15</ele></trkpt><trkpt lat="35.93269" lon="137.44406" x:road="p"><ele>1687.82</ele></trkpt><trkpt lat="35.93259" lon="137.44409" x:road="p"><ele>1688.47</ele></trkpt><trkpt lat="35.93246" lon="137.44405" x:road="p"><ele>1689.14</ele></trkpt><trkpt lat="35.9324" lon="137.444" x:road="p"><ele>1689.67</ele></trkpt><trkpt lat="35.93235" lon="137.44389" x:road="p"><ele>1690.05</ele></trkpt><trkpt lat="35.93228" lon="137.44372" x:road="p"><ele>1690.37</ele></trkpt><trkpt lat="35.93221" lon="137.44354" x:road="p"><ele>1690.67</ele></trkpt><trkpt lat="35.93216" lon="137.44342" x:road="p"><ele>1690.93</ele></trkpt><trkpt lat="35.93212" lon="137.44338" x:road="p"><ele>1691.17</ele></trkpt><trkpt lat="35.93203" lon="137.44335" x:road="p"><ele>1691.39</ele></trkpt><trkpt lat="35.93196" lon="137.44336" x:road="p"><ele>1691.51</ele></trkpt><trkpt lat="35.93184" lon="137.44342" x:road="p"><ele>1691.64</ele></trkpt><trkpt lat="35.93175" lon="137.44347" x:road="p"><ele>1691.72</ele></trkpt><trkpt lat="35.93166" lon="137.44349" x:road="p"><ele>1691.7</ele></trkpt><trkpt lat="35.93141" lon="137.44341" x:road="p"><ele>1691.51</ele></trkpt><trkpt lat="35.93125" lon="137.44338" x:road="p"><ele>1691.33</ele></trkpt><trkpt lat="35.9311" lon="137.44335" x:road="p"><ele>1691.14</ele></trkpt><trkpt lat="35.93104" lon="137.44334" x:road="p"><ele>1690.89</ele></trkpt><trkpt lat="35.9309" lon="137.44323" x:road="p"><ele>1690.47</ele></trkpt><trkpt lat="35.93076" lon="137.44308" x:road="p"><ele>1689.93</ele></trkpt><trkpt lat="35.93063" lon="137.44285" x:road="p"><ele>1689.15</ele></trkpt><trkpt lat="35.93057" lon="137.44282" x:road="p"><ele>1688.72</ele></trkpt><trkpt lat="35.93046" lon="137.44283" x:road="p"><ele>1688.36</ele></trkpt><trkpt lat="35.93028" lon="137.44288" x:road="p"><ele>1688.08</ele></trkpt><trkpt lat="35.93008" lon="137.44298" x:road="p"><ele>1687.73</ele></trkpt><trkpt lat="35.92983" lon="137.44306" x:road="p"><ele>1687.33</ele></trkpt><trkpt lat="35.92971" lon="137.44314" x:road="p"><ele>1686.98</ele></trkpt><trkpt lat="35.92962" lon="137.44328" x:road="p"><ele>1686.76</ele></trkpt><trkpt lat="35.92956" lon="137.44346" x:road="p"><ele>1686.69</ele></trkpt><trkpt lat="35.9295" lon="137.44364" x:road="p"><ele>1686.65</ele></trkpt><trkpt lat="35.92939" lon="137.44396" x:road="p"><ele>1686.61</ele></trkpt><trkpt lat="35.92927" lon="137.44414" x:road="p"><ele>1686.5</ele></trkpt><trkpt lat="35.92914" lon="137.44422" x:road="p"><ele>1686.57</ele></trkpt><trkpt lat="35.92896" lon="137.44422" x:road="p"><ele>1686.71</ele></trkpt><trkpt lat="35.9288" lon="137.44416" x:road="p"><ele>1686.97</ele></trkpt><trkpt lat="35.92872" lon="137.44409" x:road="p"><ele>1687.17</ele></trkpt><trkpt lat="35.92863" lon="137.44395" x:road="p"><ele>1687.27</ele></trkpt><trkpt lat="35.92856" lon="137.44385" x:road="p"><ele>1687.46</ele></trkpt><trkpt lat="35.9285" lon="137.4438" x:road="p"><ele>1687.79</ele></trkpt><trkpt lat="35.92838" lon="137.44383" x:road="p"><ele>1688.32</ele></trkpt><trkpt lat="35.92823" lon="137.4439" x:road="p"><ele>1688.97</ele></trkpt><trkpt lat="35.92809" lon="137.44398" x:road="p"><ele>1689.66</ele></trkpt><trkpt lat="35.92805" lon="137.444" x:road="p"><ele>1690.29</ele></trkpt><trkpt lat="35.92777" lon="137.44419" x:road="p"><ele>1691.12</ele></trkpt><trkpt lat="35.92761" lon="137.4443" x:road="p"><ele>1692.01</ele></trkpt><trkpt lat="35.92745" lon="137.44439" x:road="p"><ele>1692.9</ele></trkpt><trkpt lat="35.9273" lon="137.44444" x:road="p"><ele>1693.7</ele></trkpt><trkpt lat="35.92715" lon="137.4445" x:road="p"><ele>1694.47</ele></trkpt><trkpt lat="35.92714" lon="137.4445" x:road="p"><ele>1695.2</ele></trkpt><trkpt lat="35.92693" lon="137.44457" x:road="p"><ele>1695.94</ele></trkpt><trkpt lat="35.92682" lon="137.44462" x:road="p"><ele>1696.74</ele></trkpt><trkpt lat="35.92668" lon="137.44472" x:road="p"><ele>1697.55</ele></trkpt><trkpt lat="35.92655" lon="137.44481" x:road="p"><ele>1698.3</ele></trkpt><trkpt lat="35.92649" lon="137.44485" x:road="p"><ele>1699.03</ele></trkpt><trkpt lat="35.92634" lon="137.44496" x:road="p"><ele>1699.75</ele></trkpt><trkpt lat="35.92632" lon="137.44499" x:road="p"><ele>1700.5</ele></trkpt><trkpt lat="35.92627" lon="137.44508" x:road="p"><ele>1701.29</ele></trkpt><trkpt lat="35.92618" lon="137.44516" x:road="p"><ele>1702</ele></trkpt><trkpt lat="35.92612" lon="137.44516" x:road="p"><ele>1702.74</ele></trkpt><trkpt lat="35.92597" lon="137.44508" x:road="p"><ele>1703.41</ele></trkpt><trkpt lat="35.92586" lon="137.44494" x:road="p"><ele>1704.12</ele></trkpt><trkpt lat="35.92574" lon="137.44479" x:road="p"><ele>1704.85</ele></trkpt><trkpt lat="35.92564" lon="137.44476" x:road="p"><ele>1705.7</ele></trkpt><trkpt lat="35.92547" lon="137.44476" x:road="p"><ele>1706.65</ele></trkpt><trkpt lat="35.92532" lon="137.44479" x:road="p"><ele>1707.63</ele></trkpt><trkpt lat="35.92517" lon="137.44486" x:road="p"><ele>1708.62</ele></trkpt><trkpt lat="35.92513" lon="137.44491" x:road="p"><ele>1709.63</ele></trkpt><trkpt lat="35.92514" lon="137.445" x:road="p"><ele>1710.7</ele></trkpt><trkpt lat="35.9252" lon="137.44504" x:road="p"><ele>1711.77</ele></trkpt><trkpt lat="35.92529" lon="137.44506" x:road="p"><ele>1712.86</ele></trkpt><trkpt lat="35.92533" lon="137.44509" x:road="p"><ele>1714</ele></trkpt><trkpt lat="35.92536" lon="137.44518" x:road="p"><ele>1715.23</ele></trkpt><trkpt lat="35.92532" lon="137.4453" x:road="p"><ele>1716.51</ele></trkpt><trkpt lat="35.92509" lon="137.44557" x:road="p"><ele>1717.92</ele></trkpt><trkpt lat="35.92507" lon="137.44559" x:road="p"><ele>1719.18</ele></trkpt><trkpt lat="35.92496" lon="137.44579" x:road="p"><ele>1720.57</ele></trkpt><trkpt lat="35.92493" lon="137.44601" x:road="p"><ele>1722</ele></trkpt><trkpt lat="35.92497" lon="137.44615" x:road="p"><ele>1723.43</ele></trkpt><trkpt lat="35.92509" lon="137.44628" x:road="p"><ele>1724.87</ele></trkpt><trkpt lat="35.92513" lon="137.4464" x:road="p"><ele>1726.34</ele></trkpt><trkpt lat="35.92515" lon="137.44654" x:road="p"><ele>1727.81</ele></trkpt><trkpt lat="35.92516" lon="137.44682" x:road="p"><ele>1729.41</ele></trkpt><trkpt lat="35.92515" lon="137.44689" x:road="p"><ele>1730.83</ele></trkpt><trkpt lat="35.92508" lon="137.44698" x:road="p"><ele>1732.24</ele></trkpt><trkpt lat="35.92503" lon="137.44701" x:road="p"><ele>1733.64</ele></trkpt><trkpt lat="35.92494" lon="137.44703" x:road="p"><ele>1735.01</ele></trkpt><trkpt lat="35.92468" lon="137.44702" x:road="p"><ele>1736.46</ele></trkpt><trkpt lat="35.92437" lon="137.447" x:road="p"><ele>1737.96</ele></trkpt><trkpt lat="35.92423" lon="137.44699" x:road="p"><ele>1739.47</ele></trkpt><trkpt lat="35.92409" lon="137.447" x:road="p"><ele>1741</ele></trkpt><trkpt lat="35.92409" lon="137.44694" x:road="p"><ele>1742.41</ele></trkpt><trkpt lat="35.92395" lon="137.44697" x:road="p"><ele>1743.94</ele></trkpt><trkpt lat="35.92382" lon="137.44704" x:road="p"><ele>1745.44</ele></trkpt><trkpt lat="35.92376" lon="137.44717" x:road="p"><ele>1746.93</ele></trkpt><trkpt lat="35.92377" lon="137.44726" x:road="p"><ele>1748.43</ele></trkpt><trkpt lat="35.9238" lon="137.44733" x:road="p"><ele>1749.94</ele></trkpt><trkpt lat="35.92399" lon="137.44751" x:road="p"><ele>1751.5</ele></trkpt><trkpt lat="35.92407" lon="137.44759" x:road="p"><ele>1753.09</ele></trkpt><trkpt lat="35.92408" lon="137.44763" x:road="p"><ele>1754.64</ele></trkpt><trkpt lat="35.92406" lon="137.44771" x:road="p"><ele>1756.19</ele></trkpt><trkpt lat="35.92397" lon="137.44784" x:road="p"><ele>1757.8</ele></trkpt><trkpt lat="35.92395" lon="137.44796" x:road="p"><ele>1759.46</ele></trkpt><trkpt lat="35.92395" lon="137.44801" x:road="p"><ele>1761.04</ele></trkpt><trkpt lat="35.92398" lon="137.44821" x:road="p"><ele>1762.75</ele></trkpt><trkpt lat="35.92393" lon="137.44841" x:road="p"><ele>1764.41</ele></trkpt><trkpt lat="35.9239" lon="137.44849" x:road="p"><ele>1765.98</ele></trkpt><trkpt lat="35.92389" lon="137.44861" x:road="p"><ele>1767.55</ele></trkpt><trkpt lat="35.92393" lon="137.44874" x:road="p"><ele>1769.16</ele></trkpt><trkpt lat="35.9239" lon="137.44897" x:road="p"><ele>1770.77</ele></trkpt><trkpt lat="35.92397" lon="137.44918" x:road="p"><ele>1772.4</ele></trkpt><trkpt lat="35.92395" lon="137.44925" x:road="p"><ele>1773.83</ele></trkpt><trkpt lat="35.92393" lon="137.4493" x:road="p"><ele>1775.22</ele></trkpt><trkpt lat="35.92389" lon="137.44931" x:road="p"><ele>1776.55</ele></trkpt><trkpt lat="35.92379" lon="137.44933" x:road="p"><ele>1777.84</ele></trkpt><trkpt lat="35.92373" lon="137.44932" x:road="p"><ele>1779.1</ele></trkpt><trkpt lat="35.92343" lon="137.44933" x:road="p"><ele>1780.3</ele></trkpt><trkpt lat="35.92329" lon="137.4493" x:road="p"><ele>1781.46</ele></trkpt><trkpt lat="35.92324" lon="137.44932" x:road="p"><ele>1782.63</ele></trkpt><trkpt lat="35.92318" lon="137.44939" x:road="p"><ele>1783.77</ele></trkpt><trkpt lat="35.92314" lon="137.44958" x:road="p"><ele>1785</ele></trkpt><trkpt lat="35.9231" lon="137.44977" x:road="p"><ele>1786.17</ele></trkpt><trkpt lat="35.92308" lon="137.44988" x:road="p"><ele>1787.25</ele></trkpt><trkpt lat="35.92304" lon="137.45017" x:road="p"><ele>1788.43</ele></trkpt><trkpt lat="35.92308" lon="137.45028" x:road="p"><ele>1789.4</ele></trkpt><trkpt lat="35.9233" lon="137.45056" x:road="p"><ele>1790.39</ele></trkpt><trkpt lat="35.92335" lon="137.45062" x:road="p"><ele>1791.16</ele></trkpt><trkpt lat="35.92346" lon="137.45073" x:road="p"><ele>1791.88</ele></trkpt><trkpt lat="35.92355" lon="137.45078" x:road="p"><ele>1792.53</ele></trkpt><trkpt lat="35.92359" lon="137.45079" x:road="p"><ele>1793.02</ele></trkpt><trkpt lat="35.92363" lon="137.45079" x:road="p"><ele>1793.39</ele></trkpt><trkpt lat="35.92364" lon="137.45075" x:road="p"><ele>1793.6</ele></trkpt><trkpt lat="35.92357" lon="137.45075" x:road="p"><ele>1793.65</ele></trkpt><trkpt lat="35.92353" lon="137.45074" x:road="p"><ele>1793.62</ele></trkpt><trkpt lat="35.92346" lon="137.45069" x:road="p"><ele>1793.42</ele></trkpt><trkpt lat="35.92337" lon="137.4506" x:road="p"><ele>1793.15</ele></trkpt><trkpt lat="35.92326" lon="137.45046" x:road="p"><ele>1792.74</ele></trkpt><trkpt lat="35.92315" lon="137.45033" x:road="p"><ele>1792.24</ele></trkpt><trkpt lat="35.92309" lon="137.45026" x:road="p"><ele>1791.69</ele></trkpt><trkpt lat="35.92306" lon="137.45017" x:road="p"><ele>1791.02</ele></trkpt><trkpt lat="35.92309" lon="137.45" x:road="p"><ele>1790.19</ele></trkpt><trkpt lat="35.92307" lon="137.45009" x:road="p"><ele>1789.47</ele></trkpt><trkpt lat="35.92307" lon="137.45009" x:road="p"><ele>1788.58</ele></trkpt><trkpt lat="35.92308" lon="137.45023" x:road="p"><ele>1787.7</ele></trkpt><trkpt lat="35.92314" lon="137.45032" x:road="p"><ele>1786.68</ele></trkpt><trkpt lat="35.92306" lon="137.45019" x:road="p"><ele>1785.41</ele></trkpt><trkpt lat="35.9231" lon="137.44991" x:road="p"><ele>1783.94</ele></trkpt><trkpt lat="35.92315" lon="137.44964" x:road="p"><ele>1782.43</ele></trkpt><trkpt lat="35.92319" lon="137.44937" x:road="p"><ele>1780.86</ele></trkpt><trkpt lat="35.92328" lon="137.44931" x:road="p"><ele>1779.4</ele></trkpt><trkpt lat="35.92355" lon="137.44932" x:road="p"><ele>1777.92</ele></trkpt><trkpt lat="35.92383" lon="137.44933" x:road="p"><ele>1776.35</ele></trkpt><trkpt lat="35.92392" lon="137.44924" x:road="p"><ele>1774.62</ele></trkpt><trkpt lat="35.92394" lon="137.44918" x:road="p"><ele>1772.79</ele></trkpt><trkpt lat="35.92386" lon="137.44896" x:road="p"><ele>1770.68</ele></trkpt><trkpt lat="35.9239" lon="137.44873" x:road="p"><ele>1768.59</ele></trkpt><trkpt lat="35.92386" lon="137.44856" x:road="p"><ele>1766.44</ele></trkpt><trkpt lat="35.92391" lon="137.44839" x:road="p"><ele>1764.31</ele></trkpt><trkpt lat="35.92396" lon="137.44823" x:road="p"><ele>1762.12</ele></trkpt><trkpt lat="35.92392" lon="137.44793" x:road="p"><ele>1759.71</ele></trkpt><trkpt lat="35.92392" lon="137.44787" x:road="p"><ele>1757.47</ele></trkpt><trkpt lat="35.92407" lon="137.4477" x:road="p"><ele>1755.19</ele></trkpt><trkpt lat="35.92407" lon="137.44759" x:road="p"><ele>1752.92</ele></trkpt><trkpt lat="35.92392" lon="137.44743" x:road="p"><ele>1750.58</ele></trkpt><trkpt lat="35.92377" lon="137.44727" x:road="p"><ele>1748.28</ele></trkpt><trkpt lat="35.92377" lon="137.44718" x:road="p"><ele>1746.01</ele></trkpt><trkpt lat="35.92383" lon="137.44705" x:road="p"><ele>1743.74</ele></trkpt><trkpt lat="35.92394" lon="137.44699" x:road="p"><ele>1741.46</ele></trkpt><trkpt lat="35.92424" lon="137.44697" x:road="p"><ele>1739.06</ele></trkpt><trkpt lat="35.92447" lon="137.44698" x:road="p"><ele>1736.71</ele></trkpt><trkpt lat="35.9247" lon="137.447" x:road="p"><ele>1734.46</ele></trkpt><trkpt lat="35.92493" lon="137.44701" x:road="p"><ele>1732.28</ele></trkpt><trkpt lat="35.92504" lon="137.44699" x:road="p"><ele>1730.2</ele></trkpt><trkpt lat="35.92512" lon="137.44686" x:road="p"><ele>1728.07</ele></trkpt><trkpt lat="35.92511" lon="137.44665" x:road="p"><ele>1725.86</ele></trkpt><trkpt lat="35.9251" lon="137.44643" x:road="p"><ele>1723.73</ele></trkpt><trkpt lat="35.92493" lon="137.44611" x:road="p"><ele>1721.55</ele></trkpt><trkpt lat="35.92491" lon="137.44602" x:road="p"><ele>1719.65</ele></trkpt><trkpt lat="35.92499" lon="137.44566" x:road="p"><ele>1717.7</ele></trkpt><trkpt lat="35.92516" lon="137.44545" x:road="p"><ele>1715.88</ele></trkpt><trkpt lat="35.92534" lon="137.44523" x:road="p"><ele>1714.18</ele></trkpt><trkpt lat="35.92531" lon="137.44512" x:road="p"><ele>1712.64</ele></trkpt><trkpt lat="35.92512" lon="137.44502" x:road="p"><ele>1711.2</ele></trkpt><trkpt lat="35.92514" lon="137.44489" x:road="p"><ele>1709.87</ele></trkpt><trkpt lat="35.92529" lon="137.44478" x:road="p"><ele>1708.67</ele></trkpt><trkpt lat="35.92549" lon="137.44477" x:road="p"><ele>1707.59</ele></trkpt><trkpt lat="35.92568" lon="137.44476" x:road="p"><ele>1706.62</ele></trkpt><trkpt lat="35.92568" lon="137.44476" x:road="p"><ele>1705.86</ele></trkpt><trkpt lat="35.92575" lon="137.4448" x:road="p"><ele>1705.22</ele></trkpt><trkpt lat="35.92581" lon="137.44482" x:road="p"><ele>1704.69</ele></trkpt><trkpt lat="35.92593" lon="137.44496" x:road="p"><ele>1704.32</ele></trkpt><trkpt lat="35.92604" lon="137.4451" x:road="p"><ele>1704.08</ele></trkpt><trkpt lat="35.92619" lon="137.44514" x:road="p"><ele>1703.87</ele></trkpt><trkpt lat="35.92632" lon="137.44497" x:road="p"><ele>1703.64</ele></trkpt><trkpt lat="35.9262" lon="137.44474" x:road="p"><ele>1703.23</ele></trkpt><trkpt lat="35.92608" lon="137.4445" x:road="p"><ele>1703</ele></trkpt><trkpt lat="35.92596" lon="137.44426" x:road="p"><ele>1702.85</ele></trkpt><trkpt lat="35.92581" lon="137.44399" x:road="p"><ele>1702.89</ele></trkpt><trkpt lat="35.92566" lon="137.44371" x:road="p"><ele>1703.19</ele></trkpt><trkpt lat="35.92557" lon="137.44354" x:road="p"><ele>1703.66</ele></trkpt><trkpt lat="35.92564" lon="137.44334" x:road="p"><ele>1704.01</ele></trkpt><trkpt lat="35.92556" lon="137.44315" x:road="p"><ele>1704.46</ele></trkpt><trkpt lat="35.92549" lon="137.44296" x:road="p"><ele>1704.72</ele></trkpt><trkpt lat="35.92566" lon="137.44266" x:road="p"><ele>1704.45</ele></trkpt><trkpt lat="35.92583" lon="137.44236" x:road="p"><ele>1704.22</ele></trkpt><trkpt lat="35.926" lon="137.4423" x:road="p"><ele>1703.73</ele></trkpt><trkpt lat="35.92617" lon="137.44225" x:road="p"><ele>1703.25</ele></trkpt><trkpt lat="35.92628" lon="137.44214" x:road="p"><ele>1702.91</ele></trkpt><trkpt lat="35.92637" lon="137.44186" x:road="p"><ele>1702.74</ele></trkpt><trkpt lat="35.92657" lon="137.4416" x:road="p"><ele>1702.31</ele></trkpt><trkpt lat="35.92677" lon="137.44135" x:road="p"><ele>1701.74</ele></trkpt><trkpt lat="35.92688" lon="137.44111" x:road="p"><ele>1701.1</ele></trkpt><trkpt lat="35.92699" lon="137.44087" x:road="p"><ele>1700.3</ele></trkpt><trkpt lat="35.92699" lon="137.44087" x:road="p"><ele>1699.68</ele></trkpt><trkpt lat="35.92713" lon="137.44058" x:road="p"><ele>1698.77</ele></trkpt><trkpt lat="35.92728" lon="137.44028" x:road="p"><ele>1698</ele></trkpt><trkpt lat="35.92743" lon="137.43999" x:road="p"><ele>1697.23</ele></trkpt><trkpt lat="35.92757" lon="137.43969" x:road="p"><ele>1696.37</ele></trkpt><trkpt lat="35.92772" lon="137.43939" x:road="p"><ele>1695.51</ele></trkpt><trkpt lat="35.92775" lon="137.43931" x:road="p"><ele>1694.79</ele></trkpt><trkpt lat="35.92778" lon="137.43922" x:road="p"><ele>1694.03</ele></trkpt><trkpt lat="35.92778" lon="137.43922" x:road="p"><ele>1693.31</ele></trkpt><trkpt lat="35.92776" lon="137.43907" x:road="p"><ele>1692.54</ele></trkpt><trkpt lat="35.92774" lon="137.43905" x:road="p"><ele>1691.82</ele></trkpt><trkpt lat="35.9277" lon="137.439" x:road="p"><ele>1691.1</ele></trkpt><trkpt lat="35.92768" lon="137.43898" x:road="p"><ele>1690.39</ele></trkpt><trkpt lat="35.92767" lon="137.43896" x:road="p"><ele>1689.69</ele></trkpt><trkpt lat="35.92762" lon="137.43889" x:road="p"><ele>1689</ele></trkpt><trkpt lat="35.9276" lon="137.43886" x:road="p"><ele>1688.33</ele></trkpt><trkpt lat="35.92755" lon="137.43879" x:road="p"><ele>1687.7</ele></trkpt><trkpt lat="35.92755" lon="137.43879" x:road="p"><ele>1687.04</ele></trkpt><trkpt lat="35.92754" lon="137.43867" x:road="p"><ele>1686.43</ele></trkpt><trkpt lat="35.92759" lon="137.43857" x:road="p"><ele>1685.78</ele></trkpt><trkpt lat="35.92759" lon="137.43855" x:road="p"><ele>1685.15</ele></trkpt><trkpt lat="35.92763" lon="137.43849" x:road="p"><ele>1684.52</ele></trkpt><trkpt lat="35.92777" lon="137.4383" x:road="p"><ele>1683.93</ele></trkpt><trkpt lat="35.92777" lon="137.43828" x:road="p"><ele>1683.37</ele></trkpt><trkpt lat="35.92781" lon="137.43819" x:road="p"><ele>1682.82</ele></trkpt><trkpt lat="35.92789" lon="137.43797" x:road="p"><ele>1682.18</ele></trkpt><trkpt lat="35.92797" lon="137.43772" x:road="p"><ele>1681.69</ele></trkpt><trkpt lat="35.928" lon="137.43763" x:road="p"><ele>1681.31</ele></trkpt><trkpt lat="35.92801" lon="137.43761" x:road="p"><ele>1680.94</ele></trkpt><trkpt lat="35.92808" lon="137.4374" x:road="p"><ele>1680.6</ele></trkpt><trkpt lat="35.92813" lon="137.43733" x:road="p"><ele>1680.3</ele></trkpt><trkpt lat="35.92819" lon="137.43726" x:road="p"><ele>1680.05</ele></trkpt><trkpt lat="35.9283" lon="137.43712" x:road="p"><ele>1679.81</ele></trkpt><trkpt lat="35.92832" lon="137.43709" x:road="p"><ele>1679.62</ele></trkpt><trkpt lat="35.92833" lon="137.43708" x:road="p"><ele>1679.47</ele></trkpt><trkpt lat="35.92835" lon="137.43705" x:road="p"><ele>1679.34</ele></trkpt><trkpt lat="35.92839" lon="137.43704" x:road="p"><ele>1679.26</ele></trkpt><trkpt lat="35.92857" lon="137.43698" x:road="p"><ele>1679.19</ele></trkpt><trkpt lat="35.92859" lon="137.43698" x:road="p"><ele>1679.15</ele></trkpt><trkpt lat="35.92862" lon="137.43696" x:road="p"><ele>1679.13</ele></trkpt><trkpt lat="35.92864" lon="137.43697" x:road="p"><ele>1679.15</ele></trkpt><trkpt lat="35.92867" lon="137.43699" x:road="p"><ele>1679.18</ele></trkpt><trkpt lat="35.92874" lon="137.43702" x:road="p"><ele>1679.25</ele></trkpt><trkpt lat="35.92879" lon="137.43705" x:road="p"><ele>1679.31</ele></trkpt><trkpt lat="35.92883" lon="137.43707" x:road="p"><ele>1679.4</ele></trkpt><trkpt lat="35.92886" lon="137.43709" x:road="p"><ele>1679.49</ele></trkpt><trkpt lat="35.92887" lon="137.43709" x:road="p"><ele>1679.6</ele></trkpt><trkpt lat="35.9289" lon="137.43711" x:road="p"><ele>1679.71</ele></trkpt><trkpt lat="35.92893" lon="137.43713" x:road="p"><ele>1679.83</ele></trkpt><trkpt lat="35.92896" lon="137.43715" x:road="p"><ele>1679.96</ele></trkpt><trkpt lat="35.92897" lon="137.43715" x:road="p"><ele>1680.08</ele></trkpt><trkpt lat="35.92902" lon="137.43716" x:road="p"><ele>1680.2</ele></trkpt><trkpt lat="35.92905" lon="137.43718" x:road="p"><ele>1680.32</ele></trkpt><trkpt lat="35.92909" lon="137.43719" x:road="p"><ele>1680.43</ele></trkpt><trkpt lat="35.92909" lon="137.43719" x:road="p"><ele>1680.52</ele></trkpt><trkpt lat="35.92917" lon="137.43717" x:road="p"><ele>1680.61</ele></trkpt><trkpt lat="35.92919" lon="137.43717" x:road="p"><ele>1680.68</ele></trkpt><trkpt lat="35.92921" lon="137.43716" x:road="p"><ele>1680.72</ele></trkpt><trkpt lat="35.92926" lon="137.43713" x:road="p"><ele>1680.74</ele></trkpt><trkpt lat="35.92929" lon="137.43711" x:road="p"><ele>1680.73</ele></trkpt><trkpt lat="35.92932" lon="137.4371" x:road="p"><ele>1680.71</ele></trkpt><trkpt lat="35.92933" lon="137.43707" x:road="p"><ele>1680.67</ele></trkpt><trkpt lat="35.92938" lon="137.437" x:road="p"><ele>1680.59</ele></trkpt><trkpt lat="35.9294" lon="137.43696" x:road="p"><ele>1680.5</ele></trkpt><trkpt lat="35.92942" lon="137.43693" x:road="p"><ele>1680.39</ele></trkpt><trkpt lat="35.92943" lon="137.43686" x:road="p"><ele>1680.27</ele></trkpt><trkpt lat="35.92945" lon="137.43677" x:road="p"><ele>1680.1</ele></trkpt><trkpt lat="35.92945" lon="137.43677" x:road="p"><ele>1679.94</ele></trkpt><trkpt lat="35.92946" lon="137.43672" x:road="p"><ele>1679.73</ele></trkpt><trkpt lat="35.92939" lon="137.43653" x:road="p"><ele>1679.49</ele></trkpt><trkpt lat="35.92938" lon="137.43649" x:road="p"><ele>1679.27</ele></trkpt><trkpt lat="35.92937" lon="137.43647" x:road="p"><ele>1679.04</ele></trkpt><trkpt lat="35.92932" lon="137.43639" x:road="p"><ele>1678.79</ele></trkpt><trkpt lat="35.92919" lon="137.43619" x:road="p"><ele>1678.48</ele></trkpt><trkpt lat="35.92918" lon="137.43619" x:road="p"><ele>1678.25</ele></trkpt><trkpt lat="35.92917" lon="137.43616" x:road="p"><ele>1677.99</ele></trkpt><trkpt lat="35.92906" lon="137.436" x:road="p"><ele>1677.71</ele></trkpt><trkpt lat="35.92901" lon="137.43593" x:road="p"><ele>1677.46</ele></trkpt><trkpt lat="35.92898" lon="137.4359" x:road="p"><ele>1677.23</ele></trkpt><trkpt lat="35.92896" lon="137.43586" x:road="p"><ele>1677.02</ele></trkpt><trkpt lat="35.92893" lon="137.43582" x:road="p"><ele>1676.8</ele></trkpt><trkpt lat="35.92892" lon="137.4358" x:road="p"><ele>1676.62</ele></trkpt><trkpt lat="35.92887" lon="137.43573" x:road="p"><ele>1676.43</ele></trkpt><trkpt lat="35.92887" lon="137.43572" x:road="p"><ele>1676.27</ele></trkpt><trkpt lat="35.92885" lon="137.4357" x:road="p"><ele>1676.11</ele></trkpt><trkpt lat="35.92884" lon="137.43569" x:road="p"><ele>1675.97</ele></trkpt><trkpt lat="35.92878" lon="137.43567" x:road="p"><ele>1675.85</ele></trkpt><trkpt lat="35.92877" lon="137.43566" x:road="p"><ele>1675.72</ele></trkpt><trkpt lat="35.92875" lon="137.43565" x:road="p"><ele>1675.6</ele></trkpt><trkpt lat="35.92875" lon="137.43565" x:road="p"><ele>1675.48</ele></trkpt><trkpt lat="35.92868" lon="137.43564" x:road="p"><ele>1675.36</ele></trkpt><trkpt lat="35.92867" lon="137.43564" x:road="p"><ele>1675.27</ele></trkpt><trkpt lat="35.92864" lon="137.43564" x:road="p"><ele>1675.18</ele></trkpt><trkpt lat="35.92857" lon="137.43565" x:road="p"><ele>1675.1</ele></trkpt><trkpt lat="35.92856" lon="137.43565" x:road="p"><ele>1675.04</ele></trkpt><trkpt lat="35.92853" lon="137.43566" x:road="p"><ele>1674.99</ele></trkpt><trkpt lat="35.92849" lon="137.43568" x:road="p"><ele>1674.96</ele></trkpt><trkpt lat="35.92849" lon="137.43569" x:road="p"><ele>1674.92</ele></trkpt><trkpt lat="35.92847" lon="137.4357" x:road="p"><ele>1674.88</ele></trkpt><trkpt lat="35.92844" lon="137.43572" x:road="p"><ele>1674.84</ele></trkpt><trkpt lat="35.92843" lon="137.43574" x:road="p"><ele>1674.8</ele></trkpt><trkpt lat="35.92839" lon="137.43579" x:road="p"><ele>1674.77</ele></trkpt><trkpt lat="35.92835" lon="137.43586" x:road="p"><ele>1674.73</ele></trkpt><trkpt lat="35.92834" lon="137.43587" x:road="p"><ele>1674.72</ele></trkpt><trkpt lat="35.92833" lon="137.43589" x:road="p"><ele>1674.74</ele></trkpt><trkpt lat="35.92832" lon="137.43593" x:road="p"><ele>1674.78</ele></trkpt><trkpt lat="35.92831" lon="137.43595" x:road="p"><ele>1674.84</ele></trkpt><trkpt lat="35.9283" lon="137.436" x:road="p"><ele>1674.93</ele></trkpt><trkpt lat="35.9283" lon="137.43602" x:road="p"><ele>1675.06</ele></trkpt><trkpt lat="35.9283" lon="137.43611" x:road="p"><ele>1675.23</ele></trkpt><trkpt lat="35.9283" lon="137.43616" x:road="p"><ele>1675.43</ele></trkpt><trkpt lat="35.92833" lon="137.43627" x:road="p"><ele>1675.68</ele></trkpt><trkpt lat="35.92834" lon="137.43631" x:road="p"><ele>1675.92</ele></trkpt><trkpt lat="35.92845" lon="137.4365" x:road="p"><ele>1676.17</ele></trkpt></trkseg></trk></gpx>