<?xml version="1.0" encoding="UTF-8"?>
<gpx creator="Garmin Connect" version="1.1"
  xsi:schemaLocation="http://www.topografix.com/GPX/1/1 http://www.topografix.com/GPX/11.xsd"
  xmlns:ns3="http://www.garmin.com/xmlschemas/TrackPointExtension/v1"
  xmlns="http://www.topografix.com/GPX/1/1"
  xmlns:xsi="http://www.w3.org/2001/XMLSchema-instance" xmlns:ns2="http://www.garmin.com/xmlschemas/GpxExtensions/v3">
  <metadata>
    <name>大町アルプスマラソン</name>
    <link href="connect.garmin.com">
      <text>Garmin Connect</text>
    </link>
    <time>2025-10-14T08:33:49.000Z</time>
  </metadata>
  <trk>
    <name>大町アルプスマラソン</name>
    <trkseg>
      <trkpt lat="36.498527554795146" lon="137.83576045185328">
        <ele>738.74</ele>
      </trkpt>
      <trkpt lat="36.49842663668096" lon="137.83576707355678">
        <ele>738.67</ele>
      </trkpt>
      <trkpt lat="36.498385816812515" lon="137.83577553927898">
        <ele>738.6</ele>
      </trkpt>
      <trkpt lat="36.49830308742821" lon="137.83578492701054">
        <ele>738.48</ele>
      </trkpt>
      <trkpt lat="36.49822739884257" lon="137.83580713905394">
        <ele>738.34</ele>
      </trkpt>
      <trkpt lat="36.49814626201987" lon="137.83583471551538">
        <ele>738.21</ele>
      </trkpt>
      <trkpt lat="36.49803964421153" lon="137.83597318455577">
        <ele>738.08</ele>
      </trkpt>
      <trkpt lat="36.4979756064713" lon="137.83610519953072">
        <ele>737.99</ele>
      </trkpt>
      <trkpt lat="36.4979547355324" lon="137.83621424809098">
        <ele>737.95</ele>
      </trkpt>
      <trkpt lat="36.497950879856944" lon="137.83625003881752">
        <ele>737.97</ele>
      </trkpt>
      <trkpt lat="36.49795280769467" lon="137.83636495471">
        <ele>738.1</ele>
      </trkpt>
      <trkpt lat="36.497972924262285" lon="137.8364843968302">
        <ele>738.22</ele>
      </trkpt>
      <trkpt lat="36.498054983094335" lon="137.83661590889096">
        <ele>738.44</ele>
      </trkpt>
      <trkpt lat="36.49808314628899" lon="137.83664038404822">
        <ele>738.64</ele>
      </trkpt>
      <trkpt lat="36.49818515405059" lon="137.8367381170392">
        <ele>738.86</ele>
      </trkpt>
      <trkpt lat="36.49825313128531" lon="137.8367619216442">
        <ele>739.06</ele>
      </trkpt>
      <trkpt lat="36.49828976020217" lon="137.8367679566145">
        <ele>739.24</ele>
      </trkpt>
      <trkpt lat="36.49843065999448" lon="137.83680332824588">
        <ele>739.45</ele>
      </trkpt>
      <trkpt lat="36.49849687702954" lon="137.8368118777871">
        <ele>739.66</ele>
      </trkpt>
      <trkpt lat="36.498590083792806" lon="137.83682947978377">
        <ele>739.87</ele>
      </trkpt>
      <trkpt lat="36.49871354922652" lon="137.83685814589262">
        <ele>740.06</ele>
      </trkpt>
      <trkpt lat="36.4987441431731" lon="137.83685764297843">
        <ele>740.24</ele>
      </trkpt>
      <trkpt lat="36.498929718509316" lon="137.83688697963953">
        <ele>740.42</ele>
      </trkpt>
      <trkpt lat="36.49899333715439" lon="137.8368871472776">
        <ele>740.55</ele>
      </trkpt>
      <trkpt lat="36.49908830411732" lon="137.83692092634737">
        <ele>740.68</ele>
      </trkpt>
      <trkpt lat="36.49916592054069" lon="137.83697926439345">
        <ele>740.78</ele>
      </trkpt>
      <trkpt lat="36.499235071241856" lon="137.83705562353134">
        <ele>740.83</ele>
      </trkpt>
      <trkpt lat="36.499243369325995" lon="137.8371644206345">
        <ele>740.85</ele>
      </trkpt>
      <trkpt lat="36.49924244731665" lon="137.837202725932">
        <ele>740.86</ele>
      </trkpt>
      <trkpt lat="36.49915871210396" lon="137.83739098347723">
        <ele>740.74</ele>
      </trkpt>
      <trkpt lat="36.499112443998456" lon="137.83742400817573">
        <ele>740.7</ele>
      </trkpt>
      <trkpt lat="36.499032815918326" lon="137.8374466393143">
        <ele>740.67</ele>
      </trkpt>
      <trkpt lat="36.49899668991566" lon="137.8374525066465">
        <ele>740.64</ele>
      </trkpt>
      <trkpt lat="36.49879007600248" lon="137.8374450467527">
        <ele>740.66</ele>
      </trkpt>
      <trkpt lat="36.49860978126526" lon="137.83743037842214">
        <ele>740.76</ele>
      </trkpt>
      <trkpt lat="36.498576840385795" lon="137.8374260198325">
        <ele>740.82</ele>
      </trkpt>
      <trkpt lat="36.49839579127729" lon="137.83737204037607">
        <ele>740.99</ele>
      </trkpt>
      <trkpt lat="36.49834097363055" lon="137.83734211698174">
        <ele>741.11</ele>
      </trkpt>
      <trkpt lat="36.498237205669284" lon="137.83730272203684">
        <ele>741.19</ele>
      </trkpt>
      <trkpt lat="36.49813251569867" lon="137.83731856383383">
        <ele>741.21</ele>
      </trkpt>
      <trkpt lat="36.49812203831971" lon="137.8373393509537">
        <ele>741.22</ele>
      </trkpt>
      <trkpt lat="36.49806939996779" lon="137.8374651633203">
        <ele>741.12</ele>
      </trkpt>
      <trkpt lat="36.49798792786896" lon="137.83760279417038">
        <ele>741.0</ele>
      </trkpt>
      <trkpt lat="36.49797066114843" lon="137.8376356512308">
        <ele>740.87</ele>
      </trkpt>
      <trkpt lat="36.497890362516046" lon="137.83777059987187">
        <ele>740.64</ele>
      </trkpt>
      <trkpt lat="36.497769579291344" lon="137.83798274584115">
        <ele>740.5</ele>
      </trkpt>
      <trkpt lat="36.49770696647465" lon="137.83807712607086">
        <ele>740.34</ele>
      </trkpt>
      <trkpt lat="36.49765122681856" lon="137.83816748298705">
        <ele>740.22</ele>
      </trkpt>
      <trkpt lat="36.49753723293543" lon="137.83838415518403">
        <ele>740.18</ele>
      </trkpt>
      <trkpt lat="36.49746405892074" lon="137.83852103166282">
        <ele>740.11</ele>
      </trkpt>
      <trkpt lat="36.49742885492742" lon="137.83863217569888">
        <ele>740.01</ele>
      </trkpt>
      <trkpt lat="36.49736129678786" lon="137.83884985372424">
        <ele>739.92</ele>
      </trkpt>
      <trkpt lat="36.49732315912843" lon="137.83891749568284">
        <ele>739.75</ele>
      </trkpt>
      <trkpt lat="36.49725845083594" lon="137.83903073519468">
        <ele>739.57</ele>
      </trkpt>
      <trkpt lat="36.497244788333774" lon="137.8390664421022">
        <ele>739.36</ele>
      </trkpt>
      <trkpt lat="36.497124172747135" lon="137.83924304880202">
        <ele>739.07</ele>
      </trkpt>
      <trkpt lat="36.49708729237318" lon="137.83926509320736">
        <ele>738.79</ele>
      </trkpt>
      <trkpt lat="36.49695251137018" lon="137.83946223556995">
        <ele>738.3</ele>
      </trkpt>
      <trkpt lat="36.49684346280992" lon="137.83958377316594">
        <ele>737.75</ele>
      </trkpt>
      <trkpt lat="36.49667892605066" lon="137.8396233357489">
        <ele>737.2</ele>
      </trkpt>
      <trkpt lat="36.49665378034115" lon="137.83959534019232">
        <ele>736.78</ele>
      </trkpt>
      <trkpt lat="36.496612625196576" lon="137.83952149562538">
        <ele>736.41</ele>
      </trkpt>
      <trkpt lat="36.49658194743097" lon="137.83944538794458">
        <ele>736.03</ele>
      </trkpt>
      <trkpt lat="36.49652226828039" lon="137.83923525363207">
        <ele>735.74</ele>
      </trkpt>
      <trkpt lat="36.49644465185702" lon="137.83900164999068">
        <ele>735.42</ele>
      </trkpt>
      <trkpt lat="36.49639553390443" lon="137.83885303884745">
        <ele>735.1</ele>
      </trkpt>
      <trkpt lat="36.49632110260427" lon="137.83864550292492">
        <ele>734.79</ele>
      </trkpt>
      <trkpt lat="36.496281288564205" lon="137.8384887613356">
        <ele>734.46</ele>
      </trkpt>
      <trkpt lat="36.49622336961329" lon="137.8382400702685">
        <ele>734.03</ele>
      </trkpt>
      <trkpt lat="36.49616385810077" lon="137.83804678358138">
        <ele>733.63</ele>
      </trkpt>
      <trkpt lat="36.49610912427306" lon="137.8378243278712">
        <ele>733.28</ele>
      </trkpt>
      <trkpt lat="36.49609722197056" lon="137.83774629235268">
        <ele>732.94</ele>
      </trkpt>
      <trkpt lat="36.496019437909126" lon="137.83751570619643">
        <ele>732.61</ele>
      </trkpt>
      <trkpt lat="36.4959170948714" lon="137.83732233569026">
        <ele>732.33</ele>
      </trkpt>
      <trkpt lat="36.49587149731815" lon="137.83726131543517">
        <ele>732.05</ele>
      </trkpt>
      <trkpt lat="36.49575616233051" lon="137.8370700404048">
        <ele>731.75</ele>
      </trkpt>
      <trkpt lat="36.49573529139161" lon="137.83703785389662">
        <ele>731.51</ele>
      </trkpt>
      <trkpt lat="36.49562515318394" lon="137.8368396218866">
        <ele>731.18</ele>
      </trkpt>
      <trkpt lat="36.495582070201635" lon="137.83678086474538">
        <ele>730.94</ele>
      </trkpt>
      <trkpt lat="36.495458437129855" lon="137.83659654669464">
        <ele>730.77</ele>
      </trkpt>
      <trkpt lat="36.4954389911145" lon="137.8365652821958">
        <ele>730.62</ele>
      </trkpt>
      <trkpt lat="36.49538325145841" lon="137.8364729974419">
        <ele>730.52</ele>
      </trkpt>
      <trkpt lat="36.49529993534088" lon="137.83635548315942">
        <ele>730.48</ele>
      </trkpt>
      <trkpt lat="36.4951607119292" lon="137.8361823130399">
        <ele>730.51</ele>
      </trkpt>
      <trkpt lat="36.49511427618563" lon="137.83612280152738">
        <ele>730.52</ele>
      </trkpt>
      <trkpt lat="36.495049903169274" lon="137.8360377252102">
        <ele>730.57</ele>
      </trkpt>
      <trkpt lat="36.49490942247212" lon="137.8358651418239">
        <ele>730.65</ele>
      </trkpt>
      <trkpt lat="36.494884779676795" lon="137.8358414210379">
        <ele>730.71</ele>
      </trkpt>
      <trkpt lat="36.49474086239934" lon="137.83566422760487">
        <ele>730.75</ele>
      </trkpt>
      <trkpt lat="36.49471898563206" lon="137.8356281016022">
        <ele>730.82</ele>
      </trkpt>
      <trkpt lat="36.49467431008816" lon="137.83555903472006">
        <ele>730.89</ele>
      </trkpt>
      <trkpt lat="36.49455922655761" lon="137.8353665024042">
        <ele>730.92</ele>
      </trkpt>
      <trkpt lat="36.49454506114125" lon="137.8353310469538">
        <ele>731.02</ele>
      </trkpt>
      <trkpt lat="36.494508516043425" lon="137.83522577024996">
        <ele>731.13</ele>
      </trkpt>
      <trkpt lat="36.494449926540256" lon="137.83499652519822">
        <ele>731.26</ele>
      </trkpt>
      <trkpt lat="36.49444246664643" lon="137.83495411276817">
        <ele>731.42</ele>
      </trkpt>
      <trkpt lat="36.494429893791676" lon="137.83471589908004">
        <ele>731.63</ele>
      </trkpt>
      <trkpt lat="36.49441589601338" lon="137.83460576087236">
        <ele>731.84</ele>
      </trkpt>
      <trkpt lat="36.49439393542707" lon="137.83448657020926">
        <ele>732.06</ele>
      </trkpt>
      <trkpt lat="36.494359485805035" lon="137.8342712391168">
        <ele>732.27</ele>
      </trkpt>
      <trkpt lat="36.494327299296856" lon="137.8340492863208">
        <ele>732.54</ele>
      </trkpt>
      <trkpt lat="36.49430827237666" lon="137.83388801850379">
        <ele>732.82</ele>
      </trkpt>
      <trkpt lat="36.49427072145045" lon="137.8336626291275">
        <ele>733.16</ele>
      </trkpt>
      <trkpt lat="36.494265692308545" lon="137.83362264744937">
        <ele>733.46</ele>
      </trkpt>
      <trkpt lat="36.494235852733254" lon="137.83339315094054">
        <ele>733.78</ele>
      </trkpt>
      <trkpt lat="36.494218334555626" lon="137.83327949233353">
        <ele>734.09</ele>
      </trkpt>
      <trkpt lat="36.494184974581" lon="137.83304706215858">
        <ele>734.41</ele>
      </trkpt>
      <trkpt lat="36.49416075088084" lon="137.83289476297796">
        <ele>734.77</ele>
      </trkpt>
      <trkpt lat="36.49413778446615" lon="137.8327476605773">
        <ele>735.17</ele>
      </trkpt>
      <trkpt lat="36.494125463068485" lon="137.83260055817664">
        <ele>735.58</ele>
      </trkpt>
      <trkpt lat="36.49409310892224" lon="137.83237273804843">
        <ele>736.03</ele>
      </trkpt>
      <trkpt lat="36.49407600983977" lon="137.83225195482373">
        <ele>736.43</ele>
      </trkpt>
      <trkpt lat="36.49405673146248" lon="137.8320008330047">
        <ele>736.81</ele>
      </trkpt>
      <trkpt lat="36.494049690663815" lon="137.83196311444044">
        <ele>737.19</ele>
      </trkpt>
      <trkpt lat="36.494038542732596" lon="137.8317290917039">
        <ele>737.54</ele>
      </trkpt>
      <trkpt lat="36.49402806535363" lon="137.83164971508086">
        <ele>737.91</ele>
      </trkpt>
      <trkpt lat="36.494027730077505" lon="137.83161534927785">
        <ele>738.31</ele>
      </trkpt>
      <trkpt lat="36.49400644004345" lon="137.83137914724648">
        <ele>738.68</ele>
      </trkpt>
      <trkpt lat="36.493994034826756" lon="137.83121779561043">
        <ele>739.06</ele>
      </trkpt>
      <trkpt lat="36.49398104287684" lon="137.83109474927187">
        <ele>739.45</ele>
      </trkpt>
      <trkpt lat="36.4939745888114" lon="137.83094622194767">
        <ele>739.84</ele>
      </trkpt>
      <trkpt lat="36.493971571326256" lon="137.83087472431362">
        <ele>740.26</ele>
      </trkpt>
      <trkpt lat="36.493969643488526" lon="137.8308392688632">
        <ele>740.67</ele>
      </trkpt>
      <trkpt lat="36.49394676089287" lon="137.83059937879443">
        <ele>741.13</ele>
      </trkpt>
      <trkpt lat="36.49393158964813" lon="137.83052427694201">
        <ele>741.53</ele>
      </trkpt>
      <trkpt lat="36.49389714002609" lon="137.8303027432412">
        <ele>741.92</ele>
      </trkpt>
      <trkpt lat="36.493891943246126" lon="137.83026569522917">
        <ele>742.3</ele>
      </trkpt>
      <trkpt lat="36.49381332099438" lon="137.83003066666424">
        <ele>742.69</ele>
      </trkpt>
      <trkpt lat="36.49375045672059" lon="137.82981759868562">
        <ele>743.29</ele>
      </trkpt>
      <trkpt lat="36.49371491745114" lon="137.829707628116">
        <ele>743.89</ele>
      </trkpt>
      <trkpt lat="36.493666134774685" lon="137.8296180255711">
        <ele>744.43</ele>
      </trkpt>
      <trkpt lat="36.493609892204404" lon="137.829604530707">
        <ele>744.72</ele>
      </trkpt>
      <trkpt lat="36.49357703514397" lon="137.8296219650656">
        <ele>744.94</ele>
      </trkpt>
      <trkpt lat="36.493380311876535" lon="137.82968323677778">
        <ele>745.08</ele>
      </trkpt>
      <trkpt lat="36.49335038848221" lon="137.82969715073705">
        <ele>745.2</ele>
      </trkpt>
      <trkpt lat="36.493165232241154" lon="137.8297356236726">
        <ele>745.23</ele>
      </trkpt>
      <trkpt lat="36.493134470656514" lon="137.82974811270833">
        <ele>745.27</ele>
      </trkpt>
      <trkpt lat="36.49307512678206" lon="137.82974702306092">
        <ele>745.26</ele>
      </trkpt>
      <trkpt lat="36.4929539244622" lon="137.82977242022753">
        <ele>745.09</ele>
      </trkpt>
      <trkpt lat="36.49278737604618" lon="137.82979697920382">
        <ele>744.89</ele>
      </trkpt>
      <trkpt lat="36.492618983611465" lon="137.82981424592435">
        <ele>744.67</ele>
      </trkpt>
      <trkpt lat="36.492454782128334" lon="137.82985129393637">
        <ele>744.41</ele>
      </trkpt>
      <trkpt lat="36.492425026372075" lon="137.82987920567393">
        <ele>744.13</ele>
      </trkpt>
      <trkpt lat="36.49227859452367" lon="137.8299396391958">
        <ele>743.8</ele>
      </trkpt>
      <trkpt lat="36.49219770915806" lon="137.82999546267092">
        <ele>743.46</ele>
      </trkpt>
      <trkpt lat="36.49212235584855" lon="137.83003653399646">
        <ele>743.08</ele>
      </trkpt>
      <trkpt lat="36.49196502752602" lon="137.83017215318978">
        <ele>742.71</ele>
      </trkpt>
      <trkpt lat="36.49181205779314" lon="137.83029712736607">
        <ele>742.27</ele>
      </trkpt>
      <trkpt lat="36.49175941944122" lon="137.8303466644138">
        <ele>741.85</ele>
      </trkpt>
      <trkpt lat="36.49161952547729" lon="137.83042897470295">
        <ele>741.38</ele>
      </trkpt>
      <trkpt lat="36.49153302423656" lon="137.83047356642783">
        <ele>740.9</ele>
      </trkpt>
      <trkpt lat="36.491371504962444" lon="137.8305752389133">
        <ele>740.37</ele>
      </trkpt>
      <trkpt lat="36.49134065955877" lon="137.83059317618608">
        <ele>739.93</ele>
      </trkpt>
      <trkpt lat="36.491311406716704" lon="137.8306069225073">
        <ele>739.49</ele>
      </trkpt>
      <trkpt lat="36.49115919135511" lon="137.83069325610995">
        <ele>738.97</ele>
      </trkpt>
      <trkpt lat="36.490974705666304" lon="137.83081009984016">
        <ele>738.5</ele>
      </trkpt>
      <trkpt lat="36.490942016243935" lon="137.83082309179008">
        <ele>738.1</ele>
      </trkpt>
      <trkpt lat="36.490852078422904" lon="137.83086324110627">
        <ele>737.71</ele>
      </trkpt>
      <trkpt lat="36.49072618223727" lon="137.83091370016336">
        <ele>737.41</ele>
      </trkpt>
      <trkpt lat="36.490663485601544" lon="137.83093398436904">
        <ele>737.12</ele>
      </trkpt>
      <trkpt lat="36.49054437875748" lon="137.83098125830293">
        <ele>736.87</ele>
      </trkpt>
      <trkpt lat="36.49044932797551" lon="137.83101595938206">
        <ele>736.61</ele>
      </trkpt>
      <trkpt lat="36.49025218561292" lon="137.83109256997705">
        <ele>736.35</ele>
      </trkpt>
      <trkpt lat="36.490218909457326" lon="137.83110396936536">
        <ele>736.05</ele>
      </trkpt>
      <trkpt lat="36.49006166495383" lon="137.83115970902145">
        <ele>735.75</ele>
      </trkpt>
      <trkpt lat="36.48996594361961" lon="137.83119005151093">
        <ele>735.47</ele>
      </trkpt>
      <trkpt lat="36.48976896889508" lon="137.83122240565717">
        <ele>735.2</ele>
      </trkpt>
      <trkpt lat="36.48973275907338" lon="137.83123053610325">
        <ele>734.92</ele>
      </trkpt>
      <trkpt lat="36.48952237330377" lon="137.8312444500625">
        <ele>734.74</ele>
      </trkpt>
      <trkpt lat="36.489458503201604" lon="137.8312550112605">
        <ele>734.47</ele>
      </trkpt>
      <trkpt lat="36.48933218792081" lon="137.83127630129457">
        <ele>734.21</ele>
      </trkpt>
      <trkpt lat="36.48916413076222" lon="137.8313025366515">
        <ele>733.93</ele>
      </trkpt>
      <trkpt lat="36.48904628120363" lon="137.8313152771443">
        <ele>733.54</ele>
      </trkpt>
      <trkpt lat="36.48886330425739" lon="137.8313247486949">
        <ele>733.13</ele>
      </trkpt>
      <trkpt lat="36.48883480578661" lon="137.83133044838905">
        <ele>732.79</ele>
      </trkpt>
      <trkpt lat="36.488713854923844" lon="137.8313432727009">
        <ele>732.37</ele>
      </trkpt>
      <trkpt lat="36.48862274363637" lon="137.83134620636702">
        <ele>732.0</ele>
      </trkpt>
      <trkpt lat="36.488533560186625" lon="137.8313575219363">
        <ele>731.62</ele>
      </trkpt>
      <trkpt lat="36.4883553609252" lon="137.83139037899673">
        <ele>731.21</ele>
      </trkpt>
      <trkpt lat="36.48832359351218" lon="137.8314032871276">
        <ele>730.85</ele>
      </trkpt>
      <trkpt lat="36.48814086802304" lon="137.83145039342344">
        <ele>730.51</ele>
      </trkpt>
      <trkpt lat="36.48801773786545" lon="137.8314822446555">
        <ele>730.19</ele>
      </trkpt>
      <trkpt lat="36.48783492855728" lon="137.8315280098468">
        <ele>729.87</ele>
      </trkpt>
      <trkpt lat="36.48780659772456" lon="137.83154712058604">
        <ele>729.54</ele>
      </trkpt>
      <trkpt lat="36.487776255235076" lon="137.83156271092594">
        <ele>729.21</ele>
      </trkpt>
      <trkpt lat="36.48759428411722" lon="137.83162322826684">
        <ele>728.87</ele>
      </trkpt>
      <trkpt lat="36.48756285198033" lon="137.83163110725582">
        <ele>728.54</ele>
      </trkpt>
      <trkpt lat="36.487382892519236" lon="137.83168718218803">
        <ele>728.19</ele>
      </trkpt>
      <trkpt lat="36.48729111067951" lon="137.83172414638102">
        <ele>727.88</ele>
      </trkpt>
      <trkpt lat="36.48709136992693" lon="137.83180243335664">
        <ele>727.56</ele>
      </trkpt>
      <trkpt lat="36.48706312291324" lon="137.83182129263878">
        <ele>727.23</ele>
      </trkpt>
      <trkpt lat="36.48689791560173" lon="137.8318709973246">
        <ele>726.87</ele>
      </trkpt>
      <trkpt lat="36.48671108298004" lon="137.83194165676832">
        <ele>726.51</ele>
      </trkpt>
      <trkpt lat="36.48652601055801" lon="137.83199362456799">
        <ele>726.19</ele>
      </trkpt>
      <trkpt lat="36.486497512087226" lon="137.83200594596565">
        <ele>725.86</ele>
      </trkpt>
      <trkpt lat="36.486466247588396" lon="137.83201382495463">
        <ele>725.52</ele>
      </trkpt>
      <trkpt lat="36.48634387180209" lon="137.83206269145012">
        <ele>725.17</ele>
      </trkpt>
      <trkpt lat="36.486258963122964" lon="137.8321067802608">
        <ele>724.78</ele>
      </trkpt>
      <trkpt lat="36.486165253445506" lon="137.8321393020451">
        <ele>724.4</ele>
      </trkpt>
      <trkpt lat="36.4859773311764" lon="137.83219059929252">
        <ele>723.97</ele>
      </trkpt>
      <trkpt lat="36.48592008277774" lon="137.83220392651856">
        <ele>723.58</ele>
      </trkpt>
      <trkpt lat="36.48582159541547" lon="137.83222085796297">
        <ele>723.18</ele>
      </trkpt>
      <trkpt lat="36.48569553159177" lon="137.83225597813725">
        <ele>722.8</ele>
      </trkpt>
      <trkpt lat="36.485513895750046" lon="137.83229713328183">
        <ele>722.43</ele>
      </trkpt>
      <trkpt lat="36.48542337119579" lon="137.8323158249259">
        <ele>722.09</ele>
      </trkpt>
      <trkpt lat="36.48522564209998" lon="137.83234952017665">
        <ele>721.74</ele>
      </trkpt>
      <trkpt lat="36.485067307949066" lon="137.83237441442907">
        <ele>721.36</ele>
      </trkpt>
      <trkpt lat="36.485036043450236" lon="137.83237533643842">
        <ele>720.99</ele>
      </trkpt>
      <trkpt lat="36.484947530552745" lon="137.83238581381738">
        <ele>720.61</ele>
      </trkpt>
      <trkpt lat="36.48482465185225" lon="137.83240048214793">
        <ele>720.23</ele>
      </trkpt>
      <trkpt lat="36.4847616199404" lon="137.83241498284042">
        <ele>719.85</ele>
      </trkpt>
      <trkpt lat="36.4845612924546" lon="137.83245462924242">
        <ele>719.44</ele>
      </trkpt>
      <trkpt lat="36.48447202518582" lon="137.83246904611588">
        <ele>719.03</ele>
      </trkpt>
      <trkpt lat="36.48440798744559" lon="137.8324900008738">
        <ele>718.62</ele>
      </trkpt>
      <trkpt lat="36.48425878956914" lon="137.8325193375349">
        <ele>718.16</ele>
      </trkpt>
      <trkpt lat="36.48409919813275" lon="137.83258505165577">
        <ele>717.69</ele>
      </trkpt>
      <trkpt lat="36.483974223956466" lon="137.83264632336795">
        <ele>717.24</ele>
      </trkpt>
      <trkpt lat="36.483789905905724" lon="137.83275000751019">
        <ele>716.82</ele>
      </trkpt>
      <trkpt lat="36.4836410433054" lon="137.8328361734748">
        <ele>716.37</ele>
      </trkpt>
      <trkpt lat="36.48361187428236" lon="137.8328565414995">
        <ele>716.01</ele>
      </trkpt>
      <trkpt lat="36.48341674357653" lon="137.83293365500867">
        <ele>715.72</ele>
      </trkpt>
      <trkpt lat="36.48338430561125" lon="137.83294438384473">
        <ele>715.42</ele>
      </trkpt>
      <trkpt lat="36.48332445882261" lon="137.83295343630016">
        <ele>715.14</ele>
      </trkpt>
      <trkpt lat="36.48313351906836" lon="137.83300205133855">
        <ele>714.96</ele>
      </trkpt>
      <trkpt lat="36.48297015577555" lon="137.83302920870483">
        <ele>714.73</ele>
      </trkpt>
      <trkpt lat="36.48280704393983" lon="137.83306650817394">
        <ele>714.46</ele>
      </trkpt>
      <trkpt lat="36.48273705504835" lon="137.833074554801">
        <ele>714.21</ele>
      </trkpt>
      <trkpt lat="36.482541002333164" lon="137.83312023617327">
        <ele>713.97</ele>
      </trkpt>
      <trkpt lat="36.48248459212482" lon="137.83312970772386">
        <ele>713.75</ele>
      </trkpt>
      <trkpt lat="36.48228828795254" lon="137.83315963111818">
        <ele>713.57</ele>
      </trkpt>
      <trkpt lat="36.48225191049278" lon="137.83316541463137">
        <ele>713.37</ele>
      </trkpt>
      <trkpt lat="36.482057366520166" lon="137.83320556394756">
        <ele>713.12</ele>
      </trkpt>
      <trkpt lat="36.481994753703475" lon="137.8332154545933">
        <ele>712.91</ele>
      </trkpt>
      <trkpt lat="36.481858463957906" lon="137.83324948512018">
        <ele>712.71</ele>
      </trkpt>
      <trkpt lat="36.481803143396974" lon="137.83324738964438">
        <ele>712.52</ele>
      </trkpt>
      <trkpt lat="36.48161337710917" lon="137.83326708711684">
        <ele>712.31</ele>
      </trkpt>
      <trkpt lat="36.481460658833385" lon="137.8332904726267">
        <ele>712.14</ele>
      </trkpt>
      <trkpt lat="36.481393771246076" lon="137.83330455422401">
        <ele>711.95</ele>
      </trkpt>
      <trkpt lat="36.4812024962157" lon="137.8333422727883">
        <ele>711.72</ele>
      </trkpt>
      <trkpt lat="36.48114290088415" lon="137.8333534207195">
        <ele>711.51</ele>
      </trkpt>
      <trkpt lat="36.480951961129904" lon="137.83338560722768">
        <ele>711.24</ele>
      </trkpt>
      <trkpt lat="36.48082723841071" lon="137.83340186811984">
        <ele>710.98</ele>
      </trkpt>
      <trkpt lat="36.48063512519002" lon="137.8334488067776">
        <ele>710.73</ele>
      </trkpt>
      <trkpt lat="36.480602603405714" lon="137.83345400355756">
        <ele>710.5</ele>
      </trkpt>
      <trkpt lat="36.48056270554662" lon="137.83345660194755">
        <ele>710.26</ele>
      </trkpt>
      <trkpt lat="36.48037570528686" lon="137.83349490724504">
        <ele>710.01</ele>
      </trkpt>
      <trkpt lat="36.48034485988319" lon="137.8334953263402">
        <ele>709.77</ele>
      </trkpt>
      <trkpt lat="36.48016557097435" lon="137.83353690057993">
        <ele>709.54</ele>
      </trkpt>
      <trkpt lat="36.480136066675186" lon="137.83354151062667">
        <ele>709.29</ele>
      </trkpt>
      <trkpt lat="36.479949401691556" lon="137.83358803018928">
        <ele>709.06</ele>
      </trkpt>
      <trkpt lat="36.47988167591393" lon="137.8336115833372">
        <ele>708.79</ele>
      </trkpt>
      <trkpt lat="36.47984789684415" lon="137.8336213901639">
        <ele>708.52</ele>
      </trkpt>
      <trkpt lat="36.47982065565884" lon="137.83362541347742">
        <ele>708.24</ele>
      </trkpt>
      <trkpt lat="36.479627871885896" lon="137.83367746509612">
        <ele>707.91</ele>
      </trkpt>
      <trkpt lat="36.4795308932662" lon="137.8336967434734">
        <ele>707.6</ele>
      </trkpt>
      <trkpt lat="36.47933676838875" lon="137.83373513258994">
        <ele>707.26</ele>
      </trkpt>
      <trkpt lat="36.4791371114552" lon="137.83378534018993">
        <ele>706.92</ele>
      </trkpt>
      <trkpt lat="36.479040049016476" lon="137.83380386419594">
        <ele>706.64</ele>
      </trkpt>
      <trkpt lat="36.478848522529006" lon="137.8338389005512">
        <ele>706.37</ele>
      </trkpt>
      <trkpt lat="36.47876042872667" lon="137.83385206013918">
        <ele>706.09</ele>
      </trkpt>
      <trkpt lat="36.47863419726491" lon="137.8338785469532">
        <ele>705.79</ele>
      </trkpt>
      <trkpt lat="36.478478545323014" lon="137.83391031436622">
        <ele>705.46</ele>
      </trkpt>
      <trkpt lat="36.47831057198346" lon="137.83394685946405">
        <ele>705.11</ele>
      </trkpt>
      <trkpt lat="36.478206971660256" lon="137.83396856859326">
        <ele>704.82</ele>
      </trkpt>
      <trkpt lat="36.478011505678296" lon="137.83401424996555">
        <ele>704.53</ele>
      </trkpt>
      <trkpt lat="36.47795392200351" lon="137.8340225480497">
        <ele>704.28</ele>
      </trkpt>
      <trkpt lat="36.47776105441153" lon="137.83405314199626">
        <ele>704.04</ele>
      </trkpt>
      <trkpt lat="36.477667428553104" lon="137.83408490940928">
        <ele>703.81</ele>
      </trkpt>
      <trkpt lat="36.47757430560887" lon="137.8340923693031">
        <ele>703.58</ele>
      </trkpt>
      <trkpt lat="36.47750113159418" lon="137.83410737290978">
        <ele>703.35</ele>
      </trkpt>
      <trkpt lat="36.47741060703993" lon="137.83412287943065">
        <ele>703.1</ele>
      </trkpt>
      <trkpt lat="36.477214973419905" lon="137.8341655433178">
        <ele>702.82</ele>
      </trkpt>
      <trkpt lat="36.47715370170772" lon="137.83417409285903">
        <ele>702.61</ele>
      </trkpt>
      <trkpt lat="36.477031745016575" lon="137.83417962491512">
        <ele>702.39</ele>
      </trkpt>
      <trkpt lat="36.47693728096783" lon="137.834195131436">
        <ele>702.17</ele>
      </trkpt>
      <trkpt lat="36.476904256269336" lon="137.8341994062066">
        <ele>702.01</ele>
      </trkpt>
      <trkpt lat="36.47686385549605" lon="137.8342115599662">
        <ele>701.85</ele>
      </trkpt>
      <trkpt lat="36.47682982496917" lon="137.83421952277422">
        <ele>701.7</ele>
      </trkpt>
      <trkpt lat="36.4766729157418" lon="137.83423041924834">
        <ele>701.58</ele>
      </trkpt>
      <trkpt lat="36.47647091187537" lon="137.83426612615585">
        <ele>701.47</ele>
      </trkpt>
      <trkpt lat="36.47637393325567" lon="137.8342831414193">
        <ele>701.35</ele>
      </trkpt>
      <trkpt lat="36.47617888636887" lon="137.8343161661178">
        <ele>701.19</ele>
      </trkpt>
      <trkpt lat="36.476147370412946" lon="137.83432672731578">
        <ele>701.07</ele>
      </trkpt>
      <trkpt lat="36.47595324553549" lon="137.8343756776303">
        <ele>701.0</ele>
      </trkpt>
      <trkpt lat="36.475921059027314" lon="137.83438640646636">
        <ele>700.88</ele>
      </trkpt>
      <trkpt lat="36.475890297442675" lon="137.83439780585468">
        <ele>700.77</ele>
      </trkpt>
      <trkpt lat="36.47569449618459" lon="137.83443996682763">
        <ele>700.71</ele>
      </trkpt>
      <trkpt lat="36.47559894248843" lon="137.8344599995762">
        <ele>700.6</ele>
      </trkpt>
      <trkpt lat="36.47541236132383" lon="137.83449084497988">
        <ele>700.47</ele>
      </trkpt>
      <trkpt lat="36.47534756921232" lon="137.83450920134783">
        <ele>700.31</ele>
      </trkpt>
      <trkpt lat="36.475282441824675" lon="137.83452437259257">
        <ele>700.14</ele>
      </trkpt>
      <trkpt lat="36.475093429908156" lon="137.83456955105066">
        <ele>699.89</ele>
      </trkpt>
      <trkpt lat="36.47506535053253" lon="137.83457659184933">
        <ele>699.69</ele>
      </trkpt>
      <trkpt lat="36.474875416606665" lon="137.83462109975517">
        <ele>699.45</ele>
      </trkpt>
      <trkpt lat="36.474808948114514" lon="137.8346465807408">
        <ele>699.22</ele>
      </trkpt>
      <trkpt lat="36.474611135199666" lon="137.83467859961092">
        <ele>698.95</ele>
      </trkpt>
      <trkpt lat="36.47450610995293" lon="137.83469418995082">
        <ele>698.69</ele>
      </trkpt>
      <trkpt lat="36.474309135228395" lon="137.8347319085151">
        <ele>698.39</ele>
      </trkpt>
      <trkpt lat="36.47424727678299" lon="137.83474163152277">
        <ele>698.13</ele>
      </trkpt>
      <trkpt lat="36.47404359653592" lon="137.83478245139122">
        <ele>697.85</ele>
      </trkpt>
      <trkpt lat="36.473945528268814" lon="137.83480600453913">
        <ele>697.58</ele>
      </trkpt>
      <trkpt lat="36.47374654188752" lon="137.83484891988337">
        <ele>697.32</ele>
      </trkpt>
      <trkpt lat="36.473681163042784" lon="137.8348600678146">
        <ele>697.08</ele>
      </trkpt>
      <trkpt lat="36.47347915917635" lon="137.83490641973913">
        <ele>696.86</ele>
      </trkpt>
      <trkpt lat="36.47344160825014" lon="137.8349100239575">
        <ele>696.63</ele>
      </trkpt>
      <trkpt lat="36.4732469804585" lon="137.83494288101792">
        <ele>696.39</ele>
      </trkpt>
      <trkpt lat="36.47318218834698" lon="137.8349541965872">
        <ele>696.15</ele>
      </trkpt>
      <trkpt lat="36.472983956336975" lon="137.83499493263662">
        <ele>695.88</ele>
      </trkpt>
      <trkpt lat="36.47278673015535" lon="137.83502234146">
        <ele>695.58</ele>
      </trkpt>
      <trkpt lat="36.47271892055869" lon="137.8350392729044">
        <ele>695.34</ele>
      </trkpt>
      <trkpt lat="36.47265094332397" lon="137.83505846746266">
        <ele>695.12</ele>
      </trkpt>
      <trkpt lat="36.47248397581279" lon="137.83509861677885">
        <ele>694.91</ele>
      </trkpt>
      <trkpt lat="36.47229094058275" lon="137.83514094538987">
        <ele>694.62</ele>
      </trkpt>
      <trkpt lat="36.472098575904965" lon="137.8351717069745">
        <ele>694.36</ele>
      </trkpt>
      <trkpt lat="36.471895817667246" lon="137.8352245129645">
        <ele>694.15</ele>
      </trkpt>
      <trkpt lat="36.47172398865223" lon="137.8352588787675">
        <ele>693.98</ele>
      </trkpt>
      <trkpt lat="36.47169515490532" lon="137.835265500471">
        <ele>693.75</ele>
      </trkpt>
      <trkpt lat="36.4715011138469" lon="137.83530456013978">
        <ele>693.54</ele>
      </trkpt>
      <trkpt lat="36.471331883221865" lon="137.8353321366012">
        <ele>693.3</ele>
      </trkpt>
      <trkpt lat="36.47126583382487" lon="137.83534102141857">
        <ele>693.04</ele>
      </trkpt>
      <trkpt lat="36.471096435561776" lon="137.83537563867867">
        <ele>692.76</ele>
      </trkpt>
      <trkpt lat="36.47106248885393" lon="137.83537848852575">
        <ele>692.5</ele>
      </trkpt>
      <trkpt lat="36.470863334834576" lon="137.8354245889932">
        <ele>692.24</ele>
      </trkpt>
      <trkpt lat="36.47083039395511" lon="137.8354314621538">
        <ele>691.97</ele>
      </trkpt>
      <trkpt lat="36.47062906064093" lon="137.83547814935446">
        <ele>691.69</ele>
      </trkpt>
      <trkpt lat="36.47042437456548" lon="137.83552139997482">
        <ele>691.42</ele>
      </trkpt>
      <trkpt lat="36.47035866044462" lon="137.835535062477">
        <ele>691.12</ele>
      </trkpt>
      <trkpt lat="36.470199236646295" lon="137.83556641079485">
        <ele>690.8</ele>
      </trkpt>
      <trkpt lat="36.47000502794981" lon="137.83559868112206">
        <ele>690.47</ele>
      </trkpt>
      <trkpt lat="36.469946103170514" lon="137.83561075106263">
        <ele>690.12</ele>
      </trkpt>
      <trkpt lat="36.46979279816151" lon="137.83563824370503">
        <ele>689.67</ele>
      </trkpt>
      <trkpt lat="36.46972758695483" lon="137.835651403293">
        <ele>689.28</ele>
      </trkpt>
      <trkpt lat="36.4695306122303" lon="137.83569431863725">
        <ele>688.76</ele>
      </trkpt>
      <trkpt lat="36.46936632692814" lon="137.8357243258506">
        <ele>688.33</ele>
      </trkpt>
      <trkpt lat="36.46917052567005" lon="137.83577042631805">
        <ele>687.95</ele>
      </trkpt>
      <trkpt lat="36.46913917735219" lon="137.83578048460186">
        <ele>687.59</ele>
      </trkpt>
      <trkpt lat="36.46894731558859" lon="137.83581887371838">
        <ele>687.32</ele>
      </trkpt>
      <trkpt lat="36.46875503472984" lon="137.83585893921554">
        <ele>686.98</ele>
      </trkpt>
      <trkpt lat="36.468719160184264" lon="137.8358664829284">
        <ele>686.63</ele>
      </trkpt>
      <trkpt lat="36.468522353097796" lon="137.83591358922422">
        <ele>686.27</ele>
      </trkpt>
      <trkpt lat="36.468490585684776" lon="137.83592138439417">
        <ele>685.92</ele>
      </trkpt>
      <trkpt lat="36.46835790015757" lon="137.83595591783524">
        <ele>685.59</ele>
      </trkpt>
      <trkpt lat="36.468291096389294" lon="137.83596572466195">
        <ele>685.25</ele>
      </trkpt>
      <trkpt lat="36.46808850578964" lon="137.8360067959875">
        <ele>684.93</ele>
      </trkpt>
      <trkpt lat="36.46805263124406" lon="137.836013417691">
        <ele>684.61</ele>
      </trkpt>
      <trkpt lat="36.467887507751584" lon="137.83604929223657">
        <ele>684.28</ele>
      </trkpt>
      <trkpt lat="36.46769220940769" lon="137.83608432859182">
        <ele>683.92</ele>
      </trkpt>
      <trkpt lat="36.46749942563474" lon="137.83611902967095">
        <ele>683.55</ele>
      </trkpt>
      <trkpt lat="36.46729649975896" lon="137.83616923727095">
        <ele>683.16</ele>
      </trkpt>
      <trkpt lat="36.46709474734962" lon="137.83621257171035">
        <ele>682.8</ele>
      </trkpt>
      <trkpt lat="36.467060297727585" lon="137.8362190257758">
        <ele>682.51</ele>
      </trkpt>
      <trkpt lat="36.46685812622309" lon="137.83626705408096">
        <ele>682.22</ele>
      </trkpt>
      <trkpt lat="36.466658636927605" lon="137.83631281927228">
        <ele>681.96</ele>
      </trkpt>
      <trkpt lat="36.46656668744981" lon="137.8363324329257">
        <ele>681.72</ele>
      </trkpt>
      <trkpt lat="36.466463170945644" lon="137.83635238185525">
        <ele>681.49</ele>
      </trkpt>
      <trkpt lat="36.46625186316669" lon="137.83639496192336">
        <ele>681.3</ele>
      </trkpt>
      <trkpt lat="36.466182209551334" lon="137.83640887588263">
        <ele>681.08</ele>
      </trkpt>
      <trkpt lat="36.46598498336971" lon="137.83644064329565">
        <ele>680.9</ele>
      </trkpt>
      <trkpt lat="36.46592245437205" lon="137.8364497795701">
        <ele>680.7</ele>
      </trkpt>
      <trkpt lat="36.465733610093594" lon="137.83647903241217">
        <ele>680.49</ele>
      </trkpt>
      <trkpt lat="36.4657040219754" lon="137.83648816868663">
        <ele>680.28</ele>
      </trkpt>
      <trkpt lat="36.46550704725087" lon="137.83654139377177">
        <ele>680.04</ele>
      </trkpt>
      <trkpt lat="36.465379893779755" lon="137.83656544983387">
        <ele>679.8</ele>
      </trkpt>
      <trkpt lat="36.46518291905522" lon="137.83660761080682">
        <ele>679.58</ele>
      </trkpt>
      <trkpt lat="36.46511821076274" lon="137.83662437461317">
        <ele>679.39</ele>
      </trkpt>
      <trkpt lat="36.46498862653971" lon="137.83666184172034">
        <ele>679.17</ele>
      </trkpt>
      <trkpt lat="36.46492567844689" lon="137.83667567186058">
        <ele>678.99</ele>
      </trkpt>
      <trkpt lat="36.46473314613104" lon="137.83672235906124">
        <ele>678.77</ele>
      </trkpt>
      <trkpt lat="36.4645382668823" lon="137.836761334911">
        <ele>678.59</ele>
      </trkpt>
      <trkpt lat="36.46440206095576" lon="137.83678019419312">
        <ele>678.44</ele>
      </trkpt>
      <trkpt lat="36.46429452113807" lon="137.83679192885756">
        <ele>678.31</ele>
      </trkpt>
      <trkpt lat="36.46418949589133" lon="137.83680911175907">
        <ele>678.2</ele>
      </trkpt>
      <trkpt lat="36.46415328606963" lon="137.83680978231132">
        <ele>678.1</ele>
      </trkpt>
      <trkpt lat="36.46395195275545" lon="137.8368094470352">
        <ele>678.07</ele>
      </trkpt>
      <trkpt lat="36.463753804564476" lon="137.83679368905723">
        <ele>678.03</ele>
      </trkpt>
      <trkpt lat="36.46368507295847" lon="137.8367864806205">
        <ele>677.97</ele>
      </trkpt>
      <trkpt lat="36.463487511500716" lon="137.8367734886706">
        <ele>677.92</ele>
      </trkpt>
      <trkpt lat="36.46345591172576" lon="137.83677290193737">
        <ele>677.84</ele>
      </trkpt>
      <trkpt lat="36.4634245634079" lon="137.8367661125958">
        <ele>677.77</ele>
      </trkpt>
      <trkpt lat="36.463227504864335" lon="137.83674540929496">
        <ele>677.68</ele>
      </trkpt>
      <trkpt lat="36.46303849294782" lon="137.83673300407827">
        <ele>677.57</ele>
      </trkpt>
      <trkpt lat="36.46300689317286" lon="137.836729651317">
        <ele>677.5</ele>
      </trkpt>
      <trkpt lat="36.46284562535584" lon="137.8367103729397">
        <ele>677.37</ele>
      </trkpt>
      <trkpt lat="36.4627181366086" lon="137.83669855445623">
        <ele>677.26</ele>
      </trkpt>
      <trkpt lat="36.46252987906337" lon="137.8366702236235">
        <ele>677.16</ele>
      </trkpt>
      <trkpt lat="36.46246592514217" lon="137.83666125498712">
        <ele>677.08</ele>
      </trkpt>
      <trkpt lat="36.46227490156889" lon="137.83665019087493">
        <ele>677.01</ele>
      </trkpt>
      <trkpt lat="36.462244810536504" lon="137.83664926886559">
        <ele>676.94</ele>
      </trkpt>
      <trkpt lat="36.4620534516871" lon="137.8366387076676">
        <ele>676.84</ele>
      </trkpt>
      <trkpt lat="36.46195052191615" lon="137.83663602545857">
        <ele>676.77</ele>
      </trkpt>
      <trkpt lat="36.46191858686507" lon="137.83663275651634">
        <ele>676.68</ele>
      </trkpt>
      <trkpt lat="36.46172462962568" lon="137.83661456778646">
        <ele>676.56</ele>
      </trkpt>
      <trkpt lat="36.46166025660932" lon="137.83660970628262">
        <ele>676.47</ele>
      </trkpt>
      <trkpt lat="36.46146076731384" lon="137.83659772016108">
        <ele>676.39</ele>
      </trkpt>
      <trkpt lat="36.461425982415676" lon="137.83659344539046">
        <ele>676.29</ele>
      </trkpt>
      <trkpt lat="36.46126337349415" lon="137.83658632077277">
        <ele>676.23</ele>
      </trkpt>
      <trkpt lat="36.46120025776327" lon="137.83658414147794">
        <ele>676.13</ele>
      </trkpt>
      <trkpt lat="36.46101275458932" lon="137.83657299354672">
        <ele>676.03</ele>
      </trkpt>
      <trkpt lat="36.46098140627146" lon="137.8365650307387">
        <ele>675.9</ele>
      </trkpt>
      <trkpt lat="36.46081192418933" lon="137.83655329607427">
        <ele>675.73</ele>
      </trkpt>
      <trkpt lat="36.460616206750274" lon="137.83653686754405">
        <ele>675.53</ele>
      </trkpt>
      <trkpt lat="36.460427194833755" lon="137.83651088364422">
        <ele>675.35</ele>
      </trkpt>
      <trkpt lat="36.460361648350954" lon="137.83650954253972">
        <ele>675.2</ele>
      </trkpt>
      <trkpt lat="36.46016693674028" lon="137.8364983946085">
        <ele>675.04</ele>
      </trkpt>
      <trkpt lat="36.46003902889788" lon="137.83648456446826">
        <ele>674.89</ele>
      </trkpt>
      <trkpt lat="36.459971219301224" lon="137.8364817146212">
        <ele>674.76</ele>
      </trkpt>
      <trkpt lat="36.45977265201509" lon="137.83646754920483">
        <ele>674.61</ele>
      </trkpt>
      <trkpt lat="36.45973996259272" lon="137.836462687701">
        <ele>674.48</ele>
      </trkpt>
      <trkpt lat="36.45953963510692" lon="137.83645363524556">
        <ele>674.41</ele>
      </trkpt>
      <trkpt lat="36.45944835618138" lon="137.8364408109337">
        <ele>674.33</ele>
      </trkpt>
      <trkpt lat="36.45925456658006" lon="137.83642128109932">
        <ele>674.24</ele>
      </trkpt>
      <trkpt lat="36.4591901935637" lon="137.83640946261585">
        <ele>674.14</ele>
      </trkpt>
      <trkpt lat="36.459056083112955" lon="137.8364051040262">
        <ele>674.02</ele>
      </trkpt>
      <trkpt lat="36.458957428112626" lon="137.83640242181718">
        <ele>673.9</ele>
      </trkpt>
      <trkpt lat="36.458764309063554" lon="137.83642346039414">
        <ele>673.77</ele>
      </trkpt>
      <trkpt lat="36.45873203873634" lon="137.8364299144596">
        <ele>673.66</ele>
      </trkpt>
      <trkpt lat="36.45860178396106" lon="137.83646310679615">
        <ele>673.52</ele>
      </trkpt>
      <trkpt lat="36.45850270986557" lon="137.836497053504">
        <ele>673.45</ele>
      </trkpt>
      <trkpt lat="36.45830539986491" lon="137.83659545704722">
        <ele>673.41</ele>
      </trkpt>
      <trkpt lat="36.458276733756065" lon="137.83661188557744">
        <ele>673.32</ele>
      </trkpt>
      <trkpt lat="36.45812544040382" lon="137.83668137155473">
        <ele>673.22</ele>
      </trkpt>
      <trkpt lat="36.45800868049264" lon="137.83673929050565">
        <ele>673.13</ele>
      </trkpt>
      <trkpt lat="36.45782997831702" lon="137.83683249726892">
        <ele>672.98</ele>
      </trkpt>
      <trkpt lat="36.457709362730384" lon="137.8368837106973">
        <ele>672.86</ele>
      </trkpt>
      <trkpt lat="36.457532588392496" lon="137.83696518279612">
        <ele>672.72</ele>
      </trkpt>
      <trkpt lat="36.45735162310302" lon="137.83705084584653">
        <ele>672.58</ele>
      </trkpt>
      <trkpt lat="36.45716579630971" lon="137.83712728880346">
        <ele>672.49</ele>
      </trkpt>
      <trkpt lat="36.45713704638183" lon="137.8371408674866">
        <ele>672.4</ele>
      </trkpt>
      <trkpt lat="36.4569487888366" lon="137.83721898682415">
        <ele>672.35</ele>
      </trkpt>
      <trkpt lat="36.45689656957984" lon="137.83724706619978">
        <ele>672.25</ele>
      </trkpt>
      <trkpt lat="36.456712000072" lon="137.8373248502612">
        <ele>672.18</ele>
      </trkpt>
      <trkpt lat="36.45662046968937" lon="137.83736927434802">
        <ele>672.06</ele>
      </trkpt>
      <trkpt lat="36.45650044083595" lon="137.83741319552064">
        <ele>671.91</ele>
      </trkpt>
      <trkpt lat="36.456332886591554" lon="137.8374770656228">
        <ele>671.75</ele>
      </trkpt>
      <trkpt lat="36.45615586079657" lon="137.8375685121864">
        <ele>671.61</ele>
      </trkpt>
      <trkpt lat="36.456126691773534" lon="137.83758200705051">
        <ele>671.47</ele>
      </trkpt>
      <trkpt lat="36.456097858026624" lon="137.83759583719075">
        <ele>671.33</ele>
      </trkpt>
      <trkpt lat="36.45593365654349" lon="137.83773640170693">
        <ele>671.21</ele>
      </trkpt>
      <trkpt lat="36.45590825937688" lon="137.83776422962546">
        <ele>671.06</ele>
      </trkpt>
      <trkpt lat="36.45576702430844" lon="137.8379389923066">
        <ele>670.91</ele>
      </trkpt>
      <trkpt lat="36.45570281893015" lon="137.83803580328822">
        <ele>670.7</ele>
      </trkpt>
      <trkpt lat="36.45563626661897" lon="137.83812465146184">
        <ele>670.53</ele>
      </trkpt>
      <trkpt lat="36.45553048700094" lon="137.83827762119472">
        <ele>670.31</ele>
      </trkpt>
      <trkpt lat="36.45539855584502" lon="137.83846210688353">
        <ele>670.03</ele>
      </trkpt>
      <trkpt lat="36.45535589195788" lon="137.83851969055831">
        <ele>669.82</ele>
      </trkpt>
      <trkpt lat="36.455226726830006" lon="137.83869923092425">
        <ele>669.55</ele>
      </trkpt>
      <trkpt lat="36.455183140933514" lon="137.83875790424645">
        <ele>669.32</ele>
      </trkpt>
      <trkpt lat="36.45505045540631" lon="137.83893811516464">
        <ele>669.08</ele>
      </trkpt>
      <trkpt lat="36.45492933690548" lon="137.83906929194927">
        <ele>668.87</ele>
      </trkpt>
      <trkpt lat="36.45482372492552" lon="137.83915939740837">
        <ele>668.66</ele>
      </trkpt>
      <trkpt lat="36.4547399058938" lon="137.83921320922673">
        <ele>668.46</ele>
      </trkpt>
      <trkpt lat="36.4545604493469" lon="137.839322257787">
        <ele>668.28</ele>
      </trkpt>
      <trkpt lat="36.45450655370951" lon="137.8393547795713">
        <ele>668.1</ele>
      </trkpt>
      <trkpt lat="36.45434972830117" lon="137.83947388641536">
        <ele>667.93</ele>
      </trkpt>
      <trkpt lat="36.454301280900836" lon="137.83950925804675">
        <ele>667.77</ele>
      </trkpt>
      <trkpt lat="36.45414068363607" lon="137.83962585031986">
        <ele>667.62</ele>
      </trkpt>
      <trkpt lat="36.4540561940521" lon="137.8396785724908">
        <ele>667.51</ele>
      </trkpt>
      <trkpt lat="36.453885370865464" lon="137.83978041261435">
        <ele>667.43</ele>
      </trkpt>
      <trkpt lat="36.453858464956284" lon="137.83979809843004">
        <ele>667.3</ele>
      </trkpt>
      <trkpt lat="36.45368026569486" lon="137.83989331685007">
        <ele>667.19</ele>
      </trkpt>
      <trkpt lat="36.453598039224744" lon="137.83994989469647">
        <ele>667.07</ele>
      </trkpt>
      <trkpt lat="36.45351438783109" lon="137.84000563435256">
        <ele>666.95</ele>
      </trkpt>
      <trkpt lat="36.45332747139037" lon="137.8401085641235">
        <ele>666.82</ele>
      </trkpt>
      <trkpt lat="36.453161761164665" lon="137.8402131702751">
        <ele>666.65</ele>
      </trkpt>
      <trkpt lat="36.453084480017424" lon="137.84026362933218">
        <ele>666.53</ele>
      </trkpt>
      <trkpt lat="36.45291030406952" lon="137.84036035649478">
        <ele>666.39</ele>
      </trkpt>
      <trkpt lat="36.452877363190055" lon="137.8403836581856">
        <ele>666.26</ele>
      </trkpt>
      <trkpt lat="36.45270025357604" lon="137.8405015077442">
        <ele>666.13</ele>
      </trkpt>
      <trkpt lat="36.45258869044483" lon="137.8405683953315">
        <ele>666.0</ele>
      </trkpt>
      <trkpt lat="36.452419459819794" lon="137.8406672179699">
        <ele>665.84</ele>
      </trkpt>
      <trkpt lat="36.45236346870661" lon="137.84068666398525">
        <ele>665.72</ele>
      </trkpt>
      <trkpt lat="36.45233287476003" lon="137.8406976442784">
        <ele>665.61</ele>
      </trkpt>
      <trkpt lat="36.45213682204485" lon="137.84070929512382">
        <ele>665.48</ele>
      </trkpt>
      <trkpt lat="36.452105892822146" lon="137.84070535562932">
        <ele>665.38</ele>
      </trkpt>
      <trkpt lat="36.45191411487758" lon="137.84069890156388">
        <ele>665.27</ele>
      </trkpt>
      <trkpt lat="36.45184580236673" lon="137.84068842418492">
        <ele>665.19</ele>
      </trkpt>
      <trkpt lat="36.451646983623505" lon="137.8406704030931">
        <ele>665.16</ele>
      </trkpt>
      <trkpt lat="36.451559560373425" lon="137.84066914580762">
        <ele>665.08</ele>
      </trkpt>
      <trkpt lat="36.4513673633337" lon="137.84065791405737">
        <ele>664.99</ele>
      </trkpt>
      <trkpt lat="36.45120215602219" lon="137.84064433537424">
        <ele>664.89</ele>
      </trkpt>
      <trkpt lat="36.451170053333044" lon="137.8406429104507">
        <ele>664.81</ele>
      </trkpt>
      <trkpt lat="36.45097257569432" lon="137.8406175132841">
        <ele>664.68</ele>
      </trkpt>
      <trkpt lat="36.450947346165776" lon="137.840614663437">
        <ele>664.6</ele>
      </trkpt>
      <trkpt lat="36.450751796364784" lon="137.84060569480062">
        <ele>664.51</ele>
      </trkpt>
      <trkpt lat="36.45058290101588" lon="137.84059127792716">
        <ele>664.47</ele>
      </trkpt>
      <trkpt lat="36.450387770310044" lon="137.84058247692883">
        <ele>664.48</ele>
      </trkpt>
      <trkpt lat="36.45034661516547" lon="137.84057753160596">
        <ele>664.43</ele>
      </trkpt>
      <trkpt lat="36.45025726407766" lon="137.84058197401464">
        <ele>664.4</ele>
      </trkpt>
      <trkpt lat="36.45012650638819" lon="137.84057300537825">
        <ele>664.35</ele>
      </trkpt>
      <trkpt lat="36.449937326833606" lon="137.84055523574352">
        <ele>664.29</ele>
      </trkpt>
      <trkpt lat="36.44987102597952" lon="137.84055129624903">
        <ele>664.24</ele>
      </trkpt>
      <trkpt lat="36.44967799074948" lon="137.84052916802466">
        <ele>664.17</ele>
      </trkpt>
      <trkpt lat="36.44962007179856" lon="137.84052858129144">
        <ele>664.1</ele>
      </trkpt>
      <trkpt lat="36.44943424500525" lon="137.8405232168734">
        <ele>663.99</ele>
      </trkpt>
      <trkpt lat="36.4493659324944" lon="137.84051802009344">
        <ele>663.93</ele>
      </trkpt>
      <trkpt lat="36.44918521866202" lon="137.84050502814353">
        <ele>663.81</ele>
      </trkpt>
      <trkpt lat="36.44915236160159" lon="137.84050385467708">
        <ele>663.76</ele>
      </trkpt>
      <trkpt lat="36.4489620923996" lon="137.84048507921398">
        <ele>663.67</ele>
      </trkpt>
      <trkpt lat="36.4488912653178" lon="137.84047963097692">
        <ele>663.62</ele>
      </trkpt>
      <trkpt lat="36.44868616014719" lon="137.84047736786306">
        <ele>663.54</ele>
      </trkpt>
      <trkpt lat="36.44849656149745" lon="137.84046404063702">
        <ele>663.57</ele>
      </trkpt>
      <trkpt lat="36.44843218848109" lon="137.8404579218477">
        <ele>663.58</ele>
      </trkpt>
      <trkpt lat="36.44822540692985" lon="137.84045079723">
        <ele>663.65</ele>
      </trkpt>
      <trkpt lat="36.44815307110548" lon="137.84044685773551">
        <ele>663.69</ele>
      </trkpt>
      <trkpt lat="36.447960287332535" lon="137.84045205451548">
        <ele>663.72</ele>
      </trkpt>
      <trkpt lat="36.44783187657595" lon="137.84048021771014">
        <ele>663.69</ele>
      </trkpt>
      <trkpt lat="36.4478116761893" lon="137.84050854854286">
        <ele>663.68</ele>
      </trkpt>
      <trkpt lat="36.447792733088136" lon="137.84058071672916">
        <ele>663.66</ele>
      </trkpt>
      <trkpt lat="36.447761971503496" lon="137.84080979414284">
        <ele>663.61</ele>
      </trkpt>
      <trkpt lat="36.44774495624006" lon="137.8408955410123">
        <ele>663.58</ele>
      </trkpt>
      <trkpt lat="36.44770740531385" lon="137.8411228582263">
        <ele>663.55</ele>
      </trkpt>
      <trkpt lat="36.44770053215325" lon="137.84115001559258">
        <ele>663.52</ele>
      </trkpt>
      <trkpt lat="36.44766993820667" lon="137.84127515740693">
        <ele>663.48</ele>
      </trkpt>
      <trkpt lat="36.447620652616024" lon="137.84150088205934">
        <ele>663.42</ele>
      </trkpt>
      <trkpt lat="36.447605062276125" lon="137.8415695298463">
        <ele>663.35</ele>
      </trkpt>
      <trkpt lat="36.44757061265409" lon="137.84172920510173">
        <ele>663.26</ele>
      </trkpt>
      <trkpt lat="36.44754957407713" lon="137.84183892421424">
        <ele>663.21</ele>
      </trkpt>
      <trkpt lat="36.44749643281102" lon="137.84206280484796">
        <ele>663.17</ele>
      </trkpt>
      <trkpt lat="36.44749148748815" lon="137.84209733828902">
        <ele>663.05</ele>
      </trkpt>
      <trkpt lat="36.447485284879804" lon="137.84214654006064">
        <ele>662.92</ele>
      </trkpt>
      <trkpt lat="36.447458546608686" lon="137.84237880259752">
        <ele>662.78</ele>
      </trkpt>
      <trkpt lat="36.447452176362276" lon="137.84241719171405">
        <ele>662.58</ele>
      </trkpt>
      <trkpt lat="36.447429629042745" lon="137.84256655722857">
        <ele>662.33</ele>
      </trkpt>
      <trkpt lat="36.44741764292121" lon="137.84271843731403">
        <ele>662.08</ele>
      </trkpt>
      <trkpt lat="36.44739710725844" lon="137.84298179671168">
        <ele>661.82</ele>
      </trkpt>
      <trkpt lat="36.447373470291495" lon="137.84314205870032">
        <ele>661.56</ele>
      </trkpt>
      <trkpt lat="36.44734832458198" lon="137.84329100511968">
        <ele>661.24</ele>
      </trkpt>
      <trkpt lat="36.44732343032956" lon="137.84353223629296">
        <ele>660.81</ele>
      </trkpt>
      <trkpt lat="36.4473179820925" lon="137.8436118643731">
        <ele>660.44</ele>
      </trkpt>
      <trkpt lat="36.44729451276362" lon="137.8437741380185">
        <ele>660.01</ele>
      </trkpt>
      <trkpt lat="36.44727850332856" lon="137.84389290958643">
        <ele>659.63</ele>
      </trkpt>
      <trkpt lat="36.447239611297846" lon="137.84411787986755">
        <ele>659.22</ele>
      </trkpt>
      <trkpt lat="36.447225948795676" lon="137.84423816017807">
        <ele>658.85</ele>
      </trkpt>
      <trkpt lat="36.447216058149934" lon="137.84432156011462">
        <ele>658.45</ele>
      </trkpt>
      <trkpt lat="36.447189738973975" lon="137.84447545185685">
        <ele>658.04</ele>
      </trkpt>
      <trkpt lat="36.447172136977315" lon="137.8445588517934">
        <ele>657.64</ele>
      </trkpt>
      <trkpt lat="36.4471453987062" lon="137.84470939077437">
        <ele>657.22</ele>
      </trkpt>
      <trkpt lat="36.44710382446647" lon="137.84492463804781">
        <ele>656.81</ele>
      </trkpt>
      <trkpt lat="36.44705940037966" lon="137.84514457918704">
        <ele>656.42</ele>
      </trkpt>
      <trkpt lat="36.447040708735585" lon="137.84521129913628">
        <ele>656.04</ele>
      </trkpt>
      <trkpt lat="36.44703458994627" lon="137.84525136463344">
        <ele>655.67</ele>
      </trkpt>
      <trkpt lat="36.44697390496731" lon="137.84547683782876">
        <ele>655.3</ele>
      </trkpt>
      <trkpt lat="36.446961499750614" lon="137.84551564604044">
        <ele>654.93</ele>
      </trkpt>
      <trkpt lat="36.44693551585078" lon="137.845628131181">
        <ele>654.56</ele>
      </trkpt>
      <trkpt lat="36.446924367919564" lon="137.8456685319543">
        <ele>654.21</ele>
      </trkpt>
      <trkpt lat="36.44688396714628" lon="137.84584421664476">
        <ele>653.86</ele>
      </trkpt>
      <trkpt lat="36.446878015995026" lon="137.84588495269418">
        <ele>653.53</ele>
      </trkpt>
      <trkpt lat="36.44684448838234" lon="137.84603767096996">
        <ele>653.21</ele>
      </trkpt>
      <trkpt lat="36.44683660939336" lon="137.8460755571723">
        <ele>652.89</ele>
      </trkpt>
      <trkpt lat="36.44682847894728" lon="137.84614579752088">
        <ele>652.59</ele>
      </trkpt>
      <trkpt lat="36.4467862341553" lon="137.8463805746287">
        <ele>652.28</ele>
      </trkpt>
      <trkpt lat="36.44678154028952" lon="137.8464180417359">
        <ele>651.98</ele>
      </trkpt>
      <trkpt lat="36.44673845730722" lon="137.84664091654122">
        <ele>651.68</ele>
      </trkpt>
      <trkpt lat="36.44671616144478" lon="137.84675625152886">
        <ele>651.37</ele>
      </trkpt>
      <trkpt lat="36.446672240272164" lon="137.84698616713285">
        <ele>651.04</ele>
      </trkpt>
      <trkpt lat="36.446655225008726" lon="137.84714232198894">
        <ele>650.71</ele>
      </trkpt>
      <trkpt lat="36.44663142040372" lon="137.8473004885018">
        <ele>650.4</ele>
      </trkpt>
      <trkpt lat="36.4466186799109" lon="137.8474487643689">
        <ele>650.09</ele>
      </trkpt>
      <trkpt lat="36.44659521058202" lon="137.8476967010647">
        <ele>649.8</ele>
      </trkpt>
      <trkpt lat="36.44659194163978" lon="137.84773400053382">
        <ele>649.53</ele>
      </trkpt>
      <trkpt lat="36.446583392098546" lon="137.84780968911946">
        <ele>649.26</ele>
      </trkpt>
      <trkpt lat="36.4465684723109" lon="137.84808025695384">
        <ele>649.0</ele>
      </trkpt>
      <trkpt lat="36.44653947092593" lon="137.8483061492443">
        <ele>648.77</ele>
      </trkpt>
      <trkpt lat="36.446533435955644" lon="137.8483861964196">
        <ele>648.5</ele>
      </trkpt>
      <trkpt lat="36.446514995768666" lon="137.84861619584262">
        <ele>648.22</ele>
      </trkpt>
      <trkpt lat="36.44650829024613" lon="137.8486655652523">
        <ele>647.97</ele>
      </trkpt>
      <trkpt lat="36.4464857429266" lon="137.84891299903393">
        <ele>647.69</ele>
      </trkpt>
      <trkpt lat="36.446462608873844" lon="137.84911424852908">
        <ele>647.41</ele>
      </trkpt>
      <trkpt lat="36.44644735381007" lon="137.84926235675812">
        <ele>647.17</ele>
      </trkpt>
      <trkpt lat="36.44643494859338" lon="137.8494176734239">
        <ele>646.96</ele>
      </trkpt>
      <trkpt lat="36.446434780955315" lon="137.84945430234075">
        <ele>646.76</ele>
      </trkpt>
      <trkpt lat="36.44641843624413" lon="137.84969025291502">
        <ele>646.55</ele>
      </trkpt>
      <trkpt lat="36.446404438465834" lon="137.84991648048162">
        <ele>646.33</ele>
      </trkpt>
      <trkpt lat="36.446401588618755" lon="137.84999300725758">
        <ele>646.15</ele>
      </trkpt>
      <trkpt lat="36.44639530219138" lon="137.8502578753978">
        <ele>645.97</ele>
      </trkpt>
      <trkpt lat="36.44639530219138" lon="137.85029475577176">
        <ele>645.82</ele>
      </trkpt>
      <trkpt lat="36.446394296362996" lon="137.85033498890698">
        <ele>645.69</ele>
      </trkpt>
      <trkpt lat="36.446382477879524" lon="137.85059859976172">
        <ele>645.59</ele>
      </trkpt>
      <trkpt lat="36.44638314843178" lon="137.8506514057517">
        <ele>645.48</ele>
      </trkpt>
      <trkpt lat="36.44637091085315" lon="137.85076565109193">
        <ele>645.35</ele>
      </trkpt>
      <trkpt lat="36.4463663008064" lon="137.8508826624602">
        <ele>645.23</ele>
      </trkpt>
      <trkpt lat="36.446358086541295" lon="137.8510378114879">
        <ele>645.12</ele>
      </trkpt>
      <trkpt lat="36.44635389558971" lon="137.85111559554935">
        <ele>645.03</ele>
      </trkpt>
      <trkpt lat="36.44634702242911" lon="137.85137727856636">
        <ele>644.97</ele>
      </trkpt>
      <trkpt lat="36.44634844735265" lon="137.85150174982846">
        <ele>644.92</ele>
      </trkpt>
      <trkpt lat="36.44634165801108" lon="137.85165974870324">
        <ele>644.89</ele>
      </trkpt>
      <trkpt lat="36.446335623040795" lon="137.8517294023186">
        <ele>644.85</ele>
      </trkpt>
      <trkpt lat="36.446322379633784" lon="137.8519728127867">
        <ele>644.81</ele>
      </trkpt>
      <trkpt lat="36.44632070325315" lon="137.85204799845815">
        <ele>644.78</ele>
      </trkpt>
      <trkpt lat="36.446318021044135" lon="137.8521274589002">
        <ele>644.74</ele>
      </trkpt>
      <trkpt lat="36.44631592556834" lon="137.85235435701907">
        <ele>644.71</ele>
      </trkpt>
      <trkpt lat="36.44631743431091" lon="137.85239492543042">
        <ele>644.66</ele>
      </trkpt>
      <trkpt lat="36.446327827870846" lon="137.85264554433525">
        <ele>644.58</ele>
      </trkpt>
      <trkpt lat="36.44633486866951" lon="137.85271553322673">
        <ele>644.54</ele>
      </trkpt>
      <trkpt lat="36.44634970463812" lon="137.85296321846545">
        <ele>644.48</ele>
      </trkpt>
      <trkpt lat="36.4463559910655" lon="137.85304016433656">
        <ele>644.44</ele>
      </trkpt>
      <trkpt lat="36.44637895748019" lon="137.85327460616827">
        <ele>644.39</ele>
      </trkpt>
      <trkpt lat="36.44638432189822" lon="137.8533063735813">
        <ele>644.35</ele>
      </trkpt>
      <trkpt lat="36.44640234299004" lon="137.85342103801668">
        <ele>644.29</ele>
      </trkpt>
      <trkpt lat="36.44640904851258" lon="137.85349873825908">
        <ele>644.24</ele>
      </trkpt>
      <trkpt lat="36.446436289697886" lon="137.85371172241867">
        <ele>644.19</ele>
      </trkpt>
      <trkpt lat="36.44645372405648" lon="137.85378674045205">
        <ele>644.15</ele>
      </trkpt>
      <trkpt lat="36.44646235741675" lon="137.85382714122534">
        <ele>644.11</ele>
      </trkpt>
      <trkpt lat="36.44651675596833" lon="137.85404867492616">
        <ele>644.06</ele>
      </trkpt>
      <trkpt lat="36.446553468704224" lon="137.85415177233517">
        <ele>644.05</ele>
      </trkpt>
      <trkpt lat="36.446542320773005" lon="137.85424187779427">
        <ele>644.03</ele>
      </trkpt>
      <trkpt lat="36.44651658833027" lon="137.85418747924268">
        <ele>644.01</ele>
      </trkpt>
      <trkpt lat="36.44649907015264" lon="137.8541412949562">
        <ele>644.0</ele>
      </trkpt>
      <trkpt lat="36.4464149158448" lon="137.85391749814153">
        <ele>643.98</ele>
      </trkpt>
      <trkpt lat="36.44640167243779" lon="137.85388036631048">
        <ele>643.99</ele>
      </trkpt>
      <trkpt lat="36.44634266383946" lon="137.8536645323038">
        <ele>644.03</ele>
      </trkpt>
      <trkpt lat="36.44628658890724" lon="137.8533973172307">
        <ele>644.06</ele>
      </trkpt>
      <trkpt lat="36.4462455175817" lon="137.85317335277796">
        <ele>644.1</ele>
      </trkpt>
      <trkpt lat="36.446233531460166" lon="137.85309062339365">
        <ele>644.13</ele>
      </trkpt>
      <trkpt lat="36.44621257670224" lon="137.8528679162264">
        <ele>644.17</ele>
      </trkpt>
      <trkpt lat="36.446209475398064" lon="137.85283061675727">
        <ele>644.22</ele>
      </trkpt>
      <trkpt lat="36.44619480706751" lon="137.85259961150587">
        <ele>644.32</ele>
      </trkpt>
      <trkpt lat="36.44619279541075" lon="137.85255334340036">
        <ele>644.36</ele>
      </trkpt>
      <trkpt lat="36.44619841128588" lon="137.85232770256698">
        <ele>644.44</ele>
      </trkpt>
      <trkpt lat="36.4462074637413" lon="137.85222108475864">
        <ele>644.51</ele>
      </trkpt>
      <trkpt lat="36.44621743820608" lon="137.85199116915464">
        <ele>644.53</ele>
      </trkpt>
      <trkpt lat="36.44621953368187" lon="137.85191355273128">
        <ele>644.56</ele>
      </trkpt>
      <trkpt lat="36.44622188061476" lon="137.85168573260307">
        <ele>644.59</ele>
      </trkpt>
      <trkpt lat="36.446223640814424" lon="137.85161859355867">
        <ele>644.63</ele>
      </trkpt>
      <trkpt lat="36.446233447641134" lon="137.85149730741978">
        <ele>644.68</ele>
      </trkpt>
      <trkpt lat="36.4462523907423" lon="137.85130167379975">
        <ele>644.73</ele>
      </trkpt>
      <trkpt lat="36.44626395776868" lon="137.85111106932163">
        <ele>644.81</ele>
      </trkpt>
      <trkpt lat="36.44627879373729" lon="137.85092457197607">
        <ele>644.94</ele>
      </trkpt>
      <trkpt lat="36.44629958085716" lon="137.85066791810095">
        <ele>645.08</ele>
      </trkpt>
      <trkpt lat="36.44630662165582" lon="137.85055249929428">
        <ele>645.19</ele>
      </trkpt>
      <trkpt lat="36.446314165368676" lon="137.8503149561584">
        <ele>645.3</ele>
      </trkpt>
      <trkpt lat="36.44631676375866" lon="137.85027832724154">
        <ele>645.44</ele>
      </trkpt>
      <trkpt lat="36.44632313400507" lon="137.85005084238946">
        <ele>645.62</ele>
      </trkpt>
      <trkpt lat="36.44632891751826" lon="137.84995227120817">
        <ele>645.81</ele>
      </trkpt>
      <trkpt lat="36.446347357705235" lon="137.84972780384123">
        <ele>646.04</ele>
      </trkpt>
      <trkpt lat="36.44635590724647" lon="137.84960660152137">
        <ele>646.25</ele>
      </trkpt>
      <trkpt lat="36.44637116231024" lon="137.84937987104058">
        <ele>646.47</ele>
      </trkpt>
      <trkpt lat="36.446372754871845" lon="137.84934969618917">
        <ele>646.69</ele>
      </trkpt>
      <trkpt lat="36.44639111123979" lon="137.8490916173905">
        <ele>646.95</ele>
      </trkpt>
      <trkpt lat="36.44639488309622" lon="137.84905155189335">
        <ele>647.19</ele>
      </trkpt>
      <trkpt lat="36.44640829414129" lon="137.84881509840488">
        <ele>647.48</ele>
      </trkpt>
      <trkpt lat="36.44641642458737" lon="137.84873697906733">
        <ele>647.75</ele>
      </trkpt>
      <trkpt lat="36.44642732106149" lon="137.84850597381592">
        <ele>648.05</ele>
      </trkpt>
      <trkpt lat="36.44643494859338" lon="137.8484010323882">
        <ele>648.34</ele>
      </trkpt>
      <trkpt lat="36.44644349813461" lon="137.84826348535717">
        <ele>648.64</ele>
      </trkpt>
      <trkpt lat="36.44646529108286" lon="137.84804413095117">
        <ele>648.92</ele>
      </trkpt>
      <trkpt lat="36.446491442620754" lon="137.84779007546604">
        <ele>649.21</ele>
      </trkpt>
      <trkpt lat="36.44649756141007" lon="137.84775470383465">
        <ele>649.5</ele>
      </trkpt>
      <trkpt lat="36.44652547314763" lon="137.84751841798425">
        <ele>649.8</ele>
      </trkpt>
      <trkpt lat="36.44654290750623" lon="137.8472733311355">
        <ele>650.14</ele>
      </trkpt>
      <trkpt lat="36.44655019976199" lon="137.8472365345806">
        <ele>650.45</ele>
      </trkpt>
      <trkpt lat="36.446553552523255" lon="137.84716604277492">
        <ele>650.78</ele>
      </trkpt>
      <trkpt lat="36.4465787820518" lon="137.8469128254801">
        <ele>651.15</ele>
      </trkpt>
      <trkpt lat="36.44658012315631" lon="137.84688441082835">
        <ele>651.48</ele>
      </trkpt>
      <trkpt lat="36.446608202531934" lon="137.8466707561165">
        <ele>651.86</ele>
      </trkpt>
      <trkpt lat="36.44664022140205" lon="137.84652030095458">
        <ele>652.21</ele>
      </trkpt>
      <trkpt lat="36.44667358137667" lon="137.846320560202">
        <ele>652.57</ele>
      </trkpt>
      <trkpt lat="36.4466773532331" lon="137.84628443419933">
        <ele>652.93</ele>
      </trkpt>
      <trkpt lat="36.446717670187354" lon="137.8460359107703">
        <ele>653.27</ele>
      </trkpt>
      <trkpt lat="36.44675086252391" lon="137.8457808494568">
        <ele>653.63</ele>
      </trkpt>
      <trkpt lat="36.44678003154695" lon="137.8456220123917">
        <ele>654.01</ele>
      </trkpt>
      <trkpt lat="36.446824707090855" lon="137.84546015784144">
        <ele>654.42</ele>
      </trkpt>
      <trkpt lat="36.44685027189553" lon="137.84535261802375">
        <ele>654.82</ele>
      </trkpt>
      <trkpt lat="36.44687441177666" lon="137.8452921845019">
        <ele>655.21</ele>
      </trkpt>
      <trkpt lat="36.4469448197633" lon="137.8450812958181">
        <ele>655.62</ele>
      </trkpt>
      <trkpt lat="36.44696703180671" lon="137.8449774440378">
        <ele>656.02</ele>
      </trkpt>
      <trkpt lat="36.447004079818726" lon="137.84473679959774">
        <ele>656.43</ele>
      </trkpt>
      <trkpt lat="36.447015227749944" lon="137.8446690738201">
        <ele>656.84</ele>
      </trkpt>
      <trkpt lat="36.44704917445779" lon="137.84446178935468">
        <ele>657.27</ele>
      </trkpt>
      <trkpt lat="36.447080271318555" lon="137.8442496433854">
        <ele>657.71</ele>
      </trkpt>
      <trkpt lat="36.44711287692189" lon="137.84404445439577">
        <ele>658.12</ele>
      </trkpt>
      <trkpt lat="36.44713022746146" lon="137.84393448382616">
        <ele>658.52</ele>
      </trkpt>
      <trkpt lat="36.44714707508683" lon="137.84382878802717">
        <ele>658.93</ele>
      </trkpt>
      <trkpt lat="36.447170209139585" lon="137.84366047941148">
        <ele>659.35</ele>
      </trkpt>
      <trkpt lat="36.44719183444977" lon="137.8434121236205">
        <ele>659.84</ele>
      </trkpt>
      <trkpt lat="36.44720667041838" lon="137.8433407098055">
        <ele>660.23</ele>
      </trkpt>
      <trkpt lat="36.44723164848983" lon="137.8432260453701">
        <ele>660.62</ele>
      </trkpt>
      <trkpt lat="36.44724849611521" lon="137.84312026575208">
        <ele>660.97</ele>
      </trkpt>
      <trkpt lat="36.447287388145924" lon="137.8428779449314">
        <ele>661.23</ele>
      </trkpt>
      <trkpt lat="36.44731739535928" lon="137.84265565685928">
        <ele>661.52</ele>
      </trkpt>
      <trkpt lat="36.44732334651053" lon="137.84261383116245">
        <ele>661.78</ele>
      </trkpt>
      <trkpt lat="36.44735360518098" lon="137.8423649724573">
        <ele>662.05</ele>
      </trkpt>
      <trkpt lat="36.44735964015126" lon="137.84233823418617">
        <ele>662.27</ele>
      </trkpt>
      <trkpt lat="36.44739777781069" lon="137.8420864418149">
        <ele>662.42</ele>
      </trkpt>
      <trkpt lat="36.44740590825677" lon="137.8420504834503">
        <ele>662.59</ele>
      </trkpt>
      <trkpt lat="36.44745368510485" lon="137.8418107610196">
        <ele>662.67</ele>
      </trkpt>
      <trkpt lat="36.44746424630284" lon="137.84173884429038">
        <ele>662.8</ele>
      </trkpt>
      <trkpt lat="36.44746843725443" lon="137.8417045623064">
        <ele>662.93</ele>
      </trkpt>
      <trkpt lat="36.447512693703175" lon="137.84153784625232">
        <ele>663.05</ele>
      </trkpt>
      <trkpt lat="36.4475476462394" lon="137.8414045739919">
        <ele>663.18</ele>
      </trkpt>
      <trkpt lat="36.44759508781135" lon="137.84123132005334">
        <ele>663.29</ele>
      </trkpt>
      <trkpt lat="36.44760380499065" lon="137.84119695425034">
        <ele>663.37</ele>
      </trkpt>
      <trkpt lat="36.44765158183873" lon="137.84095572307706">
        <ele>663.44</ele>
      </trkpt>
      <trkpt lat="36.44765987992287" lon="137.8409209381789">
        <ele>663.5</ele>
      </trkpt>
      <trkpt lat="36.44767220132053" lon="137.84085203893483">
        <ele>663.57</ele>
      </trkpt>
      <trkpt lat="36.44769223406911" lon="137.84071097150445">
        <ele>663.64</ele>
      </trkpt>
      <trkpt lat="36.44770690239966" lon="137.84060142003">
        <ele>663.7</ele>
      </trkpt>
      <trkpt lat="36.447723666206" lon="137.8405345324427">
        <ele>663.75</ele>
      </trkpt>
      <trkpt lat="36.447769682854414" lon="137.84040436148643">
        <ele>663.81</ele>
      </trkpt>
      <trkpt lat="36.447907062247396" lon="137.8403181117028">
        <ele>663.88</ele>
      </trkpt>
      <trkpt lat="36.44808668643236" lon="137.84029447473586">
        <ele>663.9</ele>
      </trkpt>
      <trkpt lat="36.448182072490454" lon="137.84030562266707">
        <ele>663.87</ele>
      </trkpt>
      <trkpt lat="36.448378544300795" lon="137.84031551331282">
        <ele>663.78</ele>
      </trkpt>
      <trkpt lat="36.448458675295115" lon="137.84032330848277">
        <ele>663.78</ele>
      </trkpt>
      <trkpt lat="36.44864525645971" lon="137.84035230986774">
        <ele>663.78</ele>
      </trkpt>
      <trkpt lat="36.448738714680076" lon="137.8403566684574">
        <ele>663.84</ele>
      </trkpt>
      <trkpt lat="36.44894105382264" lon="137.84036664292216">
        <ele>663.94</ele>
      </trkpt>
      <trkpt lat="36.449122186750174" lon="137.84036211669445">
        <ele>664.03</ele>
      </trkpt>
      <trkpt lat="36.44915227778256" lon="137.84035490825772">
        <ele>664.08</ele>
      </trkpt>
      <trkpt lat="36.44933148287237" lon="137.84036002121866">
        <ele>664.17</ele>
      </trkpt>
      <trkpt lat="36.44951588474214" lon="137.84037829376757">
        <ele>664.26</ele>
      </trkpt>
      <trkpt lat="36.44954580813646" lon="137.84038265235722">
        <ele>664.31</ele>
      </trkpt>
      <trkpt lat="36.44960858859122" lon="137.84039095044136">
        <ele>664.36</ele>
      </trkpt>
      <trkpt lat="36.44981453195214" lon="137.84041425213218">
        <ele>664.44</ele>
      </trkpt>
      <trkpt lat="36.449876222759485" lon="137.84042020328343">
        <ele>664.48</ele>
      </trkpt>
      <trkpt lat="36.45009038038552" lon="137.8404378052801">
        <ele>664.52</ele>
      </trkpt>
      <trkpt lat="36.45014829933643" lon="137.84044132567942">
        <ele>664.54</ele>
      </trkpt>
      <trkpt lat="36.450342843309045" lon="137.8404558263719">
        <ele>664.52</ele>
      </trkpt>
      <trkpt lat="36.450438648462296" lon="137.8404611069709">
        <ele>664.51</ele>
      </trkpt>
      <trkpt lat="36.450638975948095" lon="137.84047367982566">
        <ele>664.48</ele>
      </trkpt>
      <trkpt lat="36.450698068365455" lon="137.84047678112984">
        <ele>664.49</ele>
      </trkpt>
      <trkpt lat="36.45072916522622" lon="137.8404806368053">
        <ele>664.52</ele>
      </trkpt>
      <trkpt lat="36.450912142172456" lon="137.8404991608113">
        <ele>664.57</ele>
      </trkpt>
      <trkpt lat="36.450940892100334" lon="137.84049983136356">
        <ele>664.62</ele>
      </trkpt>
      <trkpt lat="36.45113375969231" lon="137.84051114693284">
        <ele>664.73</ele>
      </trkpt>
      <trkpt lat="36.45119461230934" lon="137.8405131585896">
        <ele>664.8</ele>
      </trkpt>
      <trkpt lat="36.4513985440135" lon="137.84053646028042">
        <ele>664.91</ele>
      </trkpt>
      <trkpt lat="36.45158210769296" lon="137.84054660238326">
        <ele>664.97</ele>
      </trkpt>
      <trkpt lat="36.451693419367075" lon="137.8405543975532">
        <ele>665.03</ele>
      </trkpt>
      <trkpt lat="36.451875222846866" lon="137.84056923352182">
        <ele>665.06</ele>
      </trkpt>
      <trkpt lat="36.45196398720145" lon="137.84057644195855">
        <ele>665.15</ele>
      </trkpt>
      <trkpt lat="36.452052081003785" lon="137.8405844885856">
        <ele>665.25</ele>
      </trkpt>
      <trkpt lat="36.45223639905453" lon="137.84058306366205">
        <ele>665.38</ele>
      </trkpt>
      <trkpt lat="36.452268082648516" lon="137.84058155491948">
        <ele>665.49</ele>
      </trkpt>
      <trkpt lat="36.45244527608156" lon="137.84053486771882">
        <ele>665.63</ele>
      </trkpt>
      <trkpt lat="36.45247302018106" lon="137.84052271395922">
        <ele>665.76</ele>
      </trkpt>
      <trkpt lat="36.452504117041826" lon="137.84051164984703">
        <ele>665.88</ele>
      </trkpt>
      <trkpt lat="36.45261559635401" lon="137.8404579218477">
        <ele>666.03</ele>
      </trkpt>
      <trkpt lat="36.452668234705925" lon="137.84041928127408">
        <ele>666.16</ele>
      </trkpt>
      <trkpt lat="36.452848529443145" lon="137.84029573202133">
        <ele>666.32</ele>
      </trkpt>
      <trkpt lat="36.45301155745983" lon="137.84019347280264">
        <ele>666.48</ele>
      </trkpt>
      <trkpt lat="36.45314298570156" lon="137.84010252915323">
        <ele>666.64</ele>
      </trkpt>
      <trkpt lat="36.45332369953394" lon="137.83997168764472">
        <ele>666.82</ele>
      </trkpt>
      <trkpt lat="36.45340232178569" lon="137.8399158641696">
        <ele>666.97</ele>
      </trkpt>
      <trkpt lat="36.45356602035463" lon="137.83981720916927">
        <ele>667.13</ele>
      </trkpt>
      <trkpt lat="36.453616227954626" lon="137.83978552557528">
        <ele>667.3</ele>
      </trkpt>
      <trkpt lat="36.45378353074193" lon="137.83968628384173">
        <ele>667.46</ele>
      </trkpt>
      <trkpt lat="36.45386156626046" lon="137.83963188529015">
        <ele>667.63</ele>
      </trkpt>
      <trkpt lat="36.45403264090419" lon="137.83951696939766">
        <ele>667.76</ele>
      </trkpt>
      <trkpt lat="36.4541944116354" lon="137.8394092619419">
        <ele>667.92</ele>
      </trkpt>
      <trkpt lat="36.454246463254094" lon="137.839375147596">
        <ele>668.12</ele>
      </trkpt>
      <trkpt lat="36.45435333251953" lon="137.83931002020836">
        <ele>668.31</ele>
      </trkpt>
      <trkpt lat="36.454404378309846" lon="137.83927774988115">
        <ele>668.51</ele>
      </trkpt>
      <trkpt lat="36.4544777199626" lon="137.83922578208148">
        <ele>668.73</ele>
      </trkpt>
      <trkpt lat="36.45457620732486" lon="137.83915696665645">
        <ele>668.96</ele>
      </trkpt>
      <trkpt lat="36.45475876517594" lon="137.83903777599335">
        <ele>669.22</ele>
      </trkpt>
      <trkpt lat="36.45483076572418" lon="137.83898656256497">
        <ele>669.49</ele>
      </trkpt>
      <trkpt lat="36.454978538677096" lon="137.83885270357132">
        <ele>669.77</ele>
      </trkpt>
      <trkpt lat="36.45501893945038" lon="137.83879721537232">
        <ele>670.04</ele>
      </trkpt>
      <trkpt lat="36.45514148287475" lon="137.83863636665046">
        <ele>670.37</ele>
      </trkpt>
      <trkpt lat="36.4551804587245" lon="137.83858112990856">
        <ele>670.67</ele>
      </trkpt>
      <trkpt lat="36.455275090411305" lon="137.8384496178478">
        <ele>671.02</ele>
      </trkpt>
      <trkpt lat="36.455352790653706" lon="137.83833503723145">
        <ele>671.34</ele>
      </trkpt>
      <trkpt lat="36.455495953559875" lon="137.83815038390458">
        <ele>671.69</ele>
      </trkpt>
      <trkpt lat="36.45551430992782" lon="137.83812196925282">
        <ele>671.94</ele>
      </trkpt>
      <trkpt lat="36.455569211393595" lon="137.83804753795266">
        <ele>672.21</ele>
      </trkpt>
      <trkpt lat="36.455677254125476" lon="137.83790403977036">
        <ele>672.45</ele>
      </trkpt>
      <trkpt lat="36.45581966266036" lon="137.83772701397538">
        <ele>672.69</ele>
      </trkpt>
      <trkpt lat="36.45583818666637" lon="137.83770731650293">
        <ele>672.89</ele>
      </trkpt>
      <trkpt lat="36.45599149167538" lon="137.83755434677005">
        <ele>673.02</ele>
      </trkpt>
      <trkpt lat="36.45603113807738" lon="137.83752819523215">
        <ele>673.18</ele>
      </trkpt>
      <trkpt lat="36.45621000789106" lon="137.8374271094799">
        <ele>673.34</ele>
      </trkpt>
      <trkpt lat="36.456287037581205" lon="137.83739014528692">
        <ele>673.5</ele>
      </trkpt>
      <trkpt lat="36.45647848024964" lon="137.83730322495103">
        <ele>673.67</ele>
      </trkpt>
      <trkpt lat="36.45650211721659" lon="137.83729157410562">
        <ele>673.8</ele>
      </trkpt>
      <trkpt lat="36.456534806638956" lon="137.83727623522282">
        <ele>673.91</ele>
      </trkpt>
      <trkpt lat="36.45668048411608" lon="137.83720582723618">
        <ele>674.02</ele>
      </trkpt>
      <trkpt lat="36.45676656626165" lon="137.83717012032866">
        <ele>674.07</ele>
      </trkpt>
      <trkpt lat="36.456945184618235" lon="137.8371112793684">
        <ele>674.08</ele>
      </trkpt>
      <trkpt lat="36.45702003501356" lon="137.83707934431732">
        <ele>674.1</ele>
      </trkpt>
      <trkpt lat="36.45712883211672" lon="137.8370216768235">
        <ele>674.1</ele>
      </trkpt>
      <trkpt lat="36.45720385015011" lon="137.8369838744402">
        <ele>674.1</ele>
      </trkpt>
      <trkpt lat="36.45739839412272" lon="137.8368926793337">
        <ele>674.15</ele>
      </trkpt>
      <trkpt lat="36.45743753761053" lon="137.83688228577375">
        <ele>674.13</ele>
      </trkpt>
      <trkpt lat="36.45757072605193" lon="137.8368155658245">
        <ele>674.13</ele>
      </trkpt>
      <trkpt lat="36.45762210711837" lon="137.83678396604955">
        <ele>674.12</ele>
      </trkpt>
      <trkpt lat="36.45778488367796" lon="137.83670115284622">
        <ele>674.09</ele>
      </trkpt>
      <trkpt lat="36.45797506906092" lon="137.83659595996141">
        <ele>674.09</ele>
      </trkpt>
      <trkpt lat="36.45806475542486" lon="137.83655966632068">
        <ele>674.03</ele>
      </trkpt>
      <trkpt lat="36.45814681425691" lon="137.8365227021277">
        <ele>673.99</ele>
      </trkpt>
      <trkpt lat="36.45817715674639" lon="137.83651289530098">
        <ele>673.93</ele>
      </trkpt>
      <trkpt lat="36.458205403760076" lon="137.83650007098913">
        <ele>673.88</ele>
      </trkpt>
      <trkpt lat="36.458234740421176" lon="137.83648716285825">
        <ele>673.82</ele>
      </trkpt>
      <trkpt lat="36.458259131759405" lon="137.83647769130766">
        <ele>673.76</ele>
      </trkpt>
      <trkpt lat="36.45828922279179" lon="137.83646453171968">
        <ele>673.7</ele>
      </trkpt>
      <trkpt lat="36.45831688307226" lon="137.83645036630332">
        <ele>673.63</ele>
      </trkpt>
      <trkpt lat="36.458346555009484" lon="137.83643544651568">
        <ele>673.56</ele>
      </trkpt>
      <trkpt lat="36.45837555639446" lon="137.8364254720509">
        <ele>673.5</ele>
      </trkpt>
      <trkpt lat="36.458406737074256" lon="137.83641532994807">
        <ele>673.43</ele>
      </trkpt>
      <trkpt lat="36.458435570821166" lon="137.83640393055975">
        <ele>673.37</ele>
      </trkpt>
      <trkpt lat="36.45846448838711" lon="137.83639035187662">
        <ele>673.32</ele>
      </trkpt>
      <trkpt lat="36.4584977645427" lon="137.83637518063188">
        <ele>673.27</ele>
      </trkpt>
      <trkpt lat="36.458526849746704" lon="137.83636495471">
        <ele>673.24</ele>
      </trkpt>
      <trkpt lat="36.45855417475104" lon="137.8363525494933">
        <ele>673.22</ele>
      </trkpt>
      <trkpt lat="36.458584601059556" lon="137.83634156920016">
        <ele>673.21</ele>
      </trkpt>
      <trkpt lat="36.4586098305881" lon="137.83633016981184">
        <ele>673.21</ele>
      </trkpt>
      <trkpt lat="36.45871619693935" lon="137.8362967260182">
        <ele>673.25</ele>
      </trkpt>
      <trkpt lat="36.45890478976071" lon="137.8362719155848">
        <ele>673.29</ele>
      </trkpt>
      <trkpt lat="36.458968156948686" lon="137.8362753521651">
        <ele>673.33</ele>
      </trkpt>
      <trkpt lat="36.45916144363582" lon="137.83628758974373">
        <ele>673.4</ele>
      </trkpt>
      <trkpt lat="36.45919086411595" lon="137.83628968521953">
        <ele>673.44</ele>
      </trkpt>
      <trkpt lat="36.45938314497471" lon="137.8363118134439">
        <ele>673.49</ele>
      </trkpt>
      <trkpt lat="36.459437711164355" lon="137.83632069826126">
        <ele>673.56</ele>
      </trkpt>
      <trkpt lat="36.45962303504348" lon="137.83632857725024">
        <ele>673.58</ele>
      </trkpt>
      <trkpt lat="36.45965488627553" lon="137.83633335493505">
        <ele>673.66</ele>
      </trkpt>
      <trkpt lat="36.459732837975025" lon="137.83634500578046">
        <ele>673.75</ele>
      </trkpt>
      <trkpt lat="36.45986317656934" lon="137.83635900355875">
        <ele>673.86</ele>
      </trkpt>
      <trkpt lat="36.46004565060139" lon="137.83637660555542">
        <ele>674.01</ele>
      </trkpt>
      <trkpt lat="36.460075406357646" lon="137.83638062886894">
        <ele>674.13</ele>
      </trkpt>
      <trkpt lat="36.460131984204054" lon="137.83638406544924">
        <ele>674.26</ele>
      </trkpt>
      <trkpt lat="36.460288390517235" lon="137.83639571629465">
        <ele>674.4</ele>
      </trkpt>
      <trkpt lat="36.46044999361038" lon="137.83641558140516">
        <ele>674.55</ele>
      </trkpt>
      <trkpt lat="36.460502464324236" lon="137.83642379567027">
        <ele>674.68</ele>
      </trkpt>
      <trkpt lat="36.46058569662273" lon="137.8364397212863">
        <ele>674.82</ele>
      </trkpt>
      <trkpt lat="36.46064537577331" lon="137.8364399727434">
        <ele>674.97</ele>
      </trkpt>
      <trkpt lat="36.46066985093057" lon="137.8364376258105">
        <ele>675.11</ele>
      </trkpt>
      <trkpt lat="36.460875794291496" lon="137.8364410623908">
        <ele>675.29</ele>
      </trkpt>
      <trkpt lat="36.46096246317029" lon="137.83645045012236">
        <ele>675.44</ele>
      </trkpt>
      <trkpt lat="36.4610190410167" lon="137.8364545572549">
        <ele>675.57</ele>
      </trkpt>
      <trkpt lat="36.461047288030386" lon="137.83645606599748">
        <ele>675.71</ele>
      </trkpt>
      <trkpt lat="36.4611622877419" lon="137.8364635258913">
        <ele>675.82</ele>
      </trkpt>
      <trkpt lat="36.461186343804" lon="137.83646738156676">
        <ele>675.94</ele>
      </trkpt>
      <trkpt lat="36.461215261369944" lon="137.83646788448095">
        <ele>676.04</ele>
      </trkpt>
      <trkpt lat="36.461417684331536" lon="137.83649210818112">
        <ele>676.1</ele>
      </trkpt>
      <trkpt lat="36.46150393411517" lon="137.83649294637144">
        <ele>676.2</ele>
      </trkpt>
      <trkpt lat="36.46161809563637" lon="137.83650082536042">
        <ele>676.3</ele>
      </trkpt>
      <trkpt lat="36.46164718084037" lon="137.8365018311888">
        <ele>676.41</ele>
      </trkpt>
      <trkpt lat="36.461674170568585" lon="137.83650409430265">
        <ele>676.51</ele>
      </trkpt>
      <trkpt lat="36.461729323491454" lon="137.83650878816843">
        <ele>676.63</ele>
      </trkpt>
      <trkpt lat="36.461808951571584" lon="137.83651574514806">
        <ele>676.75</ele>
      </trkpt>
      <trkpt lat="36.4619205147028" lon="137.83651750534773">
        <ele>676.87</ele>
      </trkpt>
      <trkpt lat="36.462062168866396" lon="137.8365290723741">
        <ele>676.99</ele>
      </trkpt>
      <trkpt lat="36.46218731068075" lon="137.83654390834272">
        <ele>677.11</ele>
      </trkpt>
      <trkpt lat="36.46221664734185" lon="137.83654826693237">
        <ele>677.21</ele>
      </trkpt>
      <trkpt lat="36.462271716445684" lon="137.8365570679307">
        <ele>677.3</ele>
      </trkpt>
      <trkpt lat="36.46246978081763" lon="137.83657416701317">
        <ele>677.39</ele>
      </trkpt>
      <trkpt lat="36.46249953657389" lon="137.83657626248896">
        <ele>677.48</ele>
      </trkpt>
      <trkpt lat="36.46268812939525" lon="137.8365953732282">
        <ele>677.61</ele>
      </trkpt>
      <trkpt lat="36.46271528676152" lon="137.83659612759948">
        <ele>677.71</ele>
      </trkpt>
      <trkpt lat="36.462886948138475" lon="137.83660719171166">
        <ele>677.84</ele>
      </trkpt>
      <trkpt lat="36.46291594952345" lon="137.83661004155874">
        <ele>677.92</ele>
      </trkpt>
      <trkpt lat="36.46294327452779" lon="137.83661037683487">
        <ele>678.0</ele>
      </trkpt>
      <trkpt lat="36.46313698031008" lon="137.8366207703948">
        <ele>678.08</ele>
      </trkpt>
      <trkpt lat="36.46315785124898" lon="137.8366221114993">
        <ele>678.15</ele>
      </trkpt>
      <trkpt lat="36.463214345276356" lon="137.83661984838545">
        <ele>678.22</ele>
      </trkpt>
      <trkpt lat="36.46337930113077" lon="137.83663761802018">
        <ele>678.28</ele>
      </trkpt>
      <trkpt lat="36.46358449012041" lon="137.83665874041617">
        <ele>678.35</ele>
      </trkpt>
      <trkpt lat="36.463611144572496" lon="137.8366599138826">
        <ele>678.4</ele>
      </trkpt>
      <trkpt lat="36.463638972491026" lon="137.8366620093584">
        <ele>678.44</ele>
      </trkpt>
      <trkpt lat="36.46377165801823" lon="137.83667751587927">
        <ele>678.45</ele>
      </trkpt>
      <trkpt lat="36.463854471221566" lon="137.83667223528028">
        <ele>678.5</ele>
      </trkpt>
      <trkpt lat="36.4640202652663" lon="137.83667542040348">
        <ele>678.5</ele>
      </trkpt>
      <trkpt lat="36.46404733881354" lon="137.83667366020381">
        <ele>678.55</ele>
      </trkpt>
      <trkpt lat="36.46410517394543" lon="137.83667089417577">
        <ele>678.59</ele>
      </trkpt>
      <trkpt lat="36.46424842067063" lon="137.83666418865323">
        <ele>678.63</ele>
      </trkpt>
      <trkpt lat="36.46433383226395" lon="137.8366535436362">
        <ele>678.7</ele>
      </trkpt>
      <trkpt lat="36.46447045728564" lon="137.83663728274405">
        <ele>678.78</ele>
      </trkpt>
      <trkpt lat="36.464637257158756" lon="137.83660945482552">
        <ele>678.88</ele>
      </trkpt>
      <trkpt lat="36.464665587991476" lon="137.8366067726165">
        <ele>678.96</ele>
      </trkpt>
      <trkpt lat="36.4648250117898" lon="137.83656880259514">
        <ele>679.09</ele>
      </trkpt>
      <trkpt lat="36.46485342644155" lon="137.8365623485297">
        <ele>679.2</ele>
      </trkpt>
      <trkpt lat="36.46493875421584" lon="137.83654080703855">
        <ele>679.32</ele>
      </trkpt>
      <trkpt lat="36.46502391435206" lon="137.8365203551948">
        <ele>679.45</ele>
      </trkpt>
      <trkpt lat="36.46505182608962" lon="137.83651281148195">
        <ele>679.56</ele>
      </trkpt>
      <trkpt lat="36.46519557572901" lon="137.83648188225925">
        <ele>679.69</ele>
      </trkpt>
      <trkpt lat="36.46522172726691" lon="137.83647718839347">
        <ele>679.81</ele>
      </trkpt>
      <trkpt lat="36.465414175763726" lon="137.83643159084022">
        <ele>679.99</ele>
      </trkpt>
      <trkpt lat="36.46558390930295" lon="137.83639538101852">
        <ele>680.14</ele>
      </trkpt>
      <trkpt lat="36.46578088402748" lon="137.83636051230133">
        <ele>680.29</ele>
      </trkpt>
      <trkpt lat="36.46585900336504" lon="137.83634467050433">
        <ele>680.41</ele>
      </trkpt>
      <trkpt lat="36.46597391925752" lon="137.83633151091635">
        <ele>680.51</ele>
      </trkpt>
      <trkpt lat="36.46609319373965" lon="137.8363173455">
        <ele>680.59</ele>
      </trkpt>
      <trkpt lat="36.46629519760609" lon="137.8362761065364">
        <ele>680.66</ele>
      </trkpt>
      <trkpt lat="36.466323444619775" lon="137.8362679760903">
        <ele>680.78</ele>
      </trkpt>
      <trkpt lat="36.46640583872795" lon="137.83625070936978">
        <ele>680.9</ele>
      </trkpt>
      <trkpt lat="36.466594096273184" lon="137.83621391281486">
        <ele>681.0</ele>
      </trkpt>
      <trkpt lat="36.46662460640073" lon="137.83620779402554">
        <ele>681.15</ele>
      </trkpt>
      <trkpt lat="36.466725608333945" lon="137.83618977293372">
        <ele>681.32</ele>
      </trkpt>
      <trkpt lat="36.466814037412405" lon="137.8361717518419">
        <ele>681.5</ele>
      </trkpt>
      <trkpt lat="36.46683976985514" lon="137.83616848289967">
        <ele>681.68</ele>
      </trkpt>
      <trkpt lat="36.467033391818404" lon="137.83613126724958">
        <ele>681.91</ele>
      </trkpt>
      <trkpt lat="36.46705803461373" lon="137.8361231368035">
        <ele>682.12</ele>
      </trkpt>
      <trkpt lat="36.46722558885813" lon="137.83609069883823">
        <ele>682.37</ele>
      </trkpt>
      <trkpt lat="36.46738400682807" lon="137.836063625291">
        <ele>682.67</ele>
      </trkpt>
      <trkpt lat="36.46743865683675" lon="137.83605557866395">
        <ele>682.91</ele>
      </trkpt>
      <trkpt lat="36.46762356162071" lon="137.8360147587955">
        <ele>683.19</ele>
      </trkpt>
      <trkpt lat="36.467731688171625" lon="137.83599765971303">
        <ele>683.43</ele>
      </trkpt>
      <trkpt lat="36.46781106479466" lon="137.8359803929925">
        <ele>683.69</ele>
      </trkpt>
      <trkpt lat="36.46783830597997" lon="137.83597444184124">
        <ele>683.93</ele>
      </trkpt>
      <trkpt lat="36.46797727793455" lon="137.83594141714275">
        <ele>684.18</ele>
      </trkpt>
      <trkpt lat="36.46805833093822" lon="137.83592716790736">
        <ele>684.43</ele>
      </trkpt>
      <trkpt lat="36.4682200178504" lon="137.8358942270279">
        <ele>684.67</ele>
      </trkpt>
      <trkpt lat="36.4682977180928" lon="137.83588458783925">
        <ele>684.92</ele>
      </trkpt>
      <trkpt lat="36.468397211283445" lon="137.83586086705327">
        <ele>685.17</ele>
      </trkpt>
      <trkpt lat="36.46849108859897" lon="137.83583991229534">
        <ele>685.42</ele>
      </trkpt>
      <trkpt lat="36.46851757541299" lon="137.83583614043891">
        <ele>685.68</ele>
      </trkpt>
      <trkpt lat="36.46854397840798" lon="137.83582960255444">
        <ele>685.94</ele>
      </trkpt>
      <trkpt lat="36.46857105195522" lon="137.83582197502255">
        <ele>686.21</ele>
      </trkpt>
      <trkpt lat="36.468656212091446" lon="137.8358059655875">
        <ele>686.48</ele>
      </trkpt>
      <trkpt lat="36.46881630644202" lon="137.83578207716346">
        <ele>686.74</ele>
      </trkpt>
      <trkpt lat="36.4688397757709" lon="137.83577553927898">
        <ele>687.01</ele>
      </trkpt>
      <trkpt lat="36.468939604237676" lon="137.83575483597815">
        <ele>687.24</ele>
      </trkpt>
      <trkpt lat="36.469036750495434" lon="137.8357388265431">
        <ele>687.47</ele>
      </trkpt>
      <trkpt lat="36.46921888925135" lon="137.83570127561688">
        <ele>687.7</ele>
      </trkpt>
      <trkpt lat="36.469244537875056" lon="137.83569674938917">
        <ele>687.97</ele>
      </trkpt>
      <trkpt lat="36.469430197030306" lon="137.8356548398733">
        <ele>688.25</ele>
      </trkpt>
      <trkpt lat="36.46945928223431" lon="137.8356489725411">
        <ele>688.54</ele>
      </trkpt>
      <trkpt lat="36.46948476321995" lon="137.83564260229468">
        <ele>688.83</ele>
      </trkpt>
      <trkpt lat="36.46951493807137" lon="137.83563849516213">
        <ele>689.13</ele>
      </trkpt>
      <trkpt lat="36.46957168355584" lon="137.83562558703125">
        <ele>689.45</ele>
      </trkpt>
      <trkpt lat="36.46962842904031" lon="137.83561242744327">
        <ele>689.77</ele>
      </trkpt>
      <trkpt lat="36.46982163190842" lon="137.8355731163174">
        <ele>690.16</ele>
      </trkpt>
      <trkpt lat="36.46984904073179" lon="137.83556716516614">
        <ele>690.43</ele>
      </trkpt>
      <trkpt lat="36.470009135082364" lon="137.83553514629602">
        <ele>690.75</ele>
      </trkpt>
      <trkpt lat="36.470092199742794" lon="137.8355203103274">
        <ele>690.99</ele>
      </trkpt>
      <trkpt lat="36.470119189471006" lon="137.83551477827132">
        <ele>691.21</ele>
      </trkpt>
      <trkpt lat="36.470312559977174" lon="137.8354766406119">
        <ele>691.42</ele>
      </trkpt>
      <trkpt lat="36.47039386443794" lon="137.83546021208167">
        <ele>691.61</ele>
      </trkpt>
      <trkpt lat="36.47044826298952" lon="137.83544579520822">
        <ele>691.78</ele>
      </trkpt>
      <trkpt lat="36.47060299292207" lon="137.8354119323194">
        <ele>691.94</ele>
      </trkpt>
      <trkpt lat="36.47063015028834" lon="137.83540363423526">
        <ele>692.09</ele>
      </trkpt>
      <trkpt lat="36.470742635428905" lon="137.83538477495313">
        <ele>692.24</ele>
      </trkpt>
      <trkpt lat="36.47077021189034" lon="137.83537957817316">
        <ele>692.38</ele>
      </trkpt>
      <trkpt lat="36.47079669870436" lon="137.83537580631673">
        <ele>692.51</ele>
      </trkpt>
      <trkpt lat="36.470874985679984" lon="137.8353530075401">
        <ele>692.62</ele>
      </trkpt>
      <trkpt lat="36.47101496346295" lon="137.83532509580255">
        <ele>692.72</ele>
      </trkpt>
      <trkpt lat="36.4710933342576" lon="137.83530581742525">
        <ele>692.86</ele>
      </trkpt>
      <trkpt lat="36.47114630788565" lon="137.8352985251695">
        <ele>692.98</ele>
      </trkpt>
      <trkpt lat="36.471319226548076" lon="137.83525896258652">
        <ele>693.1</ele>
      </trkpt>
      <trkpt lat="36.47137312218547" lon="137.8352441266179">
        <ele>693.2</ele>
      </trkpt>
      <trkpt lat="36.471397932618856" lon="137.83523792400956">
        <ele>693.3</ele>
      </trkpt>
      <trkpt lat="36.47158317267895" lon="137.83519266173244">
        <ele>693.39</ele>
      </trkpt>
      <trkpt lat="36.47165869362652" lon="137.83517120406032">
        <ele>693.48</ele>
      </trkpt>
      <trkpt lat="36.47179204970598" lon="137.83513147383928">
        <ele>693.54</ele>
      </trkpt>
      <trkpt lat="36.47198458202183" lon="137.83508981578052">
        <ele>693.6</ele>
      </trkpt>
      <trkpt lat="36.472011068835855" lon="137.8350855410099">
        <ele>693.73</ele>
      </trkpt>
      <trkpt lat="36.472140150144696" lon="137.8350686095655">
        <ele>693.88</ele>
      </trkpt>
      <trkpt lat="36.472210474312305" lon="137.83505578525364">
        <ele>694.03</ele>
      </trkpt>
      <trkpt lat="36.472399989143014" lon="137.835017060861">
        <ele>694.25</ele>
      </trkpt>
      <trkpt lat="36.47245338186622" lon="137.83500381745398">
        <ele>694.42</ele>
      </trkpt>
      <trkpt lat="36.47263275459409" lon="137.83497624099255">
        <ele>694.57</ele>
      </trkpt>
      <trkpt lat="36.47265940904617" lon="137.83496785908937">
        <ele>694.75</ele>
      </trkpt>
      <trkpt lat="36.47285562939942" lon="137.83494698815048">
        <ele>694.97</ele>
      </trkpt>
      <trkpt lat="36.472933664917946" lon="137.8349285479635">
        <ele>695.19</ele>
      </trkpt>
      <trkpt lat="36.472960989922285" lon="137.83492527902126">
        <ele>695.41</ele>
      </trkpt>
      <trkpt lat="36.47308772429824" lon="137.83489191904664">
        <ele>695.65</ele>
      </trkpt>
      <trkpt lat="36.473256116732955" lon="137.83486551605165">
        <ele>695.9</ele>
      </trkpt>
      <trkpt lat="36.473283441737294" lon="137.83486132510006">
        <ele>696.15</ele>
      </trkpt>
      <trkpt lat="36.47344244644046" lon="137.83482695929706">
        <ele>696.38</ele>
      </trkpt>
      <trkpt lat="36.47356951609254" lon="137.83480944111943">
        <ele>696.62</ele>
      </trkpt>
      <trkpt lat="36.47372986190021" lon="137.83477373421192">
        <ele>696.88</ele>
      </trkpt>
      <trkpt lat="36.47388618439436" lon="137.83473894931376">
        <ele>697.16</ele>
      </trkpt>
      <trkpt lat="36.47396405227482" lon="137.8347284719348">
        <ele>697.44</ele>
      </trkpt>
      <trkpt lat="36.473992466926575" lon="137.83472327515483">
        <ele>697.72</ele>
      </trkpt>
      <trkpt lat="36.474170330911875" lon="137.83467943780124">
        <ele>698.01</ele>
      </trkpt>
      <trkpt lat="36.47421794012189" lon="137.83466166816652">
        <ele>698.31</ele>
      </trkpt>
      <trkpt lat="36.47431877441704" lon="137.83464440144598">
        <ele>698.61</ele>
      </trkpt>
      <trkpt lat="36.474424470216036" lon="137.83461975865066">
        <ele>698.91</ele>
      </trkpt>
      <trkpt lat="36.47458967752755" lon="137.8345907572657">
        <ele>699.23</ele>
      </trkpt>
      <trkpt lat="36.474693613126874" lon="137.8345656953752">
        <ele>699.52</ele>
      </trkpt>
      <trkpt lat="36.474747424945235" lon="137.83455555327237">
        <ele>699.77</ele>
      </trkpt>
      <trkpt lat="36.474935011938214" lon="137.8345210198313">
        <ele>700.03</ele>
      </trkpt>
      <trkpt lat="36.47501966916025" lon="137.8345049265772">
        <ele>700.27</ele>
      </trkpt>
      <trkpt lat="36.47521002218127" lon="137.8344655316323">
        <ele>700.53</ele>
      </trkpt>
      <trkpt lat="36.47523642517626" lon="137.83446092158556">
        <ele>700.73</ele>
      </trkpt>
      <trkpt lat="36.475259475409985" lon="137.8344538807869">
        <ele>700.91</ele>
      </trkpt>
      <trkpt lat="36.475284956395626" lon="137.8344472590834">
        <ele>701.07</ele>
      </trkpt>
      <trkpt lat="36.475411942228675" lon="137.83441197127104">
        <ele>701.21</ele>
      </trkpt>
      <trkpt lat="36.47554077208042" lon="137.83439093269408">
        <ele>701.33</ele>
      </trkpt>
      <trkpt lat="36.47562232799828" lon="137.83437978476286">
        <ele>701.41</ele>
      </trkpt>
      <trkpt lat="36.4758076518774" lon="137.83434391021729">
        <ele>701.43</ele>
      </trkpt>
      <trkpt lat="36.47583246231079" lon="137.83434215001762">
        <ele>701.5</ele>
      </trkpt>
      <trkpt lat="36.475921142846346" lon="137.83432681113482">
        <ele>701.54</ele>
      </trkpt>
      <trkpt lat="36.47594838403165" lon="137.83432295545936">
        <ele>701.6</ele>
      </trkpt>
      <trkpt lat="36.47600093856454" lon="137.83431692048907">
        <ele>701.64</ele>
      </trkpt>
      <trkpt lat="36.47605424746871" lon="137.83430728130043">
        <ele>701.68</ele>
      </trkpt>
      <trkpt lat="36.47609917446971" lon="137.83429403789341">
        <ele>701.72</ele>
      </trkpt>
      <trkpt lat="36.47617880254984" lon="137.83427962101996">
        <ele>701.78</ele>
      </trkpt>
      <trkpt lat="36.47620419971645" lon="137.83427299931645">
        <ele>701.84</ele>
      </trkpt>
      <trkpt lat="36.47623504512012" lon="137.83426294103265">
        <ele>701.91</ele>
      </trkpt>
      <trkpt lat="36.47640310227871" lon="137.83422639593482">
        <ele>702.0</ele>
      </trkpt>
      <trkpt lat="36.47642849944532" lon="137.83421725966036">
        <ele>702.06</ele>
      </trkpt>
      <trkpt lat="36.47651030682027" lon="137.83418733626604">
        <ele>702.13</ele>
      </trkpt>
      <trkpt lat="36.476648189127445" lon="137.83414986915886">
        <ele>702.22</ele>
      </trkpt>
      <trkpt lat="36.476699905470014" lon="137.83413444645703">
        <ele>702.31</ele>
      </trkpt>
      <trkpt lat="36.476847091689706" lon="137.83409572206438">
        <ele>702.42</ele>
      </trkpt>
      <trkpt lat="36.47700953297317" lon="137.8340722527355">
        <ele>702.56</ele>
      </trkpt>
      <trkpt lat="36.47711740806699" lon="137.83405473455787">
        <ele>702.71</ele>
      </trkpt>
      <trkpt lat="36.4772030711174" lon="137.83402766101062">
        <ele>702.86</ele>
      </trkpt>
      <trkpt lat="36.47736459039152" lon="137.83399572595954">
        <ele>703.06</ele>
      </trkpt>
      <trkpt lat="36.47754463367164" lon="137.83394903875887">
        <ele>703.25</ele>
      </trkpt>
      <trkpt lat="36.477569276466966" lon="137.83394560217857">
        <ele>703.4</ele>
      </trkpt>
      <trkpt lat="36.47762509994209" lon="137.83393504098058">
        <ele>703.56</ele>
      </trkpt>
      <trkpt lat="36.4776536822319" lon="137.8339319396764">
        <ele>703.73</ele>
      </trkpt>
      <trkpt lat="36.47778552956879" lon="137.83391509205103">
        <ele>703.9</ele>
      </trkpt>
      <trkpt lat="36.477982671931386" lon="137.8338907007128">
        <ele>704.06</ele>
      </trkpt>
      <trkpt lat="36.47803757339716" lon="137.8338838275522">
        <ele>704.26</ele>
      </trkpt>
      <trkpt lat="36.47822457365692" lon="137.8338497132063">
        <ele>704.49</ele>
      </trkpt>
      <trkpt lat="36.478332532569766" lon="137.83381861634552">
        <ele>704.71</ele>
      </trkpt>
      <trkpt lat="36.47843697108328" lon="137.83379321917892">
        <ele>704.98</ele>
      </trkpt>
      <trkpt lat="36.478463960811496" lon="137.83378995023668">
        <ele>705.22</ele>
      </trkpt>
      <trkpt lat="36.47854182869196" lon="137.8337688278407">
        <ele>705.48</ele>
      </trkpt>
      <trkpt lat="36.47862296551466" lon="137.8337577637285">
        <ele>705.74</ele>
      </trkpt>
      <trkpt lat="36.47872656583786" lon="137.83374125137925">
        <ele>705.99</ele>
      </trkpt>
      <trkpt lat="36.4788522105664" lon="137.8337192069739">
        <ele>706.24</ele>
      </trkpt>
      <trkpt lat="36.47904499433935" lon="137.8336835000664">
        <ele>706.49</ele>
      </trkpt>
      <trkpt lat="36.47907307371497" lon="137.8336795605719">
        <ele>706.75</ele>
      </trkpt>
      <trkpt lat="36.479277005419135" lon="137.83363337628543">
        <ele>707.05</ele>
      </trkpt>
      <trkpt lat="36.479367446154356" lon="137.83360479399562">
        <ele>707.34</ele>
      </trkpt>
      <trkpt lat="36.4793995488435" lon="137.8335968311876">
        <ele>707.62</ele>
      </trkpt>
      <trkpt lat="36.47945738397539" lon="137.83358073793352">
        <ele>707.9</ele>
      </trkpt>
      <trkpt lat="36.47948588244617" lon="137.8335716854781">
        <ele>708.17</ele>
      </trkpt>
      <trkpt lat="36.47959736175835" lon="137.83353379927576">
        <ele>708.47</ele>
      </trkpt>
      <trkpt lat="36.47978897206485" lon="137.83350018784404">
        <ele>708.8</ele>
      </trkpt>
      <trkpt lat="36.479840856045485" lon="137.83348945900798">
        <ele>709.06</ele>
      </trkpt>
      <trkpt lat="36.47987052798271" lon="137.83348677679896">
        <ele>709.31</ele>
      </trkpt>
      <trkpt lat="36.47997882217169" lon="137.83346188254654">
        <ele>709.55</ele>
      </trkpt>
      <trkpt lat="36.480139000341296" lon="137.8334297798574">
        <ele>709.78</ele>
      </trkpt>
      <trkpt lat="36.48019096814096" lon="137.83341988921165">
        <ele>710.02</ele>
      </trkpt>
      <trkpt lat="36.48024016991258" lon="137.83340488560498">
        <ele>710.25</ele>
      </trkpt>
      <trkpt lat="36.480316780507565" lon="137.8333935700357">
        <ele>710.47</ele>
      </trkpt>
      <trkpt lat="36.48039758205414" lon="137.83338258974254">
        <ele>710.68</ele>
      </trkpt>
      <trkpt lat="36.480508893728256" lon="137.83335828222334">
        <ele>710.88</ele>
      </trkpt>
      <trkpt lat="36.4807019289583" lon="137.83331737853587">
        <ele>711.1</ele>
      </trkpt>
      <trkpt lat="36.480752136558294" lon="137.83331050537527">
        <ele>711.3</ele>
      </trkpt>
      <trkpt lat="36.480783987790346" lon="137.83330572769046">
        <ele>711.49</ele>
      </trkpt>
      <trkpt lat="36.48097618483007" lon="137.8332736250013">
        <ele>711.71</ele>
      </trkpt>
      <trkpt lat="36.481029661372304" lon="137.83326029777527">
        <ele>711.89</ele>
      </trkpt>
      <trkpt lat="36.481185145676136" lon="137.8332307934761">
        <ele>712.08</ele>
      </trkpt>
      <trkpt lat="36.48120475932956" lon="137.83322509378195">
        <ele>712.23</ele>
      </trkpt>
      <trkpt lat="36.48136854171753" lon="137.8332162089646">
        <ele>712.39</ele>
      </trkpt>
      <trkpt lat="36.48142981342971" lon="137.83320707269013">
        <ele>712.51</ele>
      </trkpt>
      <trkpt lat="36.481616562232375" lon="137.83318025059998">
        <ele>712.6</ele>
      </trkpt>
      <trkpt lat="36.481694765388966" lon="137.8331609722227">
        <ele>712.7</ele>
      </trkpt>
      <trkpt lat="36.48172217421234" lon="137.83316122367978">
        <ele>712.8</ele>
      </trkpt>
      <trkpt lat="36.481825690716505" lon="137.83314823172987">
        <ele>712.9</ele>
      </trkpt>
      <trkpt lat="36.48187673650682" lon="137.83314127475023">
        <ele>712.99</ele>
      </trkpt>
      <trkpt lat="36.48203406482935" lon="137.8331171348691">
        <ele>713.11</ele>
      </trkpt>
      <trkpt lat="36.482093911617994" lon="137.8331084176898">
        <ele>713.21</ele>
      </trkpt>
      <trkpt lat="36.48220312781632" lon="137.83309928141534">
        <ele>713.31</ele>
      </trkpt>
      <trkpt lat="36.48225492797792" lon="137.83308737911284">
        <ele>713.38</ele>
      </trkpt>
      <trkpt lat="36.48243857547641" lon="137.83305116929114">
        <ele>713.43</ele>
      </trkpt>
      <trkpt lat="36.48252474144101" lon="137.83304228447378">
        <ele>713.51</ele>
      </trkpt>
      <trkpt lat="36.482550390064716" lon="137.8330380935222">
        <ele>713.59</ele>
      </trkpt>
      <trkpt lat="36.48275733925402" lon="137.8329955972731">
        <ele>713.7</ele>
      </trkpt>
      <trkpt lat="36.48278474807739" lon="137.83299149014056">
        <ele>713.79</ele>
      </trkpt>
      <trkpt lat="36.48286345414817" lon="137.83297087065876">
        <ele>713.9</ele>
      </trkpt>
      <trkpt lat="36.482967557385564" lon="137.8329493291676">
        <ele>714.01</ele>
      </trkpt>
      <trkpt lat="36.48299220018089" lon="137.83294253982604">
        <ele>714.13</ele>
      </trkpt>
      <trkpt lat="36.483049280941486" lon="137.83292803913355">
        <ele>714.25</ele>
      </trkpt>
      <trkpt lat="36.483131339773536" lon="137.83291756175458">
        <ele>714.36</ele>
      </trkpt>
      <trkpt lat="36.48315891623497" lon="137.83291094005108">
        <ele>714.5</ele>
      </trkpt>
      <trkpt lat="36.483185989782214" lon="137.83290666528046">
        <ele>714.65</ele>
      </trkpt>
      <trkpt lat="36.48332169279456" lon="137.83287699334323">
        <ele>714.76</ele>
      </trkpt>
      <trkpt lat="36.48342898115516" lon="137.83284128643572">
        <ele>714.95</ele>
      </trkpt>
      <trkpt lat="36.483604330569506" lon="137.83276601694524">
        <ele>715.19</ele>
      </trkpt>
      <trkpt lat="36.48362939245999" lon="137.8327516000718">
        <ele>715.45</ele>
      </trkpt>
      <trkpt lat="36.483655124902725" lon="137.83274045214057">
        <ele>715.72</ele>
      </trkpt>
      <trkpt lat="36.48368320427835" lon="137.8327265381813">
        <ele>716.01</ele>
      </trkpt>
      <trkpt lat="36.483827624469995" lon="137.8326451499015">
        <ele>716.36</ele>
      </trkpt>
      <trkpt lat="36.48389736190438" lon="137.832604162395">
        <ele>716.69</ele>
      </trkpt>
      <trkpt lat="36.48404136300087" lon="137.83251808024943">
        <ele>717.08</ele>
      </trkpt>
      <trkpt lat="36.4840673469007" lon="137.83250575885177">
        <ele>717.43</ele>
      </trkpt>
      <trkpt lat="36.48414823226631" lon="137.83246795646846">
        <ele>717.81</ele>
      </trkpt>
      <trkpt lat="36.48425929248333" lon="137.83243803307414">
        <ele>718.24</ele>
      </trkpt>
      <trkpt lat="36.4844542555511" lon="137.83238204196095">
        <ele>718.68</ele>
      </trkpt>
      <trkpt lat="36.484612338244915" lon="137.83235010690987">
        <ele>719.09</ele>
      </trkpt>
      <trkpt lat="36.48463882505894" lon="137.8323456645012">
        <ele>719.46</ele>
      </trkpt>
      <trkpt lat="36.48467327468097" lon="137.83234080299735">
        <ele>719.84</ele>
      </trkpt>
      <trkpt lat="36.48469774983823" lon="137.832334600389">
        <ele>720.21</ele>
      </trkpt>
      <trkpt lat="36.484726667404175" lon="137.83233585767448">
        <ele>720.58</ele>
      </trkpt>
      <trkpt lat="36.48480939678848" lon="137.83232655376196">
        <ele>720.94</ele>
      </trkpt>
      <trkpt lat="36.48483982309699" lon="137.83232303336263">
        <ele>721.3</ele>
      </trkpt>
      <trkpt lat="36.48498449474573" lon="137.8323176689446">
        <ele>721.65</ele>
      </trkpt>
      <trkpt lat="36.48504400625825" lon="137.83230777829885">
        <ele>722.0</ele>
      </trkpt>
      <trkpt lat="36.48522472009063" lon="137.83227676525712">
        <ele>722.33</ele>
      </trkpt>
      <trkpt lat="36.485246848315" lon="137.83227047882974">
        <ele>722.67</ele>
      </trkpt>
      <trkpt lat="36.485425466671586" lon="137.83222815021873">
        <ele>722.96</ele>
      </trkpt>
      <trkpt lat="36.48545463569462" lon="137.8322254680097">
        <ele>723.29</ele>
      </trkpt>
      <trkpt lat="36.485516242682934" lon="137.83221499063075">
        <ele>723.65</ele>
      </trkpt>
      <trkpt lat="36.48572319187224" lon="137.83216402865946">
        <ele>723.98</ele>
      </trkpt>
      <trkpt lat="36.48592402227223" lon="137.83211885020137">
        <ele>724.37</ele>
      </trkpt>
      <trkpt lat="36.48612820543349" lon="137.83205053769052">
        <ele>724.79</ele>
      </trkpt>
      <trkpt lat="36.48615578189492" lon="137.8320372942835">
        <ele>725.11</ele>
      </trkpt>
      <trkpt lat="36.48618562147021" lon="137.83202623017132">
        <ele>725.42</ele>
      </trkpt>
      <trkpt lat="36.486375303938985" lon="137.83194576390088">
        <ele>725.76</ele>
      </trkpt>
      <trkpt lat="36.4864020422101" lon="137.8319334425032">
        <ele>726.06</ele>
      </trkpt>
      <trkpt lat="36.48651042021811" lon="137.83189119771123">
        <ele>726.33</ele>
      </trkpt>
      <trkpt lat="36.48665123619139" lon="137.83182615414262">
        <ele>726.6</ele>
      </trkpt>
      <trkpt lat="36.48679976351559" lon="137.83176588825881">
        <ele>726.9</ele>
      </trkpt>
      <trkpt lat="36.486827842891216" lon="137.83175096847117">
        <ele>727.18</ele>
      </trkpt>
      <trkpt lat="36.4868838340044" lon="137.83172364346683">
        <ele>727.46</ele>
      </trkpt>
      <trkpt lat="36.48701920174062" lon="137.8316813148558">
        <ele>727.72</ele>
      </trkpt>
      <trkpt lat="36.48704778403044" lon="137.83167351968586">
        <ele>727.98</ele>
      </trkpt>
      <trkpt lat="36.48724174126983" lon="137.83159464597702">
        <ele>728.23</ele>
      </trkpt>
      <trkpt lat="36.48726646788418" lon="137.83158123493195">
        <ele>728.48</ele>
      </trkpt>
      <trkpt lat="36.48732187226415" lon="137.83155860379338">
        <ele>728.73</ele>
      </trkpt>
      <trkpt lat="36.48734894581139" lon="137.83154854550958">
        <ele>728.99</ele>
      </trkpt>
      <trkpt lat="36.48737392388284" lon="137.83153966069221">
        <ele>729.24</ele>
      </trkpt>
      <trkpt lat="36.487428825348616" lon="137.83152909949422">
        <ele>729.51</ele>
      </trkpt>
      <trkpt lat="36.48760492913425" lon="137.83149993047118">
        <ele>729.78</ele>
      </trkpt>
      <trkpt lat="36.487632505595684" lon="137.83148853108287">
        <ele>730.03</ele>
      </trkpt>
      <trkpt lat="36.48775639012456" lon="137.83145357854664">
        <ele>730.29</ele>
      </trkpt>
      <trkpt lat="36.487782541662455" lon="137.83144251443446">
        <ele>730.55</ele>
      </trkpt>
      <trkpt lat="36.487867031246424" lon="137.83141577616334">
        <ele>730.8</ele>
      </trkpt>
      <trkpt lat="36.488055204972625" lon="137.8313533309847">
        <ele>731.07</ele>
      </trkpt>
      <trkpt lat="36.48807993158698" lon="137.83134184777737">
        <ele>731.34</ele>
      </trkpt>
      <trkpt lat="36.488260980695486" lon="137.83129205927253">
        <ele>731.61</ele>
      </trkpt>
      <trkpt lat="36.488286880776286" lon="137.83129130490124">
        <ele>731.87</ele>
      </trkpt>
      <trkpt lat="36.48846633732319" lon="137.83127412199974">
        <ele>732.2</ele>
      </trkpt>
      <trkpt lat="36.48851981386542" lon="137.8312724456191">
        <ele>732.48</ele>
      </trkpt>
      <trkpt lat="36.48863305337727" lon="137.8312544245273">
        <ele>732.79</ele>
      </trkpt>
      <trkpt lat="36.488684602081776" lon="137.83125811256468">
        <ele>733.08</ele>
      </trkpt>
      <trkpt lat="36.4888802357018" lon="137.83127412199974">
        <ele>733.47</ele>
      </trkpt>
      <trkpt lat="36.489073522388935" lon="137.83125165849924">
        <ele>733.83</ele>
      </trkpt>
      <trkpt lat="36.48918625898659" lon="137.8312415163964">
        <ele>734.15</ele>
      </trkpt>
      <trkpt lat="36.48930477909744" lon="137.83124604262412">
        <ele>734.33</ele>
      </trkpt>
      <trkpt lat="36.48933336138725" lon="137.83123816363513">
        <ele>734.56</ele>
      </trkpt>
      <trkpt lat="36.489537712186575" lon="137.83121469430625">
        <ele>734.73</ele>
      </trkpt>
      <trkpt lat="36.48974575102329" lon="137.8311952482909">
        <ele>734.87</ele>
      </trkpt>
      <trkpt lat="36.489878268912435" lon="137.83116817474365">
        <ele>735.1</ele>
      </trkpt>
      <trkpt lat="36.489900816231966" lon="137.83115895465016">
        <ele>735.3</ele>
      </trkpt>
      <trkpt lat="36.48998052813113" lon="137.83115250058472">
        <ele>735.51</ele>
      </trkpt>
      <trkpt lat="36.490005841478705" lon="137.83115459606051">
        <ele>735.71</ele>
      </trkpt>
      <trkpt lat="36.49017984978855" lon="137.83109122887254">
        <ele>735.95</ele>
      </trkpt>
      <trkpt lat="36.49024095386267" lon="137.83105552196503">
        <ele>736.2</ele>
      </trkpt>
      <trkpt lat="36.49042334407568" lon="137.83098402433097">
        <ele>736.42</ele>
      </trkpt>
      <trkpt lat="36.4904569555074" lon="137.8309637401253">
        <ele>736.66</ele>
      </trkpt>
      <trkpt lat="36.4906123559922" lon="137.83088084310293">
        <ele>736.86</ele>
      </trkpt>
      <trkpt lat="36.490632975474" lon="137.83086759969592">
        <ele>737.14</ele>
      </trkpt>
      <trkpt lat="36.49081335403025" lon="137.83076140098274">
        <ele>737.35</ele>
      </trkpt>
      <trkpt lat="36.49088904261589" lon="137.83071060664952">
        <ele>737.7</ele>
      </trkpt>
      <trkpt lat="36.49106740951538" lon="137.83063215203583">
        <ele>738.05</ele>
      </trkpt>
      <trkpt lat="36.491117952391505" lon="137.83060516230762">
        <ele>738.43</ele>
      </trkpt>
      <trkpt lat="36.49119188077748" lon="137.83050240017474">
        <ele>738.93</ele>
      </trkpt>
      <trkpt lat="36.49128860794008" lon="137.83043878152966">
        <ele>739.4</ele>
      </trkpt>
      <trkpt lat="36.491451216861606" lon="137.8303320799023">
        <ele>739.91</ele>
      </trkpt>
      <trkpt lat="36.49150569923222" lon="137.8303054254502">
        <ele>740.4</ele>
      </trkpt>
      <trkpt lat="36.49154442362487" lon="137.83027575351298">
        <ele>740.91</ele>
      </trkpt>
      <trkpt lat="36.491657830774784" lon="137.83021758310497">
        <ele>741.44</ele>
      </trkpt>
      <trkpt lat="36.491800071671605" lon="137.8301280643791">
        <ele>742.01</ele>
      </trkpt>
      <trkpt lat="36.49195748381317" lon="137.8300186805427">
        <ele>742.58</ele>
      </trkpt>
      <trkpt lat="36.49197827093303" lon="137.8300049342215">
        <ele>743.13</ele>
      </trkpt>
      <trkpt lat="36.49200400337577" lon="137.82999001443386">
        <ele>743.69</ele>
      </trkpt>
      <trkpt lat="36.4921819511801" lon="137.82983645796776">
        <ele>744.33</ele>
      </trkpt>
      <trkpt lat="36.49220483377576" lon="137.8298209514469">
        <ele>744.92</ele>
      </trkpt>
      <trkpt lat="36.49228806607425" lon="137.82978650182486">
        <ele>745.54</ele>
      </trkpt>
      <trkpt lat="36.492468025535345" lon="137.8297438379377">
        <ele>746.19</ele>
      </trkpt>
      <trkpt lat="36.492649829015136" lon="137.82970804721117">
        <ele>746.82</ele>
      </trkpt>
      <trkpt lat="36.492766086012125" lon="137.82965800724924">
        <ele>747.51</ele>
      </trkpt>
      <trkpt lat="36.492825262248516" lon="137.82963654957712">
        <ele>748.1</ele>
      </trkpt>
      <trkpt lat="36.49284755811095" lon="137.82963495701551">
        <ele>748.64</ele>
      </trkpt>
      <trkpt lat="36.492908243089914" lon="137.8296233061701">
        <ele>749.24</ele>
      </trkpt>
      <trkpt lat="36.492951828986406" lon="137.82959748990834">
        <ele>749.81</ele>
      </trkpt>
      <trkpt lat="36.49301209487021" lon="137.82957779243588">
        <ele>750.41</ele>
      </trkpt>
      <trkpt lat="36.49314645677805" lon="137.82959346659482">
        <ele>750.86</ele>
      </trkpt>
      <trkpt lat="36.49317638017237" lon="137.82959614880383">
        <ele>751.3</ele>
      </trkpt>
      <trkpt lat="36.4932113327086" lon="137.82959564588964">
        <ele>751.7</ele>
      </trkpt>
      <trkpt lat="36.49335013702512" lon="137.82957904972136">
        <ele>752.09</ele>
      </trkpt>
      <trkpt lat="36.49355406872928" lon="137.82954543828964">
        <ele>752.45</ele>
      </trkpt>
      <trkpt lat="36.493581142276525" lon="137.8295440133661">
        <ele>752.76</ele>
      </trkpt>
      <trkpt lat="36.49375531822443" lon="137.82950084656477">
        <ele>753.12</ele>
      </trkpt>
      <trkpt lat="36.493788845837116" lon="137.82949045300484">
        <ele>753.42</ele>
      </trkpt>
      <trkpt lat="36.49397366680205" lon="137.82939297147095">
        <ele>753.83</ele>
      </trkpt>
      <trkpt lat="36.49402563460171" lon="137.8293650597334">
        <ele>754.01</ele>
      </trkpt>
      <trkpt lat="36.49419151246548" lon="137.82925902865827">
        <ele>753.83</ele>
      </trkpt>
      <trkpt lat="36.494216825813055" lon="137.82924159429967">
        <ele>753.99</ele>
      </trkpt>
      <trkpt lat="36.49439452216029" lon="137.82911259680986">
        <ele>753.93</ele>
      </trkpt>
      <trkpt lat="36.49441136978567" lon="137.8290923126042">
        <ele>754.08</ele>
      </trkpt>
      <trkpt lat="36.49449544027448" lon="137.8290017042309">
        <ele>754.2</ele>
      </trkpt>
      <trkpt lat="36.4945597294718" lon="137.82892500981688">
        <ele>754.43</ele>
      </trkpt>
      <trkpt lat="36.4946339931339" lon="137.8288504946977">
        <ele>754.64</ele>
      </trkpt>
      <trkpt lat="36.49476776830852" lon="137.82868830487132">
        <ele>754.87</ele>
      </trkpt>
      <trkpt lat="36.49486441165209" lon="137.8285859618336">
        <ele>755.14</ele>
      </trkpt>
      <trkpt lat="36.494963485747576" lon="137.8284966107458">
        <ele>755.4</ele>
      </trkpt>
      <trkpt lat="36.49501302279532" lon="137.82846425659955">
        <ele>755.63</ele>
      </trkpt>
      <trkpt lat="36.495167249813676" lon="137.82831623218954">
        <ele>755.89</ele>
      </trkpt>
      <trkpt lat="36.49518518708646" lon="137.82829569652677">
        <ele>756.12</ele>
      </trkpt>
      <trkpt lat="36.49532541632652" lon="137.82818974927068">
        <ele>756.42</ele>
      </trkpt>
      <trkpt lat="36.49542641825974" lon="137.8281250409782">
        <ele>756.66</ele>
      </trkpt>
      <trkpt lat="36.495578130707145" lon="137.82798824831843">
        <ele>756.95</ele>
      </trkpt>
      <trkpt lat="36.495649963617325" lon="137.82793737016618">
        <ele>757.13</ele>
      </trkpt>
      <trkpt lat="36.49578667245805" lon="137.82778691500425">
        <ele>757.41</ele>
      </trkpt>
      <trkpt lat="36.49581542238593" lon="137.82776394858956">
        <ele>757.55</ele>
      </trkpt>
      <trkpt lat="36.495979456231" lon="137.82767107710242">
        <ele>757.59</ele>
      </trkpt>
      <trkpt lat="36.49618120864034" lon="137.8275710809976">
        <ele>757.57</ele>
      </trkpt>
      <trkpt lat="36.49621842429042" lon="137.82754643820226">
        <ele>757.66</ele>
      </trkpt>
      <trkpt lat="36.49638807401061" lon="137.82744887284935">
        <ele>757.7</ele>
      </trkpt>
      <trkpt lat="36.49643316864967" lon="137.82739874906838">
        <ele>757.8</ele>
      </trkpt>
      <trkpt lat="36.49652637541294" lon="137.82733999192715">
        <ele>757.81</ele>
      </trkpt>
      <trkpt lat="36.496672639623284" lon="137.82721887342632">
        <ele>757.9</ele>
      </trkpt>
      <trkpt lat="36.49669870734215" lon="137.82718769274652">
        <ele>757.87</ele>
      </trkpt>
      <trkpt lat="36.496831895783544" lon="137.82710186205804">
        <ele>757.88</ele>
      </trkpt>
      <trkpt lat="36.49698520079255" lon="137.82702131196856">
        <ele>757.78</ele>
      </trkpt>
      <trkpt lat="36.497057285159826" lon="137.8269751276821">
        <ele>757.5</ele>
      </trkpt>
      <trkpt lat="36.49717362597585" lon="137.8269347269088">
        <ele>757.11</ele>
      </trkpt>
      <trkpt lat="36.497324081137776" lon="137.82689080573618">
        <ele>756.76</ele>
      </trkpt>
      <trkpt lat="36.49750370532274" lon="137.82680790871382">
        <ele>756.32</ele>
      </trkpt>
      <trkpt lat="36.497537065297365" lon="137.82679298892617">
        <ele>756.0</ele>
      </trkpt>
      <trkpt lat="36.49769020266831" lon="137.8267002850771">
        <ele>755.81</ele>
      </trkpt>
      <trkpt lat="36.497778967022896" lon="137.8266427014023">
        <ele>755.45</ele>
      </trkpt>
      <trkpt lat="36.4978098962456" lon="137.82663038000464">
        <ele>755.05</ele>
      </trkpt>
      <trkpt lat="36.49799270555377" lon="137.82655460759997">
        <ele>754.65</ele>
      </trkpt>
      <trkpt lat="36.498041739687324" lon="137.82655796036124">
        <ele>754.17</ele>
      </trkpt>
      <trkpt lat="36.498219603672624" lon="137.82655410468578">
        <ele>753.62</ele>
      </trkpt>
      <trkpt lat="36.49826863780618" lon="137.8265665937215">
        <ele>753.11</ele>
      </trkpt>
      <trkpt lat="36.49837081320584" lon="137.82660456374288">
        <ele>752.56</ele>
      </trkpt>
      <trkpt lat="36.4984608348459" lon="137.82665049657226">
        <ele>751.97</ele>
      </trkpt>
      <trkpt lat="36.49861581623554" lon="137.82674001529813">
        <ele>751.29</ele>
      </trkpt>
      <trkpt lat="36.49879267439246" lon="137.82682358287275">
        <ele>750.69</ele>
      </trkpt>
      <trkpt lat="36.498891999945045" lon="137.82688996754587">
        <ele>750.2</ele>
      </trkpt>
      <trkpt lat="36.49907019920647" lon="137.82697244547307">
        <ele>749.84</ele>
      </trkpt>
      <trkpt lat="36.49914010427892" lon="137.8270034585148">
        <ele>749.5</ele>
      </trkpt>
      <trkpt lat="36.499323500320315" lon="137.8270837571472">
        <ele>749.17</ele>
      </trkpt>
      <trkpt lat="36.49934872984886" lon="137.82709121704102">
        <ele>748.88</ele>
      </trkpt>
      <trkpt lat="36.499413438141346" lon="137.82711116597056">
        <ele>748.65</ele>
      </trkpt>
      <trkpt lat="36.499491808936" lon="137.82705542631447">
        <ele>748.45</ele>
      </trkpt>
      <trkpt lat="36.49952106177807" lon="137.82699666917324">
        <ele>748.34</ele>
      </trkpt>
      <trkpt lat="36.49957914836705" lon="137.82689977437258">
        <ele>748.31</ele>
      </trkpt>
      <trkpt lat="36.49959842674434" lon="137.8268705215305">
        <ele>748.28</ele>
      </trkpt>
      <trkpt lat="36.49972038343549" lon="137.8266997821629">
        <ele>748.34</ele>
      </trkpt>
      <trkpt lat="36.499742260202765" lon="137.82667631283402">
        <ele>748.43</ele>
      </trkpt>
      <trkpt lat="36.49988257326186" lon="137.82655661925673">
        <ele>748.65</ele>
      </trkpt>
      <trkpt lat="36.49989942088723" lon="137.8265398554504">
        <ele>748.83</ele>
      </trkpt>
      <trkpt lat="36.50005616247654" lon="137.82640038058162">
        <ele>749.14</ele>
      </trkpt>
      <trkpt lat="36.50014526210725" lon="137.82633944414556">
        <ele>749.41</ele>
      </trkpt>
      <trkpt lat="36.50026227347553" lon="137.82627414911985">
        <ele>749.75</ele>
      </trkpt>
      <trkpt lat="36.50031616911292" lon="137.82623634673655">
        <ele>750.1</ele>
      </trkpt>
      <trkpt lat="36.500484896823764" lon="137.8261428885162">
        <ele>750.48</ele>
      </trkpt>
      <trkpt lat="36.50055798701942" lon="137.82609762623906">
        <ele>750.9</ele>
      </trkpt>
      <trkpt lat="36.5006279759109" lon="137.82604322768748">
        <ele>751.35</ele>
      </trkpt>
      <trkpt lat="36.500705340877175" lon="137.82599444501102">
        <ele>751.84</ele>
      </trkpt>
      <trkpt lat="36.50075160898268" lon="137.82595823518932">
        <ele>752.37</ele>
      </trkpt>
      <trkpt lat="36.50081992149353" lon="137.82590459100902">
        <ele>752.92</ele>
      </trkpt>
      <trkpt lat="36.50097297504544" lon="137.82578883692622">
        <ele>753.47</ele>
      </trkpt>
      <trkpt lat="36.50107489898801" lon="137.82571440562606">
        <ele>754.07</ele>
      </trkpt>
      <trkpt lat="36.5010978654027" lon="137.82569596543908">
        <ele>754.68</ele>
      </trkpt>
      <trkpt lat="36.501169530674815" lon="137.8256445005536">
        <ele>755.32</ele>
      </trkpt>
      <trkpt lat="36.50130716152489" lon="137.82554207369685">
        <ele>756.02</ele>
      </trkpt>
      <trkpt lat="36.50140246376395" lon="137.8254797961563">
        <ele>756.72</ele>
      </trkpt>
      <trkpt lat="36.50156842544675" lon="137.82538214698434">
        <ele>757.38</ele>
      </trkpt>
      <trkpt lat="36.50167202576995" lon="137.8253202047199">
        <ele>758.05</ele>
      </trkpt>
      <trkpt lat="36.501839412376285" lon="137.8252083901316">
        <ele>758.72</ele>
      </trkpt>
      <trkpt lat="36.50186154060066" lon="137.82518785446882">
        <ele>759.39</ele>
      </trkpt>
      <trkpt lat="36.50190629996359" lon="137.8251521475613">
        <ele>760.06</ele>
      </trkpt>
      <trkpt lat="36.50208441540599" lon="137.82501351088285">
        <ele>760.78</ele>
      </trkpt>
      <trkpt lat="36.50210553780198" lon="137.82499666325748">
        <ele>761.44</ele>
      </trkpt>
      <trkpt lat="36.502199498936534" lon="137.82493094913661">
        <ele>762.09</ele>
      </trkpt>
      <trkpt lat="36.50230544619262" lon="137.82485140487552">
        <ele>762.73</ele>
      </trkpt>
      <trkpt lat="36.50240954943001" lon="137.82478569075465">
        <ele>763.31</ele>
      </trkpt>
      <trkpt lat="36.502486914396286" lon="137.82473229803145">
        <ele>763.91</ele>
      </trkpt>
      <trkpt lat="36.50251725688577" lon="137.8247226588428">
        <ele>764.52</ele>
      </trkpt>
      <trkpt lat="36.50267508812249" lon="137.8246158733964">
        <ele>765.15</ele>
      </trkpt>
      <trkpt lat="36.502741975709796" lon="137.82458687201142">
        <ele>765.75</ele>
      </trkpt>
      <trkpt lat="36.50281514972448" lon="137.8245516680181">
        <ele>766.34</ele>
      </trkpt>
      <trkpt lat="36.50291916914284" lon="137.82448486424983">
        <ele>766.99</ele>
      </trkpt>
      <trkpt lat="36.50294741615653" lon="137.82446902245283">
        <ele>767.53</ele>
      </trkpt>
      <trkpt lat="36.50310968980193" lon="137.82435360364616">
        <ele>768.18</ele>
      </trkpt>
      <trkpt lat="36.50326777249575" lon="137.82424304634333">
        <ele>768.83</ele>
      </trkpt>
      <trkpt lat="36.503296941518784" lon="137.8242294676602">
        <ele>769.28</ele>
      </trkpt>
      <trkpt lat="36.50340280495584" lon="137.82424195669591">
        <ele>769.71</ele>
      </trkpt>
      <trkpt lat="36.50342141278088" lon="137.82426584511995">
        <ele>770.05</ele>
      </trkpt>
      <trkpt lat="36.503510009497404" lon="137.82438520342112">
        <ele>770.32</ele>
      </trkpt>
      <trkpt lat="36.50353331118822" lon="137.8244150429964">
        <ele>770.57</ele>
      </trkpt>
      <trkpt lat="36.50357446633279" lon="137.8244634065777">
        <ele>770.78</ele>
      </trkpt>
      <trkpt lat="36.50369608774781" lon="137.82465149648488">
        <ele>770.83</ele>
      </trkpt>
      <trkpt lat="36.50374470278621" lon="137.8247160371393">
        <ele>770.9</ele>
      </trkpt>
      <trkpt lat="36.50391527451575" lon="137.82486003823578">
        <ele>770.91</ele>
      </trkpt>
      <trkpt lat="36.5039402525872" lon="137.82487730495632">
        <ele>770.98</ele>
      </trkpt>
      <trkpt lat="36.50397411547601" lon="137.8248571883887">
        <ele>771.03</ele>
      </trkpt>
      <trkpt lat="36.50398928672075" lon="137.82483941875398">
        <ele>771.06</ele>
      </trkpt>
      <trkpt lat="36.50414301082492" lon="137.82467287033796">
        <ele>771.08</ele>
      </trkpt>
      <trkpt lat="36.50427829474211" lon="137.82450632192194">
        <ele>771.1</ele>
      </trkpt>
      <trkpt lat="36.50432481430471" lon="137.82446122728288">
        <ele>771.11</ele>
      </trkpt>
      <trkpt lat="36.504445346072316" lon="137.8243613988161">
        <ele>771.02</ele>
      </trkpt>
      <trkpt lat="36.50447250343859" lon="137.82434455119073">
        <ele>771.0</ele>
      </trkpt>
      <trkpt lat="36.5046535525471" lon="137.82424941658974">
        <ele>770.86</ele>
      </trkpt>
      <trkpt lat="36.504701748490334" lon="137.8242189064622">
        <ele>770.81</ele>
      </trkpt>
      <trkpt lat="36.50485312566161" lon="137.82411882653832">
        <ele>770.78</ele>
      </trkpt>
      <trkpt lat="36.50490140542388" lon="137.8240909986198">
        <ele>770.75</ele>
      </trkpt>
      <trkpt lat="36.50502897799015" lon="137.82402260228992">
        <ele>770.77</ele>
      </trkpt>
      <trkpt lat="36.5052059199661" lon="137.82387767918408">
        <ele>771.01</ele>
      </trkpt>
      <trkpt lat="36.50523324497044" lon="137.82385353930295">
        <ele>771.02</ele>
      </trkpt>
      <trkpt lat="36.5053267031908" lon="137.82375027425587">
        <ele>771.09</ele>
      </trkpt>
      <trkpt lat="36.50534422136843" lon="137.82372873276472">
        <ele>771.03</ele>
      </trkpt>
      <trkpt lat="36.50538336485624" lon="137.82368883490562">
        <ele>770.98</ele>
      </trkpt>
      <trkpt lat="36.50541068986058" lon="137.82367433421314">
        <ele>770.9</ele>
      </trkpt>
      <trkpt lat="36.505533987656236" lon="137.8235301654786">
        <ele>770.79</ele>
      </trkpt>
      <trkpt lat="36.50569005869329" lon="137.82338557764888">
        <ele>770.56</ele>
      </trkpt>
      <trkpt lat="36.505731297656894" lon="137.823346266523">
        <ele>770.41</ele>
      </trkpt>
      <trkpt lat="36.505788965150714" lon="137.82328331843019">
        <ele>770.24</ele>
      </trkpt>
      <trkpt lat="36.50589633733034" lon="137.82316421158612">
        <ele>770.08</ele>
      </trkpt>
      <trkpt lat="36.50604419410229" lon="137.823015935719">
        <ele>769.98</ele>
      </trkpt>
      <trkpt lat="36.50617126375437" lon="137.82286388799548">
        <ele>769.91</ele>
      </trkpt>
      <trkpt lat="36.506192637607455" lon="137.82284310087562">
        <ele>769.79</ele>
      </trkpt>
      <trkpt lat="36.5063198748976" lon="137.82267353497446">
        <ele>769.77</ele>
      </trkpt>
      <trkpt lat="36.506451554596424" lon="137.82251704484224">
        <ele>769.6</ele>
      </trkpt>
      <trkpt lat="36.50647074915469" lon="137.82249298878014">
        <ele>769.44</ele>
      </trkpt>
      <trkpt lat="36.50648709386587" lon="137.8224638197571">
        <ele>769.27</ele>
      </trkpt>
      <trkpt lat="36.5066203661263" lon="137.8222719579935">
        <ele>768.94</ele>
      </trkpt>
      <trkpt lat="36.50663796812296" lon="137.82225075177848">
        <ele>768.75</ele>
      </trkpt>
      <trkpt lat="36.50677450932562" lon="137.82205721363425">
        <ele>768.52</ele>
      </trkpt>
      <trkpt lat="36.50679487735033" lon="137.82203097827733">
        <ele>768.38</ele>
      </trkpt>
      <trkpt lat="36.506927059963346" lon="137.82183433882892">
        <ele>768.26</ele>
      </trkpt>
      <trkpt lat="36.50694784708321" lon="137.82180885784328">
        <ele>768.13</ele>
      </trkpt>
      <trkpt lat="36.50701674632728" lon="137.82171095721424">
        <ele>768.06</ele>
      </trkpt>
      <trkpt lat="36.50705337524414" lon="137.82165647484362">
        <ele>767.99</ele>
      </trkpt>
      <trkpt lat="36.50709050707519" lon="137.82159763388336">
        <ele>767.94</ele>
      </trkpt>
      <trkpt lat="36.50721212849021" lon="137.82143024727702">
        <ele>767.93</ele>
      </trkpt>
      <trkpt lat="36.50727214291692" lon="137.82134408131242">
        <ele>767.87</ele>
      </trkpt>
      <trkpt lat="36.50736845098436" lon="137.82118004746735">
        <ele>767.83</ele>
      </trkpt>
      <trkpt lat="36.50744673795998" lon="137.8210248146206">
        <ele>767.77</ele>
      </trkpt>
      <trkpt lat="36.507477667182684" lon="137.82095960341394">
        <ele>767.73</ele>
      </trkpt>
      <trkpt lat="36.507553942501545" lon="137.82081392593682">
        <ele>767.68</ele>
      </trkpt>
      <trkpt lat="36.50758747011423" lon="137.8207092359662">
        <ele>767.7</ele>
      </trkpt>
      <trkpt lat="36.50761630386114" lon="137.82064679078758">
        <ele>767.8</ele>
      </trkpt>
      <trkpt lat="36.50767916813493" lon="137.82053682021797">
        <ele>767.98</ele>
      </trkpt>
      <trkpt lat="36.50774764828384" lon="137.82032936811447">
        <ele>768.09</ele>
      </trkpt>
      <trkpt lat="36.50775980204344" lon="137.82029936090112">
        <ele>768.21</ele>
      </trkpt>
      <trkpt lat="36.50785426609218" lon="137.82009467482567">
        <ele>768.29</ele>
      </trkpt>
      <trkpt lat="36.50786742568016" lon="137.82005896791816">
        <ele>768.47</ele>
      </trkpt>
      <trkpt lat="36.50796205736697" lon="137.81989929266274">
        <ele>768.66</ele>
      </trkpt>
      <trkpt lat="36.50797731243074" lon="137.81987079419196">
        <ele>768.89</ele>
      </trkpt>
      <trkpt lat="36.50803288444877" lon="137.81976426020265">
        <ele>769.15</ele>
      </trkpt>
      <trkpt lat="36.508056772872806" lon="137.81970567069948">
        <ele>769.44</ele>
      </trkpt>
      <trkpt lat="36.508106058463454" lon="137.81959620304406">
        <ele>769.75</ele>
      </trkpt>
      <trkpt lat="36.508159870281816" lon="137.8194845560938">
        <ele>770.12</ele>
      </trkpt>
      <trkpt lat="36.508259028196335" lon="137.81929780729115">
        <ele>770.53</ele>
      </trkpt>
      <trkpt lat="36.508267829194665" lon="137.81926897354424">
        <ele>770.9</ele>
      </trkpt>
      <trkpt lat="36.50830538012087" lon="137.81915078870952">
        <ele>771.32</ele>
      </trkpt>
      <trkpt lat="36.50833019055426" lon="137.8190933726728">
        <ele>771.74</ele>
      </trkpt>
      <trkpt lat="36.50836220942438" lon="137.81900125555694">
        <ele>772.18</ele>
      </trkpt>
      <trkpt lat="36.50837620720267" lon="137.8189718350768">
        <ele>772.6</ele>
      </trkpt>
      <trkpt lat="36.50841610506177" lon="137.81888575293124">
        <ele>773.03</ele>
      </trkpt>
      <trkpt lat="36.508427085354924" lon="137.81885406933725">
        <ele>773.46</ele>
      </trkpt>
      <trkpt lat="36.50848743505776" lon="137.81867151148617">
        <ele>773.97</ele>
      </trkpt>
      <trkpt lat="36.50855390354991" lon="137.81851342879236">
        <ele>774.4</ele>
      </trkpt>
      <trkpt lat="36.50856211781502" lon="137.81848216429353">
        <ele>774.82</ele>
      </trkpt>
      <trkpt lat="36.50862171314657" lon="137.81831016764045">
        <ele>775.2</ele>
      </trkpt>
      <trkpt lat="36.50870117358863" lon="137.81809139996767">
        <ele>775.57</ele>
      </trkpt>
      <trkpt lat="36.508751045912504" lon="137.81797271221876">
        <ele>775.96</ele>
      </trkpt>
      <trkpt lat="36.508834110572934" lon="137.81773676164448">
        <ele>776.36</ele>
      </trkpt>
      <trkpt lat="36.50886235758662" lon="137.81767850741744">
        <ele>776.74</ele>
      </trkpt>
      <trkpt lat="36.50887778028846" lon="137.817637687549">
        <ele>777.11</ele>
      </trkpt>
      <trkpt lat="36.508947936818004" lon="137.81749251298606">
        <ele>777.54</ele>
      </trkpt>
      <trkpt lat="36.50897459127009" lon="137.81743115745485">
        <ele>777.93</ele>
      </trkpt>
      <trkpt lat="36.50901113636792" lon="137.81733124516904">
        <ele>778.3</ele>
      </trkpt>
      <trkpt lat="36.50906126014888" lon="137.81720023602247">
        <ele>778.66</ele>
      </trkpt>
      <trkpt lat="36.5091120544821" lon="137.8171152435243">
        <ele>778.99</ele>
      </trkpt>
      <trkpt lat="36.509157568216324" lon="137.81703058630228">
        <ele>779.28</ele>
      </trkpt>
      <trkpt lat="36.509186401963234" lon="137.81696520745754">
        <ele>779.56</ele>
      </trkpt>
      <trkpt lat="36.50928002782166" lon="137.81675859354436">
        <ele>779.88</ele>
      </trkpt>
      <trkpt lat="36.50936711579561" lon="137.81658114865422">
        <ele>780.12</ele>
      </trkpt>
      <trkpt lat="36.50941388681531" lon="137.8164817392826">
        <ele>780.24</ele>
      </trkpt>
      <trkpt lat="36.50945210829377" lon="137.8164040390402">
        <ele>780.3</ele>
      </trkpt>
      <trkpt lat="36.50954724289477" lon="137.81620890833437">
        <ele>780.34</ele>
      </trkpt>
      <trkpt lat="36.50956409052014" lon="137.8161484748125">
        <ele>780.36</ele>
      </trkpt>
      <trkpt lat="36.509572975337505" lon="137.81611712649465">
        <ele>780.35</ele>
      </trkpt>
      <trkpt lat="36.50969191454351" lon="137.81597396358848">
        <ele>780.34</ele>
      </trkpt>
      <trkpt lat="36.50978101417422" lon="137.81590070575476">
        <ele>780.33</ele>
      </trkpt>
      <trkpt lat="36.5098512545228" lon="137.81584354117513">
        <ele>780.27</ele>
      </trkpt>
      <trkpt lat="36.509936917573214" lon="137.81577640213072">
        <ele>780.19</ele>
      </trkpt>
      <trkpt lat="36.51004420593381" lon="137.8157235123217">
        <ele>780.04</ele>
      </trkpt>
      <trkpt lat="36.51011855341494" lon="137.81568537466228">
        <ele>779.85</ele>
      </trkpt>
      <trkpt lat="36.51024805381894" lon="137.8156563732773">
        <ele>779.64</ele>
      </trkpt>
      <trkpt lat="36.510438742116094" lon="137.81565335579216">
        <ele>779.34</ele>
      </trkpt>
      <trkpt lat="36.51047017425299" lon="137.8156603127718">
        <ele>779.1</ele>
      </trkpt>
      <trkpt lat="36.510502360761166" lon="137.81567146070302">
        <ele>778.86</ele>
      </trkpt>
      <trkpt lat="36.51069497689605" lon="137.8157290443778">
        <ele>778.48</ele>
      </trkpt>
      <trkpt lat="36.51072389446199" lon="137.81573390588164">
        <ele>778.24</ele>
      </trkpt>
      <trkpt lat="36.510754991322756" lon="137.81574212014675">
        <ele>778.0</ele>
      </trkpt>
      <trkpt lat="36.51095850393176" lon="137.81581261195242">
        <ele>777.69</ele>
      </trkpt>
      <trkpt lat="36.511076437309384" lon="137.8158580418676">
        <ele>777.47</ele>
      </trkpt>
      <trkpt lat="36.5111066121608" lon="137.8158714529127">
        <ele>777.3</ele>
      </trkpt>
      <trkpt lat="36.51126989163458" lon="137.8159341495484">
        <ele>777.16</ele>
      </trkpt>
      <trkpt lat="36.51146619580686" lon="137.81602283008397">
        <ele>777.09</ele>
      </trkpt>
      <trkpt lat="36.511639365926385" lon="137.8160905558616">
        <ele>777.06</ele>
      </trkpt>
      <trkpt lat="36.511756125837564" lon="137.81612693332136">
        <ele>777.02</ele>
      </trkpt>
      <trkpt lat="36.51195033453405" lon="137.8161783143878">
        <ele>777.0</ele>
      </trkpt>
      <trkpt lat="36.512003894895315" lon="137.81619424000382">
        <ele>777.02</ele>
      </trkpt>
      <trkpt lat="36.51205703616142" lon="137.81621737405658">
        <ele>777.06</ele>
      </trkpt>
      <trkpt lat="36.51213884353638" lon="137.81624427996576">
        <ele>777.15</ele>
      </trkpt>
      <trkpt lat="36.512224758043885" lon="137.81626774929464">
        <ele>777.25</ele>
      </trkpt>
      <trkpt lat="36.51225434616208" lon="137.8162763826549">
        <ele>777.35</ele>
      </trkpt>
      <trkpt lat="36.512383511289954" lon="137.81633036211133">
        <ele>777.5</ele>
      </trkpt>
      <trkpt lat="36.51254712603986" lon="137.8163765463978">
        <ele>777.69</ele>
      </trkpt>
      <trkpt lat="36.5127057954669" lon="137.81631594523787">
        <ele>777.91</ele>
      </trkpt>
      <trkpt lat="36.51287049986422" lon="137.81621460802853">
        <ele>778.14</ele>
      </trkpt>
      <trkpt lat="36.512934286147356" lon="137.81617688946426">
        <ele>778.32</ele>
      </trkpt>
      <trkpt lat="36.51302581652999" lon="137.81610807403922">
        <ele>778.51</ele>
      </trkpt>
      <trkpt lat="36.51305037550628" lon="137.81610178761184">
        <ele>778.7</ele>
      </trkpt>
      <trkpt lat="36.51320803910494" lon="137.81599424779415">
        <ele>778.83</ele>
      </trkpt>
      <trkpt lat="36.513234190642834" lon="137.8159756399691">
        <ele>779.02</ele>
      </trkpt>
      <trkpt lat="36.513402834534645" lon="137.81581881456077">
        <ele>779.16</ele>
      </trkpt>
      <trkpt lat="36.513432590290904" lon="137.81579366885126">
        <ele>779.35</ele>
      </trkpt>
      <trkpt lat="36.513592349365354" lon="137.81565469689667">
        <ele>779.55</ele>
      </trkpt>
      <trkpt lat="36.51361179538071" lon="137.81563424505293">
        <ele>779.78</ele>
      </trkpt>
      <trkpt lat="36.51378161273897" lon="137.81551245599985">
        <ele>780.02</ele>
      </trkpt>
      <trkpt lat="36.51380374096334" lon="137.8154909145087">
        <ele>780.27</ele>
      </trkpt>
      <trkpt lat="36.513867946341634" lon="137.81542260199785">
        <ele>780.54</ele>
      </trkpt>
      <trkpt lat="36.51394656859338" lon="137.81527860090137">
        <ele>780.83</ele>
      </trkpt>
      <trkpt lat="36.51403583586216" lon="137.81507005915046">
        <ele>781.12</ele>
      </trkpt>
      <trkpt lat="36.51411755941808" lon="137.81489395536482">
        <ele>781.43</ele>
      </trkpt>
      <trkpt lat="36.514144549146295" lon="137.81484332866967">
        <ele>781.73</ele>
      </trkpt>
      <trkpt lat="36.51420280337334" lon="137.81472832895815">
        <ele>782.02</ele>
      </trkpt>
      <trkpt lat="36.51431352831423" lon="137.81453143805265">
        <ele>782.3</ele>
      </trkpt>
      <trkpt lat="36.5143324714154" lon="137.8145051188767">
        <ele>782.61</ele>
      </trkpt>
      <trkpt lat="36.51446482166648" lon="137.8143772110343">
        <ele>782.91</ele>
      </trkpt>
      <trkpt lat="36.51449264958501" lon="137.81436178833246">
        <ele>783.23</ele>
      </trkpt>
      <trkpt lat="36.51458937674761" lon="137.814368493855">
        <ele>783.57</ele>
      </trkpt>
      <trkpt lat="36.51470513083041" lon="137.81440805643797">
        <ele>783.93</ele>
      </trkpt>
      <trkpt lat="36.51486061513424" lon="137.81440193764865">
        <ele>784.27</ele>
      </trkpt>
      <trkpt lat="36.5148850902915" lon="137.81438743695617">
        <ele>784.6</ele>
      </trkpt>
      <trkpt lat="36.51506680995226" lon="137.81429590657353">
        <ele>784.97</ele>
      </trkpt>
      <trkpt lat="36.51508097536862" lon="137.81427243724465">
        <ele>785.32</ele>
      </trkpt>
      <trkpt lat="36.515124225988984" lon="137.81423312611878">
        <ele>785.68</ele>
      </trkpt>
      <trkpt lat="36.51521290652454" lon="137.8141335491091">
        <ele>786.04</ele>
      </trkpt>
      <trkpt lat="36.515258168801665" lon="137.81408510170877">
        <ele>786.38</ele>
      </trkpt>
      <trkpt lat="36.515324553474784" lon="137.813979992643">
        <ele>786.72</ele>
      </trkpt>
      <trkpt lat="36.51539730839431" lon="137.8138724528253">
        <ele>787.07</ele>
      </trkpt>
      <trkpt lat="36.51554089039564" lon="137.81371495686471">
        <ele>787.43</ele>
      </trkpt>
      <trkpt lat="36.51559202000499" lon="137.81368704512715">
        <ele>787.77</ele>
      </trkpt>
      <trkpt lat="36.515739876776934" lon="137.8135864622891">
        <ele>788.13</ele>
      </trkpt>
      <trkpt lat="36.51587951928377" lon="137.81348546035588">
        <ele>788.47</ele>
      </trkpt>
      <trkpt lat="36.515938779339194" lon="137.81342728994787">
        <ele>788.84</ele>
      </trkpt>
      <trkpt lat="36.5160402841866" lon="137.81336308456957">
        <ele>789.23</ele>
      </trkpt>
      <trkpt lat="36.51620197109878" lon="137.8132730629295">
        <ele>789.62</ele>
      </trkpt>
      <trkpt lat="36.51627480983734" lon="137.81324942596257">
        <ele>789.93</ele>
      </trkpt>
      <trkpt lat="36.51641009375453" lon="137.81323995441198">
        <ele>790.22</ele>
      </trkpt>
      <trkpt lat="36.51658007875085" lon="137.81323090195656">
        <ele>790.45</ele>
      </trkpt>
      <trkpt lat="36.51665735989809" lon="137.8132309857756">
        <ele>790.68</ele>
      </trkpt>
      <trkpt lat="36.51685978285968" lon="137.81323727220297">
        <ele>790.89</ele>
      </trkpt>
      <trkpt lat="36.51691937819123" lon="137.8132328297943">
        <ele>791.12</ele>
      </trkpt>
      <trkpt lat="36.51704736985266" lon="137.81318957917392">
        <ele>791.37</ele>
      </trkpt>
      <trkpt lat="36.51707561686635" lon="137.81318832188845">
        <ele>791.61</ele>
      </trkpt>
      <trkpt lat="36.517156418412924" lon="137.81318119727075">
        <ele>791.86</ele>
      </trkpt>
      <trkpt lat="36.51718717999756" lon="137.81318471767008">
        <ele>792.1</ele>
      </trkpt>
      <trkpt lat="36.51730335317552" lon="137.81325764022768">
        <ele>792.32</ele>
      </trkpt>
      <trkpt lat="36.51736227795482" lon="137.8133026510477">
        <ele>792.54</ele>
      </trkpt>
      <trkpt lat="36.51751575060189" lon="137.8134424611926">
        <ele>792.73</ele>
      </trkpt>
      <trkpt lat="36.51756310835481" lon="137.8134810179472">
        <ele>792.97</ele>
      </trkpt>
      <trkpt lat="36.517614321783185" lon="137.81351362355053">
        <ele>793.22</ele>
      </trkpt>
      <trkpt lat="36.51775874197483" lon="137.8135417867452">
        <ele>793.5</ele>
      </trkpt>
      <trkpt lat="36.51794356293976" lon="137.8135365061462">
        <ele>793.82</ele>
      </trkpt>
      <trkpt lat="36.51796342805028" lon="137.81353633850813">
        <ele>794.08</ele>
      </trkpt>
      <trkpt lat="36.51815252378583" lon="137.81356458552182">
        <ele>794.38</ele>
      </trkpt>
      <trkpt lat="36.51817498728633" lon="137.8135685250163">
        <ele>794.64</ele>
      </trkpt>
      <trkpt lat="36.51835151016712" lon="137.81352787278593">
        <ele>794.99</ele>
      </trkpt>
      <trkpt lat="36.518376572057605" lon="137.81351127661765">
        <ele>795.25</ele>
      </trkpt>
      <trkpt lat="36.51854136027396" lon="137.81340030021966">
        <ele>795.56</ele>
      </trkpt>
      <trkpt lat="36.51859374716878" lon="137.81337808817625">
        <ele>795.83</ele>
      </trkpt>
      <trkpt lat="36.51876574382186" lon="137.8133121225983">
        <ele>796.13</ele>
      </trkpt>
      <trkpt lat="36.51879130862653" lon="137.81330566853285">
        <ele>796.38</ele>
      </trkpt>
      <trkpt lat="36.51898803189397" lon="137.81327758915722">
        <ele>796.61</ele>
      </trkpt>
      <trkpt lat="36.51903790421784" lon="137.8132621664554">
        <ele>796.86</ele>
      </trkpt>
      <trkpt lat="36.51921769604087" lon="137.81322855502367">
        <ele>797.07</ele>
      </trkpt>
      <trkpt lat="36.51924845762551" lon="137.81322746537626">
        <ele>797.33</ele>
      </trkpt>
      <trkpt lat="36.51938089169562" lon="137.81320542097092">
        <ele>797.55</ele>
      </trkpt>
      <trkpt lat="36.519407546147704" lon="137.81321531161666">
        <ele>797.81</ele>
      </trkpt>
      <trkpt lat="36.51943193748593" lon="137.81322511844337">
        <ele>798.08</ele>
      </trkpt>
      <trkpt lat="36.519458424299955" lon="137.8132418822497">
        <ele>798.35</ele>
      </trkpt>
      <trkpt lat="36.51960611343384" lon="137.8132674470544">
        <ele>798.66</ele>
      </trkpt>
      <trkpt lat="36.51963159441948" lon="137.81327239237726">
        <ele>798.96</ele>
      </trkpt>
      <trkpt lat="36.51981247588992" lon="137.8132841270417">
        <ele>799.3</ele>
      </trkpt>
      <trkpt lat="36.51986285112798" lon="137.81328580342233">
        <ele>799.62</ele>
      </trkpt>
      <trkpt lat="36.52006829157472" lon="137.81325621530414">
        <ele>800.01</ele>
      </trkpt>
      <trkpt lat="36.520097041502595" lon="137.81325101852417">
        <ele>800.33</ele>
      </trkpt>
      <trkpt lat="36.52028446085751" lon="137.81316895969212">
        <ele>800.72</ele>
      </trkpt>
      <trkpt lat="36.520352605730295" lon="137.81311724334955">
        <ele>801.07</ele>
      </trkpt>
      <trkpt lat="36.52044656686485" lon="137.81305647455156">
        <ele>801.45</ele>
      </trkpt>
      <trkpt lat="36.52056391350925" lon="137.81297827139497">
        <ele>801.8</ele>
      </trkpt>
      <trkpt lat="36.520705819129944" lon="137.81285673379898">
        <ele>802.11</ele>
      </trkpt>
      <trkpt lat="36.52083112858236" lon="137.81277073547244">
        <ele>802.42</ele>
      </trkpt>
      <trkpt lat="36.52087613940239" lon="137.81273586675525">
        <ele>802.75</ele>
      </trkpt>
      <trkpt lat="36.520973201841116" lon="137.81262229196727">
        <ele>803.07</ele>
      </trkpt>
      <trkpt lat="36.52105987071991" lon="137.81249044463038">
        <ele>803.4</ele>
      </trkpt>
      <trkpt lat="36.521088536828756" lon="137.81243914738297">
        <ele>803.76</ele>
      </trkpt>
      <trkpt lat="36.521185263991356" lon="137.81224912963808">
        <ele>804.14</ele>
      </trkpt>
      <trkpt lat="36.52119808830321" lon="137.81221887096763">
        <ele>804.51</ele>
      </trkpt>
      <trkpt lat="36.52130235917866" lon="137.81201837584376">
        <ele>804.96</ele>
      </trkpt>
      <trkpt lat="36.52135692536831" lon="137.8119325451553">
        <ele>805.36</ele>
      </trkpt>
      <trkpt lat="36.52146899141371" lon="137.81177303753793">
        <ele>805.77</ele>
      </trkpt>
      <trkpt lat="36.52161994948983" lon="137.8116217441857">
        <ele>806.18</ele>
      </trkpt>
      <trkpt lat="36.52163947932422" lon="137.81161193735898">
        <ele>806.55</ele>
      </trkpt>
      <trkpt lat="36.521819941699505" lon="137.81154924072325">
        <ele>806.94</ele>
      </trkpt>
      <trkpt lat="36.52184458449483" lon="137.81153951771557">
        <ele>807.3</ele>
      </trkpt>
      <trkpt lat="36.522010043263435" lon="137.81145863234997">
        <ele>807.69</ele>
      </trkpt>
      <trkpt lat="36.52215010486543" lon="137.81132410280406">
        <ele>808.05</ele>
      </trkpt>
      <trkpt lat="36.522296871989965" lon="137.8111946862191">
        <ele>808.4</ele>
      </trkpt>
      <trkpt lat="36.52235269546509" lon="137.81113676726818">
        <ele>808.71</ele>
      </trkpt>
      <trkpt lat="36.52238521724939" lon="137.81106350943446">
        <ele>809.02</ele>
      </trkpt>
      <trkpt lat="36.52243098244071" lon="137.81096049584448">
        <ele>809.31</ele>
      </trkpt>
      <trkpt lat="36.5225263684988" lon="137.81075472012162">
        <ele>809.6</ele>
      </trkpt>
      <trkpt lat="36.52262728661299" lon="137.81059797853231">
        <ele>809.88</ele>
      </trkpt>
      <trkpt lat="36.522732228040695" lon="137.810435956344">
        <ele>810.18</ele>
      </trkpt>
      <trkpt lat="36.5228028036654" lon="137.81036152504385">
        <ele>810.45</ele>
      </trkpt>
      <trkpt lat="36.522895926609635" lon="137.81029731966555">
        <ele>810.69</ele>
      </trkpt>
      <trkpt lat="36.52303691022098" lon="137.8101732674986">
        <ele>810.92</ele>
      </trkpt>
      <trkpt lat="36.52319767512381" lon="137.81004049815238">
        <ele>811.11</ele>
      </trkpt>
      <trkpt lat="36.523219384253025" lon="137.8100223094225">
        <ele>811.29</ele>
      </trkpt>
      <trkpt lat="36.523238914087415" lon="137.81000135466456">
        <ele>811.45</ele>
      </trkpt>
      <trkpt lat="36.52333212085068" lon="137.8098394162953">
        <ele>811.61</ele>
      </trkpt>
      <trkpt lat="36.523344442248344" lon="137.80980915762484">
        <ele>811.75</ele>
      </trkpt>
      <trkpt lat="36.5233641397208" lon="137.80975232832134">
        <ele>811.88</ele>
      </trkpt>
      <trkpt lat="36.52341116219759" lon="137.8095537610352">
        <ele>812.01</ele>
      </trkpt>
      <trkpt lat="36.523444103077054" lon="137.8093325626105">
        <ele>812.11</ele>
      </trkpt>
      <trkpt lat="36.52345617301762" lon="137.8092693630606">
        <ele>812.2</ele>
      </trkpt>
      <trkpt lat="36.52346824295819" lon="137.80923692509532">
        <ele>812.29</ele>
      </trkpt>
      <trkpt lat="36.52351719327271" lon="137.80905755236745">
        <ele>812.37</ele>
      </trkpt>
      <trkpt lat="36.5236231405288" lon="137.8089335002005">
        <ele>812.41</ele>
      </trkpt>
      <trkpt lat="36.5237198676914" lon="137.80888496898115">
        <ele>812.48</ele>
      </trkpt>
      <trkpt lat="36.523797987028956" lon="137.80885043554008">
        <ele>812.56</ele>
      </trkpt>
      <trkpt lat="36.52382439002395" lon="137.80883266590536">
        <ele>812.62</ele>
      </trkpt>
      <trkpt lat="36.52395145967603" lon="137.80878824181855">
        <ele>812.7</ele>
      </trkpt>
      <trkpt lat="36.52400057762861" lon="137.8087653592229">
        <ele>812.77</ele>
      </trkpt>
      <trkpt lat="36.52417290955782" lon="137.80865714885294">
        <ele>812.86</ele>
      </trkpt>
      <trkpt lat="36.52424340136349" lon="137.80860358849168">
        <ele>812.92</ele>
      </trkpt>
      <trkpt lat="36.52426670305431" lon="137.80858707614243">
        <ele>813.0</ele>
      </trkpt>
      <trkpt lat="36.52442797087133" lon="137.80847383663058">
        <ele>813.08</ele>
      </trkpt>
      <trkpt lat="36.52444917708635" lon="137.80845480971038">
        <ele>813.16</ele>
      </trkpt>
      <trkpt lat="36.524568032473326" lon="137.80836495570838">
        <ele>813.28</ele>
      </trkpt>
      <trkpt lat="36.524605583399534" lon="137.80831751413643">
        <ele>813.4</ele>
      </trkpt>
      <trkpt lat="36.52466509491205" lon="137.8082534763962">
        <ele>813.53</ele>
      </trkpt>
      <trkpt lat="36.524731731042266" lon="137.80819941312075">
        <ele>813.67</ele>
      </trkpt>
      <trkpt lat="36.52475377544761" lon="137.808184241876">
        <ele>813.82</ele>
      </trkpt>
      <trkpt lat="36.524845557287335" lon="137.8081342857331">
        <ele>813.97</ele>
      </trkpt>
      <trkpt lat="36.52488939464092" lon="137.80811249278486">
        <ele>814.16</ele>
      </trkpt>
      <trkpt lat="36.52505242265761" lon="137.80801802873611">
        <ele>814.35</ele>
      </trkpt>
      <trkpt lat="36.525097601115704" lon="137.80798885971308">
        <ele>814.58</ele>
      </trkpt>
      <trkpt lat="36.52528862468898" lon="137.80789489857852">
        <ele>814.83</ele>
      </trkpt>
      <trkpt lat="36.525367414578795" lon="137.80785525217652">
        <ele>815.15</ele>
      </trkpt>
      <trkpt lat="36.52552189305425" lon="137.80776573345065">
        <ele>815.53</ele>
      </trkpt>
      <trkpt lat="36.525549218058586" lon="137.8077524062246">
        <ele>815.89</ele>
      </trkpt>
      <trkpt lat="36.525622894987464" lon="137.80769599601626">
        <ele>816.3</ele>
      </trkpt>
      <trkpt lat="36.52571610175073" lon="137.80762374401093">
        <ele>816.71</ele>
      </trkpt>
      <trkpt lat="36.52582397684455" lon="137.807507654652">
        <ele>817.14</ele>
      </trkpt>
      <trkpt lat="36.52586840093136" lon="137.80746105127037">
        <ele>817.56</ele>
      </trkpt>
      <trkpt lat="36.52599052526057" lon="137.80732878483832">
        <ele>818.01</ele>
      </trkpt>
      <trkpt lat="36.52614022605121" lon="137.80720154754817">
        <ele>818.5</ele>
      </trkpt>
      <trkpt lat="36.5261666290462" lon="137.8071849513799">
        <ele>819.0</ele>
      </trkpt>
      <trkpt lat="36.52621801011264" lon="137.80714564025402">
        <ele>819.51</ele>
      </trkpt>
      <trkpt lat="36.52632689103484" lon="137.80708537437022">
        <ele>820.07</ele>
      </trkpt>
      <trkpt lat="36.52635212056339" lon="137.80706819146872">
        <ele>820.63</ele>
      </trkpt>
      <trkpt lat="36.5265257935971" lon="137.80697875656188">
        <ele>821.24</ele>
      </trkpt>
      <trkpt lat="36.526551274582744" lon="137.8069690335542">
        <ele>821.82</ele>
      </trkpt>
      <trkpt lat="36.52667976915836" lon="137.806913042441">
        <ele>822.45</ele>
      </trkpt>
      <trkpt lat="36.526761408895254" lon="137.80687146820128">
        <ele>823.06</ele>
      </trkpt>
      <trkpt lat="36.52682234533131" lon="137.8068448137492">
        <ele>823.68</ele>
      </trkpt>
      <trkpt lat="36.52688051573932" lon="137.80681271106005">
        <ele>824.3</ele>
      </trkpt>
      <trkpt lat="36.526940278708935" lon="137.8067827038467">
        <ele>824.92</ele>
      </trkpt>
      <trkpt lat="36.52713356539607" lon="137.8067309036851">
        <ele>825.59</ele>
      </trkpt>
      <trkpt lat="36.52724261395633" lon="137.80672503635287">
        <ele>826.21</ele>
      </trkpt>
      <trkpt lat="36.52728368528187" lon="137.8067237790674">
        <ele>826.8</ele>
      </trkpt>
      <trkpt lat="36.52730405330658" lon="137.80672444961965">
        <ele>827.37</ele>
      </trkpt>
      <trkpt lat="36.52739390730858" lon="137.80670827254653">
        <ele>827.94</ele>
      </trkpt>
      <trkpt lat="36.52756808325648" lon="137.80661204829812">
        <ele>828.58</ele>
      </trkpt>
      <trkpt lat="36.52764863334596" lon="137.8065472561866">
        <ele>829.16</ele>
      </trkpt>
      <trkpt lat="36.52773706242442" lon="137.8064904268831">
        <ele>829.72</ele>
      </trkpt>
      <trkpt lat="36.5278194565326" lon="137.80643619596958">
        <ele>830.23</ele>
      </trkpt>
      <trkpt lat="36.52800461277366" lon="137.80634776689112">
        <ele>830.68</ele>
      </trkpt>
      <trkpt lat="36.528022550046444" lon="137.8063379600644">
        <ele>831.14</ele>
      </trkpt>
      <trkpt lat="36.52819370850921" lon="137.80625766143203">
        <ele>831.57</ele>
      </trkpt>
      <trkpt lat="36.52824366465211" lon="137.8062401432544">
        <ele>831.99</ele>
      </trkpt>
      <trkpt lat="36.5284289047122" lon="137.80620410107076">
        <ele>832.42</ele>
      </trkpt>
      <trkpt lat="36.52861355803907" lon="137.80616152100265">
        <ele>832.83</ele>
      </trkpt>
      <trkpt lat="36.528671476989985" lon="137.80613344162703">
        <ele>833.21</ele>
      </trkpt>
      <trkpt lat="36.52869209647179" lon="137.80612371861935">
        <ele>833.54</ele>
      </trkpt>
      <trkpt lat="36.5288900770247" lon="137.8060590941459">
        <ele>833.91</ele>
      </trkpt>
      <trkpt lat="36.529062408953905" lon="137.8059877641499">
        <ele>834.18</ele>
      </trkpt>
      <trkpt lat="36.52909736149013" lon="137.80597334727645">
        <ele>834.45</ele>
      </trkpt>
      <trkpt lat="36.52928838506341" lon="137.80587687157094">
        <ele>834.68</ele>
      </trkpt>
      <trkpt lat="36.52932744473219" lon="137.80583990737796">
        <ele>834.9</ele>
      </trkpt>
      <trkpt lat="36.52946289628744" lon="137.8057879395783">
        <ele>835.09</ele>
      </trkpt>
      <trkpt lat="36.5295185521245" lon="137.80579179525375">
        <ele>835.29</ele>
      </trkpt>
      <trkpt lat="36.529561299830675" lon="137.80577679164708">
        <ele>835.48</ele>
      </trkpt>
      <trkpt lat="36.52965618297458" lon="137.8057295177132">
        <ele>835.66</ele>
      </trkpt>
      <trkpt lat="36.52973849326372" lon="137.80568945221603">
        <ele>835.83</ele>
      </trkpt>
      <trkpt lat="36.52990738861263" lon="137.80562449246645">
        <ele>836.02</ele>
      </trkpt>
      <trkpt lat="36.529984502121806" lon="137.80558015219867">
        <ele>836.18</ele>
      </trkpt>
      <trkpt lat="36.53008449822664" lon="137.80552382580936">
        <ele>836.31</ele>
      </trkpt>
      <trkpt lat="36.53024861589074" lon="137.8054179623723">
        <ele>836.44</ele>
      </trkpt>
      <trkpt lat="36.53028138913214" lon="137.80541284941137">
        <ele>836.56</ele>
      </trkpt>
      <trkpt lat="36.53038088232279" lon="137.8053928166628">
        <ele>836.68</ele>
      </trkpt>
      <trkpt lat="36.53048993088305" lon="137.8053687606007">
        <ele>836.79</ele>
      </trkpt>
      <trkpt lat="36.53055933304131" lon="137.80536046251655">
        <ele>836.9</ele>
      </trkpt>
      <trkpt lat="36.53074943460524" lon="137.80532986856997">
        <ele>837.0</ele>
      </trkpt>
      <trkpt lat="36.53080609627068" lon="137.80531771481037">
        <ele>837.1</ele>
      </trkpt>
      <trkpt lat="36.53093735687435" lon="137.80529038980603">
        <ele>837.23</ele>
      </trkpt>
      <trkpt lat="36.53108697384596" lon="137.80523783527315">
        <ele>837.38</ele>
      </trkpt>
      <trkpt lat="36.531233405694366" lon="137.80515192076564">
        <ele>837.52</ele>
      </trkpt>
      <trkpt lat="36.531280847266316" lon="137.80512032099068">
        <ele>837.62</ele>
      </trkpt>
      <trkpt lat="36.531332060694695" lon="137.80507883056998">
        <ele>837.73</ele>
      </trkpt>
      <trkpt lat="36.531438594684005" lon="137.80497095547616">
        <ele>837.83</ele>
      </trkpt>
      <trkpt lat="36.53158636763692" lon="137.80482184141874">
        <ele>837.93</ele>
      </trkpt>
      <trkpt lat="36.53173338621855" lon="137.8046787623316">
        <ele>838.04</ele>
      </trkpt>
      <trkpt lat="36.53175551444292" lon="137.8046547062695">
        <ele>838.13</ele>
      </trkpt>
      <trkpt lat="36.53180136345327" lon="137.80461413785815">
        <ele>838.22</ele>
      </trkpt>
      <trkpt lat="36.53192927129567" lon="137.80447902157903">
        <ele>838.29</ele>
      </trkpt>
      <trkpt lat="36.53207218274474" lon="137.8043367806822">
        <ele>838.37</ele>
      </trkpt>
      <trkpt lat="36.53209514915943" lon="137.80431557446718">
        <ele>838.46</ele>
      </trkpt>
      <trkpt lat="36.53211861848831" lon="137.80429562553763">
        <ele>838.55</ele>
      </trkpt>
      <trkpt lat="36.532166730612516" lon="137.80425447039306">
        <ele>838.64</ele>
      </trkpt>
      <trkpt lat="36.5322539024055" lon="137.8042088728398">
        <ele>838.75</ele>
      </trkpt>
      <trkpt lat="36.53243419714272" lon="137.80413771048188">
        <ele>838.87</ele>
      </trkpt>
      <trkpt lat="36.53251877054572" lon="137.80409990809858">
        <ele>838.97</ele>
      </trkpt>
      <trkpt lat="36.53270719572902" lon="137.80400753952563">
        <ele>839.08</ele>
      </trkpt>
      <trkpt lat="36.53273091651499" lon="137.80399362556636">
        <ele>839.18</ele>
      </trkpt>
      <trkpt lat="36.532790092751384" lon="137.803974179551">
        <ele>839.29</ele>
      </trkpt>
      <trkpt lat="36.532811718061566" lon="137.80396747402847">
        <ele>839.4</ele>
      </trkpt>
      <trkpt lat="36.532887825742364" lon="137.8039281629026">
        <ele>839.52</ele>
      </trkpt>
      <trkpt lat="36.53296108357608" lon="137.8038818947971">
        <ele>839.65</ele>
      </trkpt>
      <trkpt lat="36.53306250460446" lon="137.80384434387088">
        <ele>839.8</ele>
      </trkpt>
      <trkpt lat="36.533238776028156" lon="137.80377209186554">
        <ele>839.95</ele>
      </trkpt>
      <trkpt lat="36.53329267166555" lon="137.80375407077372">
        <ele>840.09</ele>
      </trkpt>
      <trkpt lat="36.533318907022476" lon="137.80374510213733">
        <ele>840.23</ele>
      </trkpt>
      <trkpt lat="36.53349660336971" lon="137.80367913655937">
        <ele>840.38</ele>
      </trkpt>
      <trkpt lat="36.53352132998407" lon="137.8036691620946">
        <ele>840.52</ele>
      </trkpt>
      <trkpt lat="36.533570028841496" lon="137.80364954844117">
        <ele>840.67</ele>
      </trkpt>
      <trkpt lat="36.5337286144495" lon="137.80359741300344">
        <ele>840.83</ele>
      </trkpt>
      <trkpt lat="36.53386129997671" lon="137.80354846268892">
        <ele>840.99</ele>
      </trkpt>
      <trkpt lat="36.53388753533363" lon="137.80353823676705">
        <ele>841.15</ele>
      </trkpt>
      <trkpt lat="36.53396364301443" lon="137.80350621789694">
        <ele>841.33</ele>
      </trkpt>
      <trkpt lat="36.53403991833329" lon="137.8034622129053">
        <ele>841.51</ele>
      </trkpt>
      <trkpt lat="36.53417956084013" lon="137.80340773053467">
        <ele>841.7</ele>
      </trkpt>
      <trkpt lat="36.534358179196715" lon="137.8033628873527">
        <ele>841.85</ele>
      </trkpt>
      <trkpt lat="36.5343829896301" lon="137.80335165560246">
        <ele>842.02</ele>
      </trkpt>
      <trkpt lat="36.53455297462642" lon="137.80327311716974">
        <ele>842.17</ele>
      </trkpt>
      <trkpt lat="36.53457736596465" lon="137.80326020903885">
        <ele>842.35</ele>
      </trkpt>
      <trkpt lat="36.534757912158966" lon="137.80318041332066">
        <ele>842.54</ele>
      </trkpt>
      <trkpt lat="36.53480845503509" lon="137.80315501615405">
        <ele>842.74</ele>
      </trkpt>
      <trkpt lat="36.53488422743976" lon="137.80312760733068">
        <ele>842.96</ele>
      </trkpt>
      <trkpt lat="36.53498271480203" lon="137.8030922356993">
        <ele>843.18</ele>
      </trkpt>
      <trkpt lat="36.53515479527414" lon="137.803017469123">
        <ele>843.43</ele>
      </trkpt>
      <trkpt lat="36.535181952640414" lon="137.8030119370669">
        <ele>843.64</ele>
      </trkpt>
      <trkpt lat="36.53536258265376" lon="137.80294949188828">
        <ele>843.89</ele>
      </trkpt>
      <trkpt lat="36.535537177696824" lon="137.80287522822618">
        <ele>844.18</ele>
      </trkpt>
      <trkpt lat="36.53566248714924" lon="137.80282074585557">
        <ele>844.41</ele>
      </trkpt>
      <trkpt lat="36.53571202419698" lon="137.80279668979347">
        <ele>844.63</ele>
      </trkpt>
      <trkpt lat="36.535770362243056" lon="137.80277213081717">
        <ele>844.85</ele>
      </trkpt>
      <trkpt lat="36.53595518320799" lon="137.8026863001287">
        <ele>845.05</ele>
      </trkpt>
      <trkpt lat="36.53605291619897" lon="137.80263357795775">
        <ele>845.3</ele>
      </trkpt>
      <trkpt lat="36.53607873246074" lon="137.80262377113104">
        <ele>845.54</ele>
      </trkpt>
      <trkpt lat="36.53617411851883" lon="137.8025792632252">
        <ele>845.78</ele>
      </trkpt>
      <trkpt lat="36.53634611517191" lon="137.8024846315384">
        <ele>845.98</ele>
      </trkpt>
      <trkpt lat="36.53652925975621" lon="137.80239645391703">
        <ele>846.21</ele>
      </trkpt>
      <trkpt lat="36.53667854145169" lon="137.80234633013606">
        <ele>846.47</ele>
      </trkpt>
      <trkpt lat="36.536733359098434" lon="137.8023422230035">
        <ele>846.75</ele>
      </trkpt>
      <trkpt lat="36.536914575845" lon="137.80230056494474">
        <ele>847.08</ele>
      </trkpt>
      <trkpt lat="36.53696813620627" lon="137.8022838011384">
        <ele>847.39</ele>
      </trkpt>
      <trkpt lat="36.53709897771478" lon="137.80226460658014">
        <ele>847.72</ele>
      </trkpt>
      <trkpt lat="36.53728195466101" lon="137.80219906009734">
        <ele>848.08</ele>
      </trkpt>
      <trkpt lat="36.537332497537136" lon="137.8021754231304">
        <ele>848.41</ele>
      </trkpt>
      <trkpt lat="36.537378430366516" lon="137.80215052887797">
        <ele>848.75</ele>
      </trkpt>
      <trkpt lat="36.53755243867636" lon="137.80207777395844">
        <ele>849.12</ele>
      </trkpt>
      <trkpt lat="36.53760340064764" lon="137.8020591661334">
        <ele>849.45</ele>
      </trkpt>
      <trkpt lat="36.53779308311641" lon="137.8019952122122">
        <ele>849.76</ele>
      </trkpt>
      <trkpt lat="36.537968600168824" lon="137.80192907899618">
        <ele>850.1</ele>
      </trkpt>
      <trkpt lat="36.53810908086598" lon="137.8018884267658">
        <ele>850.49</ele>
      </trkpt>
      <trkpt lat="36.538183093070984" lon="137.8018641192466">
        <ele>850.88</ele>
      </trkpt>
      <trkpt lat="36.538215447217226" lon="137.80185439623892">
        <ele>851.27</ele>
      </trkpt>
      <trkpt lat="36.53834184631705" lon="137.80179949477315">
        <ele>851.68</ele>
      </trkpt>
      <trkpt lat="36.53838509693742" lon="137.80177300795913">
        <ele>852.08</ele>
      </trkpt>
      <trkpt lat="36.53841141611338" lon="137.80176336877048">
        <ele>852.49</ele>
      </trkpt>
      <trkpt lat="36.53856690041721" lon="137.80169740319252">
        <ele>852.92</ele>
      </trkpt>
      <trkpt lat="36.53864711523056" lon="137.801669575274">
        <ele>853.35</ele>
      </trkpt>
      <trkpt lat="36.53883713297546" lon="137.80160184949636">
        <ele>853.84</ele>
      </trkpt>
      <trkpt lat="36.53886169195175" lon="137.8015855886042">
        <ele>854.28</ele>
      </trkpt>
      <trkpt lat="36.53904148377478" lon="137.80153177678585">
        <ele>854.79</ele>
      </trkpt>
      <trkpt lat="36.539069982245564" lon="137.80152381397784">
        <ele>855.25</ele>
      </trkpt>
      <trkpt lat="36.53924181126058" lon="137.80145692639053">
        <ele>855.77</ele>
      </trkpt>
      <trkpt lat="36.53926779516041" lon="137.80144929885864">
        <ele>856.23</ele>
      </trkpt>
      <trkpt lat="36.53941615484655" lon="137.80139464884996">
        <ele>856.72</ele>
      </trkpt>
      <trkpt lat="36.53947130776942" lon="137.8013770468533">
        <ele>857.17</ele>
      </trkpt>
      <trkpt lat="36.539497040212154" lon="137.8013690840453">
        <ele>857.6</ele>
      </trkpt>
      <trkpt lat="36.5396274626255" lon="137.8013244085014">
        <ele>858.04</ele>
      </trkpt>
      <trkpt lat="36.53971019200981" lon="137.80129691585898">
        <ele>858.48</ele>
      </trkpt>
      <trkpt lat="36.53984572738409" lon="137.80124151147902">
        <ele>858.87</ele>
      </trkpt>
      <trkpt lat="36.54000607319176" lon="137.80119029805064">
        <ele>859.24</ele>
      </trkpt>
      <trkpt lat="36.54012861661613" lon="137.8011315409094">
        <ele>859.63</ele>
      </trkpt>
      <trkpt lat="36.54032609425485" lon="137.80103933997452">
        <ele>860.04</ele>
      </trkpt>
      <trkpt lat="36.54038166627288" lon="137.80101092532277">
        <ele>860.43</ele>
      </trkpt>
      <trkpt lat="36.54046246781945" lon="137.800958706066">
        <ele>860.82</ele>
      </trkpt>
      <trkpt lat="36.54049373231828" lon="137.8009541798383">
        <ele>861.19</ele>
      </trkpt>
      <trkpt lat="36.54054989106953" lon="137.80093079432845">
        <ele>861.55</ele>
      </trkpt>
      <trkpt lat="36.54066078364849" lon="137.8009021282196">
        <ele>861.93</ele>
      </trkpt>
      <trkpt lat="36.540688863024116" lon="137.8009206522256">
        <ele>862.25</ele>
      </trkpt>
      <trkpt lat="36.54071317054331" lon="137.80093523673713">
        <ele>862.56</ele>
      </trkpt>
      <trkpt lat="36.54078341089189" lon="137.80108032748103">
        <ele>862.88</ele>
      </trkpt>
      <trkpt lat="36.54082003980875" lon="137.801204463467">
        <ele>863.16</ele>
      </trkpt>
      <trkpt lat="36.54083160683513" lon="137.80124151147902">
        <ele>863.41</ele>
      </trkpt>
      <trkpt lat="36.5408397372812" lon="137.80128182843328">
        <ele>863.64</ele>
      </trkpt>
      <trkpt lat="36.540847616270185" lon="137.80131720006466">
        <ele>863.85</ele>
      </trkpt>
      <trkpt lat="36.54085323214531" lon="137.80135567300022">
        <ele>864.04</ele>
      </trkpt>
      <trkpt lat="36.5408640448004" lon="137.80145918950438">
        <ele>864.2</ele>
      </trkpt>
      <trkpt lat="36.54089078307152" lon="137.80160754919052">
        <ele>864.37</ele>
      </trkpt>
      <trkpt lat="36.540935123339295" lon="137.801822880283">
        <ele>864.52</ele>
      </trkpt>
      <trkpt lat="36.54094325378537" lon="137.8019684739411">
        <ele>864.62</ele>
      </trkpt>
      <trkpt lat="36.54095884412527" lon="137.8021458350122">
        <ele>864.67</ele>
      </trkpt>
      <trkpt lat="36.540967812761664" lon="137.80221993103623">
        <ele>864.74</ele>
      </trkpt>
      <trkpt lat="36.5410091355443" lon="137.80245143920183">
        <ele>864.79</ele>
      </trkpt>
      <trkpt lat="36.54101357795298" lon="137.80248681083322">
        <ele>864.82</ele>
      </trkpt>
      <trkpt lat="36.54103453271091" lon="137.80259083025157">
        <ele>864.83</ele>
      </trkpt>
      <trkpt lat="36.541069904342294" lon="137.8028453886509">
        <ele>864.85</ele>
      </trkpt>
      <trkpt lat="36.54107753187418" lon="137.80288235284388">
        <ele>864.82</ele>
      </trkpt>
      <trkpt lat="36.54109563678503" lon="137.80306189320982">
        <ele>864.82</ele>
      </trkpt>
      <trkpt lat="36.54110183939338" lon="137.80316683463752">
        <ele>864.76</ele>
      </trkpt>
      <trkpt lat="36.54109647497535" lon="137.80340496450663">
        <ele>864.73</ele>
      </trkpt>
      <trkpt lat="36.54108960181475" lon="137.80347210355103">
        <ele>864.61</ele>
      </trkpt>
      <trkpt lat="36.5409866720438" lon="137.80368567444384">
        <ele>864.45</ele>
      </trkpt>
      <trkpt lat="36.54086144641042" lon="137.8038758598268">
        <ele>864.21</ele>
      </trkpt>
      <trkpt lat="36.54071995988488" lon="137.80405674129725">
        <ele>863.95</ele>
      </trkpt>
      <trkpt lat="36.5406809002161" lon="137.80411415733397">
        <ele>863.7</ele>
      </trkpt>
      <trkpt lat="36.54056154191494" lon="137.80430073849857">
        <ele>863.44</ele>
      </trkpt>
      <trkpt lat="36.54052256606519" lon="137.80436117202044">
        <ele>863.15</ele>
      </trkpt>
      <trkpt lat="36.54042759910226" lon="137.80450073070824">
        <ele>862.84</ele>
      </trkpt>
      <trkpt lat="36.540406895801425" lon="137.8045273013413">
        <ele>862.51</ele>
      </trkpt>
      <trkpt lat="36.54026968404651" lon="137.80471933074296">
        <ele>862.16</ele>
      </trkpt>
      <trkpt lat="36.54023422859609" lon="137.80478093773127">
        <ele>861.79</ele>
      </trkpt>
      <trkpt lat="36.54019609093666" lon="137.80495092272758">
        <ele>861.37</ele>
      </trkpt>
      <trkpt lat="36.54018913395703" lon="137.80505578033626">
        <ele>860.97</ele>
      </trkpt>
      <trkpt lat="36.540166921913624" lon="137.8052271064371">
        <ele>860.54</ele>
      </trkpt>
      <trkpt lat="36.54015845619142" lon="137.8053003642708">
        <ele>860.11</ele>
      </trkpt>
      <trkpt lat="36.540158707648516" lon="137.80533246695995">
        <ele>859.69</ele>
      </trkpt>
      <trkpt lat="36.54017220251262" lon="137.80548308975995">
        <ele>859.23</ele>
      </trkpt>
      <trkpt lat="36.540166502818465" lon="137.80564486049116">
        <ele>858.77</ele>
      </trkpt>
      <trkpt lat="36.540175303816795" lon="137.80586823821068">
        <ele>858.23</ele>
      </trkpt>
      <trkpt lat="36.54018050059676" lon="137.80590377748013">
        <ele>857.79</ele>
      </trkpt>
      <trkpt lat="36.54019055888057" lon="137.80597887933254">
        <ele>857.35</ele>
      </trkpt>
      <trkpt lat="36.54019508510828" lon="137.80609253793955">
        <ele>856.9</ele>
      </trkpt>
      <trkpt lat="36.540203131735325" lon="137.8062097169459">
        <ele>856.46</ele>
      </trkpt>
      <trkpt lat="36.54020648449659" lon="137.80623922124505">
        <ele>856.07</ele>
      </trkpt>
      <trkpt lat="36.54020983725786" lon="137.8064647782594">
        <ele>855.67</ele>
      </trkpt>
      <trkpt lat="36.54021478258073" lon="137.8065646905452">
        <ele>855.31</ele>
      </trkpt>
      <trkpt lat="36.54021503403783" lon="137.80660081654787">
        <ele>854.96</ele>
      </trkpt>
      <trkpt lat="36.540230540558696" lon="137.8068472445011">
        <ele>854.63</ele>
      </trkpt>
      <trkpt lat="36.54023573733866" lon="137.80706349760294">
        <ele>854.34</ele>
      </trkpt>
      <trkpt lat="36.54023422859609" lon="137.80714061111212">
        <ele>854.03</ele>
      </trkpt>
      <trkpt lat="36.54022987000644" lon="137.80729986727238">
        <ele>853.73</ele>
      </trkpt>
      <trkpt lat="36.54022450558841" lon="137.80733892694116">
        <ele>853.44</ele>
      </trkpt>
      <trkpt lat="36.5402078256011" lon="137.8074154537171">
        <ele>853.16</ele>
      </trkpt>
      <trkpt lat="36.54017563909292" lon="137.8075163718313">
        <ele>852.89</ele>
      </trkpt>
      <trkpt lat="36.54012073762715" lon="137.80760714784265">
        <ele>852.63</ele>
      </trkpt>
      <trkpt lat="36.54010221362114" lon="137.80762927606702">
        <ele>852.39</ele>
      </trkpt>
      <trkpt lat="36.539940694347024" lon="137.80778132379055">
        <ele>852.2</ele>
      </trkpt>
      <trkpt lat="36.53989166021347" lon="137.80782566405833">
        <ele>851.98</ele>
      </trkpt>
      <trkpt lat="36.53976601548493" lon="137.80791644006968">
        <ele>851.78</ele>
      </trkpt>
      <trkpt lat="36.53970776125789" lon="137.80796421691775">
        <ele>851.53</ele>
      </trkpt>
      <trkpt lat="36.539654871448874" lon="137.80800277367234">
        <ele>851.29</ele>
      </trkpt>
      <trkpt lat="36.53949846513569" lon="137.80811056494713">
        <ele>851.05</ele>
      </trkpt>
      <trkpt lat="36.53946963138878" lon="137.80813076533377">
        <ele>850.83</ele>
      </trkpt>
      <trkpt lat="36.539415484294295" lon="137.8081702440977">
        <ele>850.59</ele>
      </trkpt>
      <trkpt lat="36.53924843296409" lon="137.80828960239887">
        <ele>850.26</ele>
      </trkpt>
      <trkpt lat="36.539091523736715" lon="137.80841616913676">
        <ele>849.97</ele>
      </trkpt>
      <trkpt lat="36.53902589343488" lon="137.8084601741284">
        <ele>849.75</ele>
      </trkpt>
      <trkpt lat="36.53886160813272" lon="137.8085824660957">
        <ele>849.48</ele>
      </trkpt>
      <trkpt lat="36.5388383064419" lon="137.80860300175846">
        <ele>849.27</ele>
      </trkpt>
      <trkpt lat="36.538756247609854" lon="137.80866963788867">
        <ele>849.1</ele>
      </trkpt>
      <trkpt lat="36.538679637014866" lon="137.80872344970703">
        <ele>848.94</ele>
      </trkpt>
      <trkpt lat="36.538573019206524" lon="137.80882101505995">
        <ele>848.79</ele>
      </trkpt>
      <trkpt lat="36.538529517129064" lon="137.80886258929968">
        <ele>848.62</ele>
      </trkpt>
      <trkpt lat="36.53838375583291" lon="137.8090124577284">
        <ele>848.53</ele>
      </trkpt>
      <trkpt lat="36.53835182078183" lon="137.80904464423656">
        <ele>848.38</ele>
      </trkpt>
      <trkpt lat="36.538318460807204" lon="137.80909719876945">
        <ele>848.23</ele>
      </trkpt>
      <trkpt lat="36.53824897482991" lon="137.80916634947062">
        <ele>848.07</ele>
      </trkpt>
      <trkpt lat="36.538117211312056" lon="137.80931822955608">
        <ele>847.89</ele>
      </trkpt>
      <trkpt lat="36.538002798333764" lon="137.80943733640015">
        <ele>847.67</ele>
      </trkpt>
      <trkpt lat="36.53787178918719" lon="137.80957957729697">
        <ele>847.42</ele>
      </trkpt>
      <trkpt lat="36.53785016387701" lon="137.8096028789878">
        <ele>847.26</ele>
      </trkpt>
      <trkpt lat="36.53771915473044" lon="137.8097390010953">
        <ele>847.09</ele>
      </trkpt>
      <trkpt lat="36.5375900734216" lon="137.8099031187594">
        <ele>846.9</ele>
      </trkpt>
      <trkpt lat="36.5375451464206" lon="137.80995642766356">
        <ele>846.75</ele>
      </trkpt>
      <trkpt lat="36.537458058446646" lon="137.81003354117274">
        <ele>846.6</ele>
      </trkpt>
      <trkpt lat="36.537312883883715" lon="137.81017972156405">
        <ele>846.48</ele>
      </trkpt>
      <trkpt lat="36.53727273456752" lon="137.81024686060846">
        <ele>846.33</ele>
      </trkpt>
      <trkpt lat="36.53718011453748" lon="137.8104472719133">
        <ele>846.19</ele>
      </trkpt>
      <trkpt lat="36.53712496161461" lon="137.81054634600878">
        <ele>846.03</ele>
      </trkpt>
      <trkpt lat="36.53702429495752" lon="137.81074801459908">
        <ele>845.85</ele>
      </trkpt>
      <trkpt lat="36.53700887225568" lon="137.8107797820121">
        <ele>845.69</ele>
      </trkpt>
      <trkpt lat="36.53699118643999" lon="137.810811214149">
        <ele>845.52</ele>
      </trkpt>
      <trkpt lat="36.536974338814616" lon="137.81084314920008">
        <ele>845.35</ele>
      </trkpt>
      <trkpt lat="36.53695589862764" lon="137.8108770120889">
        <ele>845.17</ele>
      </trkpt>
      <trkpt lat="36.53686369769275" lon="137.81104599125683">
        <ele>844.98</ele>
      </trkpt>
      <trkpt lat="36.5367351192981" lon="137.81124883331358">
        <ele>844.78</ele>
      </trkpt>
      <trkpt lat="36.53669119812548" lon="137.8113228455186">
        <ele>844.59</ele>
      </trkpt>
      <trkpt lat="36.53661768883467" lon="137.81150238588452">
        <ele>844.39</ele>
      </trkpt>
      <trkpt lat="36.53656463138759" lon="137.81159316189587">
        <ele>844.16</ele>
      </trkpt>
      <trkpt lat="36.536511071026325" lon="137.8116883803159">
        <ele>843.93</ele>
      </trkpt>
      <trkpt lat="36.53641995973885" lon="137.81183179467916">
        <ele>843.67</ele>
      </trkpt>
      <trkpt lat="36.536401184275746" lon="137.81186289153993">
        <ele>843.42</ele>
      </trkpt>
      <trkpt lat="36.53630663640797" lon="137.81203363090754">
        <ele>843.17</ele>
      </trkpt>
      <trkpt lat="36.53624310158193" lon="137.81218106858432">
        <ele>842.94</ele>
      </trkpt>
      <trkpt lat="36.536172442138195" lon="137.81231082044542">
        <ele>842.68</ele>
      </trkpt>
      <trkpt lat="36.536160204559565" lon="137.8123377263546">
        <ele>842.4</ele>
      </trkpt>
      <trkpt lat="36.53614184819162" lon="137.81236982904375">
        <ele>842.1</ele>
      </trkpt>
      <trkpt lat="36.536123072728515" lon="137.81240075826645">
        <ele>841.79</ele>
      </trkpt>
      <trkpt lat="36.53603489510715" lon="137.81255456618965">
        <ele>841.47</ele>
      </trkpt>
      <trkpt lat="36.536010671406984" lon="137.81259136274457">
        <ele>841.15</ele>
      </trkpt>
      <trkpt lat="36.53589726425707" lon="137.81280225142837">
        <ele>840.75</ele>
      </trkpt>
      <trkpt lat="36.53585853986442" lon="137.81287492252886">
        <ele>840.39</ele>
      </trkpt>
      <trkpt lat="36.53582224622369" lon="137.81293854117393">
        <ele>840.02</ele>
      </trkpt>
      <trkpt lat="36.535755693912506" lon="137.8130547143519">
        <ele>839.62</ele>
      </trkpt>
      <trkpt lat="36.53564639389515" lon="137.81323333270848">
        <ele>839.23</ele>
      </trkpt>
      <trkpt lat="36.53562937863171" lon="137.81326225027442">
        <ele>838.86</ele>
      </trkpt>
      <trkpt lat="36.535613872110844" lon="137.81329058110714">
        <ele>838.5</ele>
      </trkpt>
      <trkpt lat="36.535594342276454" lon="137.8133200854063">
        <ele>838.14</ele>
      </trkpt>
      <trkpt lat="36.53547691181302" lon="137.81351253390312">
        <ele>837.74</ele>
      </trkpt>
      <trkpt lat="36.535460483282804" lon="137.81354530714452">
        <ele>837.39</ele>
      </trkpt>
      <trkpt lat="36.53535420075059" lon="137.81373557634652">
        <ele>836.97</ele>
      </trkpt>
      <trkpt lat="36.53531757183373" lon="137.8138000331819">
        <ele>836.62</ele>
      </trkpt>
      <trkpt lat="36.53521304950118" lon="137.81399801373482">
        <ele>836.25</ele>
      </trkpt>
      <trkpt lat="36.53517097234726" lon="137.81406951136887">
        <ele>835.94</ele>
      </trkpt>
      <trkpt lat="36.53506217524409" lon="137.81428065150976">
        <ele>835.65</ele>
      </trkpt>
      <trkpt lat="36.53496486134827" lon="137.8144697472453">
        <ele>835.41</ele>
      </trkpt>
      <trkpt lat="36.53492672368884" lon="137.8145392332226">
        <ele>835.14</ele>
      </trkpt>
      <trkpt lat="36.5349028352648" lon="137.814566725865">
        <ele>834.89</ele>
      </trkpt>
      <trkpt lat="36.534883892163634" lon="137.81460117548704">
        <ele>834.65</ele>
      </trkpt>
      <trkpt lat="36.53480703011155" lon="137.8147157561034">
        <ele>834.41</ele>
      </trkpt>
      <trkpt lat="36.5346974786371" lon="137.81489638611674">
        <ele>834.17</ele>
      </trkpt>
      <trkpt lat="36.53464173898101" lon="137.8149850666523">
        <ele>833.96</ele>
      </trkpt>
      <trkpt lat="36.53460720553994" lon="137.81505128368735">
        <ele>833.75</ele>
      </trkpt>
      <trkpt lat="36.53450092300773" lon="137.81524767167866">
        <ele>833.56</ele>
      </trkpt>
      <trkpt lat="36.534440238028765" lon="137.8153389506042">
        <ele>833.41</ele>
      </trkpt>
      <trkpt lat="36.53432993218303" lon="137.81552142463624">
        <ele>833.29</ele>
      </trkpt>
      <trkpt lat="36.53431409038603" lon="137.81555419787765">
        <ele>833.14</ele>
      </trkpt>
      <trkpt lat="36.5342156868428" lon="137.81575167551637">
        <ele>833.05</ele>
      </trkpt>
      <trkpt lat="36.534201856702566" lon="137.8157765697688">
        <ele>832.89</ele>
      </trkpt>
      <trkpt lat="36.534089958295226" lon="137.8159867040813">
        <ele>832.74</ele>
      </trkpt>
      <trkpt lat="36.534035727381706" lon="137.81607982702553">
        <ele>832.56</ele>
      </trkpt>
      <trkpt lat="36.53391955420375" lon="137.81626573763788">
        <ele>832.36</ele>
      </trkpt>
      <trkpt lat="36.53380321338773" lon="137.81643907539546">
        <ele>832.15</ele>
      </trkpt>
      <trkpt lat="36.533720064908266" lon="137.8165876865387">
        <ele>831.92</ele>
      </trkpt>
      <trkpt lat="36.533702882006764" lon="137.81661928631365">
        <ele>831.73</ele>
      </trkpt>
      <trkpt lat="36.53366642072797" lon="137.81667829491198">
        <ele>831.52</ele>
      </trkpt>
      <trkpt lat="36.53364999219775" lon="137.8167098108679">
        <ele>831.33</ele>
      </trkpt>
      <trkpt lat="36.53354396112263" lon="137.8169248905033">
        <ele>831.11</ele>
      </trkpt>
      <trkpt lat="36.53352585621178" lon="137.8169574122876">
        <ele>830.92</ele>
      </trkpt>
      <trkpt lat="36.53340641409159" lon="137.81715765595436">
        <ele>830.7</ele>
      </trkpt>
      <trkpt lat="36.533363331109285" lon="137.81725329346955">
        <ele>830.48</ele>
      </trkpt>
      <trkpt lat="36.533253360539675" lon="137.81745018437505">
        <ele>830.25</ele>
      </trkpt>
      <trkpt lat="36.533129811286926" lon="137.81762595288455">
        <ele>830.03</ele>
      </trkpt>
      <trkpt lat="36.53308471664786" lon="137.8176873922348">
        <ele>829.85</ele>
      </trkpt>
      <trkpt lat="36.53304926119745" lon="137.8177655953914">
        <ele>829.67</ele>
      </trkpt>
      <trkpt lat="36.533037358894944" lon="137.81778881326318">
        <ele>829.5</ele>
      </trkpt>
      <trkpt lat="36.53305328451097" lon="137.81785645522177">
        <ele>829.34</ele>
      </trkpt>
      <trkpt lat="36.53311422094703" lon="137.81800649128854">
        <ele>829.21</ele>
      </trkpt>
      <trkpt lat="36.533115142956376" lon="137.81804144382477">
        <ele>829.06</ele>
      </trkpt>
      <trkpt lat="36.53311782516539" lon="137.81825384125113">
        <ele>828.95</ele>
      </trkpt>
      <trkpt lat="36.53308220207691" lon="137.81839080154896">
        <ele>828.82</ele>
      </trkpt>
      <trkpt lat="36.533073987811804" lon="137.81842458061874">
        <ele>828.67</ele>
      </trkpt>
      <trkpt lat="36.533071137964725" lon="137.8184630535543">
        <ele>828.52</ele>
      </trkpt>
      <trkpt lat="36.533065773546696" lon="137.81849993392825">
        <ele>828.37</ele>
      </trkpt>
      <trkpt lat="36.53306585736573" lon="137.81853673048317">
        <ele>828.21</ele>
      </trkpt>
      <trkpt lat="36.533056888729334" lon="137.81857226975262">
        <ele>828.04</ele>
      </trkpt>
      <trkpt lat="36.53304724954069" lon="137.81865617260337">
        <ele>827.87</ele>
      </trkpt>
      <trkpt lat="36.53300257399678" lon="137.818893045187">
        <ele>827.75</ele>
      </trkpt>
      <trkpt lat="36.53299989178777" lon="137.81897594220936">
        <ele>827.54</ele>
      </trkpt>
      <trkpt lat="36.53300039470196" lon="137.81901181675494">
        <ele>827.32</ele>
      </trkpt>
      <trkpt lat="36.532963681966066" lon="137.81924022361636">
        <ele>827.08</ele>
      </trkpt>
      <trkpt lat="36.53295571915805" lon="137.8192781098187">
        <ele>826.8</ele>
      </trkpt>
      <trkpt lat="36.53291414491832" lon="137.81948262825608">
        <ele>826.41</ele>
      </trkpt>
      <trkpt lat="36.53286946937442" lon="137.8196243662387">
        <ele>826.05</ele>
      </trkpt>
      <trkpt lat="36.532856561243534" lon="137.81972964294255">
        <ele>825.69</ele>
      </trkpt>
      <trkpt lat="36.532804258167744" lon="137.8199613187462">
        <ele>825.29</ele>
      </trkpt>
      <trkpt lat="36.53279294259846" lon="137.81999551691115">
        <ele>824.97</ele>
      </trkpt>
      <trkpt lat="36.532742818817496" lon="137.8202448785305">
        <ele>824.6</ele>
      </trkpt>
      <trkpt lat="36.53267836198211" lon="137.82049449160695">
        <ele>824.19</ele>
      </trkpt>
      <trkpt lat="36.53262882493436" lon="137.8206217288971">
        <ele>823.87</ele>
      </trkpt>
      <trkpt lat="36.53260661289096" lon="137.82065827399492">
        <ele>823.58</ele>
      </trkpt>
      <trkpt lat="36.5325699839741" lon="137.82077008858323">
        <ele>823.3</ele>
      </trkpt>
      <trkpt lat="36.532480381429195" lon="137.82100528478622">
        <ele>823.06</ele>
      </trkpt>
      <trkpt lat="36.53244869783521" lon="137.8211217932403">
        <ele>822.8</ele>
      </trkpt>
      <trkpt lat="36.532427072525024" lon="137.8212364576757">
        <ele>822.47</ele>
      </trkpt>
      <trkpt lat="36.5324145834893" lon="137.8213196899742">
        <ele>822.16</ele>
      </trkpt>
      <trkpt lat="36.532383151352406" lon="137.82154960557818">
        <ele>821.79</ele>
      </trkpt>
      <trkpt lat="36.53238097205758" lon="137.82158422283828">
        <ele>821.5</ele>
      </trkpt>
      <trkpt lat="36.532382648438215" lon="137.82183383591473">
        <ele>821.15</ele>
      </trkpt>
      <trkpt lat="36.53239253908396" lon="137.82187239266932">
        <ele>820.88</ele>
      </trkpt>
      <trkpt lat="36.53239153325558" lon="137.82203684560955">
        <ele>820.61</ele>
      </trkpt>
      <trkpt lat="36.53238390572369" lon="137.8222830221057">
        <ele>820.37</ele>
      </trkpt>
      <trkpt lat="36.5323749370873" lon="137.8223308827728">
        <ele>820.14</ele>
      </trkpt>
      <trkpt lat="36.532317604869604" lon="137.8225523326546">
        <ele>819.97</ele>
      </trkpt>
      <trkpt lat="36.532273683696985" lon="137.82269130460918">
        <ele>819.79</ele>
      </trkpt>
      <trkpt lat="36.532207718119025" lon="137.82286162488163">
        <ele>819.55</ele>
      </trkpt>
      <trkpt lat="36.53218450024724" lon="137.8229408338666">
        <ele>819.31</ele>
      </trkpt>
      <trkpt lat="36.53214887715876" lon="137.82303923740983">
        <ele>819.06</ele>
      </trkpt>
      <trkpt lat="36.53208768926561" lon="137.82315935008228">
        <ele>818.79</ele>
      </trkpt>
      <trkpt lat="36.53201300650835" lon="137.82328331843019">
        <ele>818.52</ele>
      </trkpt>
      <trkpt lat="36.53197201900184" lon="137.8233517985791">
        <ele>818.29</ele>
      </trkpt>
      <trkpt lat="36.53195098042488" lon="137.82338557764888">
        <ele>818.05</ele>
      </trkpt>
      <trkpt lat="36.53183614835143" lon="137.82357182353735">
        <ele>817.8</ele>
      </trkpt>
      <trkpt lat="36.531824078410864" lon="137.82359621487558">
        <ele>817.55</ele>
      </trkpt>
      <trkpt lat="36.53177194297314" lon="137.82376393675804">
        <ele>817.31</ele>
      </trkpt>
      <trkpt lat="36.531707318499684" lon="137.82398857176304">
        <ele>817.03</ele>
      </trkpt>
      <trkpt lat="36.531682005152106" lon="137.8240754082799">
        <ele>816.74</ele>
      </trkpt>
      <trkpt lat="36.53166758827865" lon="137.82412796281278">
        <ele>816.45</ele>
      </trkpt>
      <trkpt lat="36.531646214425564" lon="137.82420985400677">
        <ele>816.15</ele>
      </trkpt>
      <trkpt lat="36.53158888220787" lon="137.82444404438138">
        <ele>815.77</ele>
      </trkpt>
      <trkpt lat="36.53157974593341" lon="137.82448302023113">
        <ele>815.48</ele>
      </trkpt>
      <trkpt lat="36.531511852517724" lon="137.82471385784447">
        <ele>815.17</ele>
      </trkpt>
      <trkpt lat="36.53149860911071" lon="137.82474981620908">
        <ele>814.89</ele>
      </trkpt>
      <trkpt lat="36.53146960772574" lon="137.82486305572093">
        <ele>814.62</ele>
      </trkpt>
      <trkpt lat="36.531401462852955" lon="137.825109064579">
        <ele>814.33</ele>
      </trkpt>
      <trkpt lat="36.531389812007546" lon="137.8251349646598">
        <ele>814.03</ele>
      </trkpt>
      <trkpt lat="36.53133097104728" lon="137.82536848448217">
        <ele>813.74</ele>
      </trkpt>
      <trkpt lat="36.531317476183176" lon="137.82541592605412">
        <ele>813.43</ele>
      </trkpt>
      <trkpt lat="36.5313075017184" lon="137.82545557245612">
        <ele>813.11</ele>
      </trkpt>
      <trkpt lat="36.53126777149737" lon="137.82568213529885">
        <ele>812.75</ele>
      </trkpt>
      <trkpt lat="36.531262658536434" lon="137.82572119496763">
        <ele>812.42</ele>
      </trkpt>
      <trkpt lat="36.53124111704528" lon="137.82583745196462">
        <ele>812.06</ele>
      </trkpt>
      <trkpt lat="36.531216725707054" lon="137.8259605821222">
        <ele>811.69</ele>
      </trkpt>
      <trkpt lat="36.5311798453331" lon="137.82618613913655">
        <ele>811.34</ele>
      </trkpt>
      <trkpt lat="36.53117171488702" lon="137.82622603699565">
        <ele>811.01</ele>
      </trkpt>
      <trkpt lat="36.531153190881014" lon="137.8263823594898">
        <ele>810.67</ele>
      </trkpt>
      <trkpt lat="36.53114262968302" lon="137.8265007957816">
        <ele>810.34</ele>
      </trkpt>
      <trkpt lat="36.531130224466324" lon="137.8266236744821">
        <ele>809.98</ele>
      </trkpt>
      <trkpt lat="36.531118489801884" lon="137.82679759897292">
        <ele>809.61</ele>
      </trkpt>
      <trkpt lat="36.531111197546124" lon="137.82683707773685">
        <ele>809.26</ele>
      </trkpt>
      <trkpt lat="36.53107590973377" lon="137.82703681848943">
        <ele>808.85</ele>
      </trkpt>
      <trkpt lat="36.53107473626733" lon="137.82707705162466">
        <ele>808.5</ele>
      </trkpt>
      <trkpt lat="36.531075071543455" lon="137.82711854204535">
        <ele>808.16</ele>
      </trkpt>
      <trkpt lat="36.53108269907534" lon="137.82727955840528">
        <ele>807.79</ele>
      </trkpt>
      <trkpt lat="36.531092589721084" lon="137.82732632942498">
        <ele>807.44</ele>
      </trkpt>
      <trkpt lat="36.53113927692175" lon="137.82755213789642">
        <ele>807.12</ele>
      </trkpt>
      <trkpt lat="36.531152687966824" lon="137.82761248759925">
        <ele>806.78</ele>
      </trkpt>
      <trkpt lat="36.531157633289695" lon="137.82767987810075">
        <ele>806.45</ele>
      </trkpt>
      <trkpt lat="36.53116366825998" lon="137.82771868631244">
        <ele>806.11</ele>
      </trkpt>
      <trkpt lat="36.53118713758886" lon="137.8278176765889">
        <ele>805.79</ele>
      </trkpt>
      <trkpt lat="36.531197698786855" lon="137.8278515394777">
        <ele>805.43</ele>
      </trkpt>
      <trkpt lat="36.5312644187361" lon="137.8279755078256">
        <ele>805.04</ele>
      </trkpt>
      <trkpt lat="36.531296353787184" lon="137.82804122194648">
        <ele>804.64</ele>
      </trkpt>
      <trkpt lat="36.531382435932755" lon="137.82824439927936">
        <ele>804.16</ele>
      </trkpt>
      <trkpt lat="36.53139282949269" lon="137.8282806929201">
        <ele>803.74</ele>
      </trkpt>
      <trkpt lat="36.53141898103058" lon="137.82838840037584">
        <ele>803.27</ele>
      </trkpt>
      <trkpt lat="36.531483102589846" lon="137.8286189865321">
        <ele>802.8</ele>
      </trkpt>
      <trkpt lat="36.53148863464594" lon="137.8286607284099">
        <ele>802.38</ele>
      </trkpt>
      <trkpt lat="36.531497184187174" lon="137.82869920134544">
        <ele>801.96</ele>
      </trkpt>
      <trkpt lat="36.531511433422565" lon="137.8289350681007">
        <ele>801.56</ele>
      </trkpt>
      <trkpt lat="36.531512858346105" lon="137.82897253520787">
        <ele>801.14</ele>
      </trkpt>
      <trkpt lat="36.53152375482023" lon="137.8292139340192">
        <ele>800.75</ele>
      </trkpt>
      <trkpt lat="36.53153263963759" lon="137.82929616048932">
        <ele>800.34</ele>
      </trkpt>
      <trkpt lat="36.53154579922557" lon="137.82955558039248">
        <ele>799.94</ele>
      </trkpt>
      <trkpt lat="36.53154697269201" lon="137.82959095202386">
        <ele>799.51</ele>
      </trkpt>
      <trkpt lat="36.53155024163425" lon="137.82983344048262">
        <ele>799.05</ele>
      </trkpt>
      <trkpt lat="36.53154915198684" lon="137.8299279883504">
        <ele>798.59</ele>
      </trkpt>
      <trkpt lat="36.53155267238617" lon="137.8299607615918">
        <ele>798.16</ele>
      </trkpt>
      <trkpt lat="36.531567089259624" lon="137.83019620925188">
        <ele>797.65</ele>
      </trkpt>
      <trkpt lat="36.531584775075316" lon="137.8304459899664">
        <ele>797.15</ele>
      </trkpt>
      <trkpt lat="36.53159852139652" lon="137.83069803379476">
        <ele>796.71</ele>
      </trkpt>
      <trkpt lat="36.5315992757678" lon="137.83077514730394">
        <ele>796.33</ele>
      </trkpt>
      <trkpt lat="36.531597850844264" lon="137.83081462606788">
        <ele>795.94</ele>
      </trkpt>
      <trkpt lat="36.53159726411104" lon="137.8309359960258">
        <ele>795.55</ele>
      </trkpt>
      <trkpt lat="36.53161277063191" lon="137.83109759911895">
        <ele>795.2</ele>
      </trkpt>
      <trkpt lat="36.531616961583495" lon="137.8311363235116">
        <ele>794.84</ele>
      </trkpt>
      <trkpt lat="36.53162157163024" lon="137.8311767242849">
        <ele>794.49</ele>
      </trkpt>
      <trkpt lat="36.531624337658286" lon="137.83137638121843">
        <ele>794.14</ele>
      </trkpt>
      <trkpt lat="36.53162903152406" lon="137.83148878253996">
        <ele>793.79</ele>
      </trkpt>
      <trkpt lat="36.53164663352072" lon="137.83164334483445">
        <ele>793.37</ele>
      </trkpt>
      <trkpt lat="36.53166951611638" lon="137.83188004978">
        <ele>792.97</ele>
      </trkpt>
      <trkpt lat="36.53168007731438" lon="137.83195741474628">
        <ele>792.62</ele>
      </trkpt>
      <trkpt lat="36.5317152813077" lon="137.8321987297386">
        <ele>792.27</ele>
      </trkpt>
      <trkpt lat="36.53171989135444" lon="137.83223552629352">
        <ele>791.96</ele>
      </trkpt>
      <trkpt lat="36.53174411505461" lon="137.83234952017665">
        <ele>791.64</ele>
      </trkpt>
      <trkpt lat="36.531747383996844" lon="137.83237944357097">
        <ele>791.34</ele>
      </trkpt>
      <trkpt lat="36.53175367042422" lon="137.832495784387">
        <ele>791.05</ele>
      </trkpt>
      <trkpt lat="36.53177194297314" lon="137.8326504305005">
        <ele>790.77</ele>
      </trkpt>
      <trkpt lat="36.531787449494004" lon="137.83279937691987">
        <ele>790.46</ele>
      </trkpt>
      <trkpt lat="36.531791388988495" lon="137.83287154510617">
        <ele>790.17</ele>
      </trkpt>
      <trkpt lat="36.53181024827063" lon="137.83310565166175">
        <ele>789.88</ele>
      </trkpt>
      <trkpt lat="36.53181024827063" lon="137.83314236439764">
        <ele>789.62</ele>
      </trkpt>
      <trkpt lat="36.531809912994504" lon="137.8331779036671">
        <ele>789.36</ele>
      </trkpt>
      <trkpt lat="36.531835393980145" lon="137.83337605185807">
        <ele>789.09</ele>
      </trkpt>
      <trkpt lat="36.53184494934976" lon="137.83345660194755">
        <ele>788.82</ele>
      </trkpt>
      <trkpt lat="36.53185467235744" lon="137.83353966660798">
        <ele>788.55</ele>
      </trkpt>
      <trkpt lat="36.53185777366161" lon="137.83357948064804">
        <ele>788.3</ele>
      </trkpt>
      <trkpt lat="36.53188727796078" lon="137.83377511426806">
        <ele>788.03</ele>
      </trkpt>
      <trkpt lat="36.53190647251904" lon="137.8339033573866">
        <ele>787.76</ele>
      </trkpt>
      <trkpt lat="36.531916949898005" lon="137.8340082988143">
        <ele>787.51</ele>
      </trkpt>
      <trkpt lat="36.53193572536111" lon="137.83408398739994">
        <ele>787.29</ele>
      </trkpt>
      <trkpt lat="36.53194620274007" lon="137.83415297046304">
        <ele>787.06</ele>
      </trkpt>
      <trkpt lat="36.53195575810969" lon="137.83427241258323">
        <ele>786.84</ele>
      </trkpt>
      <trkpt lat="36.53196363709867" lon="137.83435095101595">
        <ele>786.63</ele>
      </trkpt>
      <trkpt lat="36.531988363713026" lon="137.8345482610166">
        <ele>786.43</ele>
      </trkpt>
      <trkpt lat="36.532002026215196" lon="137.8346677031368">
        <ele>786.21</ele>
      </trkpt>
      <trkpt lat="36.532033290714025" lon="137.83490172587335">
        <ele>785.98</ele>
      </trkpt>
      <trkpt lat="36.532077714800835" lon="137.8351286239922">
        <ele>785.72</ele>
      </trkpt>
      <trkpt lat="36.53208676725626" lon="137.83516474999487">
        <ele>785.48</ele>
      </trkpt>
      <trkpt lat="36.53210428543389" lon="137.83523993566632">
        <ele>785.24</ele>
      </trkpt>
      <trkpt lat="36.532152481377125" lon="137.8354224935174">
        <ele>784.99</ele>
      </trkpt>
      <trkpt lat="36.5322039462626" lon="137.83556532114744">
        <ele>784.72</ele>
      </trkpt>
      <trkpt lat="36.53223378583789" lon="137.83567495644093">
        <ele>784.44</ele>
      </trkpt>
      <trkpt lat="36.53224937617779" lon="137.83578475937247">
        <ele>784.13</ele>
      </trkpt>
      <trkpt lat="36.532289357855916" lon="137.8359294310212">
        <ele>783.81</ele>
      </trkpt>
      <trkpt lat="36.53234476223588" lon="137.83613730221987">
        <ele>783.43</ele>
      </trkpt>
      <trkpt lat="36.53238055296242" lon="137.83627996221185">
        <ele>783.1</ele>
      </trkpt>
      <trkpt lat="36.532392958179116" lon="137.83631273545325">
        <ele>782.8</ele>
      </trkpt>
      <trkpt lat="36.532463785260916" lon="137.83652856945992">
        <ele>782.48</ele>
      </trkpt>
      <trkpt lat="36.53249680995941" lon="137.83663803711534">
        <ele>782.19</ele>
      </trkpt>
      <trkpt lat="36.532555567100644" lon="137.83678270876408">
        <ele>781.91</ele>
      </trkpt>
      <trkpt lat="36.532641649246216" lon="137.8370140492916">
        <ele>781.6</ele>
      </trkpt>
      <trkpt lat="36.5327148232609" lon="137.83718436956406">
        <ele>781.25</ele>
      </trkpt>
      <trkpt lat="36.53276930563152" lon="137.83729291521013">
        <ele>780.91</ele>
      </trkpt>
      <trkpt lat="36.53278254903853" lon="137.83733348362148">
        <ele>780.6</ele>
      </trkpt>
      <trkpt lat="36.53280962258577" lon="137.837448483333">
        <ele>780.27</ele>
      </trkpt>
      <trkpt lat="36.53285253793001" lon="137.837567422539">
        <ele>779.94</ele>
      </trkpt>
      <trkpt lat="36.53291305527091" lon="137.83770128153265">
        <ele>779.63</ele>
      </trkpt>
      <trkpt lat="36.532957311719656" lon="137.83780588768423">
        <ele>779.34</ele>
      </trkpt>
      <trkpt lat="36.53297943994403" lon="137.83788392320275">
        <ele>779.06</ele>
      </trkpt>
      <trkpt lat="36.53302302584052" lon="137.83802742138505">
        <ele>778.77</ele>
      </trkpt>
      <trkpt lat="36.533046746626496" lon="137.83809296786785">
        <ele>778.51</ele>
      </trkpt>
      <trkpt lat="36.53312620706856" lon="137.83829748630524">
        <ele>778.25</ele>
      </trkpt>
      <trkpt lat="36.53313601389527" lon="137.83832984045148">
        <ele>778.01</ele>
      </trkpt>
      <trkpt lat="36.53324791230261" lon="137.83844316378236">
        <ele>777.78</ele>
      </trkpt>
      <trkpt lat="36.53337330557406" lon="137.8384784515947">
        <ele>777.55</ele>
      </trkpt>
      <trkpt lat="36.53355401940644" lon="137.83851457759738">
        <ele>777.33</ele>
      </trkpt>
      <trkpt lat="36.53364093974233" lon="137.8385296650231">
        <ele>777.13</ele>
      </trkpt>
      <trkpt lat="36.533812349662185" lon="137.83856277354062">
        <ele>776.9</ele>
      </trkpt>
      <trkpt lat="36.53384302742779" lon="137.83857341855764">
        <ele>776.71</ele>
      </trkpt>
      <trkpt lat="36.533872447907925" lon="137.8385809622705">
        <ele>776.53</ele>
      </trkpt>
      <trkpt lat="36.533903712406754" lon="137.838590182364">
        <ele>776.36</ele>
      </trkpt>
      <trkpt lat="36.53393380343914" lon="137.8385968040675">
        <ele>776.21</ele>
      </trkpt>
      <trkpt lat="36.53396590612829" lon="137.8386047668755">
        <ele>776.06</ele>
      </trkpt>
      <trkpt lat="36.53399490751326" lon="137.8386126458645">
        <ele>775.93</ele>
      </trkpt>
      <trkpt lat="36.53402659110725" lon="137.83862555399537">
        <ele>775.8</ele>
      </trkpt>
      <trkpt lat="36.53405693359673" lon="137.8386332653463">
        <ele>775.68</ele>
      </trkpt>
      <trkpt lat="36.53408769518137" lon="137.83863980323076">
        <ele>775.57</ele>
      </trkpt>
      <trkpt lat="36.53411543928087" lon="137.83864977769554">
        <ele>775.47</ele>
      </trkpt>
      <trkpt lat="36.534144608303905" lon="137.83866276964545">
        <ele>775.37</ele>
      </trkpt>
      <trkpt lat="36.534172939136624" lon="137.8386729117483">
        <ele>775.28</ele>
      </trkpt>
      <trkpt lat="36.53431308455765" lon="137.8387104626745">
        <ele>775.17</ele>
      </trkpt>
      <trkpt lat="36.53437888249755" lon="137.83873192034662">
        <ele>775.08</ele>
      </trkpt>
      <trkpt lat="36.534568313509226" lon="137.8387881629169">
        <ele>775.01</ele>
      </trkpt>
      <trkpt lat="36.53465338982642" lon="137.83881473354995">
        <ele>774.94</ele>
      </trkpt>
      <trkpt lat="36.534681133925915" lon="137.8388301562518">
        <ele>774.86</ele>
      </trkpt>
      <trkpt lat="36.53471063822508" lon="137.838846584782">
        <ele>774.79</ele>
      </trkpt>
      <trkpt lat="36.534740813076496" lon="137.838865108788">
        <ele>774.71</ele>
      </trkpt>
      <trkpt lat="36.53476897627115" lon="137.8388798609376">
        <ele>774.62</ele>
      </trkpt>
      <trkpt lat="36.53479806147516" lon="137.83889402635396">
        <ele>774.53</ele>
      </trkpt>
      <trkpt lat="36.53482597321272" lon="137.83891162835062">
        <ele>774.43</ele>
      </trkpt>
      <trkpt lat="36.53488213196397" lon="137.83894599415362">
        <ele>774.33</ele>
      </trkpt>
      <trkpt lat="36.53494197875261" lon="137.8389795217663">
        <ele>774.22</ele>
      </trkpt>
      <trkpt lat="36.53508388437331" lon="137.83905420452356">
        <ele>774.09</ele>
      </trkpt>
      <trkpt lat="36.53511439450085" lon="137.83906518481672">
        <ele>773.95</ele>
      </trkpt>
      <trkpt lat="36.535142473876476" lon="137.83907935023308">
        <ele>773.79</ele>
      </trkpt>
      <trkpt lat="36.535170804709196" lon="137.83908689394593">
        <ele>773.63</ele>
      </trkpt>
      <trkpt lat="36.53525345027447" lon="137.83911413513124">
        <ele>773.46</ele>
      </trkpt>
      <trkpt lat="36.535283122211695" lon="137.8391232714057">
        <ele>773.27</ele>
      </trkpt>
      <trkpt lat="36.535345232114196" lon="137.83914607018232">
        <ele>773.06</ele>
      </trkpt>
      <trkpt lat="36.53550113551319" lon="137.83919158391654">
        <ele>772.81</ele>
      </trkpt>
      <trkpt lat="36.53553223237395" lon="137.83920533023775">
        <ele>772.59</ele>
      </trkpt>
      <trkpt lat="36.535569364205" lon="137.83921807073057">
        <ele>772.37</ele>
      </trkpt>
      <trkpt lat="36.535624684765935" lon="137.83924154005945">
        <ele>772.12</ele>
      </trkpt>
      <trkpt lat="36.535809924826026" lon="137.83932988531888">
        <ele>771.81</ele>
      </trkpt>
      <trkpt lat="36.53592919930816" lon="137.83938118256629">
        <ele>771.55</ele>
      </trkpt>
      <trkpt lat="36.535958955064416" lon="137.8393925819546">
        <ele>771.32</ele>
      </trkpt>
      <trkpt lat="36.536098178476095" lon="137.83945670351386">
        <ele>771.07</ele>
      </trkpt>
      <trkpt lat="36.53624888509512" lon="137.83952543511987">
        <ele>770.88</ele>
      </trkpt>
      <trkpt lat="36.536338152363896" lon="137.83957036212087">
        <ele>770.69</ele>
      </trkpt>
      <trkpt lat="36.53640244156122" lon="137.83960070461035">
        <ele>770.5</ele>
      </trkpt>
      <trkpt lat="36.536495396867394" lon="137.8396309632808">
        <ele>770.3</ele>
      </trkpt>
      <trkpt lat="36.53664560057223" lon="137.83968360163271">
        <ele>770.11</ele>
      </trkpt>
      <trkpt lat="36.536728078499436" lon="137.8397084120661">
        <ele>769.9</ele>
      </trkpt>
      <trkpt lat="36.53675992973149" lon="137.83970807678998">
        <ele>769.7</ele>
      </trkpt>
      <trkpt lat="36.53682011179626" lon="137.83971092663705">
        <ele>769.49</ele>
      </trkpt>
      <trkpt lat="36.536850119009614" lon="137.83971302211285">
        <ele>769.3</ele>
      </trkpt>
      <trkpt lat="36.53697366826236" lon="137.83973230049014">
        <ele>769.1</ele>
      </trkpt>
      <trkpt lat="36.53714943677187" lon="137.83977219834924">
        <ele>768.87</ele>
      </trkpt>
      <trkpt lat="36.5371822938323" lon="137.8397861123085">
        <ele>768.71</ele>
      </trkpt>
      <trkpt lat="36.5372187551111" lon="137.83980597741902">
        <ele>768.55</ele>
      </trkpt>
      <trkpt lat="36.53738756664097" lon="137.8398965857923">
        <ele>768.4</ele>
      </trkpt>
      <trkpt lat="36.53747876174748" lon="137.83994939178228">
        <ele>768.28</ele>
      </trkpt>
      <trkpt lat="36.537543972954154" lon="137.8399869427085">
        <ele>768.18</ele>
      </trkpt>
      <trkpt lat="36.53773281723261" lon="137.84007780253887">
        <ele>768.13</ele>
      </trkpt>
      <trkpt lat="36.53782334178686" lon="137.84012893214822">
        <ele>768.06</ele>
      </trkpt>
      <trkpt lat="36.537994584068656" lon="137.84021602012217">
        <ele>767.98</ele>
      </trkpt>
      <trkpt lat="36.538054682314396" lon="137.8402409143746">
        <ele>767.92</ele>
      </trkpt>
      <trkpt lat="36.53810564428568" lon="137.8402694966644">
        <ele>767.88</ele>
      </trkpt>
      <trkpt lat="36.53820522129536" lon="137.84033671952784">
        <ele>767.86</ele>
      </trkpt>
      <trkpt lat="36.53830798342824" lon="137.84038558602333">
        <ele>767.85</ele>
      </trkpt>
      <trkpt lat="36.538459695875645" lon="137.84044677391648">
        <ele>767.83</ele>
      </trkpt>
      <trkpt lat="36.5384965762496" lon="137.8404584247619">
        <ele>767.81</ele>
      </trkpt>
      <trkpt lat="36.538585256785154" lon="137.84051282331347">
        <ele>767.79</ele>
      </trkpt>
      <trkpt lat="36.538757253438234" lon="137.84063939005136">
        <ele>767.72</ele>
      </trkpt>
      <trkpt lat="36.538900416344404" lon="137.84078020602465">
        <ele>767.66</ele>
      </trkpt>
      <trkpt lat="36.53897074051201" lon="137.84086243249476">
        <ele>767.67</ele>
      </trkpt>
      <trkpt lat="36.53903276659548" lon="137.84095128066838">
        <ele>767.69</ele>
      </trkpt>
      <trkpt lat="36.53915246017277" lon="137.84112805500627">
        <ele>767.76</ele>
      </trkpt>
      <trkpt lat="36.53917006216943" lon="137.8411532845348">
        <ele>767.77</ele>
      </trkpt>
      <trkpt lat="36.53926276601851" lon="137.8413525223732">
        <ele>767.8</ele>
      </trkpt>
      <trkpt lat="36.5392770152539" lon="137.8413857985288">
        <ele>767.79</ele>
      </trkpt>
      <trkpt lat="36.53931464999914" lon="137.8414783347398">
        <ele>767.78</ele>
      </trkpt>
      <trkpt lat="36.53936670161784" lon="137.84156701527536">
        <ele>767.75</ele>
      </trkpt>
      <trkpt lat="36.53944691643119" lon="137.84180439077318">
        <ele>767.66</ele>
      </trkpt>
      <trkpt lat="36.53945077210665" lon="137.8418406844139">
        <ele>767.61</ele>
      </trkpt>
      <trkpt lat="36.53951455838978" lon="137.84201385453343">
        <ele>767.49</ele>
      </trkpt>
      <trkpt lat="36.53957071714103" lon="137.8420747909695">
        <ele>767.42</ele>
      </trkpt>
      <trkpt lat="36.53962285257876" lon="137.84205165691674">
        <ele>767.38</ele>
      </trkpt>
      <trkpt lat="36.539772637188435" lon="137.84191302023828">
        <ele>767.36</ele>
      </trkpt>
      <trkpt lat="36.53979132883251" lon="137.84188485704362">
        <ele>767.3</ele>
      </trkpt>
      <trkpt lat="36.53985075652599" lon="137.84180187620223">
        <ele>767.25</ele>
      </trkpt>
      <trkpt lat="36.539986627176404" lon="137.8416461404413">
        <ele>767.23</ele>
      </trkpt>
      <trkpt lat="36.540004732087255" lon="137.84162124618888">
        <ele>767.15</ele>
      </trkpt>
      <trkpt lat="36.540043707937" lon="137.8415832761675">
        <ele>767.05</ele>
      </trkpt>
      <trkpt lat="36.540138674899936" lon="137.84151521511376">
        <ele>766.93</ele>
      </trkpt>
      <trkpt lat="36.54022978618741" lon="137.84147556871176">
        <ele>766.79</ele>
      </trkpt>
      <trkpt lat="36.540301283821464" lon="137.8414262831211">
        <ele>766.62</ele>
      </trkpt>
      <trkpt lat="36.540403123945" lon="137.8413644246757">
        <ele>766.4</ele>
      </trkpt>
      <trkpt lat="36.54053161852062" lon="137.8413023147732">
        <ele>766.2</ele>
      </trkpt>
      <trkpt lat="36.540560787543654" lon="137.8412896580994">
        <ele>766.0</ele>
      </trkpt>
      <trkpt lat="36.54069850221276" lon="137.84120365977287">
        <ele>765.78</ele>
      </trkpt>
      <trkpt lat="36.54082817025483" lon="137.84112378023565">
        <ele>765.52</ele>
      </trkpt>
      <trkpt lat="36.54102271422744" lon="137.84104373306036">
        <ele>765.25</ele>
      </trkpt>
      <trkpt lat="36.541052386164665" lon="137.8410316631198">
        <ele>765.02</ele>
      </trkpt>
      <trkpt lat="36.541229328140616" lon="137.8409748338163">
        <ele>764.76</ele>
      </trkpt>
      <trkpt lat="36.54125522822142" lon="137.84096997231245">
        <ele>764.52</ele>
      </trkpt>
      <trkpt lat="36.541390931233764" lon="137.84095672890544">
        <ele>764.26</ele>
      </trkpt>
      <trkpt lat="36.541576255112886" lon="137.84085094928741">
        <ele>764.0</ele>
      </trkpt>
      <trkpt lat="36.541763842105865" lon="137.84074642695487">
        <ele>763.78</ele>
      </trkpt>
      <trkpt lat="36.541797034442425" lon="137.84072966314852">
        <ele>763.54</ele>
      </trkpt>
      <trkpt lat="36.54197079129517" lon="137.84066126681864">
        <ele>763.25</ele>
      </trkpt>
      <trkpt lat="36.54206366278231" lon="137.8406320977956">
        <ele>762.98</ele>
      </trkpt>
      <trkpt lat="36.54226005077362" lon="137.84055154770613">
        <ele>762.69</ele>
      </trkpt>
      <trkpt lat="36.54234990477562" lon="137.8405184391886">
        <ele>762.46</ele>
      </trkpt>
      <trkpt lat="36.54253455810249" lon="137.840445516631">
        <ele>762.28</ele>
      </trkpt>
      <trkpt lat="36.542644277215004" lon="137.84036932513118">
        <ele>762.09</ele>
      </trkpt>
      <trkpt lat="36.54265249148011" lon="137.84033495932817">
        <ele>761.91</ele>
      </trkpt>
      <trkpt lat="36.54264310374856" lon="137.84026538953185">
        <ele>761.73</ele>
      </trkpt>
      <trkpt lat="36.54262977652252" lon="137.84023270010948">
        <ele>761.56</ele>
      </trkpt>
      <trkpt lat="36.54260094277561" lon="137.84011971205473">
        <ele>761.39</ele>
      </trkpt>
      <trkpt lat="36.54257386922836" lon="137.84001644700766">
        <ele>761.25</ele>
      </trkpt>
      <trkpt lat="36.54251251369715" lon="137.8397898003459">
        <ele>761.12</ele>
      </trkpt>
      <trkpt lat="36.5424561034888" lon="137.83956181257963">
        <ele>761.0</ele>
      </trkpt>
      <trkpt lat="36.54245308600366" lon="137.83952887170017">
        <ele>760.89</ele>
      </trkpt>
      <trkpt lat="36.542429784312844" lon="137.8394996188581">
        <ele>760.8</ele>
      </trkpt>
      <trkpt lat="36.54240497387946" lon="137.83942786976695">
        <ele>760.71</ele>
      </trkpt>
      <trkpt lat="36.542400950565934" lon="137.83938503824174">
        <ele>760.65</ele>
      </trkpt>
      <trkpt lat="36.54237228445709" lon="137.8391853813082">
        <ele>760.6</ele>
      </trkpt>
      <trkpt lat="36.54237111099064" lon="137.8390920907259">
        <ele>760.55</ele>
      </trkpt>
      <trkpt lat="36.54241478070617" lon="137.8389821201563">
        <ele>760.53</ele>
      </trkpt>
      <trkpt lat="36.54243950732052" lon="137.83895269967616">
        <ele>760.51</ele>
      </trkpt>
      <trkpt lat="36.54253019951284" lon="137.83891481347382">
        <ele>760.5</ele>
      </trkpt>
      <trkpt lat="36.542559368535876" lon="137.8389002289623">
        <ele>760.49</ele>
      </trkpt>
      <trkpt lat="36.54275609180331" lon="137.8388436511159">
        <ele>760.5</ele>
      </trkpt>
      <trkpt lat="36.5428498852998" lon="137.8388190921396">
        <ele>760.5</ele>
      </trkpt>
      <trkpt lat="36.542970668524504" lon="137.83879042603076">
        <ele>760.49</ele>
      </trkpt>
      <trkpt lat="36.54309371486306" lon="137.8387604188174">
        <ele>760.49</ele>
      </trkpt>
      <trkpt lat="36.543278535827994" lon="137.8386999014765">
        <ele>760.54</ele>
      </trkpt>
      <trkpt lat="36.543341148644686" lon="137.83868649043143">
        <ele>760.58</ele>
      </trkpt>
      <trkpt lat="36.54351884499192" lon="137.8386412281543">
        <ele>760.64</ele>
      </trkpt>
      <trkpt lat="36.54358338564634" lon="137.83862312324345">
        <ele>760.68</ele>
      </trkpt>
      <trkpt lat="36.543785724788904" lon="137.8385738376528">
        <ele>760.74</ele>
      </trkpt>
      <trkpt lat="36.54381581582129" lon="137.8385653719306">
        <ele>760.78</ele>
      </trkpt>
      <trkpt lat="36.543994853273034" lon="137.8385209478438">
        <ele>760.84</ele>
      </trkpt>
      <trkpt lat="36.54402335174382" lon="137.8385159187019">
        <ele>760.89</ele>
      </trkpt>
      <trkpt lat="36.54422661289573" lon="137.8384617716074">
        <ele>760.98</ele>
      </trkpt>
      <trkpt lat="36.544419983401895" lon="137.8383843228221">
        <ele>761.05</ele>
      </trkpt>
      <trkpt lat="36.544449320062995" lon="137.83837636001408">
        <ele>761.11</ele>
      </trkpt>
      <trkpt lat="36.544636907055974" lon="137.83833989873528">
        <ele>761.16</ele>
      </trkpt>
      <trkpt lat="36.54466146603227" lon="137.83833738416433">
        <ele>761.23</ele>
      </trkpt>
      <trkpt lat="36.54486196115613" lon="137.83827242441475">
        <ele>761.23</ele>
      </trkpt>
      <trkpt lat="36.54502901248634" lon="137.83822406083345">
        <ele>761.27</ele>
      </trkpt>
      <trkpt lat="36.54521182179451" lon="137.83817645162344">
        <ele>761.36</ele>
      </trkpt>
      <trkpt lat="36.54541164636612" lon="137.8381298482418">
        <ele>761.48</ele>
      </trkpt>
      <trkpt lat="36.54543452896178" lon="137.8381285071373">
        <ele>761.62</ele>
      </trkpt>
      <trkpt lat="36.54552639462054" lon="137.83811509609222">
        <ele>761.78</ele>
      </trkpt>
      <trkpt lat="36.54569797217846" lon="137.83805013634264">
        <ele>761.98</ele>
      </trkpt>
      <trkpt lat="36.54587164521217" lon="137.83799456432462">
        <ele>762.18</ele>
      </trkpt>
      <trkpt lat="36.54606342315674" lon="137.83790269866586">
        <ele>762.4</ele>
      </trkpt>
      <trkpt lat="36.546089658513665" lon="137.83788735978305">
        <ele>762.62</ele>
      </trkpt>
      <trkpt lat="36.546148248016834" lon="137.83785567618906">
        <ele>762.86</ele>
      </trkpt>
      <trkpt lat="36.546182446181774" lon="137.8378507308662">
        <ele>763.11</ele>
      </trkpt>
      <trkpt lat="36.54630633071065" lon="137.83780119381845">
        <ele>763.4</ele>
      </trkpt>
      <trkpt lat="36.54633038677275" lon="137.8377748746425">
        <ele>763.68</ele>
      </trkpt>
      <trkpt lat="36.54638696461916" lon="137.83775174058974">
        <ele>763.99</ele>
      </trkpt>
      <trkpt lat="36.54652920551598" lon="137.83771301619709">
        <ele>764.35</ele>
      </trkpt>
      <trkpt lat="36.546554267406464" lon="137.83770044334233">
        <ele>764.68</ele>
      </trkpt>
      <trkpt lat="36.546722492203116" lon="137.83762467093766">
        <ele>765.04</ele>
      </trkpt>
      <trkpt lat="36.54688820242882" lon="137.83754479140043">
        <ele>765.41</ele>
      </trkpt>
      <trkpt lat="36.54691091738641" lon="137.83753682859242">
        <ele>765.78</ele>
      </trkpt>
      <trkpt lat="36.54693773947656" lon="137.83752710558474">
        <ele>766.14</ele>
      </trkpt>
      <trkpt lat="36.547093307599425" lon="137.83747346140444">
        <ele>766.49</ele>
      </trkpt>
      <trkpt lat="36.5472275018692" lon="137.83739903010428">
        <ele>766.86</ele>
      </trkpt>
      <trkpt lat="36.54733931645751" lon="137.83730205148458">
        <ele>767.25</ele>
      </trkpt>
      <trkpt lat="36.54735800810158" lon="137.837149836123">
        <ele>767.66</ele>
      </trkpt>
      <trkpt lat="36.54738809913397" lon="137.83701279200613">
        <ele>768.05</ele>
      </trkpt>
      <trkpt lat="36.547398241236806" lon="137.83693643286824">
        <ele>768.46</ele>
      </trkpt>
      <trkpt lat="36.547447610646486" lon="137.83676125109196">
        <ele>768.9</ele>
      </trkpt>
      <trkpt lat="36.54745138250291" lon="137.83672998659313">
        <ele>769.33</ele>
      </trkpt>
      <trkpt lat="36.54747476801276" lon="137.8365247976035">
        <ele>769.75</ele>
      </trkpt>
      <trkpt lat="36.54748264700174" lon="137.83648665994406">
        <ele>770.19</ele>
      </trkpt>
      <trkpt lat="36.54751734808087" lon="137.83634710125625">
        <ele>770.7</ele>
      </trkpt>
      <trkpt lat="36.547601921483874" lon="137.83618667162955">
        <ele>771.26</ele>
      </trkpt>
      <trkpt lat="36.54762614518404" lon="137.8361646272242">
        <ele>771.72</ele>
      </trkpt>
      <trkpt lat="36.5477957110852" lon="137.8360908664763">
        <ele>772.25</ele>
      </trkpt>
      <trkpt lat="36.5478871576488" lon="137.83595072105527">
        <ele>772.77</ele>
      </trkpt>
      <trkpt lat="36.54791397973895" lon="137.83587511628866">
        <ele>773.25</ele>
      </trkpt>
      <trkpt lat="36.54792663641274" lon="137.83580294810236">
        <ele>773.73</ele>
      </trkpt>
      <trkpt lat="36.547979107126594" lon="137.83572206273675">
        <ele>774.1</ele>
      </trkpt>
      <trkpt lat="36.548016825690866" lon="137.835659282282">
        <ele>774.43</ele>
      </trkpt>
      <trkpt lat="36.548053454607725" lon="137.835590550676">
        <ele>774.75</ele>
      </trkpt>
      <trkpt lat="36.548138447105885" lon="137.83550455234945">
        <ele>775.0</ele>
      </trkpt>
      <trkpt lat="36.54815630055964" lon="137.8355025406927">
        <ele>775.21</ele>
      </trkpt>
      <trkpt lat="36.54819921590388" lon="137.83549415878952">
        <ele>775.34</ele>
      </trkpt>
      <trkpt lat="36.54826233163476" lon="137.8354896325618">
        <ele>775.43</ele>
      </trkpt>
      <trkpt lat="36.5484207496047" lon="137.83547504805028">
        <ele>775.44</ele>
      </trkpt>
      <trkpt lat="36.54860967770219" lon="137.83546700142324">
        <ele>775.36</ele>
      </trkpt>
      <trkpt lat="36.54869659803808" lon="137.83546130172908">
        <ele>775.33</ele>
      </trkpt>
      <trkpt lat="36.54879298992455" lon="137.8354605473578">
        <ele>775.3</ele>
      </trkpt>
      <trkpt lat="36.54889013618231" lon="137.83541813492775">
        <ele>775.32</ele>
      </trkpt>
      <trkpt lat="36.5489992685616" lon="137.83538368530571">
        <ele>775.47</ele>
      </trkpt>
      <trkpt lat="36.54904888942838" lon="137.83538661897182">
        <ele>775.5</ele>
      </trkpt>
      <trkpt lat="36.54925089329481" lon="137.83544780686498">
        <ele>775.37</ele>
      </trkpt>
      <trkpt lat="36.54946924187243" lon="137.83545861952007">
        <ele>775.27</ele>
      </trkpt>
      <trkpt lat="36.54949698597193" lon="137.8354573622346">
        <ele>775.19</ele>
      </trkpt>
      <trkpt lat="36.549635203555226" lon="137.83538770861924">
        <ele>774.77</ele>
      </trkpt>
      <trkpt lat="36.54977719299495" lon="137.83520573750138">
        <ele>774.98</ele>
      </trkpt>
      <trkpt lat="36.54982555657625" lon="137.83503022044897">
        <ele>775.07</ele>
      </trkpt>
      <trkpt lat="36.549948854371905" lon="137.83486182801425">
        <ele>774.91</ele>
      </trkpt>
      <trkpt lat="36.55010023154318" lon="137.83478563651443">
        <ele>774.56</ele>
      </trkpt>
      <trkpt lat="36.55022361315787" lon="137.83473014831543">
        <ele>774.17</ele>
      </trkpt>
      <trkpt lat="36.55028345994651" lon="137.83465362153947">
        <ele>774.25</ele>
      </trkpt>
      <trkpt lat="36.55030081048608" lon="137.83462420105934">
        <ele>774.26</ele>
      </trkpt>
      <trkpt lat="36.55032293871045" lon="137.8345482610166">
        <ele>774.34</ele>
      </trkpt>
      <trkpt lat="36.55035713687539" lon="137.83442487940192">
        <ele>774.32</ele>
      </trkpt>
      <trkpt lat="36.550397956743836" lon="137.83420762047172">
        <ele>774.45</ele>
      </trkpt>
      <trkpt lat="36.550400303676724" lon="137.83418515697122">
        <ele>774.43</ele>
      </trkpt>
      <trkpt lat="36.55043735168874" lon="137.83401031047106">
        <ele>774.42</ele>
      </trkpt>
      <trkpt lat="36.55044657178223" lon="137.83397150225937">
        <ele>774.38</ele>
      </trkpt>
      <trkpt lat="36.55045713298023" lon="137.83390117809176">
        <ele>774.34</ele>
      </trkpt>
      <trkpt lat="36.55052326619625" lon="137.83369422890246">
        <ele>774.31</ele>
      </trkpt>
      <trkpt lat="36.55062032863498" lon="137.8334987629205">
        <ele>774.25</ele>
      </trkpt>
      <trkpt lat="36.55066349543631" lon="137.8334488067776">
        <ele>774.19</ele>
      </trkpt>
      <trkpt lat="36.55078855343163" lon="137.83334218896925">
        <ele>774.1</ele>
      </trkpt>
      <trkpt lat="36.55095032416284" lon="137.8332466352731">
        <ele>774.09</ele>
      </trkpt>
      <trkpt lat="36.55113053508103" lon="137.83317807130516">
        <ele>774.0</ele>
      </trkpt>
      <trkpt lat="36.5511492267251" lon="137.83316323533654">
        <ele>773.99</ele>
      </trkpt>
      <trkpt lat="36.551273027434945" lon="137.833132725209">
        <ele>774.0</ele>
      </trkpt>
      <trkpt lat="36.55140328221023" lon="137.83309349790215">
        <ele>774.02</ele>
      </trkpt>
      <trkpt lat="36.55148232355714" lon="137.83304437994957">
        <ele>774.03</ele>
      </trkpt>
      <trkpt lat="36.551508391276" lon="137.83301713876426">
        <ele>774.04</ele>
      </trkpt>
      <trkpt lat="36.55156848952174" lon="137.83298243768513">
        <ele>774.07</ele>
      </trkpt>
      <trkpt lat="36.551762111485004" lon="137.83291119150817">
        <ele>774.06</ele>
      </trkpt>
      <trkpt lat="36.55180091969669" lon="137.83291429281235">
        <ele>774.1</ele>
      </trkpt>
      <trkpt lat="36.551836961880326" lon="137.83291026949883">
        <ele>774.16</ele>
      </trkpt>
      <trkpt lat="36.55187191441655" lon="137.8329078387469">
        <ele>774.25</ele>
      </trkpt>
      <trkpt lat="36.5519037656486" lon="137.8329091798514">
        <ele>774.34</ele>
      </trkpt>
      <trkpt lat="36.55195917002857" lon="137.83291873522103">
        <ele>774.46</ele>
      </trkpt>
      <trkpt lat="36.552069475874305" lon="137.83294396474957">
        <ele>774.43</ele>
      </trkpt>
      <trkpt lat="36.55209797434509" lon="137.8329453896731">
        <ele>774.62</ele>
      </trkpt>
      <trkpt lat="36.55220651999116" lon="137.83300540409982">
        <ele>774.65</ele>
      </trkpt>
      <trkpt lat="36.552355885505676" lon="137.833019066602">
        <ele>774.86</ele>
      </trkpt>
      <trkpt lat="36.552407182753086" lon="137.8329931665212">
        <ele>775.12</ele>
      </trkpt>
      <trkpt lat="36.55248278751969" lon="137.8329220879823">
        <ele>775.25</ele>
      </trkpt>
      <trkpt lat="36.552567360922694" lon="137.8327722195536">
        <ele>775.97</ele>
      </trkpt>
      <trkpt lat="36.55262838117778" lon="137.83264967612922">
        <ele>776.81</ele>
      </trkpt>
      <trkpt lat="36.5526429656893" lon="137.83262352459133">
        <ele>777.25</ele>
      </trkpt>
      <trkpt lat="36.55269518494606" lon="137.8325438965112">
        <ele>777.74</ele>
      </trkpt>
      <trkpt lat="36.55276207253337" lon="137.83248463645577">
        <ele>778.18</ele>
      </trkpt>
      <trkpt lat="36.55283994041383" lon="137.83243811689317">
        <ele>778.6</ele>
      </trkpt>
      <trkpt lat="36.55290330760181" lon="137.83240232616663">
        <ele>779.07</ele>
      </trkpt>
      <trkpt lat="36.55295896343887" lon="137.83237298950553">
        <ele>779.49</ele>
      </trkpt>
      <trkpt lat="36.552991988137364" lon="137.83235354349017">
        <ele>779.91</ele>
      </trkpt>
      <trkpt lat="36.55314361676574" lon="137.83227265812457">
        <ele>780.35</ele>
      </trkpt>
      <trkpt lat="36.553172869607806" lon="137.8322629351169">
        <ele>780.77</ele>
      </trkpt>
      <trkpt lat="36.55326046049595" lon="137.83226226456463">
        <ele>781.15</ele>
      </trkpt>
      <trkpt lat="36.553363809362054" lon="137.83224281854928">
        <ele>781.51</ele>
      </trkpt>
      <trkpt lat="36.55356287956238" lon="137.83223561011255">
        <ele>781.92</ele>
      </trkpt>
      <trkpt lat="36.553592048585415" lon="137.83224005252123">
        <ele>782.22</ele>
      </trkpt>
      <trkpt lat="36.553719621151686" lon="137.83229210413992">
        <ele>782.57</ele>
      </trkpt>
      <trkpt lat="36.553840236738324" lon="137.83237005583942">
        <ele>782.87</ele>
      </trkpt>
      <trkpt lat="36.553962863981724" lon="137.83245236612856">
        <ele>783.09</ele>
      </trkpt>
      <trkpt lat="36.55412379652262" lon="137.83251682296395">
        <ele>783.27</ele>
      </trkpt>
      <trkpt lat="36.55429403297603" lon="137.83251858316362">
        <ele>783.46</ele>
      </trkpt>
      <trkpt lat="36.55445127747953" lon="137.8325074352324">
        <ele>783.6</ele>
      </trkpt>
      <trkpt lat="36.55449134297669" lon="137.83251573331654">
        <ele>783.59</ele>
      </trkpt>
      <trkpt lat="36.55457826331258" lon="137.8324873186648">
        <ele>783.59</ele>
      </trkpt>
      <trkpt lat="36.554737351834774" lon="137.83250173553824">
        <ele>783.49</ele>
      </trkpt>
      <trkpt lat="36.55491496436298" lon="137.83253584988415">
        <ele>783.11</ele>
      </trkpt>
      <trkpt lat="36.55508712865412" lon="137.83262494951487">
        <ele>782.69</ele>
      </trkpt>
      <trkpt lat="36.55514320358634" lon="137.83265747129917">
        <ele>782.39</ele>
      </trkpt>
      <trkpt lat="36.55516876839101" lon="137.83265956677496">
        <ele>782.12</ele>
      </trkpt>
      <trkpt lat="36.55521109700203" lon="137.83268680796027">
        <ele>781.78</ele>
      </trkpt>
      <trkpt lat="36.55522760935128" lon="137.8327022306621">
        <ele>781.45</ele>
      </trkpt>
      <trkpt lat="36.55532073229551" lon="137.832789150998">
        <ele>781.02</ele>
      </trkpt>
      <trkpt lat="36.555366246029735" lon="137.83280574716628">
        <ele>780.72</ele>
      </trkpt>
      <trkpt lat="36.55538720078766" lon="137.8328264504671">
        <ele>780.39</ele>
      </trkpt>
      <trkpt lat="36.55548468232155" lon="137.83289451152086">
        <ele>780.06</ele>
      </trkpt>
      <trkpt lat="36.5555321238935" lon="137.83292728476226">
        <ele>779.74</ele>
      </trkpt>
      <trkpt lat="36.55563631094992" lon="137.8329857904464">
        <ele>779.41</ele>
      </trkpt>
      <trkpt lat="36.555721974000335" lon="137.8329981956631">
        <ele>779.15</ele>
      </trkpt>
      <trkpt lat="36.555830016732216" lon="137.83304513432086">
        <ele>778.87</ele>
      </trkpt>
      <trkpt lat="36.55587234534323" lon="137.83305150456727">
        <ele>778.6</ele>
      </trkpt>
      <trkpt lat="36.556010227650404" lon="137.83312945626676">
        <ele>778.29</ele>
      </trkpt>
      <trkpt lat="36.555990781635046" lon="137.83315636217594">
        <ele>778.03</ele>
      </trkpt>
      <trkpt lat="36.5558635443449" lon="137.83317119814456">
        <ele>777.78</ele>
      </trkpt>
      <trkpt lat="36.55576555989683" lon="137.83316382206976">
        <ele>777.61</ele>
      </trkpt>
      <trkpt lat="36.55569347552955" lon="137.8331419453025">
        <ele>777.48</ele>
      </trkpt>
      <trkpt lat="36.55549809336662" lon="137.83306960947812">
        <ele>777.37</ele>
      </trkpt>
      <trkpt lat="36.55546506866813" lon="137.833053432405">
        <ele>777.31</ele>
      </trkpt>
      <trkpt lat="36.55543992295861" lon="137.83303658477962">
        <ele>777.28</ele>
      </trkpt>
      <trkpt lat="36.55539105646312" lon="137.83298914320767">
        <ele>777.29</ele>
      </trkpt>
      <trkpt lat="36.55531285330653" lon="137.832918651402">
        <ele>777.33</ele>
      </trkpt>
      <trkpt lat="36.55523523688316" lon="137.8328679408878">
        <ele>777.21</ele>
      </trkpt>
      <trkpt lat="36.55518469400704" lon="137.83282477408648">
        <ele>777.31</ele>
      </trkpt>
      <trkpt lat="36.55505854636431" lon="137.83276266418397">
        <ele>777.31</ele>
      </trkpt>
      <trkpt lat="36.55503096990287" lon="137.83274673856795">
        <ele>777.38</ele>
      </trkpt>
      <trkpt lat="36.55495058745146" lon="137.83271614462137">
        <ele>777.62</ele>
      </trkpt>
      <trkpt lat="36.5548878069967" lon="137.83270256593823">
        <ele>777.83</ele>
      </trkpt>
      <trkpt lat="36.55485947616398" lon="137.83269141800702">
        <ele>778.0</ele>
      </trkpt>
      <trkpt lat="36.55473341234028" lon="137.832627967">
        <ele>778.42</ele>
      </trkpt>
      <trkpt lat="36.554659735411406" lon="137.8326163161546">
        <ele>778.52</ele>
      </trkpt>
      <trkpt lat="36.554632410407066" lon="137.83262562006712">
        <ele>778.44</ele>
      </trkpt>
      <trkpt lat="36.554530737921596" lon="137.83263836055994">
        <ele>778.31</ele>
      </trkpt>
      <trkpt lat="36.554484805092216" lon="137.83264213241637">
        <ele>778.26</ele>
      </trkpt>
      <trkpt lat="36.554295206442475" lon="137.8326707985252">
        <ele>777.95</ele>
      </trkpt>
      <trkpt lat="36.55426846817136" lon="137.83267348073423">
        <ele>777.82</ele>
      </trkpt>
      <trkpt lat="36.554158413782716" lon="137.8326255362481">
        <ele>777.99</ele>
      </trkpt>
      <trkpt lat="36.55413519591093" lon="137.83260659314692">
        <ele>777.82</ele>
      </trkpt>
      <trkpt lat="36.55410937964916" lon="137.83259762451053">
        <ele>777.61</ele>
      </trkpt>
      <trkpt lat="36.55399940907955" lon="137.83253693953156">
        <ele>777.35</ele>
      </trkpt>
      <trkpt lat="36.55383177101612" lon="137.832448258996">
        <ele>777.0</ele>
      </trkpt>
      <trkpt lat="36.553805535659194" lon="137.83242596313357">
        <ele>776.66</ele>
      </trkpt>
      <trkpt lat="36.55362633056939" lon="137.83236821182072">
        <ele>776.0</ele>
      </trkpt>
      <trkpt lat="36.55356623232365" lon="137.83237567171454">
        <ele>775.55</ele>
      </trkpt>
      <trkpt lat="36.553507056087255" lon="137.83236980438232">
        <ele>775.2</ele>
      </trkpt>
      <trkpt lat="36.55333078466356" lon="137.8323763422668">
        <ele>774.72</ele>
      </trkpt>
      <trkpt lat="36.55324034392834" lon="137.83239285461605">
        <ele>774.26</ele>
      </trkpt>
      <trkpt lat="36.55315367504954" lon="137.8324102051556">
        <ele>773.84</ele>
      </trkpt>
      <trkpt lat="36.552974386140704" lon="137.83245597034693">
        <ele>773.68</ele>
      </trkpt>
      <trkpt lat="36.55280423350632" lon="137.8325528651476">
        <ele>773.24</ele>
      </trkpt>
      <trkpt lat="36.55274949967861" lon="137.83264766447246">
        <ele>772.78</ele>
      </trkpt>
      <trkpt lat="36.552682192996144" lon="137.83280147239566">
        <ele>772.18</ele>
      </trkpt>
      <trkpt lat="36.552621088922024" lon="137.83287548460066">
        <ele>771.42</ele>
      </trkpt>
      <trkpt lat="36.55258756130934" lon="137.83294346183538">
        <ele>770.91</ele>
      </trkpt>
      <trkpt lat="36.55249686911702" lon="137.83304144628346">
        <ele>770.65</ele>
      </trkpt>
      <trkpt lat="36.55246744863689" lon="137.83305695280433">
        <ele>770.46</ele>
      </trkpt>
      <trkpt lat="36.552287908270955" lon="137.8330836072564">
        <ele>770.26</ele>
      </trkpt>
      <trkpt lat="36.552225379273295" lon="137.83307447098196">
        <ele>770.11</ele>
      </trkpt>
      <trkpt lat="36.55216930434108" lon="137.8330555278808">
        <ele>770.0</ele>
      </trkpt>
      <trkpt lat="36.55204097740352" lon="137.83303298056126">
        <ele>770.1</ele>
      </trkpt>
      <trkpt lat="36.55201340094209" lon="137.83300288952887">
        <ele>770.07</ele>
      </trkpt>
      <trkpt lat="36.55189630575478" lon="137.8329422045499">
        <ele>770.17</ele>
      </trkpt>
      <trkpt lat="36.55187141150236" lon="137.8329379297793">
        <ele>770.12</ele>
      </trkpt>
      <trkpt lat="36.55177988111973" lon="137.8329543583095">
        <ele>770.08</ele>
      </trkpt>
      <trkpt lat="36.5517570823431" lon="137.832966260612">
        <ele>770.04</ele>
      </trkpt>
      <trkpt lat="36.55157980509102" lon="137.8330769855529">
        <ele>770.0</ele>
      </trkpt>
      <trkpt lat="36.55140604823828" lon="137.83317849040031">
        <ele>769.97</ele>
      </trkpt>
      <trkpt lat="36.551380064338446" lon="137.833201456815">
        <ele>769.94</ele>
      </trkpt>
      <trkpt lat="36.55125257559121" lon="137.8332873713225">
        <ele>769.87</ele>
      </trkpt>
      <trkpt lat="36.551153333857656" lon="137.8333325497806">
        <ele>769.86</ele>
      </trkpt>
      <trkpt lat="36.55105006881058" lon="137.8333967551589">
        <ele>769.87</ele>
      </trkpt>
      <trkpt lat="36.55086608603597" lon="137.8334731142968">
        <ele>769.89</ele>
      </trkpt>
      <trkpt lat="36.55083247460425" lon="137.83351720310748">
        <ele>769.92</ele>
      </trkpt>
      <trkpt lat="36.5508038084954" lon="137.83353799022734">
        <ele>769.97</ele>
      </trkpt>
      <trkpt lat="36.55076055787504" lon="137.83357495442033">
        <ele>770.04</ele>
      </trkpt>
      <trkpt lat="36.55068445019424" lon="137.83366363495588">
        <ele>770.12</ele>
      </trkpt>
      <trkpt lat="36.55066190287471" lon="137.8336848411709">
        <ele>770.2</ele>
      </trkpt>
      <trkpt lat="36.55066500417888" lon="137.8337112441659">
        <ele>770.24</ele>
      </trkpt>
      <trkpt lat="36.55062720179558" lon="137.8338045347482">
        <ele>770.28</ele>
      </trkpt>
      <trkpt lat="36.5505810175091" lon="137.83392255194485">
        <ele>770.33</ele>
      </trkpt>
      <trkpt lat="36.550557212904096" lon="137.83399287611246">
        <ele>770.41</ele>
      </trkpt>
      <trkpt lat="36.55052309855819" lon="137.83414819277823">
        <ele>770.53</ele>
      </trkpt>
      <trkpt lat="36.55046752654016" lon="137.83435245975852">
        <ele>770.52</ele>
      </trkpt>
      <trkpt lat="36.550427209585905" lon="137.83456209115684">
        <ele>770.5</ele>
      </trkpt>
      <trkpt lat="36.55040533281863" lon="137.83459511585534">
        <ele>770.71</ele>
      </trkpt>
      <trkpt lat="36.550348168239" lon="137.83468656241894">
        <ele>770.78</ele>
      </trkpt>
      <trkpt lat="36.550264935940504" lon="137.8347612451762">
        <ele>770.78</ele>
      </trkpt>
      <trkpt lat="36.55020416714251" lon="137.83478806726635">
        <ele>771.08</ele>
      </trkpt>
      <trkpt lat="36.55007910914719" lon="137.83484615385532">
        <ele>771.64</ele>
      </trkpt>
      <trkpt lat="36.55005161650479" lon="137.83485126681626">
        <ele>771.94</ele>
      </trkpt>
      <trkpt lat="36.549949357286096" lon="137.83495729789138">
        <ele>772.04</ele>
      </trkpt>
      <trkpt lat="36.54986486770213" lon="137.83513080328703">
        <ele>772.35</ele>
      </trkpt>
      <trkpt lat="36.54977576807141" lon="137.83526533283293">
        <ele>772.4</ele>
      </trkpt>
      <trkpt lat="36.54975456185639" lon="137.835294585675">
        <ele>772.51</ele>
      </trkpt>
      <trkpt lat="36.549662444740534" lon="137.83540036529303">
        <ele>772.72</ele>
      </trkpt>
      <trkpt lat="36.54963503591716" lon="137.8354172129184">
        <ele>773.05</ele>
      </trkpt>
      <trkpt lat="36.54957870952785" lon="137.8354209009558">
        <ele>773.5</ele>
      </trkpt>
      <trkpt lat="36.54951576143503" lon="137.83541461452842">
        <ele>773.96</ele>
      </trkpt>
      <trkpt lat="36.5493293479085" lon="137.83537857234478">
        <ele>774.33</ele>
      </trkpt>
      <trkpt lat="36.5491374861449" lon="137.83534261398017">
        <ele>774.47</ele>
      </trkpt>
      <trkpt lat="36.54910714365542" lon="137.83533532172441">
        <ele>774.54</ele>
      </trkpt>
      <trkpt lat="36.549029191955924" lon="137.83533867448568">
        <ele>774.5</ele>
      </trkpt>
      <trkpt lat="36.5489355660975" lon="137.83536314964294">
        <ele>774.37</ele>
      </trkpt>
      <trkpt lat="36.54874085448682" lon="137.83540547825396">
        <ele>774.32</ele>
      </trkpt>
      <trkpt lat="36.548638343811035" lon="137.83539089374244">
        <ele>774.36</ele>
      </trkpt>
      <trkpt lat="36.548474226146936" lon="137.83537312410772">
        <ele>774.45</ele>
      </trkpt>
      <trkpt lat="36.54841421172023" lon="137.83537832088768">
        <ele>774.39</ele>
      </trkpt>
      <trkpt lat="36.54821899719536" lon="137.83543825149536">
        <ele>774.3</ele>
      </trkpt>
      <trkpt lat="36.54814993031323" lon="137.8355318773538">
        <ele>774.04</ele>
      </trkpt>
      <trkpt lat="36.548091005533934" lon="137.83567872829735">
        <ele>773.71</ele>
      </trkpt>
      <trkpt lat="36.54800442047417" lon="137.83588299527764">
        <ele>773.32</ele>
      </trkpt>
      <trkpt lat="36.54798866249621" lon="137.83591308631003">
        <ele>772.97</ele>
      </trkpt>
      <trkpt lat="36.54791347682476" lon="137.83613403327763">
        <ele>772.48</ele>
      </trkpt>
      <trkpt lat="36.54779177159071" lon="137.83621659502387">
        <ele>772.04</ele>
      </trkpt>
      <trkpt lat="36.54776377603412" lon="137.8362343646586">
        <ele>771.65</ele>
      </trkpt>
      <trkpt lat="36.54765355400741" lon="137.83636906184256">
        <ele>771.17</ele>
      </trkpt>
      <trkpt lat="36.54761700890958" lon="137.8364592511207">
        <ele>770.72</ele>
      </trkpt>
      <trkpt lat="36.547591695562005" lon="137.83652102574706">
        <ele>770.3</ele>
      </trkpt>
      <trkpt lat="36.54759421013296" lon="137.83655438572168">
        <ele>769.89</ele>
      </trkpt>
      <trkpt lat="36.54758297838271" lon="137.83666376955807">
        <ele>769.5</ele>
      </trkpt>
      <trkpt lat="36.54757250100374" lon="137.8367344290018">
        <ele>769.11</ele>
      </trkpt>
      <trkpt lat="36.5475610177964" lon="137.8368602413684">
        <ele>768.72</ele>
      </trkpt>
      <trkpt lat="36.547484658658504" lon="137.83700072206557">
        <ele>768.31</ele>
      </trkpt>
      <trkpt lat="36.547444090247154" lon="137.8372362535447">
        <ele>767.97</ele>
      </trkpt>
      <trkpt lat="36.547424057498574" lon="137.83731571398675">
        <ele>767.59</ele>
      </trkpt>
      <trkpt lat="36.54729279689491" lon="137.83749064430594">
        <ele>767.24</ele>
      </trkpt>
      <trkpt lat="36.547127505764365" lon="137.83757337369025">
        <ele>766.91</ele>
      </trkpt>
      <trkpt lat="36.54697839170694" lon="137.8376427758485">
        <ele>766.6</ele>
      </trkpt>
      <trkpt lat="36.54694846831262" lon="137.8376451227814">
        <ele>766.26</ele>
      </trkpt>
      <trkpt lat="36.54684646055102" lon="137.83767269924283">
        <ele>765.91</ele>
      </trkpt>
      <trkpt lat="36.54666205868125" lon="137.83775148913264">
        <ele>765.55</ele>
      </trkpt>
      <trkpt lat="36.5466368291527" lon="137.83775785937905">
        <ele>765.23</ele>
      </trkpt>
      <trkpt lat="36.546454690396786" lon="137.83784234896302">
        <ele>764.87</ele>
      </trkpt>
      <trkpt lat="36.54643398709595" lon="137.83784964121878">
        <ele>764.58</ele>
      </trkpt>
      <trkpt lat="36.54625687748194" lon="137.83790999092162">
        <ele>764.26</ele>
      </trkpt>
      <trkpt lat="36.54609913006425" lon="137.8379627969116">
        <ele>763.96</ele>
      </trkpt>
      <trkpt lat="36.5459237806499" lon="137.83806622959673">
        <ele>763.7</ele>
      </trkpt>
      <trkpt lat="36.54585278593004" lon="137.8381018526852">
        <ele>763.47</ele>
      </trkpt>
      <trkpt lat="36.54568447731435" lon="137.83817829564214">
        <ele>763.24</ele>
      </trkpt>
      <trkpt lat="36.54565338045359" lon="137.83818366006017">
        <ele>763.04</ele>
      </trkpt>
      <trkpt lat="36.54547375626862" lon="137.838236046955">
        <ele>762.86</ele>
      </trkpt>
      <trkpt lat="36.54527200385928" lon="137.83829757012427">
        <ele>762.67</ele>
      </trkpt>
      <trkpt lat="36.54523956589401" lon="137.83831232227385">
        <ele>762.53</ele>
      </trkpt>
      <trkpt lat="36.54512523673475" lon="137.83834769390523">
        <ele>762.43</ele>
      </trkpt>
      <trkpt lat="36.54509958811104" lon="137.8383642900735">
        <ele>762.32</ele>
      </trkpt>
      <trkpt lat="36.54506807215512" lon="137.83837258815765">
        <ele>762.23</ele>
      </trkpt>
      <trkpt lat="36.54491879045963" lon="137.83842539414763">
        <ele>762.2</ele>
      </trkpt>
      <trkpt lat="36.54488727450371" lon="137.8384269028902">
        <ele>762.13</ele>
      </trkpt>
      <trkpt lat="36.544689293950796" lon="137.83846294507384">
        <ele>762.11</ele>
      </trkpt>
      <trkpt lat="36.54463917016983" lon="137.83848071470857">
        <ele>762.04</ele>
      </trkpt>
      <trkpt lat="36.544453175738454" lon="137.838532095775">
        <ele>761.98</ele>
      </trkpt>
      <trkpt lat="36.54438846744597" lon="137.83854366280138">
        <ele>761.91</ele>
      </trkpt>
      <trkpt lat="36.54420280829072" lon="137.83860275521874">
        <ele>761.8</ele>
      </trkpt>
      <trkpt lat="36.54414078220725" lon="137.83862815238535">
        <ele>761.73</ele>
      </trkpt>
      <trkpt lat="36.544080348685384" lon="137.83864005468786">
        <ele>761.67</ele>
      </trkpt>
      <trkpt lat="36.54399770312011" lon="137.8386644460261">
        <ele>761.62</ele>
      </trkpt>
      <trkpt lat="36.54396937228739" lon="137.83867249265313">
        <ele>761.57</ele>
      </trkpt>
      <trkpt lat="36.5438169054687" lon="137.83871163614094">
        <ele>761.52</ele>
      </trkpt>
      <trkpt lat="36.543666031211615" lon="137.83875279128551">
        <ele>761.45</ele>
      </trkpt>
      <trkpt lat="36.543477019295096" lon="137.8388064354658">
        <ele>761.37</ele>
      </trkpt>
      <trkpt lat="36.543438294902444" lon="137.8388225287199">
        <ele>761.32</ele>
      </trkpt>
      <trkpt lat="36.5432505402714" lon="137.83887181431055">
        <ele>761.23</ele>
      </trkpt>
      <trkpt lat="36.54307996854186" lon="137.83890509046614">
        <ele>761.2</ele>
      </trkpt>
      <trkpt lat="36.542901769280434" lon="137.83896854147315">
        <ele>761.2</ele>
      </trkpt>
      <trkpt lat="36.54287813231349" lon="137.8389739897102">
        <ele>761.18</ele>
      </trkpt>
      <trkpt lat="36.54282348230481" lon="137.8389948606491">
        <ele>761.17</ele>
      </trkpt>
      <trkpt lat="36.542673613876104" lon="137.8390437271446">
        <ele>761.17</ele>
      </trkpt>
      <trkpt lat="36.5425530821085" lon="137.8390944376588">
        <ele>761.17</ele>
      </trkpt>
      <trkpt lat="36.54248879291117" lon="137.83918890170753">
        <ele>761.17</ele>
      </trkpt>
      <trkpt lat="36.54249566607177" lon="137.83921346068382">
        <ele>761.18</ele>
      </trkpt>
      <trkpt lat="36.542537743225694" lon="137.83947070129216">
        <ele>761.17</ele>
      </trkpt>
      <trkpt lat="36.542550986632705" lon="137.8395041450858">
        <ele>761.2</ele>
      </trkpt>
      <trkpt lat="36.54259071685374" lon="137.83961688168347">
        <ele>761.23</ele>
      </trkpt>
      <trkpt lat="36.542631201446056" lon="137.83976063132286">
        <ele>761.28</ele>
      </trkpt>
      <trkpt lat="36.54269247315824" lon="137.83994478173554">
        <ele>761.33</ele>
      </trkpt>
      <trkpt lat="36.54274175874889" lon="137.84017679281533">
        <ele>761.41</ele>
      </trkpt>
      <trkpt lat="36.54275399632752" lon="137.84021878615022">
        <ele>761.5</ele>
      </trkpt>
      <trkpt lat="36.54278576374054" lon="137.84043218940496">
        <ele>761.61</ele>
      </trkpt>
      <trkpt lat="36.542766988277435" lon="137.84046881832182">
        <ele>761.71</ele>
      </trkpt>
      <trkpt lat="36.542713176459074" lon="137.84052179194987">
        <ele>761.81</ele>
      </trkpt>
      <trkpt lat="36.54255232773721" lon="137.84059312194586">
        <ele>761.88</ele>
      </trkpt>
      <trkpt lat="36.542366836220026" lon="137.84065389074385">
        <ele>761.99</ele>
      </trkpt>
      <trkpt lat="36.54234462417662" lon="137.84067048691213">
        <ele>762.12</ele>
      </trkpt>
      <trkpt lat="36.542213363572955" lon="137.84072496928275">
        <ele>762.28</ele>
      </trkpt>
      <trkpt lat="36.542147817090154" lon="137.8407557308674">
        <ele>762.46</ele>
      </trkpt>
      <trkpt lat="36.54201622121036" lon="137.8407660406083">
        <ele>762.63</ele>
      </trkpt>
      <trkpt lat="36.541988058015704" lon="137.84078171476722">
        <ele>762.79</ele>
      </trkpt>
      <trkpt lat="36.541792172938585" lon="137.8408654499799">
        <ele>762.97</ele>
      </trkpt>
      <trkpt lat="36.54171614907682" lon="137.8408942837268">
        <ele>763.12</ele>
      </trkpt>
      <trkpt lat="36.541664684191346" lon="137.84091238863766">
        <ele>763.28</ele>
      </trkpt>
      <trkpt lat="36.54158170334995" lon="137.8409637697041">
        <ele>763.46</ele>
      </trkpt>
      <trkpt lat="36.541550774127245" lon="137.84098078496754">
        <ele>763.63</ele>
      </trkpt>
      <trkpt lat="36.54144214466214" lon="137.84103711135685">
        <ele>763.81</ele>
      </trkpt>
      <trkpt lat="36.54135120101273" lon="137.84107717685401">
        <ele>763.99</ele>
      </trkpt>
      <trkpt lat="36.54116931371391" lon="137.84112637862563">
        <ele>764.18</ele>
      </trkpt>
      <trkpt lat="36.54114089906216" lon="137.84113593399525">
        <ele>764.34</ele>
      </trkpt>
      <trkpt lat="36.541088093072176" lon="137.8411638457328">
        <ele>764.51</ele>
      </trkpt>
      <trkpt lat="36.54094467870891" lon="137.84122905693948">
        <ele>764.71</ele>
      </trkpt>
      <trkpt lat="36.54077217914164" lon="137.84131706692278">
        <ele>764.89</ele>
      </trkpt>
      <trkpt lat="36.54067444615066" lon="137.84137054346502">
        <ele>765.05</ele>
      </trkpt>
      <trkpt lat="36.54050722718239" lon="137.84146542660892">
        <ele>765.22</ele>
      </trkpt>
      <trkpt lat="36.54047981835902" lon="137.8414703719318">
        <ele>765.36</ele>
      </trkpt>
      <trkpt lat="36.5402873698622" lon="137.8415565378964">
        <ele>765.56</ele>
      </trkpt>
      <trkpt lat="36.54026599600911" lon="137.84157657064497">
        <ele>765.67</ele>
      </trkpt>
      <trkpt lat="36.54009064659476" lon="137.84172350540757">
        <ele>765.73</ele>
      </trkpt>
      <trkpt lat="36.54000154696405" lon="137.84179793670774">
        <ele>765.8</ele>
      </trkpt>
      <trkpt lat="36.53985142707825" lon="137.84197311848402">
        <ele>765.83</ele>
      </trkpt>
      <trkpt lat="36.53981924057007" lon="137.84201712347567">
        <ele>765.91</ele>
      </trkpt>
      <trkpt lat="36.53966459445655" lon="137.842173948884">
        <ele>765.93</ele>
      </trkpt>
      <trkpt lat="36.5396293066442" lon="137.8421789780259">
        <ele>766.01</ele>
      </trkpt>
      <trkpt lat="36.53958815149963" lon="137.84220093861222">
        <ele>766.07</ele>
      </trkpt>
      <trkpt lat="36.539512211456895" lon="137.84213053062558">
        <ele>766.16</ele>
      </trkpt>
      <trkpt lat="36.53947348706424" lon="137.84208660945296">
        <ele>766.23</ele>
      </trkpt>
      <trkpt lat="36.53937114402652" lon="137.84189734607935">
        <ele>766.36</ele>
      </trkpt>
      <trkpt lat="36.539345076307654" lon="137.84182257950306">
        <ele>766.45</ele>
      </trkpt>
      <trkpt lat="36.539286989718676" lon="137.8415996208787">
        <ele>766.56</ele>
      </trkpt>
      <trkpt lat="36.53923192061484" lon="137.84149996005">
        <ele>766.62</ele>
      </trkpt>
      <trkpt lat="36.53911239467561" lon="137.8413112834096">
        <ele>766.63</ele>
      </trkpt>
      <trkpt lat="36.53909529559314" lon="137.84128454513848">
        <ele>766.66</ele>
      </trkpt>
      <trkpt lat="36.53894140385091" lon="137.84112537279725">
        <ele>766.62</ele>
      </trkpt>
      <trkpt lat="36.53892405331135" lon="137.8410985507071">
        <ele>766.64</ele>
      </trkpt>
      <trkpt lat="36.53883847407997" lon="137.84101137891412">
        <ele>766.66</ele>
      </trkpt>
      <trkpt lat="36.53877351433039" lon="137.8409058507532">
        <ele>766.7</ele>
      </trkpt>
      <trkpt lat="36.5386657230556" lon="137.8408168349415">
        <ele>766.76</ele>
      </trkpt>
      <trkpt lat="36.53852825984359" lon="137.84065841697156">
        <ele>766.85</ele>
      </trkpt>
      <trkpt lat="36.538502192124724" lon="137.84064668230712">
        <ele>766.89</ele>
      </trkpt>
      <trkpt lat="36.53833421878517" lon="137.8406206984073">
        <ele>766.93</ele>
      </trkpt>
      <trkpt lat="36.53815375640988" lon="137.8405557386577">
        <ele>766.93</ele>
      </trkpt>
      <trkpt lat="36.53803045861423" lon="137.8405139129609">
        <ele>766.96</ele>
      </trkpt>
      <trkpt lat="36.537909088656306" lon="137.84048742614686">
        <ele>767.02</ele>
      </trkpt>
      <trkpt lat="36.53786525130272" lon="137.840432273224">
        <ele>767.09</ele>
      </trkpt>
      <trkpt lat="36.53768948279321" lon="137.8403247334063">
        <ele>767.18</ele>
      </trkpt>
      <trkpt lat="36.53766685165465" lon="137.8403101488948">
        <ele>767.26</ele>
      </trkpt>
      <trkpt lat="36.53750918805599" lon="137.8402483742684">
        <ele>767.35</ele>
      </trkpt>
      <trkpt lat="36.53748957440257" lon="137.84023638814688">
        <ele>767.44</ele>
      </trkpt>
      <trkpt lat="36.53729318641126" lon="137.84015013836324">
        <ele>767.52</ele>
      </trkpt>
      <trkpt lat="36.5371376182884" lon="137.84007905982435">
        <ele>767.67</ele>
      </trkpt>
      <trkpt lat="36.537085650488734" lon="137.8400535788387">
        <ele>767.82</ele>
      </trkpt>
      <trkpt lat="36.53700417838991" lon="137.84004963934422">
        <ele>767.99</ele>
      </trkpt>
      <trkpt lat="36.53689102269709" lon="137.83996841870248">
        <ele>768.18</ele>
      </trkpt>
      <trkpt lat="36.53672548010945" lon="137.83985358662903">
        <ele>768.39</ele>
      </trkpt>
      <trkpt lat="36.5366574190557" lon="137.8398299496621">
        <ele>768.56</ele>
      </trkpt>
      <trkpt lat="36.53647511266172" lon="137.8397499024868">
        <ele>768.72</ele>
      </trkpt>
      <trkpt lat="36.536463210359216" lon="137.83973305486143">
        <ele>768.9</ele>
      </trkpt>
      <trkpt lat="36.536288196220994" lon="137.83965007402003">
        <ele>769.04</ele>
      </trkpt>
      <trkpt lat="36.53625969775021" lon="137.83964253030717">
        <ele>769.23</ele>
      </trkpt>
      <trkpt lat="36.53607781045139" lon="137.83957606181502">
        <ele>769.39</ele>
      </trkpt>
      <trkpt lat="36.53601570054889" lon="137.83956742845476">
        <ele>769.61</ele>
      </trkpt>
      <trkpt lat="36.53585376217961" lon="137.83949978649616">
        <ele>769.87</ele>
      </trkpt>
      <trkpt lat="36.53580975718796" lon="137.83947757445276">
        <ele>770.13</ele>
      </trkpt>
      <trkpt lat="36.53575929813087" lon="137.83946466632187">
        <ele>770.4</ele>
      </trkpt>
      <trkpt lat="36.53573331423104" lon="137.8394436277449">
        <ele>770.68</ele>
      </trkpt>
      <trkpt lat="36.53570397756994" lon="137.83943482674658">
        <ele>770.96</ele>
      </trkpt>
      <trkpt lat="36.53554170392454" lon="137.83940029330552">
        <ele>771.32</ele>
      </trkpt>
      <trkpt lat="36.53551748022437" lon="137.83938587643206">
        <ele>771.61</ele>
      </trkpt>
      <trkpt lat="36.53538160957396" lon="137.83931999467313">
        <ele>771.95</ele>
      </trkpt>
      <trkpt lat="36.53525294736028" lon="137.83929149620235">
        <ele>772.28</ele>
      </trkpt>
      <trkpt lat="36.535216653719544" lon="137.83927531912923">
        <ele>772.57</ele>
      </trkpt>
      <trkpt lat="36.53502873145044" lon="137.839227123186">
        <ele>772.86</ele>
      </trkpt>
      <trkpt lat="36.53486654162407" lon="137.83914749510586">
        <ele>773.15</ele>
      </trkpt>
      <trkpt lat="36.534704603254795" lon="137.83903350122273">
        <ele>773.43</ele>
      </trkpt>
      <trkpt lat="36.5346559882164" lon="137.83901849761605">
        <ele>773.72</ele>
      </trkpt>
      <trkpt lat="36.534590693190694" lon="137.83900139853358">
        <ele>774.0</ele>
      </trkpt>
      <trkpt lat="36.53456697240472" lon="137.8389942739159">
        <ele>774.28</ele>
      </trkpt>
      <trkpt lat="36.53438818641007" lon="137.83891892060637">
        <ele>774.56</ele>
      </trkpt>
      <trkpt lat="36.534279054030776" lon="137.83888824284077">
        <ele>774.86</ele>
      </trkpt>
      <trkpt lat="36.5341881942004" lon="137.8388568945229">
        <ele>775.16</ele>
      </trkpt>
      <trkpt lat="36.53403949923813" lon="137.83877961337566">
        <ele>775.48</ele>
      </trkpt>
      <trkpt lat="36.53400111012161" lon="137.83877768553793">
        <ele>775.78</ele>
      </trkpt>
      <trkpt lat="36.533817211166024" lon="137.83873862586915">
        <ele>776.11</ele>
      </trkpt>
      <trkpt lat="36.53373833745718" lon="137.8386914357543">
        <ele>776.42</ele>
      </trkpt>
      <trkpt lat="36.53360296972096" lon="137.83865422010422">
        <ele>776.73</ele>
      </trkpt>
      <trkpt lat="36.53354739770293" lon="137.8386393841356">
        <ele>777.03</ele>
      </trkpt>
      <trkpt lat="36.53334950096905" lon="137.8385733347386">
        <ele>777.35</ele>
      </trkpt>
      <trkpt lat="36.53315688483417" lon="137.83848591148853">
        <ele>777.64</ele>
      </trkpt>
      <trkpt lat="36.53313500806689" lon="137.8384575806558">
        <ele>777.92</ele>
      </trkpt>
      <trkpt lat="36.533066276460886" lon="137.83828935585916">
        <ele>778.21</ele>
      </trkpt>
      <trkpt lat="36.53306434862316" lon="137.83822456374764">
        <ele>778.5</ele>
      </trkpt>
      <trkpt lat="36.5330052562058" lon="137.83811367116868">
        <ele>778.77</ele>
      </trkpt>
      <trkpt lat="36.532916156575084" lon="137.83800411969423">
        <ele>779.06</ele>
      </trkpt>
      <trkpt lat="36.53284809552133" lon="137.83786992542446">
        <ele>779.35</ele>
      </trkpt>
      <trkpt lat="36.53283979743719" lon="137.83781284466386">
        <ele>779.64</ele>
      </trkpt>
      <trkpt lat="36.53283728286624" lon="137.83777604810894">
        <ele>779.93</ele>
      </trkpt>
      <trkpt lat="36.532800905406475" lon="137.83753314055502">
        <ele>780.24</ele>
      </trkpt>
      <trkpt lat="36.532766204327345" lon="137.83748167566955">
        <ele>780.54</ele>
      </trkpt>
      <trkpt lat="36.53266252018511" lon="137.83725963905454">
        <ele>780.88</ele>
      </trkpt>
      <trkpt lat="36.53265489265323" lon="137.8372217528522">
        <ele>781.16</ele>
      </trkpt>
      <trkpt lat="36.5326165035367" lon="137.837147237733">
        <ele>781.45</ele>
      </trkpt>
      <trkpt lat="36.53257987461984" lon="137.83705411478877">
        <ele>781.74</ele>
      </trkpt>
      <trkpt lat="36.532555650919676" lon="137.8370100259781">
        <ele>782.0</ele>
      </trkpt>
      <trkpt lat="36.53254743665457" lon="137.8369828686118">
        <ele>782.25</ele>
      </trkpt>
      <trkpt lat="36.53246462345123" lon="137.83679192885756">
        <ele>782.48</ele>
      </trkpt>
      <trkpt lat="36.53245230205357" lon="137.83676678314805">
        <ele>782.72</ele>
      </trkpt>
      <trkpt lat="36.532395388931036" lon="137.8365671262145">
        <ele>782.92</ele>
      </trkpt>
      <trkpt lat="36.53237619437277" lon="137.83651046454906">
        <ele>783.15</ele>
      </trkpt>
      <trkpt lat="36.53232372365892" lon="137.8363688942045">
        <ele>783.4</ele>
      </trkpt>
      <trkpt lat="36.53231877833605" lon="137.8363416530192">
        <ele>783.63</ele>
      </trkpt>
      <trkpt lat="36.532259434461594" lon="137.83614501357079">
        <ele>783.9</ele>
      </trkpt>
      <trkpt lat="36.532188691198826" lon="137.83591333776712">
        <ele>784.23</ele>
      </trkpt>
      <trkpt lat="36.532182237133384" lon="137.83588618040085">
        <ele>784.44</ele>
      </trkpt>
      <trkpt lat="36.5321159362793" lon="137.83565458841622">
        <ele>784.69</ele>
      </trkpt>
      <trkpt lat="36.532110907137394" lon="137.83562583848834">
        <ele>784.88</ele>
      </trkpt>
      <trkpt lat="36.53207712806761" lon="137.8355187177658">
        <ele>785.06</ele>
      </trkpt>
      <trkpt lat="36.532057179138064" lon="137.83543841913342">
        <ele>785.26</ele>
      </trkpt>
      <trkpt lat="36.53200185857713" lon="137.83527547493577">
        <ele>785.44</ele>
      </trkpt>
      <trkpt lat="36.53199230320752" lon="137.83525007776916">
        <ele>785.62</ele>
      </trkpt>
      <trkpt lat="36.53193723410368" lon="137.83508411608636">
        <ele>785.79</ele>
      </trkpt>
      <trkpt lat="36.531907143071294" lon="137.83491647802293">
        <ele>786.0</ele>
      </trkpt>
      <trkpt lat="36.53189758770168" lon="137.83473542891443">
        <ele>786.2</ele>
      </trkpt>
      <trkpt lat="36.531875962391496" lon="137.83455337397754">
        <ele>786.38</ele>
      </trkpt>
      <trkpt lat="36.53186623938382" lon="137.83440350554883">
        <ele>786.56</ele>
      </trkpt>
      <trkpt lat="36.53185375034809" lon="137.83434776589274">
        <ele>786.75</ele>
      </trkpt>
      <trkpt lat="36.53184553608298" lon="137.83432085998356">
        <ele>786.95</ele>
      </trkpt>
      <trkpt lat="36.53181913308799" lon="137.8341359551996">
        <ele>787.16</ele>
      </trkpt>
      <trkpt lat="36.5318101644516" lon="137.8340743482113">
        <ele>787.38</ele>
      </trkpt>
      <trkpt lat="36.53179842978716" lon="137.8339539002627">
        <ele>787.61</ele>
      </trkpt>
      <trkpt lat="36.531788958236575" lon="137.83383806236088">
        <ele>787.86</ele>
      </trkpt>
      <trkpt lat="36.53177403844893" lon="137.8337183687836">
        <ele>788.13</ele>
      </trkpt>
      <trkpt lat="36.53175786137581" lon="137.83359959721565">
        <ele>788.4</ele>
      </trkpt>
      <trkpt lat="36.53174319304526" lon="137.8335077315569">
        <ele>788.67</ele>
      </trkpt>
      <trkpt lat="36.531721064820886" lon="137.83328410238028">
        <ele>788.99</ele>
      </trkpt>
      <trkpt lat="36.53172140009701" lon="137.833251664415">
        <ele>789.28</ele>
      </trkpt>
      <trkpt lat="36.53169960714877" lon="137.83306675963104">
        <ele>789.57</ele>
      </trkpt>
      <trkpt lat="36.53167647309601" lon="137.832839358598">
        <ele>789.87</ele>
      </trkpt>
      <trkpt lat="36.53167102485895" lon="137.8328081779182">
        <ele>790.17</ele>
      </trkpt>
      <trkpt lat="36.531663313508034" lon="137.8327460680157">
        <ele>790.49</ele>
      </trkpt>
      <trkpt lat="36.531646717339754" lon="137.83261489123106">
        <ele>790.84</ele>
      </trkpt>
      <trkpt lat="36.531644286587834" lon="137.83258077688515">
        <ele>791.16</ele>
      </trkpt>
      <trkpt lat="36.53161930851638" lon="137.83235480077565">
        <ele>791.49</ele>
      </trkpt>
      <trkpt lat="36.53161218389869" lon="137.8323221951723">
        <ele>791.81</ele>
      </trkpt>
      <trkpt lat="36.5315857809037" lon="137.83213175833225">
        <ele>792.14</ele>
      </trkpt>
      <trkpt lat="36.53156843036413" lon="137.8319997433573">
        <ele>792.47</ele>
      </trkpt>
      <trkpt lat="36.53156633488834" lon="137.83193319104612">
        <ele>792.8</ele>
      </trkpt>
      <trkpt lat="36.531535824760795" lon="137.83168408088386">
        <ele>793.18</ele>
      </trkpt>
      <trkpt lat="36.53151554055512" lon="137.8315261658281">
        <ele>793.56</ele>
      </trkpt>
      <trkpt lat="36.53150145895779" lon="137.83139683306217">
        <ele>793.92</ele>
      </trkpt>
      <trkpt lat="36.531493831425905" lon="137.8312605433166">
        <ele>794.26</ele>
      </trkpt>
      <trkpt lat="36.53148670680821" lon="137.83123053610325">
        <ele>794.6</ele>
      </trkpt>
      <trkpt lat="36.53148201294243" lon="137.83113456331193">
        <ele>794.92</ele>
      </trkpt>
      <trkpt lat="36.531481090933084" lon="137.83106817863882">
        <ele>795.25</ele>
      </trkpt>
      <trkpt lat="36.53147731907666" lon="137.83081504516304">
        <ele>795.58</ele>
      </trkpt>
      <trkpt lat="36.53147396631539" lon="137.83078143373132">
        <ele>795.93</ele>
      </trkpt>
      <trkpt lat="36.53145845979452" lon="137.8305617440492">
        <ele>796.31</ele>
      </trkpt>
      <trkpt lat="36.53143926523626" lon="137.8304069302976">
        <ele>796.71</ele>
      </trkpt>
      <trkpt lat="36.53143784031272" lon="137.8303778450936">
        <ele>797.07</ele>
      </trkpt>
      <trkpt lat="36.531434236094356" lon="137.83016142435372">
        <ele>797.53</ele>
      </trkpt>
      <trkpt lat="36.53143113479018" lon="137.83010115846992">
        <ele>797.91</ele>
      </trkpt>
      <trkpt lat="36.5314248483628" lon="137.82991466112435">
        <ele>798.35</ele>
      </trkpt>
      <trkpt lat="36.531420070677996" lon="137.82978599891067">
        <ele>798.75</ele>
      </trkpt>
      <trkpt lat="36.53141696937382" lon="137.82968658953905">
        <ele>799.09</ele>
      </trkpt>
      <trkpt lat="36.531414119526744" lon="137.8296568337828">
        <ele>799.44</ele>
      </trkpt>
      <trkpt lat="36.53140548616648" lon="137.82949263229966">
        <ele>799.78</ele>
      </trkpt>
      <trkpt lat="36.53140657581389" lon="137.82942792400718">
        <ele>800.1</ele>
      </trkpt>
      <trkpt lat="36.531400540843606" lon="137.82923245802522">
        <ele>800.41</ele>
      </trkpt>
      <trkpt lat="36.53138838708401" lon="137.82900178804994">
        <ele>800.7</ele>
      </trkpt>
      <trkpt lat="36.53139182366431" lon="137.82897002063692">
        <ele>801.03</ele>
      </trkpt>
      <trkpt lat="36.53139157220721" lon="137.82890749163926">
        <ele>801.36</ele>
      </trkpt>
      <trkpt lat="36.53138411231339" lon="137.82878704369068">
        <ele>801.69</ele>
      </trkpt>
      <trkpt lat="36.53136885724962" lon="137.8286044858396">
        <ele>802.06</ele>
      </trkpt>
      <trkpt lat="36.5313595533371" lon="137.82855436205864">
        <ele>802.41</ele>
      </trkpt>
      <trkpt lat="36.531319655478" lon="137.82841027714312">
        <ele>802.79</ele>
      </trkpt>
      <trkpt lat="36.531311525031924" lon="137.8283769171685">
        <ele>803.14</ele>
      </trkpt>
      <trkpt lat="36.53128311038017" lon="137.8283074311912">
        <ele>803.53</ele>
      </trkpt>
      <trkpt lat="36.53126114979386" lon="137.82823266461492">
        <ele>803.92</ele>
      </trkpt>
      <trkpt lat="36.53122007846832" lon="137.8281522821635">
        <ele>804.31</ele>
      </trkpt>
      <trkpt lat="36.53115109540522" lon="137.82800643704832">
        <ele>804.69</ele>
      </trkpt>
      <trkpt lat="36.531052524223924" lon="137.82778725028038">
        <ele>805.0</ele>
      </trkpt>
      <trkpt lat="36.531043723225594" lon="137.8277452569455">
        <ele>805.32</ele>
      </trkpt>
      <trkpt lat="36.53103391639888" lon="137.8277124837041">
        <ele>805.64</ele>
      </trkpt>
      <trkpt lat="36.53098530136049" lon="137.82746689394116">
        <ele>805.91</ele>
      </trkpt>
      <trkpt lat="36.530966106802225" lon="137.8273961506784">
        <ele>806.25</ele>
      </trkpt>
      <trkpt lat="36.5309155639261" lon="137.8271802328527">
        <ele>806.62</ele>
      </trkpt>
      <trkpt lat="36.53091103769839" lon="137.82714553177357">
        <ele>806.99</ele>
      </trkpt>
      <trkpt lat="36.530915731564164" lon="137.8270037099719">
        <ele>807.38</ele>
      </trkpt>
      <trkpt lat="36.53092277236283" lon="137.82694302499294">
        <ele>807.76</ele>
      </trkpt>
      <trkpt lat="36.53094054199755" lon="137.8267722018063">
        <ele>808.19</ele>
      </trkpt>
      <trkpt lat="36.530955377966166" lon="137.8266558609903">
        <ele>808.59</ele>
      </trkpt>
      <trkpt lat="36.53100734576583" lon="137.82642971724272">
        <ele>808.99</ele>
      </trkpt>
      <trkpt lat="36.531015979126096" lon="137.82639736309648">
        <ele>809.36</ele>
      </trkpt>
      <trkpt lat="36.5310588106513" lon="137.82617633230984">
        <ele>809.73</ele>
      </trkpt>
      <trkpt lat="36.53108756057918" lon="137.82596946693957">
        <ele>810.09</ele>
      </trkpt>
      <trkpt lat="36.53112075291574" lon="137.8257797844708">
        <ele>810.5</ele>
      </trkpt>
      <trkpt lat="36.5311314817518" lon="137.82572052441537">
        <ele>810.89</ele>
      </trkpt>
      <trkpt lat="36.53118395246565" lon="137.82556663267314">
        <ele>811.29</ele>
      </trkpt>
      <trkpt lat="36.531209936365485" lon="137.82545456662774">
        <ele>811.67</ele>
      </trkpt>
      <trkpt lat="36.5312334895134" lon="137.82535037957132">
        <ele>812.03</ele>
      </trkpt>
      <trkpt lat="36.53124840930104" lon="137.82518081367016">
        <ele>812.35</ele>
      </trkpt>
      <trkpt lat="36.531254863366485" lon="137.82514678314328">
        <ele>812.69</ele>
      </trkpt>
      <trkpt lat="36.53127036988735" lon="137.82508299686015">
        <ele>813.02</ele>
      </trkpt>
      <trkpt lat="36.531302724033594" lon="137.8249433543533">
        <ele>813.34</ele>
      </trkpt>
      <trkpt lat="36.53136785142124" lon="137.82475107349455">
        <ele>813.65</ele>
      </trkpt>
      <trkpt lat="36.53142702765763" lon="137.82455200329423">
        <ele>813.95</ele>
      </trkpt>
      <trkpt lat="36.53146566823125" lon="137.82439325004816">
        <ele>814.28</ele>
      </trkpt>
      <trkpt lat="36.531489472836256" lon="137.8243375942111">
        <ele>814.62</ele>
      </trkpt>
      <trkpt lat="36.53154496103525" lon="137.824144391343">
        <ele>815.05</ele>
      </trkpt>
      <trkpt lat="36.531569017097354" lon="137.8240460716188">
        <ele>815.41</ele>
      </trkpt>
      <trkpt lat="36.531582763418555" lon="137.8240151423961">
        <ele>815.74</ele>
      </trkpt>
      <trkpt lat="36.531646717339754" lon="137.82380182296038">
        <ele>816.13</ele>
      </trkpt>
      <trkpt lat="36.53171595185995" lon="137.82357878051698">
        <ele>816.45</ele>
      </trkpt>
      <trkpt lat="36.53183598071337" lon="137.8233639523387">
        <ele>816.75</ele>
      </trkpt>
      <trkpt lat="36.53184888884425" lon="137.82333612442017">
        <ele>817.05</ele>
      </trkpt>
      <trkpt lat="36.53192273341119" lon="137.8232124913484">
        <ele>817.35</ele>
      </trkpt>
      <trkpt lat="36.53199741616845" lon="137.82307662069798">
        <ele>817.66</ele>
      </trkpt>
      <trkpt lat="36.532042510807514" lon="137.82299992628396">
        <ele>817.98</ele>
      </trkpt>
      <trkpt lat="36.53210294432938" lon="137.8228083997965">
        <ele>818.29</ele>
      </trkpt>
      <trkpt lat="36.53218391351402" lon="137.8226533345878">
        <ele>818.56</ele>
      </trkpt>
      <trkpt lat="36.53219489380717" lon="137.82263221219182">
        <ele>818.83</ele>
      </trkpt>
      <trkpt lat="36.5322332829237" lon="137.8224778175354">
        <ele>819.05</ele>
      </trkpt>
      <trkpt lat="36.5322713367641" lon="137.82234521582723">
        <ele>819.28</ele>
      </trkpt>
      <trkpt lat="36.5322676487267" lon="137.82226365990937">
        <ele>819.53</ele>
      </trkpt>
      <trkpt lat="36.53226773254573" lon="137.82206861302257">
        <ele>819.76</ele>
      </trkpt>
      <trkpt lat="36.53226857073605" lon="137.82185604795814">
        <ele>820.03</ele>
      </trkpt>
      <trkpt lat="36.53226655907929" lon="137.8218279685825">
        <ele>820.3</ele>
      </trkpt>
      <trkpt lat="36.532262954860926" lon="137.82157047651708">
        <ele>820.65</ele>
      </trkpt>
      <trkpt lat="36.53229237534106" lon="137.82135816290975">
        <ele>821.02</ele>
      </trkpt>
      <trkpt lat="36.532292710617185" lon="137.82133997417986">
        <ele>821.31</ele>
      </trkpt>
      <trkpt lat="36.532302936539054" lon="137.82128314487636">
        <ele>821.62</ele>
      </trkpt>
      <trkpt lat="36.532317101955414" lon="137.82122941687703">
        <ele>821.93</ele>
      </trkpt>
      <trkpt lat="36.5323144197464" lon="137.82120016403496">
        <ele>822.22</ele>
      </trkpt>
      <trkpt lat="36.53235339559615" lon="137.82101224176586">
        <ele>822.58</ele>
      </trkpt>
      <trkpt lat="36.53236228041351" lon="137.82090495340526">
        <ele>822.84</ele>
      </trkpt>
      <trkpt lat="36.53236085548997" lon="137.82087947241962">
        <ele>823.13</ele>
      </trkpt>
      <trkpt lat="36.5324040222913" lon="137.82073949463665">
        <ele>823.38</ele>
      </trkpt>
      <trkpt lat="36.5324766933918" lon="137.82054134644568">
        <ele>823.62</ele>
      </trkpt>
      <trkpt lat="36.53250929899514" lon="137.82039139419794">
        <ele>823.9</ele>
      </trkpt>
      <trkpt lat="36.53253251686692" lon="137.8203244227916">
        <ele>824.21</ele>
      </trkpt>
      <trkpt lat="36.5325718279928" lon="137.8201903961599">
        <ele>824.56</ele>
      </trkpt>
      <trkpt lat="36.53258725069463" lon="137.82013482414186">
        <ele>824.87</ele>
      </trkpt>
      <trkpt lat="36.532605942338705" lon="137.82001697458327">
        <ele>825.19</ele>
      </trkpt>
      <trkpt lat="36.53261172585189" lon="137.81998101621866">
        <ele>825.49</ele>
      </trkpt>
      <trkpt lat="36.532616671174765" lon="137.81994975171983">
        <ele>825.79</ele>
      </trkpt>
      <trkpt lat="36.532659586519" lon="137.81972771510482">
        <ele>826.13</ele>
      </trkpt>
      <trkpt lat="36.53265707194805" lon="137.8196904156357">
        <ele>826.42</ele>
      </trkpt>
      <trkpt lat="36.53269722126424" lon="137.81949436292052">
        <ele>826.8</ele>
      </trkpt>
      <trkpt lat="36.53271012939513" lon="137.8194461669773">
        <ele>827.08</ele>
      </trkpt>
      <trkpt lat="36.53274692595005" lon="137.81932102516294">
        <ele>827.42</ele>
      </trkpt>
      <trkpt lat="36.53276444412768" lon="137.81925824470818">
        <ele>827.71</ele>
      </trkpt>
      <trkpt lat="36.53278548270464" lon="137.81920510344207">
        <ele>827.97</ele>
      </trkpt>
      <trkpt lat="36.532797971740365" lon="137.81915850006044">
        <ele>828.2</ele>
      </trkpt>
      <trkpt lat="36.53281473554671" lon="137.81905607320368">
        <ele>828.42</ele>
      </trkpt>
      <trkpt lat="36.53283569030464" lon="137.81900083646178">
        <ele>828.62</ele>
      </trkpt>
      <trkpt lat="36.53285161592066" lon="137.81894610263407">
        <ele>828.78</ele>
      </trkpt>
      <trkpt lat="36.532894195988774" lon="137.81880629248917">
        <ele>828.91</ele>
      </trkpt>
      <trkpt lat="36.53290433809161" lon="137.81877536326647">
        <ele>829.05</ele>
      </trkpt>
      <trkpt lat="36.532911797985435" lon="137.8187490440905">
        <ele>829.18</ele>
      </trkpt>
      <trkpt lat="36.53296820819378" lon="137.81858769245446">
        <ele>829.24</ele>
      </trkpt>
      <trkpt lat="36.53298296034336" lon="137.81851418316364">
        <ele>829.34</ele>
      </trkpt>
      <trkpt lat="36.53302202001214" lon="137.81831528060138">
        <ele>829.39</ele>
      </trkpt>
      <trkpt lat="36.533024199306965" lon="137.8182794060558">
        <ele>829.5</ele>
      </trkpt>
      <trkpt lat="36.53304590843618" lon="137.8181128576398">
        <ele>829.58</ele>
      </trkpt>
      <trkpt lat="36.53303316794336" lon="137.81808662228286">
        <ele>829.68</ele>
      </trkpt>
      <trkpt lat="36.533020259812474" lon="137.81805678270757">
        <ele>829.79</ele>
      </trkpt>
      <trkpt lat="36.53296225704253" lon="137.81783332116902">
        <ele>829.87</ele>
      </trkpt>
      <trkpt lat="36.53294272720814" lon="137.8177122026682">
        <ele>829.99</ele>
      </trkpt>
      <trkpt lat="36.53297659009695" lon="137.8175711352378">
        <ele>830.15</ele>
      </trkpt>
      <trkpt lat="36.5330671146512" lon="137.8173916786909">
        <ele>830.31</ele>
      </trkpt>
      <trkpt lat="36.5331744030118" lon="137.8172058518976">
        <ele>830.51</ele>
      </trkpt>
      <trkpt lat="36.53318664059043" lon="137.81718766316772">
        <ele>830.65</ele>
      </trkpt>
      <trkpt lat="36.53330013155937" lon="137.8170181810856">
        <ele>830.86</ele>
      </trkpt>
      <trkpt lat="36.5333800110966" lon="137.81693872064352">
        <ele>831.02</ele>
      </trkpt>
      <trkpt lat="36.53344647958875" lon="137.8168459329754">
        <ele>831.18</ele>
      </trkpt>
      <trkpt lat="36.53348227031529" lon="137.81677175313234">
        <ele>831.34</ele>
      </trkpt>
      <trkpt lat="36.5335232578218" lon="137.81669639982283">
        <ele>831.5</ele>
      </trkpt>
      <trkpt lat="36.533547481521964" lon="137.81664359383285">
        <ele>831.66</ele>
      </trkpt>
      <trkpt lat="36.53359014540911" lon="137.816564720124">
        <ele>831.84</ele>
      </trkpt>
      <trkpt lat="36.53369877487421" lon="137.81637051142752">
        <ele>832.05</ele>
      </trkpt>
      <trkpt lat="36.533717634156346" lon="137.81635257415473">
        <ele>832.2</ele>
      </trkpt>
      <trkpt lat="36.53382785618305" lon="137.81619281508029">
        <ele>832.39</ele>
      </trkpt>
      <trkpt lat="36.533892564475536" lon="137.81610103324056">
        <ele>832.54</ele>
      </trkpt>
      <trkpt lat="36.53392257168889" lon="137.81605032272637">
        <ele>832.69</ele>
      </trkpt>
      <trkpt lat="36.53395081870258" lon="137.81599391251802">
        <ele>832.84</ele>
      </trkpt>
      <trkpt lat="36.53404578566551" lon="137.8157971892506">
        <ele>832.98</ele>
      </trkpt>
      <trkpt lat="36.5341535769403" lon="137.81558839604259">
        <ele>833.1</ele>
      </trkpt>
      <trkpt lat="36.53416631743312" lon="137.81556031666696">
        <ele>833.24</ele>
      </trkpt>
      <trkpt lat="36.53426346369088" lon="137.81538865529">
        <ele>833.3</ele>
      </trkpt>
      <trkpt lat="36.53437301516533" lon="137.81520844437182">
        <ele>833.43</ele>
      </trkpt>
      <trkpt lat="36.53438868932426" lon="137.81518279574811">
        <ele>833.59</ele>
      </trkpt>
      <trkpt lat="36.53449782170355" lon="137.81498146243393">
        <ele>833.76</ele>
      </trkpt>
      <trkpt lat="36.53460728935897" lon="137.81478432007134">
        <ele>833.99</ele>
      </trkpt>
      <trkpt lat="36.534646935760975" lon="137.81470770947635">
        <ele>834.21</ele>
      </trkpt>
      <trkpt lat="36.534733939915895" lon="137.8145513869822">
        <ele>834.44</ele>
      </trkpt>
      <trkpt lat="36.53476721607149" lon="137.81450796872377">
        <ele>834.69</ele>
      </trkpt>
      <trkpt lat="36.53485648334026" lon="137.81437310390174">
        <ele>834.97</ele>
      </trkpt>
      <trkpt lat="36.53492429293692" lon="137.81425072811544">
        <ele>835.21</ele>
      </trkpt>
      <trkpt lat="36.535035856068134" lon="137.81406867317855">
        <ele>835.5</ele>
      </trkpt>
      <trkpt lat="36.53505337424576" lon="137.81404889188707">
        <ele>835.79</ele>
      </trkpt>
      <trkpt lat="36.535112550482154" lon="137.81395769678056">
        <ele>836.11</ele>
      </trkpt>
      <trkpt lat="36.535141970962286" lon="137.813913943246">
        <ele>836.44</ele>
      </trkpt>
      <trkpt lat="36.53519930317998" lon="137.81381411477923">
        <ele>836.79</ele>
      </trkpt>
      <trkpt lat="36.53525412082672" lon="137.8137111850083">
        <ele>837.16</ele>
      </trkpt>
      <trkpt lat="36.53536073863506" lon="137.8135433793068">
        <ele>837.6</ele>
      </trkpt>
      <trkpt lat="36.53547255322337" lon="137.81335453502834">
        <ele>838.03</ele>
      </trkpt>
      <trkpt lat="36.53550457209349" lon="137.81331094913185">
        <ele>838.4</ele>
      </trkpt>
      <trkpt lat="36.53557179495692" lon="137.81318999826908">
        <ele>838.79</ele>
      </trkpt>
      <trkpt lat="36.53558302670717" lon="137.8131651878357">
        <ele>839.16</ele>
      </trkpt>
      <trkpt lat="36.5356074180454" lon="137.8131133876741">
        <ele>839.53</ele>
      </trkpt>
      <trkpt lat="36.5357025526464" lon="137.8129556402564">
        <ele>839.93</ele>
      </trkpt>
      <trkpt lat="36.53573197312653" lon="137.8129104617983">
        <ele>840.3</ele>
      </trkpt>
      <trkpt lat="36.535808416083455" lon="137.81279420480132">
        <ele>840.7</ele>
      </trkpt>
      <trkpt lat="36.535824006423354" lon="137.81277048401535">
        <ele>841.04</ele>
      </trkpt>
      <trkpt lat="36.53585309162736" lon="137.81272077932954">
        <ele>841.39</ele>
      </trkpt>
      <trkpt lat="36.53595861978829" lon="137.81252187676728">
        <ele>841.73</ele>
      </trkpt>
      <trkpt lat="36.53596809133887" lon="137.812494719401">
        <ele>842.03</ele>
      </trkpt>
      <trkpt lat="36.536073703318834" lon="137.81231559813023">
        <ele>842.32</ele>
      </trkpt>
      <trkpt lat="36.53611410409212" lon="137.81224871054292">
        <ele>842.59</ele>
      </trkpt>
      <trkpt lat="36.536165149882436" lon="137.81215181574225">
        <ele>842.83</ele>
      </trkpt>
      <trkpt lat="36.53617956675589" lon="137.81212901696563">
        <ele>843.08</ele>
      </trkpt>
      <trkpt lat="36.536283334717155" lon="137.811968754977">
        <ele>843.28</ele>
      </trkpt>
      <trkpt lat="36.53634142130613" lon="137.81187186017632">
        <ele>843.51</ele>
      </trkpt>
      <trkpt lat="36.536421133205295" lon="137.8117156215012">
        <ele>843.76</ele>
      </trkpt>
      <trkpt lat="36.53652850538492" lon="137.81150699593127">
        <ele>844.0</ele>
      </trkpt>
      <trkpt lat="36.536645013839006" lon="137.811318654567">
        <ele>844.21</ele>
      </trkpt>
      <trkpt lat="36.53665968216956" lon="137.81130054965615">
        <ele>844.39</ele>
      </trkpt>
      <trkpt lat="36.53667594306171" lon="137.81128546223044">
        <ele>844.57</ele>
      </trkpt>
      <trkpt lat="36.53673201799393" lon="137.81119066290557">
        <ele>844.73</ele>
      </trkpt>
      <trkpt lat="36.536803264170885" lon="137.81106879003346">
        <ele>844.91</ele>
      </trkpt>
      <trkpt lat="36.53683377429843" lon="137.81100885942578">
        <ele>845.07</ele>
      </trkpt>
      <trkpt lat="36.536948857828975" lon="137.8108199313283">
        <ele>845.23</ele>
      </trkpt>
      <trkpt lat="36.53696327470243" lon="137.81079101376235">
        <ele>845.38</ele>
      </trkpt>
      <trkpt lat="36.53701348230243" lon="137.81068875454366">
        <ele>845.52</ele>
      </trkpt>
      <trkpt lat="36.53708070516586" lon="137.81055925413966">
        <ele>845.68</ele>
      </trkpt>
      <trkpt lat="36.53718765825033" lon="137.81039052642882">
        <ele>845.82</ele>
      </trkpt>
      <trkpt lat="36.537295281887054" lon="137.81023554503918">
        <ele>845.94</ele>
      </trkpt>
      <trkpt lat="36.53730642981827" lon="137.8102104831487">
        <ele>846.06</ele>
      </trkpt>
      <trkpt lat="36.53743299655616" lon="137.810031613335">
        <ele>846.17</ele>
      </trkpt>
      <trkpt lat="36.537448754534125" lon="137.81001082621515">
        <ele>846.3</ele>
      </trkpt>
      <trkpt lat="36.5375052485615" lon="137.80994955450296">
        <ele>846.42</ele>
      </trkpt>
      <trkpt lat="36.537586469203234" lon="137.80987126752734">
        <ele>846.55</ele>
      </trkpt>
      <trkpt lat="36.53762108646333" lon="137.80983120203018">
        <ele>846.69</ele>
      </trkpt>
      <trkpt lat="36.53766157105565" lon="137.8097641468048">
        <ele>846.84</ele>
      </trkpt>
      <trkpt lat="36.537730218842626" lon="137.80967102386057">
        <ele>847.0</ele>
      </trkpt>
      <trkpt lat="36.53784387744963" lon="137.80951344408095">
        <ele>847.17</ele>
      </trkpt>
      <trkpt lat="36.53785955160856" lon="137.8094971831888">
        <ele>847.33</ele>
      </trkpt>
      <trkpt lat="36.538009168580174" lon="137.80935033224523">
        <ele>847.57</ele>
      </trkpt>
      <trkpt lat="36.53812433592975" lon="137.8092056605965">
        <ele>847.76</ele>
      </trkpt>
      <trkpt lat="36.53824436478317" lon="137.80908538028598">
        <ele>847.92</ele>
      </trkpt>
      <trkpt lat="36.53833354823291" lon="137.80898085795343">
        <ele>848.08</ele>
      </trkpt>
      <trkpt lat="36.538385013118386" lon="137.80892226845026">
        <ele>848.21</ele>
      </trkpt>
      <trkpt lat="36.538405464962125" lon="137.8089035768062">
        <ele>848.36</ele>
      </trkpt>
      <trkpt lat="36.53845558874309" lon="137.80885278247297">
        <ele>848.5</ele>
      </trkpt>
      <trkpt lat="36.53849548660219" lon="137.80880961567163">
        <ele>848.67</ele>
      </trkpt>
      <trkpt lat="36.53864040970802" lon="137.8086795285344">
        <ele>848.84</ele>
      </trkpt>
      <trkpt lat="36.53875750489533" lon="137.80858213081956">
        <ele>848.99</ele>
      </trkpt>
      <trkpt lat="36.53889496810734" lon="137.8084714896977">
        <ele>849.25</ele>
      </trkpt>
      <trkpt lat="36.53893151320517" lon="137.80844592489302">
        <ele>849.47</ele>
      </trkpt>
      <trkpt lat="36.53902689926326" lon="137.80836571007967">
        <ele>849.71</ele>
      </trkpt>
      <trkpt lat="36.53919579461217" lon="137.80825775116682">
        <ele>849.98</ele>
      </trkpt>
      <trkpt lat="36.53926846571267" lon="137.8081953059882">
        <ele>850.26</ele>
      </trkpt>
      <trkpt lat="36.53936913236976" lon="137.80811542645097">
        <ele>850.54</ele>
      </trkpt>
      <trkpt lat="36.5395119599998" lon="137.80801341868937">
        <ele>850.79</ele>
      </trkpt>
      <trkpt lat="36.53958563692868" lon="137.80794518999755">
        <ele>851.03</ele>
      </trkpt>
      <trkpt lat="36.539660822600126" lon="137.80788098461926">
        <ele>851.3</ele>
      </trkpt>
      <trkpt lat="36.53972561471164" lon="137.8078369796276">
        <ele>851.55</ele>
      </trkpt>
      <trkpt lat="36.53978856280446" lon="137.8077856823802">
        <ele>851.78</ele>
      </trkpt>
      <trkpt lat="36.53986617922783" lon="137.8077238239348">
        <ele>852.02</ele>
      </trkpt>
      <trkpt lat="36.539931893348694" lon="137.80768191441894">
        <ele>852.26</ele>
      </trkpt>
      <trkpt lat="36.540014958009124" lon="137.80761871486902">
        <ele>852.51</ele>
      </trkpt>
      <trkpt lat="36.54009542427957" lon="137.8075071517378">
        <ele>852.8</ele>
      </trkpt>
      <trkpt lat="36.540101962164044" lon="137.8074799105525">
        <ele>853.09</ele>
      </trkpt>
      <trkpt lat="36.54013406485319" lon="137.80732886865735">
        <ele>853.41</ele>
      </trkpt>
      <trkpt lat="36.54014085419476" lon="137.80727329663932">
        <ele>853.74</ele>
      </trkpt>
      <trkpt lat="36.54014462605119" lon="137.8071514237672">
        <ele>854.08</ele>
      </trkpt>
      <trkpt lat="36.54015359468758" lon="137.80703147873282">
        <ele>854.43</ele>
      </trkpt>
      <trkpt lat="36.54013389721513" lon="137.80678228475153">
        <ele>854.75</ele>
      </trkpt>
      <trkpt lat="36.54013121500611" lon="137.80675085261464">
        <ele>855.12</ele>
      </trkpt>
      <trkpt lat="36.54011931270361" lon="137.80654281377792">
        <ele>855.53</ele>
      </trkpt>
      <trkpt lat="36.54010673984885" lon="137.8063429892063">
        <ele>855.98</ele>
      </trkpt>
      <trkpt lat="36.54009483754635" lon="137.8062570746988">
        <ele>856.4</ele>
      </trkpt>
      <trkpt lat="36.54007690027356" lon="137.80608851462603">
        <ele>856.88</ele>
      </trkpt>
      <trkpt lat="36.54007161967456" lon="137.8059994149953">
        <ele>857.35</ele>
      </trkpt>
      <trkpt lat="36.5400558616966" lon="137.80580319464207">
        <ele>857.85</ele>
      </trkpt>
      <trkpt lat="36.54005468823016" lon="137.80577293597162">
        <ele>858.3</ele>
      </trkpt>
      <trkpt lat="36.54004404321313" lon="137.80556087382138">
        <ele>858.8</ele>
      </trkpt>
      <trkpt lat="36.54004102572799" lon="137.80537529848516">
        <ele>859.27</ele>
      </trkpt>
      <trkpt lat="36.540031637996435" lon="137.80520950444043">
        <ele>859.72</ele>
      </trkpt>
      <trkpt lat="36.540049659088254" lon="137.80500691384077">
        <ele>860.16</ele>
      </trkpt>
      <trkpt lat="36.54013507068157" lon="137.80479786917567">
        <ele>860.61</ele>
      </trkpt>
      <trkpt lat="36.54015342704952" lon="137.80477188527584">
        <ele>861.01</ele>
      </trkpt>
      <trkpt lat="36.54023858718574" lon="137.80462201684713">
        <ele>861.41</ele>
      </trkpt>
      <trkpt lat="36.5402820892632" lon="137.8045336715877">
        <ele>861.76</ele>
      </trkpt>
      <trkpt lat="36.540312096476555" lon="137.80446929857135">
        <ele>862.09</ele>
      </trkpt>
      <trkpt lat="36.54044084250927" lon="137.80430736020207">
        <ele>862.42</ele>
      </trkpt>
      <trkpt lat="36.5404530800879" lon="137.8042825497687">
        <ele>862.7</ele>
      </trkpt>
      <trkpt lat="36.54049700126052" lon="137.804212057963">
        <ele>862.97</ele>
      </trkpt>
      <trkpt lat="36.54056824743748" lon="137.80410619452596">
        <ele>863.22</ele>
      </trkpt>
      <trkpt lat="36.54068768955767" lon="137.80393520370126">
        <ele>863.46</ele>
      </trkpt>
      <trkpt lat="36.54079749248922" lon="137.8037585131824">
        <ele>863.66</ele>
      </trkpt>
      <trkpt lat="36.54089631512761" lon="137.8035912103951">
        <ele>863.85</ele>
      </trkpt>
      <trkpt lat="36.54095356352627" lon="137.80340027064085">
        <ele>863.96</ele>
      </trkpt>
      <trkpt lat="36.540985917672515" lon="137.80320363119245">
        <ele>864.03</ele>
      </trkpt>
      <trkpt lat="36.54097200371325" lon="137.80296575278044">
        <ele>864.06</ele>
      </trkpt>
      <trkpt lat="36.54093378223479" lon="137.80274480581284">
        <ele>864.07</ele>
      </trkpt>
      <trkpt lat="36.54092607088387" lon="137.80271370895207">
        <ele>864.07</ele>
      </trkpt>
      <trkpt lat="36.54089053161442" lon="137.80247599817812">
        <ele>864.05</ele>
      </trkpt>
      <trkpt lat="36.540886173024774" lon="137.8024426382035">
        <ele>864.0</ele>
      </trkpt>
      <trkpt lat="36.54086194932461" lon="137.80226569622755">
        <ele>863.93</ele>
      </trkpt>
      <trkpt lat="36.54083504341543" lon="137.8020628541708">
        <ele>863.83</ele>
      </trkpt>
      <trkpt lat="36.54080780223012" lon="137.8018347825855">
        <ele>863.71</ele>
      </trkpt>
      <trkpt lat="36.54080285690725" lon="137.8018030989915">
        <ele>863.56</ele>
      </trkpt>
      <trkpt lat="36.54076840728521" lon="137.80159967020154">
        <ele>863.35</ele>
      </trkpt>
      <trkpt lat="36.540757175534964" lon="137.80149816535413">
        <ele>863.13</ele>
      </trkpt>
      <trkpt lat="36.540721636265516" lon="137.8012602031231">
        <ele>862.92</ele>
      </trkpt>
      <trkpt lat="36.5407136734575" lon="137.80119515955448">
        <ele>862.68</ele>
      </trkpt>
      <trkpt lat="36.54064158909023" lon="137.80099290423095">
        <ele>862.38</ele>
      </trkpt>
      <trkpt lat="36.54061728157103" lon="137.8009917307645">
        <ele>862.08</ele>
      </trkpt>
      <trkpt lat="36.540540251880884" lon="137.80101930722594">
        <ele>861.74</ele>
      </trkpt>
      <trkpt lat="36.54045559465885" lon="137.80105627141893">
        <ele>861.39</ele>
      </trkpt>
      <trkpt lat="36.540344785898924" lon="137.8011058922857">
        <ele>861.01</ele>
      </trkpt>
      <trkpt lat="36.54021947644651" lon="137.8011730313301">
        <ele>860.64</ele>
      </trkpt>
      <trkpt lat="36.540032643824816" lon="137.8012541681528">
        <ele>860.28</ele>
      </trkpt>
      <trkpt lat="36.53985754586756" lon="137.80133170075715">
        <ele>859.94</ele>
      </trkpt>
      <trkpt lat="36.53979669325054" lon="137.80135441571474">
        <ele>859.56</ele>
      </trkpt>
      <trkpt lat="36.53969870880246" lon="137.80138274654746">
        <ele>859.15</ele>
      </trkpt>
      <trkpt lat="36.53962276875973" lon="137.80140697024763">
        <ele>858.72</ele>
      </trkpt>
      <trkpt lat="36.53957096859813" lon="137.8014301881194">
        <ele>858.29</ele>
      </trkpt>
      <trkpt lat="36.53951874934137" lon="137.80145717784762">
        <ele>857.86</ele>
      </trkpt>
      <trkpt lat="36.539430152624846" lon="137.80148659832776">
        <ele>857.39</ele>
      </trkpt>
      <trkpt lat="36.53940400108695" lon="137.80149548314512">
        <ele>856.93</ele>
      </trkpt>
      <trkpt lat="36.53933200053871" lon="137.8015319444239">
        <ele>856.44</ele>
      </trkpt>
      <trkpt lat="36.539197051897645" lon="137.80158223584294">
        <ele>855.92</ele>
      </trkpt>
      <trkpt lat="36.53903754428029" lon="137.80165616422892">
        <ele>855.39</ele>
      </trkpt>
      <trkpt lat="36.53900879435241" lon="137.80166521668434">
        <ele>854.93</ele>
      </trkpt>
      <trkpt lat="36.53881508857012" lon="137.8017398994416">
        <ele>854.4</ele>
      </trkpt>
      <trkpt lat="36.53864895924926" lon="137.80178633518517">
        <ele>853.9</ele>
      </trkpt>
      <trkpt lat="36.53857025317848" lon="137.80181642621756">
        <ele>853.46</ele>
      </trkpt>
      <trkpt lat="36.53838174417615" lon="137.8018881753087">
        <ele>853.03</ele>
      </trkpt>
      <trkpt lat="36.538323909044266" lon="137.80191005207598">
        <ele>852.6</ele>
      </trkpt>
      <trkpt lat="36.53813070617616" lon="137.80198138207197">
        <ele>852.16</ele>
      </trkpt>
      <trkpt lat="36.53810329735279" lon="137.80199076980352">
        <ele>851.76</ele>
      </trkpt>
      <trkpt lat="36.5380753017962" lon="137.80200292356312">
        <ele>851.37</ele>
      </trkpt>
      <trkpt lat="36.53804479166865" lon="137.80201524496078">
        <ele>850.99</ele>
      </trkpt>
      <trkpt lat="36.537870364263654" lon="137.80208439566195">
        <ele>850.63</ele>
      </trkpt>
      <trkpt lat="36.53784102760255" lon="137.80209462158382">
        <ele>850.28</ele>
      </trkpt>
      <trkpt lat="36.537695433944464" lon="137.80215681530535">
        <ele>849.97</ele>
      </trkpt>
      <trkpt lat="36.53763852082193" lon="137.8021788597107">
        <ele>849.65</ele>
      </trkpt>
      <trkpt lat="36.53747348114848" lon="137.8022375330329">
        <ele>849.32</ele>
      </trkpt>
      <trkpt lat="36.537446742877364" lon="137.80225027352571">
        <ele>849.0</ele>
      </trkpt>
      <trkpt lat="36.53733333572745" lon="137.80229972675443">
        <ele>848.66</ele>
      </trkpt>
      <trkpt lat="36.537186400964856" lon="137.80235420912504">
        <ele>848.33</ele>
      </trkpt>
      <trkpt lat="36.53698640875518" lon="137.80241581611335">
        <ele>847.99</ele>
      </trkpt>
      <trkpt lat="36.53695941902697" lon="137.80241874977946">
        <ele>847.71</ele>
      </trkpt>
      <trkpt lat="36.53676018118858" lon="137.8024685382843">
        <ele>847.4</ele>
      </trkpt>
      <trkpt lat="36.536705112084746" lon="137.80248236842453">
        <ele>847.12</ele>
      </trkpt>
      <trkpt lat="36.53659145347774" lon="137.80250835232437">
        <ele>846.87</ele>
      </trkpt>
      <trkpt lat="36.53649313375354" lon="137.8025290556252">
        <ele>846.63</ele>
      </trkpt>
      <trkpt lat="36.53634024783969" lon="137.80261849053204">
        <ele>846.42</ele>
      </trkpt>
      <trkpt lat="36.536256931722164" lon="137.80266350135207">
        <ele>846.21</ele>
      </trkpt>
      <trkpt lat="36.53620001859963" lon="137.80269627459347">
        <ele>845.99</ele>
      </trkpt>
      <trkpt lat="36.536142183467746" lon="137.8027328196913">
        <ele>845.75</ele>
      </trkpt>
      <trkpt lat="36.53596029616892" lon="137.8028393536806">
        <ele>845.54</ele>
      </trkpt>
      <trkpt lat="36.53590111993253" lon="137.80286827124655">
        <ele>845.33</ele>
      </trkpt>
      <trkpt lat="36.535821156576276" lon="137.8029049001634">
        <ele>845.1</ele>
      </trkpt>
      <trkpt lat="36.535737505182624" lon="137.80293926596642">
        <ele>844.85</ele>
      </trkpt>
      <trkpt lat="36.535660307854414" lon="137.80297111719847">
        <ele>844.61</ele>
      </trkpt>
      <trkpt lat="36.535575818270445" lon="137.80300464481115">
        <ele>844.39</ele>
      </trkpt>
      <trkpt lat="36.53539435006678" lon="137.80307790264487">
        <ele>844.09</ele>
      </trkpt>
      <trkpt lat="36.535334922373295" lon="137.8031004499644">
        <ele>843.83</ele>
      </trkpt>
      <trkpt lat="36.53513451106846" lon="137.8031712770462">
        <ele>843.52</ele>
      </trkpt>
      <trkpt lat="36.53508304618299" lon="137.80318954959512">
        <ele>843.27</ele>
      </trkpt>
      <trkpt lat="36.53505555354059" lon="137.80319801531732">
        <ele>843.02</ele>
      </trkpt>
      <trkpt lat="36.534887328743935" lon="137.80326624400914">
        <ele>842.71</ele>
      </trkpt>
      <trkpt lat="36.534857489168644" lon="137.80327177606523">
        <ele>842.47</ele>
      </trkpt>
      <trkpt lat="36.53469161130488" lon="137.8033369872719">
        <ele>842.2</ele>
      </trkpt>
      <trkpt lat="36.53466269373894" lon="137.8033549245447">
        <ele>841.96</ele>
      </trkpt>
      <trkpt lat="36.53449731878936" lon="137.80344469472766">
        <ele>841.78</ele>
      </trkpt>
      <trkpt lat="36.534328423440456" lon="137.80350697226822">
        <ele>841.6</ele>
      </trkpt>
      <trkpt lat="36.5342225600034" lon="137.80354242771864">
        <ele>841.39</ele>
      </trkpt>
      <trkpt lat="36.53406632132828" lon="137.8036102373153">
        <ele>841.15</ele>
      </trkpt>
      <trkpt lat="36.533878818154335" lon="137.80370763503015">
        <ele>840.87</ele>
      </trkpt>
      <trkpt lat="36.53385031968355" lon="137.80372004024684">
        <ele>840.65</ele>
      </trkpt>
      <trkpt lat="36.53367002494633" lon="137.80379229225218">
        <ele>840.44</ele>
      </trkpt>
      <trkpt lat="36.53364739380777" lon="137.80380067415535">
        <ele>840.23</ele>
      </trkpt>
      <trkpt lat="36.533570531755686" lon="137.80383151955903">
        <ele>840.02</ele>
      </trkpt>
      <trkpt lat="36.533546978607774" lon="137.80384057201445">
        <ele>839.83</ele>
      </trkpt>
      <trkpt lat="36.53346659615636" lon="137.80386638827622">
        <ele>839.63</ele>
      </trkpt>
      <trkpt lat="36.533390237018466" lon="137.8038917016238">
        <ele>839.42</ele>
      </trkpt>
      <trkpt lat="36.53320390731096" lon="137.80396294780076">
        <ele>839.22</ele>
      </trkpt>
      <trkpt lat="36.53317683376372" lon="137.80397300608456">
        <ele>839.05</ele>
      </trkpt>
      <trkpt lat="36.53315043076873" lon="137.80398624949157">
        <ele>838.88</ele>
      </trkpt>
      <trkpt lat="36.532946582883596" lon="137.80405825003982">
        <ele>838.71</ele>
      </trkpt>
      <trkpt lat="36.532920598983765" lon="137.8040722478181">
        <ele>838.56</ele>
      </trkpt>
      <trkpt lat="36.53286603279412" lon="137.80409932136536">
        <ele>838.41</ele>
      </trkpt>
      <trkpt lat="36.53272203169763" lon="137.80415137298405">
        <ele>838.26</ele>
      </trkpt>
      <trkpt lat="36.532529247924685" lon="137.80421608127654">
        <ele>838.14</ele>
      </trkpt>
      <trkpt lat="36.53250167146325" lon="137.80423066578805">
        <ele>838.02</ele>
      </trkpt>
      <trkpt lat="36.53233973309398" lon="137.8042918536812">
        <ele>837.89</ele>
      </trkpt>
      <trkpt lat="36.53216999955475" lon="137.80443183146417">
        <ele>837.78</ele>
      </trkpt>
      <trkpt lat="36.53215080499649" lon="137.8044496010989">
        <ele>837.68</ele>
      </trkpt>
      <trkpt lat="36.5321069676429" lon="137.80449788086116">
        <ele>837.59</ele>
      </trkpt>
      <trkpt lat="36.532011833041906" lon="137.8046063426882">
        <ele>837.5</ele>
      </trkpt>
      <trkpt lat="36.53193857520819" lon="137.8046827018261">
        <ele>837.42</ele>
      </trkpt>
      <trkpt lat="36.53191736899316" lon="137.80471161939204">
        <ele>837.34</ele>
      </trkpt>
      <trkpt lat="36.53178250417113" lon="137.80486064963043">
        <ele>837.26</ele>
      </trkpt>
      <trkpt lat="36.531712766736746" lon="137.80494295991957">
        <ele>837.19</ele>
      </trkpt>
      <trkpt lat="36.531578823924065" lon="137.8050915710628">
        <ele>837.13</ele>
      </trkpt>
      <trkpt lat="36.531554851680994" lon="137.80511897988617">
        <ele>837.07</ele>
      </trkpt>
      <trkpt lat="36.5315043926239" lon="137.80516340397298">
        <ele>837.01</ele>
      </trkpt>
      <trkpt lat="36.531479666009545" lon="137.80518578365445">
        <ele>836.94</ele>
      </trkpt>
      <trkpt lat="36.53134161606431" lon="137.80529659241438">
        <ele>836.85</ele>
      </trkpt>
      <trkpt lat="36.53119753114879" lon="137.80539516359568">
        <ele>836.77</ele>
      </trkpt>
      <trkpt lat="36.53116945177317" lon="137.8054044675082">
        <ele>836.71</ele>
      </trkpt>
      <trkpt lat="36.531024696305394" lon="137.80547152273357">
        <ele>836.62</ele>
      </trkpt>
      <trkpt lat="36.53083384037018" lon="137.80553413555026">
        <ele>836.56</ele>
      </trkpt>
      <trkpt lat="36.53076980262995" lon="137.8055419307202">
        <ele>836.51</ele>
      </trkpt>
      <trkpt lat="36.530735520645976" lon="137.8055495582521">
        <ele>836.45</ele>
      </trkpt>
      <trkpt lat="36.53054852038622" lon="137.80558409169316">
        <ele>836.42</ele>
      </trkpt>
      <trkpt lat="36.53035699389875" lon="137.80559750273824">
        <ele>836.32</ele>
      </trkpt>
      <trkpt lat="36.530336206778884" lon="137.80561284162104">
        <ele>836.25</ele>
      </trkpt>
      <trkpt lat="36.53031148016453" lon="137.80562315136194">
        <ele>836.16</ele>
      </trkpt>
      <trkpt lat="36.530188685283065" lon="137.80569565482438">
        <ele>836.07</ele>
      </trkpt>
      <trkpt lat="36.5301282517612" lon="137.80572490766644">
        <ele>835.97</ele>
      </trkpt>
      <trkpt lat="36.5299829095602" lon="137.805744856596">
        <ele>835.84</ele>
      </trkpt>
      <trkpt lat="36.52981015853584" lon="137.80581534840167">
        <ele>835.68</ele>
      </trkpt>
      <trkpt lat="36.52974285185337" lon="137.80585583299398">
        <ele>835.53</ele>
      </trkpt>
      <trkpt lat="36.529589630663395" lon="137.80592339113355">
        <ele>835.37</ele>
      </trkpt>
      <trkpt lat="36.529560377821326" lon="137.8059229720384">
        <ele>835.21</ele>
      </trkpt>
      <trkpt lat="36.52939634397626" lon="137.80596622265875">
        <ele>835.04</ele>
      </trkpt>
      <trkpt lat="36.529330629855394" lon="137.80599581077695">
        <ele>834.86</ele>
      </trkpt>
      <trkpt lat="36.52924546971917" lon="137.80603411607444">
        <ele>834.66</ele>
      </trkpt>
      <trkpt lat="36.5291903167963" lon="137.8060508798808">
        <ele>834.44</ele>
      </trkpt>
      <trkpt lat="36.52900750748813" lon="137.8061246406287">
        <ele>834.19</ele>
      </trkpt>
      <trkpt lat="36.52898772619665" lon="137.80613754875958">
        <ele>833.92</ele>
      </trkpt>
      <trkpt lat="36.528908936306834" lon="137.80617677606642">
        <ele>833.62</ele>
      </trkpt>
      <trkpt lat="36.52881405316293" lon="137.80620535835624">
        <ele>833.27</ele>
      </trkpt>
      <trkpt lat="36.5286223590374" lon="137.80623762868345">
        <ele>832.85</ele>
      </trkpt>
      <trkpt lat="36.52856083586812" lon="137.80624316073954">
        <ele>832.46</ele>
      </trkpt>
      <trkpt lat="36.52847391553223" lon="137.8062636964023">
        <ele>832.03</ele>
      </trkpt>
      <trkpt lat="36.52838255278766" lon="137.80628833919764">
        <ele>831.57</ele>
      </trkpt>
      <trkpt lat="36.52835380285978" lon="137.80629496090114">
        <ele>831.1</ele>
      </trkpt>
      <trkpt lat="36.5282975602895" lon="137.80630971305072">
        <ele>830.61</ele>
      </trkpt>
      <trkpt lat="36.52815322391689" lon="137.80636997893453">
        <ele>830.1</ele>
      </trkpt>
      <trkpt lat="36.5280163474381" lon="137.80643451958895">
        <ele>829.6</ele>
      </trkpt>
      <trkpt lat="36.52786119841039" lon="137.80652412213385">
        <ele>829.06</ele>
      </trkpt>
      <trkpt lat="36.52776597999036" lon="137.8066043369472">
        <ele>828.46</ele>
      </trkpt>
      <trkpt lat="36.52771535329521" lon="137.80665236525238">
        <ele>827.86</ele>
      </trkpt>
      <trkpt lat="36.52755048125982" lon="137.80676594004035">
        <ele>827.16</ele>
      </trkpt>
      <trkpt lat="36.5275205578655" lon="137.8067827038467">
        <ele>826.55</ele>
      </trkpt>
      <trkpt lat="36.52731888927519" lon="137.8068432211876">
        <ele>825.91</ele>
      </trkpt>
      <trkpt lat="36.5272874571383" lon="137.8068543691188">
        <ele>825.28</ele>
      </trkpt>
      <trkpt lat="36.52717203833163" lon="137.8068952728063">
        <ele>824.62</ele>
      </trkpt>
      <trkpt lat="36.52707832865417" lon="137.80691597610712">
        <ele>823.96</ele>
      </trkpt>
      <trkpt lat="36.526882695034146" lon="137.80698034912348">
        <ele>823.28</ele>
      </trkpt>
      <trkpt lat="36.526827458292246" lon="137.8069967776537">
        <ele>822.64</ele>
      </trkpt>
      <trkpt lat="36.52665956877172" lon="137.80709861777723">
        <ele>821.98</ele>
      </trkpt>
      <trkpt lat="36.52652554214001" lon="137.80717103742063">
        <ele>821.32</ele>
      </trkpt>
      <trkpt lat="36.526498636230826" lon="137.80718268826604">
        <ele>820.7</ele>
      </trkpt>
      <trkpt lat="36.52633083052933" lon="137.80727178789675">
        <ele>820.04</ele>
      </trkpt>
      <trkpt lat="36.5263064391911" lon="137.80728586949408">
        <ele>819.47</ele>
      </trkpt>
      <trkpt lat="36.52622505091131" lon="137.80732710845768">
        <ele>818.91</ele>
      </trkpt>
      <trkpt lat="36.526050455868244" lon="137.80744202435017">
        <ele>818.36</ele>
      </trkpt>
      <trkpt lat="36.52600125409663" lon="137.807486532256">
        <ele>817.84</ele>
      </trkpt>
      <trkpt lat="36.52595389634371" lon="137.8075303696096">
        <ele>817.36</ele>
      </trkpt>
      <trkpt lat="36.52586831711233" lon="137.80761620029807">
        <ele>816.91</ele>
      </trkpt>
      <trkpt lat="36.52572297491133" lon="137.80776682309806">
        <ele>816.44</ele>
      </trkpt>
      <trkpt lat="36.52564284391701" lon="137.80781862325966">
        <ele>815.97</ele>
      </trkpt>
      <trkpt lat="36.525498339906335" lon="137.8079114947468">
        <ele>815.49</ele>
      </trkpt>
      <trkpt lat="36.525325421243906" lon="137.80801685526967">
        <ele>815.05</ele>
      </trkpt>
      <trkpt lat="36.52515267021954" lon="137.80811165459454">
        <ele>814.71</ele>
      </trkpt>
      <trkpt lat="36.52509651146829" lon="137.8081503789872">
        <ele>814.39</ele>
      </trkpt>
      <trkpt lat="36.52496399357915" lon="137.8082431666553">
        <ele>814.13</ele>
      </trkpt>
      <trkpt lat="36.52486349456012" lon="137.80830745585263">
        <ele>813.89</ele>
      </trkpt>
      <trkpt lat="36.52481990866363" lon="137.80832371674478">
        <ele>813.65</ele>
      </trkpt>
      <trkpt lat="36.524768276140094" lon="137.8083681408316">
        <ele>813.43</ele>
      </trkpt>
      <trkpt lat="36.52460583485663" lon="137.80851121991873">
        <ele>813.22</ele>
      </trkpt>
      <trkpt lat="36.52457817457616" lon="137.80852764844894">
        <ele>813.04</ele>
      </trkpt>
      <trkpt lat="36.52444984763861" lon="137.80864818021655">
        <ele>812.88</ele>
      </trkpt>
      <trkpt lat="36.524398885667324" lon="137.80868103727698">
        <ele>812.72</ele>
      </trkpt>
      <trkpt lat="36.52423686347902" lon="137.80880374833941">
        <ele>812.58</ele>
      </trkpt>
      <trkpt lat="36.524207359179854" lon="137.80882235616446">
        <ele>812.46</ele>
      </trkpt>
      <trkpt lat="36.52402580715716" lon="137.8089078515768">
        <ele>812.32</ele>
      </trkpt>
      <trkpt lat="36.52392907999456" lon="137.80893785879016">
        <ele>812.2</ele>
      </trkpt>
      <trkpt lat="36.523740235716105" lon="137.80900449492037">
        <ele>812.07</ele>
      </trkpt>
      <trkpt lat="36.523708468303084" lon="137.8090124577284">
        <ele>811.97</ele>
      </trkpt>
      <trkpt lat="36.52367955073714" lon="137.8090233542025">
        <ele>811.87</ele>
      </trkpt>
      <trkpt lat="36.523603862151504" lon="137.80907473526895">
        <ele>811.78</ele>
      </trkpt>
      <trkpt lat="36.52356999926269" lon="137.80913500115275">
        <ele>811.71</ele>
      </trkpt>
      <trkpt lat="36.523554576560855" lon="137.80919769778848">
        <ele>811.62</ele>
      </trkpt>
      <trkpt lat="36.52352884411812" lon="137.80937187373638">
        <ele>811.52</ele>
      </trkpt>
      <trkpt lat="36.523505207151175" lon="137.80961838550866">
        <ele>811.42</ele>
      </trkpt>
      <trkpt lat="36.52348928153515" lon="137.8096956666559">
        <ele>811.31</ele>
      </trkpt>
      <trkpt lat="36.523403618484735" lon="137.809923235327">
        <ele>811.19</ele>
      </trkpt>
      <trkpt lat="36.52338417246938" lon="137.8099528234452">
        <ele>811.08</ele>
      </trkpt>
      <trkpt lat="36.5233538299799" lon="137.81000294722617">
        <ele>810.95</ele>
      </trkpt>
      <trkpt lat="36.523273196071386" lon="137.81011233106256">
        <ele>810.82</ele>
      </trkpt>
      <trkpt lat="36.52325333096087" lon="137.8101261612028">
        <ele>810.67</ele>
      </trkpt>
      <trkpt lat="36.52311570011079" lon="137.81023043207824">
        <ele>810.51</ele>
      </trkpt>
      <trkpt lat="36.52295468375087" lon="137.81036471016705">
        <ele>810.31</ele>
      </trkpt>
      <trkpt lat="36.52293431572616" lon="137.81038298271596">
        <ele>810.11</ele>
      </trkpt>
      <trkpt lat="36.52285745367408" lon="137.81047702766955">
        <ele>809.89</ele>
      </trkpt>
      <trkpt lat="36.52273289859295" lon="137.8106383793056">
        <ele>809.62</ele>
      </trkpt>
      <trkpt lat="36.52265142649412" lon="137.81076855026186">
        <ele>809.35</ele>
      </trkpt>
      <trkpt lat="36.52256836183369" lon="137.81092361547053">
        <ele>809.11</ele>
      </trkpt>
      <trkpt lat="36.52247540652752" lon="137.8111346717924">
        <ele>808.86</ele>
      </trkpt>
      <trkpt lat="36.52242796495557" lon="137.81119661405683">
        <ele>808.59</ele>
      </trkpt>
      <trkpt lat="36.522293435409665" lon="137.81132401898503">
        <ele>808.29</ele>
      </trkpt>
      <trkpt lat="36.52216209098697" lon="137.81145242974162">
        <ele>808.0</ele>
      </trkpt>
      <trkpt lat="36.52211205102503" lon="137.81149299815297">
        <ele>807.69</ele>
      </trkpt>
      <trkpt lat="36.522006103768945" lon="137.81155577860773">
        <ele>807.37</ele>
      </trkpt>
      <trkpt lat="36.5219393838197" lon="137.81157773919404">
        <ele>807.05</ele>
      </trkpt>
      <trkpt lat="36.52175657451153" lon="137.81164043582976">
        <ele>806.71</ele>
      </trkpt>
      <trkpt lat="36.52164316736162" lon="137.81168662011623">
        <ele>806.37</ele>
      </trkpt>
      <trkpt lat="36.52155423536897" lon="137.811818132177">
        <ele>806.02</ele>
      </trkpt>
      <trkpt lat="36.521445605903864" lon="137.81200982630253">
        <ele>805.65</ele>
      </trkpt>
      <trkpt lat="36.52142196893692" lon="137.8120446112007">
        <ele>805.32</ele>
      </trkpt>
      <trkpt lat="36.52137846685946" lon="137.8121342137456">
        <ele>804.95</ele>
      </trkpt>
      <trkpt lat="36.521268831565976" lon="137.81232641078532">
        <ele>804.56</ele>
      </trkpt>
      <trkpt lat="36.52125491760671" lon="137.81234703026712">
        <ele>804.23</ele>
      </trkpt>
      <trkpt lat="36.5211330447346" lon="137.8125261515379">
        <ele>803.9</ele>
      </trkpt>
      <trkpt lat="36.521089458838105" lon="137.81256956979632">
        <ele>803.59</ele>
      </trkpt>
      <trkpt lat="36.52107177302241" lon="137.81258977018297">
        <ele>803.28</ele>
      </trkpt>
      <trkpt lat="36.520977979525924" lon="137.81268465332687">
        <ele>802.98</ele>
      </trkpt>
      <trkpt lat="36.520858788862824" lon="137.81280535273254">
        <ele>802.72</ele>
      </trkpt>
      <trkpt lat="36.520809419453144" lon="137.81285556033254">
        <ele>802.44</ele>
      </trkpt>
      <trkpt lat="36.52064077556133" lon="137.81302982009947">
        <ele>802.17</ele>
      </trkpt>
      <trkpt lat="36.52055075392127" lon="137.81309905461967">
        <ele>801.86</ele>
      </trkpt>
      <trkpt lat="36.52043248526752" lon="137.81317097134888">
        <ele>801.51</ele>
      </trkpt>
      <trkpt lat="36.52037926018238" lon="137.8132103662938">
        <ele>801.17</ele>
      </trkpt>
      <trkpt lat="36.52035000734031" lon="137.8132281359285">
        <ele>800.86</ele>
      </trkpt>
      <trkpt lat="36.520212376490235" lon="137.81330281868577">
        <ele>800.5</ele>
      </trkpt>
      <trkpt lat="36.52001129463315" lon="137.8133718855679">
        <ele>800.16</ele>
      </trkpt>
      <trkpt lat="36.51998304761946" lon="137.81338345259428">
        <ele>799.84</ele>
      </trkpt>
      <trkpt lat="36.51980543509126" lon="137.81341614201665">
        <ele>799.48</ele>
      </trkpt>
      <trkpt lat="36.51974743232131" lon="137.81341186724603">
        <ele>799.16</ele>
      </trkpt>
      <trkpt lat="36.519667049869895" lon="137.81340264715254">
        <ele>798.84</ele>
      </trkpt>
      <trkpt lat="36.519539477303624" lon="137.81339124776423">
        <ele>798.51</ele>
      </trkpt>
      <trkpt lat="36.51936010457575" lon="137.81337062828243">
        <ele>798.21</ele>
      </trkpt>
      <trkpt lat="36.51933051645756" lon="137.8133771661669">
        <ele>797.91</ele>
      </trkpt>
      <trkpt lat="36.519300090149045" lon="137.8133872244507">
        <ele>797.6</ele>
      </trkpt>
      <trkpt lat="36.5192333701998" lon="137.8133940976113">
        <ele>797.3</ele>
      </trkpt>
      <trkpt lat="36.51911552064121" lon="137.81339862383902">
        <ele>797.01</ele>
      </trkpt>
      <trkpt lat="36.518921395763755" lon="137.81341060996056">
        <ele>796.73</ele>
      </trkpt>
      <trkpt lat="36.5188567712903" lon="137.81342905014753">
        <ele>796.43</ele>
      </trkpt>
      <trkpt lat="36.51870313100517" lon="137.81347590498626">
        <ele>796.11</ele>
      </trkpt>
      <trkpt lat="36.518548568710685" lon="137.81354874372482">
        <ele>795.78</ele>
      </trkpt>
      <trkpt lat="36.51852576993406" lon="137.8135674353689">
        <ele>795.46</ele>
      </trkpt>
      <trkpt lat="36.518497271463275" lon="137.81358336098492">
        <ele>795.14</ele>
      </trkpt>
      <trkpt lat="36.51841387152672" lon="137.81361881643534">
        <ele>794.78</ele>
      </trkpt>
      <trkpt lat="36.518353186547756" lon="137.81363105401397">
        <ele>794.44</ele>
      </trkpt>
      <trkpt lat="36.518171802163124" lon="137.81364127993584">
        <ele>794.05</ele>
      </trkpt>
      <trkpt lat="36.517978850752115" lon="137.81362518668175">
        <ele>793.67</ele>
      </trkpt>
      <trkpt lat="36.51792000979185" lon="137.81362594105303">
        <ele>793.33</ele>
      </trkpt>
      <trkpt lat="36.51788824237883" lon="137.8136292938143">
        <ele>793.0</ele>
      </trkpt>
      <trkpt lat="36.51767819188535" lon="137.81361940316856">
        <ele>792.61</ele>
      </trkpt>
      <trkpt lat="36.517502004280686" lon="137.813554527238">
        <ele>792.28</ele>
      </trkpt>
      <trkpt lat="36.51744986884296" lon="137.81351781450212">
        <ele>791.98</ele>
      </trkpt>
      <trkpt lat="36.517267897725105" lon="137.81339124776423">
        <ele>791.7</ele>
      </trkpt>
      <trkpt lat="36.517237555235624" lon="137.81338437460363">
        <ele>791.39</ele>
      </trkpt>
      <trkpt lat="36.517186257988214" lon="137.8133652638644">
        <ele>791.09</ele>
      </trkpt>
      <trkpt lat="36.51700143702328" lon="137.81335059553385">
        <ele>790.79</ele>
      </trkpt>
      <trkpt lat="36.51687813922763" lon="137.8133576363325">
        <ele>790.51</ele>
      </trkpt>
      <trkpt lat="36.51675500907004" lon="137.8133634198457">
        <ele>790.22</ele>
      </trkpt>
      <trkpt lat="36.5165947470814" lon="137.8133531101048">
        <ele>789.96</ele>
      </trkpt>
      <trkpt lat="36.51656943373382" lon="137.81334581784904">
        <ele>789.66</ele>
      </trkpt>
      <trkpt lat="36.51639986783266" lon="137.813337771222">
        <ele>789.38</ele>
      </trkpt>
      <trkpt lat="36.516228122636676" lon="137.8133705444634">
        <ele>789.03</ele>
      </trkpt>
      <trkpt lat="36.51606509461999" lon="137.8134720493108">
        <ele>788.6</ele>
      </trkpt>
      <trkpt lat="36.51604221202433" lon="137.81349861994386">
        <ele>788.26</ele>
      </trkpt>
      <trkpt lat="36.516004828736186" lon="137.81353977508843">
        <ele>787.89</ele>
      </trkpt>
      <trkpt lat="36.515889996662736" lon="137.8136345744133">
        <ele>787.54</ele>
      </trkpt>
      <trkpt lat="36.5157278906554" lon="137.81374102458358">
        <ele>787.2</ele>
      </trkpt>
      <trkpt lat="36.515620769932866" lon="137.81378595158458">
        <ele>786.87</ele>
      </trkpt>
      <trkpt lat="36.515493700280786" lon="137.81387706287205">
        <ele>786.56</ele>
      </trkpt>
      <trkpt lat="36.515482384711504" lon="137.8138986043632">
        <ele>786.24</ele>
      </trkpt>
      <trkpt lat="36.515342239290476" lon="137.81405735760927">
        <ele>785.89</ele>
      </trkpt>
      <trkpt lat="36.515320697799325" lon="137.81408904120326">
        <ele>785.57</ele>
      </trkpt>
      <trkpt lat="36.515300162136555" lon="137.8141221497208">
        <ele>785.25</ele>
      </trkpt>
      <trkpt lat="36.5151528082788" lon="137.81429490074515">
        <ele>784.9</ele>
      </trkpt>
      <trkpt lat="36.51499464176595" lon="137.81441031955183">
        <ele>784.56</ele>
      </trkpt>
      <trkpt lat="36.51494024321437" lon="137.81443948857486">
        <ele>784.23</ele>
      </trkpt>
      <trkpt lat="36.51475265622139" lon="137.81448617577553">
        <ele>783.92</ele>
      </trkpt>
      <trkpt lat="36.514722649008036" lon="137.81448760069907">
        <ele>783.62</ele>
      </trkpt>
      <trkpt lat="36.514693479985" lon="137.8144675679505">
        <ele>783.32</ele>
      </trkpt>
      <trkpt lat="36.5145933162421" lon="137.814461030066">
        <ele>783.0</ele>
      </trkpt>
      <trkpt lat="36.514467084780335" lon="137.81445365399122">
        <ele>782.69</ele>
      </trkpt>
      <trkpt lat="36.51442634873092" lon="137.8144657239318">
        <ele>782.41</ele>
      </trkpt>
      <trkpt lat="36.51434797793627" lon="137.81458030454814">
        <ele>782.14</ele>
      </trkpt>
      <trkpt lat="36.5143152885139" lon="137.81462741084397">
        <ele>781.87</ele>
      </trkpt>
      <trkpt lat="36.51425586082041" lon="137.81485615298152">
        <ele>781.63</ele>
      </trkpt>
      <trkpt lat="36.51417816057801" lon="137.81508464366198">
        <ele>781.32</ele>
      </trkpt>
      <trkpt lat="36.51408277451992" lon="137.81528513878584">
        <ele>781.05</ele>
      </trkpt>
      <trkpt lat="36.51406911201775" lon="137.8153117094189">
        <ele>780.8</ele>
      </trkpt>
      <trkpt lat="36.513939779251814" lon="137.81550239771605">
        <ele>780.5</ele>
      </trkpt>
      <trkpt lat="36.51388864964247" lon="137.81555000692606">
        <ele>780.26</ele>
      </trkpt>
      <trkpt lat="36.51374624110758" lon="137.81567690894008">
        <ele>780.03</ele>
      </trkpt>
      <trkpt lat="36.51369536295533" lon="137.8157158009708">
        <ele>779.82</ele>
      </trkpt>
      <trkpt lat="36.513669630512595" lon="137.81573809683323">
        <ele>779.62</ele>
      </trkpt>
      <trkpt lat="36.51351707987487" lon="137.81588201411068">
        <ele>779.45</ele>
      </trkpt>
      <trkpt lat="36.513431165367365" lon="137.8159499913454">
        <ele>779.31</ele>
      </trkpt>
      <trkpt lat="36.51325757615268" lon="137.8160929866135">
        <ele>779.18</ele>
      </trkpt>
      <trkpt lat="36.51320653036237" lon="137.81614034436643">
        <ele>779.03</ele>
      </trkpt>
      <trkpt lat="36.513101337477565" lon="137.8162195533514">
        <ele>778.91</ele>
      </trkpt>
      <trkpt lat="36.513043250888586" lon="137.8162546735257">
        <ele>778.75</ele>
      </trkpt>
      <trkpt lat="36.51301424950361" lon="137.81627219170332">
        <ele>778.59</ele>
      </trkpt>
      <trkpt lat="36.512988517060876" lon="137.81629281118512">
        <ele>778.44</ele>
      </trkpt>
      <trkpt lat="36.51293286122382" lon="137.81633488833904">
        <ele>778.29</ele>
      </trkpt>
      <trkpt lat="36.51275214739144" lon="137.81648140400648">
        <ele>778.11</ele>
      </trkpt>
      <trkpt lat="36.51272247545421" lon="137.81649850308895">
        <ele>777.99</ele>
      </trkpt>
      <trkpt lat="36.51252994313836" lon="137.81651719473302">
        <ele>777.84</ele>
      </trkpt>
      <trkpt lat="36.51233330368996" lon="137.81644728966057">
        <ele>777.72</ele>
      </trkpt>
      <trkpt lat="36.5121444594115" lon="137.81636774539948">
        <ele>777.59</ele>
      </trkpt>
      <trkpt lat="36.512042703107" lon="137.81631158664823">
        <ele>777.52</ele>
      </trkpt>
      <trkpt lat="36.51186274364591" lon="137.81624553725123">
        <ele>777.47</ele>
      </trkpt>
      <trkpt lat="36.51168303564191" lon="137.81618133187294">
        <ele>777.47</ele>
      </trkpt>
      <trkpt lat="36.51152537204325" lon="137.81612844206393">
        <ele>777.47</ele>
      </trkpt>
      <trkpt lat="36.511328145861626" lon="137.81604755669832">
        <ele>777.48</ele>
      </trkpt>
      <trkpt lat="36.511297384276986" lon="137.81602970324457">
        <ele>777.57</ele>
      </trkpt>
      <trkpt lat="36.5112725738436" lon="137.81601637601852">
        <ele>777.67</ele>
      </trkpt>
      <trkpt lat="36.511111138388515" lon="137.81594714149833">
        <ele>777.78</ele>
      </trkpt>
      <trkpt lat="36.51105095632374" lon="137.81592702493072">
        <ele>777.94</ele>
      </trkpt>
      <trkpt lat="36.51093939319253" lon="137.81587882898748">
        <ele>778.14</ele>
      </trkpt>
      <trkpt lat="36.51091743260622" lon="137.81586424447596">
        <ele>778.33</ele>
      </trkpt>
      <trkpt lat="36.510743256658316" lon="137.81578009016812">
        <ele>778.63</ele>
      </trkpt>
      <trkpt lat="36.510583916679025" lon="137.8157366719097">
        <ele>778.95</ele>
      </trkpt>
      <trkpt lat="36.51038291864097" lon="137.81570088118315">
        <ele>779.27</ele>
      </trkpt>
      <trkpt lat="36.510328436270356" lon="137.81570029444993">
        <ele>779.47</ele>
      </trkpt>
      <trkpt lat="36.51029650121927" lon="137.81570121645927">
        <ele>779.66</ele>
      </trkpt>
      <trkpt lat="36.510149063542485" lon="137.8157316427678">
        <ele>779.83</ele>
      </trkpt>
      <trkpt lat="36.510081589221954" lon="137.81575368717313">
        <ele>779.97</ele>
      </trkpt>
      <trkpt lat="36.51000942103565" lon="137.81580104492605">
        <ele>780.1</ele>
      </trkpt>
      <trkpt lat="36.509866593405604" lon="137.81595719978213">
        <ele>780.11</ele>
      </trkpt>
      <trkpt lat="36.50983767583966" lon="137.8159748017788">
        <ele>780.11</ele>
      </trkpt>
      <trkpt lat="36.50981605052948" lon="137.81599734909832">
        <ele>780.09</ele>
      </trkpt>
      <trkpt lat="36.50974673219025" lon="137.81611025333405">
        <ele>780.02</ele>
      </trkpt>
      <trkpt lat="36.509649250656366" lon="137.81631829217076">
        <ele>779.92</ele>
      </trkpt>
      <trkpt lat="36.50963466614485" lon="137.8163548372686">
        <ele>779.8</ele>
      </trkpt>
      <trkpt lat="36.50957909412682" lon="137.8164811525494">
        <ele>779.67</ele>
      </trkpt>
      <trkpt lat="36.50956685654819" lon="137.8165152668953">
        <ele>779.48</ele>
      </trkpt>
      <trkpt lat="36.50953215546906" lon="137.81657494604588">
        <ele>779.26</ele>
      </trkpt>
      <trkpt lat="36.50943743996322" lon="137.81676144339144">
        <ele>779.0</ele>
      </trkpt>
      <trkpt lat="36.50939569808543" lon="137.81685791909695">
        <ele>778.67</ele>
      </trkpt>
      <trkpt lat="36.50935613550246" lon="137.81703268177807">
        <ele>778.26</ele>
      </trkpt>
      <trkpt lat="36.509266113862395" lon="137.8172407206148">
        <ele>777.84</ele>
      </trkpt>
      <trkpt lat="36.50925354100764" lon="137.81727215275168">
        <ele>777.45</ele>
      </trkpt>
      <trkpt lat="36.5091638546437" lon="137.8174572251737">
        <ele>776.96</ele>
      </trkpt>
      <trkpt lat="36.5090895909816" lon="137.8176564630121">
        <ele>776.5</ele>
      </trkpt>
      <trkpt lat="36.509074000641704" lon="137.8176956064999">
        <ele>776.07</ele>
      </trkpt>
      <trkpt lat="36.50896931067109" lon="137.8179104346782">
        <ele>775.63</ele>
      </trkpt>
      <trkpt lat="36.50894299149513" lon="137.81797841191292">
        <ele>775.18</ele>
      </trkpt>
      <trkpt lat="36.508855652064085" lon="137.81818091869354">
        <ele>774.76</ele>
      </trkpt>
      <trkpt lat="36.50876018218696" lon="137.81841619871557">
        <ele>774.35</ele>
      </trkpt>
      <trkpt lat="36.50875020772219" lon="137.8184503968805">
        <ele>773.86</ele>
      </trkpt>
      <trkpt lat="36.50861199013889" lon="137.8186475392431">
        <ele>773.35</ele>
      </trkpt>
      <trkpt lat="36.50856873951852" lon="137.81873596832156">
        <ele>772.86</ele>
      </trkpt>
      <trkpt lat="36.50851543061435" lon="137.81889706850052">
        <ele>772.31</ele>
      </trkpt>
      <trkpt lat="36.50842599570751" lon="137.81906764023006">
        <ele>771.84</ele>
      </trkpt>
      <trkpt lat="36.508376793935895" lon="137.8192625194788">
        <ele>771.3</ele>
      </trkpt>
      <trkpt lat="36.50830470956862" lon="137.81942890025675">
        <ele>770.85</ele>
      </trkpt>
      <trkpt lat="36.50827696546912" lon="137.8194871544838">
        <ele>770.45</ele>
      </trkpt>
      <trkpt lat="36.50820999406278" lon="137.81960391439497">
        <ele>770.03</ele>
      </trkpt>
      <trkpt lat="36.508146123960614" lon="137.81984187662601">
        <ele>769.65</ele>
      </trkpt>
      <trkpt lat="36.50813028216362" lon="137.81987708061934">
        <ele>769.34</ele>
      </trkpt>
      <trkpt lat="36.50806381367147" lon="137.82005268149078">
        <ele>769.02</ele>
      </trkpt>
      <trkpt lat="36.508040595799685" lon="137.82012158073485">
        <ele>768.78</ele>
      </trkpt>
      <trkpt lat="36.50800455361605" lon="137.82023171894252">
        <ele>768.6</ele>
      </trkpt>
      <trkpt lat="36.50796951726079" lon="137.82034680247307">
        <ele>768.44</ele>
      </trkpt>
      <trkpt lat="36.50787681341171" lon="137.82053153961897">
        <ele>768.26</ele>
      </trkpt>
      <trkpt lat="36.50775443762541" lon="137.82074770890176">
        <ele>768.1</ele>
      </trkpt>
      <trkpt lat="36.50774127803743" lon="137.8207874391228">
        <ele>767.98</ele>
      </trkpt>
      <trkpt lat="36.50766475126147" lon="137.82093722373247">
        <ele>767.91</ele>
      </trkpt>
      <trkpt lat="36.507637007161975" lon="137.8210015129298">
        <ele>767.89</ele>
      </trkpt>
      <trkpt lat="36.50752862915397" lon="137.82119966112077">
        <ele>767.98</ele>
      </trkpt>
      <trkpt lat="36.50746584869921" lon="137.82129764556885">
        <ele>768.0</ele>
      </trkpt>
      <trkpt lat="36.50734934024513" lon="137.82149964943528">
        <ele>768.01</ele>
      </trkpt>
      <trkpt lat="36.5072694607079" lon="137.8216236177832">
        <ele>768.02</ele>
      </trkpt>
      <trkpt lat="36.50715018622577" lon="137.82177499495447">
        <ele>767.99</ele>
      </trkpt>
      <trkpt lat="36.50706888176501" lon="137.82185688614845">
        <ele>767.99</ele>
      </trkpt>
      <trkpt lat="36.50702043436468" lon="137.8219293896109">
        <ele>768.02</ele>
      </trkpt>
      <trkpt lat="36.50687760673463" lon="137.8220996260643">
        <ele>768.04</ele>
      </trkpt>
      <trkpt lat="36.50683695450425" lon="137.82215293496847">
        <ele>768.07</ele>
      </trkpt>
      <trkpt lat="36.50673620402813" lon="137.82229232601821">
        <ele>768.14</ele>
      </trkpt>
      <trkpt lat="36.50665213353932" lon="137.8223800007254">
        <ele>768.23</ele>
      </trkpt>
      <trkpt lat="36.50659295730293" lon="137.8224592935294">
        <ele>768.35</ele>
      </trkpt>
      <trkpt lat="36.50652900338173" lon="137.8225491475314">
        <ele>768.39</ele>
      </trkpt>
      <trkpt lat="36.50638625957072" lon="137.82273874618113">
        <ele>768.43</ele>
      </trkpt>
      <trkpt lat="36.50626220740378" lon="137.82289280556142">
        <ele>768.29</ele>
      </trkpt>
      <trkpt lat="36.50621979497373" lon="137.82293463125825">
        <ele>768.17</ele>
      </trkpt>
      <trkpt lat="36.50606523267925" lon="137.82309480942786">
        <ele>768.01</ele>
      </trkpt>
      <trkpt lat="36.50594277307391" lon="137.8232270758599">
        <ele>767.86</ele>
      </trkpt>
      <trkpt lat="36.505895499140024" lon="137.82327870838344">
        <ele>767.69</ele>
      </trkpt>
      <trkpt lat="36.50575468316674" lon="137.82342572696507">
        <ele>767.58</ele>
      </trkpt>
      <trkpt lat="36.505711348727345" lon="137.82347266562283">
        <ele>767.38</ele>
      </trkpt>
      <trkpt lat="36.505601378157735" lon="137.82359118573368">
        <ele>767.19</ele>
      </trkpt>
      <trkpt lat="36.505567599087954" lon="137.82364793121815">
        <ele>766.91</ele>
      </trkpt>
      <trkpt lat="36.50543658994138" lon="137.8238578978926">
        <ele>766.5</ele>
      </trkpt>
      <trkpt lat="36.50541412644088" lon="137.8238858934492">
        <ele>766.1</ele>
      </trkpt>
      <trkpt lat="36.50533324107528" lon="137.82411589287221">
        <ele>765.52</ele>
      </trkpt>
      <trkpt lat="36.50532494299114" lon="137.82414791174233">
        <ele>765.06</ele>
      </trkpt>
      <trkpt lat="36.50531077757478" lon="137.82420616596937">
        <ele>764.56</ele>
      </trkpt>
      <trkpt lat="36.505252439528704" lon="137.8244152944535">
        <ele>763.93</ele>
      </trkpt>
      <trkpt lat="36.50519988499582" lon="137.82463766634464">
        <ele>763.34</ele>
      </trkpt>
      <trkpt lat="36.5051837079227" lon="137.8247041348368">
        <ele>762.82</ele>
      </trkpt>
      <trkpt lat="36.505144983530045" lon="137.82484570518136">
        <ele>762.35</ele>
      </trkpt>
      <trkpt lat="36.50508069433272" lon="137.82498199492693">
        <ele>761.86</ele>
      </trkpt>
      <trkpt lat="36.50501623749733" lon="137.8250894509256">
        <ele>761.39</ele>
      </trkpt>
      <trkpt lat="36.50495337322354" lon="137.8251756168902">
        <ele>760.92</ele>
      </trkpt>
      <trkpt lat="36.504914816468954" lon="137.82522590830922">
        <ele>760.46</ele>
      </trkpt>
      <trkpt lat="36.50480040349066" lon="137.82537259161472">
        <ele>759.95</ele>
      </trkpt>
      <trkpt lat="36.50481289252639" lon="137.8254113998264">
        <ele>759.5</ele>
      </trkpt>
      <trkpt lat="36.50472488254309" lon="137.8255498688668">
        <ele>759.03</ele>
      </trkpt>
      <trkpt lat="36.50462195277214" lon="137.8256933670491">
        <ele>758.58</ele>
      </trkpt>
      <trkpt lat="36.50455883704126" lon="137.82580945640802">
        <ele>758.16</ele>
      </trkpt>
      <trkpt lat="36.50442749261856" lon="137.8259933553636">
        <ele>757.72</ele>
      </trkpt>
      <trkpt lat="36.504406621679664" lon="137.82602210529149">
        <ele>757.32</ele>
      </trkpt>
      <trkpt lat="36.504338812083006" lon="137.82611539587379">
        <ele>756.93</ele>
      </trkpt>
      <trkpt lat="36.50424183346331" lon="137.82618169672787">
        <ele>756.55</ele>
      </trkpt>
      <trkpt lat="36.50406681932509" lon="137.82625252380967">
        <ele>756.2</ele>
      </trkpt>
      <trkpt lat="36.50405013933778" lon="137.82627280801535">
        <ele>755.86</ele>
      </trkpt>
      <trkpt lat="36.50400571525097" lon="137.8264027275145">
        <ele>755.54</ele>
      </trkpt>
      <trkpt lat="36.50399515405297" lon="137.82644254155457">
        <ele>755.23</ele>
      </trkpt>
      <trkpt lat="36.50392893701792" lon="137.82665812410414">
        <ele>754.94</ele>
      </trkpt>
      <trkpt lat="36.5039021987468" lon="137.82672853209078">
        <ele>754.65</ele>
      </trkpt>
      <trkpt lat="36.50387227535248" lon="137.82680271193385">
        <ele>754.36</ele>
      </trkpt>
      <trkpt lat="36.503824749961495" lon="137.82690044492483">
        <ele>754.09</ele>
      </trkpt>
      <trkpt lat="36.503766579553485" lon="137.82700270414352">
        <ele>753.8</ele>
      </trkpt>
      <trkpt lat="36.503643868491054" lon="137.82719800248742">
        <ele>753.49</ele>
      </trkpt>
      <trkpt lat="36.50362081825733" lon="137.827225998044">
        <ele>753.24</ele>
      </trkpt>
      <trkpt lat="36.50355870835483" lon="137.82731375657022">
        <ele>752.96</ele>
      </trkpt>
      <trkpt lat="36.50343297980726" lon="137.8274749405682">
        <ele>752.7</ele>
      </trkpt>
      <trkpt lat="36.50341244414449" lon="137.82749983482063">
        <ele>752.47</ele>
      </trkpt>
      <trkpt lat="36.503281434997916" lon="137.82767317257822">
        <ele>752.23</ele>
      </trkpt>
      <trkpt lat="36.50320834480226" lon="137.827762439847">
        <ele>751.99</ele>
      </trkpt>
      <trkpt lat="36.50309921242297" lon="137.82788741402328">
        <ele>751.75</ele>
      </trkpt>
      <trkpt lat="36.50299770757556" lon="137.82802244648337">
        <ele>751.58</ele>
      </trkpt>
      <trkpt lat="36.50293232873082" lon="137.82810836099088">
        <ele>751.39</ele>
      </trkpt>
      <trkpt lat="36.50281548500061" lon="137.82828530296683">
        <ele>751.17</ele>
      </trkpt>
      <trkpt lat="36.50278463959694" lon="137.82834221608937">
        <ele>750.98</ele>
      </trkpt>
      <trkpt lat="36.50273635983467" lon="137.82843634486198">
        <ele>750.77</ele>
      </trkpt>
      <trkpt lat="36.5027039218694" lon="137.82849845476449">
        <ele>750.57</ele>
      </trkpt>
      <trkpt lat="36.50262672454119" lon="137.82866961322725">
        <ele>750.33</ele>
      </trkpt>
      <trkpt lat="36.50254181586206" lon="137.82887647859752">
        <ele>750.1</ele>
      </trkpt>
      <trkpt lat="36.502499990165234" lon="137.8289826773107">
        <ele>749.89</ele>
      </trkpt>
      <trkpt lat="36.50242270901799" lon="137.8291848488152">
        <ele>749.7</ele>
      </trkpt>
      <trkpt lat="36.502394462004304" lon="137.82925391569734">
        <ele>749.53</ele>
      </trkpt>
      <trkpt lat="36.50236202403903" lon="137.82931862398982">
        <ele>749.35</ele>
      </trkpt>
      <trkpt lat="36.502259178087115" lon="137.8294726833701">
        <ele>749.15</ele>
      </trkpt>
      <trkpt lat="36.502114003524184" lon="137.8296378068626">
        <ele>748.93</ele>
      </trkpt>
      <trkpt lat="36.50206547230482" lon="137.8296946361661">
        <ele>748.74</ele>
      </trkpt>
      <trkpt lat="36.501912167295814" lon="137.82984576188028">
        <ele>748.56</ele>
      </trkpt>
      <trkpt lat="36.50181627832353" lon="137.82993863336742">
        <ele>748.34</ele>
      </trkpt>
      <trkpt lat="36.50166976265609" lon="137.83008137717843">
        <ele>748.11</ele>
      </trkpt>
      <trkpt lat="36.50162475183606" lon="137.83013166859746">
        <ele>747.92</ele>
      </trkpt>
      <trkpt lat="36.50155333802104" lon="137.83020224422216">
        <ele>747.72</ele>
      </trkpt>
      <trkpt lat="36.50140983983874" lon="137.83034121617675">
        <ele>747.51</ele>
      </trkpt>
      <trkpt lat="36.501384945586324" lon="137.83036267384887">
        <ele>747.28</ele>
      </trkpt>
      <trkpt lat="36.50133691728115" lon="137.83040910959244">
        <ele>747.06</ele>
      </trkpt>
      <trkpt lat="36.50118939578533" lon="137.8305461537093">
        <ele>746.83</ele>
      </trkpt>
      <trkpt lat="36.50116877630353" lon="137.83056819811463">
        <ele>746.57</ele>
      </trkpt>
      <trkpt lat="36.50101681239903" lon="137.830706583336">
        <ele>746.27</ele>
      </trkpt>
      <trkpt lat="36.50090248323977" lon="137.830825522542">
        <ele>745.96</ele>
      </trkpt>
      <trkpt lat="36.50080827064812" lon="137.83092769794166">
        <ele>745.65</ele>
      </trkpt>
      <trkpt lat="36.50071129202843" lon="137.8310297895223">
        <ele>745.36</ele>
      </trkpt>
      <trkpt lat="36.500564105808735" lon="137.83119223080575">
        <ele>745.06</ele>
      </trkpt>
      <trkpt lat="36.500419434159994" lon="137.83133991993964">
        <ele>744.75</ele>
      </trkpt>
      <trkpt lat="36.50029563345015" lon="137.8314735274762">
        <ele>744.49</ele>
      </trkpt>
      <trkpt lat="36.5002724993974" lon="137.83149858936667">
        <ele>744.26</ele>
      </trkpt>
      <trkpt lat="36.50012707337737" lon="137.83164259046316">
        <ele>744.03</ele>
      </trkpt>
      <trkpt lat="36.500078877434134" lon="137.83169833011925">
        <ele>743.82</ele>
      </trkpt>
      <trkpt lat="36.499961111694574" lon="137.83181592822075">
        <ele>743.62</ele>
      </trkpt>
      <trkpt lat="36.49980981834233" lon="137.83194760791957">
        <ele>743.43</ele>
      </trkpt>
      <trkpt lat="36.49976120330393" lon="137.83199597150087">
        <ele>743.23</ele>
      </trkpt>
      <trkpt lat="36.49961393326521" lon="137.83212547190487">
        <ele>743.02</ele>
      </trkpt>
      <trkpt lat="36.49952324107289" lon="137.83220023848116">
        <ele>742.83</ele>
      </trkpt>
      <trkpt lat="36.4993831794709" lon="137.832316076383">
        <ele>742.66</ele>
      </trkpt>
      <trkpt lat="36.49933213368058" lon="137.8323575668037">
        <ele>742.47</ele>
      </trkpt>
      <trkpt lat="36.499214954674244" lon="137.8324728179723">
        <ele>742.26</ele>
      </trkpt>
      <trkpt lat="36.499074725434184" lon="137.8325951937586">
        <ele>742.07</ele>
      </trkpt>
      <trkpt lat="36.49900901131332" lon="137.8326625842601">
        <ele>741.9</ele>
      </trkpt>
      <trkpt lat="36.49888747371733" lon="137.83278462477028">
        <ele>741.74</ele>
      </trkpt>
      <trkpt lat="36.49874221533537" lon="137.8329276200384">
        <ele>741.53</ele>
      </trkpt>
      <trkpt lat="36.49860139936209" lon="137.83308176323771">
        <ele>741.33</ele>
      </trkpt>
      <trkpt lat="36.498579354956746" lon="137.8331007901579">
        <ele>741.15</ele>
      </trkpt>
      <trkpt lat="36.498507438227534" lon="137.83317304216325">
        <ele>740.96</ele>
      </trkpt>
      <trkpt lat="36.49841255508363" lon="137.83328133635223">
        <ele>740.76</ele>
      </trkpt>
      <trkpt lat="36.49826645851135" lon="137.83343045040965">
        <ele>740.55</ele>
      </trkpt>
      <trkpt lat="36.49816956371069" lon="137.83352927304804">
        <ele>740.38</ele>
      </trkpt>
      <trkpt lat="36.49811868555844" lon="137.83357948064804">
        <ele>740.21</ele>
      </trkpt>
      <trkpt lat="36.49797258898616" lon="137.83372373320162">
        <ele>740.01</ele>
      </trkpt>
      <trkpt lat="36.49782557040453" lon="137.8338724281639">
        <ele>739.86</ele>
      </trkpt>
      <trkpt lat="36.49778005667031" lon="137.83392565324903">
        <ele>739.74</ele>
      </trkpt>
      <trkpt lat="36.49763689376414" lon="137.83407133072615">
        <ele>739.63</ele>
      </trkpt>
      <trkpt lat="36.497587859630585" lon="137.8341206163168">
        <ele>739.5</ele>
      </trkpt>
      <trkpt lat="36.497468585148454" lon="137.83424131572247">
        <ele>739.38</ele>
      </trkpt>
      <trkpt lat="36.4974454510957" lon="137.834269143641">
        <ele>739.23</ele>
      </trkpt>
      <trkpt lat="36.49742005392909" lon="137.83429261296988">
        <ele>739.09</ele>
      </trkpt>
      <trkpt lat="36.49739717133343" lon="137.83431658521295">
        <ele>738.93</ele>
      </trkpt>
      <trkpt lat="36.4973730314523" lon="137.8343429043889">
        <ele>738.78</ele>
      </trkpt>
      <trkpt lat="36.497350819408894" lon="137.8343672119081">
        <ele>738.61</ele>
      </trkpt>
      <trkpt lat="36.49732869118452" lon="137.83439353108406">
        <ele>738.45</ele>
      </trkpt>
      <trkpt lat="36.49730522185564" lon="137.8344190120697">
        <ele>738.27</ele>
      </trkpt>
      <trkpt lat="36.49727940559387" lon="137.83444231376052">
        <ele>738.09</ele>
      </trkpt>
      <trkpt lat="36.49725643917918" lon="137.83446905203164">
        <ele>737.9</ele>
      </trkpt>
      <trkpt lat="36.49723079055548" lon="137.8344969637692">
        <ele>737.69</ele>
      </trkpt>
      <trkpt lat="36.497150575742126" lon="137.83457357436419">
        <ele>737.46</ele>
      </trkpt>
      <trkpt lat="36.49705125018954" lon="137.8346653562039">
        <ele>737.22</ele>
      </trkpt>
      <trkpt lat="36.496958965435624" lon="137.83477012999356">
        <ele>736.98</ele>
      </trkpt>
      <trkpt lat="36.49688830599189" lon="137.83483584411442">
        <ele>736.71</ele>
      </trkpt>
      <trkpt lat="36.49679618887603" lon="137.8349274583161">
        <ele>736.4</ele>
      </trkpt>
      <trkpt lat="36.49672720581293" lon="137.8349925018847">
        <ele>736.09</ele>
      </trkpt>
      <trkpt lat="36.496703904122114" lon="137.83501454629004">
        <ele>735.8</ele>
      </trkpt>
      <trkpt lat="36.496582785621285" lon="137.83514304086566">
        <ele>735.5</ele>
      </trkpt>
      <trkpt lat="36.49643358774483" lon="137.8352723736316">
        <ele>735.21</ele>
      </trkpt>
      <trkpt lat="36.496384385973215" lon="137.83532199449837">
        <ele>734.92</ele>
      </trkpt>
      <trkpt lat="36.49623837321997" lon="137.8354676719755">
        <ele>734.62</ele>
      </trkpt>
      <trkpt lat="36.49621666409075" lon="137.83549072220922">
        <ele>734.33</ele>
      </trkpt>
      <trkpt lat="36.496057994663715" lon="137.83564075827599">
        <ele>734.06</ele>
      </trkpt>
      <trkpt lat="36.495965123176575" lon="137.8357277624309">
        <ele>733.73</ele>
      </trkpt>
      <trkpt lat="36.49591701105237" lon="137.8357750363648">
        <ele>733.43</ele>
      </trkpt>
      <trkpt lat="36.4958930388093" lon="137.83580185845494">
        <ele>733.15</ele>
      </trkpt>
      <trkpt lat="36.495751049369574" lon="137.83595139160752">
        <ele>732.86</ele>
      </trkpt>
      <trkpt lat="36.495702769607306" lon="137.83601006492972">
        <ele>732.57</ele>
      </trkpt>
      <trkpt lat="36.49562984704971" lon="137.83609338104725">
        <ele>732.3</ele>
      </trkpt>
      <trkpt lat="36.4955285936594" lon="137.83619857393205">
        <ele>732.05</ele>
      </trkpt>
      <trkpt lat="36.49546103551984" lon="137.83627199940383">
        <ele>731.88</ele>
      </trkpt>
      <trkpt lat="36.49539330974221" lon="137.83641868270934">
        <ele>731.72</ele>
      </trkpt>
      <trkpt lat="36.49540890008211" lon="137.8364410623908">
        <ele>731.66</ele>
      </trkpt>
      <trkpt lat="36.49551048874855" lon="137.83656192943454">
        <ele>731.6</ele>
      </trkpt>
      <trkpt lat="36.495525911450386" lon="137.83658942207694">
        <ele>731.62</ele>
      </trkpt>
      <trkpt lat="36.49563026614487" lon="137.83676175400615">
        <ele>731.68</ele>
      </trkpt>
      <trkpt lat="36.49576848372817" lon="137.83695579506457">
        <ele>731.86</ele>
      </trkpt>
      <trkpt lat="36.49578834883869" lon="137.8369868081063">
        <ele>732.0</ele>
      </trkpt>
      <trkpt lat="36.49590569548309" lon="137.8371976967901">
        <ele>732.23</ele>
      </trkpt>
      <trkpt lat="36.4959501195699" lon="137.83728319220245">
        <ele>732.44</ele>
      </trkpt>
      <trkpt lat="36.496061347424984" lon="137.83745066262782">
        <ele>732.68</ele>
      </trkpt>
      <trkpt lat="36.496187914162874" lon="137.83762676641345">
        <ele>732.94</ele>
      </trkpt>
      <trkpt lat="36.49622580036521" lon="137.83773598261178">
        <ele>733.24</ele>
      </trkpt>
      <trkpt lat="36.49631322361529" lon="137.83793547190726">
        <ele>733.6</ele>
      </trkpt>
      <trkpt lat="36.49633040651679" lon="137.83797369338572">
        <ele>733.97</ele>
      </trkpt>
      <trkpt lat="36.49637818336487" lon="137.83819028176367">
        <ele>734.4</ele>
      </trkpt>
      <trkpt lat="36.4964126329869" lon="137.83833025954664">
        <ele>734.92</ele>
      </trkpt>
      <trkpt lat="36.49644800461829" lon="137.83844131976366">
        <ele>735.42</ele>
      </trkpt>
      <trkpt lat="36.49646376259625" lon="137.8384887613356">
        <ele>735.88</ele>
      </trkpt>
      <trkpt lat="36.4965439774096" lon="137.8387006558478">
        <ele>736.38</ele>
      </trkpt>
      <trkpt lat="36.49658513255417" lon="137.83894456923008">
        <ele>736.77</ele>
      </trkpt>
      <trkpt lat="36.49666375480592" lon="137.83915093168616">
        <ele>737.22</ele>
      </trkpt>
      <trkpt lat="36.496749417856336" lon="137.83937497995794">
        <ele>737.68</ele>
      </trkpt>
      <trkpt lat="36.49679359048605" lon="137.8393907379359">
        <ele>738.19</ele>
      </trkpt>
      <trkpt lat="36.49681320413947" lon="137.83937715925276">
        <ele>738.7</ele>
      </trkpt>
      <trkpt lat="36.49682192131877" lon="137.83930306322873">
        <ele>739.23</ele>
      </trkpt>
      <trkpt lat="36.496854443103075" lon="137.8392117843032">
        <ele>739.75</ele>
      </trkpt>
      <trkpt lat="36.49699525907636" lon="137.8390379436314">
        <ele>740.34</ele>
      </trkpt>
      <trkpt lat="36.497013196349144" lon="137.83901900053024">
        <ele>740.69</ele>
      </trkpt>
      <trkpt lat="36.49705368094146" lon="137.83896116539836">
        <ele>741.01</ele>
      </trkpt>
      <trkpt lat="36.497109085321426" lon="137.8388436511159">
        <ele>741.31</ele>
      </trkpt>
      <trkpt lat="36.497151078656316" lon="137.83870660699904">
        <ele>741.62</ele>
      </trkpt>
      <trkpt lat="36.49719977751374" lon="137.83863008022308">
        <ele>741.85</ele>
      </trkpt>
      <trkpt lat="36.49721142835915" lon="137.83859931863844">
        <ele>742.02</ele>
      </trkpt>
      <trkpt lat="36.497225342318416" lon="137.83857559785247">
        <ele>742.17</ele>
      </trkpt>
      <trkpt lat="36.49725576862693" lon="137.83851114101708">
        <ele>742.26</ele>
      </trkpt>
      <trkpt lat="36.49734780192375" lon="137.83835171721876">
        <ele>742.3</ele>
      </trkpt>
      <trkpt lat="36.49744142778218" lon="137.83816723152995">
        <ele>742.33</ele>
      </trkpt>
      <trkpt lat="36.497483337298036" lon="137.83809590153396">
        <ele>742.39</ele>
      </trkpt>
      <trkpt lat="36.497559528797865" lon="137.83797226846218">
        <ele>742.44</ele>
      </trkpt>
      <trkpt lat="36.497623985633254" lon="137.83785467036068">
        <ele>742.5</ele>
      </trkpt>
      <trkpt lat="36.497699338942766" lon="137.83771301619709">
        <ele>742.58</ele>
      </trkpt>
      <trkpt lat="36.497746612876654" lon="137.83762483857572">
        <ele>742.64</ele>
      </trkpt>
      <trkpt lat="36.49784501641989" lon="137.83744362182915">
        <ele>742.67</ele>
      </trkpt>
      <trkpt lat="36.497894218191504" lon="137.837324263528">
        <ele>742.72</ele>
      </trkpt>
      <trkpt lat="36.49795616045594" lon="137.83723541535437">
        <ele>742.7</ele>
      </trkpt>
      <trkpt lat="36.49800737388432" lon="137.83721764571965">
        <ele>742.67</ele>
      </trkpt>
      <trkpt lat="36.49809764698148" lon="137.83719551749527">
        <ele>742.64</ele>
      </trkpt>
      <trkpt lat="36.49825413711369" lon="137.83719417639077">
        <ele>742.63</ele>
      </trkpt>
      <trkpt lat="36.49843049235642" lon="137.8372101020068">
        <ele>742.56</ele>
      </trkpt>
      <trkpt lat="36.4984624274075" lon="137.83721236512065">
        <ele>742.51</ele>
      </trkpt>
      <trkpt lat="36.4986474160105" lon="137.8372613992542">
        <ele>742.42</ele>
      </trkpt>
      <trkpt lat="36.498839277774096" lon="137.8373173903674">
        <ele>742.35</ele>
      </trkpt>
      <trkpt lat="36.49892116896808" lon="137.83732233569026">
        <ele>742.35</ele>
      </trkpt>
      <trkpt lat="36.49906072765589" lon="137.8373319748789">
        <ele>742.38</ele>
      </trkpt>
      <trkpt lat="36.499166591092944" lon="137.8373179771006">
        <ele>742.44</ele>
      </trkpt>
      <trkpt lat="36.499171452596784" lon="137.83729501068592">
        <ele>742.53</ele>
      </trkpt>
      <trkpt lat="36.49917606264353" lon="137.83726391382515">
        <ele>742.63</ele>
      </trkpt>
      <trkpt lat="36.49917924776673" lon="137.83708076924086">
        <ele>742.76</ele>
      </trkpt>
      <trkpt lat="36.49919265881181" lon="137.83691363409162">
        <ele>742.85</ele>
      </trkpt>
      <trkpt lat="36.499253176152706" lon="137.83673157915473">
        <ele>742.86</ele>
      </trkpt>
      <trkpt lat="36.49932090193033" lon="137.8365160804242">
        <ele>742.8</ele>
      </trkpt>
      <trkpt lat="36.49931017309427" lon="137.836346430704">
        <ele>742.66</ele>
      </trkpt>
      <trkpt lat="36.49930623359978" lon="137.83631357364357">
        <ele>742.39</ele>
      </trkpt>
      <trkpt lat="36.499257031828165" lon="137.83616026863456">
        <ele>742.1</ele>
      </trkpt>
      <trkpt lat="36.499144211411476" lon="137.83603998832405">
        <ele>741.65</ele>
      </trkpt>
      <trkpt lat="36.49899434298277" lon="137.83600042574108">
        <ele>741.12</ele>
      </trkpt>
      <trkpt lat="36.49891245178878" lon="137.83598802052438">
        <ele>740.71</ele>
      </trkpt>
      <trkpt lat="36.49877733550966" lon="137.8359592705965">
        <ele>740.36</ele>
      </trkpt>
      <trkpt lat="36.498725367709994" lon="137.83594678156078">
        <ele>740.06</ele>
      </trkpt>
      <trkpt lat="36.49853568524122" lon="137.83590629696846">
        <ele>739.74</ele>
      </trkpt>
      <trkpt lat="36.498353546485305" lon="137.83586547710001">
        <ele>739.44</ele>
      </trkpt>
      <trkpt lat="36.49830115959048" lon="137.83585650846362">
        <ele>739.23</ele>
      </trkpt>
      <trkpt lat="36.49814383126795" lon="137.83589305356145">
        <ele>739.04</ele>
      </trkpt>
      <trkpt lat="36.49806395173073" lon="137.83597678877413">
        <ele>738.92</ele>
      </trkpt>
      <trkpt lat="36.49803436361253" lon="137.8360330313444">
        <ele>738.87</ele>
      </trkpt>
      <trkpt lat="36.49799698032439" lon="137.8362264856696">
        <ele>738.86</ele>
      </trkpt>
      <trkpt lat="36.49799815379083" lon="137.8362589236349">
        <ele>738.9</ele>
      </trkpt>
      <trkpt lat="36.49803218431771" lon="137.83644667826593">
        <ele>739.01</ele>
      </trkpt>
      <trkpt lat="36.49814508855343" lon="137.83665312454104">
        <ele>739.1</ele>
      </trkpt>
      <trkpt lat="36.498262183740735" lon="137.83677876926959">
        <ele>739.14</ele>
      </trkpt>
      <trkpt lat="36.498294370248914" lon="137.83678245730698">
        <ele>739.15</ele>
      </trkpt>
      <trkpt lat="36.49834809824824" lon="137.8368025738746">
        <ele>739.2</ele>
      </trkpt>
      <trkpt lat="36.498481035232544" lon="137.83682394772768">
        <ele>739.26</ele>
      </trkpt>
      <trkpt lat="36.49850886315107" lon="137.83682906068861">
        <ele>739.32</ele>
      </trkpt>
      <trkpt lat="36.49856636300683" lon="137.83683735877275">
        <ele>739.39</ele>
      </trkpt>
      <trkpt lat="36.498594023287296" lon="137.83684238791466">
        <ele>739.45</ele>
      </trkpt>
      <trkpt lat="36.49868940934539" lon="137.83687113784254">
        <ele>739.51</ele>
      </trkpt>
      <trkpt lat="36.49880885146558" lon="137.83689594827592">
        <ele>739.57</ele>
      </trkpt>
      <trkpt lat="36.49884154088795" lon="137.83690139651299">
        <ele>739.61</ele>
      </trkpt>
      <trkpt lat="36.498984871432185" lon="137.8369630035013">
        <ele>739.63</ele>
      </trkpt>
      <trkpt lat="36.49902661330998" lon="137.83696241676807">
        <ele>739.67</ele>
      </trkpt>
    </trkseg>
  </trk>
</gpx>
