<?xml version="1.0" encoding="UTF-8"?>
<gpx creator="Garmin Connect" version="1.1"
  xsi:schemaLocation="http://www.topografix.com/GPX/1/1 http://www.topografix.com/GPX/11.xsd"
  xmlns:ns3="http://www.garmin.com/xmlschemas/TrackPointExtension/v1"
  xmlns="http://www.topografix.com/GPX/1/1"
  xmlns:xsi="http://www.w3.org/2001/XMLSchema-instance" xmlns:ns2="http://www.garmin.com/xmlschemas/GpxExtensions/v3">
  <metadata>
    <name>富士河口湖町 ラン</name>
    <link href="connect.garmin.com">
      <text>Garmin Connect</text>
    </link>
    <time>2025-12-13T03:03:34.000Z</time>
  </metadata>
  <trk>
    <name>富士河口湖町 ラン</name>
    <trkseg>
      <trkpt lat="35.50366345793009" lon="138.76875763759017">
        <ele>832.2</ele>
      </trkpt>
      <trkpt lat="35.503701930865645" lon="138.7687196675688">
        <ele>831.6</ele>
      </trkpt>
      <trkpt lat="35.503718527033925" lon="138.76864573918283">
        <ele>831.8</ele>
      </trkpt>
      <trkpt lat="35.5037491209805" lon="138.7685397081077">
        <ele>831.6</ele>
      </trkpt>
      <trkpt lat="35.50378088839352" lon="138.76846024766564">
        <ele>831.8</ele>
      </trkpt>
      <trkpt lat="35.50379756838083" lon="138.76841607503593">
        <ele>832.4</ele>
      </trkpt>
      <trkpt lat="35.50381592474878" lon="138.7683689687401">
        <ele>832.6</ele>
      </trkpt>
      <trkpt lat="35.50383931025863" lon="138.76830141060054">
        <ele>832.6</ele>
      </trkpt>
      <trkpt lat="35.503843082115054" lon="138.76828657463193">
        <ele>832.8</ele>
      </trkpt>
      <trkpt lat="35.503856325522065" lon="138.76817408949137">
        <ele>832.8</ele>
      </trkpt>
      <trkpt lat="35.503844087943435" lon="138.76812773756683">
        <ele>832.8</ele>
      </trkpt>
      <trkpt lat="35.50383226945996" lon="138.76810116693377">
        <ele>832.8</ele>
      </trkpt>
      <trkpt lat="35.50377736799419" lon="138.76799320802093">
        <ele>833.2</ele>
      </trkpt>
      <trkpt lat="35.503765968605876" lon="138.76791525632143">
        <ele>833.2</ele>
      </trkpt>
      <trkpt lat="35.50375984981656" lon="138.76774585805833">
        <ele>833.2</ele>
      </trkpt>
      <trkpt lat="35.50375825725496" lon="138.76771157607436">
        <ele>833.2</ele>
      </trkpt>
      <trkpt lat="35.50376680679619" lon="138.76769548282027">
        <ele>833.2</ele>
      </trkpt>
      <trkpt lat="35.503755155950785" lon="138.76765675842762">
        <ele>833.4</ele>
      </trkpt>
      <trkpt lat="35.503744427114725" lon="138.76762675121427">
        <ele>833.2</ele>
      </trkpt>
      <trkpt lat="35.50370696000755" lon="138.7675340473652">
        <ele>833.2</ele>
      </trkpt>
      <trkpt lat="35.50369430333376" lon="138.76746900379658">
        <ele>833.0</ele>
      </trkpt>
      <trkpt lat="35.503683323040605" lon="138.76726222224534">
        <ele>833.4</ele>
      </trkpt>
      <trkpt lat="35.50368784926832" lon="138.76723799854517">
        <ele>833.4</ele>
      </trkpt>
      <trkpt lat="35.50369421951473" lon="138.76702493056655">
        <ele>833.6</ele>
      </trkpt>
      <trkpt lat="35.50371676683426" lon="138.76690498553216">
        <ele>834.2</ele>
      </trkpt>
      <trkpt lat="35.50371240824461" lon="138.76688042655587">
        <ele>834.2</ele>
      </trkpt>
      <trkpt lat="35.503711234778166" lon="138.76686047762632">
        <ele>834.4</ele>
      </trkpt>
      <trkpt lat="35.50372707657516" lon="138.7666336633265">
        <ele>834.0</ele>
      </trkpt>
      <trkpt lat="35.50374174490571" lon="138.76650030724704">
        <ele>834.4</ele>
      </trkpt>
      <trkpt lat="35.50374601967633" lon="138.7664677016437">
        <ele>834.4</ele>
      </trkpt>
      <trkpt lat="35.50376085564494" lon="138.76634859479964">
        <ele>835.0</ele>
      </trkpt>
      <trkpt lat="35.50376236438751" lon="138.76631523482502">
        <ele>835.0</ele>
      </trkpt>
      <trkpt lat="35.50377460196614" lon="138.76618531532586">
        <ele>834.8</ele>
      </trkpt>
      <trkpt lat="35.503781558945775" lon="138.76607744023204">
        <ele>834.8</ele>
      </trkpt>
      <trkpt lat="35.50381517037749" lon="138.76587107777596">
        <ele>834.8</ele>
      </trkpt>
      <trkpt lat="35.50381299108267" lon="138.7657551560551">
        <ele>835.2</ele>
      </trkpt>
      <trkpt lat="35.50384811125696" lon="138.76568097621202">
        <ele>835.6</ele>
      </trkpt>
      <trkpt lat="35.50383998081088" lon="138.7654583528638">
        <ele>835.4</ele>
      </trkpt>
      <trkpt lat="35.503843585029244" lon="138.765218378976">
        <ele>835.8</ele>
      </trkpt>
      <trkpt lat="35.50384433940053" lon="138.7649781536311">
        <ele>835.8</ele>
      </trkpt>
      <trkpt lat="35.50384576432407" lon="138.76488503068686">
        <ele>835.6</ele>
      </trkpt>
      <trkpt lat="35.50386386923492" lon="138.764676656574">
        <ele>834.6</ele>
      </trkpt>
      <trkpt lat="35.5039217043668" lon="138.7645194120705">
        <ele>835.4</ele>
      </trkpt>
      <trkpt lat="35.50396814011037" lon="138.7644314020872">
        <ele>835.4</ele>
      </trkpt>
      <trkpt lat="35.50409789197147" lon="138.76427667215466">
        <ele>835.4</ele>
      </trkpt>
      <trkpt lat="35.50412446260452" lon="138.76425596885383">
        <ele>835.6</ele>
      </trkpt>
      <trkpt lat="35.50428933463991" lon="138.7641620915383">
        <ele>835.6</ele>
      </trkpt>
      <trkpt lat="35.504319090396166" lon="138.76415270380676">
        <ele>835.4</ele>
      </trkpt>
      <trkpt lat="35.50443224608898" lon="138.76413107849658">
        <ele>835.2</ele>
      </trkpt>
      <trkpt lat="35.504459738731384" lon="138.7641245406121">
        <ele>835.2</ele>
      </trkpt>
      <trkpt lat="35.504546742886305" lon="138.76410802826285">
        <ele>835.0</ele>
      </trkpt>
      <trkpt lat="35.504739778116345" lon="138.7640537135303">
        <ele>835.2</ele>
      </trkpt>
      <trkpt lat="35.504789566621184" lon="138.76403921283782">
        <ele>835.0</ele>
      </trkpt>
      <trkpt lat="35.50498251803219" lon="138.76397458836436">
        <ele>834.2</ele>
      </trkpt>
      <trkpt lat="35.505159040912986" lon="138.7639239616692">
        <ele>834.8</ele>
      </trkpt>
      <trkpt lat="35.50520891323686" lon="138.76387165859342">
        <ele>835.0</ele>
      </trkpt>
      <trkpt lat="35.50538141280413" lon="138.76372950151563">
        <ele>835.0</ele>
      </trkpt>
      <trkpt lat="35.50540647469461" lon="138.76371055841446">
        <ele>835.0</ele>
      </trkpt>
      <trkpt lat="35.50556447356939" lon="138.76360771246254">
        <ele>834.4</ele>
      </trkpt>
      <trkpt lat="35.50558500923216" lon="138.7635943852365">
        <ele>834.2</ele>
      </trkpt>
      <trkpt lat="35.50560537725687" lon="138.76357980072498">
        <ele>834.0</ele>
      </trkpt>
      <trkpt lat="35.505752228200436" lon="138.76345893368125">
        <ele>833.6</ele>
      </trkpt>
      <trkpt lat="35.505915926769376" lon="138.76334561035037">
        <ele>833.2</ele>
      </trkpt>
      <trkpt lat="35.50596890039742" lon="138.76332465559244">
        <ele>833.2</ele>
      </trkpt>
      <trkpt lat="35.50604081712663" lon="138.7632780522108">
        <ele>833.0</ele>
      </trkpt>
      <trkpt lat="35.50620736554265" lon="138.76316137611866">
        <ele>832.4</ele>
      </trkpt>
      <trkpt lat="35.50623184069991" lon="138.76314276829362">
        <ele>832.2</ele>
      </trkpt>
      <trkpt lat="35.50625815987587" lon="138.76312667503953">
        <ele>832.2</ele>
      </trkpt>
      <trkpt lat="35.50639268942177" lon="138.76301201060414">
        <ele>831.8</ele>
      </trkpt>
      <trkpt lat="35.506547251716256" lon="138.7628863658756">
        <ele>831.6</ele>
      </trkpt>
      <trkpt lat="35.50663786008954" lon="138.7628155387938">
        <ele>831.6</ele>
      </trkpt>
      <trkpt lat="35.506792925298214" lon="138.76270120963454">
        <ele>831.8</ele>
      </trkpt>
      <trkpt lat="35.50695788115263" lon="138.76256609335542">
        <ele>831.8</ele>
      </trkpt>
      <trkpt lat="35.507113030180335" lon="138.76243424601853">
        <ele>831.6</ele>
      </trkpt>
      <trkpt lat="35.50727069377899" lon="138.76229812391102">
        <ele>831.2</ele>
      </trkpt>
      <trkpt lat="35.50734043121338" lon="138.76224657520652">
        <ele>831.2</ele>
      </trkpt>
      <trkpt lat="35.507497591897845" lon="138.76212294213474">
        <ele>830.6</ele>
      </trkpt>
      <trkpt lat="35.507662715390325" lon="138.76201347447932">
        <ele>831.8</ele>
      </trkpt>
      <trkpt lat="35.507685262709856" lon="138.76199394464493">
        <ele>832.0</ele>
      </trkpt>
      <trkpt lat="35.5078539904207" lon="138.7618746701628">
        <ele>831.0</ele>
      </trkpt>
      <trkpt lat="35.50787846557796" lon="138.76185899600387">
        <ele>831.0</ele>
      </trkpt>
      <trkpt lat="35.50792230293155" lon="138.76182521693408">
        <ele>831.2</ele>
      </trkpt>
      <trkpt lat="35.508026238530874" lon="138.76173527911305">
        <ele>832.2</ele>
      </trkpt>
      <trkpt lat="35.50809203647077" lon="138.76168088056147">
        <ele>833.2</ele>
      </trkpt>
      <trkpt lat="35.5081145837903" lon="138.76166227273643">
        <ele>833.4</ele>
      </trkpt>
      <trkpt lat="35.508180214092135" lon="138.7615374661982">
        <ele>834.6</ele>
      </trkpt>
      <trkpt lat="35.50818331539631" lon="138.76150645315647">
        <ele>834.8</ele>
      </trkpt>
      <trkpt lat="35.50813000649214" lon="138.761383658275">
        <ele>834.8</ele>
      </trkpt>
      <trkpt lat="35.507990112528205" lon="138.76124074682593">
        <ele>834.8</ele>
      </trkpt>
      <trkpt lat="35.50786178559065" lon="138.76114200800657">
        <ele>834.6</ele>
      </trkpt>
      <trkpt lat="35.50773186609149" lon="138.76104544848204">
        <ele>834.2</ele>
      </trkpt>
      <trkpt lat="35.507679814472795" lon="138.76101099886">
        <ele>834.4</ele>
      </trkpt>
      <trkpt lat="35.50765626132488" lon="138.76099079847336">
        <ele>834.4</ele>
      </trkpt>
      <trkpt lat="35.50755366683006" lon="138.76091963611543">
        <ele>834.2</ele>
      </trkpt>
      <trkpt lat="35.50740606151521" lon="138.76082902774215">
        <ele>833.6</ele>
      </trkpt>
      <trkpt lat="35.507381251081824" lon="138.76080656424165">
        <ele>833.4</ele>
      </trkpt>
      <trkpt lat="35.507207326591015" lon="138.7606687657535">
        <ele>833.2</ele>
      </trkpt>
      <trkpt lat="35.50713440403342" lon="138.76060682348907">
        <ele>833.2</ele>
      </trkpt>
      <trkpt lat="35.50698420032859" lon="138.76049417071044">
        <ele>833.6</ele>
      </trkpt>
      <trkpt lat="35.5068800970912" lon="138.7604166381061">
        <ele>832.6</ele>
      </trkpt>
      <trkpt lat="35.50678043626249" lon="138.76034463755786">
        <ele>831.8</ele>
      </trkpt>
      <trkpt lat="35.50668572075665" lon="138.7602720502764">
        <ele>832.2</ele>
      </trkpt>
      <trkpt lat="35.50652512349188" lon="138.76016434282064">
        <ele>831.6</ele>
      </trkpt>
      <trkpt lat="35.506476843729615" lon="138.76013299450278">
        <ele>831.6</ele>
      </trkpt>
      <trkpt lat="35.50645220093429" lon="138.76011606305838">
        <ele>831.4</ele>
      </trkpt>
      <trkpt lat="35.506289675831795" lon="138.7599770911038">
        <ele>831.6</ele>
      </trkpt>
      <trkpt lat="35.506199738010764" lon="138.759903665632">
        <ele>831.4</ele>
      </trkpt>
      <trkpt lat="35.506024891510606" lon="138.75978372059762">
        <ele>831.6</ele>
      </trkpt>
      <trkpt lat="35.50597627647221" lon="138.7597537972033">
        <ele>832.0</ele>
      </trkpt>
      <trkpt lat="35.505886590108275" lon="138.75967810861766">
        <ele>832.4</ele>
      </trkpt>
      <trkpt lat="35.505841076374054" lon="138.7596414797008">
        <ele>832.6</ele>
      </trkpt>
      <trkpt lat="35.505772680044174" lon="138.75959797762334">
        <ele>833.0</ele>
      </trkpt>
      <trkpt lat="35.505613926798105" lon="138.75947937369347">
        <ele>833.4</ele>
      </trkpt>
      <trkpt lat="35.50554293207824" lon="138.75944207422435">
        <ele>833.6</ele>
      </trkpt>
      <trkpt lat="35.50549783743918" lon="138.75941273756325">
        <ele>834.2</ele>
      </trkpt>
      <trkpt lat="35.50542717799544" lon="138.75937183387578">
        <ele>834.6</ele>
      </trkpt>
      <trkpt lat="35.50535308197141" lon="138.75932472757995">
        <ele>835.0</ele>
      </trkpt>
      <trkpt lat="35.505307568237185" lon="138.75929061323404">
        <ele>835.2</ele>
      </trkpt>
      <trkpt lat="35.50523003563285" lon="138.75924048945308">
        <ele>835.2</ele>
      </trkpt>
      <trkpt lat="35.505182426422834" lon="138.75920176506042">
        <ele>835.2</ele>
      </trkpt>
      <trkpt lat="35.505111515522" lon="138.7591438461095">
        <ele>836.0</ele>
      </trkpt>
      <trkpt lat="35.50506734289229" lon="138.75910797156394">
        <ele>836.2</ele>
      </trkpt>
      <trkpt lat="35.50494831986725" lon="138.75901929102838">
        <ele>837.0</ele>
      </trkpt>
      <trkpt lat="35.504807252436876" lon="138.75891208648682">
        <ele>837.4</ele>
      </trkpt>
      <trkpt lat="35.504668364301324" lon="138.7588166166097">
        <ele>837.8</ele>
      </trkpt>
      <trkpt lat="35.5046455655247" lon="138.7588037084788">
        <ele>838.0</ele>
      </trkpt>
      <trkpt lat="35.50457037985325" lon="138.75875366851687">
        <ele>838.6</ele>
      </trkpt>
      <trkpt lat="35.50450634211302" lon="138.75869792886078">
        <ele>839.0</ele>
      </trkpt>
      <trkpt lat="35.50448597408831" lon="138.75868141651154">
        <ele>839.2</ele>
      </trkpt>
      <trkpt lat="35.50432956777513" lon="138.75856415368617">
        <ele>840.0</ele>
      </trkpt>
      <trkpt lat="35.504257986322045" lon="138.75851503573358">
        <ele>840.2</ele>
      </trkpt>
      <trkpt lat="35.504097724333405" lon="138.75839182175696">
        <ele>841.2</ele>
      </trkpt>
      <trkpt lat="35.50401231274009" lon="138.75832208432257">
        <ele>841.8</ele>
      </trkpt>
      <trkpt lat="35.50389312207699" lon="138.75823315232992">
        <ele>842.4</ele>
      </trkpt>
      <trkpt lat="35.50384182482958" lon="138.7581974454224">
        <ele>842.4</ele>
      </trkpt>
      <trkpt lat="35.50379027612507" lon="138.7581662647426">
        <ele>842.6</ele>
      </trkpt>
      <trkpt lat="35.50367611460388" lon="138.75808395445347">
        <ele>843.0</ele>
      </trkpt>
      <trkpt lat="35.503580309450626" lon="138.75801723450422">
        <ele>843.4</ele>
      </trkpt>
      <trkpt lat="35.50355851650238" lon="138.75799820758402">
        <ele>843.8</ele>
      </trkpt>
      <trkpt lat="35.503516690805554" lon="138.75796107575297">
        <ele>844.6</ele>
      </trkpt>
      <trkpt lat="35.50335089676082" lon="138.7578314077109">
        <ele>845.6</ele>
      </trkpt>
      <trkpt lat="35.50328275188804" lon="138.75777700915933">
        <ele>845.8</ele>
      </trkpt>
      <trkpt lat="35.503260204568505" lon="138.75776007771492">
        <ele>845.8</ele>
      </trkpt>
      <trkpt lat="35.5031103361398" lon="138.75766335055232">
        <ele>846.2</ele>
      </trkpt>
      <trkpt lat="35.50308594480157" lon="138.75764700584114">
        <ele>846.2</ele>
      </trkpt>
      <trkpt lat="35.50292333588004" lon="138.75752991065383">
        <ele>846.2</ele>
      </trkpt>
      <trkpt lat="35.5028772354126" lon="138.75748766586185">
        <ele>846.4</ele>
      </trkpt>
      <trkpt lat="35.50283591262996" lon="138.75744902528822">
        <ele>846.6</ele>
      </trkpt>
      <trkpt lat="35.502663999795914" lon="138.75731189735234">
        <ele>847.0</ele>
      </trkpt>
      <trkpt lat="35.50264187157154" lon="138.75729731284082">
        <ele>847.0</ele>
      </trkpt>
      <trkpt lat="35.50247096456587" lon="138.75717736780643">
        <ele>847.6</ele>
      </trkpt>
      <trkpt lat="35.50242260098457" lon="138.7571461033076">
        <ele>847.6</ele>
      </trkpt>
      <trkpt lat="35.502329394221306" lon="138.75708508305252">
        <ele>848.0</ele>
      </trkpt>
      <trkpt lat="35.50230768509209" lon="138.75707544386387">
        <ele>848.0</ele>
      </trkpt>
      <trkpt lat="35.502124121412635" lon="138.75697460956872">
        <ele>848.2</ele>
      </trkpt>
      <trkpt lat="35.50202990882099" lon="138.75691593624651">
        <ele>848.6</ele>
      </trkpt>
      <trkpt lat="35.50200576893985" lon="138.7569018546492">
        <ele>848.8</ele>
      </trkpt>
      <trkpt lat="35.501915914937854" lon="138.7568332068622">
        <ele>849.2</ele>
      </trkpt>
      <trkpt lat="35.501774763688445" lon="138.75674167647958">
        <ele>849.8</ele>
      </trkpt>
      <trkpt lat="35.50172279588878" lon="138.75672290101647">
        <ele>850.2</ele>
      </trkpt>
      <trkpt lat="35.5015388969332" lon="138.75663765706122">
        <ele>850.8</ele>
      </trkpt>
      <trkpt lat="35.501358937472105" lon="138.75654025934637">
        <ele>850.6</ele>
      </trkpt>
      <trkpt lat="35.50133286975324" lon="138.7565274350345">
        <ele>851.0</ele>
      </trkpt>
      <trkpt lat="35.5013073887676" lon="138.7565141916275">
        <ele>851.2</ele>
      </trkpt>
      <trkpt lat="35.501184426248074" lon="138.75645468011498">
        <ele>852.0</ele>
      </trkpt>
      <trkpt lat="35.501101864501834" lon="138.7564359884709">
        <ele>852.4</ele>
      </trkpt>
      <trkpt lat="35.5009413510561" lon="138.75638209283352">
        <ele>852.8</ele>
      </trkpt>
      <trkpt lat="35.50086306408048" lon="138.75634588301182">
        <ele>853.2</ele>
      </trkpt>
      <trkpt lat="35.50067598000169" lon="138.75627941451967">
        <ele>852.8</ele>
      </trkpt>
      <trkpt lat="35.50064831972122" lon="138.75627296045423">
        <ele>852.8</ele>
      </trkpt>
      <trkpt lat="35.500470623373985" lon="138.75620674341917">
        <ele>853.4</ele>
      </trkpt>
      <trkpt lat="35.500393342226744" lon="138.7561883032322">
        <ele>853.8</ele>
      </trkpt>
      <trkpt lat="35.50033978186548" lon="138.75617078505456">
        <ele>854.4</ele>
      </trkpt>
      <trkpt lat="35.500184213742614" lon="138.75612795352936">
        <ele>855.2</ele>
      </trkpt>
      <trkpt lat="35.500129731372" lon="138.75611806288362">
        <ele>855.4</ele>
      </trkpt>
      <trkpt lat="35.500072315335274" lon="138.7561061605811">
        <ele>855.6</ele>
      </trkpt>
      <trkpt lat="35.499962931498885" lon="138.75608889386058">
        <ele>855.8</ele>
      </trkpt>
      <trkpt lat="35.49993770197034" lon="138.7560857925564">
        <ele>855.8</ele>
      </trkpt>
      <trkpt lat="35.499751372262836" lon="138.75604036264122">
        <ele>856.8</ele>
      </trkpt>
      <trkpt lat="35.49972488544881" lon="138.7560347467661">
        <ele>857.0</ele>
      </trkpt>
      <trkpt lat="35.4995372146368" lon="138.75600616447628">
        <ele>857.4</ele>
      </trkpt>
      <trkpt lat="35.499508045613766" lon="138.75600390136242">
        <ele>857.4</ele>
      </trkpt>
      <trkpt lat="35.49939086660743" lon="138.75599996186793">
        <ele>857.8</ele>
      </trkpt>
      <trkpt lat="35.499311573803425" lon="138.7559977825731">
        <ele>858.0</ele>
      </trkpt>
      <trkpt lat="35.4991140961647" lon="138.7559847906232">
        <ele>858.0</ele>
      </trkpt>
      <trkpt lat="35.49906246364117" lon="138.75599157996476">
        <ele>858.4</ele>
      </trkpt>
      <trkpt lat="35.49901275895536" lon="138.7560094334185">
        <ele>858.8</ele>
      </trkpt>
      <trkpt lat="35.49893916584551" lon="138.7560897320509">
        <ele>859.0</ele>
      </trkpt>
      <trkpt lat="35.49890077672899" lon="138.7562702782452">
        <ele>859.0</ele>
      </trkpt>
      <trkpt lat="35.49886683002114" lon="138.75651670619845">
        <ele>859.4</ele>
      </trkpt>
      <trkpt lat="35.49886322580278" lon="138.75654922798276">
        <ele>859.4</ele>
      </trkpt>
      <trkpt lat="35.49882022663951" lon="138.75678962096572">
        <ele>859.0</ele>
      </trkpt>
      <trkpt lat="35.4988069832325" lon="138.7568609509617">
        <ele>858.8</ele>
      </trkpt>
      <trkpt lat="35.49875082448125" lon="138.75710067339242">
        <ele>857.6</ele>
      </trkpt>
      <trkpt lat="35.49872417002916" lon="138.7572050280869">
        <ele>857.2</ele>
      </trkpt>
      <trkpt lat="35.4986843559891" lon="138.75733100809157">
        <ele>856.6</ele>
      </trkpt>
      <trkpt lat="35.49864965490997" lon="138.75744273886085">
        <ele>856.6</ele>
      </trkpt>
      <trkpt lat="35.49860908649862" lon="138.75760124064982">
        <ele>856.4</ele>
      </trkpt>
      <trkpt lat="35.49858343787491" lon="138.7577058468014">
        <ele>856.2</ele>
      </trkpt>
      <trkpt lat="35.498531218618155" lon="138.75790474936366">
        <ele>855.8</ele>
      </trkpt>
      <trkpt lat="35.49851453863084" lon="138.75801363028586">
        <ele>855.8</ele>
      </trkpt>
      <trkpt lat="35.498470198363066" lon="138.75825142487884">
        <ele>856.0</ele>
      </trkpt>
      <trkpt lat="35.49844840541482" lon="138.75835955142975">
        <ele>856.0</ele>
      </trkpt>
      <trkpt lat="35.49842443317175" lon="138.7584968470037">
        <ele>855.6</ele>
      </trkpt>
      <trkpt lat="35.49840037710965" lon="138.75866691581905">
        <ele>854.8</ele>
      </trkpt>
      <trkpt lat="35.4983941745013" lon="138.758701113984">
        <ele>854.8</ele>
      </trkpt>
      <trkpt lat="35.498350504785776" lon="138.75891661271453">
        <ele>856.0</ele>
      </trkpt>
      <trkpt lat="35.498343128710985" lon="138.75894988887012">
        <ele>856.0</ele>
      </trkpt>
      <trkpt lat="35.49829644151032" lon="138.75919187441468">
        <ele>856.4</ele>
      </trkpt>
      <trkpt lat="35.498290825635195" lon="138.7592249829322">
        <ele>856.4</ele>
      </trkpt>
      <trkpt lat="35.49826132133603" lon="138.75942598097026">
        <ele>856.2</ele>
      </trkpt>
      <trkpt lat="35.498214550316334" lon="138.75964684411883">
        <ele>855.8</ele>
      </trkpt>
      <trkpt lat="35.49820901826024" lon="138.75968791544437">
        <ele>855.8</ele>
      </trkpt>
      <trkpt lat="35.49819007515907" lon="138.75984080135822">
        <ele>856.2</ele>
      </trkpt>
      <trkpt lat="35.49816350452602" lon="138.76001975499094">
        <ele>856.6</ele>
      </trkpt>
      <trkpt lat="35.49811966717243" lon="138.76026744022965">
        <ele>855.8</ele>
      </trkpt>
      <trkpt lat="35.49811698496342" lon="138.76030306331813">
        <ele>855.6</ele>
      </trkpt>
      <trkpt lat="35.49808345735073" lon="138.76055108383298">
        <ele>856.2</ele>
      </trkpt>
      <trkpt lat="35.498058730736375" lon="138.76073523424566">
        <ele>856.6</ele>
      </trkpt>
      <trkpt lat="35.498029477894306" lon="138.76090622507036">
        <ele>856.2</ele>
      </trkpt>
      <trkpt lat="35.49799041822553" lon="138.76115114428103">
        <ele>855.8</ele>
      </trkpt>
      <trkpt lat="35.497965440154076" lon="138.76139514148235">
        <ele>856.4</ele>
      </trkpt>
      <trkpt lat="35.497960997745395" lon="138.76143059693277">
        <ele>856.4</ele>
      </trkpt>
      <trkpt lat="35.49792897887528" lon="138.76165648922324">
        <ele>855.8</ele>
      </trkpt>
      <trkpt lat="35.49790601246059" lon="138.76180585473776">
        <ele>855.6</ele>
      </trkpt>
      <trkpt lat="35.49789134413004" lon="138.76192789524794">
        <ele>855.6</ele>
      </trkpt>
      <trkpt lat="35.49785412847996" lon="138.76215915195644">
        <ele>854.6</ele>
      </trkpt>
      <trkpt lat="35.49784876406193" lon="138.76219360157847">
        <ele>854.8</ele>
      </trkpt>
      <trkpt lat="35.49782378599048" lon="138.76241521909833">
        <ele>854.8</ele>
      </trkpt>
      <trkpt lat="35.49780928529799" lon="138.76251932233572">
        <ele>854.6</ele>
      </trkpt>
      <trkpt lat="35.49780140630901" lon="138.76255720853806">
        <ele>854.8</ele>
      </trkpt>
      <trkpt lat="35.49776628613472" lon="138.7627779878676">
        <ele>855.2</ele>
      </trkpt>
      <trkpt lat="35.49774181097746" lon="138.76292182132602">
        <ele>855.2</ele>
      </trkpt>
      <trkpt lat="35.49770568497479" lon="138.7631685845554">
        <ele>854.8</ele>
      </trkpt>
      <trkpt lat="35.497701074928045" lon="138.7632029503584">
        <ele>855.0</ele>
      </trkpt>
      <trkpt lat="35.49767190590501" lon="138.76342465169728">
        <ele>855.0</ele>
      </trkpt>
      <trkpt lat="35.49766805022955" lon="138.76349061727524">
        <ele>854.8</ele>
      </trkpt>
      <trkpt lat="35.49764499999583" lon="138.76374375075102">
        <ele>854.6</ele>
      </trkpt>
      <trkpt lat="35.49764064140618" lon="138.76377811655402">
        <ele>854.8</ele>
      </trkpt>
      <trkpt lat="35.49760837107897" lon="138.76396687701344">
        <ele>855.2</ele>
      </trkpt>
      <trkpt lat="35.49758858978748" lon="138.76396821811795">
        <ele>855.2</ele>
      </trkpt>
      <trkpt lat="35.49756838940084" lon="138.76391105353832">
        <ele>855.2</ele>
      </trkpt>
      <trkpt lat="35.49757459200919" lon="138.76368432305753">
        <ele>855.0</ele>
      </trkpt>
      <trkpt lat="35.497621865943074" lon="138.7634585145861">
        <ele>854.6</ele>
      </trkpt>
      <trkpt lat="35.49763494171202" lon="138.76337536610663">
        <ele>854.8</ele>
      </trkpt>
      <trkpt lat="35.49767970107496" lon="138.76313933171332">
        <ele>855.0</ele>
      </trkpt>
      <trkpt lat="35.49770325422287" lon="138.76298979856074">
        <ele>855.6</ele>
      </trkpt>
      <trkpt lat="35.497716246172786" lon="138.76284412108362">
        <ele>855.8</ele>
      </trkpt>
      <trkpt lat="35.49772270023823" lon="138.76263675279915">
        <ele>855.2</ele>
      </trkpt>
      <trkpt lat="35.49774575047195" lon="138.76239384524524">
        <ele>855.0</ele>
      </trkpt>
      <trkpt lat="35.49775027669966" lon="138.76236207783222">
        <ele>855.0</ele>
      </trkpt>
      <trkpt lat="35.49776142463088" lon="138.7622909154743">
        <ele>854.8</ele>
      </trkpt>
      <trkpt lat="35.497769471257925" lon="138.76222176477313">
        <ele>854.6</ele>
      </trkpt>
      <trkpt lat="35.49779310822487" lon="138.76205756329">
        <ele>854.4</ele>
      </trkpt>
      <trkpt lat="35.49782646819949" lon="138.7618308328092">
        <ele>855.4</ele>
      </trkpt>
      <trkpt lat="35.497836442664266" lon="138.76173368655145">
        <ele>855.6</ele>
      </trkpt>
      <trkpt lat="35.497843315824866" lon="138.7617023382336">
        <ele>855.6</ele>
      </trkpt>
      <trkpt lat="35.49787332303822" lon="138.76150955446064">
        <ele>855.4</ele>
      </trkpt>
      <trkpt lat="35.49791380763054" lon="138.76127360388637">
        <ele>856.4</ele>
      </trkpt>
      <trkpt lat="35.49792361445725" lon="138.76116472296417">
        <ele>856.4</ele>
      </trkpt>
      <trkpt lat="35.49793208017945" lon="138.7610995117575">
        <ele>856.8</ele>
      </trkpt>
      <trkpt lat="35.497966865077615" lon="138.7608643155545">
        <ele>857.8</ele>
      </trkpt>
      <trkpt lat="35.49799888394773" lon="138.760630460456">
        <ele>857.4</ele>
      </trkpt>
      <trkpt lat="35.498013719916344" lon="138.76048914156854">
        <ele>857.8</ele>
      </trkpt>
      <trkpt lat="35.49804959446192" lon="138.76026894897223">
        <ele>858.0</ele>
      </trkpt>
      <trkpt lat="35.498067028820515" lon="138.760128300637">
        <ele>858.2</ele>
      </trkpt>
      <trkpt lat="35.498109105974436" lon="138.75988338142633">
        <ele>858.4</ele>
      </trkpt>
      <trkpt lat="35.49812436103821" lon="138.7598172482103">
        <ele>858.2</ele>
      </trkpt>
      <trkpt lat="35.49816367216408" lon="138.7595629412681">
        <ele>858.8</ele>
      </trkpt>
      <trkpt lat="35.49818110652268" lon="138.75949077308178">
        <ele>858.6</ele>
      </trkpt>
      <trkpt lat="35.49821153283119" lon="138.75924937427044">
        <ele>858.6</ele>
      </trkpt>
      <trkpt lat="35.498215137049556" lon="138.75921349972486">
        <ele>858.8</ele>
      </trkpt>
      <trkpt lat="35.498219998553395" lon="138.75917728990316">
        <ele>859.0</ele>
      </trkpt>
      <trkpt lat="35.49823089502752" lon="138.75910797156394">
        <ele>859.0</ele>
      </trkpt>
      <trkpt lat="35.498273307457566" lon="138.7588681653142">
        <ele>858.4</ele>
      </trkpt>
      <trkpt lat="35.49827707931399" lon="138.75883338041604">
        <ele>858.6</ele>
      </trkpt>
      <trkpt lat="35.498289316892624" lon="138.75876154750586">
        <ele>858.8</ele>
      </trkpt>
      <trkpt lat="35.4983370937407" lon="138.7585314642638">
        <ele>858.8</ele>
      </trkpt>
      <trkpt lat="35.498346565291286" lon="138.7584627326578">
        <ele>858.8</ele>
      </trkpt>
      <trkpt lat="35.49840280786157" lon="138.75822829082608">
        <ele>858.6</ele>
      </trkpt>
      <trkpt lat="35.498435916379094" lon="138.75809527002275">
        <ele>858.8</ele>
      </trkpt>
      <trkpt lat="35.498470701277256" lon="138.7579210102558">
        <ele>859.4</ele>
      </trkpt>
      <trkpt lat="35.498505318537354" lon="138.75772755593061">
        <ele>859.0</ele>
      </trkpt>
      <trkpt lat="35.49854094162583" lon="138.7575718201697">
        <ele>859.8</ele>
      </trkpt>
      <trkpt lat="35.49859064631164" lon="138.7573387194425">
        <ele>860.0</ele>
      </trkpt>
      <trkpt lat="35.4985960945487" lon="138.7573065329343">
        <ele>860.0</ele>
      </trkpt>
      <trkpt lat="35.49864764325321" lon="138.75706689432263">
        <ele>860.4</ele>
      </trkpt>
      <trkpt lat="35.49869131296873" lon="138.75687327235937">
        <ele>861.0</ele>
      </trkpt>
      <trkpt lat="35.49874495714903" lon="138.75663857907057">
        <ele>861.0</ele>
      </trkpt>
      <trkpt lat="35.498771611601114" lon="138.7565387506038">
        <ele>861.0</ele>
      </trkpt>
      <trkpt lat="35.49881720915437" lon="138.75637521967292">
        <ele>862.0</ele>
      </trkpt>
      <trkpt lat="35.49886825494468" lon="138.75613926909864">
        <ele>862.2</ele>
      </trkpt>
      <trkpt lat="35.49883020110428" lon="138.7559398636222">
        <ele>862.0</ele>
      </trkpt>
      <trkpt lat="35.49869240261614" lon="138.75587683171034">
        <ele>862.0</ele>
      </trkpt>
      <trkpt lat="35.49851194024086" lon="138.7558909971267">
        <ele>862.6</ele>
      </trkpt>
      <trkpt lat="35.49845083616674" lon="138.75589753501117">
        <ele>862.6</ele>
      </trkpt>
      <trkpt lat="35.49826132133603" lon="138.75590641982853">
        <ele>862.0</ele>
      </trkpt>
      <trkpt lat="35.49823299050331" lon="138.75591019168496">
        <ele>862.0</ele>
      </trkpt>
      <trkpt lat="35.498053869232535" lon="138.75594019889832">
        <ele>862.6</ele>
      </trkpt>
      <trkpt lat="35.49796753562987" lon="138.75595344230533">
        <ele>862.6</ele>
      </trkpt>
      <trkpt lat="35.49791255034506" lon="138.75596350058913">
        <ele>863.0</ele>
      </trkpt>
      <trkpt lat="35.4977260529995" lon="138.75598856247962">
        <ele>863.0</ele>
      </trkpt>
      <trkpt lat="35.49754022620618" lon="138.7560223415494">
        <ele>863.2</ele>
      </trkpt>
      <trkpt lat="35.497463112697005" lon="138.75603960826993">
        <ele>863.0</ele>
      </trkpt>
      <trkpt lat="35.497354147955775" lon="138.7560672685504">
        <ele>863.4</ele>
      </trkpt>
      <trkpt lat="35.49724292010069" lon="138.7560897320509">
        <ele>863.2</ele>
      </trkpt>
      <trkpt lat="35.49705273471773" lon="138.7561121955514">
        <ele>863.6</ele>
      </trkpt>
      <trkpt lat="35.49699858762324" lon="138.75611999072134">
        <ele>863.4</ele>
      </trkpt>
      <trkpt lat="35.49679976888001" lon="138.75617531128228">
        <ele>863.4</ele>
      </trkpt>
      <trkpt lat="35.496604554355145" lon="138.75619903206825">
        <ele>863.2</ele>
      </trkpt>
      <trkpt lat="35.49655216746032" lon="138.75620691105723">
        <ele>863.6</ele>
      </trkpt>
      <trkpt lat="35.49634924158454" lon="138.75623364932835">
        <ele>863.4</ele>
      </trkpt>
      <trkpt lat="35.49629157409072" lon="138.75624731183052">
        <ele>863.4</ele>
      </trkpt>
      <trkpt lat="35.496094934642315" lon="138.7562868744135">
        <ele>863.4</ele>
      </trkpt>
      <trkpt lat="35.49606643617153" lon="138.7562950886786">
        <ele>863.6</ele>
      </trkpt>
      <trkpt lat="35.495976665988564" lon="138.7563085835427">
        <ele>863.6</ele>
      </trkpt>
      <trkpt lat="35.4957970418036" lon="138.75632685609162">
        <ele>863.6</ele>
      </trkpt>
      <trkpt lat="35.49571841955185" lon="138.75633825547993">
        <ele>863.4</ele>
      </trkpt>
      <trkpt lat="35.49552991054952" lon="138.7563783209771">
        <ele>863.6</ele>
      </trkpt>
      <trkpt lat="35.49544374458492" lon="138.75639173202217">
        <ele>863.8</ele>
      </trkpt>
      <trkpt lat="35.495251128450036" lon="138.75641922466457">
        <ele>863.8</ele>
      </trkpt>
      <trkpt lat="35.495194885879755" lon="138.75642903149128">
        <ele>863.8</ele>
      </trkpt>
      <trkpt lat="35.49500503577292" lon="138.75644990243018">
        <ele>863.4</ele>
      </trkpt>
      <trkpt lat="35.494950050488114" lon="138.75646272674203">
        <ele>863.6</ele>
      </trkpt>
      <trkpt lat="35.49489405937493" lon="138.75647513195872">
        <ele>864.0</ele>
      </trkpt>
      <trkpt lat="35.49475626088679" lon="138.75649943947792">
        <ele>864.2</ele>
      </trkpt>
      <trkpt lat="35.49472709186375" lon="138.75650329515338">
        <ele>864.2</ele>
      </trkpt>
      <trkpt lat="35.4945364035666" lon="138.75654595904052">
        <ele>863.8</ele>
      </trkpt>
      <trkpt lat="35.4944827593863" lon="138.75654998235404">
        <ele>864.0</ele>
      </trkpt>
      <trkpt lat="35.49429357983172" lon="138.7565831746906">
        <ele>864.4</ele>
      </trkpt>
      <trkpt lat="35.49421244300902" lon="138.75659549608827">
        <ele>864.2</ele>
      </trkpt>
      <trkpt lat="35.49401203170419" lon="138.75662910751998">
        <ele>864.6</ele>
      </trkpt>
      <trkpt lat="35.49398445524275" lon="138.75663304701447">
        <ele>864.6</ele>
      </trkpt>
      <trkpt lat="35.49378798343241" lon="138.75666791573167">
        <ele>864.8</ele>
      </trkpt>
      <trkpt lat="35.49367549829185" lon="138.75668501481414">
        <ele>864.0</ele>
      </trkpt>
      <trkpt lat="35.493479780852795" lon="138.7567023653537">
        <ele>864.6</ele>
      </trkpt>
      <trkpt lat="35.49345429986715" lon="138.7567044608295">
        <ele>864.6</ele>
      </trkpt>
      <trkpt lat="35.49329772591591" lon="138.7567142676562">
        <ele>864.6</ele>
      </trkpt>
      <trkpt lat="35.49309639260173" lon="138.75671720132232">
        <ele>864.6</ele>
      </trkpt>
      <trkpt lat="35.492964796721935" lon="138.75671921297908">
        <ele>865.0</ele>
      </trkpt>
      <trkpt lat="35.49277729354799" lon="138.75673346221447">
        <ele>865.0</ele>
      </trkpt>
      <trkpt lat="35.492748878896236" lon="138.7567335460335">
        <ele>865.0</ele>
      </trkpt>
      <trkpt lat="35.492549389600754" lon="138.75673471949995">
        <ele>864.2</ele>
      </trkpt>
      <trkpt lat="35.492495158687234" lon="138.75672575086355">
        <ele>864.4</ele>
      </trkpt>
      <trkpt lat="35.49231427721679" lon="138.75673228874803">
        <ele>865.0</ele>
      </trkpt>
      <trkpt lat="35.49222534522414" lon="138.75674486160278">
        <ele>865.2</ele>
      </trkpt>
      <trkpt lat="35.49202585592866" lon="138.75674259848893">
        <ele>865.0</ele>
      </trkpt>
      <trkpt lat="35.49199995584786" lon="138.7567446101457">
        <ele>864.8</ele>
      </trkpt>
      <trkpt lat="35.49185520038009" lon="138.7567248288542">
        <ele>865.2</ele>
      </trkpt>
      <trkpt lat="35.49184983596206" lon="138.75670320354402">
        <ele>865.2</ele>
      </trkpt>
      <trkpt lat="35.49186257645488" lon="138.75668476335704">
        <ele>865.4</ele>
      </trkpt>
      <trkpt lat="35.49192166887224" lon="138.7566690891981">
        <ele>865.4</ele>
      </trkpt>
      <trkpt lat="35.49210506491363" lon="138.75666188076138">
        <ele>865.8</ele>
      </trkpt>
      <trkpt lat="35.492313019931316" lon="138.75663606449962">
        <ele>865.6</ele>
      </trkpt>
      <trkpt lat="35.492341769859195" lon="138.75663095153868">
        <ele>865.6</ele>
      </trkpt>
      <trkpt lat="35.492545031011105" lon="138.75661770813167">
        <ele>865.2</ele>
      </trkpt>
      <trkpt lat="35.49260638654232" lon="138.75660714693367">
        <ele>865.4</ele>
      </trkpt>
      <trkpt lat="35.49280805513263" lon="138.7565913889557">
        <ele>865.2</ele>
      </trkpt>
      <trkpt lat="35.49289698712528" lon="138.7565884552896">
        <ele>864.8</ele>
      </trkpt>
      <trkpt lat="35.493099577724934" lon="138.75658300705254">
        <ele>865.2</ele>
      </trkpt>
      <trkpt lat="35.49321860074997" lon="138.7565792351961">
        <ele>864.4</ele>
      </trkpt>
      <trkpt lat="35.49341498874128" lon="138.75657353550196">
        <ele>865.0</ele>
      </trkpt>
      <trkpt lat="35.49358262680471" lon="138.75655786134303">
        <ele>864.4</ele>
      </trkpt>
      <trkpt lat="35.49377960152924" lon="138.75654369592667">
        <ele>864.2</ele>
      </trkpt>
      <trkpt lat="35.49386375583708" lon="138.7565316259861">
        <ele>864.6</ele>
      </trkpt>
      <trkpt lat="35.49407112412155" lon="138.75650664791465">
        <ele>864.6</ele>
      </trkpt>
      <trkpt lat="35.49418763257563" lon="138.75648887827992">
        <ele>864.4</ele>
      </trkpt>
      <trkpt lat="35.49438796006143" lon="138.75644990243018">
        <ele>864.6</ele>
      </trkpt>
      <trkpt lat="35.494415536522865" lon="138.7564459629357">
        <ele>864.6</ele>
      </trkpt>
      <trkpt lat="35.49460622482002" lon="138.7563851941377">
        <ele>864.4</ele>
      </trkpt>
      <trkpt lat="35.494665736332536" lon="138.75637563876808">
        <ele>864.6</ele>
      </trkpt>
      <trkpt lat="35.494867991656065" lon="138.75635049305856">
        <ele>864.4</ele>
      </trkpt>
      <trkpt lat="35.49492884427309" lon="138.75634571537375">
        <ele>864.4</ele>
      </trkpt>
      <trkpt lat="35.49499087035656" lon="138.7563400156796">
        <ele>863.8</ele>
      </trkpt>
      <trkpt lat="35.49519614316523" lon="138.75630598515272">
        <ele>863.4</ele>
      </trkpt>
      <trkpt lat="35.495285829529166" lon="138.75628829933703">
        <ele>863.6</ele>
      </trkpt>
      <trkpt lat="35.495483223348856" lon="138.75627195462584">
        <ele>863.6</ele>
      </trkpt>
      <trkpt lat="35.4955121409148" lon="138.75626591965556">
        <ele>863.4</ele>
      </trkpt>
      <trkpt lat="35.49554055556655" lon="138.75626348890364">
        <ele>863.2</ele>
      </trkpt>
      <trkpt lat="35.49574230797589" lon="138.7562316376716">
        <ele>863.0</ele>
      </trkpt>
      <trkpt lat="35.49580190330744" lon="138.75621831044555">
        <ele>863.0</ele>
      </trkpt>
      <trkpt lat="35.49586032517254" lon="138.75620556995273">
        <ele>862.8</ele>
      </trkpt>
      <trkpt lat="35.496058724820614" lon="138.75617128796875">
        <ele>863.8</ele>
      </trkpt>
      <trkpt lat="35.49608965404332" lon="138.75616491772234">
        <ele>863.8</ele>
      </trkpt>
      <trkpt lat="35.496275313198566" lon="138.75613423995674">
        <ele>863.2</ele>
      </trkpt>
      <trkpt lat="35.49639416858554" lon="138.75610808841884">
        <ele>863.4</ele>
      </trkpt>
      <trkpt lat="35.49660254269838" lon="138.7560836970806">
        <ele>863.2</ele>
      </trkpt>
      <trkpt lat="35.49669189378619" lon="138.756068861112">
        <ele>863.0</ele>
      </trkpt>
      <trkpt lat="35.49688979052007" lon="138.75603726133704">
        <ele>863.2</ele>
      </trkpt>
      <trkpt lat="35.49702608026564" lon="138.75601085834205">
        <ele>864.0</ele>
      </trkpt>
      <trkpt lat="35.49722967669368" lon="138.75596165657043">
        <ele>864.0</ele>
      </trkpt>
      <trkpt lat="35.497286254540086" lon="138.75595478340983">
        <ele>863.8</ele>
      </trkpt>
      <trkpt lat="35.497425897046924" lon="138.7559329904616">
        <ele>864.2</ele>
      </trkpt>
      <trkpt lat="35.49754542298615" lon="138.75591974705458">
        <ele>863.6</ele>
      </trkpt>
      <trkpt lat="35.497727394104004" lon="138.75589753501117">
        <ele>863.0</ele>
      </trkpt>
      <trkpt lat="35.49789394252002" lon="138.75587322749197">
        <ele>862.8</ele>
      </trkpt>
      <trkpt lat="35.49792420119047" lon="138.7558690365404">
        <ele>862.6</ele>
      </trkpt>
      <trkpt lat="35.49811480566859" lon="138.75585730187595">
        <ele>862.4</ele>
      </trkpt>
      <trkpt lat="35.49820348620415" lon="138.7558476626873">
        <ele>862.4</ele>
      </trkpt>
      <trkpt lat="35.49840398132801" lon="138.75583307817578">
        <ele>862.4</ele>
      </trkpt>
      <trkpt lat="35.49851814284921" lon="138.75581740401685">
        <ele>862.4</ele>
      </trkpt>
      <trkpt lat="35.49872442148626" lon="138.75580994412303">
        <ele>862.2</ele>
      </trkpt>
      <trkpt lat="35.498843528330326" lon="138.75580952502787">
        <ele>861.8</ele>
      </trkpt>
      <trkpt lat="35.4990451131016" lon="138.75580952502787">
        <ele>862.0</ele>
      </trkpt>
      <trkpt lat="35.49919053912163" lon="138.75581773929298">
        <ele>861.6</ele>
      </trkpt>
      <trkpt lat="35.49921593628824" lon="138.75581656582654">
        <ele>861.4</ele>
      </trkpt>
      <trkpt lat="35.499381814152" lon="138.75583483837545">
        <ele>861.0</ele>
      </trkpt>
      <trkpt lat="35.49946588464081" lon="138.7558418791741">
        <ele>860.4</ele>
      </trkpt>
      <trkpt lat="35.49965338781476" lon="138.75587783753872">
        <ele>860.0</ele>
      </trkpt>
      <trkpt lat="35.49968020990491" lon="138.7558859679848">
        <ele>860.0</ele>
      </trkpt>
      <trkpt lat="35.499767465516925" lon="138.75590356998146">
        <ele>859.2</ele>
      </trkpt>
      <trkpt lat="35.49992898479104" lon="138.75593818724155">
        <ele>859.0</ele>
      </trkpt>
      <trkpt lat="35.500126127153635" lon="138.75597523525357">
        <ele>858.4</ele>
      </trkpt>
      <trkpt lat="35.50018412992358" lon="138.75598688609898">
        <ele>858.0</ele>
      </trkpt>
      <trkpt lat="35.50021187402308" lon="138.75599535182118">
        <ele>857.8</ele>
      </trkpt>
      <trkpt lat="35.500409519299865" lon="138.7560521811247">
        <ele>857.6</ele>
      </trkpt>
      <trkpt lat="35.50046584568918" lon="138.75607213005424">
        <ele>857.0</ele>
      </trkpt>
      <trkpt lat="35.50065837800503" lon="138.75613323412836">
        <ele>856.6</ele>
      </trkpt>
      <trkpt lat="35.50076499581337" lon="138.75617397017777">
        <ele>856.0</ele>
      </trkpt>
      <trkpt lat="35.500952918082476" lon="138.75624471344054">
        <ele>855.4</ele>
      </trkpt>
      <trkpt lat="35.501141929998994" lon="138.75632341951132">
        <ele>854.8</ele>
      </trkpt>
      <trkpt lat="35.50134259276092" lon="138.7563950009644">
        <ele>854.0</ele>
      </trkpt>
      <trkpt lat="35.50144962966442" lon="138.7564454600215">
        <ele>853.4</ele>
      </trkpt>
      <trkpt lat="35.50147485919297" lon="138.75645543448627">
        <ele>853.2</ele>
      </trkpt>
      <trkpt lat="35.5016683973372" lon="138.75654662959278">
        <ele>852.8</ele>
      </trkpt>
      <trkpt lat="35.501695051789284" lon="138.75655869953334">
        <ele>852.4</ele>
      </trkpt>
      <trkpt lat="35.50176529213786" lon="138.75659750774503">
        <ele>852.0</ele>
      </trkpt>
      <trkpt lat="35.50193100236356" lon="138.75670177862048">
        <ele>852.4</ele>
      </trkpt>
      <trkpt lat="35.50195874646306" lon="138.75671460293233">
        <ele>852.2</ele>
      </trkpt>
      <trkpt lat="35.502080200240016" lon="138.7567869387567">
        <ele>851.4</ele>
      </trkpt>
      <trkpt lat="35.50218933261931" lon="138.75684619881213">
        <ele>851.0</ele>
      </trkpt>
      <trkpt lat="35.50231690518558" lon="138.75692280940711">
        <ele>850.4</ele>
      </trkpt>
      <trkpt lat="35.50238027237356" lon="138.7569737713784">
        <ele>850.0</ele>
      </trkpt>
      <trkpt lat="35.50253642722964" lon="138.7570776231587">
        <ele>849.2</ele>
      </trkpt>
      <trkpt lat="35.50256408751011" lon="138.75709472224116">
        <ele>849.0</ele>
      </trkpt>
      <trkpt lat="35.50272434949875" lon="138.757231682539">
        <ele>848.6</ele>
      </trkpt>
      <trkpt lat="35.50277824513614" lon="138.75726286321878">
        <ele>848.2</ele>
      </trkpt>
      <trkpt lat="35.50294294953346" lon="138.75738901086152">
        <ele>847.8</ele>
      </trkpt>
      <trkpt lat="35.50312181934714" lon="138.75749512575567">
        <ele>847.4</ele>
      </trkpt>
      <trkpt lat="35.50321217626333" lon="138.75750426203012">
        <ele>847.0</ele>
      </trkpt>
      <trkpt lat="35.5033415928483" lon="138.75738138332963">
        <ele>846.6</ele>
      </trkpt>
      <trkpt lat="35.503409653902054" lon="138.7572160921991">
        <ele>846.6</ele>
      </trkpt>
      <trkpt lat="35.50344603136182" lon="138.75716437585652">
        <ele>846.8</ele>
      </trkpt>
      <trkpt lat="35.50354133360088" lon="138.75698827207088">
        <ele>846.8</ele>
      </trkpt>
      <trkpt lat="35.503637390211225" lon="138.75677947886288">
        <ele>846.6</ele>
      </trkpt>
      <trkpt lat="35.50367963500321" lon="138.75669356435537">
        <ele>846.0</ele>
      </trkpt>
      <trkpt lat="35.503760604187846" lon="138.75654788687825">
        <ele>846.2</ele>
      </trkpt>
      <trkpt lat="35.503857331350446" lon="138.75635753385723">
        <ele>845.2</ele>
      </trkpt>
      <trkpt lat="35.50396302714944" lon="138.75615083612502">
        <ele>845.8</ele>
      </trkpt>
      <trkpt lat="35.50397576764226" lon="138.75612233765423">
        <ele>845.4</ele>
      </trkpt>
      <trkpt lat="35.503990268334746" lon="138.75609358772635">
        <ele>845.0</ele>
      </trkpt>
      <trkpt lat="35.504105016589165" lon="138.75590516254306">
        <ele>844.8</ele>
      </trkpt>
      <trkpt lat="35.50420400686562" lon="138.75570483505726">
        <ele>844.2</ele>
      </trkpt>
      <trkpt lat="35.50423342734575" lon="138.7556468322873">
        <ele>843.8</ele>
      </trkpt>
      <trkpt lat="35.50432663410902" lon="138.75544625334442">
        <ele>844.2</ele>
      </trkpt>
      <trkpt lat="35.50442151725292" lon="138.755254894495">
        <ele>843.6</ele>
      </trkpt>
      <trkpt lat="35.504489578306675" lon="138.75509982928634">
        <ele>843.6</ele>
      </trkpt>
      <trkpt lat="35.504594687372446" lon="138.75489212572575">
        <ele>843.0</ele>
      </trkpt>
      <trkpt lat="35.50470381975174" lon="138.75469213351607">
        <ele>842.6</ele>
      </trkpt>
      <trkpt lat="35.504763666540384" lon="138.75454192981124">
        <ele>842.2</ele>
      </trkpt>
      <trkpt lat="35.50479099154472" lon="138.75448610633612">
        <ele>842.4</ele>
      </trkpt>
      <trkpt lat="35.504818903282285" lon="138.75443045049906">
        <ele>842.4</ele>
      </trkpt>
      <trkpt lat="35.50489140674472" lon="138.75428988598287">
        <ele>841.4</ele>
      </trkpt>
      <trkpt lat="35.50493163987994" lon="138.7541990261525">
        <ele>841.6</ele>
      </trkpt>
      <trkpt lat="35.505028534680605" lon="138.75399945303798">
        <ele>841.0</ele>
      </trkpt>
      <trkpt lat="35.5050546862185" lon="138.75393675640225">
        <ele>840.8</ele>
      </trkpt>
      <trkpt lat="35.5051236692816" lon="138.75378236174583">
        <ele>840.4</ele>
      </trkpt>
      <trkpt lat="35.50516650080681" lon="138.75368982553482">
        <ele>840.0</ele>
      </trkpt>
      <trkpt lat="35.505251325666904" lon="138.75347139313817">
        <ele>840.2</ele>
      </trkpt>
      <trkpt lat="35.505302622914314" lon="138.75338933430612">
        <ele>839.4</ele>
      </trkpt>
      <trkpt lat="35.5053826700896" lon="138.7532500270754">
        <ele>839.8</ele>
      </trkpt>
      <trkpt lat="35.50547059625387" lon="138.75304182060063">
        <ele>840.0</ele>
      </trkpt>
      <trkpt lat="35.50549775362015" lon="138.75298038125038">
        <ele>839.6</ele>
      </trkpt>
      <trkpt lat="35.50559565424919" lon="138.75281852670014">
        <ele>840.0</ele>
      </trkpt>
      <trkpt lat="35.5057074688375" lon="138.7526339571923">
        <ele>840.4</ele>
      </trkpt>
      <trkpt lat="35.50575574859977" lon="138.75253337435424">
        <ele>840.6</ele>
      </trkpt>
      <trkpt lat="35.505783492699265" lon="138.7524312827736">
        <ele>840.6</ele>
      </trkpt>
      <trkpt lat="35.50580000504851" lon="138.75235500745475">
        <ele>840.4</ele>
      </trkpt>
      <trkpt lat="35.50582917407155" lon="138.75232089310884">
        <ele>840.6</ele>
      </trkpt>
      <trkpt lat="35.50587552599609" lon="138.75227127224207">
        <ele>840.8</ele>
      </trkpt>
      <trkpt lat="35.506004272028804" lon="138.75210002996027">
        <ele>840.8</ele>
      </trkpt>
      <trkpt lat="35.50601726397872" lon="138.75207270495594">
        <ele>840.8</ele>
      </trkpt>
      <trkpt lat="35.5060494504869" lon="138.75198477879167">
        <ele>840.6</ele>
      </trkpt>
      <trkpt lat="35.506125558167696" lon="138.75182820484042">
        <ele>840.6</ele>
      </trkpt>
      <trkpt lat="35.50618037581444" lon="138.7517208326608">
        <ele>841.6</ele>
      </trkpt>
      <trkpt lat="35.5062497779727" lon="138.75158588401973">
        <ele>841.6</ele>
      </trkpt>
      <trkpt lat="35.5063256341964" lon="138.75138186849654">
        <ele>842.0</ele>
      </trkpt>
      <trkpt lat="35.50633426755667" lon="138.75134280882776">
        <ele>842.0</ele>
      </trkpt>
      <trkpt lat="35.50638682208955" lon="138.75110484659672">
        <ele>842.2</ele>
      </trkpt>
      <trkpt lat="35.506414314731956" lon="138.75094022601843">
        <ele>842.2</ele>
      </trkpt>
      <trkpt lat="35.50645949319005" lon="138.75071332789958">
        <ele>842.2</ele>
      </trkpt>
      <trkpt lat="35.506492014974356" lon="138.75057443976402">
        <ele>842.6</ele>
      </trkpt>
      <trkpt lat="35.506503665819764" lon="138.7505378946662">
        <ele>842.6</ele>
      </trkpt>
      <trkpt lat="35.50654171966016" lon="138.7503109127283">
        <ele>842.4</ele>
      </trkpt>
      <trkpt lat="35.50656946375966" lon="138.75008611008525">
        <ele>842.2</ele>
      </trkpt>
      <trkpt lat="35.506590669974685" lon="138.749955939129">
        <ele>842.0</ele>
      </trkpt>
      <trkpt lat="35.50663350149989" lon="138.74973222613335">
        <ele>842.2</ele>
      </trkpt>
      <trkpt lat="35.50665655173361" lon="138.7495751492679">
        <ele>842.4</ele>
      </trkpt>
      <trkpt lat="35.506692258641124" lon="138.74933693557978">
        <ele>841.8</ele>
      </trkpt>
      <trkpt lat="35.506698125973344" lon="138.74930315651">
        <ele>841.8</ele>
      </trkpt>
      <trkpt lat="35.50673768855631" lon="138.74907449819148">
        <ele>842.0</ele>
      </trkpt>
      <trkpt lat="35.50674322061241" lon="138.7490404676646">
        <ele>842.0</ele>
      </trkpt>
      <trkpt lat="35.506772389635444" lon="138.7488348595798">
        <ele>842.0</ele>
      </trkpt>
      <trkpt lat="35.50677515566349" lon="138.74880032613873">
        <ele>842.0</ele>
      </trkpt>
      <trkpt lat="35.50679451785982" lon="138.7485980708152">
        <ele>841.8</ele>
      </trkpt>
      <trkpt lat="35.50682628527284" lon="138.74839304946363">
        <ele>842.6</ele>
      </trkpt>
      <trkpt lat="35.50681362859905" lon="138.74816229566932">
        <ele>842.8</ele>
      </trkpt>
      <trkpt lat="35.506761157885194" lon="138.74793481081724">
        <ele>842.8</ele>
      </trkpt>
      <trkpt lat="35.506746070459485" lon="138.74786691740155">
        <ele>843.0</ele>
      </trkpt>
      <trkpt lat="35.50669686868787" lon="138.74763775616884">
        <ele>843.4</ele>
      </trkpt>
      <trkpt lat="35.506682116538286" lon="138.747572125867">
        <ele>843.4</ele>
      </trkpt>
      <trkpt lat="35.50667775794864" lon="138.7475427892059">
        <ele>843.6</ele>
      </trkpt>
      <trkpt lat="35.50662721507251" lon="138.74733936041594">
        <ele>844.0</ele>
      </trkpt>
      <trkpt lat="35.50657683983445" lon="138.74712277203798">
        <ele>844.6</ele>
      </trkpt>
      <trkpt lat="35.50655630417168" lon="138.7470273859799">
        <ele>844.6</ele>
      </trkpt>
      <trkpt lat="35.50650919787586" lon="138.7468072772026">
        <ele>844.8</ele>
      </trkpt>
      <trkpt lat="35.50649352371693" lon="138.74674340710044">
        <ele>845.0</ele>
      </trkpt>
      <trkpt lat="35.506445076316595" lon="138.7465033493936">
        <ele>844.8</ele>
      </trkpt>
      <trkpt lat="35.506377434358" lon="138.7462739367038">
        <ele>845.4</ele>
      </trkpt>
      <trkpt lat="35.506368381902575" lon="138.74624074436724">
        <ele>845.2</ele>
      </trkpt>
      <trkpt lat="35.50630308687687" lon="138.74602423980832">
        <ele>845.4</ele>
      </trkpt>
      <trkpt lat="35.50628699362278" lon="138.74593547545373">
        <ele>845.8</ele>
      </trkpt>
      <trkpt lat="35.50627634860575" lon="138.7459047138691">
        <ele>845.8</ele>
      </trkpt>
      <trkpt lat="35.506247179582715" lon="138.74577236361802">
        <ele>845.2</ele>
      </trkpt>
      <trkpt lat="35.50618280656636" lon="138.7455489858985">
        <ele>845.8</ele>
      </trkpt>
      <trkpt lat="35.50615506246686" lon="138.74545552767813">
        <ele>846.0</ele>
      </trkpt>
      <trkpt lat="35.50609873607755" lon="138.74524421989918">
        <ele>845.4</ele>
      </trkpt>
      <trkpt lat="35.5060803797096" lon="138.74518185853958">
        <ele>845.2</ele>
      </trkpt>
      <trkpt lat="35.506066381931305" lon="138.7450846284628">
        <ele>845.8</ele>
      </trkpt>
      <trkpt lat="35.50608272664249" lon="138.74484909698367">
        <ele>846.4</ele>
      </trkpt>
      <trkpt lat="35.50612656399608" lon="138.74463309533894">
        <ele>846.0</ele>
      </trkpt>
      <trkpt lat="35.50613276660442" lon="138.74460350722075">
        <ele>846.2</ele>
      </trkpt>
      <trkpt lat="35.506156319752336" lon="138.74447182752192">
        <ele>847.0</ele>
      </trkpt>
      <trkpt lat="35.50618641078472" lon="138.74430879950523">
        <ele>847.2</ele>
      </trkpt>
      <trkpt lat="35.50620577298105" lon="138.744247360155">
        <ele>847.4</ele>
      </trkpt>
      <trkpt lat="35.50624399445951" lon="138.7440957315266">
        <ele>847.8</ele>
      </trkpt>
      <trkpt lat="35.50625002942979" lon="138.7440295983106">
        <ele>848.0</ele>
      </trkpt>
      <trkpt lat="35.50627953372896" lon="138.74386799521744">
        <ele>848.0</ele>
      </trkpt>
      <trkpt lat="35.50629369914532" lon="138.74371200799942">
        <ele>849.2</ele>
      </trkpt>
      <trkpt lat="35.506296548992395" lon="138.7435431126505">
        <ele>849.2</ele>
      </trkpt>
      <trkpt lat="35.50629965029657" lon="138.74331822618842">
        <ele>850.2</ele>
      </trkpt>
      <trkpt lat="35.50630258396268" lon="138.7432851176709">
        <ele>850.0</ele>
      </trkpt>
      <trkpt lat="35.50631104968488" lon="138.74312418513">
        <ele>850.2</ele>
      </trkpt>
      <trkpt lat="35.506311133503914" lon="138.74305243603885">
        <ele>850.6</ele>
      </trkpt>
      <trkpt lat="35.506290597841144" lon="138.7429217621684">
        <ele>851.2</ele>
      </trkpt>
      <trkpt lat="35.506270648911595" lon="138.74276803806424">
        <ele>851.8</ele>
      </trkpt>
      <trkpt lat="35.50622052513063" lon="138.74253368005157">
        <ele>852.0</ele>
      </trkpt>
      <trkpt lat="35.50621801055968" lon="138.7425036728382">
        <ele>852.0</ele>
      </trkpt>
      <trkpt lat="35.506212059408426" lon="138.74241557903588">
        <ele>852.2</ele>
      </trkpt>
      <trkpt lat="35.50619940273464" lon="138.74230133369565">
        <ele>852.8</ele>
      </trkpt>
      <trkpt lat="35.506148943677545" lon="138.74208365567029">
        <ele>852.8</ele>
      </trkpt>
      <trkpt lat="35.50613603554666" lon="138.74205264262855">
        <ele>853.2</ele>
      </trkpt>
      <trkpt lat="35.50604358315468" lon="138.741850303486">
        <ele>854.0</ele>
      </trkpt>
      <trkpt lat="35.50599153153598" lon="138.74176899902523">
        <ele>854.4</ele>
      </trkpt>
      <trkpt lat="35.505896899849176" lon="138.74163958244026">
        <ele>854.8</ele>
      </trkpt>
      <trkpt lat="35.5057798884809" lon="138.74148434959352">
        <ele>855.2</ele>
      </trkpt>
      <trkpt lat="35.50566002726555" lon="138.74132425524294">
        <ele>855.6</ele>
      </trkpt>
      <trkpt lat="35.505641335621476" lon="138.74129500240088">
        <ele>855.6</ele>
      </trkpt>
      <trkpt lat="35.505518205463886" lon="138.74110129661858">
        <ele>855.6</ele>
      </trkpt>
      <trkpt lat="35.50546447746456" lon="138.7410246860236">
        <ele>855.6</ele>
      </trkpt>
      <trkpt lat="35.50534453243017" lon="138.7408320698887">
        <ele>855.2</ele>
      </trkpt>
      <trkpt lat="35.5053274333477" lon="138.7408071756363">
        <ele>855.2</ele>
      </trkpt>
      <trkpt lat="35.505210841074586" lon="138.74062419869006">
        <ele>854.8</ele>
      </trkpt>
      <trkpt lat="35.50514068454504" lon="138.7405212689191">
        <ele>854.8</ele>
      </trkpt>
      <trkpt lat="35.505031468346715" lon="138.74033686704934">
        <ele>855.0</ele>
      </trkpt>
      <trkpt lat="35.50494630821049" lon="138.7402022536844">
        <ele>855.0</ele>
      </trkpt>
      <trkpt lat="35.50484497100115" lon="138.74002061784267">
        <ele>854.4</ele>
      </trkpt>
      <trkpt lat="35.50474137067795" lon="138.73986471444368">
        <ele>854.6</ele>
      </trkpt>
      <trkpt lat="35.50467406399548" lon="138.7397548276931">
        <ele>855.0</ele>
      </trkpt>
      <trkpt lat="35.50455671735108" lon="138.73955332674086">
        <ele>854.8</ele>
      </trkpt>
      <trkpt lat="35.5045226868242" lon="138.7394995149225">
        <ele>854.6</ele>
      </trkpt>
      <trkpt lat="35.504418248310685" lon="138.73929407447577">
        <ele>854.2</ele>
      </trkpt>
      <trkpt lat="35.50440366379917" lon="138.7392680067569">
        <ele>854.4</ele>
      </trkpt>
      <trkpt lat="35.50430417060852" lon="138.73907564207911">
        <ele>854.2</ele>
      </trkpt>
      <trkpt lat="35.50424633547664" lon="138.73896894045174">
        <ele>853.6</ele>
      </trkpt>
      <trkpt lat="35.50414323806763" lon="138.738766098395">
        <ele>853.8</ele>
      </trkpt>
      <trkpt lat="35.50411893054843" lon="138.7387396954">
        <ele>853.8</ele>
      </trkpt>
      <trkpt lat="35.50402329303324" lon="138.73862251639366">
        <ele>853.4</ele>
      </trkpt>
      <trkpt lat="35.503986747935414" lon="138.7385655194521">
        <ele>853.0</ele>
      </trkpt>
      <trkpt lat="35.503916842862964" lon="138.7384593207389">
        <ele>852.4</ele>
      </trkpt>
      <trkpt lat="35.503798155114055" lon="138.73831640928984">
        <ele>852.6</ele>
      </trkpt>
      <trkpt lat="35.50363663583994" lon="138.7381833884865">
        <ele>851.4</ele>
      </trkpt>
      <trkpt lat="35.50361257977784" lon="138.7381657026708">
        <ele>851.2</ele>
      </trkpt>
      <trkpt lat="35.503446869552135" lon="138.73804969713092">
        <ele>851.0</ele>
      </trkpt>
      <trkpt lat="35.50342516042292" lon="138.7380305863917">
        <ele>851.0</ele>
      </trkpt>
      <trkpt lat="35.50335575826466" lon="138.73784702271223">
        <ele>850.6</ele>
      </trkpt>
      <trkpt lat="35.50338643603027" lon="138.73759539797902">
        <ele>850.8</ele>
      </trkpt>
      <trkpt lat="35.50341191701591" lon="138.73744955286384">
        <ele>850.2</ele>
      </trkpt>
      <trkpt lat="35.50342809408903" lon="138.73727931641042">
        <ele>850.0</ele>
      </trkpt>
      <trkpt lat="35.503419963642955" lon="138.73705049045384">
        <ele>849.2</ele>
      </trkpt>
      <trkpt lat="35.503413174301386" lon="138.73700849711895">
        <ele>849.2</ele>
      </trkpt>
      <trkpt lat="35.50340319983661" lon="138.73697010800242">
        <ele>849.2</ele>
      </trkpt>
      <trkpt lat="35.50337637774646" lon="138.73682225123048">
        <ele>848.2</ele>
      </trkpt>
      <trkpt lat="35.50335039384663" lon="138.7367086764425">
        <ele>847.6</ele>
      </trkpt>
      <trkpt lat="35.50332985818386" lon="138.7366339098662">
        <ele>847.0</ele>
      </trkpt>
      <trkpt lat="35.503296833485365" lon="138.73638764955103">
        <ele>845.8</ele>
      </trkpt>
      <trkpt lat="35.50329255871475" lon="138.73630600981414">
        <ele>845.2</ele>
      </trkpt>
      <trkpt lat="35.50329021178186" lon="138.7362350989133">
        <ele>844.6</ele>
      </trkpt>
      <trkpt lat="35.50329607911408" lon="138.7360238749534">
        <ele>843.4</ele>
      </trkpt>
      <trkpt lat="35.50330747850239" lon="138.7359522935003">
        <ele>842.8</ele>
      </trkpt>
      <trkpt lat="35.5033503100276" lon="138.7357350345701">
        <ele>842.2</ele>
      </trkpt>
      <trkpt lat="35.50336640328169" lon="138.73562875203788">
        <ele>841.4</ele>
      </trkpt>
      <trkpt lat="35.50336556509137" lon="138.73558483086526">
        <ele>841.2</ele>
      </trkpt>
      <trkpt lat="35.503377970308065" lon="138.73541970737278">
        <ele>840.2</ele>
      </trkpt>
      <trkpt lat="35.50338098779321" lon="138.73539037071168">
        <ele>840.0</ele>
      </trkpt>
      <trkpt lat="35.5034105759114" lon="138.73518342152238">
        <ele>838.8</ele>
      </trkpt>
      <trkpt lat="35.503415605053306" lon="138.73515291139483">
        <ele>838.8</ele>
      </trkpt>
      <trkpt lat="35.50342591479421" lon="138.73492123559117">
        <ele>838.2</ele>
      </trkpt>
      <trkpt lat="35.50342231057584" lon="138.73488728888333">
        <ele>837.8</ele>
      </trkpt>
      <trkpt lat="35.503426333889365" lon="138.73485853895545">
        <ele>837.6</ele>
      </trkpt>
      <trkpt lat="35.5034417565912" lon="138.73462812043726">
        <ele>837.6</ele>
      </trkpt>
      <trkpt lat="35.50343228504062" lon="138.73456919565797">
        <ele>837.4</ele>
      </trkpt>
      <trkpt lat="35.50343739800155" lon="138.7344780843705">
        <ele>837.2</ele>
      </trkpt>
      <trkpt lat="35.50343815237284" lon="138.73438697308302">
        <ele>837.0</ele>
      </trkpt>
      <trkpt lat="35.503450725227594" lon="138.73421791009605">
        <ele>837.2</ele>
      </trkpt>
      <trkpt lat="35.50349741242826" lon="138.73398489318788">
        <ele>836.8</ele>
      </trkpt>
      <trkpt lat="35.503512751311064" lon="138.73388749547303">
        <ele>836.8</ele>
      </trkpt>
      <trkpt lat="35.50353705883026" lon="138.73376419767737">
        <ele>836.4</ele>
      </trkpt>
      <trkpt lat="35.50356522202492" lon="138.73357275500894">
        <ele>835.6</ele>
      </trkpt>
      <trkpt lat="35.503618363291025" lon="138.73335901647806">
        <ele>836.0</ele>
      </trkpt>
      <trkpt lat="35.50365180708468" lon="138.73334887437522">
        <ele>836.0</ele>
      </trkpt>
      <trkpt lat="35.50373579375446" lon="138.7333652190864">
        <ele>836.2</ele>
      </trkpt>
      <trkpt lat="35.50383905880153" lon="138.7334653828293">
        <ele>836.4</ele>
      </trkpt>
      <trkpt lat="35.50391776487231" lon="138.7335181888193">
        <ele>836.0</ele>
      </trkpt>
      <trkpt lat="35.504085989668965" lon="138.7336455937475">
        <ele>835.6</ele>
      </trkpt>
      <trkpt lat="35.50415966659784" lon="138.73370845802128">
        <ele>835.8</ele>
      </trkpt>
      <trkpt lat="35.50418405793607" lon="138.73372689820826">
        <ele>835.8</ele>
      </trkpt>
      <trkpt lat="35.504340967163444" lon="138.7338683847338">
        <ele>835.0</ele>
      </trkpt>
      <trkpt lat="35.50436083227396" lon="138.73388296924531">
        <ele>835.0</ele>
      </trkpt>
      <trkpt lat="35.504458816722035" lon="138.73395396396518">
        <ele>835.4</ele>
      </trkpt>
      <trkpt lat="35.504530146718025" lon="138.73401062563062">
        <ele>835.2</ele>
      </trkpt>
      <trkpt lat="35.504661072045565" lon="138.73408103361726">
        <ele>835.2</ele>
      </trkpt>
      <trkpt lat="35.50481722690165" lon="138.73415403999388">
        <ele>835.4</ele>
      </trkpt>
      <trkpt lat="35.50490121357143" lon="138.73418547213078">
        <ele>835.4</ele>
      </trkpt>
      <trkpt lat="35.504979165270925" lon="138.7342130485922">
        <ele>835.4</ele>
      </trkpt>
      <trkpt lat="35.505123334005475" lon="138.7342635076493">
        <ele>835.6</ele>
      </trkpt>
      <trkpt lat="35.50531662069261" lon="138.7343091890216">
        <ele>834.8</ele>
      </trkpt>
      <trkpt lat="35.505372025072575" lon="138.73433651402593">
        <ele>834.8</ele>
      </trkpt>
      <trkpt lat="35.50555441528559" lon="138.7344162259251">
        <ele>835.2</ele>
      </trkpt>
      <trkpt lat="35.50557595677674" lon="138.73443533666432">
        <ele>835.0</ele>
      </trkpt>
      <trkpt lat="35.50576169975102" lon="138.73455285094678">
        <ele>835.2</ele>
      </trkpt>
      <trkpt lat="35.505900252610445" lon="138.73461848124862">
        <ele>835.4</ele>
      </trkpt>
      <trkpt lat="35.50607585348189" lon="138.73472660779953">
        <ele>835.0</ele>
      </trkpt>
      <trkpt lat="35.50612924620509" lon="138.7347574532032">
        <ele>835.2</ele>
      </trkpt>
      <trkpt lat="35.50619713962078" lon="138.7348021287471">
        <ele>835.6</ele>
      </trkpt>
      <trkpt lat="35.50636922009289" lon="138.73492567799985">
        <ele>835.2</ele>
      </trkpt>
      <trkpt lat="35.506434850394726" lon="138.73497848398983">
        <ele>835.4</ele>
      </trkpt>
      <trkpt lat="35.50658362917602" lon="138.73513044789433">
        <ele>835.2</ele>
      </trkpt>
      <trkpt lat="35.5066226888448" lon="138.73517294414341">
        <ele>835.0</ele>
      </trkpt>
      <trkpt lat="35.50675570964813" lon="138.73532624915242">
        <ele>835.6</ele>
      </trkpt>
      <trkpt lat="35.506818909198046" lon="138.73539104126394">
        <ele>835.6</ele>
      </trkpt>
      <trkpt lat="35.50697363913059" lon="138.73553688637912">
        <ele>836.0</ele>
      </trkpt>
      <trkpt lat="35.50703558139503" lon="138.7355984095484">
        <ele>835.8</ele>
      </trkpt>
      <trkpt lat="35.507197519764304" lon="138.73566479422152">
        <ele>836.0</ele>
      </trkpt>
      <trkpt lat="35.50736096687615" lon="138.7356964778155">
        <ele>836.2</ele>
      </trkpt>
      <trkpt lat="35.507381753996015" lon="138.73570100404322">
        <ele>836.4</ele>
      </trkpt>
      <trkpt lat="35.50757017917931" lon="138.73571692965925">
        <ele>836.4</ele>
      </trkpt>
      <trkpt lat="35.50774175673723" lon="138.7357310950756">
        <ele>836.4</ele>
      </trkpt>
      <trkpt lat="35.507815685123205" lon="138.73572673648596">
        <ele>836.6</ele>
      </trkpt>
      <trkpt lat="35.50786815583706" lon="138.73573704622686">
        <ele>837.0</ele>
      </trkpt>
      <trkpt lat="35.508053144440055" lon="138.73577409423888">
        <ele>837.4</ele>
      </trkpt>
      <trkpt lat="35.50821080803871" lon="138.73582581058145">
        <ele>837.4</ele>
      </trkpt>
      <trkpt lat="35.50828021019697" lon="138.73585439287126">
        <ele>837.6</ele>
      </trkpt>
      <trkpt lat="35.50839152187109" lon="138.73591650277376">
        <ele>837.6</ele>
      </trkpt>
      <trkpt lat="35.50840065814555" lon="138.73594659380615">
        <ele>837.4</ele>
      </trkpt>
      <trkpt lat="35.5084047652781" lon="138.7360222823918">
        <ele>837.2</ele>
      </trkpt>
      <trkpt lat="35.50844927318394" lon="138.73623182997108">
        <ele>837.4</ele>
      </trkpt>
      <trkpt lat="35.50849352963269" lon="138.7364676129073">
        <ele>837.4</ele>
      </trkpt>
      <trkpt lat="35.5084911826998" lon="138.7365260347724">
        <ele>837.4</ele>
      </trkpt>
      <trkpt lat="35.50849705003202" lon="138.7365590594709">
        <ele>837.4</ele>
      </trkpt>
      <trkpt lat="35.5085120536387" lon="138.736712615937">
        <ele>837.4</ele>
      </trkpt>
      <trkpt lat="35.5085273925215" lon="138.73696331866086">
        <ele>837.6</ele>
      </trkpt>
      <trkpt lat="35.50857776775956" lon="138.73719264753163">
        <ele>836.8</ele>
      </trkpt>
      <trkpt lat="35.50872227177024" lon="138.73737788759172">
        <ele>837.0</ele>
      </trkpt>
      <trkpt lat="35.5088588129729" lon="138.73750747181475">
        <ele>837.2</ele>
      </trkpt>
      <trkpt lat="35.50900122150779" lon="138.73767259530723">
        <ele>837.0</ele>
      </trkpt>
      <trkpt lat="35.50903986208141" lon="138.73771358281374">
        <ele>837.0</ele>
      </trkpt>
      <trkpt lat="35.509174056351185" lon="138.73790016397834">
        <ele>837.2</ele>
      </trkpt>
      <trkpt lat="35.50919828005135" lon="138.7379251420498">
        <ele>837.2</ele>
      </trkpt>
      <trkpt lat="35.50927740521729" lon="138.73806755058467">
        <ele>837.2</ele>
      </trkpt>
      <trkpt lat="35.509336749091744" lon="138.73820685781538">
        <ele>837.8</ele>
      </trkpt>
      <trkpt lat="35.509337335824966" lon="138.73844297602773">
        <ele>837.6</ele>
      </trkpt>
      <trkpt lat="35.50936692394316" lon="138.73866534791887">
        <ele>837.8</ele>
      </trkpt>
      <trkpt lat="35.509370444342494" lon="138.73872133903205">
        <ele>837.4</ele>
      </trkpt>
      <trkpt lat="35.50938016735017" lon="138.7387795932591">
        <ele>837.4</ele>
      </trkpt>
      <trkpt lat="35.509379245340824" lon="138.7388945929706">
        <ele>837.4</ele>
      </trkpt>
      <trkpt lat="35.50937823951244" lon="138.73911503702402">
        <ele>837.8</ele>
      </trkpt>
      <trkpt lat="35.50938745960593" lon="138.7391841877252">
        <ele>837.6</ele>
      </trkpt>
      <trkpt lat="35.50939181819558" lon="138.73940220102668">
        <ele>837.8</ele>
      </trkpt>
      <trkpt lat="35.50940103828907" lon="138.7396176159382">
        <ele>837.2</ele>
      </trkpt>
      <trkpt lat="35.509410006925464" lon="138.73984845355153">
        <ele>837.6</ele>
      </trkpt>
      <trkpt lat="35.50940942019224" lon="138.7398806400597">
        <ele>837.8</ele>
      </trkpt>
      <trkpt lat="35.509418807923794" lon="138.74011038802564">
        <ele>838.0</ele>
      </trkpt>
      <trkpt lat="35.50941872410476" lon="138.74017626978457">
        <ele>838.0</ele>
      </trkpt>
      <trkpt lat="35.50940162502229" lon="138.74040383845568">
        <ele>838.2</ele>
      </trkpt>
      <trkpt lat="35.5093995295465" lon="138.74043493531644">
        <ele>838.2</ele>
      </trkpt>
      <trkpt lat="35.50939030945301" lon="138.7406198401004">
        <ele>838.8</ele>
      </trkpt>
      <trkpt lat="35.50939030945301" lon="138.7406565528363">
        <ele>839.0</ele>
      </trkpt>
      <trkpt lat="35.509386621415615" lon="138.74069083482027">
        <ele>839.0</ele>
      </trkpt>
      <trkpt lat="35.509361727163196" lon="138.74093181453645">
        <ele>838.8</ele>
      </trkpt>
      <trkpt lat="35.5093062389642" lon="138.74115041457117">
        <ele>839.4</ele>
      </trkpt>
      <trkpt lat="35.50929651595652" lon="138.7412123568356">
        <ele>839.2</ele>
      </trkpt>
      <trkpt lat="35.50928017124534" lon="138.741340264678">
        <ele>839.8</ele>
      </trkpt>
      <trkpt lat="35.50924991257489" lon="138.7415268458426">
        <ele>840.2</ele>
      </trkpt>
      <trkpt lat="35.509216636419296" lon="138.7417644727975">
        <ele>840.4</ele>
      </trkpt>
      <trkpt lat="35.5092010460794" lon="138.7418923806399">
        <ele>840.6</ele>
      </trkpt>
      <trkpt lat="35.509184785187244" lon="138.7421248946339">
        <ele>840.2</ele>
      </trkpt>
      <trkpt lat="35.509177912026644" lon="138.74229655601084">
        <ele>839.4</ele>
      </trkpt>
      <trkpt lat="35.50916693173349" lon="138.7425461690873">
        <ele>839.8</ele>
      </trkpt>
      <trkpt lat="35.50916307605803" lon="138.74261724762619">
        <ele>839.6</ele>
      </trkpt>
      <trkpt lat="35.50916944630444" lon="138.7428551260382">
        <ele>839.4</ele>
      </trkpt>
      <trkpt lat="35.50917288288474" lon="138.74295839108527">
        <ele>839.6</ele>
      </trkpt>
      <trkpt lat="35.50919886678457" lon="138.7431971076876">
        <ele>839.0</ele>
      </trkpt>
      <trkpt lat="35.50920272246003" lon="138.7432301323861">
        <ele>838.8</ele>
      </trkpt>
      <trkpt lat="35.50921085290611" lon="138.74329484067857">
        <ele>838.6</ele>
      </trkpt>
      <trkpt lat="35.50923733972013" lon="138.74352970160544">
        <ele>839.2</ele>
      </trkpt>
      <trkpt lat="35.509303975850344" lon="138.74374981038272">
        <ele>838.4</ele>
      </trkpt>
      <trkpt lat="35.50931747071445" lon="138.7437788117677">
        <ele>838.4</ele>
      </trkpt>
      <trkpt lat="35.50940095447004" lon="138.74398265965283">
        <ele>839.2</ele>
      </trkpt>
      <trkpt lat="35.50943096168339" lon="138.74407075345516">
        <ele>838.8</ele>
      </trkpt>
      <trkpt lat="35.509480917826295" lon="138.744226237759">
        <ele>839.2</ele>
      </trkpt>
      <trkpt lat="35.509496591985226" lon="138.74428750947118">
        <ele>839.6</ele>
      </trkpt>
      <trkpt lat="35.509577728807926" lon="138.74449202790856">
        <ele>839.8</ele>
      </trkpt>
      <trkpt lat="35.50966138020158" lon="138.74465798959136">
        <ele>839.2</ele>
      </trkpt>
      <trkpt lat="35.50974293611944" lon="138.7448008172214">
        <ele>840.0</ele>
      </trkpt>
      <trkpt lat="35.50981007516384" lon="138.74491380527616">
        <ele>840.0</ele>
      </trkpt>
      <trkpt lat="35.50997972488403" lon="138.74501287937164">
        <ele>840.2</ele>
      </trkpt>
      <trkpt lat="35.51001216284931" lon="138.74499804340303">
        <ele>840.2</ele>
      </trkpt>
      <trkpt lat="35.510041415691376" lon="138.7449860572815">
        <ele>840.4</ele>
      </trkpt>
      <trkpt lat="35.51005139015615" lon="138.7449564691633">
        <ele>840.8</ele>
      </trkpt>
      <trkpt lat="35.510111739858985" lon="138.7449138890952">
        <ele>840.4</ele>
      </trkpt>
      <trkpt lat="35.51014233380556" lon="138.74490140005946">
        <ele>840.2</ele>
      </trkpt>
      <trkpt lat="35.51027476787567" lon="138.74483166262507">
        <ele>840.2</ele>
      </trkpt>
      <trkpt lat="35.510370656847954" lon="138.74481548555195">
        <ele>840.4</ele>
      </trkpt>
      <trkpt lat="35.510504180565476" lon="138.744773324579">
        <ele>840.4</ele>
      </trkpt>
      <trkpt lat="35.510712219402194" lon="138.7448055949062">
        <ele>840.4</ele>
      </trkpt>
      <trkpt lat="35.51090902648866" lon="138.74487432651222">
        <ele>839.8</ele>
      </trkpt>
      <trkpt lat="35.510936100035906" lon="138.74489184468985">
        <ele>839.6</ele>
      </trkpt>
      <trkpt lat="35.511073814705014" lon="138.74498907476664">
        <ele>839.8</ele>
      </trkpt>
      <trkpt lat="35.511206248775125" lon="138.74517465010285">
        <ele>839.4</ele>
      </trkpt>
      <trkpt lat="35.51122301258147" lon="138.74521085992455">
        <ele>839.2</ele>
      </trkpt>
      <trkpt lat="35.51129409112036" lon="138.74543809331954">
        <ele>839.0</ele>
      </trkpt>
      <trkpt lat="35.511311357840896" lon="138.7456637341529">
        <ele>839.2</ele>
      </trkpt>
      <trkpt lat="35.51130708307028" lon="138.7457385007292">
        <ele>839.2</ele>
      </trkpt>
      <trkpt lat="35.51127607002854" lon="138.74595508910716">
        <ele>839.2</ele>
      </trkpt>
      <trkpt lat="35.51122862845659" lon="138.74616865999997">
        <ele>839.2</ele>
      </trkpt>
      <trkpt lat="35.51115847192705" lon="138.74641089700162">
        <ele>839.2</ele>
      </trkpt>
      <trkpt lat="35.511150090023875" lon="138.7464456818998">
        <ele>839.4</ele>
      </trkpt>
      <trkpt lat="35.51109351217747" lon="138.74665816314518">
        <ele>839.0</ele>
      </trkpt>
      <trkpt lat="35.51107322797179" lon="138.74672731384635">
        <ele>839.0</ele>
      </trkpt>
      <trkpt lat="35.51102343946695" lon="138.74689654447138">
        <ele>838.6</ele>
      </trkpt>
      <trkpt lat="35.51099494099617" lon="138.747025039047">
        <ele>838.8</ele>
      </trkpt>
      <trkpt lat="35.51095101982355" lon="138.74724766239524">
        <ele>838.4</ele>
      </trkpt>
      <trkpt lat="35.510945320129395" lon="138.74748880974948">
        <ele>839.0</ele>
      </trkpt>
      <trkpt lat="35.5110037419945" lon="138.74770640395582">
        <ele>838.2</ele>
      </trkpt>
      <trkpt lat="35.5110381077975" lon="138.74777630902827">
        <ele>838.6</ele>
      </trkpt>
      <trkpt lat="35.5110555421561" lon="138.7478131055832">
        <ele>838.6</ele>
      </trkpt>
      <trkpt lat="35.511153945699334" lon="138.7480071466416">
        <ele>838.6</ele>
      </trkpt>
      <trkpt lat="35.51120641641319" lon="138.74808476306498">
        <ele>838.8</ele>
      </trkpt>
      <trkpt lat="35.5113095138222" lon="138.74825717881322">
        <ele>839.2</ele>
      </trkpt>
      <trkpt lat="35.51140003837645" lon="138.7483956478536">
        <ele>838.6</ele>
      </trkpt>
      <trkpt lat="35.51145711913705" lon="138.74850930646062">
        <ele>839.0</ele>
      </trkpt>
      <trkpt lat="35.511560551822186" lon="138.74871575273573">
        <ele>839.2</ele>
      </trkpt>
      <trkpt lat="35.51160522736609" lon="138.7488031759858">
        <ele>839.0</ele>
      </trkpt>
      <trkpt lat="35.511692985892296" lon="138.74901582486928">
        <ele>839.0</ele>
      </trkpt>
      <trkpt lat="35.511710001155734" lon="138.74907659366727">
        <ele>839.0</ele>
      </trkpt>
      <trkpt lat="35.51173866726458" lon="138.74925973825157">
        <ele>839.0</ele>
      </trkpt>
      <trkpt lat="35.51176205277443" lon="138.749485546723">
        <ele>839.2</ele>
      </trkpt>
      <trkpt lat="35.511752497404814" lon="138.74973800964653">
        <ele>839.0</ele>
      </trkpt>
      <trkpt lat="35.51174872554839" lon="138.74976977705956">
        <ele>839.0</ele>
      </trkpt>
      <trkpt lat="35.51171452738345" lon="138.74999491497874">
        <ele>839.0</ele>
      </trkpt>
      <trkpt lat="35.511697847396135" lon="138.75010413117707">
        <ele>839.0</ele>
      </trkpt>
      <trkpt lat="35.51169189624488" lon="138.7501766346395">
        <ele>839.0</ele>
      </trkpt>
      <trkpt lat="35.51165744662285" lon="138.75037394464016">
        <ele>838.6</ele>
      </trkpt>
      <trkpt lat="35.51156616769731" lon="138.7505699135363">
        <ele>839.4</ele>
      </trkpt>
      <trkpt lat="35.51142334006727" lon="138.75070352107286">
        <ele>838.6</ele>
      </trkpt>
      <trkpt lat="35.51139852963388" lon="138.750717099756">
        <ele>838.6</ele>
      </trkpt>
      <trkpt lat="35.51121186465025" lon="138.75079094432294">
        <ele>839.0</ele>
      </trkpt>
      <trkpt lat="35.511021595448256" lon="138.7507746834308">
        <ele>838.6</ele>
      </trkpt>
      <trkpt lat="35.51083727739751" lon="138.7506708316505">
        <ele>839.6</ele>
      </trkpt>
      <trkpt lat="35.510812131688" lon="138.75065616331995">
        <ele>839.6</ele>
      </trkpt>
      <trkpt lat="35.51061926409602" lon="138.75058843754232">
        <ele>838.8</ele>
      </trkpt>
      <trkpt lat="35.510590178892016" lon="138.75058114528656">
        <ele>838.8</ele>
      </trkpt>
      <trkpt lat="35.51038423553109" lon="138.75061416998506">
        <ele>838.8</ele>
      </trkpt>
      <trkpt lat="35.51024962216616" lon="138.75069580972195">
        <ele>838.8</ele>
      </trkpt>
      <trkpt lat="35.510216346010566" lon="138.75074543058872">
        <ele>838.8</ele>
      </trkpt>
      <trkpt lat="35.51012523472309" lon="138.75097048468888">
        <ele>838.4</ele>
      </trkpt>
      <trkpt lat="35.51010159775615" lon="138.7511970475316">
        <ele>838.6</ele>
      </trkpt>
      <trkpt lat="35.51011199131608" lon="138.7512231990695">
        <ele>838.6</ele>
      </trkpt>
      <trkpt lat="35.510176196694374" lon="138.7514351774007">
        <ele>838.2</ele>
      </trkpt>
      <trkpt lat="35.51018784753978" lon="138.751465016976">
        <ele>838.4</ele>
      </trkpt>
      <trkpt lat="35.51027577370405" lon="138.75169157981873">
        <ele>838.2</ele>
      </trkpt>
      <trkpt lat="35.51028935238719" lon="138.75172024592757">
        <ele>838.2</ele>
      </trkpt>
      <trkpt lat="35.5103699862957" lon="138.7518104352057">
        <ele>838.0</ele>
      </trkpt>
      <trkpt lat="35.510387755930424" lon="138.75182493589818">
        <ele>838.0</ele>
      </trkpt>
      <trkpt lat="35.5105563160032" lon="138.75195829197764">
        <ele>837.8</ele>
      </trkpt>
      <trkpt lat="35.51057366654277" lon="138.75198469497263">
        <ele>838.0</ele>
      </trkpt>
      <trkpt lat="35.51063938066363" lon="138.75206289812922">
        <ele>837.4</ele>
      </trkpt>
      <trkpt lat="35.51070375367999" lon="138.7521431967616">
        <ele>836.6</ele>
      </trkpt>
      <trkpt lat="35.51085228100419" lon="138.75231192447245">
        <ele>836.8</ele>
      </trkpt>
      <trkpt lat="35.51099485717714" lon="138.75244586728513">
        <ele>836.4</ele>
      </trkpt>
      <trkpt lat="35.51101438701153" lon="138.7524648103863">
        <ele>836.4</ele>
      </trkpt>
      <trkpt lat="35.5111937597394" lon="138.75258022919297">
        <ele>836.2</ele>
      </trkpt>
      <trkpt lat="35.51122443750501" lon="138.75259179621935">
        <ele>836.2</ele>
      </trkpt>
      <trkpt lat="35.511417388916016" lon="138.75267460942268">
        <ele>836.4</ele>
      </trkpt>
      <trkpt lat="35.511502884328365" lon="138.75271174125373">
        <ele>836.2</ele>
      </trkpt>
      <trkpt lat="35.51163808442652" lon="138.75285414978862">
        <ele>836.2</ele>
      </trkpt>
      <trkpt lat="35.511655351147056" lon="138.7530837301165">
        <ele>837.2</ele>
      </trkpt>
      <trkpt lat="35.511619141325355" lon="138.75332378782332">
        <ele>835.8</ele>
      </trkpt>
      <trkpt lat="35.51161050796509" lon="138.75335790216923">
        <ele>835.8</ele>
      </trkpt>
      <trkpt lat="35.51156524568796" lon="138.7535914219916">
        <ele>836.2</ele>
      </trkpt>
      <trkpt lat="35.5115114338696" lon="138.75381245277822">
        <ele>836.2</ele>
      </trkpt>
      <trkpt lat="35.51147120073438" lon="138.7540349084884">
        <ele>836.4</ele>
      </trkpt>
      <trkpt lat="35.51144873723388" lon="138.75412643887103">
        <ele>836.6</ele>
      </trkpt>
      <trkpt lat="35.51140389405191" lon="138.75435174442828">
        <ele>836.6</ele>
      </trkpt>
      <trkpt lat="35.511380173265934" lon="138.75447085127234">
        <ele>837.0</ele>
      </trkpt>
      <trkpt lat="35.51133784465492" lon="138.75470051541924">
        <ele>836.8</ele>
      </trkpt>
      <trkpt lat="35.511321080848575" lon="138.75480336137116">
        <ele>836.8</ele>
      </trkpt>
      <trkpt lat="35.51128612831235" lon="138.75502833165228">
        <ele>836.8</ele>
      </trkpt>
      <trkpt lat="35.51128135062754" lon="138.75509588979185">
        <ele>836.8</ele>
      </trkpt>
      <trkpt lat="35.5112577136606" lon="138.75532429665327">
        <ele>837.2</ele>
      </trkpt>
      <trkpt lat="35.511239944025874" lon="138.75537291169167">
        <ele>837.4</ele>
      </trkpt>
      <trkpt lat="35.51122418604791" lon="138.75539923086762">
        <ele>837.4</ele>
      </trkpt>
      <trkpt lat="35.5111313983798" lon="138.7554430682212">
        <ele>837.4</ele>
      </trkpt>
      <trkpt lat="35.51092302426696" lon="138.75549000687897">
        <ele>837.8</ele>
      </trkpt>
      <trkpt lat="35.510859824717045" lon="138.75550048425794">
        <ele>837.8</ele>
      </trkpt>
      <trkpt lat="35.51083032041788" lon="138.75550635159016">
        <ele>837.8</ele>
      </trkpt>
      <trkpt lat="35.51070962101221" lon="138.75555505044758">
        <ele>838.4</ele>
      </trkpt>
      <trkpt lat="35.510694198310375" lon="138.7555770110339">
        <ele>838.6</ele>
      </trkpt>
      <trkpt lat="35.51069545559585" lon="138.7557057570666">
        <ele>838.0</ele>
      </trkpt>
      <trkpt lat="35.51070501096547" lon="138.75592913478613">
        <ele>838.6</ele>
      </trkpt>
      <trkpt lat="35.510706352069974" lon="138.75606793910265">
        <ele>838.4</ele>
      </trkpt>
      <trkpt lat="35.510730408132076" lon="138.75630003400147">
        <ele>838.6</ele>
      </trkpt>
      <trkpt lat="35.51073543727398" lon="138.75653179362416">
        <ele>838.2</ele>
      </trkpt>
      <trkpt lat="35.51074373535812" lon="138.75663438811898">
        <ele>838.4</ele>
      </trkpt>
      <trkpt lat="35.510761672630906" lon="138.7568667344749">
        <ele>837.6</ele>
      </trkpt>
      <trkpt lat="35.51076368428767" lon="138.75693353824317">
        <ele>837.8</ele>
      </trkpt>
      <trkpt lat="35.510771814733744" lon="138.757165633142">
        <ele>837.6</ele>
      </trkpt>
      <trkpt lat="35.510774748399854" lon="138.75719807110727">
        <ele>837.6</ele>
      </trkpt>
      <trkpt lat="35.51078740507364" lon="138.75743142329156">
        <ele>837.8</ele>
      </trkpt>
      <trkpt lat="35.51078665070236" lon="138.75749554485083">
        <ele>837.8</ele>
      </trkpt>
      <trkpt lat="35.51079377532005" lon="138.7577433977276">
        <ele>838.6</ele>
      </trkpt>
      <trkpt lat="35.510795786976814" lon="138.75781279988587">
        <ele>838.6</ele>
      </trkpt>
      <trkpt lat="35.51081313751638" lon="138.75803634524345">
        <ele>838.4</ele>
      </trkpt>
      <trkpt lat="35.51081313751638" lon="138.7580692023039">
        <ele>838.6</ele>
      </trkpt>
      <trkpt lat="35.510781621560454" lon="138.75830238685012">
        <ele>839.4</ele>
      </trkpt>
      <trkpt lat="35.51076862961054" lon="138.7583675980568">
        <ele>839.4</ele>
      </trkpt>
      <trkpt lat="35.510731749236584" lon="138.758555771783">
        <ele>839.2</ele>
      </trkpt>
      <trkpt lat="35.51067969761789" lon="138.7587682530284">
        <ele>840.2</ele>
      </trkpt>
      <trkpt lat="35.51065371371806" lon="138.75887805595994">
        <ele>840.4</ele>
      </trkpt>
      <trkpt lat="35.510573498904705" lon="138.75907796435058">
        <ele>840.0</ele>
      </trkpt>
      <trkpt lat="35.510536786168814" lon="138.75912817195058">
        <ele>840.4</ele>
      </trkpt>
      <trkpt lat="35.51051423884928" lon="138.7591475341469">
        <ele>840.8</ele>
      </trkpt>
      <trkpt lat="35.51037878729403" lon="138.75922590494156">
        <ele>841.2</ele>
      </trkpt>
      <trkpt lat="35.51018382422626" lon="138.75924040563405">
        <ele>841.0</ele>
      </trkpt>
      <trkpt lat="35.5101004242897" lon="138.75922624021769">
        <ele>841.8</ele>
      </trkpt>
      <trkpt lat="35.50990864634514" lon="138.75919539481401">
        <ele>842.2</ele>
      </trkpt>
      <trkpt lat="35.50972156226635" lon="138.75915717333555">
        <ele>842.0</ele>
      </trkpt>
      <trkpt lat="35.50961058586836" lon="138.75915206037462">
        <ele>842.8</ele>
      </trkpt>
      <trkpt lat="35.50949910655618" lon="138.7591448519379">
        <ele>842.8</ele>
      </trkpt>
      <trkpt lat="35.50933607853949" lon="138.75913278199732">
        <ele>842.4</ele>
      </trkpt>
      <trkpt lat="35.5091508384794" lon="138.7591033615172">
        <ele>842.4</ele>
      </trkpt>
      <trkpt lat="35.50912644714117" lon="138.75910487025976">
        <ele>842.4</ele>
      </trkpt>
      <trkpt lat="35.50904857926071" lon="138.75910696573555">
        <ele>841.6</ele>
      </trkpt>
      <trkpt lat="35.50896132364869" lon="138.75909841619432">
        <ele>841.4</ele>
      </trkpt>
      <trkpt lat="35.508781699463725" lon="138.75909841619432">
        <ele>841.8</ele>
      </trkpt>
      <trkpt lat="35.50875303335488" lon="138.75909958966076">
        <ele>841.6</ele>
      </trkpt>
      <trkpt lat="35.50855580717325" lon="138.7590563390404">
        <ele>841.0</ele>
      </trkpt>
      <trkpt lat="35.50850300118327" lon="138.75904988497496">
        <ele>841.0</ele>
      </trkpt>
      <trkpt lat="35.50833150744438" lon="138.75903815031052">
        <ele>840.4</ele>
      </trkpt>
      <trkpt lat="35.508276941254735" lon="138.75903136096895">
        <ele>840.2</ele>
      </trkpt>
      <trkpt lat="35.50809329375625" lon="138.75900646671653">
        <ele>840.4</ele>
      </trkpt>
      <trkpt lat="35.50801391713321" lon="138.75899598933756">
        <ele>841.2</ele>
      </trkpt>
      <trkpt lat="35.50783068872988" lon="138.75897956080735">
        <ele>840.8</ele>
      </trkpt>
      <trkpt lat="35.507776625454426" lon="138.7589797284454">
        <ele>840.4</ele>
      </trkpt>
      <trkpt lat="35.50765173509717" lon="138.75897947698832">
        <ele>839.4</ele>
      </trkpt>
      <trkpt lat="35.50756850279868" lon="138.7589825782925">
        <ele>839.2</ele>
      </trkpt>
      <trkpt lat="35.50737043842673" lon="138.75896212644875">
        <ele>839.2</ele>
      </trkpt>
      <trkpt lat="35.50731251947582" lon="138.75896112062037">
        <ele>839.2</ele>
      </trkpt>
      <trkpt lat="35.507129123434424" lon="138.75895072706044">
        <ele>838.8</ele>
      </trkpt>
      <trkpt lat="35.50704957917333" lon="138.7589355558157">
        <ele>839.0</ele>
      </trkpt>
      <trkpt lat="35.506991324946284" lon="138.75893815420568">
        <ele>839.0</ele>
      </trkpt>
      <trkpt lat="35.50690214149654" lon="138.75892968848348">
        <ele>838.4</ele>
      </trkpt>
      <trkpt lat="35.50676836632192" lon="138.7589181214571">
        <ele>837.8</ele>
      </trkpt>
      <trkpt lat="35.50656552426517" lon="138.75889238901436">
        <ele>838.4</ele>
      </trkpt>
      <trkpt lat="35.50654163584113" lon="138.75888811424375">
        <ele>838.2</ele>
      </trkpt>
      <trkpt lat="35.506354216486216" lon="138.75887621194124">
        <ele>837.8</ele>
      </trkpt>
      <trkpt lat="35.50619571469724" lon="138.75887009315193">
        <ele>838.6</ele>
      </trkpt>
      <trkpt lat="35.5060132406652" lon="138.7588768824935">
        <ele>838.8</ele>
      </trkpt>
      <trkpt lat="35.50590603612363" lon="138.7589104939252">
        <ele>838.8</ele>
      </trkpt>
      <trkpt lat="35.505856750532985" lon="138.75893354415894">
        <ele>838.8</ele>
      </trkpt>
      <trkpt lat="35.50570051185787" lon="138.7590343784541">
        <ele>839.2</ele>
      </trkpt>
      <trkpt lat="35.505555504933" lon="138.75921023078263">
        <ele>839.4</ele>
      </trkpt>
      <trkpt lat="35.505545530468225" lon="138.75923772342503">
        <ele>839.4</ele>
      </trkpt>
      <trkpt lat="35.505553828552365" lon="138.7593771982938">
        <ele>839.2</ele>
      </trkpt>
      <trkpt lat="35.50567083992064" lon="138.75950041227043">
        <ele>839.2</ele>
      </trkpt>
      <trkpt lat="35.50578994676471" lon="138.7595656234771">
        <ele>838.4</ele>
      </trkpt>
      <trkpt lat="35.5059009231627" lon="138.75962127931416">
        <ele>838.4</ele>
      </trkpt>
      <trkpt lat="35.506026819348335" lon="138.7597059365362">
        <ele>837.2</ele>
      </trkpt>
      <trkpt lat="35.50607769750059" lon="138.7597437389195">
        <ele>836.8</ele>
      </trkpt>
      <trkpt lat="35.50617165863514" lon="138.7598185054958">
        <ele>836.8</ele>
      </trkpt>
      <trkpt lat="35.50633342936635" lon="138.75994289293885">
        <ele>836.2</ele>
      </trkpt>
      <trkpt lat="35.50638179294765" lon="138.75997751019895">
        <ele>836.0</ele>
      </trkpt>
      <trkpt lat="35.50654985010624" lon="138.76010147854686">
        <ele>836.2</ele>
      </trkpt>
      <trkpt lat="35.506711369380355" lon="138.76021404750645">
        <ele>836.0</ele>
      </trkpt>
      <trkpt lat="35.50677859224379" lon="138.7602638360113">
        <ele>835.8</ele>
      </trkpt>
      <trkpt lat="35.50693977624178" lon="138.76039501279593">
        <ele>836.4</ele>
      </trkpt>
      <trkpt lat="35.50700984895229" lon="138.76044631004333">
        <ele>836.4</ele>
      </trkpt>
      <trkpt lat="35.50717547535896" lon="138.7605764809996">
        <ele>837.0</ele>
      </trkpt>
      <trkpt lat="35.50719676539302" lon="138.760596094653">
        <ele>837.2</ele>
      </trkpt>
      <trkpt lat="35.50727270543575" lon="138.76065384596586">
        <ele>837.4</ele>
      </trkpt>
      <trkpt lat="35.50743439234793" lon="138.76077437773347">
        <ele>837.0</ele>
      </trkpt>
      <trkpt lat="35.507492143660784" lon="138.7608262617141">
        <ele>837.6</ele>
      </trkpt>
      <trkpt lat="35.507651483640075" lon="138.76098157837987">
        <ele>837.8</ele>
      </trkpt>
      <trkpt lat="35.507807889953256" lon="138.76110361889005">
        <ele>838.4</ele>
      </trkpt>
      <trkpt lat="35.50797175616026" lon="138.76120529137552">
        <ele>838.4</ele>
      </trkpt>
      <trkpt lat="35.508017437532544" lon="138.76124057918787">
        <ele>838.4</ele>
      </trkpt>
      <trkpt lat="35.5081906914711" lon="138.76137133687735">
        <ele>839.2</ele>
      </trkpt>
      <trkpt lat="35.50827719271183" lon="138.76145465299487">
        <ele>839.0</ele>
      </trkpt>
      <trkpt lat="35.5082977283746" lon="138.7614719197154">
        <ele>839.2</ele>
      </trkpt>
      <trkpt lat="35.50831968896091" lon="138.761489354074">
        <ele>839.6</ele>
      </trkpt>
      <trkpt lat="35.50847701728344" lon="138.7616339419037">
        <ele>840.0</ele>
      </trkpt>
      <trkpt lat="35.50850065425038" lon="138.76166151836514">
        <ele>840.0</ele>
      </trkpt>
      <trkpt lat="35.50865555182099" lon="138.76180610619485">
        <ele>840.4</ele>
      </trkpt>
      <trkpt lat="35.508677177131176" lon="138.76182412728667">
        <ele>840.4</ele>
      </trkpt>
      <trkpt lat="35.508788572624326" lon="138.76191808842123">
        <ele>840.6</ele>
      </trkpt>
      <trkpt lat="35.50887197256088" lon="138.76200936734676">
        <ele>840.6</ele>
      </trkpt>
      <trkpt lat="35.50903106108308" lon="138.76213802956045">
        <ele>841.4</ele>
      </trkpt>
      <trkpt lat="35.50915326923132" lon="138.76224976032972">
        <ele>841.4</ele>
      </trkpt>
      <trkpt lat="35.50917640328407" lon="138.76226535066962">
        <ele>841.6</ele>
      </trkpt>
      <trkpt lat="35.50934278406203" lon="138.76240859739482">
        <ele>842.4</ele>
      </trkpt>
      <trkpt lat="35.50945376046002" lon="138.76252803951502">
        <ele>842.8</ele>
      </trkpt>
      <trkpt lat="35.50947421230376" lon="138.76254547387362">
        <ele>843.0</ele>
      </trkpt>
      <trkpt lat="35.509600695222616" lon="138.7626376748085">
        <ele>843.6</ele>
      </trkpt>
      <trkpt lat="35.50973975099623" lon="138.76276197843254">
        <ele>844.0</ele>
      </trkpt>
      <trkpt lat="35.50985843874514" lon="138.7628731224686">
        <ele>845.0</ele>
      </trkpt>
      <trkpt lat="35.50992155447602" lon="138.76293045468628">
        <ele>845.6</ele>
      </trkpt>
      <trkpt lat="35.509939324110746" lon="138.76294973306358">
        <ele>845.8</ele>
      </trkpt>
      <trkpt lat="35.510093718767166" lon="138.763083005324">
        <ele>846.0</ele>
      </trkpt>
      <trkpt lat="35.510136717930436" lon="138.7631258368492">
        <ele>846.8</ele>
      </trkpt>
      <trkpt lat="35.510188015177846" lon="138.7631783913821">
        <ele>847.2</ele>
      </trkpt>
      <trkpt lat="35.51027619279921" lon="138.76325148157775">
        <ele>847.2</ele>
      </trkpt>
      <trkpt lat="35.51035917364061" lon="138.76332256011665">
        <ele>847.2</ele>
      </trkpt>
      <trkpt lat="35.51046880893409" lon="138.7634172756225">
        <ele>847.4</ele>
      </trkpt>
      <trkpt lat="35.51061230711639" lon="138.76354778185487">
        <ele>848.2</ele>
      </trkpt>
      <trkpt lat="35.51067626103759" lon="138.763606287539">
        <ele>848.2</ele>
      </trkpt>
      <trkpt lat="35.5108311586082" lon="138.76375305466354">
        <ele>847.8</ele>
      </trkpt>
      <trkpt lat="35.51088932901621" lon="138.76380569301546">
        <ele>847.6</ele>
      </trkpt>
      <trkpt lat="35.51102050580084" lon="138.76391088590026">
        <ele>847.6</ele>
      </trkpt>
      <trkpt lat="35.51110818050802" lon="138.76398825086653">
        <ele>848.0</ele>
      </trkpt>
      <trkpt lat="35.51126232370734" lon="138.7641128897667">
        <ele>848.8</ele>
      </trkpt>
      <trkpt lat="35.51130775362253" lon="138.76415471546352">
        <ele>849.0</ele>
      </trkpt>
      <trkpt lat="35.511456448584795" lon="138.76428949646652">
        <ele>849.0</ele>
      </trkpt>
      <trkpt lat="35.51150053739548" lon="138.76432612538338">
        <ele>848.2</ele>
      </trkpt>
      <trkpt lat="35.51166599616408" lon="138.76447540707886">
        <ele>848.2</ele>
      </trkpt>
      <trkpt lat="35.51175442524254" lon="138.7645500060171">
        <ele>848.2</ele>
      </trkpt>
      <trkpt lat="35.51190328784287" lon="138.76467623747885">
        <ele>848.4</ele>
      </trkpt>
      <trkpt lat="35.51192248240113" lon="138.76469132490456">
        <ele>848.4</ele>
      </trkpt>
      <trkpt lat="35.5120397452265" lon="138.76480221748352">
        <ele>848.4</ele>
      </trkpt>
      <trkpt lat="35.512148374691606" lon="138.76489483751357">
        <ele>848.2</ele>
      </trkpt>
      <trkpt lat="35.5123093072325" lon="138.76504696905613">
        <ele>847.4</ele>
      </trkpt>
      <trkpt lat="35.51237535662949" lon="138.76511184498668">
        <ele>847.6</ele>
      </trkpt>
      <trkpt lat="35.512510975822806" lon="138.7652286887169">
        <ele>846.8</ele>
      </trkpt>
      <trkpt lat="35.51262547262013" lon="138.76532566733658">
        <ele>846.4</ele>
      </trkpt>
      <trkpt lat="35.51277995109558" lon="138.76546480692923">
        <ele>846.4</ele>
      </trkpt>
      <trkpt lat="35.51286293193698" lon="138.76554183661938">
        <ele>846.0</ele>
      </trkpt>
      <trkpt lat="35.51290308125317" lon="138.76557611860335">
        <ele>845.2</ele>
      </trkpt>
      <trkpt lat="35.5130741558969" lon="138.7657181918621">
        <ele>844.8</ele>
      </trkpt>
      <trkpt lat="35.51309888251126" lon="138.76573487184942">
        <ele>844.8</ele>
      </trkpt>
      <trkpt lat="35.51325721666217" lon="138.76587107777596">
        <ele>844.2</ele>
      </trkpt>
      <trkpt lat="35.513394344598055" lon="138.76598884351552">
        <ele>843.6</ele>
      </trkpt>
      <trkpt lat="35.513465255498886" lon="138.7660524621606">
        <ele>843.4</ele>
      </trkpt>
      <trkpt lat="35.51348788663745" lon="138.76607274636626">
        <ele>842.8</ele>
      </trkpt>
      <trkpt lat="35.51360950805247" lon="138.76616712659597">
        <ele>842.2</ele>
      </trkpt>
      <trkpt lat="35.51376591436565" lon="138.76631322316825">
        <ele>841.8</ele>
      </trkpt>
      <trkpt lat="35.51378779113293" lon="138.76633283682168">
        <ele>841.8</ele>
      </trkpt>
      <trkpt lat="35.513880075886846" lon="138.76641280017793">
        <ele>840.6</ele>
      </trkpt>
      <trkpt lat="35.5139653198421" lon="138.76649762503803">
        <ele>840.6</ele>
      </trkpt>
      <trkpt lat="35.51410655491054" lon="138.7666505947709">
        <ele>840.0</ele>
      </trkpt>
      <trkpt lat="35.51412642002106" lon="138.76666861586273">
        <ele>840.0</ele>
      </trkpt>
      <trkpt lat="35.51418065093458" lon="138.7667317315936">
        <ele>839.6</ele>
      </trkpt>
      <trkpt lat="35.51430185325444" lon="138.76684539020061">
        <ele>839.0</ele>
      </trkpt>
      <trkpt lat="35.5144436750561" lon="138.76698981039226">
        <ele>839.0</ele>
      </trkpt>
      <trkpt lat="35.51452045328915" lon="138.7670799996704">
        <ele>839.0</ele>
      </trkpt>
      <trkpt lat="35.51466076634824" lon="138.7672280240804">
        <ele>839.0</ele>
      </trkpt>
      <trkpt lat="35.51471281796694" lon="138.76729943789542">
        <ele>839.2</ele>
      </trkpt>
      <trkpt lat="35.5148496106267" lon="138.76746045425534">
        <ele>839.2</ele>
      </trkpt>
      <trkpt lat="35.51488674245775" lon="138.76750638708472">
        <ele>839.2</ele>
      </trkpt>
      <trkpt lat="35.51503183320165" lon="138.76766262575984">
        <ele>839.2</ele>
      </trkpt>
      <trkpt lat="35.515052201226354" lon="138.7676889449358">
        <ele>839.2</ele>
      </trkpt>
      <trkpt lat="35.515141719952226" lon="138.76780771650374">
        <ele>839.4</ele>
      </trkpt>
      <trkpt lat="35.51520341075957" lon="138.76788407564163">
        <ele>839.6</ele>
      </trkpt>
      <trkpt lat="35.515312207862735" lon="138.7680034339428">
        <ele>840.0</ele>
      </trkpt>
      <trkpt lat="35.51533056423068" lon="138.76802522689104">
        <ele>840.0</ele>
      </trkpt>
      <trkpt lat="35.51539208739996" lon="138.76808943226933">
        <ele>840.0</ele>
      </trkpt>
      <trkpt lat="35.51550155505538" lon="138.7682262249291">
        <ele>840.0</ele>
      </trkpt>
      <trkpt lat="35.515644969418645" lon="138.76836704090238">
        <ele>840.2</ele>
      </trkpt>
      <trkpt lat="35.515666007995605" lon="138.76838631927967">
        <ele>840.2</ele>
      </trkpt>
      <trkpt lat="35.51583490334451" lon="138.76849704422057">
        <ele>839.6</ele>
      </trkpt>
      <trkpt lat="35.51599524915218" lon="138.76861279830337">
        <ele>839.8</ele>
      </trkpt>
      <trkpt lat="35.51601863466203" lon="138.76863090321422">
        <ele>839.8</ele>
      </trkpt>
      <trkpt lat="35.51617445424199" lon="138.7687659356743">
        <ele>839.4</ele>
      </trkpt>
      <trkpt lat="35.51623882725835" lon="138.7688372656703">
        <ele>839.4</ele>
      </trkpt>
      <trkpt lat="35.51637235097587" lon="138.76900121569633">
        <ele>839.8</ele>
      </trkpt>
      <trkpt lat="35.51639246754348" lon="138.7690270319581">
        <ele>839.8</ele>
      </trkpt>
      <trkpt lat="35.51649900153279" lon="138.76920581795275">
        <ele>839.0</ele>
      </trkpt>
      <trkpt lat="35.5165090598166" lon="138.76923909410834">
        <ele>839.2</ele>
      </trkpt>
      <trkpt lat="35.51660830155015" lon="138.76944201998413">
        <ele>839.6</ele>
      </trkpt>
      <trkpt lat="35.51666395738721" lon="138.7695991806686">
        <ele>839.0</ele>
      </trkpt>
      <trkpt lat="35.516709219664335" lon="138.769724490121">
        <ele>838.6</ele>
      </trkpt>
      <trkpt lat="35.51676747389138" lon="138.7699168547988">
        <ele>839.6</ele>
      </trkpt>
      <trkpt lat="35.516824554651976" lon="138.7701414898038">
        <ele>839.0</ele>
      </trkpt>
      <trkpt lat="35.516830338165164" lon="138.77017443068326">
        <ele>839.0</ele>
      </trkpt>
      <trkpt lat="35.516862105578184" lon="138.77035816200078">
        <ele>839.6</ele>
      </trkpt>
      <trkpt lat="35.516922790557146" lon="138.7705485150218">
        <ele>840.2</ele>
      </trkpt>
      <trkpt lat="35.516986241564155" lon="138.7707731500268">
        <ele>840.4</ele>
      </trkpt>
      <trkpt lat="35.51701256074011" lon="138.77083676867187">
        <ele>840.8</ele>
      </trkpt>
      <trkpt lat="35.51702789962292" lon="138.770866189152">
        <ele>840.8</ele>
      </trkpt>
      <trkpt lat="35.51714692264795" lon="138.77105000428855">
        <ele>841.0</ele>
      </trkpt>
      <trkpt lat="35.51723602227867" lon="138.7711323145777">
        <ele>841.8</ele>
      </trkpt>
      <trkpt lat="35.517345825210214" lon="138.77117816358805">
        <ele>842.0</ele>
      </trkpt>
      <trkpt lat="35.517530646175146" lon="138.77119752578437">
        <ele>841.8</ele>
      </trkpt>
      <trkpt lat="35.51755663007498" lon="138.7712042313069">
        <ele>842.0</ele>
      </trkpt>
      <trkpt lat="35.517584793269634" lon="138.77121328376234">
        <ele>842.0</ele>
      </trkpt>
      <trkpt lat="35.51773516461253" lon="138.77131881192327">
        <ele>841.4</ele>
      </trkpt>
      <trkpt lat="35.51785041578114" lon="138.77151167951524">
        <ele>841.6</ele>
      </trkpt>
      <trkpt lat="35.517862820997834" lon="138.77154403366148">
        <ele>841.6</ele>
      </trkpt>
      <trkpt lat="35.517954183742404" lon="138.7717681657523">
        <ele>841.2</ele>
      </trkpt>
      <trkpt lat="35.517993830144405" lon="138.77185449935496">
        <ele>841.4</ele>
      </trkpt>
      <trkpt lat="35.51811704412103" lon="138.7719933874905">
        <ele>841.0</ele>
      </trkpt>
      <trkpt lat="35.51821921952069" lon="138.77203973941505">
        <ele>840.8</ele>
      </trkpt>
      <trkpt lat="35.51824662834406" lon="138.7720377277583">
        <ele>840.8</ele>
      </trkpt>
      <trkpt lat="35.5182737018913" lon="138.7720335368067">
        <ele>840.8</ele>
      </trkpt>
      <trkpt lat="35.51845969632268" lon="138.7719824910164">
        <ele>840.6</ele>
      </trkpt>
      <trkpt lat="35.51864795386791" lon="138.77192331478">
        <ele>839.8</ele>
      </trkpt>
      <trkpt lat="35.51867385394871" lon="138.77192113548517">
        <ele>840.0</ele>
      </trkpt>
      <trkpt lat="35.51880419254303" lon="138.77197050489485">
        <ele>840.4</ele>
      </trkpt>
      <trkpt lat="35.518822548910975" lon="138.77200218848884">
        <ele>840.2</ele>
      </trkpt>
      <trkpt lat="35.51891022361815" lon="138.77221450209618">
        <ele>839.8</ele>
      </trkpt>
      <trkpt lat="35.51901172846556" lon="138.772362023592">
        <ele>840.6</ele>
      </trkpt>
      <trkpt lat="35.519175343215466" lon="138.77245405688882">
        <ele>840.0</ele>
      </trkpt>
      <trkpt lat="35.519356643781066" lon="138.7725118920207">
        <ele>840.2</ele>
      </trkpt>
      <trkpt lat="35.5194050911814" lon="138.7725279852748">
        <ele>840.2</ele>
      </trkpt>
      <trkpt lat="35.51950961351395" lon="138.77255095168948">
        <ele>840.2</ele>
      </trkpt>
      <trkpt lat="35.51966945640743" lon="138.77258523367345">
        <ele>840.2</ele>
      </trkpt>
      <trkpt lat="35.5198572948575" lon="138.7726308312267">
        <ele>840.2</ele>
      </trkpt>
      <trkpt lat="35.51991353742778" lon="138.77263829112053">
        <ele>840.0</ele>
      </trkpt>
      <trkpt lat="35.51994119770825" lon="138.7726432364434">
        <ele>839.8</ele>
      </trkpt>
      <trkpt lat="35.51996651105583" lon="138.77265128307045">
        <ele>839.6</ele>
      </trkpt>
      <trkpt lat="35.52003733813763" lon="138.77267726697028">
        <ele>839.6</ele>
      </trkpt>
      <trkpt lat="35.520162815228105" lon="138.77269939519465">
        <ele>840.4</ele>
      </trkpt>
      <trkpt lat="35.52035258151591" lon="138.77274214290082">
        <ele>840.0</ele>
      </trkpt>
      <trkpt lat="35.52037839777768" lon="138.7727516144514">
        <ele>839.8</ele>
      </trkpt>
      <trkpt lat="35.520572774112225" lon="138.77281665802002">
        <ele>840.2</ele>
      </trkpt>
      <trkpt lat="35.520757175982" lon="138.77286544069648">
        <ele>840.6</ele>
      </trkpt>
      <trkpt lat="35.52089447155595" lon="138.7728919275105">
        <ele>839.8</ele>
      </trkpt>
      <trkpt lat="35.52107786759734" lon="138.7729471642524">
        <ele>840.0</ele>
      </trkpt>
      <trkpt lat="35.52113293670118" lon="138.7729622516781">
        <ele>840.0</ele>
      </trkpt>
      <trkpt lat="35.52131633274257" lon="138.77300893887877">
        <ele>840.4</ele>
      </trkpt>
      <trkpt lat="35.521369725465775" lon="138.77302662469447">
        <ele>840.8</ele>
      </trkpt>
      <trkpt lat="35.52144382148981" lon="138.7730388622731">
        <ele>841.0</ele>
      </trkpt>
      <trkpt lat="35.52144683897495" lon="138.77301329746842">
        <ele>841.0</ele>
      </trkpt>
      <trkpt lat="35.52140861749649" lon="138.7729868106544">
        <ele>840.4</ele>
      </trkpt>
      <trkpt lat="35.52125464193523" lon="138.77295579761267">
        <ele>840.0</ele>
      </trkpt>
      <trkpt lat="35.52104928530753" lon="138.77289938740432">
        <ele>840.0</ele>
      </trkpt>
      <trkpt lat="35.521019445732236" lon="138.77289519645274">
        <ele>840.2</ele>
      </trkpt>
      <trkpt lat="35.52084459923208" lon="138.77287088893354">
        <ele>839.6</ele>
      </trkpt>
      <trkpt lat="35.520760444924235" lon="138.7728480901569">
        <ele>839.6</ele>
      </trkpt>
      <trkpt lat="35.520561626181006" lon="138.7727869860828">
        <ele>839.6</ele>
      </trkpt>
      <trkpt lat="35.520502366125584" lon="138.7727656122297">
        <ele>839.6</ele>
      </trkpt>
      <trkpt lat="35.52030539140105" lon="138.77271825447679">
        <ele>839.4</ele>
      </trkpt>
      <trkpt lat="35.520280664786696" lon="138.77270760945976">
        <ele>839.4</ele>
      </trkpt>
      <trkpt lat="35.5201355740428" lon="138.77265639603138">
        <ele>839.2</ele>
      </trkpt>
      <trkpt lat="35.520119313150644" lon="138.77265865914524">
        <ele>839.2</ele>
      </trkpt>
      <trkpt lat="35.520024094730616" lon="138.77263720147312">
        <ele>839.0</ele>
      </trkpt>
      <trkpt lat="35.52000045776367" lon="138.772631585598">
        <ele>839.0</ele>
      </trkpt>
      <trkpt lat="35.51995435729623" lon="138.77262462861836">
        <ele>838.6</ele>
      </trkpt>
      <trkpt lat="35.51987933926284" lon="138.77260535024107">
        <ele>838.4</ele>
      </trkpt>
      <trkpt lat="35.519755538553" lon="138.77258414402604">
        <ele>838.4</ele>
      </trkpt>
      <trkpt lat="35.51967062987387" lon="138.77256285399199">
        <ele>838.0</ele>
      </trkpt>
      <trkpt lat="35.51964154466987" lon="138.77255002968013">
        <ele>838.0</ele>
      </trkpt>
      <trkpt lat="35.51958018913865" lon="138.77255053259432">
        <ele>838.0</ele>
      </trkpt>
      <trkpt lat="35.519532999023795" lon="138.77253376878798">
        <ele>838.0</ele>
      </trkpt>
      <trkpt lat="35.51945538260043" lon="138.77251524478197">
        <ele>837.6</ele>
      </trkpt>
      <trkpt lat="35.51943987607956" lon="138.77250770106912">
        <ele>837.6</ele>
      </trkpt>
      <trkpt lat="35.51929931156337" lon="138.7724605947733">
        <ele>837.2</ele>
      </trkpt>
      <trkpt lat="35.51917148754001" lon="138.77243519760668">
        <ele>837.2</ele>
      </trkpt>
      <trkpt lat="35.519117675721645" lon="138.7724225409329">
        <ele>837.2</ele>
      </trkpt>
      <trkpt lat="35.5189439188689" lon="138.77234861254692">
        <ele>837.0</ele>
      </trkpt>
      <trkpt lat="35.51888834685087" lon="138.77231424674392">
        <ele>837.0</ele>
      </trkpt>
      <trkpt lat="35.51881383173168" lon="138.77215633168817">
        <ele>837.2</ele>
      </trkpt>
      <trkpt lat="35.51879388280213" lon="138.7720361351967">
        <ele>836.4</ele>
      </trkpt>
      <trkpt lat="35.51880477927625" lon="138.77188744023442">
        <ele>836.4</ele>
      </trkpt>
      <trkpt lat="35.51889605820179" lon="138.7717864383012">
        <ele>836.4</ele>
      </trkpt>
      <trkpt lat="35.519063444808125" lon="138.77165274694562">
        <ele>836.0</ele>
      </trkpt>
      <trkpt lat="35.51916687749326" lon="138.7715932354331">
        <ele>836.0</ele>
      </trkpt>
      <trkpt lat="35.519357062876225" lon="138.77151704393327">
        <ele>836.0</ele>
      </trkpt>
      <trkpt lat="35.51941950805485" lon="138.7714838515967">
        <ele>836.0</ele>
      </trkpt>
      <trkpt lat="35.51959494128823" lon="138.77139559015632">
        <ele>835.8</ele>
      </trkpt>
      <trkpt lat="35.51971882581711" lon="138.77135577611625">
        <ele>836.0</ele>
      </trkpt>
      <trkpt lat="35.51990171894431" lon="138.7712723761797">
        <ele>835.8</ele>
      </trkpt>
      <trkpt lat="35.519996769726276" lon="138.7712303828448">
        <ele>835.6</ele>
      </trkpt>
      <trkpt lat="35.520179914310575" lon="138.77114111557603">
        <ele>836.2</ele>
      </trkpt>
      <trkpt lat="35.52020673640072" lon="138.77112929709256">
        <ele>836.2</ele>
      </trkpt>
      <trkpt lat="35.52040161564946" lon="138.77103433012962">
        <ele>836.0</ele>
      </trkpt>
      <trkpt lat="35.52042902447283" lon="138.77101731486619">
        <ele>836.0</ele>
      </trkpt>
      <trkpt lat="35.520591381937265" lon="138.7709124572575">
        <ele>835.8</ele>
      </trkpt>
      <trkpt lat="35.52070302888751" lon="138.77083274535835">
        <ele>835.6</ele>
      </trkpt>
      <trkpt lat="35.520852729678154" lon="138.7707039155066">
        <ele>835.6</ele>
      </trkpt>
      <trkpt lat="35.52098440937698" lon="138.77059654332697">
        <ele>835.6</ele>
      </trkpt>
      <trkpt lat="35.52114115096629" lon="138.77047458663583">
        <ele>835.8</ele>
      </trkpt>
      <trkpt lat="35.521194878965616" lon="138.77043200656772">
        <ele>835.8</ele>
      </trkpt>
      <trkpt lat="35.52135329693556" lon="138.7703101336956">
        <ele>836.2</ele>
      </trkpt>
      <trkpt lat="35.52142797969282" lon="138.77024659886956">
        <ele>836.0</ele>
      </trkpt>
      <trkpt lat="35.52159075625241" lon="138.77009589225054">
        <ele>836.2</ele>
      </trkpt>
      <trkpt lat="35.52163635380566" lon="138.77005473710597">
        <ele>836.0</ele>
      </trkpt>
      <trkpt lat="35.521793933585286" lon="138.76993596553802">
        <ele>836.6</ele>
      </trkpt>
      <trkpt lat="35.521816816180944" lon="138.76991568133235">
        <ele>836.6</ele>
      </trkpt>
      <trkpt lat="35.52197598852217" lon="138.76977000385523">
        <ele>836.4</ele>
      </trkpt>
      <trkpt lat="35.522042624652386" lon="138.7697109952569">
        <ele>836.6</ele>
      </trkpt>
      <trkpt lat="35.52219777368009" lon="138.76957269385457">
        <ele>837.2</ele>
      </trkpt>
      <trkpt lat="35.522241527214646" lon="138.7695320416242">
        <ele>836.8</ele>
      </trkpt>
      <trkpt lat="35.522396424785256" lon="138.76939055509865">
        <ele>837.0</ele>
      </trkpt>
      <trkpt lat="35.52246222272515" lon="138.76931528560817">
        <ele>837.2</ele>
      </trkpt>
      <trkpt lat="35.522592812776566" lon="138.76918813213706">
        <ele>836.8</ele>
      </trkpt>
      <trkpt lat="35.52261251024902" lon="138.7691665906459">
        <ele>836.8</ele>
      </trkpt>
      <trkpt lat="35.52273522131145" lon="138.76904094591737">
        <ele>837.6</ele>
      </trkpt>
      <trkpt lat="35.52283043973148" lon="138.76897028647363">
        <ele>837.6</ele>
      </trkpt>
      <trkpt lat="35.52297603338957" lon="138.76882502809167">
        <ele>837.6</ele>
      </trkpt>
      <trkpt lat="35.523040909320116" lon="138.76876451075077">
        <ele>837.6</ele>
      </trkpt>
      <trkpt lat="35.52318088710308" lon="138.76860743388534">
        <ele>837.0</ele>
      </trkpt>
      <trkpt lat="35.5232266522944" lon="138.76856552436948">
        <ele>837.0</ele>
      </trkpt>
      <trkpt lat="35.52336688153446" lon="138.76840475946665">
        <ele>837.8</ele>
      </trkpt>
      <trkpt lat="35.52338406443596" lon="138.76837802119553">
        <ele>837.8</ele>
      </trkpt>
      <trkpt lat="35.52343100309372" lon="138.76829411834478">
        <ele>837.6</ele>
      </trkpt>
      <trkpt lat="35.52353996783495" lon="138.7680957186967">
        <ele>837.8</ele>
      </trkpt>
      <trkpt lat="35.52362973801792" lon="138.76786638982594">
        <ele>837.8</ele>
      </trkpt>
      <trkpt lat="35.52364398725331" lon="138.76779614947736">
        <ele>837.8</ele>
      </trkpt>
      <trkpt lat="35.52370039746165" lon="138.76755852252245">
        <ele>837.8</ele>
      </trkpt>
      <trkpt lat="35.52377994172275" lon="138.76732408069074">
        <ele>838.2</ele>
      </trkpt>
      <trkpt lat="35.52379762753844" lon="138.76725752837956">
        <ele>837.8</ele>
      </trkpt>
      <trkpt lat="35.52386007271707" lon="138.76701788976789">
        <ele>837.6</ele>
      </trkpt>
      <trkpt lat="35.52386577241123" lon="138.76698335632682">
        <ele>837.8</ele>
      </trkpt>
      <trkpt lat="35.52390365861356" lon="138.76685201190412">
        <ele>837.8</ele>
      </trkpt>
      <trkpt lat="35.523953614756465" lon="138.76669744960964">
        <ele>837.8</ele>
      </trkpt>
      <trkpt lat="35.52403978072107" lon="138.76647583208978">
        <ele>837.6</ele>
      </trkpt>
      <trkpt lat="35.524084540084004" lon="138.76639612019062">
        <ele>837.8</ele>
      </trkpt>
      <trkpt lat="35.524169113487005" lon="138.7661931104958">
        <ele>837.8</ele>
      </trkpt>
      <trkpt lat="35.52421638742089" lon="138.76607517711818">
        <ele>837.6</ele>
      </trkpt>
      <trkpt lat="35.52432568743825" lon="138.76586294732988">
        <ele>837.2</ele>
      </trkpt>
      <trkpt lat="35.524356281384826" lon="138.7658093869686">
        <ele>837.4</ele>
      </trkpt>
      <trkpt lat="35.52447086200118" lon="138.76561232842505">
        <ele>837.0</ele>
      </trkpt>
      <trkpt lat="35.524485195055604" lon="138.76558517105877">
        <ele>837.0</ele>
      </trkpt>
      <trkpt lat="35.52459851838648" lon="138.7653703428805">
        <ele>837.6</ele>
      </trkpt>
      <trkpt lat="35.52466096356511" lon="138.76524453051388">
        <ele>837.2</ele>
      </trkpt>
      <trkpt lat="35.524758864194155" lon="138.76503087580204">
        <ele>837.6</ele>
      </trkpt>
      <trkpt lat="35.524793565273285" lon="138.76493532210588">
        <ele>837.0</ele>
      </trkpt>
      <trkpt lat="35.52485299296677" lon="138.76471965573728">
        <ele>837.4</ele>
      </trkpt>
      <trkpt lat="35.524878054857254" lon="138.76459526829422">
        <ele>837.6</ele>
      </trkpt>
      <trkpt lat="35.52490127272904" lon="138.7643608264625">
        <ele>837.2</ele>
      </trkpt>
      <trkpt lat="35.52491803653538" lon="138.76421883702278">
        <ele>837.6</ele>
      </trkpt>
      <trkpt lat="35.524943098425865" lon="138.7639720737934">
        <ele>836.8</ele>
      </trkpt>
      <trkpt lat="35.52496237680316" lon="138.76381415873766">
        <ele>837.2</ele>
      </trkpt>
      <trkpt lat="35.52498433738947" lon="138.76358047127724">
        <ele>837.4</ele>
      </trkpt>
      <trkpt lat="35.524998251348734" lon="138.76345172524452">
        <ele>837.0</ele>
      </trkpt>
      <trkpt lat="35.52503228187561" lon="138.76320554874837">
        <ele>837.4</ele>
      </trkpt>
      <trkpt lat="35.52503471262753" lon="138.7631736136973">
        <ele>837.4</ele>
      </trkpt>
      <trkpt lat="35.52506790496409" lon="138.76293648965657">
        <ele>837.0</ele>
      </trkpt>
      <trkpt lat="35.52509472705424" lon="138.76280430704355">
        <ele>837.8</ele>
      </trkpt>
      <trkpt lat="35.525152646005154" lon="138.7625776603818">
        <ele>837.8</ele>
      </trkpt>
      <trkpt lat="35.525173265486956" lon="138.7625152990222">
        <ele>837.6</ele>
      </trkpt>
      <trkpt lat="35.52526789717376" lon="138.76232360489666">
        <ele>838.4</ele>
      </trkpt>
      <trkpt lat="35.525294970721006" lon="138.76227063126862">
        <ele>838.4</ele>
      </trkpt>
      <trkpt lat="35.525325229391456" lon="138.76221120357513">
        <ele>838.6</ele>
      </trkpt>
      <trkpt lat="35.525440480560064" lon="138.76201347447932">
        <ele>838.4</ele>
      </trkpt>
      <trkpt lat="35.52545850165188" lon="138.76198824495077">
        <ele>838.4</ele>
      </trkpt>
      <trkpt lat="35.52557031624019" lon="138.76179386861622">
        <ele>839.4</ele>
      </trkpt>
      <trkpt lat="35.5255838111043" lon="138.76176092773676">
        <ele>839.4</ele>
      </trkpt>
      <trkpt lat="35.52562823519111" lon="138.76167333684862">
        <ele>839.6</ele>
      </trkpt>
      <trkpt lat="35.52568313665688" lon="138.7615197803825">
        <ele>840.8</ele>
      </trkpt>
      <trkpt lat="35.525691602379084" lon="138.76149019226432">
        <ele>840.8</ele>
      </trkpt>
      <trkpt lat="35.525726890191436" lon="138.76124770380557">
        <ele>841.6</ele>
      </trkpt>
      <trkpt lat="35.52572404034436" lon="138.76121467910707">
        <ele>842.0</ele>
      </trkpt>
      <trkpt lat="35.52569638006389" lon="138.7610160280019">
        <ele>842.6</ele>
      </trkpt>
      <trkpt lat="35.5256303306669" lon="138.76080622896552">
        <ele>842.0</ele>
      </trkpt>
      <trkpt lat="35.525611052289605" lon="138.76075325533748">
        <ele>842.2</ele>
      </trkpt>
      <trkpt lat="35.52553268149495" lon="138.7605424504727">
        <ele>842.4</ele>
      </trkpt>
      <trkpt lat="35.52551658824086" lon="138.76051403582096">
        <ele>842.4</ele>
      </trkpt>
      <trkpt lat="35.52544550970197" lon="138.76026769168675">
        <ele>842.0</ele>
      </trkpt>
      <trkpt lat="35.52542463876307" lon="138.76019518822432">
        <ele>842.0</ele>
      </trkpt>
      <trkpt lat="35.52537124603987" lon="138.7599635962397">
        <ele>841.2</ele>
      </trkpt>
      <trkpt lat="35.52532539702952" lon="138.75972873531282">
        <ele>841.6</ele>
      </trkpt>
      <trkpt lat="35.52530310116708" lon="138.75966679304838">
        <ele>841.6</ele>
      </trkpt>
      <trkpt lat="35.52527284249663" lon="138.75955439172685">
        <ele>841.0</ele>
      </trkpt>
      <trkpt lat="35.52525071427226" lon="138.759459676221">
        <ele>840.4</ele>
      </trkpt>
      <trkpt lat="35.525233782827854" lon="138.75938574783504">
        <ele>840.4</ele>
      </trkpt>
      <trkpt lat="35.52517695352435" lon="138.75914468429983">
        <ele>840.0</ele>
      </trkpt>
      <trkpt lat="35.52512565627694" lon="138.75897604040802">
        <ele>838.8</ele>
      </trkpt>
      <trkpt lat="35.525104785338044" lon="138.75891711562872">
        <ele>838.6</ele>
      </trkpt>
      <trkpt lat="35.52500336430967" lon="138.75873908400536">
        <ele>838.8</ele>
      </trkpt>
      <trkpt lat="35.5248652305454" lon="138.75857387669384">
        <ele>838.4</ele>
      </trkpt>
      <trkpt lat="35.52482642233372" lon="138.7585341464728">
        <ele>838.4</ele>
      </trkpt>
      <trkpt lat="35.52469851449132" lon="138.75836508348584">
        <ele>838.6</ele>
      </trkpt>
      <trkpt lat="35.52464319393039" lon="138.75829140655696">
        <ele>838.6</ele>
      </trkpt>
      <trkpt lat="35.52449634298682" lon="138.75813164748251">
        <ele>838.0</ele>
      </trkpt>
      <trkpt lat="35.52447186782956" lon="138.75811144709587">
        <ele>837.8</ele>
      </trkpt>
      <trkpt lat="35.52442668937147" lon="138.75806299969554">
        <ele>838.0</ele>
      </trkpt>
      <trkpt lat="35.52431386895478" lon="138.75796752981842">
        <ele>838.6</ele>
      </trkpt>
      <trkpt lat="35.52418554201722" lon="138.75789226032794">
        <ele>837.8</ele>
      </trkpt>
      <trkpt lat="35.52399795502424" lon="138.75780165195465">
        <ele>837.4</ele>
      </trkpt>
      <trkpt lat="35.523808440193534" lon="138.75772428698838">
        <ele>838.0</ele>
      </trkpt>
      <trkpt lat="35.52373928949237" lon="138.75768665224314">
        <ele>838.2</ele>
      </trkpt>
      <trkpt lat="35.52356637082994" lon="138.757607024163">
        <ele>837.4</ele>
      </trkpt>
      <trkpt lat="35.523544577881694" lon="138.757591182366">
        <ele>837.4</ele>
      </trkpt>
      <trkpt lat="35.52339831367135" lon="138.75752882100642">
        <ele>838.0</ele>
      </trkpt>
      <trkpt lat="35.52321357652545" lon="138.75742195174098">
        <ele>838.0</ele>
      </trkpt>
      <trkpt lat="35.52259557880461" lon="138.75524357892573">
        <ele>838.2</ele>
      </trkpt>
      <trkpt lat="35.52261494100094" lon="138.75509069301188">
        <ele>838.0</ele>
      </trkpt>
      <trkpt lat="35.52264427766204" lon="138.7549916189164">
        <ele>837.6</ele>
      </trkpt>
      <trkpt lat="35.52267998456955" lon="138.75492984429002">
        <ele>837.4</ele>
      </trkpt>
      <trkpt lat="35.5226962454617" lon="138.75478408299387">
        <ele>837.4</ele>
      </trkpt>
      <trkpt lat="35.5226772185415" lon="138.75458459369838">
        <ele>837.8</ele>
      </trkpt>
      <trkpt lat="35.522667579352856" lon="138.7544958293438">
        <ele>838.0</ele>
      </trkpt>
      <trkpt lat="35.522633381187916" lon="138.7543898820877">
        <ele>837.8</ele>
      </trkpt>
      <trkpt lat="35.522589376196265" lon="138.75419659540057">
        <ele>837.2</ele>
      </trkpt>
      <trkpt lat="35.52256112918258" lon="138.75406617298722">
        <ele>837.6</ele>
      </trkpt>
      <trkpt lat="35.52254872396588" lon="138.7539670150727">
        <ele>837.4</ele>
      </trkpt>
      <trkpt lat="35.52254553884268" lon="138.75390750356019">
        <ele>837.4</ele>
      </trkpt>
      <trkpt lat="35.5225495621562" lon="138.75387825071812">
        <ele>837.4</ele>
      </trkpt>
      <trkpt lat="35.52256213501096" lon="138.75380759127438">
        <ele>837.8</ele>
      </trkpt>
      <trkpt lat="35.52254998125136" lon="138.75370725989342">
        <ele>837.4</ele>
      </trkpt>
      <trkpt lat="35.52254889160395" lon="138.7535148113966">
        <ele>837.4</ele>
      </trkpt>
      <trkpt lat="35.52254025824368" lon="138.75327156856656">
        <ele>836.6</ele>
      </trkpt>
      <trkpt lat="35.522539084777236" lon="138.75323183834553">
        <ele>836.6</ele>
      </trkpt>
      <trkpt lat="35.52253866568208" lon="138.75309110619128">
        <ele>837.2</ele>
      </trkpt>
      <trkpt lat="35.522541096434" lon="138.75305741094053">
        <ele>837.4</ele>
      </trkpt>
      <trkpt lat="35.52254319190979" lon="138.75299027189612">
        <ele>837.4</ele>
      </trkpt>
      <trkpt lat="35.52255249582231" lon="138.75275356695056">
        <ele>836.8</ele>
      </trkpt>
      <trkpt lat="35.52256624214351" lon="138.7525271717459">
        <ele>837.4</ele>
      </trkpt>
      <trkpt lat="35.52257169038057" lon="138.75245751813054">
        <ele>837.2</ele>
      </trkpt>
      <trkpt lat="35.52260488271713" lon="138.75223900191486">
        <ele>837.0</ele>
      </trkpt>
      <trkpt lat="35.52265349775553" lon="138.75204605050385">
        <ele>836.6</ele>
      </trkpt>
      <trkpt lat="35.52267076447606" lon="138.75201805494726">
        <ele>836.6</ele>
      </trkpt>
      <trkpt lat="35.52278065122664" lon="138.75182510353625">
        <ele>836.2</ele>
      </trkpt>
      <trkpt lat="35.52291786298156" lon="138.75166517682374">
        <ele>835.8</ele>
      </trkpt>
      <trkpt lat="35.5229742731899" lon="138.75156803056598">
        <ele>835.4</ele>
      </trkpt>
      <trkpt lat="35.52305071614683" lon="138.75146878883243">
        <ele>835.4</ele>
      </trkpt>
      <trkpt lat="35.523205529898405" lon="138.7513048388064">
        <ele>835.4</ele>
      </trkpt>
      <trkpt lat="35.52322908304632" lon="138.751285308972">
        <ele>835.4</ele>
      </trkpt>
      <trkpt lat="35.5233698990196" lon="138.75109998509288">
        <ele>835.4</ele>
      </trkpt>
      <trkpt lat="35.52339294925332" lon="138.75107525847852">
        <ele>835.4</ele>
      </trkpt>
      <trkpt lat="35.52352446131408" lon="138.7509192712605">
        <ele>835.4</ele>
      </trkpt>
      <trkpt lat="35.5236048437655" lon="138.75080024823546">
        <ele>836.0</ele>
      </trkpt>
      <trkpt lat="35.52372822538018" lon="138.7506290897727">
        <ele>836.2</ele>
      </trkpt>
      <trkpt lat="35.52374507300556" lon="138.7506005074829">
        <ele>836.2</ele>
      </trkpt>
      <trkpt lat="35.52376426756382" lon="138.75057167373598">
        <ele>836.4</ele>
      </trkpt>
      <trkpt lat="35.52380441688001" lon="138.75047033652663">
        <ele>836.4</ele>
      </trkpt>
      <trkpt lat="35.52381900139153" lon="138.75043488107622">
        <ele>836.4</ele>
      </trkpt>
      <trkpt lat="35.5238741543144" lon="138.75020345672965">
        <ele>836.8</ele>
      </trkpt>
      <trkpt lat="35.523895444348454" lon="138.7499763071537">
        <ele>837.0</ele>
      </trkpt>
      <trkpt lat="35.52388555370271" lon="138.7498949188739">
        <ele>837.4</ele>
      </trkpt>
      <trkpt lat="35.52388739772141" lon="138.74986222945154">
        <ele>837.4</ele>
      </trkpt>
      <trkpt lat="35.52382679656148" lon="138.74964656308293">
        <ele>837.6</ele>
      </trkpt>
      <trkpt lat="35.523814391344786" lon="138.74960993416607">
        <ele>837.8</ele>
      </trkpt>
      <trkpt lat="35.52374289371073" lon="138.74938605353236">
        <ele>838.0</ele>
      </trkpt>
      <trkpt lat="35.523734260350466" lon="138.74935043044388">
        <ele>838.0</ele>
      </trkpt>
      <trkpt lat="35.52371892146766" lon="138.74924691393971">
        <ele>838.6</ele>
      </trkpt>
      <trkpt lat="35.52368313074112" lon="138.74900124035776">
        <ele>838.8</ele>
      </trkpt>
      <trkpt lat="35.52370944991708" lon="138.74880678020418">
        <ele>839.0</ele>
      </trkpt>
      <trkpt lat="35.52375404164195" lon="138.74855750240386">
        <ele>838.8</ele>
      </trkpt>
      <trkpt lat="35.523756723850965" lon="138.74852070584893">
        <ele>838.8</ele>
      </trkpt>
      <trkpt lat="35.52379997447133" lon="138.74829640612006">
        <ele>838.6</ele>
      </trkpt>
      <trkpt lat="35.523809948936105" lon="138.74825893901289">
        <ele>838.4</ele>
      </trkpt>
      <trkpt lat="35.523866107687354" lon="138.7480152770877">
        <ele>837.8</ele>
      </trkpt>
      <trkpt lat="35.52388488315046" lon="138.74793992377818">
        <ele>837.6</ele>
      </trkpt>
      <trkpt lat="35.52389955148101" lon="138.74790790490806">
        <ele>837.4</ele>
      </trkpt>
      <trkpt lat="35.523986304178834" lon="138.74771445058286">
        <ele>837.6</ele>
      </trkpt>
      <trkpt lat="35.52407699637115" lon="138.74748981557786">
        <ele>837.4</ele>
      </trkpt>
      <trkpt lat="35.524092419072986" lon="138.74745964072645">
        <ele>837.4</ele>
      </trkpt>
      <trkpt lat="35.52417338825762" lon="138.74723810702562">
        <ele>837.6</ele>
      </trkpt>
      <trkpt lat="35.524199455976486" lon="138.74713014811277">
        <ele>837.6</ele>
      </trkpt>
      <trkpt lat="35.52418285980821" lon="138.74688237905502">
        <ele>837.0</ele>
      </trkpt>
      <trkpt lat="35.52411949262023" lon="138.74664877541363">
        <ele>836.8</ele>
      </trkpt>
      <trkpt lat="35.524095268920064" lon="138.7465831451118">
        <ele>836.8</ele>
      </trkpt>
      <trkpt lat="35.52402175962925" lon="138.74636446125805">
        <ele>837.2</ele>
      </trkpt>
      <trkpt lat="35.52399627864361" lon="138.74630235135555">
        <ele>836.6</ele>
      </trkpt>
      <trkpt lat="35.523969205096364" lon="138.7462372239679">
        <ele>836.4</ele>
      </trkpt>
      <trkpt lat="35.523893013596535" lon="138.74604544602334">
        <ele>836.8</ele>
      </trkpt>
      <trkpt lat="35.52381129004061" lon="138.7458368204534">
        <ele>837.2</ele>
      </trkpt>
      <trkpt lat="35.52377508021891" lon="138.7457410991192">
        <ele>837.0</ele>
      </trkpt>
      <trkpt lat="35.5236910097301" lon="138.7455183081329">
        <ele>837.0</ele>
      </trkpt>
      <trkpt lat="35.52361783571541" lon="138.74536315910518">
        <ele>836.8</ele>
      </trkpt>
      <trkpt lat="35.52353493869305" lon="138.74515771865845">
        <ele>837.0</ele>
      </trkpt>
      <trkpt lat="35.52345153875649" lon="138.74495789408684">
        <ele>836.6</ele>
      </trkpt>
      <trkpt lat="35.52341356873512" lon="138.74487172812223">
        <ele>837.4</ele>
      </trkpt>
      <trkpt lat="35.52338993176818" lon="138.7448143120855">
        <ele>837.6</ele>
      </trkpt>
      <trkpt lat="35.5233043525368" lon="138.74460325576365">
        <ele>837.0</ele>
      </trkpt>
      <trkpt lat="35.523262694478035" lon="138.74448087997735">
        <ele>837.6</ele>
      </trkpt>
      <trkpt lat="35.52321215160191" lon="138.74436177313328">
        <ele>837.8</ele>
      </trkpt>
      <trkpt lat="35.52312573418021" lon="138.74415616504848">
        <ele>837.8</ele>
      </trkpt>
      <trkpt lat="35.523104025051" lon="138.7440959829837">
        <ele>838.0</ele>
      </trkpt>
      <trkpt lat="35.52301081828773" lon="138.74386698938906">
        <ele>837.8</ele>
      </trkpt>
      <trkpt lat="35.52298600785434" lon="138.74381619505584">
        <ele>837.8</ele>
      </trkpt>
      <trkpt lat="35.522886011749506" lon="138.7435986008495">
        <ele>838.0</ele>
      </trkpt>
      <trkpt lat="35.52279615774751" lon="138.74336952343583">
        <ele>837.0</ele>
      </trkpt>
      <trkpt lat="35.52277243696153" lon="138.74331059865654">
        <ele>837.2</ele>
      </trkpt>
      <trkpt lat="35.52272658795118" lon="138.7431815173477">
        <ele>837.4</ele>
      </trkpt>
      <trkpt lat="35.52265224047005" lon="138.74298135749996">
        <ele>837.2</ele>
      </trkpt>
      <trkpt lat="35.52256615832448" lon="138.74276837334037">
        <ele>836.6</ele>
      </trkpt>
      <trkpt lat="35.52255333401263" lon="138.74273903667927">
        <ele>836.4</ele>
      </trkpt>
      <trkpt lat="35.522465324029326" lon="138.74253250658512">
        <ele>837.0</ele>
      </trkpt>
      <trkpt lat="35.52244302816689" lon="138.74246545135975">
        <ele>837.0</ele>
      </trkpt>
      <trkpt lat="35.522357197478414" lon="138.7422559875995">
        <ele>836.6</ele>
      </trkpt>
      <trkpt lat="35.522266924381256" lon="138.74205297790468">
        <ele>837.4</ele>
      </trkpt>
      <trkpt lat="35.52223524078727" lon="138.7419909518212">
        <ele>837.4</ele>
      </trkpt>
      <trkpt lat="35.52212334237993" lon="138.74180261045694">
        <ele>837.2</ele>
      </trkpt>
      <trkpt lat="35.52196458913386" lon="138.7416975852102">
        <ele>837.4</ele>
      </trkpt>
      <trkpt lat="35.5219366773963" lon="138.74168710783124">
        <ele>837.2</ele>
      </trkpt>
      <trkpt lat="35.521748419851065" lon="138.7416185438633">
        <ele>837.0</ele>
      </trkpt>
      <trkpt lat="35.52172084338963" lon="138.74161125160754">
        <ele>837.2</ele>
      </trkpt>
      <trkpt lat="35.521517330780625" lon="138.74155945144594">
        <ele>836.6</ele>
      </trkpt>
      <trkpt lat="35.52143317647278" lon="138.74153707176447">
        <ele>836.4</ele>
      </trkpt>
      <trkpt lat="35.52123544737697" lon="138.74149306677282">
        <ele>836.2</ele>
      </trkpt>
      <trkpt lat="35.521131763234735" lon="138.74145383946598">
        <ele>836.0</ele>
      </trkpt>
      <trkpt lat="35.52105288952589" lon="138.74142047949135">
        <ele>836.2</ele>
      </trkpt>
      <trkpt lat="35.52099656313658" lon="138.74140254221857">
        <ele>836.2</ele>
      </trkpt>
      <trkpt lat="35.52087645046413" lon="138.74137060716748">
        <ele>836.2</ele>
      </trkpt>
      <trkpt lat="35.52069942466915" lon="138.74131796881557">
        <ele>836.4</ele>
      </trkpt>
      <trkpt lat="35.52056464366615" lon="138.74128083698452">
        <ele>836.2</ele>
      </trkpt>
      <trkpt lat="35.52042600698769" lon="138.7412630673498">
        <ele>836.0</ele>
      </trkpt>
      <trkpt lat="35.52022844552994" lon="138.74120950698853">
        <ele>836.8</ele>
      </trkpt>
      <trkpt lat="35.52015719935298" lon="138.74118570238352">
        <ele>836.2</ele>
      </trkpt>
      <trkpt lat="35.51997589878738" lon="138.74112376011908">
        <ele>836.8</ele>
      </trkpt>
      <trkpt lat="35.519849164411426" lon="138.74109283089638">
        <ele>836.6</ele>
      </trkpt>
      <trkpt lat="35.519773894920945" lon="138.7410537712276">
        <ele>836.6</ele>
      </trkpt>
      <trkpt lat="35.51959929987788" lon="138.74097431078553">
        <ele>837.0</ele>
      </trkpt>
      <trkpt lat="35.51954900845885" lon="138.7409472372383">
        <ele>837.2</ele>
      </trkpt>
      <trkpt lat="35.51937114447355" lon="138.74086459167302">
        <ele>837.0</ele>
      </trkpt>
      <trkpt lat="35.519317081198096" lon="138.7408330757171">
        <ele>837.0</ele>
      </trkpt>
      <trkpt lat="35.51914072595537" lon="138.7407363485545">
        <ele>837.4</ele>
      </trkpt>
      <trkpt lat="35.51900904625654" lon="138.74066065996885">
        <ele>837.4</ele>
      </trkpt>
      <trkpt lat="35.518838642165065" lon="138.7405373621732">
        <ele>837.0</ele>
      </trkpt>
      <trkpt lat="35.518764378502965" lon="138.7404963746667">
        <ele>837.2</ele>
      </trkpt>
      <trkpt lat="35.51874065771699" lon="138.74048195779324">
        <ele>837.4</ele>
      </trkpt>
      <trkpt lat="35.518591459840536" lon="138.74040459282696">
        <ele>837.0</ele>
      </trkpt>
      <trkpt lat="35.51853488199413" lon="138.74038204550743">
        <ele>836.8</ele>
      </trkpt>
      <trkpt lat="35.51845667883754" lon="138.7403444107622">
        <ele>836.4</ele>
      </trkpt>
      <trkpt lat="35.51826230250299" lon="138.740277858451">
        <ele>836.4</ele>
      </trkpt>
      <trkpt lat="35.51823003217578" lon="138.74027065001428">
        <ele>836.4</ele>
      </trkpt>
      <trkpt lat="35.51816490478814" lon="138.7402561493218">
        <ele>835.8</ele>
      </trkpt>
      <trkpt lat="35.51813632249832" lon="138.7402632739395">
        <ele>835.8</ele>
      </trkpt>
      <trkpt lat="35.51811293698847" lon="138.7402524612844">
        <ele>835.8</ele>
      </trkpt>
      <trkpt lat="35.51803867332637" lon="138.7402485217899">
        <ele>836.2</ele>
      </trkpt>
      <trkpt lat="35.51787078380585" lon="138.74019068665802">
        <ele>836.2</ele>
      </trkpt>
      <trkpt lat="35.51768864504993" lon="138.74013570137322">
        <ele>836.2</ele>
      </trkpt>
      <trkpt lat="35.517659056931734" lon="138.7401390541345">
        <ele>836.2</ele>
      </trkpt>
      <trkpt lat="35.517575070261955" lon="138.7401015870273">
        <ele>835.8</ele>
      </trkpt>
      <trkpt lat="35.51743132062256" lon="138.74002522788942">
        <ele>836.4</ele>
      </trkpt>
      <trkpt lat="35.517292181029916" lon="138.73998197726905">
        <ele>836.8</ele>
      </trkpt>
      <trkpt lat="35.51711590960622" lon="138.7399295065552">
        <ele>836.6</ele>
      </trkpt>
      <trkpt lat="35.51708766259253" lon="138.7399405706674">
        <ele>836.6</ele>
      </trkpt>
      <trkpt lat="35.51699202507734" lon="138.73994576744735">
        <ele>837.2</ele>
      </trkpt>
      <trkpt lat="35.51687702536583" lon="138.7399480305612">
        <ele>837.2</ele>
      </trkpt>
      <trkpt lat="35.51684970036149" lon="138.73994568362832">
        <ele>837.0</ele>
      </trkpt>
      <trkpt lat="35.51672271452844" lon="138.7399540655315">
        <ele>837.4</ele>
      </trkpt>
      <trkpt lat="35.51666270010173" lon="138.73996906913817">
        <ele>837.6</ele>
      </trkpt>
      <trkpt lat="35.51652909256518" lon="138.74000460840762">
        <ele>837.0</ele>
      </trkpt>
      <trkpt lat="35.51648567430675" lon="138.74003218486905">
        <ele>836.8</ele>
      </trkpt>
      <trkpt lat="35.516434125602245" lon="138.74005112797022">
        <ele>837.0</ele>
      </trkpt>
      <trkpt lat="35.51640906371176" lon="138.74004961922765">
        <ele>837.0</ele>
      </trkpt>
      <trkpt lat="35.516330944374204" lon="138.74006621539593">
        <ele>837.2</ele>
      </trkpt>
      <trkpt lat="35.51623153500259" lon="138.74011759646237">
        <ele>837.0</ele>
      </trkpt>
      <trkpt lat="35.51613723859191" lon="138.7401647027582">
        <ele>836.4</ele>
      </trkpt>
      <trkpt lat="35.51606062799692" lon="138.74020812101662">
        <ele>835.8</ele>
      </trkpt>
      <trkpt lat="35.51594177260995" lon="138.74032630585134">
        <ele>835.8</ele>
      </trkpt>
      <trkpt lat="35.51582710817456" lon="138.74035597778857">
        <ele>836.0</ele>
      </trkpt>
      <trkpt lat="35.51565050147474" lon="138.74042018316686">
        <ele>835.8</ele>
      </trkpt>
      <trkpt lat="35.515571627765894" lon="138.74045957811177">
        <ele>835.2</ele>
      </trkpt>
      <trkpt lat="35.51552410237491" lon="138.74048120342195">
        <ele>834.8</ele>
      </trkpt>
      <trkpt lat="35.515346908941865" lon="138.74051422812045">
        <ele>835.2</ele>
      </trkpt>
      <trkpt lat="35.515207685530186" lon="138.7405590713024">
        <ele>835.4</ele>
      </trkpt>
      <trkpt lat="35.51518036052585" lon="138.74056745320559">
        <ele>835.4</ele>
      </trkpt>
      <trkpt lat="35.5150134768337" lon="138.74061623588204">
        <ele>835.2</ele>
      </trkpt>
      <trkpt lat="35.51494097337127" lon="138.7406496796757">
        <ele>835.2</ele>
      </trkpt>
      <trkpt lat="35.514866625890136" lon="138.7406872306019">
        <ele>834.8</ele>
      </trkpt>
      <trkpt lat="35.5146939586848" lon="138.74070617370307">
        <ele>834.4</ele>
      </trkpt>
      <trkpt lat="35.51456487737596" lon="138.74057105742395">
        <ele>834.6</ele>
      </trkpt>
      <trkpt lat="35.514436634257436" lon="138.74039612710476">
        <ele>835.0</ele>
      </trkpt>
      <trkpt lat="35.51441785879433" lon="138.7403774354607">
        <ele>835.0</ele>
      </trkpt>
      <trkpt lat="35.51431752741337" lon="138.74025028198957">
        <ele>835.2</ele>
      </trkpt>
      <trkpt lat="35.51421996206045" lon="138.74005012214184">
        <ele>835.2</ele>
      </trkpt>
      <trkpt lat="35.514184422791004" lon="138.73983998782933">
        <ele>835.0</ele>
      </trkpt>
      <trkpt lat="35.51423060707748" lon="138.73966354876757">
        <ele>834.4</ele>
      </trkpt>
      <trkpt lat="35.51425080746412" lon="138.73947881162167">
        <ele>834.8</ele>
      </trkpt>
      <trkpt lat="35.51420856267214" lon="138.7392508238554">
        <ele>835.2</ele>
      </trkpt>
      <trkpt lat="35.514170341193676" lon="138.73901596292853">
        <ele>835.0</ele>
      </trkpt>
      <trkpt lat="35.51417771726847" lon="138.738845391199">
        <ele>834.6</ele>
      </trkpt>
      <trkpt lat="35.514277797192335" lon="138.73867448419333">
        <ele>834.2</ele>
      </trkpt>
      <trkpt lat="35.51439246162772" lon="138.73848555609584">
        <ele>834.8</ele>
      </trkpt>
      <trkpt lat="35.514465384185314" lon="138.7383924331516">
        <ele>835.2</ele>
      </trkpt>
      <trkpt lat="35.5145129095763" lon="138.7383530382067">
        <ele>835.4</ele>
      </trkpt>
      <trkpt lat="35.51460586488247" lon="138.73826628550887">
        <ele>835.4</ele>
      </trkpt>
      <trkpt lat="35.514649702236056" lon="138.73821792192757">
        <ele>835.2</ele>
      </trkpt>
      <trkpt lat="35.514685828238726" lon="138.73813242651522">
        <ele>835.2</ele>
      </trkpt>
      <trkpt lat="35.51472614519298" lon="138.73808967880905">
        <ele>835.0</ele>
      </trkpt>
      <trkpt lat="35.5147391371429" lon="138.73805950395763">
        <ele>834.8</ele>
      </trkpt>
      <trkpt lat="35.51477408967912" lon="138.7380126491189">
        <ele>834.6</ele>
      </trkpt>
      <trkpt lat="35.51488104276359" lon="138.73786294832826">
        <ele>834.8</ele>
      </trkpt>
      <trkpt lat="35.51495673134923" lon="138.7377311848104">
        <ele>835.2</ele>
      </trkpt>
      <trkpt lat="35.51508807577193" lon="138.73754217289388">
        <ele>835.6</ele>
      </trkpt>
      <trkpt lat="35.51513543352485" lon="138.7373662367463">
        <ele>836.0</ele>
      </trkpt>
      <trkpt lat="35.515186144039035" lon="138.73714545741677">
        <ele>836.0</ele>
      </trkpt>
      <trkpt lat="35.515207182615995" lon="138.73694454319775">
        <ele>835.6</ele>
      </trkpt>
      <trkpt lat="35.515194525942206" lon="138.7367824371904">
        <ele>836.2</ele>
      </trkpt>
      <trkpt lat="35.51517843268812" lon="138.73670951463282">
        <ele>836.2</ele>
      </trkpt>
      <trkpt lat="35.515135768800974" lon="138.7365450616926">
        <ele>835.6</ele>
      </trkpt>
      <trkpt lat="35.51504138857126" lon="138.73634641058743">
        <ele>836.4</ele>
      </trkpt>
      <trkpt lat="35.5150240380317" lon="138.73631598427892">
        <ele>836.4</ele>
      </trkpt>
      <trkpt lat="35.51489286124706" lon="138.73614080250263">
        <ele>835.8</ele>
      </trkpt>
      <trkpt lat="35.5148165859282" lon="138.73604457825422">
        <ele>836.0</ele>
      </trkpt>
      <trkpt lat="35.51468851044774" lon="138.73588029295206">
        <ele>836.6</ele>
      </trkpt>
      <trkpt lat="35.51463469862938" lon="138.73580829240382">
        <ele>836.4</ele>
      </trkpt>
      <trkpt lat="35.51450293511152" lon="138.73563160188496">
        <ele>836.0</ele>
      </trkpt>
      <trkpt lat="35.514486003667116" lon="138.73560721054673">
        <ele>836.2</ele>
      </trkpt>
      <trkpt lat="35.514412159100175" lon="138.7355175241828">
        <ele>836.0</ele>
      </trkpt>
      <trkpt lat="35.514288609847426" lon="138.73537578620017">
        <ele>835.4</ele>
      </trkpt>
      <trkpt lat="35.51420814357698" lon="138.73528014868498">
        <ele>835.6</ele>
      </trkpt>
      <trkpt lat="35.514139495790005" lon="138.735222062096">
        <ele>835.2</ele>
      </trkpt>
      <trkpt lat="35.51403472200036" lon="138.73517990112305">
        <ele>835.0</ele>
      </trkpt>
      <trkpt lat="35.51386725157499" lon="138.73509851284325">
        <ele>835.6</ele>
      </trkpt>
      <trkpt lat="35.513736912980676" lon="138.73503422364593">
        <ele>835.0</ele>
      </trkpt>
      <trkpt lat="35.51357639953494" lon="138.7349860277027">
        <ele>835.2</ele>
      </trkpt>
      <trkpt lat="35.51342678256333" lon="138.73491168022156">
        <ele>835.4</ele>
      </trkpt>
      <trkpt lat="35.51331924274564" lon="138.7348557729274">
        <ele>835.4</ele>
      </trkpt>
      <trkpt lat="35.5131328292191" lon="138.7347693555057">
        <ele>834.6</ele>
      </trkpt>
      <trkpt lat="35.5129705555737" lon="138.73468008823693">
        <ele>835.4</ele>
      </trkpt>
      <trkpt lat="35.512825548648834" lon="138.73453684151173">
        <ele>836.2</ele>
      </trkpt>
      <trkpt lat="35.512806018814445" lon="138.7345140427351">
        <ele>836.2</ele>
      </trkpt>
      <trkpt lat="35.512722032144666" lon="138.73436979018152">
        <ele>836.4</ele>
      </trkpt>
      <trkpt lat="35.5126668792218" lon="138.73415680602193">
        <ele>836.4</ele>
      </trkpt>
      <trkpt lat="35.51266377791762" lon="138.73391775414348">
        <ele>835.2</ele>
      </trkpt>
      <trkpt lat="35.512657491490245" lon="138.73387626372278">
        <ele>835.2</ele>
      </trkpt>
      <trkpt lat="35.51267676986754" lon="138.73369035311043">
        <ele>835.6</ele>
      </trkpt>
      <trkpt lat="35.51266889087856" lon="138.73344996012747">
        <ele>836.0</ele>
      </trkpt>
      <trkpt lat="35.512661850079894" lon="138.73337879776955">
        <ele>835.6</ele>
      </trkpt>
      <trkpt lat="35.512650618329644" lon="138.73330621048808">
        <ele>835.2</ele>
      </trkpt>
      <trkpt lat="35.51264709793031" lon="138.7332100700587">
        <ele>835.0</ele>
      </trkpt>
      <trkpt lat="35.512676518410444" lon="138.73297546058893">
        <ele>835.6</ele>
      </trkpt>
      <trkpt lat="35.51268649287522" lon="138.73294536955655">
        <ele>835.6</ele>
      </trkpt>
      <trkpt lat="35.51271834410727" lon="138.73275518417358">
        <ele>835.6</ele>
      </trkpt>
      <trkpt lat="35.51297307014465" lon="138.732624175027">
        <ele>835.8</ele>
      </trkpt>
      <trkpt lat="35.51302017644048" lon="138.73262090608478">
        <ele>835.8</ele>
      </trkpt>
      <trkpt lat="35.5131917539984" lon="138.7325147073716">
        <ele>835.6</ele>
      </trkpt>
      <trkpt lat="35.51331195048988" lon="138.73247363604605">
        <ele>835.4</ele>
      </trkpt>
      <trkpt lat="35.513496017083526" lon="138.7324163876474">
        <ele>835.4</ele>
      </trkpt>
      <trkpt lat="35.51355636678636" lon="138.73238562606275">
        <ele>835.0</ele>
      </trkpt>
      <trkpt lat="35.51373532041907" lon="138.7322969455272">
        <ele>835.4</ele>
      </trkpt>
      <trkpt lat="35.51390019245446" lon="138.7321811914444">
        <ele>836.0</ele>
      </trkpt>
      <trkpt lat="35.51392466761172" lon="138.73217104934156">
        <ele>836.0</ele>
      </trkpt>
      <trkpt lat="35.51404553465545" lon="138.73204657807946">
        <ele>835.4</ele>
      </trkpt>
      <trkpt lat="35.51417344249785" lon="138.73188774101436">
        <ele>835.4</ele>
      </trkpt>
      <trkpt lat="35.514289950951934" lon="138.73170509934425">
        <ele>836.0</ele>
      </trkpt>
      <trkpt lat="35.51430981606245" lon="138.73168473131955">
        <ele>836.0</ele>
      </trkpt>
      <trkpt lat="35.51440671086311" lon="138.73148440383375">
        <ele>835.8</ele>
      </trkpt>
      <trkpt lat="35.51442070864141" lon="138.73145473189652">
        <ele>835.8</ele>
      </trkpt>
      <trkpt lat="35.5145110655576" lon="138.73125281184912">
        <ele>835.2</ele>
      </trkpt>
      <trkpt lat="35.51452950574458" lon="138.73118810355663">
        <ele>835.4</ele>
      </trkpt>
      <trkpt lat="35.51459010690451" lon="138.7309556733817">
        <ele>835.2</ele>
      </trkpt>
      <trkpt lat="35.514610558748245" lon="138.73080287128687">
        <ele>835.0</ele>
      </trkpt>
      <trkpt lat="35.51460159011185" lon="138.73074176721275">
        <ele>835.2</ele>
      </trkpt>
      <trkpt lat="35.51461424678564" lon="138.73058024793863">
        <ele>835.8</ele>
      </trkpt>
      <trkpt lat="35.51462011411786" lon="138.73054906725883">
        <ele>835.8</ele>
      </trkpt>
      <trkpt lat="35.514611480757594" lon="138.73039240948856">
        <ele>836.0</ele>
      </trkpt>
      <trkpt lat="35.51459656096995" lon="138.7303280364722">
        <ele>835.8</ele>
      </trkpt>
      <trkpt lat="35.514541659504175" lon="138.73009770177305">
        <ele>835.4</ele>
      </trkpt>
      <trkpt lat="35.51453453488648" lon="138.7299723085016">
        <ele>836.2</ele>
      </trkpt>
      <trkpt lat="35.51450804807246" lon="138.72984272427857">
        <ele>836.8</ele>
      </trkpt>
      <trkpt lat="35.51445817574859" lon="138.72960434295237">
        <ele>836.4</ele>
      </trkpt>
      <trkpt lat="35.514453146606684" lon="138.7295774370432">
        <ele>836.4</ele>
      </trkpt>
      <trkpt lat="35.51441375166178" lon="138.7293261475861">
        <ele>836.8</ele>
      </trkpt>
      <trkpt lat="35.514386259019375" lon="138.72925892472267">
        <ele>836.8</ele>
      </trkpt>
      <trkpt lat="35.51429850049317" lon="138.72903286479414">
        <ele>836.6</ele>
      </trkpt>
      <trkpt lat="35.51428098231554" lon="138.72900277376175">
        <ele>836.6</ele>
      </trkpt>
      <trkpt lat="35.51418065093458" lon="138.72880529612303">
        <ele>836.2</ele>
      </trkpt>
      <trkpt lat="35.51416330039501" lon="138.728778809309">
        <ele>836.2</ele>
      </trkpt>
      <trkpt lat="35.51403514109552" lon="138.72861754149199">
        <ele>837.0</ele>
      </trkpt>
      <trkpt lat="35.51399256102741" lon="138.7285695131868">
        <ele>837.0</ele>
      </trkpt>
      <trkpt lat="35.5138339754194" lon="138.7284175492823">
        <ele>837.0</ele>
      </trkpt>
      <trkpt lat="35.51379131153226" lon="138.72838402166963">
        <ele>837.2</ele>
      </trkpt>
      <trkpt lat="35.51363339647651" lon="138.72822074219584">
        <ele>837.8</ele>
      </trkpt>
      <trkpt lat="35.513607328757644" lon="138.72819928452373">
        <ele>837.8</ele>
      </trkpt>
      <trkpt lat="35.51346584223211" lon="138.72808394953609">
        <ele>837.8</ele>
      </trkpt>
      <trkpt lat="35.51335209980607" lon="138.7279933411628">
        <ele>838.0</ele>
      </trkpt>
      <trkpt lat="35.51324648782611" lon="138.72790633700788">
        <ele>838.2</ele>
      </trkpt>
      <trkpt lat="35.51321933045983" lon="138.7279011402279">
        <ele>838.0</ele>
      </trkpt>
      <trkpt lat="35.513130482286215" lon="138.72789879329503">
        <ele>837.6</ele>
      </trkpt>
      <trkpt lat="35.51296854391694" lon="138.7278757430613">
        <ele>837.8</ele>
      </trkpt>
      <trkpt lat="35.512809455394745" lon="138.72788035310805">
        <ele>838.0</ele>
      </trkpt>
      <trkpt lat="35.512620862573385" lon="138.72791505418718">
        <ele>837.2</ele>
      </trkpt>
      <trkpt lat="35.512423384934664" lon="138.72795403003693">
        <ele>837.4</ele>
      </trkpt>
      <trkpt lat="35.51221936941147" lon="138.72799183242023">
        <ele>837.8</ele>
      </trkpt>
      <trkpt lat="35.51203337498009" lon="138.72792243026197">
        <ele>837.4</ele>
      </trkpt>
      <trkpt lat="35.51201367750764" lon="138.72790516354144">
        <ele>837.2</ele>
      </trkpt>
      <trkpt lat="35.511877136304975" lon="138.72779494151473">
        <ele>837.2</ele>
      </trkpt>
      <trkpt lat="35.51176649518311" lon="138.72771120630205">
        <ele>837.8</ele>
      </trkpt>
      <trkpt lat="35.511639676988125" lon="138.72760978527367">
        <ele>838.0</ele>
      </trkpt>
      <trkpt lat="35.51150129176676" lon="138.72749721631408">
        <ele>837.2</ele>
      </trkpt>
      <trkpt lat="35.51138587296009" lon="138.72738858684897">
        <ele>838.4</ele>
      </trkpt>
      <trkpt lat="35.511295264586806" lon="138.72725430876017">
        <ele>838.8</ele>
      </trkpt>
      <trkpt lat="35.51124379970133" lon="138.727185158059">
        <ele>839.0</ele>
      </trkpt>
      <trkpt lat="35.51105537451804" lon="138.7265511509031">
        <ele>838.2</ele>
      </trkpt>
      <trkpt lat="35.51111463457346" lon="138.7264430243522">
        <ele>837.8</ele>
      </trkpt>
      <trkpt lat="35.51122217439115" lon="138.72627924196422">
        <ele>837.8</ele>
      </trkpt>
      <trkpt lat="35.51125595346093" lon="138.72621034272015">
        <ele>838.0</ele>
      </trkpt>
      <trkpt lat="35.51126869395375" lon="138.72614907100797">
        <ele>838.0</ele>
      </trkpt>
      <trkpt lat="35.511335246264935" lon="138.72590490616858">
        <ele>838.4</ele>
      </trkpt>
      <trkpt lat="35.51142795011401" lon="138.72570156119764">
        <ele>837.4</ele>
      </trkpt>
      <trkpt lat="35.51144194789231" lon="138.72566912323236">
        <ele>837.4</ele>
      </trkpt>
      <trkpt lat="35.51145510748029" lon="138.72563995420933">
        <ele>837.4</ele>
      </trkpt>
      <trkpt lat="35.511486288160086" lon="138.72557843104005">
        <ele>837.4</ele>
      </trkpt>
      <trkpt lat="35.511536579579115" lon="138.72544197365642">
        <ele>838.2</ele>
      </trkpt>
      <trkpt lat="35.511543871834874" lon="138.72540618292987">
        <ele>838.4</ele>
      </trkpt>
      <trkpt lat="35.511572705581784" lon="138.72529109939933">
        <ele>838.4</ele>
      </trkpt>
      <trkpt lat="35.511629451066256" lon="138.7250687275082">
        <ele>837.4</ele>
      </trkpt>
      <trkpt lat="35.51171285100281" lon="138.72484744526446">
        <ele>838.4</ele>
      </trkpt>
      <trkpt lat="35.51171368919313" lon="138.72482129372656">
        <ele>838.6</ele>
      </trkpt>
      <trkpt lat="35.51175191067159" lon="138.72467134147882">
        <ele>838.8</ele>
      </trkpt>
      <trkpt lat="35.51179172471166" lon="138.72448241338134">
        <ele>838.2</ele>
      </trkpt>
      <trkpt lat="35.51180454902351" lon="138.72438920661807">
        <ele>838.6</ele>
      </trkpt>
      <trkpt lat="35.51179809495807" lon="138.72437126934528">
        <ele>838.8</ele>
      </trkpt>
      <trkpt lat="35.51178552210331" lon="138.72428024187684">
        <ele>838.8</ele>
      </trkpt>
      <trkpt lat="35.51180622540414" lon="138.7242307048291">
        <ele>838.6</ele>
      </trkpt>
      <trkpt lat="35.51182994619012" lon="138.72423724271357">
        <ele>838.6</ele>
      </trkpt>
      <trkpt lat="35.51183287985623" lon="138.7242391705513">
        <ele>838.6</ele>
      </trkpt>
      <trkpt lat="35.51182474941015" lon="138.72424294240773">
        <ele>838.2</ele>
      </trkpt>
      <trkpt lat="35.51182399503887" lon="138.72424453496933">
        <ele>838.2</ele>
      </trkpt>
      <trkpt lat="35.51182349212468" lon="138.72424646280706">
        <ele>838.2</ele>
      </trkpt>
      <trkpt lat="35.51184520125389" lon="138.72426205314696">
        <ele>837.6</ele>
      </trkpt>
      <trkpt lat="35.51185802556574" lon="138.72424428351223">
        <ele>837.6</ele>
      </trkpt>
      <trkpt lat="35.51187043078244" lon="138.72418510727584">
        <ele>837.6</ele>
      </trkpt>
      <trkpt lat="35.51193564198911" lon="138.72396944090724">
        <ele>838.2</ele>
      </trkpt>
      <trkpt lat="35.51195022650063" lon="138.72374966740608">
        <ele>838.4</ele>
      </trkpt>
      <trkpt lat="35.51194402389228" lon="138.72366811148822">
        <ele>838.4</ele>
      </trkpt>
      <trkpt lat="35.51188266836107" lon="138.72352142818272">
        <ele>838.4</ele>
      </trkpt>
      <trkpt lat="35.51186674274504" lon="138.723487816751">
        <ele>838.4</ele>
      </trkpt>
      <trkpt lat="35.511788204312325" lon="138.7233030796051">
        <ele>838.8</ele>
      </trkpt>
      <trkpt lat="35.51173975691199" lon="138.72320274822414">
        <ele>838.8</ele>
      </trkpt>
      <trkpt lat="35.51171670667827" lon="138.7231783568859">
        <ele>838.8</ele>
      </trkpt>
      <trkpt lat="35.51169650629163" lon="138.72315471991897">
        <ele>838.8</ele>
      </trkpt>
      <trkpt lat="35.51162861287594" lon="138.72302572242916">
        <ele>839.0</ele>
      </trkpt>
      <trkpt lat="35.511585948988795" lon="138.72296495363116">
        <ele>839.2</ele>
      </trkpt>
      <trkpt lat="35.511531718075275" lon="138.72287183068693">
        <ele>839.4</ele>
      </trkpt>
      <trkpt lat="35.511432979255915" lon="138.72271785512567">
        <ele>840.0</ele>
      </trkpt>
      <trkpt lat="35.51136039197445" lon="138.72261852957308">
        <ele>839.6</ele>
      </trkpt>
      <trkpt lat="35.511330803856254" lon="138.72255868278444">
        <ele>839.8</ele>
      </trkpt>
      <trkpt lat="35.51090735010803" lon="138.71982232667506">
        <ele>840.6</ele>
      </trkpt>
      <trkpt lat="35.51098228432238" lon="138.71964555233717">
        <ele>840.2</ele>
      </trkpt>
      <trkpt lat="35.51102218218148" lon="138.71940608136356">
        <ele>840.8</ele>
      </trkpt>
      <trkpt lat="35.511021092534065" lon="138.71937749907374">
        <ele>840.8</ele>
      </trkpt>
      <trkpt lat="35.51106275059283" lon="138.71915764175355">
        <ele>840.8</ele>
      </trkpt>
      <trkpt lat="35.511090997606516" lon="138.7190216872841">
        <ele>841.0</ele>
      </trkpt>
      <trkpt lat="35.51111840642989" lon="138.71876679360867">
        <ele>841.4</ele>
      </trkpt>
      <trkpt lat="35.51112083718181" lon="138.7187388818711">
        <ele>841.6</ele>
      </trkpt>
      <trkpt lat="35.51112435758114" lon="138.7186942063272">
        <ele>841.6</ele>
      </trkpt>
      <trkpt lat="35.51114531233907" lon="138.71845071204007">
        <ele>841.4</ele>
      </trkpt>
      <trkpt lat="35.511129135265946" lon="138.71834468096495">
        <ele>842.0</ele>
      </trkpt>
      <trkpt lat="35.511071383953094" lon="138.71809674426913">
        <ele>842.0</ele>
      </trkpt>
      <trkpt lat="35.51102469675243" lon="138.71799406595528">
        <ele>841.6</ele>
      </trkpt>
      <trkpt lat="35.510906763374805" lon="138.71779549866915">
        <ele>841.4</ele>
      </trkpt>
      <trkpt lat="35.51083845086396" lon="138.7177097517997">
        <ele>841.0</ele>
      </trkpt>
      <trkpt lat="35.51076242700219" lon="138.71764479205012">
        <ele>840.4</ele>
      </trkpt>
      <trkpt lat="35.51061121746898" lon="138.71753247454762">
        <ele>839.6</ele>
      </trkpt>
      <trkpt lat="35.51059319637716" lon="138.717517638579">
        <ele>839.4</ele>
      </trkpt>
      <trkpt lat="35.510423043742776" lon="138.71739090420306">
        <ele>839.8</ele>
      </trkpt>
      <trkpt lat="35.51025565713644" lon="138.7172657623887">
        <ele>840.2</ele>
      </trkpt>
      <trkpt lat="35.51017854362726" lon="138.71720792725682">
        <ele>840.4</ele>
      </trkpt>
      <trkpt lat="35.510158091783524" lon="138.71719099581242">
        <ele>840.6</ele>
      </trkpt>
      <trkpt lat="35.509982239454985" lon="138.71706258505583">
        <ele>841.4</ele>
      </trkpt>
      <trkpt lat="35.509912921115756" lon="138.71701220981777">
        <ele>841.4</ele>
      </trkpt>
      <trkpt lat="35.50979431718588" lon="138.71693107299507">
        <ele>841.6</ele>
      </trkpt>
      <trkpt lat="35.50971971824765" lon="138.71688363142312">
        <ele>841.6</ele>
      </trkpt>
      <trkpt lat="35.50954671576619" lon="138.71676586568356">
        <ele>841.4</ele>
      </trkpt>
      <trkpt lat="35.50951863639057" lon="138.7167377024889">
        <ele>841.2</ele>
      </trkpt>
      <trkpt lat="35.50935451872647" lon="138.71659931726754">
        <ele>840.8</ele>
      </trkpt>
      <trkpt lat="35.509331468492746" lon="138.71657760813832">
        <ele>840.8</ele>
      </trkpt>
      <trkpt lat="35.50928184762597" lon="138.71653963811696">
        <ele>840.6</ele>
      </trkpt>
      <trkpt lat="35.509203393012285" lon="138.71649186126888">
        <ele>839.4</ele>
      </trkpt>
      <trkpt lat="35.509152598679066" lon="138.7164596747607">
        <ele>839.4</ele>
      </trkpt>
      <trkpt lat="35.50903441384435" lon="138.71638583019376">
        <ele>840.2</ele>
      </trkpt>
      <trkpt lat="35.50895201973617" lon="138.71633629314601">
        <ele>840.0</ele>
      </trkpt>
      <trkpt lat="35.508841797709465" lon="138.71626865118742">
        <ele>839.6</ele>
      </trkpt>
      <trkpt lat="35.50876133143902" lon="138.71623252518475">
        <ele>839.4</ele>
      </trkpt>
      <trkpt lat="35.50871565006673" lon="138.71620721183717">
        <ele>839.6</ele>
      </trkpt>
      <trkpt lat="35.508697126060724" lon="138.7162017636001">
        <ele>839.6</ele>
      </trkpt>
      <trkpt lat="35.508665442466736" lon="138.7161729298532">
        <ele>839.4</ele>
      </trkpt>
      <trkpt lat="35.508598471060395" lon="138.71613604947925">
        <ele>839.2</ele>
      </trkpt>
      <trkpt lat="35.50847735255957" lon="138.71610495261848">
        <ele>839.0</ele>
      </trkpt>
      <trkpt lat="35.50846293568611" lon="138.7161052878946">
        <ele>839.0</ele>
      </trkpt>
      <trkpt lat="35.50840233452618" lon="138.71609430760145">
        <ele>838.4</ele>
      </trkpt>
      <trkpt lat="35.508389761671424" lon="138.7161007616669">
        <ele>838.4</ele>
      </trkpt>
      <trkpt lat="35.50836956128478" lon="138.71609095484018">
        <ele>838.4</ele>
      </trkpt>
      <trkpt lat="35.5083479359746" lon="138.71608064509928">
        <ele>838.6</ele>
      </trkpt>
      <trkpt lat="35.508197313174605" lon="138.71599883772433">
        <ele>839.2</ele>
      </trkpt>
      <trkpt lat="35.50811014138162" lon="138.71594896540046">
        <ele>839.4</ele>
      </trkpt>
      <trkpt lat="35.50806320272386" lon="138.71592591516674">
        <ele>839.0</ele>
      </trkpt>
      <trkpt lat="35.50796639174223" lon="138.7158753722906">
        <ele>838.6</ele>
      </trkpt>
      <trkpt lat="35.50780411809683" lon="138.7157685868442">
        <ele>839.4</ele>
      </trkpt>
      <trkpt lat="35.50762843340635" lon="138.71564663015306">
        <ele>838.6</ele>
      </trkpt>
      <trkpt lat="35.507575292140245" lon="138.71562383137643">
        <ele>838.4</ele>
      </trkpt>
      <trkpt lat="35.50740354694426" lon="138.71549894101918">
        <ele>838.4</ele>
      </trkpt>
      <trkpt lat="35.50739172846079" lon="138.71546231210232">
        <ele>838.4</ele>
      </trkpt>
      <trkpt lat="35.50735652446747" lon="138.7153578735888">
        <ele>838.4</ele>
      </trkpt>
      <trkpt lat="35.50734990276396" lon="138.71513357385993">
        <ele>839.0</ele>
      </trkpt>
      <trkpt lat="35.50735040567815" lon="138.71509895659983">
        <ele>839.2</ele>
      </trkpt>
      <trkpt lat="35.5073481425643" lon="138.71503609232605">
        <ele>839.6</ele>
      </trkpt>
      <trkpt lat="35.5073428619653" lon="138.71479569934309">
        <ele>839.2</ele>
      </trkpt>
      <trkpt lat="35.50731075927615" lon="138.7145568151027">
        <ele>839.4</ele>
      </trkpt>
      <trkpt lat="35.50729667767882" lon="138.7144820485264">
        <ele>839.4</ele>
      </trkpt>
      <trkpt lat="35.50729122944176" lon="138.71443963609636">
        <ele>839.2</ele>
      </trkpt>
      <trkpt lat="35.507255271077156" lon="138.71419547125697">
        <ele>840.0</ele>
      </trkpt>
      <trkpt lat="35.50725267268717" lon="138.71416655369103">
        <ele>840.2</ele>
      </trkpt>
      <trkpt lat="35.50723347812891" lon="138.714079298079">
        <ele>840.6</ele>
      </trkpt>
      <trkpt lat="35.50719374790788" lon="138.7138884421438">
        <ele>840.6</ele>
      </trkpt>
      <trkpt lat="35.507160890847445" lon="138.713743602857">
        <ele>841.6</ele>
      </trkpt>
      <trkpt lat="35.507134990766644" lon="138.7135364022106">
        <ele>841.8</ele>
      </trkpt>
      <trkpt lat="35.50710875540972" lon="138.71330749243498">
        <ele>842.6</ele>
      </trkpt>
      <trkpt lat="35.50709182396531" lon="138.71321378275752">
        <ele>842.8</ele>
      </trkpt>
      <trkpt lat="35.50709090195596" lon="138.71318394318223">
        <ele>843.0</ele>
      </trkpt>
      <trkpt lat="35.507067600265145" lon="138.71306684799492">
        <ele>844.0</ele>
      </trkpt>
      <trkpt lat="35.50703742541373" lon="138.71288588270545">
        <ele>844.6</ele>
      </trkpt>
      <trkpt lat="35.507023092359304" lon="138.71283676475286">
        <ele>845.0</ele>
      </trkpt>
      <trkpt lat="35.50698637962341" lon="138.7126449868083">
        <ele>845.4</ele>
      </trkpt>
      <trkpt lat="35.50697204656899" lon="138.71257985942066">
        <ele>846.0</ele>
      </trkpt>
      <trkpt lat="35.506942542269826" lon="138.71245480142534">
        <ele>847.2</ele>
      </trkpt>
      <trkpt lat="35.50693332217634" lon="138.7123093754053">
        <ele>847.8</ele>
      </trkpt>
      <trkpt lat="35.506884790956974" lon="138.71206822805107">
        <ele>848.0</ele>
      </trkpt>
      <trkpt lat="35.506878923624754" lon="138.71203830465674">
        <ele>848.2</ele>
      </trkpt>
      <trkpt lat="35.50684338435531" lon="138.71185624971986">
        <ele>849.4</ele>
      </trkpt>
      <trkpt lat="35.50683584064245" lon="138.7118104007095">
        <ele>849.4</ele>
      </trkpt>
      <trkpt lat="35.50679854117334" lon="138.71156875044107">
        <ele>850.4</ele>
      </trkpt>
      <trkpt lat="35.5067728087306" lon="138.71143816038966">
        <ele>851.8</ele>
      </trkpt>
      <trkpt lat="35.506753865629435" lon="138.71132844127715">
        <ele>852.6</ele>
      </trkpt>
      <trkpt lat="35.506749926134944" lon="138.7113089952618">
        <ele>852.8</ele>
      </trkpt>
      <trkpt lat="35.50669502466917" lon="138.71109433472157">
        <ele>853.8</ele>
      </trkpt>
      <trkpt lat="35.506677590310574" lon="138.7110577058047">
        <ele>854.2</ele>
      </trkpt>
      <trkpt lat="35.50665303133428" lon="138.71095050126314">
        <ele>855.6</ele>
      </trkpt>
      <trkpt lat="35.506659066304564" lon="138.71088864281774">
        <ele>856.2</ele>
      </trkpt>
      <trkpt lat="35.5066657718271" lon="138.71087053790689">
        <ele>856.6</ele>
      </trkpt>
      <trkpt lat="35.5066607426852" lon="138.71074246242642">
        <ele>857.6</ele>
      </trkpt>
      <trkpt lat="35.506657557561994" lon="138.71071723289788">
        <ele>858.0</ele>
      </trkpt>
      <trkpt lat="35.50666359253228" lon="138.71062075719237">
        <ele>859.2</ele>
      </trkpt>
      <trkpt lat="35.50662863999605" lon="138.71042881160975">
        <ele>860.4</ele>
      </trkpt>
      <trkpt lat="35.5066242814064" lon="138.710321104154">
        <ele>861.4</ele>
      </trkpt>
      <trkpt lat="35.50660458393395" lon="138.71025497093797">
        <ele>862.2</ele>
      </trkpt>
      <trkpt lat="35.506601985543966" lon="138.71024030260742">
        <ele>862.2</ele>
      </trkpt>
      <trkpt lat="35.5066036619246" lon="138.7101911008358">
        <ele>862.4</ele>
      </trkpt>
      <trkpt lat="35.50659284926951" lon="138.71014173142612">
        <ele>863.0</ele>
      </trkpt>
      <trkpt lat="35.506586730480194" lon="138.71008666232228">
        <ele>863.4</ele>
      </trkpt>
      <trkpt lat="35.50661623477936" lon="138.71004802174866">
        <ele>863.8</ele>
      </trkpt>
      <trkpt lat="35.50661380402744" lon="138.70996244251728">
        <ele>864.6</ele>
      </trkpt>
      <trkpt lat="35.506616570055485" lon="138.70994601398706">
        <ele>864.6</ele>
      </trkpt>
      <trkpt lat="35.50661833025515" lon="138.7099215388298">
        <ele>864.8</ele>
      </trkpt>
      <trkpt lat="35.506586227566004" lon="138.7098089698702">
        <ele>865.6</ele>
      </trkpt>
      <trkpt lat="35.50658002495766" lon="138.70977569371462">
        <ele>866.0</ele>
      </trkpt>
      <trkpt lat="35.50662646070123" lon="138.70971492491663">
        <ele>866.8</ele>
      </trkpt>
      <trkpt lat="35.506617994979024" lon="138.70968030765653">
        <ele>866.8</ele>
      </trkpt>
      <trkpt lat="35.50657130777836" lon="138.70948961935937">
        <ele>867.4</ele>
      </trkpt>
      <trkpt lat="35.506586814299226" lon="138.70944175869226">
        <ele>867.8</ele>
      </trkpt>
      <trkpt lat="35.50661338493228" lon="138.70936397463083">
        <ele>868.0</ele>
      </trkpt>
      <trkpt lat="35.506629310548306" lon="138.70934545062482">
        <ele>868.4</ele>
      </trkpt>
      <trkpt lat="35.50669125281274" lon="138.70930194854736">
        <ele>869.0</ele>
      </trkpt>
      <trkpt lat="35.50676526501775" lon="138.70931904762983">
        <ele>870.0</ele>
      </trkpt>
      <trkpt lat="35.506869200617075" lon="138.7094186246395">
        <ele>871.2</ele>
      </trkpt>
      <trkpt lat="35.506966933608055" lon="138.70949372649193">
        <ele>872.0</ele>
      </trkpt>
      <trkpt lat="35.50699501298368" lon="138.7095171958208">
        <ele>872.4</ele>
      </trkpt>
      <trkpt lat="35.507042119279504" lon="138.7095795571804">
        <ele>872.6</ele>
      </trkpt>
      <trkpt lat="35.50705661997199" lon="138.70960126630962">
        <ele>872.6</ele>
      </trkpt>
      <trkpt lat="35.50716248340905" lon="138.709750296548">
        <ele>873.6</ele>
      </trkpt>
      <trkpt lat="35.50726817920804" lon="138.70986211113632">
        <ele>874.6</ele>
      </trkpt>
      <trkpt lat="35.507283098995686" lon="138.70988910086453">
        <ele>874.8</ele>
      </trkpt>
      <trkpt lat="35.50738988444209" lon="138.71003737673163">
        <ele>875.8</ele>
      </trkpt>
      <trkpt lat="35.50749583169818" lon="138.71016243472695">
        <ele>876.8</ele>
      </trkpt>
      <trkpt lat="35.507530365139246" lon="138.71018229983747">
        <ele>877.0</ele>
      </trkpt>
      <trkpt lat="35.5075743701309" lon="138.71022110804915">
        <ele>877.8</ele>
      </trkpt>
      <trkpt lat="35.507576800882816" lon="138.71021213941276">
        <ele>878.0</ele>
      </trkpt>
      <trkpt lat="35.50759457051754" lon="138.7101718224585">
        <ele>878.4</ele>
      </trkpt>
      <trkpt lat="35.50761711783707" lon="138.71013661846519">
        <ele>879.0</ele>
      </trkpt>
      <trkpt lat="35.5076431017369" lon="138.710120273754">
        <ele>879.4</ele>
      </trkpt>
      <trkpt lat="35.50769733265042" lon="138.71004383079708">
        <ele>879.8</ele>
      </trkpt>
      <trkpt lat="35.507709151133895" lon="138.71002891100943">
        <ele>880.2</ele>
      </trkpt>
      <trkpt lat="35.507741840556264" lon="138.70998213998973">
        <ele>881.4</ele>
      </trkpt>
      <trkpt lat="35.50775550305843" lon="138.70994685217738">
        <ele>881.8</ele>
      </trkpt>
      <trkpt lat="35.50775768235326" lon="138.7099196948111">
        <ele>882.2</ele>
      </trkpt>
      <trkpt lat="35.50777092576027" lon="138.709850711748">
        <ele>882.4</ele>
      </trkpt>
      <trkpt lat="35.5077710095793" lon="138.70982699096203">
        <ele>882.6</ele>
      </trkpt>
      <trkpt lat="35.50776966847479" lon="138.709715930745">
        <ele>883.8</ele>
      </trkpt>
      <trkpt lat="35.507766315713525" lon="138.70969438925385">
        <ele>884.0</ele>
      </trkpt>
      <trkpt lat="35.507717449218035" lon="138.70958751998842">
        <ele>884.8</ele>
      </trkpt>
      <trkpt lat="35.507672019302845" lon="138.7095449399203">
        <ele>885.2</ele>
      </trkpt>
      <trkpt lat="35.50763254053891" lon="138.7095031980425">
        <ele>886.0</ele>
      </trkpt>
      <trkpt lat="35.50761569291353" lon="138.70946648530662">
        <ele>886.6</ele>
      </trkpt>
      <trkpt lat="35.507561126723886" lon="138.7094140984118">
        <ele>887.2</ele>
      </trkpt>
      <trkpt lat="35.507510332390666" lon="138.7093150243163">
        <ele>888.2</ele>
      </trkpt>
      <trkpt lat="35.50749239511788" lon="138.70930328965187">
        <ele>888.4</ele>
      </trkpt>
      <trkpt lat="35.5074171256274" lon="138.70919407345355">
        <ele>889.4</ele>
      </trkpt>
      <trkpt lat="35.507390638813376" lon="138.70916054584086">
        <ele>890.6</ele>
      </trkpt>
      <trkpt lat="35.50737999379635" lon="138.7091493140906">
        <ele>891.0</ele>
      </trkpt>
      <trkpt lat="35.50731210038066" lon="138.70907153002918">
        <ele>891.6</ele>
      </trkpt>
      <trkpt lat="35.50729223527014" lon="138.70905409567058">
        <ele>891.8</ele>
      </trkpt>
      <trkpt lat="35.50719584338367" lon="138.70892417617142">
        <ele>892.8</ele>
      </trkpt>
      <trkpt lat="35.50708503462374" lon="138.7087893113494">
        <ele>893.8</ele>
      </trkpt>
      <trkpt lat="35.5069940071553" lon="138.7086294684559">
        <ele>895.0</ele>
      </trkpt>
      <trkpt lat="35.506957126781344" lon="138.7086003832519">
        <ele>895.4</ele>
      </trkpt>
      <trkpt lat="35.50694094970822" lon="138.70857942849398">
        <ele>895.8</ele>
      </trkpt>
      <trkpt lat="35.506925359368324" lon="138.70855587534606">
        <ele>896.2</ele>
      </trkpt>
      <trkpt lat="35.506851179525256" lon="138.70843911543489">
        <ele>896.8</ele>
      </trkpt>
      <trkpt lat="35.50682167522609" lon="138.70839770883322">
        <ele>897.2</ele>
      </trkpt>
      <trkpt lat="35.50671463832259" lon="138.7082721479237">
        <ele>896.8</ele>
      </trkpt>
      <trkpt lat="35.50662696361542" lon="138.70814197696745">
        <ele>897.6</ele>
      </trkpt>
      <trkpt lat="35.50654046237469" lon="138.70793628506362">
        <ele>898.0</ele>
      </trkpt>
      <trkpt lat="35.50652805715799" lon="138.7078937049955">
        <ele>898.2</ele>
      </trkpt>
      <trkpt lat="35.50646142102778" lon="138.70770796202123">
        <ele>899.2</ele>
      </trkpt>
      <trkpt lat="35.506434850394726" lon="138.70763562619686">
        <ele>899.2</ele>
      </trkpt>
      <trkpt lat="35.5063911806792" lon="138.7074993364513">
        <ele>900.4</ele>
      </trkpt>
      <trkpt lat="35.506366370245814" lon="138.70735986158252">
        <ele>901.0</ele>
      </trkpt>
      <trkpt lat="35.506356144323945" lon="138.70725668035448">
        <ele>901.6</ele>
      </trkpt>
      <trkpt lat="35.506345918402076" lon="138.70709725655615">
        <ele>901.6</ele>
      </trkpt>
      <trkpt lat="35.50629772245884" lon="138.7068753875792">
        <ele>902.2</ele>
      </trkpt>
      <trkpt lat="35.5062738340348" lon="138.70681252330542">
        <ele>902.4</ele>
      </trkpt>
      <trkpt lat="35.50624642521143" lon="138.70676583610475">
        <ele>902.6</ele>
      </trkpt>
      <trkpt lat="35.50619361922145" lon="138.706681933254">
        <ele>903.2</ele>
      </trkpt>
      <trkpt lat="35.50616302527487" lon="138.7066443823278">
        <ele>903.6</ele>
      </trkpt>
      <trkpt lat="35.506148021668196" lon="138.70663055218756">
        <ele>903.6</ele>
      </trkpt>
      <trkpt lat="35.50606923177838" lon="138.70649551972747">
        <ele>904.4</ele>
      </trkpt>
      <trkpt lat="35.50600703805685" lon="138.7064374331385">
        <ele>904.8</ele>
      </trkpt>
      <trkpt lat="35.505926152691245" lon="138.70634933933616">
        <ele>906.0</ele>
      </trkpt>
      <trkpt lat="35.50576698035002" lon="138.7062205094844">
        <ele>907.2</ele>
      </trkpt>
      <trkpt lat="35.50575281493366" lon="138.7062070146203">
        <ele>907.4</ele>
      </trkpt>
      <trkpt lat="35.50568634644151" lon="138.70617549866438">
        <ele>908.2</ele>
      </trkpt>
      <trkpt lat="35.50565818324685" lon="138.70617357082665">
        <ele>908.2</ele>
      </trkpt>
      <trkpt lat="35.5056247394532" lon="138.70614113286138">
        <ele>908.4</ele>
      </trkpt>
      <trkpt lat="35.50560487434268" lon="138.70609528385103">
        <ele>908.6</ele>
      </trkpt>
      <trkpt lat="35.505543099716306" lon="138.7059744168073">
        <ele>909.2</ele>
      </trkpt>
      <trkpt lat="35.50550504587591" lon="138.70590426027775">
        <ele>910.0</ele>
      </trkpt>
      <trkpt lat="35.505480570718646" lon="138.7058769352734">
        <ele>910.2</ele>
      </trkpt>
      <trkpt lat="35.50539574585855" lon="138.70571005158126">
        <ele>910.8</ele>
      </trkpt>
      <trkpt lat="35.505307065322995" lon="138.7055568303913">
        <ele>911.4</ele>
      </trkpt>
      <trkpt lat="35.50525367259979" lon="138.70544526726007">
        <ele>911.4</ele>
      </trkpt>
      <trkpt lat="35.505168261006474" lon="138.7032174412161">
        <ele>911.8</ele>
      </trkpt>
      <trkpt lat="35.50507505424321" lon="138.7031241506338">
        <ele>911.4</ele>
      </trkpt>
      <trkpt lat="35.50506348721683" lon="138.7030802294612">
        <ele>911.2</ele>
      </trkpt>
      <trkpt lat="35.50505267456174" lon="138.70289951562881">
        <ele>911.0</ele>
      </trkpt>
      <trkpt lat="35.5050235055387" lon="138.70271058753133">
        <ele>910.4</ele>
      </trkpt>
      <trkpt lat="35.50498620606959" lon="138.70254940353334">
        <ele>910.4</ele>
      </trkpt>
      <trkpt lat="35.504940105602145" lon="138.70232367888093">
        <ele>910.0</ele>
      </trkpt>
      <trkpt lat="35.50491236150265" lon="138.7022112775594">
        <ele>910.0</ele>
      </trkpt>
      <trkpt lat="35.50486986525357" lon="138.70195504277945">
        <ele>909.4</ele>
      </trkpt>
      <trkpt lat="35.50486508756876" lon="138.70191413909197">
        <ele>909.4</ele>
      </trkpt>
      <trkpt lat="35.50485402345657" lon="138.701837612316">
        <ele>909.4</ele>
      </trkpt>
      <trkpt lat="35.504833571612835" lon="138.7016013264656">
        <ele>909.2</ele>
      </trkpt>
      <trkpt lat="35.50483424216509" lon="138.7014945410192">
        <ele>908.8</ele>
      </trkpt>
      <trkpt lat="35.50486592575908" lon="138.70125012472272">
        <ele>908.8</ele>
      </trkpt>
      <trkpt lat="35.50487715750933" lon="138.70117192156613">
        <ele>909.2</ele>
      </trkpt>
      <trkpt lat="35.504911271855235" lon="138.70095508173108">
        <ele>909.4</ele>
      </trkpt>
      <trkpt lat="35.50493926741183" lon="138.70075123384595">
        <ele>909.4</ele>
      </trkpt>
      <trkpt lat="35.50501361489296" lon="138.70052450336516">
        <ele>910.0</ele>
      </trkpt>
      <trkpt lat="35.50502233207226" lon="138.70049349032342">
        <ele>910.0</ele>
      </trkpt>
      <trkpt lat="35.50505116581917" lon="138.7003457173705">
        <ele>910.4</ele>
      </trkpt>
      <trkpt lat="35.5051012057811" lon="138.70011932216585">
        <ele>910.8</ele>
      </trkpt>
      <trkpt lat="35.505138002336025" lon="138.699879264459">
        <ele>911.2</ele>
      </trkpt>
      <trkpt lat="35.5051548499614" lon="138.6997827887535">
        <ele>911.4</ele>
      </trkpt>
      <trkpt lat="35.50519986078143" lon="138.69954373687506">
        <ele>911.0</ele>
      </trkpt>
      <trkpt lat="35.5052256770432" lon="138.69942907243967">
        <ele>911.2</ele>
      </trkpt>
      <trkpt lat="35.50527689047158" lon="138.6992192734033">
        <ele>910.6</ele>
      </trkpt>
      <trkpt lat="35.50528284162283" lon="138.69918197393417">
        <ele>910.6</ele>
      </trkpt>
      <trkpt lat="35.50530974753201" lon="138.69898030534387">
        <ele>910.8</ele>
      </trkpt>
      <trkpt lat="35.5053343065083" lon="138.698851140216">
        <ele>910.6</ele>
      </trkpt>
      <trkpt lat="35.50537378527224" lon="138.69867654517293">
        <ele>910.4</ele>
      </trkpt>
      <trkpt lat="35.50540563650429" lon="138.69855215772986">
        <ele>909.4</ele>
      </trkpt>
      <trkpt lat="35.50545291043818" lon="138.69832928292453">
        <ele>909.6</ele>
      </trkpt>
      <trkpt lat="35.505459448322654" lon="138.69830396957695">
        <ele>909.4</ele>
      </trkpt>
      <trkpt lat="35.505468836054206" lon="138.69826465845108">
        <ele>909.4</ele>
      </trkpt>
      <trkpt lat="35.505512254312634" lon="138.69805293157697">
        <ele>909.2</ele>
      </trkpt>
      <trkpt lat="35.50556036643684" lon="138.6978278774768">
        <ele>908.4</ele>
      </trkpt>
      <trkpt lat="35.5055658146739" lon="138.69779409840703">
        <ele>908.4</ele>
      </trkpt>
      <trkpt lat="35.50558090209961" lon="138.69772989302874">
        <ele>908.4</ele>
      </trkpt>
      <trkpt lat="35.50561107695103" lon="138.69755948893726">
        <ele>907.2</ele>
      </trkpt>
      <trkpt lat="35.5056487955153" lon="138.69740534573793">
        <ele>906.6</ele>
      </trkpt>
      <trkpt lat="35.5057021882385" lon="138.69719261303544">
        <ele>907.8</ele>
      </trkpt>
      <trkpt lat="35.50570646300912" lon="138.697167634964">
        <ele>907.8</ele>
      </trkpt>
      <trkpt lat="35.505760442465544" lon="138.69694308377802">
        <ele>907.4</ele>
      </trkpt>
      <trkpt lat="35.50578567199409" lon="138.6968148406595">
        <ele>908.4</ele>
      </trkpt>
      <trkpt lat="35.50581383518875" lon="138.69669891893864">
        <ele>909.0</ele>
      </trkpt>
      <trkpt lat="35.50586278550327" lon="138.69647637940943">
        <ele>909.2</ele>
      </trkpt>
      <trkpt lat="35.50587125122547" lon="138.69644595310092">
        <ele>909.4</ele>
      </trkpt>
      <trkpt lat="35.5058803036809" lon="138.69641401804984">
        <ele>909.6</ele>
      </trkpt>
      <trkpt lat="35.50589891150594" lon="138.69621234945953">
        <ele>909.8</ele>
      </trkpt>
      <trkpt lat="35.50589790567756" lon="138.6961826775223">
        <ele>909.8</ele>
      </trkpt>
      <trkpt lat="35.505878711119294" lon="138.6960114352405">
        <ele>910.2</ele>
      </trkpt>
      <trkpt lat="35.50586094148457" lon="138.69592585600913">
        <ele>910.4</ele>
      </trkpt>
      <trkpt lat="35.50583797506988" lon="138.6957928352058">
        <ele>910.8</ele>
      </trkpt>
      <trkpt lat="35.50582473166287" lon="138.69557683356106">
        <ele>910.8</ele>
      </trkpt>
      <trkpt lat="35.50578600727022" lon="138.69536510668695">
        <ele>910.4</ele>
      </trkpt>
      <trkpt lat="35.50575968809426" lon="138.69516553357244">
        <ele>911.2</ele>
      </trkpt>
      <trkpt lat="35.50573009997606" lon="138.69494014419615">
        <ele>910.6</ele>
      </trkpt>
      <trkpt lat="35.50568584352732" lon="138.69471358135343">
        <ele>910.8</ele>
      </trkpt>
      <trkpt lat="35.50565675832331" lon="138.69461450725794">
        <ele>910.6</ele>
      </trkpt>
      <trkpt lat="35.50562239252031" lon="138.694458771497">
        <ele>911.6</ele>
      </trkpt>
      <trkpt lat="35.50561317242682" lon="138.69442876428366">
        <ele>911.8</ele>
      </trkpt>
      <trkpt lat="35.505532370880246" lon="138.6942213959992">
        <ele>911.2</ele>
      </trkpt>
      <trkpt lat="35.5054881144315" lon="138.69398661889136">
        <ele>910.6</ele>
      </trkpt>
      <trkpt lat="35.50545819103718" lon="138.69385678321123">
        <ele>911.2</ele>
      </trkpt>
      <trkpt lat="35.50537361763418" lon="138.69363348931074">
        <ele>911.2</ele>
      </trkpt>
      <trkpt lat="35.50536054186523" lon="138.69360180571675">
        <ele>911.4</ele>
      </trkpt>
      <trkpt lat="35.50527538172901" lon="138.69339066557586">
        <ele>912.4</ele>
      </trkpt>
      <trkpt lat="35.505222491919994" lon="138.69326963089406">
        <ele>912.0</ele>
      </trkpt>
      <trkpt lat="35.505177145823836" lon="138.69305287487805">
        <ele>912.2</ele>
      </trkpt>
      <trkpt lat="35.50517337396741" lon="138.69301741942763">
        <ele>912.2</ele>
      </trkpt>
      <trkpt lat="35.50513867288828" lon="138.69279018603265">
        <ele>912.0</ele>
      </trkpt>
      <trkpt lat="35.50508854910731" lon="138.69259488768876">
        <ele>911.4</ele>
      </trkpt>
      <trkpt lat="35.50500640645623" lon="138.69243261404335">
        <ele>911.2</ele>
      </trkpt>
      <trkpt lat="35.50490071065724" lon="138.6923042871058">
        <ele>911.8</ele>
      </trkpt>
      <trkpt lat="35.50474992021918" lon="138.6921729426831">
        <ele>911.0</ele>
      </trkpt>
      <trkpt lat="35.50469812005758" lon="138.6921337991953">
        <ele>911.0</ele>
      </trkpt>
      <trkpt lat="35.50454976037145" lon="138.69201142340899">
        <ele>911.4</ele>
      </trkpt>
      <trkpt lat="35.50443006679416" lon="138.69190245866776">
        <ele>910.8</ele>
      </trkpt>
      <trkpt lat="35.50429084338248" lon="138.6917424481362">
        <ele>911.2</ele>
      </trkpt>
      <trkpt lat="35.5041791126132" lon="138.69154220446944">
        <ele>911.4</ele>
      </trkpt>
      <trkpt lat="35.504168048501015" lon="138.69151085615158">
        <ele>911.4</ele>
      </trkpt>
      <trkpt lat="35.504112811759114" lon="138.69136040098965">
        <ele>910.4</ele>
      </trkpt>
      <trkpt lat="35.50408028997481" lon="138.6912526935339">
        <ele>909.8</ele>
      </trkpt>
      <trkpt lat="35.50404709763825" lon="138.69101447984576">
        <ele>910.4</ele>
      </trkpt>
      <trkpt lat="35.50399923697114" lon="138.69082521647215">
        <ele>910.6</ele>
      </trkpt>
      <trkpt lat="35.50395280122757" lon="138.69062472134829">
        <ele>909.8</ele>
      </trkpt>
      <trkpt lat="35.50394358113408" lon="138.6905542295426">
        <ele>909.4</ele>
      </trkpt>
      <trkpt lat="35.503919860348105" lon="138.6903816461563">
        <ele>909.6</ele>
      </trkpt>
      <trkpt lat="35.503957998007536" lon="138.69017033837736">
        <ele>909.8</ele>
      </trkpt>
      <trkpt lat="35.50396646372974" lon="138.6900787241757">
        <ele>910.0</ele>
      </trkpt>
      <trkpt lat="35.50398951396346" lon="138.69001384824514">
        <ele>910.0</ele>
      </trkpt>
      <trkpt lat="35.50408867187798" lon="138.6898664943874">
        <ele>910.0</ele>
      </trkpt>
      <trkpt lat="35.504170646891" lon="138.68967220187187">
        <ele>910.0</ele>
      </trkpt>
      <trkpt lat="35.50425346009433" lon="138.68945058435202">
        <ele>910.0</ele>
      </trkpt>
      <trkpt lat="35.504320515319705" lon="138.68924899958074">
        <ele>910.0</ele>
      </trkpt>
      <trkpt lat="35.50431523472071" lon="138.6891091056168">
        <ele>909.6</ele>
      </trkpt>
      <trkpt lat="35.504309702664614" lon="138.68905026465654">
        <ele>909.6</ele>
      </trkpt>
      <trkpt lat="35.50431087613106" lon="138.68891833350062">
        <ele>909.8</ele>
      </trkpt>
      <trkpt lat="35.50429444760084" lon="138.68881674483418">
        <ele>910.4</ele>
      </trkpt>
      <trkpt lat="35.504267709329724" lon="138.68869185447693">
        <ele>911.2</ele>
      </trkpt>
      <trkpt lat="35.504200737923384" lon="138.68846721947193">
        <ele>911.2</ele>
      </trkpt>
      <trkpt lat="35.50417819060385" lon="138.68830402381718">
        <ele>911.0</ele>
      </trkpt>
      <trkpt lat="35.504134856164455" lon="138.6880791373551">
        <ele>910.8</ele>
      </trkpt>
      <trkpt lat="35.504095796495676" lon="138.68792868219316">
        <ele>911.2</ele>
      </trkpt>
      <trkpt lat="35.50404869019985" lon="138.68780965916812">
        <ele>911.2</ele>
      </trkpt>
      <trkpt lat="35.50404500216246" lon="138.68776976130903">
        <ele>911.2</ele>
      </trkpt>
      <trkpt lat="35.504026310518384" lon="138.6876724474132">
        <ele>910.2</ele>
      </trkpt>
      <trkpt lat="35.50399973988533" lon="138.68758385069668">
        <ele>910.0</ele>
      </trkpt>
      <trkpt lat="35.50395414233208" lon="138.68739567697048">
        <ele>910.6</ele>
      </trkpt>
      <trkpt lat="35.50389119423926" lon="138.68721211329103">
        <ele>911.0</ele>
      </trkpt>
      <trkpt lat="35.5038717482239" lon="138.68705042637885">
        <ele>909.8</ele>
      </trkpt>
      <trkpt lat="35.503848949447274" lon="138.68699175305665">
        <ele>909.4</ele>
      </trkpt>
      <trkpt lat="35.50384727306664" lon="138.68696048855782">
        <ele>909.4</ele>
      </trkpt>
      <trkpt lat="35.50382816232741" lon="138.68683744221926">
        <ele>909.8</ele>
      </trkpt>
      <trkpt lat="35.50377435050905" lon="138.6866554711014">
        <ele>909.8</ele>
      </trkpt>
      <trkpt lat="35.50375389866531" lon="138.6864356137812">
        <ele>908.6</ele>
      </trkpt>
      <trkpt lat="35.50375490449369" lon="138.68628138676286">
        <ele>908.6</ele>
      </trkpt>
      <trkpt lat="35.503764962777495" lon="138.68605935014784">
        <ele>909.2</ele>
      </trkpt>
      <trkpt lat="35.503782564774156" lon="138.68588726967573">
        <ele>909.4</ele>
      </trkpt>
      <trkpt lat="35.503825480118394" lon="138.68566716089845">
        <ele>909.6</ele>
      </trkpt>
      <trkpt lat="35.503826569765806" lon="138.68563287891448">
        <ele>909.6</ele>
      </trkpt>
      <trkpt lat="35.503826066851616" lon="138.68543246760964">
        <ele>910.0</ele>
      </trkpt>
      <trkpt lat="35.50382732413709" lon="138.68527522310615">
        <ele>910.4</ele>
      </trkpt>
      <trkpt lat="35.50382480956614" lon="138.68516558781266">
        <ele>910.2</ele>
      </trkpt>
      <trkpt lat="35.50382380373776" lon="138.6849325709045">
        <ele>909.8</ele>
      </trkpt>
      <trkpt lat="35.50382715649903" lon="138.68489870801568">
        <ele>910.0</ele>
      </trkpt>
      <trkpt lat="35.50380318425596" lon="138.6846521962434">
        <ele>910.2</ele>
      </trkpt>
      <trkpt lat="35.503796646371484" lon="138.68459603749216">
        <ele>910.2</ele>
      </trkpt>
      <trkpt lat="35.50373445264995" lon="138.68437014520168">
        <ele>910.0</ele>
      </trkpt>
      <trkpt lat="35.5037007573992" lon="138.68414442054927">
        <ele>910.8</ele>
      </trkpt>
      <trkpt lat="35.503679970279336" lon="138.68402648717165">
        <ele>910.8</ele>
      </trkpt>
      <trkpt lat="35.503643760457635" lon="138.6838756967336">
        <ele>909.4</ele>
      </trkpt>
      <trkpt lat="35.503614507615566" lon="138.68379967287183">
        <ele>908.8</ele>
      </trkpt>
      <trkpt lat="35.503569999709725" lon="138.6836357228458">
        <ele>909.6</ele>
      </trkpt>
      <trkpt lat="35.50355943851173" lon="138.68357872590423">
        <ele>910.8</ele>
      </trkpt>
      <trkpt lat="35.50352339632809" lon="138.6834493931383">
        <ele>911.4</ele>
      </trkpt>
      <trkpt lat="35.503482576459646" lon="138.6832247581333">
        <ele>911.2</ele>
      </trkpt>
      <trkpt lat="35.50345701165497" lon="138.68311688303947">
        <ele>911.8</ele>
      </trkpt>
      <trkpt lat="35.503441505134106" lon="138.68302878923714">
        <ele>911.2</ele>
      </trkpt>
      <trkpt lat="35.5034005176276" lon="138.68285947479308">
        <ele>911.0</ele>
      </trkpt>
      <trkpt lat="35.50338710658252" lon="138.68276660330594">
        <ele>910.8</ele>
      </trkpt>
      <trkpt lat="35.50336145795882" lon="138.68254515342414">
        <ele>909.8</ele>
      </trkpt>
      <trkpt lat="35.50329708494246" lon="138.68230023421347">
        <ele>909.8</ele>
      </trkpt>
      <trkpt lat="35.50327571108937" lon="138.6821993160993">
        <ele>909.8</ele>
      </trkpt>
      <trkpt lat="35.503233298659325" lon="138.6819916125387">
        <ele>909.6</ele>
      </trkpt>
      <trkpt lat="35.503225503489375" lon="138.68196277879179">
        <ele>909.4</ele>
      </trkpt>
      <trkpt lat="35.50311930477619" lon="138.6817807238549">
        <ele>909.0</ele>
      </trkpt>
      <trkpt lat="35.5030775628984" lon="138.6817352939397">
        <ele>908.6</ele>
      </trkpt>
      <trkpt lat="35.50305568613112" lon="138.6817181110382">
        <ele>908.4</ele>
      </trkpt>
      <trkpt lat="35.50289358012378" lon="138.68164133280516">
        <ele>908.0</ele>
      </trkpt>
      <trkpt lat="35.50272451713681" lon="138.6816179472953">
        <ele>908.4</ele>
      </trkpt>
      <trkpt lat="35.50252360291779" lon="138.6815912090242">
        <ele>908.0</ele>
      </trkpt>
      <trkpt lat="35.50234783440828" lon="138.68154133670032">
        <ele>908.6</ele>
      </trkpt>
      <trkpt lat="35.5021589063108" lon="138.6815079767257">
        <ele>908.2</ele>
      </trkpt>
      <trkpt lat="35.50198808312416" lon="138.68143999949098">
        <ele>908.6</ele>
      </trkpt>
      <trkpt lat="35.50193913280964" lon="138.6813983414322">
        <ele>908.0</ele>
      </trkpt>
      <trkpt lat="35.50190459936857" lon="138.6813018657267">
        <ele>907.4</ele>
      </trkpt>
      <trkpt lat="35.501888087019324" lon="138.68124336004257">
        <ele>907.0</ele>
      </trkpt>
      <trkpt lat="35.50188892520964" lon="138.68108469061553">
        <ele>906.2</ele>
      </trkpt>
      <trkpt lat="35.501889092847705" lon="138.68101310916245">
        <ele>905.6</ele>
      </trkpt>
      <trkpt lat="35.50188540481031" lon="138.68094328790903">
        <ele>905.0</ele>
      </trkpt>
      <trkpt lat="35.50189177505672" lon="138.680723849684">
        <ele>905.4</ele>
      </trkpt>
      <trkpt lat="35.50193318165839" lon="138.68048488162458">
        <ele>904.0</ele>
      </trkpt>
      <trkpt lat="35.50193804316223" lon="138.68044909089804">
        <ele>903.8</ele>
      </trkpt>
      <trkpt lat="35.501968218013644" lon="138.6802599951625">
        <ele>903.0</ele>
      </trkpt>
      <trkpt lat="35.502033261582255" lon="138.68010828271508">
        <ele>903.8</ele>
      </trkpt>
      <trkpt lat="35.502106519415975" lon="138.67991876788437">
        <ele>903.8</ele>
      </trkpt>
      <trkpt lat="35.50222110003233" lon="138.67972305044532">
        <ele>904.4</ele>
      </trkpt>
      <trkpt lat="35.50227885134518" lon="138.67952615953982">
        <ele>904.4</ele>
      </trkpt>
      <trkpt lat="35.50233609974384" lon="138.6793135944754">
        <ele>904.8</ele>
      </trkpt>
      <trkpt lat="35.50234624184668" lon="138.67927922867239">
        <ele>904.8</ele>
      </trkpt>
      <trkpt lat="35.502407094463706" lon="138.67907823063433">
        <ele>905.0</ele>
      </trkpt>
      <trkpt lat="35.502370465546846" lon="138.67887337692082">
        <ele>905.4</ele>
      </trkpt>
      <trkpt lat="35.50233953632414" lon="138.67878360673785">
        <ele>905.8</ele>
      </trkpt>
      <trkpt lat="35.502292681485415" lon="138.67863139137626">
        <ele>906.2</ele>
      </trkpt>
      <trkpt lat="35.502213556319475" lon="138.67845721542835">
        <ele>905.8</ele>
      </trkpt>
      <trkpt lat="35.50216284580529" lon="138.67827541194856">
        <ele>906.4</ele>
      </trkpt>
      <trkpt lat="35.50207173451781" lon="138.67807709611952">
        <ele>906.6</ele>
      </trkpt>
      <trkpt lat="35.50198959186673" lon="138.677983218804">
        <ele>906.6</ele>
      </trkpt>
      <trkpt lat="35.5018774420023" lon="138.67788246832788">
        <ele>906.8</ele>
      </trkpt>
      <trkpt lat="35.5018203612417" lon="138.67782312445343">
        <ele>907.0</ele>
      </trkpt>
      <trkpt lat="35.501672085374594" lon="138.67768390104175">
        <ele>906.6</ele>
      </trkpt>
      <trkpt lat="35.50164710730314" lon="138.67766512557864">
        <ele>906.8</ele>
      </trkpt>
      <trkpt lat="35.5014955624938" lon="138.67756454274058">
        <ele>906.4</ele>
      </trkpt>
      <trkpt lat="35.50134854391217" lon="138.67741744033992">
        <ele>906.2</ele>
      </trkpt>
      <trkpt lat="35.501186018809676" lon="138.67728777229786">
        <ele>906.8</ele>
      </trkpt>
      <trkpt lat="35.501073114573956" lon="138.6771787237376">
        <ele>906.4</ele>
      </trkpt>
      <trkpt lat="35.501032546162605" lon="138.67713656276464">
        <ele>906.4</ele>
      </trkpt>
      <trkpt lat="35.50102257169783" lon="138.67711644619703">
        <ele>906.4</ele>
      </trkpt>
      <trkpt lat="35.500979740172625" lon="138.67703036405146">
        <ele>906.6</ele>
      </trkpt>
      <trkpt lat="35.500959204509854" lon="138.67693782784045">
        <ele>905.8</ele>
      </trkpt>
      <trkpt lat="35.50095752812922" lon="138.67687538266182">
        <ele>905.4</ele>
      </trkpt>
      <trkpt lat="35.50097378902137" lon="138.67676842957735">
        <ele>904.6</ele>
      </trkpt>
      <trkpt lat="35.50098233856261" lon="138.6767315492034">
        <ele>904.6</ele>
      </trkpt>
      <trkpt lat="35.50107671879232" lon="138.6765029747039">
        <ele>905.2</ele>
      </trkpt>
      <trkpt lat="35.50108979456127" lon="138.6764656752348">
        <ele>905.4</ele>
      </trkpt>
      <trkpt lat="35.501126339659095" lon="138.67641295306385">
        <ele>905.8</ele>
      </trkpt>
      <trkpt lat="35.501214768737555" lon="138.67628747597337">
        <ele>906.4</ele>
      </trkpt>
      <trkpt lat="35.50131040625274" lon="138.67611271329224">
        <ele>906.8</ele>
      </trkpt>
      <trkpt lat="35.50135038793087" lon="138.67608346045017">
        <ele>906.8</ele>
      </trkpt>
      <trkpt lat="35.50139715895057" lon="138.67605194449425">
        <ele>907.0</ele>
      </trkpt>
      <trkpt lat="35.5014989990741" lon="138.67590869776905">
        <ele>906.8</ele>
      </trkpt>
      <trkpt lat="35.50158935599029" lon="138.67579763755202">
        <ele>906.6</ele>
      </trkpt>
      <trkpt lat="35.501659009605646" lon="138.6757056042552">
        <ele>906.6</ele>
      </trkpt>
      <trkpt lat="35.50176135264337" lon="138.67554953321815">
        <ele>906.8</ele>
      </trkpt>
      <trkpt lat="35.50187710672617" lon="138.67540100589395">
        <ele>907.2</ele>
      </trkpt>
      <trkpt lat="35.50195774063468" lon="138.67522791959345">
        <ele>906.8</ele>
      </trkpt>
      <trkpt lat="35.50201146863401" lon="138.67503823712468">
        <ele>907.0</ele>
      </trkpt>
      <trkpt lat="35.5020550545305" lon="138.67482332512736">
        <ele>906.8</ele>
      </trkpt>
      <trkpt lat="35.50207709893584" lon="138.67458410561085">
        <ele>907.4</ele>
      </trkpt>
      <trkpt lat="35.50208271481097" lon="138.67455099709332">
        <ele>907.4</ele>
      </trkpt>
      <trkpt lat="35.5020846426487" lon="138.67439216002822">
        <ele>907.8</ele>
      </trkpt>
      <trkpt lat="35.50209905952215" lon="138.67434513755143">
        <ele>908.0</ele>
      </trkpt>
      <trkpt lat="35.502105010673404" lon="138.67411421611905">
        <ele>907.2</ele>
      </trkpt>
      <trkpt lat="35.50209637731314" lon="138.67404229938984">
        <ele>907.4</ele>
      </trkpt>
      <trkpt lat="35.50204365514219" lon="138.67380106821656">
        <ele>906.8</ele>
      </trkpt>
      <trkpt lat="35.50196603871882" lon="138.6736267246306">
        <ele>907.0</ele>
      </trkpt>
      <trkpt lat="35.50185212865472" lon="138.67341826669872">
        <ele>907.0</ele>
      </trkpt>
      <trkpt lat="35.50182002596557" lon="138.673379374668">
        <ele>907.0</ele>
      </trkpt>
      <trkpt lat="35.501696141436696" lon="138.6732279136777">
        <ele>907.0</ele>
      </trkpt>
      <trkpt lat="35.50154526717961" lon="138.67306639440358">
        <ele>907.0</ele>
      </trkpt>
      <trkpt lat="35.50149061717093" lon="138.6730302684009">
        <ele>906.8</ele>
      </trkpt>
      <trkpt lat="35.50134007818997" lon="138.67296597920358">
        <ele>907.4</ele>
      </trkpt>
      <trkpt lat="35.5011588614434" lon="138.6728994268924">
        <ele>907.2</ele>
      </trkpt>
      <trkpt lat="35.50094780512154" lon="138.67286925204098">
        <ele>907.0</ele>
      </trkpt>
      <trkpt lat="35.50079433247447" lon="138.67282105609775">
        <ele>907.6</ele>
      </trkpt>
      <trkpt lat="35.500675896182656" lon="138.67278065532446">
        <ele>906.8</ele>
      </trkpt>
      <trkpt lat="35.50055729225278" lon="138.67267747409642">
        <ele>907.0</ele>
      </trkpt>
      <trkpt lat="35.50045947544277" lon="138.6724953353405">
        <ele>907.0</ele>
      </trkpt>
      <trkpt lat="35.500447154045105" lon="138.6724717821926">
        <ele>907.0</ele>
      </trkpt>
      <trkpt lat="35.50033450126648" lon="138.67228344082832">
        <ele>907.0</ele>
      </trkpt>
      <trkpt lat="35.50031782127917" lon="138.67226139642298">
        <ele>907.0</ele>
      </trkpt>
      <trkpt lat="35.500186728313565" lon="138.67207498289645">
        <ele>907.0</ele>
      </trkpt>
      <trkpt lat="35.50008891150355" lon="138.67192670702934">
        <ele>907.2</ele>
      </trkpt>
      <trkpt lat="35.50002294592559" lon="138.67181740701199">
        <ele>907.8</ele>
      </trkpt>
      <trkpt lat="35.49994206055999" lon="138.6717194225639">
        <ele>907.6</ele>
      </trkpt>
      <trkpt lat="35.49984156154096" lon="138.67155295796692">
        <ele>907.0</ele>
      </trkpt>
      <trkpt lat="35.49978691153228" lon="138.6714776046574">
        <ele>907.0</ele>
      </trkpt>
      <trkpt lat="35.499761598184705" lon="138.67141323164105">
        <ele>906.8</ele>
      </trkpt>
      <trkpt lat="35.49976956099272" lon="138.67132471874356">
        <ele>906.4</ele>
      </trkpt>
      <trkpt lat="35.49984508194029" lon="138.6712003313005">
        <ele>905.4</ele>
      </trkpt>
      <trkpt lat="35.49999109469354" lon="138.6710557434708">
        <ele>905.2</ele>
      </trkpt>
      <trkpt lat="35.50002294592559" lon="138.67105993442237">
        <ele>905.2</ele>
      </trkpt>
      <trkpt lat="35.500147165730596" lon="138.67105876095593">
        <ele>905.0</ele>
      </trkpt>
      <trkpt lat="35.50017432309687" lon="138.67104585282505">
        <ele>905.0</ele>
      </trkpt>
      <trkpt lat="35.500317653641105" lon="138.6710388958454">
        <ele>905.0</ele>
      </trkpt>
      <trkpt lat="35.50049300305545" lon="138.67103680036962">
        <ele>905.0</ele>
      </trkpt>
      <trkpt lat="35.500605488196015" lon="138.6710071284324">
        <ele>904.4</ele>
      </trkpt>
      <trkpt lat="35.500680170953274" lon="138.6709667276591">
        <ele>904.4</ele>
      </trkpt>
      <trkpt lat="35.50069643184543" lon="138.670945269987">
        <ele>904.2</ele>
      </trkpt>
      <trkpt lat="35.500800451263785" lon="138.67082465440035">
        <ele>904.0</ele>
      </trkpt>
      <trkpt lat="35.50086113624275" lon="138.67064712569118">
        <ele>904.4</ele>
      </trkpt>
      <trkpt lat="35.50090539269149" lon="138.67047211155295">
        <ele>904.0</ele>
      </trkpt>
      <trkpt lat="35.500972867012024" lon="138.67025518789887">
        <ele>904.6</ele>
      </trkpt>
      <trkpt lat="35.5010571051389" lon="138.67009626701474">
        <ele>904.0</ele>
      </trkpt>
      <trkpt lat="35.501131284981966" lon="138.66985956206918">
        <ele>904.4</ele>
      </trkpt>
      <trkpt lat="35.50115643069148" lon="138.66972260177135">
        <ele>904.2</ele>
      </trkpt>
      <trkpt lat="35.50114955753088" lon="138.669602740556">
        <ele>904.8</ele>
      </trkpt>
      <trkpt lat="35.50112717784941" lon="138.66950039751828">
        <ele>905.2</ele>
      </trkpt>
      <trkpt lat="35.50111133605242" lon="138.6694383714348">
        <ele>905.4</ele>
      </trkpt>
      <trkpt lat="35.501023745164275" lon="138.6692417319864">
        <ele>904.8</ele>
      </trkpt>
      <trkpt lat="35.50097353756428" lon="138.66916805505753">
        <ele>905.2</ele>
      </trkpt>
      <trkpt lat="35.50092249177396" lon="138.66908675059676">
        <ele>905.8</ele>
      </trkpt>
      <trkpt lat="35.50078544765711" lon="138.66894057020545">
        <ele>906.2</ele>
      </trkpt>
      <trkpt lat="35.500740353018045" lon="138.66889773868024">
        <ele>906.4</ele>
      </trkpt>
      <trkpt lat="35.500661646947265" lon="138.6688278336078">
        <ele>907.4</ele>
      </trkpt>
      <trkpt lat="35.500609930604696" lon="138.66877980530262">
        <ele>907.8</ele>
      </trkpt>
      <trkpt lat="35.500460816547275" lon="138.66863857023418">
        <ele>907.2</ele>
      </trkpt>
      <trkpt lat="35.50036878325045" lon="138.66845224052668">
        <ele>907.6</ele>
      </trkpt>
      <trkpt lat="35.50028278492391" lon="138.66830103099346">
        <ele>908.4</ele>
      </trkpt>
      <trkpt lat="35.500233583152294" lon="138.66818175651133">
        <ele>908.4</ele>
      </trkpt>
      <trkpt lat="35.50012352876365" lon="138.6680122744292">
        <ele>908.2</ele>
      </trkpt>
      <trkpt lat="35.49999888986349" lon="138.66782552562654">
        <ele>909.2</ele>
      </trkpt>
      <trkpt lat="35.499940384179354" lon="138.66771320812404">
        <ele>907.8</ele>
      </trkpt>
      <trkpt lat="35.499928649514914" lon="138.66768755950034">
        <ele>907.4</ele>
      </trkpt>
      <trkpt lat="35.499834856018424" lon="138.66761195473373">
        <ele>907.2</ele>
      </trkpt>
      <trkpt lat="35.49972128123045" lon="138.66745504550636">
        <ele>908.0</ele>
      </trkpt>
      <trkpt lat="35.49963176250458" lon="138.6672463361174">
        <ele>906.8</ele>
      </trkpt>
      <trkpt lat="35.499616507440805" lon="138.6672196816653">
        <ele>906.8</ele>
      </trkpt>
      <trkpt lat="35.499537885189056" lon="138.66705640219152">
        <ele>907.4</ele>
      </trkpt>
      <trkpt lat="35.499502597376704" lon="138.66688650101423">
        <ele>906.6</ele>
      </trkpt>
      <trkpt lat="35.49949404783547" lon="138.66684962064028">
        <ele>906.2</ele>
      </trkpt>
      <trkpt lat="35.49948968924582" lon="138.66676504723728">
        <ele>905.4</ele>
      </trkpt>
      <trkpt lat="35.49951056018472" lon="138.66670025512576">
        <ele>905.4</ele>
      </trkpt>
      <trkpt lat="35.499550541862845" lon="138.66658450104296">
        <ele>905.0</ele>
      </trkpt>
      <trkpt lat="35.499558337032795" lon="138.666552901268">
        <ele>905.0</ele>
      </trkpt>
      <trkpt lat="35.499602844938636" lon="138.66646497510374">
        <ele>904.0</ele>
      </trkpt>
      <trkpt lat="35.49964693374932" lon="138.66643035784364">
        <ele>903.4</ele>
      </trkpt>
      <trkpt lat="35.49966545775533" lon="138.6664059665054">
        <ele>902.8</ele>
      </trkpt>
      <trkpt lat="35.499745504930615" lon="138.666328266263">
        <ele>901.8</ele>
      </trkpt>
      <trkpt lat="35.49980987794697" lon="138.66626858711243">
        <ele>903.0</ele>
      </trkpt>
      <trkpt lat="35.499876011162996" lon="138.6662079859525">
        <ele>903.4</ele>
      </trkpt>
      <trkpt lat="35.5000190064311" lon="138.66614520549774">
        <ele>903.2</ele>
      </trkpt>
      <trkpt lat="35.5000348482281" lon="138.66612466983497">
        <ele>902.8</ele>
      </trkpt>
      <trkpt lat="35.50009150989354" lon="138.66606666706502">
        <ele>902.4</ele>
      </trkpt>
      <trkpt lat="35.50019125454128" lon="138.66593490354717">
        <ele>902.4</ele>
      </trkpt>
      <trkpt lat="35.50031782127917" lon="138.66586684249341">
        <ele>903.0</ele>
      </trkpt>
      <trkpt lat="35.50042443908751" lon="138.66577422246337">
        <ele>902.8</ele>
      </trkpt>
      <trkpt lat="35.50044103525579" lon="138.6657584644854">
        <ele>902.8</ele>
      </trkpt>
      <trkpt lat="35.50053591839969" lon="138.66561882197857">
        <ele>903.4</ele>
      </trkpt>
      <trkpt lat="35.50062443129718" lon="138.665453447029">
        <ele>903.6</ele>
      </trkpt>
      <trkpt lat="35.50066634081304" lon="138.66540885530412">
        <ele>904.2</ele>
      </trkpt>
      <trkpt lat="35.5007204040885" lon="138.66528647951782">
        <ele>904.0</ele>
      </trkpt>
      <trkpt lat="35.50082459114492" lon="138.66506771184504">
        <ele>904.4</ele>
      </trkpt>
      <trkpt lat="35.50092718563974" lon="138.66491474211216">
        <ele>903.6</ele>
      </trkpt>
      <trkpt lat="35.50097152590752" lon="138.66483494639397">
        <ele>903.0</ele>
      </trkpt>
      <trkpt lat="35.501035396009684" lon="138.66478515788913">
        <ele>903.2</ele>
      </trkpt>
      <trkpt lat="35.50113162025809" lon="138.66468298248947">
        <ele>903.2</ele>
      </trkpt>
      <trkpt lat="35.501204961910844" lon="138.66451350040734">
        <ele>902.4</ele>
      </trkpt>
      <trkpt lat="35.50125123001635" lon="138.66440260782838">
        <ele>903.0</ele>
      </trkpt>
      <trkpt lat="35.501309065148234" lon="138.66425139829516">
        <ele>903.4</ele>
      </trkpt>
      <trkpt lat="35.50139497965574" lon="138.66409507580101">
        <ele>904.4</ele>
      </trkpt>
      <trkpt lat="35.5014318600297" lon="138.66405123844743">
        <ele>905.2</ele>
      </trkpt>
      <trkpt lat="35.50145214423537" lon="138.66402885876596">
        <ele>905.4</ele>
      </trkpt>
      <trkpt lat="35.50149631686509" lon="138.66394797340035">
        <ele>906.2</ele>
      </trkpt>
      <trkpt lat="35.501512913033366" lon="138.6639227438718">
        <ele>906.4</ele>
      </trkpt>
      <trkpt lat="35.501533364877105" lon="138.6639208998531">
        <ele>906.6</ele>
      </trkpt>
      <trkpt lat="35.5016253143549" lon="138.66389583796263">
        <ele>906.8</ele>
      </trkpt>
      <trkpt lat="35.50171298906207" lon="138.66389323957264">
        <ele>907.6</ele>
      </trkpt>
      <trkpt lat="35.50180862657726" lon="138.66387404501438">
        <ele>908.0</ele>
      </trkpt>
      <trkpt lat="35.50192999653518" lon="138.66385141387582">
        <ele>908.4</ele>
      </trkpt>
      <trkpt lat="35.502013145014644" lon="138.66383599117398">
        <ele>908.6</ele>
      </trkpt>
      <trkpt lat="35.50208430737257" lon="138.66381788626313">
        <ele>909.0</ele>
      </trkpt>
      <trkpt lat="35.50222906284034" lon="138.66378100588918">
        <ele>909.8</ele>
      </trkpt>
      <trkpt lat="35.50227482803166" lon="138.6637733783573">
        <ele>910.0</ele>
      </trkpt>
      <trkpt lat="35.50243701785803" lon="138.6637570336461">
        <ele>910.2</ele>
      </trkpt>
      <trkpt lat="35.5025783367455" lon="138.66373750381172">
        <ele>910.8</ele>
      </trkpt>
      <trkpt lat="35.50259065814316" lon="138.66371353156865">
        <ele>910.8</ele>
      </trkpt>
      <trkpt lat="35.5026697833091" lon="138.6636452190578">
        <ele>910.4</ele>
      </trkpt>
      <trkpt lat="35.50271605141461" lon="138.6636206600815">
        <ele>910.4</ele>
      </trkpt>
      <trkpt lat="35.50289743579924" lon="138.66353508085012">
        <ele>911.4</ele>
      </trkpt>
      <trkpt lat="35.502923084422946" lon="138.66352250799537">
        <ele>911.4</ele>
      </trkpt>
      <trkpt lat="35.50307244993746" lon="138.66338512860239">
        <ele>911.6</ele>
      </trkpt>
      <trkpt lat="35.50309432670474" lon="138.66336367093027">
        <ele>911.8</ele>
      </trkpt>
      <trkpt lat="35.50316993147135" lon="138.66326048970222">
        <ele>911.8</ele>
      </trkpt>
      <trkpt lat="35.503266993910074" lon="138.6631428077817">
        <ele>912.2</ele>
      </trkpt>
      <trkpt lat="35.50332893617451" lon="138.6630905047059">
        <ele>912.8</ele>
      </trkpt>
      <trkpt lat="35.50340864807367" lon="138.66298179142177">
        <ele>912.6</ele>
      </trkpt>
      <trkpt lat="35.50355055369437" lon="138.66286469623446">
        <ele>913.2</ele>
      </trkpt>
      <trkpt lat="35.50370494835079" lon="138.66275950334966">
        <ele>913.4</ele>
      </trkpt>
      <trkpt lat="35.50380444154143" lon="138.6627178452909">
        <ele>914.0</ele>
      </trkpt>
      <trkpt lat="35.50385741516948" lon="138.66270267404616">
        <ele>914.2</ele>
      </trkpt>
      <trkpt lat="35.50393335521221" lon="138.66267836652696">
        <ele>914.4</ele>
      </trkpt>
      <trkpt lat="35.504020946100354" lon="138.6626356188208">
        <ele>915.2</ele>
      </trkpt>
      <trkpt lat="35.50414038822055" lon="138.66262975148857">
        <ele>915.8</ele>
      </trkpt>
      <trkpt lat="35.50427441485226" lon="138.66252372041345">
        <ele>916.0</ele>
      </trkpt>
      <trkpt lat="35.504297968000174" lon="138.66249756887555">
        <ele>916.2</ele>
      </trkpt>
      <trkpt lat="35.504366448149085" lon="138.6623917054385">
        <ele>917.0</ele>
      </trkpt>
      <trkpt lat="35.504410369321704" lon="138.6622030287981">
        <ele>917.2</ele>
      </trkpt>
      <trkpt lat="35.504422103986144" lon="138.66213915869594">
        <ele>917.2</ele>
      </trkpt>
      <trkpt lat="35.50442034378648" lon="138.6620790604502">
        <ele>917.4</ele>
      </trkpt>
      <trkpt lat="35.50441690720618" lon="138.66196028888226">
        <ele>917.8</ele>
      </trkpt>
      <trkpt lat="35.50441715866327" lon="138.66171738132834">
        <ele>917.6</ele>
      </trkpt>
      <trkpt lat="35.504426127299666" lon="138.6616506613791">
        <ele>917.6</ele>
      </trkpt>
      <trkpt lat="35.504442136734724" lon="138.66147707216442">
        <ele>917.6</ele>
      </trkpt>
      <trkpt lat="35.50446099601686" lon="138.66124162450433">
        <ele>916.8</ele>
      </trkpt>
      <trkpt lat="35.50445512868464" lon="138.6611815262586">
        <ele>916.6</ele>
      </trkpt>
      <trkpt lat="35.504470551386476" lon="138.66098790429533">
        <ele>916.2</ele>
      </trkpt>
      <trkpt lat="35.5044727306813" lon="138.66088363341987">
        <ele>915.6</ele>
      </trkpt>
      <trkpt lat="35.50446728244424" lon="138.66072823293507">
        <ele>915.2</ele>
      </trkpt>
      <trkpt lat="35.504439203068614" lon="138.6605552304536">
        <ele>915.2</ele>
      </trkpt>
      <trkpt lat="35.50444926135242" lon="138.66030972450972">
        <ele>915.4</ele>
      </trkpt>
      <trkpt lat="35.50442931242287" lon="138.6600794736296">
        <ele>915.4</ele>
      </trkpt>
      <trkpt lat="35.504423109814525" lon="138.66004846058786">
        <ele>915.4</ele>
      </trkpt>
      <trkpt lat="35.50432328134775" lon="138.65990781225264">
        <ele>915.4</ele>
      </trkpt>
      <trkpt lat="35.50413904711604" lon="138.6598342191428">
        <ele>915.6</ele>
      </trkpt>
      <trkpt lat="35.50396654754877" lon="138.65979867987335">
        <ele>915.6</ele>
      </trkpt>
      <trkpt lat="35.50377443432808" lon="138.65972869098186">
        <ele>916.8</ele>
      </trkpt>
      <trkpt lat="35.50373839214444" lon="138.65969792939723">
        <ele>917.2</ele>
      </trkpt>
      <trkpt lat="35.503716096282005" lon="138.65968368016183">
        <ele>917.2</ele>
      </trkpt>
      <trkpt lat="35.503645185381174" lon="138.65965627133846">
        <ele>917.2</ele>
      </trkpt>
      <trkpt lat="35.503529431298375" lon="138.65960648283362">
        <ele>917.4</ele>
      </trkpt>
      <trkpt lat="35.50350294448435" lon="138.65959206596017">
        <ele>917.6</ele>
      </trkpt>
      <trkpt lat="35.503501519560814" lon="138.6595804989338">
        <ele>917.6</ele>
      </trkpt>
      <trkpt lat="35.503441924229264" lon="138.65951981395483">
        <ele>917.8</ele>
      </trkpt>
      <trkpt lat="35.50336682237685" lon="138.65947631187737">
        <ele>918.0</ele>
      </trkpt>
      <trkpt lat="35.50335508771241" lon="138.65946943871677">
        <ele>918.0</ele>
      </trkpt>
      <trkpt lat="35.503291971981525" lon="138.65945091471076">
        <ele>918.4</ele>
      </trkpt>
      <trkpt lat="35.50315928645432" lon="138.65939173847437">
        <ele>919.2</ele>
      </trkpt>
      <trkpt lat="35.50314201973379" lon="138.65937958471477">
        <ele>919.4</ele>
      </trkpt>
      <trkpt lat="35.503122908994555" lon="138.65937237627804">
        <ele>919.4</ele>
      </trkpt>
      <trkpt lat="35.502969939261675" lon="138.65930188447237">
        <ele>919.8</ele>
      </trkpt>
      <trkpt lat="35.50279224291444" lon="138.65922309458256">
        <ele>919.6</ele>
      </trkpt>
      <trkpt lat="35.502767097204924" lon="138.65921546705067">
        <ele>919.4</ele>
      </trkpt>
      <trkpt lat="35.50258068367839" lon="138.65914623253047">
        <ele>919.6</ele>
      </trkpt>
      <trkpt lat="35.50250113941729" lon="138.65913156419992">
        <ele>919.8</ele>
      </trkpt>
      <trkpt lat="35.50230466760695" lon="138.65914329886436">
        <ele>919.6</ele>
      </trkpt>
      <trkpt lat="35.50228371284902" lon="138.65913164801896">
        <ele>919.6</ele>
      </trkpt>
      <trkpt lat="35.50219662487507" lon="138.65912326611578">
        <ele>920.6</ele>
      </trkpt>
      <trkpt lat="35.502175418660045" lon="138.6591222602874">
        <ele>920.6</ele>
      </trkpt>
      <trkpt lat="35.50206184387207" lon="138.65908881649375">
        <ele>921.8</ele>
      </trkpt>
      <trkpt lat="35.50191951915622" lon="138.65903274156153">
        <ele>922.8</ele>
      </trkpt>
      <trkpt lat="35.501846596598625" lon="138.65900424309075">
        <ele>923.0</ele>
      </trkpt>
      <trkpt lat="35.50167677924037" lon="138.65899426862597">
        <ele>923.4</ele>
      </trkpt>
      <trkpt lat="35.501604191958904" lon="138.6590033210814">
        <ele>923.8</ele>
      </trkpt>
      <trkpt lat="35.50153269432485" lon="138.659039279446">
        <ele>924.6</ele>
      </trkpt>
      <trkpt lat="35.501546105369925" lon="138.6591536924243">
        <ele>924.8</ele>
      </trkpt>
      <trkpt lat="35.50156814977527" lon="138.6591954343021">
        <ele>925.0</ele>
      </trkpt>
      <trkpt lat="35.501660937443376" lon="138.6593569535762">
        <ele>924.6</ele>
      </trkpt>
      <trkpt lat="35.50170125439763" lon="138.65942317061126">
        <ele>923.8</ele>
      </trkpt>
      <trkpt lat="35.50176378339529" lon="138.6595075763762">
        <ele>923.2</ele>
      </trkpt>
      <trkpt lat="35.501852463930845" lon="138.65969248116016">
        <ele>923.0</ele>
      </trkpt>
      <trkpt lat="35.50186386331916" lon="138.65975584834814">
        <ele>922.6</ele>
      </trkpt>
      <trkpt lat="35.5018909368664" lon="138.65985835902393">
        <ele>921.6</ele>
      </trkpt>
      <trkpt lat="35.501939970999956" lon="138.6600459460169">
        <ele>921.2</ele>
      </trkpt>
      <trkpt lat="35.50193376839161" lon="138.66015809588134">
        <ele>920.4</ele>
      </trkpt>
      <trkpt lat="35.50191440619528" lon="138.66030234843493">
        <ele>919.6</ele>
      </trkpt>
      <trkpt lat="35.50189948640764" lon="138.66037409752607">
        <ele>919.2</ele>
      </trkpt>
      <trkpt lat="35.50185958854854" lon="138.66062027402222">
        <ele>918.2</ele>
      </trkpt>
      <trkpt lat="35.501848608255386" lon="138.66066947579384">
        <ele>917.8</ele>
      </trkpt>
      <trkpt lat="35.50180921331048" lon="138.6608475074172">
        <ele>916.4</ele>
      </trkpt>
      <trkpt lat="35.50178029574454" lon="138.660955298692">
        <ele>916.0</ele>
      </trkpt>
      <trkpt lat="35.501748863607645" lon="138.66109334863722">
        <ele>915.4</ele>
      </trkpt>
      <trkpt lat="35.50172212533653" lon="138.66124698892236">
        <ele>914.6</ele>
      </trkpt>
      <trkpt lat="35.50170083530247" lon="138.66135612130165">
        <ele>914.4</ele>
      </trkpt>
      <trkpt lat="35.50166102126241" lon="138.66155426949263">
        <ele>914.2</ele>
      </trkpt>
      <trkpt lat="35.5016284994781" lon="138.66178988479078">
        <ele>913.6</ele>
      </trkpt>
      <trkpt lat="35.50161190330982" lon="138.66186205297709">
        <ele>913.6</ele>
      </trkpt>
      <trkpt lat="35.50159237347543" lon="138.66204109042883">
        <ele>913.4</ele>
      </trkpt>
      <trkpt lat="35.50158650614321" lon="138.66216958500445">
        <ele>912.8</ele>
      </trkpt>
      <trkpt lat="35.50158935599029" lon="138.66230218671262">
        <ele>912.2</ele>
      </trkpt>
      <trkpt lat="35.50156387500465" lon="138.6623822338879">
        <ele>911.2</ele>
      </trkpt>
      <trkpt lat="35.50153898075223" lon="138.6623946391046">
        <ele>911.2</ele>
      </trkpt>
      <trkpt lat="35.50144284032285" lon="138.66241249255836">
        <ele>911.2</ele>
      </trkpt>
      <trkpt lat="35.50134058110416" lon="138.6624049488455">
        <ele>911.2</ele>
      </trkpt>
      <trkpt lat="35.50116615369916" lon="138.66238340735435">
        <ele>912.2</ele>
      </trkpt>
      <trkpt lat="35.501099433749914" lon="138.66237678565085">
        <ele>912.0</ele>
      </trkpt>
      <trkpt lat="35.5009759683162" lon="138.66236806847155">
        <ele>912.8</ele>
      </trkpt>
      <trkpt lat="35.50095702521503" lon="138.66236655972898">
        <ele>913.4</ele>
      </trkpt>
      <trkpt lat="35.50088183954358" lon="138.66235909983516">
        <ele>914.6</ele>
      </trkpt>
      <trkpt lat="35.50078997388482" lon="138.66234459914267">
        <ele>915.4</ele>
      </trkpt>
      <trkpt lat="35.50077270716429" lon="138.66233957000077">
        <ele>915.6</ele>
      </trkpt>
      <trkpt lat="35.500578079372644" lon="138.66233110427856">
        <ele>916.6</ele>
      </trkpt>
      <trkpt lat="35.50055553205311" lon="138.6623304337263">
        <ele>916.8</ele>
      </trkpt>
      <trkpt lat="35.50042167305946" lon="138.66232138127089">
        <ele>917.8</ele>
      </trkpt>
      <trkpt lat="35.500317234545946" lon="138.6623148433864">
        <ele>918.8</ele>
      </trkpt>
      <trkpt lat="35.500293178483844" lon="138.66231417283416">
        <ele>918.8</ele>
      </trkpt>
      <trkpt lat="35.500108106061816" lon="138.66231777705252">
        <ele>917.8</ele>
      </trkpt>
      <trkpt lat="35.500075835734606" lon="138.66231459192932">
        <ele>917.8</ele>
      </trkpt>
      <trkpt lat="35.500020096078515" lon="138.6623153463006">
        <ele>917.8</ele>
      </trkpt>
      <trkpt lat="35.49982488155365" lon="138.66236697882414">
        <ele>917.8</ele>
      </trkpt>
      <trkpt lat="35.49962371587753" lon="138.6623901128769">
        <ele>917.0</ele>
      </trkpt>
      <trkpt lat="35.49958976916969" lon="138.66239245980978">
        <ele>917.0</ele>
      </trkpt>
      <trkpt lat="35.499497819691896" lon="138.66239765658975">
        <ele>916.6</ele>
      </trkpt>
      <trkpt lat="35.49931827932596" lon="138.66244576871395">
        <ele>916.4</ele>
      </trkpt>
      <trkpt lat="35.49911300651729" lon="138.6624689027667">
        <ele>915.6</ele>
      </trkpt>
      <trkpt lat="35.499041844159365" lon="138.6624900251627">
        <ele>916.2</ele>
      </trkpt>
      <trkpt lat="35.498875211924314" lon="138.6626165919006">
        <ele>915.4</ele>
      </trkpt>
      <trkpt lat="35.49874512478709" lon="138.66276151500642">
        <ele>915.0</ele>
      </trkpt>
      <trkpt lat="35.49858670681715" lon="138.66289772093296">
        <ele>914.6</ele>
      </trkpt>
      <trkpt lat="35.49851428717375" lon="138.66302160546184">
        <ele>914.8</ele>
      </trkpt>
      <trkpt lat="35.49848738126457" lon="138.66311590187252">
        <ele>914.4</ele>
      </trkpt>
      <trkpt lat="35.498393503949046" lon="138.66327993571758">
        <ele>914.4</ele>
      </trkpt>
      <trkpt lat="35.498289903625846" lon="138.6634697020054">
        <ele>914.0</ele>
      </trkpt>
      <trkpt lat="35.498202396556735" lon="138.66359945386648">
        <ele>913.6</ele>
      </trkpt>
      <trkpt lat="35.498116817325354" lon="138.66375192068517">
        <ele>914.4</ele>
      </trkpt>
      <trkpt lat="35.498098377138376" lon="138.66386859677732">
        <ele>913.8</ele>
      </trkpt>
      <trkpt lat="35.49802436493337" lon="138.66399315185845">
        <ele>914.4</ele>
      </trkpt>
      <trkpt lat="35.49800374545157" lon="138.6640162859112">
        <ele>914.6</ele>
      </trkpt>
      <trkpt lat="35.49792101606727" lon="138.66416674107313">
        <ele>914.8</ele>
      </trkpt>
      <trkpt lat="35.497810542583466" lon="138.66429942660034">
        <ele>915.2</ele>
      </trkpt>
      <trkpt lat="35.497712306678295" lon="138.66438131779432">
        <ele>915.4</ele>
      </trkpt>
      <trkpt lat="35.49760107882321" lon="138.66447335109115">
        <ele>915.4</ele>
      </trkpt>
      <trkpt lat="35.49743830226362" lon="138.66462657228112">
        <ele>916.0</ele>
      </trkpt>
      <trkpt lat="35.49740209244192" lon="138.66467074491084">
        <ele>916.2</ele>
      </trkpt>
      <trkpt lat="35.49724887125194" lon="138.66480996832252">
        <ele>915.8</ele>
      </trkpt>
      <trkpt lat="35.4971161019057" lon="138.6649574059993">
        <ele>916.2</ele>
      </trkpt>
      <trkpt lat="35.496968664228916" lon="138.6651263013482">
        <ele>916.0</ele>
      </trkpt>
      <trkpt lat="35.49695366062224" lon="138.6651632655412">
        <ele>916.0</ele>
      </trkpt>
      <trkpt lat="35.49687487073243" lon="138.66533442400396">
        <ele>916.2</ele>
      </trkpt>
      <trkpt lat="35.49678660929203" lon="138.66553357802331">
        <ele>916.4</ele>
      </trkpt>
      <trkpt lat="35.49677420407534" lon="138.66557247005403">
        <ele>916.4</ele>
      </trkpt>
      <trkpt lat="35.49671854823828" lon="138.66568713448942">
        <ele>916.4</ele>
      </trkpt>
      <trkpt lat="35.49670941196382" lon="138.6657541897148">
        <ele>916.4</ele>
      </trkpt>
      <trkpt lat="35.49668552353978" lon="138.66594110615551">
        <ele>916.4</ele>
      </trkpt>
      <trkpt lat="35.49668015912175" lon="138.66597337648273">
        <ele>916.6</ele>
      </trkpt>
      <trkpt lat="35.49666398204863" lon="138.66610245779157">
        <ele>916.6</ele>
      </trkpt>
      <trkpt lat="35.496602123603225" lon="138.6663253325969">
        <ele>916.4</ele>
      </trkpt>
      <trkpt lat="35.49660086631775" lon="138.66636003367603">
        <ele>916.2</ele>
      </trkpt>
      <trkpt lat="35.496546970680356" lon="138.66656061261892">
        <ele>916.4</ele>
      </trkpt>
      <trkpt lat="35.49647966399789" lon="138.66662984713912">
        <ele>916.0</ele>
      </trkpt>
      <trkpt lat="35.49646600149572" lon="138.66670226678252">
        <ele>916.2</ele>
      </trkpt>
      <trkpt lat="35.496427277103066" lon="138.66686521098018">
        <ele>916.6</ele>
      </trkpt>
      <trkpt lat="35.49637463875115" lon="138.6670465953648">
        <ele>916.4</ele>
      </trkpt>
      <trkpt lat="35.49638754688203" lon="138.66721741855145">
        <ele>916.4</ele>
      </trkpt>
      <trkpt lat="35.4963686875999" lon="138.66741271689534">
        <ele>917.0</ele>
      </trkpt>
      <trkpt lat="35.49636055715382" lon="138.66759502328932">
        <ele>916.8</ele>
      </trkpt>
      <trkpt lat="35.49635183997452" lon="138.66762201301754">
        <ele>916.8</ele>
      </trkpt>
      <trkpt lat="35.4963200725615" lon="138.6677244398743">
        <ele>916.8</ele>
      </trkpt>
      <trkpt lat="35.49632124602795" lon="138.6677479930222">
        <ele>916.8</ele>
      </trkpt>
      <trkpt lat="35.4963306337595" lon="138.66783667355776">
        <ele>916.6</ele>
      </trkpt>
      <trkpt lat="35.49636541865766" lon="138.6679696943611">
        <ele>917.0</ele>
      </trkpt>
      <trkpt lat="35.49633272923529" lon="138.66816935129464">
        <ele>916.8</ele>
      </trkpt>
      <trkpt lat="35.49624170176685" lon="138.6683272663504">
        <ele>916.8</ele>
      </trkpt>
      <trkpt lat="35.49618084914982" lon="138.6683907173574">
        <ele>917.6</ele>
      </trkpt>
      <trkpt lat="35.49613516777754" lon="138.6684591975063">
        <ele>918.0</ele>
      </trkpt>
      <trkpt lat="35.49605662934482" lon="138.6685688327998">
        <ele>917.6</ele>
      </trkpt>
      <trkpt lat="35.49590516835451" lon="138.66870378144085">
        <ele>918.0</ele>
      </trkpt>
      <trkpt lat="35.49578337930143" lon="138.66887083277106">
        <ele>917.0</ele>
      </trkpt>
      <trkpt lat="35.495586823672056" lon="138.66893218830228">
        <ele>917.6</ele>
      </trkpt>
      <trkpt lat="35.49539353698492" lon="138.6689401511103">
        <ele>917.4</ele>
      </trkpt>
      <trkpt lat="35.49519371241331" lon="138.66890670731664">
        <ele>917.6</ele>
      </trkpt>
      <trkpt lat="35.49500294029713" lon="138.66888566873968">
        <ele>918.0</ele>
      </trkpt>
      <trkpt lat="35.4949782975018" lon="138.66888902150095">
        <ele>918.0</ele>
      </trkpt>
      <trkpt lat="35.494797583669424" lon="138.66893344558775">
        <ele>918.0</ele>
      </trkpt>
      <trkpt lat="35.49476749263704" lon="138.66897694766521">
        <ele>918.2</ele>
      </trkpt>
      <trkpt lat="35.49469314515591" lon="138.66919370368123">
        <ele>918.2</ele>
      </trkpt>
      <trkpt lat="35.49466355703771" lon="138.66938330233097">
        <ele>918.2</ele>
      </trkpt>
      <trkpt lat="35.494662718847394" lon="138.66961707361042">
        <ele>918.4</ele>
      </trkpt>
      <trkpt lat="35.494655426591635" lon="138.66983911022544">
        <ele>918.2</ele>
      </trkpt>
      <trkpt lat="35.49464603886008" lon="138.66986283101141">
        <ele>918.6</ele>
      </trkpt>
      <trkpt lat="35.49464536830783" lon="138.67006676271558">
        <ele>919.0</ele>
      </trkpt>
      <trkpt lat="35.49467680044472" lon="138.67032785899937">
        <ele>919.4</ele>
      </trkpt>
      <trkpt lat="35.49467520788312" lon="138.67035895586014">
        <ele>919.6</ele>
      </trkpt>
      <trkpt lat="35.494634974747896" lon="138.67052776739">
        <ele>920.4</ele>
      </trkpt>
      <trkpt lat="35.49460815265775" lon="138.67073982954025">
        <ele>920.0</ele>
      </trkpt>
      <trkpt lat="35.49458879046142" lon="138.67094644345343">
        <ele>920.6</ele>
      </trkpt>
      <trkpt lat="35.49455056898296" lon="138.67115020751953">
        <ele>920.0</ele>
      </trkpt>
      <trkpt lat="35.494520142674446" lon="138.67133745923638">
        <ele>920.6</ele>
      </trkpt>
      <trkpt lat="35.494513772428036" lon="138.67136570625007">
        <ele>920.8</ele>
      </trkpt>
      <trkpt lat="35.494475634768605" lon="138.6715624295175">
        <ele>921.2</ele>
      </trkpt>
      <trkpt lat="35.4944415204227" lon="138.67177516222">
        <ele>920.4</ele>
      </trkpt>
      <trkpt lat="35.49438142217696" lon="138.67198454216123">
        <ele>921.6</ele>
      </trkpt>
      <trkpt lat="35.494367172941566" lon="138.67201237007976">
        <ele>921.8</ele>
      </trkpt>
      <trkpt lat="35.4943479783833" lon="138.67204388603568">
        <ele>921.8</ele>
      </trkpt>
      <trkpt lat="35.49428285099566" lon="138.67217305116355">
        <ele>921.4</ele>
      </trkpt>
      <trkpt lat="35.494177574291825" lon="138.67234077304602">
        <ele>922.0</ele>
      </trkpt>
      <trkpt lat="35.494081852957606" lon="138.67247194983065">
        <ele>922.8</ele>
      </trkpt>
      <trkpt lat="35.49407380633056" lon="138.67249273695052">
        <ele>923.0</ele>
      </trkpt>
      <trkpt lat="35.494037345051765" lon="138.67256440222263">
        <ele>924.0</ele>
      </trkpt>
      <trkpt lat="35.49403131008148" lon="138.6725849378854">
        <ele>924.0</ele>
      </trkpt>
      <trkpt lat="35.493956040591" lon="138.67273447103798">
        <ele>924.6</ele>
      </trkpt>
      <trkpt lat="35.49390474334359" lon="138.6727958265692">
        <ele>925.2</ele>
      </trkpt>
      <trkpt lat="35.49385855905712" lon="138.6728946492076">
        <ele>926.0</ele>
      </trkpt>
      <trkpt lat="35.493839867413044" lon="138.6729388218373">
        <ele>926.4</ele>
      </trkpt>
      <trkpt lat="35.49376719631255" lon="138.67303043603897">
        <ele>927.4</ele>
      </trkpt>
      <trkpt lat="35.49375319853425" lon="138.67305021733046">
        <ele>927.4</ele>
      </trkpt>
      <trkpt lat="35.49364046193659" lon="138.6731888540089">
        <ele>927.4</ele>
      </trkpt>
      <trkpt lat="35.49361330457032" lon="138.67341575212777">
        <ele>927.8</ele>
      </trkpt>
      <trkpt lat="35.49359939061105" lon="138.6734433285892">
        <ele>928.2</ele>
      </trkpt>
      <trkpt lat="35.493577094748616" lon="138.67347325198352">
        <ele>928.4</ele>
      </trkpt>
      <trkpt lat="35.49351674504578" lon="138.67361582815647">
        <ele>929.0</ele>
      </trkpt>
      <trkpt lat="35.493458239361644" lon="138.6738167423755">
        <ele>928.6</ele>
      </trkpt>
      <trkpt lat="35.49335790798068" lon="138.67403844371438">
        <ele>929.0</ele>
      </trkpt>
      <trkpt lat="35.49329521134496" lon="138.67423156276345">
        <ele>928.8</ele>
      </trkpt>
      <trkpt lat="35.49324500374496" lon="138.67443792521954">
        <ele>928.8</ele>
      </trkpt>
      <trkpt lat="35.49319320358336" lon="138.6746310442686">
        <ele>929.0</ele>
      </trkpt>
      <trkpt lat="35.49316051416099" lon="138.67483019828796">
        <ele>929.2</ele>
      </trkpt>
      <trkpt lat="35.493080634623766" lon="138.675052318722">
        <ele>929.0</ele>
      </trkpt>
      <trkpt lat="35.493010226637125" lon="138.67516203783453">
        <ele>929.4</ele>
      </trkpt>
      <trkpt lat="35.49298809841275" lon="138.67522255517542">
        <ele>929.2</ele>
      </trkpt>
      <trkpt lat="35.492920288816094" lon="138.67545724846423">
        <ele>929.4</ele>
      </trkpt>
      <trkpt lat="35.492865554988384" lon="138.6756485234946">
        <ele>928.4</ele>
      </trkpt>
      <trkpt lat="35.49281073734164" lon="138.67579344660044">
        <ele>929.0</ele>
      </trkpt>
      <trkpt lat="35.49276069737971" lon="138.67599905468524">
        <ele>928.4</ele>
      </trkpt>
      <trkpt lat="35.492761451750994" lon="138.67602051235735">
        <ele>928.4</ele>
      </trkpt>
      <trkpt lat="35.49274770542979" lon="138.67608387954533">
        <ele>928.6</ele>
      </trkpt>
      <trkpt lat="35.492739994078875" lon="138.67611531168222">
        <ele>928.6</ele>
      </trkpt>
      <trkpt lat="35.49271233379841" lon="138.6761731468141">
        <ele>928.4</ele>
      </trkpt>
      <trkpt lat="35.49271535128355" lon="138.676191335544">
        <ele>928.0</ele>
      </trkpt>
      <trkpt lat="35.492707807570696" lon="138.6762006394565">
        <ele>928.0</ele>
      </trkpt>
      <trkpt lat="35.49268618226051" lon="138.6762396991253">
        <ele>928.0</ele>
      </trkpt>
      <trkpt lat="35.49263823777437" lon="138.67631731554866">
        <ele>928.2</ele>
      </trkpt>
      <trkpt lat="35.492636393755674" lon="138.6763308942318">
        <ele>928.2</ele>
      </trkpt>
      <trkpt lat="35.49263312481344" lon="138.67635922506452">
        <ele>928.0</ele>
      </trkpt>
      <trkpt lat="35.4925954900682" lon="138.67643684148788">
        <ele>927.8</ele>
      </trkpt>
      <trkpt lat="35.492553832009435" lon="138.6764614842832">
        <ele>927.6</ele>
      </trkpt>
      <trkpt lat="35.49253161996603" lon="138.67649911902845">
        <ele>927.8</ele>
      </trkpt>
      <trkpt lat="35.49253262579441" lon="138.67650842294097">
        <ele>927.8</ele>
      </trkpt>
      <trkpt lat="35.492541175335646" lon="138.67652418091893">
        <ele>927.8</ele>
      </trkpt>
      <trkpt lat="35.49255467019975" lon="138.67658603936434">
        <ele>928.0</ele>
      </trkpt>
      <trkpt lat="35.49251879565418" lon="138.67674278095365">
        <ele>927.2</ele>
      </trkpt>
      <trkpt lat="35.492513347417116" lon="138.67677220143378">
        <ele>927.2</ele>
      </trkpt>
      <trkpt lat="35.492444448173046" lon="138.6770095769316">
        <ele>927.0</ele>
      </trkpt>
      <trkpt lat="35.49243740737438" lon="138.6770434398204">
        <ele>927.0</ele>
      </trkpt>
      <trkpt lat="35.492403795942664" lon="138.67720630019903">
        <ele>927.2</ele>
      </trkpt>
      <trkpt lat="35.49239709042013" lon="138.67726983502507">
        <ele>927.2</ele>
      </trkpt>
      <trkpt lat="35.492388205602765" lon="138.67743344977498">
        <ele>927.0</ele>
      </trkpt>
      <trkpt lat="35.49238158389926" lon="138.67749832570553">
        <ele>927.0</ele>
      </trkpt>
      <trkpt lat="35.492356019094586" lon="138.67772413417697">
        <ele>927.2</ele>
      </trkpt>
      <trkpt lat="35.49234596081078" lon="138.67779219523072">
        <ele>927.2</ele>
      </trkpt>
      <trkpt lat="35.49237462691963" lon="138.67802931927145">
        <ele>927.4</ele>
      </trkpt>
      <trkpt lat="35.49237781204283" lon="138.67806980386376">
        <ele>927.4</ele>
      </trkpt>
      <trkpt lat="35.492400862276554" lon="138.678292427212">
        <ele>927.2</ele>
      </trkpt>
      <trkpt lat="35.49241494387388" lon="138.67847045883536">
        <ele>927.0</ele>
      </trkpt>
      <trkpt lat="35.49242743290961" lon="138.67859275080264">
        <ele>926.8</ele>
      </trkpt>
      <trkpt lat="35.49243095330894" lon="138.6787723749876">
        <ele>926.6</ele>
      </trkpt>
      <trkpt lat="35.492441430687904" lon="138.67894051596522">
        <ele>926.2</ele>
      </trkpt>
      <trkpt lat="35.49244453199208" lon="138.6789734568447">
        <ele>926.2</ele>
      </trkpt>
      <trkpt lat="35.49245391972363" lon="138.67921192198992">
        <ele>926.0</ele>
      </trkpt>
      <trkpt lat="35.492412094026804" lon="138.6793934740126">
        <ele>925.6</ele>
      </trkpt>
      <trkpt lat="35.49239533022046" lon="138.67951744236052">
        <ele>925.4</ele>
      </trkpt>
      <trkpt lat="35.49237194471061" lon="138.67961735464633">
        <ele>925.4</ele>
      </trkpt>
      <trkpt lat="35.49235417507589" lon="138.67967996746302">
        <ele>925.2</ele>
      </trkpt>
      <trkpt lat="35.4923536721617" lon="138.67981491610408">
        <ele>924.8</ele>
      </trkpt>
      <trkpt lat="35.49237881787121" lon="138.68004768155515">
        <ele>924.6</ele>
      </trkpt>
      <trkpt lat="35.492381919175386" lon="138.68012848310173">
        <ele>924.4</ele>
      </trkpt>
      <trkpt lat="35.492386193946004" lon="138.68028136901557">
        <ele>924.2</ele>
      </trkpt>
      <trkpt lat="35.49237236380577" lon="138.68038522079587">
        <ele>924.0</ele>
      </trkpt>
      <trkpt lat="35.49239541403949" lon="138.68062091991305">
        <ele>923.6</ele>
      </trkpt>
      <trkpt lat="35.49237948842347" lon="138.68078319355845">
        <ele>923.2</ele>
      </trkpt>
      <trkpt lat="35.4923777282238" lon="138.6808287911117">
        <ele>923.2</ele>
      </trkpt>
      <trkpt lat="35.492395581677556" lon="138.68102660402656">
        <ele>922.6</ele>
      </trkpt>
      <trkpt lat="35.492387283593416" lon="138.68122751824558">
        <ele>922.4</ele>
      </trkpt>
      <trkpt lat="35.49235467799008" lon="138.68135274387896">
        <ele>922.2</ele>
      </trkpt>
      <trkpt lat="35.492341266945004" lon="138.6814117524773">
        <ele>922.0</ele>
      </trkpt>
      <trkpt lat="35.49231612123549" lon="138.68149540387094">
        <ele>921.6</ele>
      </trkpt>
      <trkpt lat="35.49226767383516" lon="138.68163202889264">
        <ele>921.6</ele>
      </trkpt>
      <trkpt lat="35.49227060750127" lon="138.6818542331457">
        <ele>921.2</ele>
      </trkpt>
      <trkpt lat="35.492259208112955" lon="138.68188189342618">
        <ele>921.2</ele>
      </trkpt>
      <trkpt lat="35.49225660972297" lon="138.68200016207993">
        <ele>921.2</ele>
      </trkpt>
      <trkpt lat="35.49228083342314" lon="138.68224550038576">
        <ele>920.6</ele>
      </trkpt>
      <trkpt lat="35.492277229204774" lon="138.68227802217007">
        <ele>920.4</ele>
      </trkpt>
      <trkpt lat="35.49221319146454" lon="138.68243233300745">
        <ele>920.0</ele>
      </trkpt>
      <trkpt lat="35.49219684675336" lon="138.6825125478208">
        <ele>920.0</ele>
      </trkpt>
      <trkpt lat="35.49208260141313" lon="138.68268555030227">
        <ele>919.6</ele>
      </trkpt>
      <trkpt lat="35.49191881902516" lon="138.68280490860343">
        <ele>919.2</ele>
      </trkpt>
      <trkpt lat="35.49189442768693" lon="138.68281312286854">
        <ele>919.2</ele>
      </trkpt>
      <trkpt lat="35.49175973050296" lon="138.6829070840031">
        <ele>919.2</ele>
      </trkpt>
      <trkpt lat="35.491672810167074" lon="138.6829625722021">
        <ele>919.0</ele>
      </trkpt>
      <trkpt lat="35.49160860478878" lon="138.68301286362112">
        <ele>918.6</ele>
      </trkpt>
      <trkpt lat="35.49150877632201" lon="138.68322283029556">
        <ele>918.2</ele>
      </trkpt>
      <trkpt lat="35.49149335362017" lon="138.68329524993896">
        <ele>917.6</ele>
      </trkpt>
      <trkpt lat="35.491479774937034" lon="138.6834840103984">
        <ele>916.6</ele>
      </trkpt>
      <trkpt lat="35.49146041274071" lon="138.6837448552251">
        <ele>915.8</ele>
      </trkpt>
      <trkpt lat="35.49145270138979" lon="138.68377938866615">
        <ele>915.6</ele>
      </trkpt>
      <trkpt lat="35.4914487618953" lon="138.68380637839437">
        <ele>915.6</ele>
      </trkpt>
      <trkpt lat="35.491429986432195" lon="138.68402472697198">
        <ele>914.6</ele>
      </trkpt>
      <trkpt lat="35.49142722040415" lon="138.6840606853366">
        <ele>914.6</ele>
      </trkpt>
      <trkpt lat="35.491419257596135" lon="138.68430476635695">
        <ele>913.6</ele>
      </trkpt>
      <trkpt lat="35.4914262983948" lon="138.68433695286512">
        <ele>913.6</ele>
      </trkpt>
      <trkpt lat="35.49143945798278" lon="138.684363020584">
        <ele>913.6</ele>
      </trkpt>
      <trkpt lat="35.491491090506315" lon="138.68450618349016">
        <ele>913.4</ele>
      </trkpt>
      <trkpt lat="35.491605922579765" lon="138.68468798696995">
        <ele>913.4</ele>
      </trkpt>
      <trkpt lat="35.491720251739025" lon="138.68482410907745">
        <ele>912.2</ele>
      </trkpt>
      <trkpt lat="35.49176048487425" lon="138.68488110601902">
        <ele>912.0</ele>
      </trkpt>
      <trkpt lat="35.491819409653544" lon="138.68494983762503">
        <ele>912.4</ele>
      </trkpt>
      <trkpt lat="35.49190163612366" lon="138.68507682345808">
        <ele>912.6</ele>
      </trkpt>
      <trkpt lat="35.49203432165086" lon="138.685235157609">
        <ele>912.4</ele>
      </trkpt>
      <trkpt lat="35.49206458032131" lon="138.68528687395155">
        <ele>912.4</ele>
      </trkpt>
      <trkpt lat="35.49220874905586" lon="138.6854395084083">
        <ele>912.4</ele>
      </trkpt>
      <trkpt lat="35.49226985312998" lon="138.68550572544336">
        <ele>912.2</ele>
      </trkpt>
      <trkpt lat="35.492417039349675" lon="138.68566850200295">
        <ele>911.8</ele>
      </trkpt>
      <trkpt lat="35.49248652532697" lon="138.6857262533158">
        <ele>912.0</ele>
      </trkpt>
      <trkpt lat="35.49265961162746" lon="138.68578962050378">
        <ele>912.0</ele>
      </trkpt>
      <trkpt lat="35.49284661188722" lon="138.68587788194418">
        <ele>912.0</ele>
      </trkpt>
      <trkpt lat="35.492897909134626" lon="138.68590931408107">
        <ele>912.0</ele>
      </trkpt>
      <trkpt lat="35.493025397881866" lon="138.68606965988874">
        <ele>911.8</ele>
      </trkpt>
      <trkpt lat="35.49303973093629" lon="138.6860954761505">
        <ele>911.8</ele>
      </trkpt>
      <trkpt lat="35.493162609636784" lon="138.68629060685635">
        <ele>911.2</ele>
      </trkpt>
      <trkpt lat="35.49317459575832" lon="138.68632178753614">
        <ele>911.2</ele>
      </trkpt>
      <trkpt lat="35.49324533902109" lon="138.68650250136852">
        <ele>912.0</ele>
      </trkpt>
      <trkpt lat="35.49326537176967" lon="138.68656125850976">
        <ele>912.2</ele>
      </trkpt>
      <trkpt lat="35.493297558277845" lon="138.68668254464865">
        <ele>912.0</ele>
      </trkpt>
      <trkpt lat="35.49335698597133" lon="138.68683082051575">
        <ele>912.2</ele>
      </trkpt>
      <trkpt lat="35.49339705146849" lon="138.68699778802693">
        <ele>912.2</ele>
      </trkpt>
      <trkpt lat="35.4934742487967" lon="138.68721999228">
        <ele>912.4</ele>
      </trkpt>
      <trkpt lat="35.49348833039403" lon="138.6872482392937">
        <ele>912.4</ele>
      </trkpt>
      <trkpt lat="35.49360274337232" lon="138.68742442689836">
        <ele>911.8</ele>
      </trkpt>
      <trkpt lat="35.493739703670144" lon="138.68755275383592">
        <ele>912.2</ele>
      </trkpt>
      <trkpt lat="35.49390063621104" lon="138.68767010048032">
        <ele>911.8</ele>
      </trkpt>
      <trkpt lat="35.49395210109651" lon="138.68770899251103">
        <ele>912.2</ele>
      </trkpt>
      <trkpt lat="35.4940546117723" lon="138.68777747265995">
        <ele>912.0</ele>
      </trkpt>
      <trkpt lat="35.49422954209149" lon="138.68786891922355">
        <ele>912.6</ele>
      </trkpt>
      <trkpt lat="35.49428352154791" lon="138.68789674714208">
        <ele>913.0</ele>
      </trkpt>
      <trkpt lat="35.49445786513388" lon="138.6879715975374">
        <ele>912.0</ele>
      </trkpt>
      <trkpt lat="35.494510754942894" lon="138.687989031896">
        <ele>912.2</ele>
      </trkpt>
      <trkpt lat="35.49465408548713" lon="138.68798995390534">
        <ele>911.8</ele>
      </trkpt>
      <trkpt lat="35.49470948986709" lon="138.6879898700863">
        <ele>912.2</ele>
      </trkpt>
      <trkpt lat="35.49478651955724" lon="138.68797469884157">
        <ele>912.6</ele>
      </trkpt>
      <trkpt lat="35.49483412876725" lon="138.68796279653907">
        <ele>913.4</ele>
      </trkpt>
      <trkpt lat="35.49498802050948" lon="138.68791828863323">
        <ele>914.2</ele>
      </trkpt>
      <trkpt lat="35.49517652951181" lon="138.6879007704556">
        <ele>914.2</ele>
      </trkpt>
      <trkpt lat="35.495205614715815" lon="138.68790353648365">
        <ele>914.8</ele>
      </trkpt>
      <trkpt lat="35.49528893083334" lon="138.68798970244825">
        <ele>915.2</ele>
      </trkpt>
      <trkpt lat="35.4953149985522" lon="138.688092129305">
        <ele>915.8</ele>
      </trkpt>
      <trkpt lat="35.495310639962554" lon="138.68816991336644">
        <ele>916.0</ele>
      </trkpt>
      <trkpt lat="35.495275938883424" lon="138.68835305795074">
        <ele>915.8</ele>
      </trkpt>
      <trkpt lat="35.49524559639394" lon="138.68855682201684">
        <ele>915.8</ele>
      </trkpt>
      <trkpt lat="35.495192455127835" lon="138.6887692194432">
        <ele>915.8</ele>
      </trkpt>
      <trkpt lat="35.49516378901899" lon="138.68887365795672">
        <ele>915.6</ele>
      </trkpt>
      <trkpt lat="35.49516957253218" lon="138.68910131044686">
        <ele>914.8</ele>
      </trkpt>
      <trkpt lat="35.49519957974553" lon="138.6892483290285">
        <ele>914.8</ele>
      </trkpt>
      <trkpt lat="35.49522992223501" lon="138.689342206344">
        <ele>914.8</ele>
      </trkpt>
      <trkpt lat="35.49527811817825" lon="138.68950003758073">
        <ele>914.4</ele>
      </trkpt>
      <trkpt lat="35.4953720793128" lon="138.6896706931293">
        <ele>915.6</ele>
      </trkpt>
      <trkpt lat="35.49539018422365" lon="138.68972509168088">
        <ele>915.8</ele>
      </trkpt>
      <trkpt lat="35.49543309956789" lon="138.6898540891707">
        <ele>914.8</ele>
      </trkpt>
      <trkpt lat="35.49544726498425" lon="138.68988602422178">
        <ele>914.8</ele>
      </trkpt>
      <trkpt lat="35.49549562856555" lon="138.6900850944221">
        <ele>914.4</ele>
      </trkpt>
      <trkpt lat="35.495514906942844" lon="138.6902780458331">
        <ele>914.6</ele>
      </trkpt>
      <trkpt lat="35.4955412261188" lon="138.6905150860548">
        <ele>914.8</ele>
      </trkpt>
      <trkpt lat="35.49553728662431" lon="138.69058784097433">
        <ele>914.6</ele>
      </trkpt>
      <trkpt lat="35.49551038071513" lon="138.6907259747386">
        <ele>913.6</ele>
      </trkpt>
      <trkpt lat="35.49550359137356" lon="138.69082647375762">
        <ele>913.8</ele>
      </trkpt>
      <trkpt lat="35.49549328163266" lon="138.6910534556955">
        <ele>913.8</ele>
      </trkpt>
      <trkpt lat="35.495494455099106" lon="138.6911197565496">
        <ele>913.8</ele>
      </trkpt>
      <trkpt lat="35.49548498354852" lon="138.69134196080267">
        <ele>913.0</ele>
      </trkpt>
      <trkpt lat="35.495490012690425" lon="138.69141563773155">
        <ele>912.6</ele>
      </trkpt>
      <trkpt lat="35.49553477205336" lon="138.6916142050177">
        <ele>912.0</ele>
      </trkpt>
      <trkpt lat="35.49562311731279" lon="138.691786788404">
        <ele>912.0</ele>
      </trkpt>
      <trkpt lat="35.49567198380828" lon="138.69198493659496">
        <ele>912.6</ele>
      </trkpt>
      <trkpt lat="35.49576007761061" lon="138.69218342006207">
        <ele>912.2</ele>
      </trkpt>
      <trkpt lat="35.49577650614083" lon="138.69224318303168">
        <ele>912.4</ele>
      </trkpt>
      <trkpt lat="35.4959075152874" lon="138.69238559156656">
        <ele>912.4</ele>
      </trkpt>
      <trkpt lat="35.49609334208071" lon="138.6924850847572">
        <ele>911.8</ele>
      </trkpt>
      <trkpt lat="35.49614514224231" lon="138.6925117392093">
        <ele>911.6</ele>
      </trkpt>
      <trkpt lat="35.49631076864898" lon="138.69259572587907">
        <ele>911.6</ele>
      </trkpt>
      <trkpt lat="35.49648167565465" lon="138.69267736561596">
        <ele>912.4</ele>
      </trkpt>
      <trkpt lat="35.496514197438955" lon="138.69269605726004">
        <ele>912.8</ele>
      </trkpt>
      <trkpt lat="35.49653775058687" lon="138.69271541945636">
        <ele>913.0</ele>
      </trkpt>
      <trkpt lat="35.49659265205264" lon="138.69277543388307">
        <ele>913.2</ele>
      </trkpt>
      <trkpt lat="35.496686110273004" lon="138.69289244525135">
        <ele>913.2</ele>
      </trkpt>
      <trkpt lat="35.496784932911396" lon="138.69302093982697">
        <ele>914.0</ele>
      </trkpt>
      <trkpt lat="35.49683975055814" lon="138.69310107082129">
        <ele>914.2</ele>
      </trkpt>
      <trkpt lat="35.49695257097483" lon="138.69328949600458">
        <ele>914.2</ele>
      </trkpt>
      <trkpt lat="35.49695366062224" lon="138.69332344271243">
        <ele>914.2</ele>
      </trkpt>
      <trkpt lat="35.49695860594511" lon="138.693568110466">
        <ele>913.6</ele>
      </trkpt>
      <trkpt lat="35.496953409165144" lon="138.69373373687267">
        <ele>913.4</ele>
      </trkpt>
      <trkpt lat="35.49698735587299" lon="138.69381512515247">
        <ele>912.8</ele>
      </trkpt>
      <trkpt lat="35.49702708609402" lon="138.69386717677116">
        <ele>912.4</ele>
      </trkpt>
      <trkpt lat="35.497153736650944" lon="138.6939994432032">
        <ele>913.4</ele>
      </trkpt>
      <trkpt lat="35.49716320820153" lon="138.69401930831373">
        <ele>913.4</ele>
      </trkpt>
      <trkpt lat="35.497221713885665" lon="138.69407731108367">
        <ele>913.8</ele>
      </trkpt>
      <trkpt lat="35.49724501557648" lon="138.69410002604127">
        <ele>914.0</ele>
      </trkpt>
      <trkpt lat="35.49727669917047" lon="138.6941569391638">
        <ele>914.4</ele>
      </trkpt>
      <trkpt lat="35.497305784374475" lon="138.69425534270704">
        <ele>915.2</ele>
      </trkpt>
      <trkpt lat="35.49727217294276" lon="138.694458771497">
        <ele>914.6</ele>
      </trkpt>
      <trkpt lat="35.49721215851605" lon="138.69466471485794">
        <ele>915.0</ele>
      </trkpt>
      <trkpt lat="35.49712775275111" lon="138.69487384334207">
        <ele>914.2</ele>
      </trkpt>
      <trkpt lat="35.49711442552507" lon="138.69490494020283">
        <ele>914.2</ele>
      </trkpt>
      <trkpt lat="35.4969955701381" lon="138.69507702067494">
        <ele>915.0</ele>
      </trkpt>
      <trkpt lat="35.49687646329403" lon="138.69524776004255">
        <ele>914.8</ele>
      </trkpt>
      <trkpt lat="35.49685584381223" lon="138.69530333206058">
        <ele>915.0</ele>
      </trkpt>
      <trkpt lat="35.49684184603393" lon="138.69537089020014">
        <ele>915.2</ele>
      </trkpt>
      <trkpt lat="35.49674838781357" lon="138.69551841169596">
        <ele>915.2</ele>
      </trkpt>
      <trkpt lat="35.49661687575281" lon="138.69566241279244">
        <ele>916.2</ele>
      </trkpt>
      <trkpt lat="35.49648561514914" lon="138.69584907777607">
        <ele>916.6</ele>
      </trkpt>
      <trkpt lat="35.49646692350507" lon="138.6960767302662">
        <ele>916.6</ele>
      </trkpt>
      <trkpt lat="35.49650380387902" lon="138.69628778658807">
        <ele>915.8</ele>
      </trkpt>
      <trkpt lat="35.49658485688269" lon="138.69649817235768">
        <ele>915.6</ele>
      </trkpt>
      <trkpt lat="35.496602123603225" lon="138.69652373716235">
        <ele>915.6</ele>
      </trkpt>
      <trkpt lat="35.496641183272004" lon="138.69656916707754">
        <ele>915.0</ele>
      </trkpt>
      <trkpt lat="35.49672173336148" lon="138.6966541595757">
        <ele>914.8</ele>
      </trkpt>
      <trkpt lat="35.496745370328426" lon="138.69667394086719">
        <ele>914.8</ele>
      </trkpt>
      <trkpt lat="35.49688911996782" lon="138.69680914096534">
        <ele>915.0</ele>
      </trkpt>
      <trkpt lat="35.49691837280989" lon="138.6968283355236">
        <ele>915.0</ele>
      </trkpt>
      <trkpt lat="35.497080478817225" lon="138.69695506989956">
        <ele>915.0</ele>
      </trkpt>
      <trkpt lat="35.49710654653609" lon="138.69696831330657">
        <ele>914.8</ele>
      </trkpt>
      <trkpt lat="35.497272005304694" lon="138.69701290503144">
        <ele>914.4</ele>
      </trkpt>
      <trkpt lat="35.497359009459615" lon="138.69692673906684">
        <ele>914.0</ele>
      </trkpt>
      <trkpt lat="35.497507536783814" lon="138.69684107601643">
        <ele>914.6</ele>
      </trkpt>
      <trkpt lat="35.49763041548431" lon="138.69681710377336">
        <ele>915.0</ele>
      </trkpt>
      <trkpt lat="35.497655142098665" lon="138.69682230055332">
        <ele>915.0</ele>
      </trkpt>
      <trkpt lat="35.497764106839895" lon="138.6968856677413">
        <ele>914.2</ele>
      </trkpt>
      <trkpt lat="35.49781020730734" lon="138.69689522311091">
        <ele>913.8</ele>
      </trkpt>
      <trkpt lat="35.49798312596977" lon="138.69692891836166">
        <ele>914.0</ele>
      </trkpt>
      <trkpt lat="35.49817758612335" lon="138.69691533967853">
        <ele>913.6</ele>
      </trkpt>
      <trkpt lat="35.49821664579213" lon="138.69691701605916">
        <ele>913.6</ele>
      </trkpt>
      <trkpt lat="35.49836374819279" lon="138.69687292724848">
        <ele>914.0</ele>
      </trkpt>
      <trkpt lat="35.49851738847792" lon="138.6969094723463">
        <ele>913.2</ele>
      </trkpt>
      <trkpt lat="35.498632388189435" lon="138.697014413774">
        <ele>914.0</ele>
      </trkpt>
      <trkpt lat="35.49868703819811" lon="138.69721272960305">
        <ele>914.4</ele>
      </trkpt>
      <trkpt lat="35.49870187416673" lon="138.6974676232785">
        <ele>915.0</ele>
      </trkpt>
      <trkpt lat="35.49870975315571" lon="138.69770516641438">
        <ele>915.0</ele>
      </trkpt>
      <trkpt lat="35.49870824441314" lon="138.69774120859802">
        <ele>914.8</ele>
      </trkpt>
      <trkpt lat="35.49879885278642" lon="138.6979592218995">
        <ele>915.0</ele>
      </trkpt>
      <trkpt lat="35.4988965857774" lon="138.69815058074892">
        <ele>914.8</ele>
      </trkpt>
      <trkpt lat="35.498906057327986" lon="138.69818184524775">
        <ele>914.8</ele>
      </trkpt>
      <trkpt lat="35.498978309333324" lon="138.69836951605976">
        <ele>914.4</ele>
      </trkpt>
      <trkpt lat="35.49907176755369" lon="138.69857713580132">
        <ele>914.6</ele>
      </trkpt>
      <trkpt lat="35.49908350221813" lon="138.69860571809113">
        <ele>914.4</ele>
      </trkpt>
      <trkpt lat="35.49911334179342" lon="138.69868190959096">
        <ele>914.0</ele>
      </trkpt>
      <trkpt lat="35.49916313029826" lon="138.69879338890314">
        <ele>914.0</ele>
      </trkpt>
      <trkpt lat="35.49926572479308" lon="138.69899539276958">
        <ele>914.0</ele>
      </trkpt>
      <trkpt lat="35.499308640137315" lon="138.69905616156757">
        <ele>913.8</ele>
      </trkpt>
      <trkpt lat="35.49947158433497" lon="138.69918901473284">
        <ele>913.6</ele>
      </trkpt>
      <trkpt lat="35.49951232038438" lon="138.6992258951068">
        <ele>913.4</ele>
      </trkpt>
      <trkpt lat="35.4996825568378" lon="138.6993094626814">
        <ele>913.0</ele>
      </trkpt>
      <trkpt lat="35.49970946274698" lon="138.69932354427874">
        <ele>912.8</ele>
      </trkpt>
      <trkpt lat="35.499881291761994" lon="138.69938070885837">
        <ele>912.6</ele>
      </trkpt>
      <trkpt lat="35.50007055513561" lon="138.6993958801031">
        <ele>912.8</ele>
      </trkpt>
      <trkpt lat="35.50023484043777" lon="138.6993625201285">
        <ele>912.6</ele>
      </trkpt>
      <trkpt lat="35.500423265621066" lon="138.69933385401964">
        <ele>913.2</ele>
      </trkpt>
      <trkpt lat="35.50045176409185" lon="138.69933494366705">
        <ele>913.2</ele>
      </trkpt>
      <trkpt lat="35.50061169080436" lon="138.69928951375186">
        <ele>913.2</ele>
      </trkpt>
      <trkpt lat="35.50080179236829" lon="138.6991944629699">
        <ele>912.8</ele>
      </trkpt>
      <trkpt lat="35.50095501355827" lon="138.69909840635955">
        <ele>912.8</ele>
      </trkpt>
      <trkpt lat="35.501038832589984" lon="138.69900385849178">
        <ele>912.2</ele>
      </trkpt>
      <trkpt lat="35.501196663826704" lon="138.69884275831282">
        <ele>911.8</ele>
      </trkpt>
      <trkpt lat="35.501347202807665" lon="138.69869540445507">
        <ele>912.0</ele>
      </trkpt>
      <trkpt lat="35.50142071209848" lon="138.69859809055924">
        <ele>912.2</ele>
      </trkpt>
      <trkpt lat="35.50147402100265" lon="138.69850027374923">
        <ele>911.6</ele>
      </trkpt>
      <trkpt lat="35.50149631686509" lon="138.6984298657626">
        <ele>911.2</ele>
      </trkpt>
      <trkpt lat="35.501517690718174" lon="138.69837244972587">
        <ele>910.6</ele>
      </trkpt>
      <trkpt lat="35.50156395882368" lon="138.69829055853188">
        <ele>911.2</ele>
      </trkpt>
      <trkpt lat="35.501603772863746" lon="138.6982522532344">
        <ele>911.2</ele>
      </trkpt>
      <trkpt lat="35.501694129779935" lon="138.6981399357319">
        <ele>911.4</ele>
      </trkpt>
      <trkpt lat="35.50182773731649" lon="138.69815259240568">
        <ele>911.0</ele>
      </trkpt>
      <trkpt lat="35.50194055773318" lon="138.69826088659465">
        <ele>911.6</ele>
      </trkpt>
      <trkpt lat="35.50203653052449" lon="138.6984793189913">
        <ele>911.6</ele>
      </trkpt>
      <trkpt lat="35.50208874978125" lon="138.69854293763638">
        <ele>911.6</ele>
      </trkpt>
      <trkpt lat="35.50212965346873" lon="138.69863161817193">
        <ele>911.2</ele>
      </trkpt>
      <trkpt lat="35.502271223813295" lon="138.69868090376258">
        <ele>911.0</ele>
      </trkpt>
      <trkpt lat="35.50239443778992" lon="138.69871526956558">
        <ele>911.6</ele>
      </trkpt>
      <trkpt lat="35.5024160631001" lon="138.69871099479496">
        <ele>911.6</ele>
      </trkpt>
      <trkpt lat="35.5025870539248" lon="138.69870772585273">
        <ele>911.8</ele>
      </trkpt>
      <trkpt lat="35.50275242887437" lon="138.69882591068745">
        <ele>912.6</ele>
      </trkpt>
      <trkpt lat="35.502775479108095" lon="138.69885005056858">
        <ele>912.8</ele>
      </trkpt>
      <trkpt lat="35.50284672528505" lon="138.69901919737458">
        <ele>913.2</ele>
      </trkpt>
      <trkpt lat="35.502854101359844" lon="138.6991569120437">
        <ele>913.8</ele>
      </trkpt>
      <trkpt lat="35.5028478987515" lon="138.6992261465639">
        <ele>914.0</ele>
      </trkpt>
      <trkpt lat="35.50281562842429" lon="138.6994373705238">
        <ele>913.0</ele>
      </trkpt>
      <trkpt lat="35.50276801921427" lon="138.69952462613583">
        <ele>912.8</ele>
      </trkpt>
      <trkpt lat="35.502717811614275" lon="138.69967583566904">
        <ele>913.0</ele>
      </trkpt>
      <trkpt lat="35.502663077786565" lon="138.6998958606273">
        <ele>913.2</ele>
      </trkpt>
      <trkpt lat="35.50266282632947" lon="138.69992662221193">
        <ele>913.2</ele>
      </trkpt>
      <trkpt lat="35.50266684964299" lon="138.70012787170708">
        <ele>912.6</ele>
      </trkpt>
      <trkpt lat="35.50265192985535" lon="138.7003607209772">
        <ele>912.8</ele>
      </trkpt>
      <trkpt lat="35.50265779718757" lon="138.7003932427615">
        <ele>912.8</ele>
      </trkpt>
      <trkpt lat="35.5027112737298" lon="138.70062349364161">
        <ele>912.2</ele>
      </trkpt>
      <trkpt lat="35.50275024957955" lon="138.7007220648229">
        <ele>912.6</ele>
      </trkpt>
      <trkpt lat="35.502819484099746" lon="138.70092968456447">
        <ele>912.0</ele>
      </trkpt>
      <trkpt lat="35.502838930115104" lon="138.7009802274406">
        <ele>912.0</ele>
      </trkpt>
      <trkpt lat="35.502855107188225" lon="138.7010058760643">
        <ele>911.8</ele>
      </trkpt>
      <trkpt lat="35.50291487015784" lon="138.70114468038082">
        <ele>911.6</ele>
      </trkpt>
      <trkpt lat="35.503031043335795" lon="138.70126496069133">
        <ele>911.0</ele>
      </trkpt>
      <trkpt lat="35.50320580601692" lon="138.70137551799417">
        <ele>911.6</ele>
      </trkpt>
      <trkpt lat="35.503382328897715" lon="138.70148221962154">
        <ele>911.4</ele>
      </trkpt>
      <trkpt lat="35.50346321426332" lon="138.70152345858514">
        <ele>911.0</ele>
      </trkpt>
      <trkpt lat="35.503513840958476" lon="138.7015486881137">
        <ele>910.8</ele>
      </trkpt>
      <trkpt lat="35.50368416123092" lon="138.70163820683956">
        <ele>911.2</ele>
      </trkpt>
      <trkpt lat="35.50371626392007" lon="138.70165396481752">
        <ele>910.8</ele>
      </trkpt>
      <trkpt lat="35.50383880734444" lon="138.70171506889164">
        <ele>911.0</ele>
      </trkpt>
      <trkpt lat="35.50402111373842" lon="138.70179058983922">
        <ele>911.4</ele>
      </trkpt>
      <trkpt lat="35.504115829244256" lon="138.70182185433805">
        <ele>911.8</ele>
      </trkpt>
      <trkpt lat="35.504244742915034" lon="138.70181741192937">
        <ele>912.0</ele>
      </trkpt>
      <trkpt lat="35.504404082894325" lon="138.7018367741257">
        <ele>913.0</ele>
      </trkpt>
      <trkpt lat="35.50452050752938" lon="138.70183350518346">
        <ele>913.0</ele>
      </trkpt>
      <trkpt lat="35.50465109758079" lon="138.70181716047227">
        <ele>912.0</ele>
      </trkpt>
      <trkpt lat="35.50474924966693" lon="138.70184649713337">
        <ele>912.2</ele>
      </trkpt>
      <trkpt lat="35.50486416555941" lon="138.70192009024322">
        <ele>913.0</ele>
      </trkpt>
      <trkpt lat="35.50488855689764" lon="138.7019834574312">
        <ele>913.2</ele>
      </trkpt>
      <trkpt lat="35.50494194962084" lon="138.7022252753377">
        <ele>913.0</ele>
      </trkpt>
      <trkpt lat="35.50495091825724" lon="138.70226374827325">
        <ele>913.0</ele>
      </trkpt>
      <trkpt lat="35.50497497431934" lon="138.70249919593334">
        <ele>914.0</ele>
      </trkpt>
      <trkpt lat="35.50497706979513" lon="138.70252300053835">
        <ele>914.0</ele>
      </trkpt>
      <trkpt lat="35.50502442754805" lon="138.7027583643794">
        <ele>914.0</ele>
      </trkpt>
      <trkpt lat="35.50504202954471" lon="138.702826006338">
        <ele>914.0</ele>
      </trkpt>
      <trkpt lat="35.505032977089286" lon="138.70306338183582">
        <ele>914.8</ele>
      </trkpt>
      <trkpt lat="35.505070611834526" lon="138.703235629946">
        <ele>915.2</ele>
      </trkpt>
      <trkpt lat="35.50507463514805" lon="138.70326882228255">
        <ele>915.2</ele>
      </trkpt>
      <trkpt lat="35.505117969587445" lon="138.70350225828588">
        <ele>915.6</ele>
      </trkpt>
      <trkpt lat="35.50514303147793" lon="138.70357836596668">
        <ele>915.4</ele>
      </trkpt>
      <trkpt lat="35.50514571368694" lon="138.70370116084814">
        <ele>916.2</ele>
      </trkpt>
      <trkpt lat="35.50553312525153" lon="138.70584055781364">
        <ele>915.2</ele>
      </trkpt>
      <trkpt lat="35.50548618659377" lon="138.70583603158593">
        <ele>915.2</ele>
      </trkpt>
      <trkpt lat="35.50558282993734" lon="138.7058962136507">
        <ele>914.4</ele>
      </trkpt>
      <trkpt lat="35.50559917464852" lon="138.70589470490813">
        <ele>914.4</ele>
      </trkpt>
      <trkpt lat="35.505632534623146" lon="138.70597852393985">
        <ele>914.4</ele>
      </trkpt>
      <trkpt lat="35.505659356713295" lon="138.70605630800128">
        <ele>913.8</ele>
      </trkpt>
      <trkpt lat="35.505723394453526" lon="138.70612001046538">
        <ele>912.8</ele>
      </trkpt>
      <trkpt lat="35.50574351102114" lon="138.70613576844335">
        <ele>912.6</ele>
      </trkpt>
      <trkpt lat="35.50588675774634" lon="138.7062884029001">
        <ele>912.0</ele>
      </trkpt>
      <trkpt lat="35.50591726787388" lon="138.70631421916187">
        <ele>911.4</ele>
      </trkpt>
      <trkpt lat="35.505998991429806" lon="138.70639284141362">
        <ele>910.2</ele>
      </trkpt>
      <trkpt lat="35.50614341162145" lon="138.7065505888313">
        <ele>909.2</ele>
      </trkpt>
      <trkpt lat="35.50622840411961" lon="138.7066499143839">
        <ele>907.8</ele>
      </trkpt>
      <trkpt lat="35.506327310577035" lon="138.7067878805101">
        <ele>907.2</ele>
      </trkpt>
      <trkpt lat="35.50637936219573" lon="138.70694705285132">
        <ele>906.6</ele>
      </trkpt>
      <trkpt lat="35.506411381065845" lon="138.7070659082383">
        <ele>906.0</ele>
      </trkpt>
      <trkpt lat="35.50646033138037" lon="138.70731149800122">
        <ele>905.8</ele>
      </trkpt>
      <trkpt lat="35.50647349096835" lon="138.7073746137321">
        <ele>905.4</ele>
      </trkpt>
      <trkpt lat="35.506472904235125" lon="138.7073994241655">
        <ele>905.2</ele>
      </trkpt>
      <trkpt lat="35.50652654841542" lon="138.7076180242002">
        <ele>904.8</ele>
      </trkpt>
      <trkpt lat="35.50654356367886" lon="138.70765297673643">
        <ele>904.8</ele>
      </trkpt>
      <trkpt lat="35.50657105632126" lon="138.70780787430704">
        <ele>904.0</ele>
      </trkpt>
      <trkpt lat="35.50659343600273" lon="138.70790778659284">
        <ele>903.4</ele>
      </trkpt>
      <trkpt lat="35.506646325811744" lon="138.70805187150836">
        <ele>903.2</ele>
      </trkpt>
      <trkpt lat="35.50668831914663" lon="138.70809948071837">
        <ele>902.8</ele>
      </trkpt>
      <trkpt lat="35.50670709460974" lon="138.70811666361988">
        <ele>902.6</ele>
      </trkpt>
      <trkpt lat="35.5068314820528" lon="138.70820408686996">
        <ele>901.8</ele>
      </trkpt>
      <trkpt lat="35.50692711956799" lon="138.70833618566394">
        <ele>901.4</ele>
      </trkpt>
      <trkpt lat="35.506948325783014" lon="138.70837088674307">
        <ele>901.4</ele>
      </trkpt>
      <trkpt lat="35.506992330774665" lon="138.70845981873572">
        <ele>900.8</ele>
      </trkpt>
      <trkpt lat="35.507017225027084" lon="138.70849535800517">
        <ele>900.6</ele>
      </trkpt>
      <trkpt lat="35.50708352588117" lon="138.70860625058413">
        <ele>899.6</ele>
      </trkpt>
      <trkpt lat="35.50712736323476" lon="138.70868478901684">
        <ele>899.0</ele>
      </trkpt>
      <trkpt lat="35.5071805883199" lon="138.70888645760715">
        <ele>898.8</ele>
      </trkpt>
      <trkpt lat="35.50719927996397" lon="138.70891638100147">
        <ele>898.4</ele>
      </trkpt>
      <trkpt lat="35.50724823027849" lon="138.70898821391165">
        <ele>897.4</ele>
      </trkpt>
      <trkpt lat="35.50731637515128" lon="138.7090861145407">
        <ele>896.4</ele>
      </trkpt>
      <trkpt lat="35.507328528910875" lon="138.70910002849996">
        <ele>896.2</ele>
      </trkpt>
      <trkpt lat="35.5074068158865" lon="138.70920756831765">
        <ele>895.4</ele>
      </trkpt>
      <trkpt lat="35.50743372179568" lon="138.70924252085388">
        <ele>895.0</ele>
      </trkpt>
      <trkpt lat="35.507479067891836" lon="138.70931066572666">
        <ele>894.0</ele>
      </trkpt>
      <trkpt lat="35.507518630474806" lon="138.70939020998776">
        <ele>893.2</ele>
      </trkpt>
      <trkpt lat="35.50755844451487" lon="138.70944913476706">
        <ele>892.8</ele>
      </trkpt>
      <trkpt lat="35.50761116668582" lon="138.70951568707824">
        <ele>891.4</ele>
      </trkpt>
      <trkpt lat="35.507644107565284" lon="138.70956514030695">
        <ele>890.4</ele>
      </trkpt>
      <trkpt lat="35.50767654553056" lon="138.7095964886248">
        <ele>890.2</ele>
      </trkpt>
      <trkpt lat="35.50783940590918" lon="138.70976412668824">
        <ele>889.4</ele>
      </trkpt>
      <trkpt lat="35.50786371342838" lon="138.7098081316799">
        <ele>889.0</ele>
      </trkpt>
      <trkpt lat="35.50787955522537" lon="138.70989899151027">
        <ele>888.0</ele>
      </trkpt>
      <trkpt lat="35.50786874257028" lon="138.70993243530393">
        <ele>887.4</ele>
      </trkpt>
      <trkpt lat="35.507834292948246" lon="138.71000519022346">
        <ele>886.6</ele>
      </trkpt>
      <trkpt lat="35.50779297016561" lon="138.7100735027343">
        <ele>885.2</ele>
      </trkpt>
      <trkpt lat="35.507770171388984" lon="138.71010049246252">
        <ele>885.0</ele>
      </trkpt>
      <trkpt lat="35.50761753693223" lon="138.71019185520709">
        <ele>884.2</ele>
      </trkpt>
      <trkpt lat="35.507536148652434" lon="138.7101950403303">
        <ele>884.0</ele>
      </trkpt>
      <trkpt lat="35.5074290279299" lon="138.71017651632428">
        <ele>883.0</ele>
      </trkpt>
      <trkpt lat="35.50737286917865" lon="138.71013879776">
        <ele>882.0</ele>
      </trkpt>
      <trkpt lat="35.507347136735916" lon="138.71010937727988">
        <ele>881.2</ele>
      </trkpt>
      <trkpt lat="35.50732098519802" lon="138.71008238755167">
        <ele>881.0</ele>
      </trkpt>
      <trkpt lat="35.507211768999696" lon="138.70992648415267">
        <ele>880.8</ele>
      </trkpt>
      <trkpt lat="35.50710297189653" lon="138.70980645529926">
        <ele>880.0</ele>
      </trkpt>
      <trkpt lat="35.507071455940604" lon="138.70974141173065">
        <ele>879.8</ele>
      </trkpt>
      <trkpt lat="35.50695360638201" lon="138.709623394534">
        <ele>879.2</ele>
      </trkpt>
      <trkpt lat="35.50689820200205" lon="138.7095935549587">
        <ele>878.6</ele>
      </trkpt>
      <trkpt lat="35.50679803825915" lon="138.70948710478842">
        <ele>877.6</ele>
      </trkpt>
      <trkpt lat="35.506725534796715" lon="138.70941166765988">
        <ele>877.4</ele>
      </trkpt>
      <trkpt lat="35.506646996364" lon="138.70934947393835">
        <ele>877.2</ele>
      </trkpt>
      <trkpt lat="35.50658253952861" lon="138.70932357385755">
        <ele>876.4</ele>
      </trkpt>
      <trkpt lat="35.50652395002544" lon="138.7093104980886">
        <ele>875.8</ele>
      </trkpt>
      <trkpt lat="35.50647525116801" lon="138.7093279324472">
        <ele>875.6</ele>
      </trkpt>
      <trkpt lat="35.50643853843212" lon="138.7093797326088">
        <ele>875.4</ele>
      </trkpt>
      <trkpt lat="35.50642328336835" lon="138.70940638706088">
        <ele>875.4</ele>
      </trkpt>
      <trkpt lat="35.506412889808416" lon="138.70953504927456">
        <ele>874.2</ele>
      </trkpt>
      <trkpt lat="35.5064308270812" lon="138.70963496156037">
        <ele>874.0</ele>
      </trkpt>
      <trkpt lat="35.50645362585783" lon="138.70969019830227">
        <ele>873.4</ele>
      </trkpt>
      <trkpt lat="35.506471898406744" lon="138.70971811003983">
        <ele>872.6</ele>
      </trkpt>
      <trkpt lat="35.50656761974096" lon="138.7098305951804">
        <ele>871.6</ele>
      </trkpt>
      <trkpt lat="35.506588742136955" lon="138.70998540893197">
        <ele>871.0</ele>
      </trkpt>
      <trkpt lat="35.50661288201809" lon="138.71007392182946">
        <ele>870.4</ele>
      </trkpt>
      <trkpt lat="35.50662863999605" lon="138.71020241640508">
        <ele>869.0</ele>
      </trkpt>
      <trkpt lat="35.506669292226434" lon="138.71037935838103">
        <ele>867.8</ele>
      </trkpt>
      <trkpt lat="35.50667599774897" lon="138.71051673777401">
        <ele>866.4</ele>
      </trkpt>
      <trkpt lat="35.50668538548052" lon="138.71059988625348">
        <ele>865.4</ele>
      </trkpt>
      <trkpt lat="35.50669251009822" lon="138.7107370980084">
        <ele>864.4</ele>
      </trkpt>
      <trkpt lat="35.50669753924012" lon="138.7108372617513">
        <ele>863.2</ele>
      </trkpt>
      <trkpt lat="35.506704077124596" lon="138.7108695320785">
        <ele>862.8</ele>
      </trkpt>
      <trkpt lat="35.5067141354084" lon="138.7109676003456">
        <ele>862.2</ele>
      </trkpt>
      <trkpt lat="35.50673400051892" lon="138.71109718456864">
        <ele>861.4</ele>
      </trkpt>
      <trkpt lat="35.50674682483077" lon="138.71116407215595">
        <ele>860.6</ele>
      </trkpt>
      <trkpt lat="35.50676031969488" lon="138.711346546188">
        <ele>859.4</ele>
      </trkpt>
      <trkpt lat="35.50676685757935" lon="138.7113761343062">
        <ele>858.8</ele>
      </trkpt>
      <trkpt lat="35.50678529776633" lon="138.71145735494792">
        <ele>858.4</ele>
      </trkpt>
      <trkpt lat="35.5068470723927" lon="138.71170101687312">
        <ele>857.2</ele>
      </trkpt>
      <trkpt lat="35.506865764036775" lon="138.71180235408247">
        <ele>856.0</ele>
      </trkpt>
      <trkpt lat="35.506883366033435" lon="138.7118922919035">
        <ele>855.4</ele>
      </trkpt>
      <trkpt lat="35.50690222531557" lon="138.7119287531823">
        <ele>855.2</ele>
      </trkpt>
      <trkpt lat="35.50694941543043" lon="138.71209228411317">
        <ele>855.0</ele>
      </trkpt>
      <trkpt lat="35.50697565078735" lon="138.71223276481032">
        <ele>854.0</ele>
      </trkpt>
      <trkpt lat="35.50701957195997" lon="138.71246536262333">
        <ele>853.2</ele>
      </trkpt>
      <trkpt lat="35.50702787004411" lon="138.71249587275088">
        <ele>853.0</ele>
      </trkpt>
      <trkpt lat="35.50703658722341" lon="138.71253116056323">
        <ele>853.0</ele>
      </trkpt>
      <trkpt lat="35.5070613976568" lon="138.7126928474754">
        <ele>851.8</ele>
      </trkpt>
      <trkpt lat="35.507070450112224" lon="138.7127290572971">
        <ele>851.6</ele>
      </trkpt>
      <trkpt lat="35.50709031522274" lon="138.71281740255654">
        <ele>850.6</ele>
      </trkpt>
      <trkpt lat="35.50711588002741" lon="138.7129232659936">
        <ele>850.4</ele>
      </trkpt>
      <trkpt lat="35.50714982673526" lon="138.71315946802497">
        <ele>849.0</ele>
      </trkpt>
      <trkpt lat="35.507152173668146" lon="138.71321856044233">
        <ele>848.6</ele>
      </trkpt>
      <trkpt lat="35.507185366004705" lon="138.71344218961895">
        <ele>848.2</ele>
      </trkpt>
      <trkpt lat="35.50720715895295" lon="138.71357336640358">
        <ele>848.2</ele>
      </trkpt>
      <trkpt lat="35.50720942206681" lon="138.71360521763563">
        <ele>848.0</ele>
      </trkpt>
      <trkpt lat="35.507254851982" lon="138.71382532641292">
        <ele>846.8</ele>
      </trkpt>
      <trkpt lat="35.50730690360069" lon="138.7140530627221">
        <ele>846.0</ele>
      </trkpt>
      <trkpt lat="35.507344203069806" lon="138.7142730038613">
        <ele>845.8</ele>
      </trkpt>
      <trkpt lat="35.50735753029585" lon="138.71436931192875">
        <ele>845.6</ele>
      </trkpt>
      <trkpt lat="35.507389046251774" lon="138.71455488726497">
        <ele>844.6</ele>
      </trkpt>
      <trkpt lat="35.507397931069136" lon="138.71461465023458">
        <ele>844.2</ele>
      </trkpt>
      <trkpt lat="35.50738485530019" lon="138.71482361108065">
        <ele>844.0</ele>
      </trkpt>
      <trkpt lat="35.50727304071188" lon="138.7148749921471">
        <ele>844.2</ele>
      </trkpt>
      <trkpt lat="35.50708964467049" lon="138.71495436877012">
        <ele>843.6</ele>
      </trkpt>
      <trkpt lat="35.507005490362644" lon="138.7149931769818">
        <ele>843.2</ele>
      </trkpt>
      <trkpt lat="35.506826704367995" lon="138.71506090275943">
        <ele>843.4</ele>
      </trkpt>
      <trkpt lat="35.50677800551057" lon="138.71508185751736">
        <ele>843.0</ele>
      </trkpt>
      <trkpt lat="35.5065880715847" lon="138.7151784170419">
        <ele>843.2</ele>
      </trkpt>
      <trkpt lat="35.506503749638796" lon="138.71521948836744">
        <ele>842.8</ele>
      </trkpt>
      <trkpt lat="35.50642671994865" lon="138.71523432433605">
        <ele>842.8</ele>
      </trkpt>
      <trkpt lat="35.50628447905183" lon="138.71522426605225">
        <ele>843.4</ele>
      </trkpt>
      <trkpt lat="35.50609353929758" lon="138.7152048200369">
        <ele>843.8</ele>
      </trkpt>
      <trkpt lat="35.50604651682079" lon="138.7152059096843">
        <ele>843.8</ele>
      </trkpt>
      <trkpt lat="35.50584317184985" lon="138.71520574204624">
        <ele>843.2</ele>
      </trkpt>
      <trkpt lat="35.50576413050294" lon="138.7152080051601">
        <ele>843.2</ele>
      </trkpt>
      <trkpt lat="35.50556464120746" lon="138.7152244336903">
        <ele>843.4</ele>
      </trkpt>
      <trkpt lat="35.505509823560715" lon="138.71523055247962">
        <ele>843.4</ele>
      </trkpt>
      <trkpt lat="35.50532642751932" lon="138.71523625217378">
        <ele>843.2</ele>
      </trkpt>
      <trkpt lat="35.505299186334014" lon="138.7152410298586">
        <ele>843.0</ele>
      </trkpt>
      <trkpt lat="35.50527160987258" lon="138.71524178422987">
        <ele>843.0</ele>
      </trkpt>
      <trkpt lat="35.505201034247875" lon="138.71524706482887">
        <ele>842.2</ele>
      </trkpt>
      <trkpt lat="35.50508628599346" lon="138.7152701150626">
        <ele>842.4</ele>
      </trkpt>
      <trkpt lat="35.50493633374572" lon="138.71531487442553">
        <ele>843.2</ele>
      </trkpt>
      <trkpt lat="35.50486072897911" lon="138.71532568708062">
        <ele>843.0</ele>
      </trkpt>
      <trkpt lat="35.504685463383794" lon="138.71541587635875">
        <ele>843.0</ele>
      </trkpt>
      <trkpt lat="35.504654198884964" lon="138.71543062850833">
        <ele>843.0</ele>
      </trkpt>
      <trkpt lat="35.504470048472285" lon="138.71553330682218">
        <ele>842.8</ele>
      </trkpt>
      <trkpt lat="35.50446066074073" lon="138.71555828489363">
        <ele>842.6</ele>
      </trkpt>
      <trkpt lat="35.504370806738734" lon="138.7157503142953">
        <ele>842.2</ele>
      </trkpt>
      <trkpt lat="35.504358652979136" lon="138.71581812389195">
        <ele>841.8</ele>
      </trkpt>
      <trkpt lat="35.504353791475296" lon="138.71605114080012">
        <ele>841.4</ele>
      </trkpt>
      <trkpt lat="35.504349768161774" lon="138.71608299203217">
        <ele>841.4</ele>
      </trkpt>
      <trkpt lat="35.50434071570635" lon="138.71629681438208">
        <ele>841.4</ele>
      </trkpt>
      <trkpt lat="35.504353288561106" lon="138.71651424095035">
        <ele>841.4</ele>
      </trkpt>
      <trkpt lat="35.50437650643289" lon="138.7167427316308">
        <ele>841.2</ele>
      </trkpt>
      <trkpt lat="35.50438296049833" lon="138.71678137220442">
        <ele>841.2</ele>
      </trkpt>
      <trkpt lat="35.50439955666661" lon="138.71702880598605">
        <ele>841.0</ele>
      </trkpt>
      <trkpt lat="35.50441506318748" lon="138.71726190671325">
        <ele>840.8</ele>
      </trkpt>
      <trkpt lat="35.50441766157746" lon="138.71729434467852">
        <ele>841.0</ele>
      </trkpt>
      <trkpt lat="35.50440668128431" lon="138.71751571074128">
        <ele>840.2</ele>
      </trkpt>
      <trkpt lat="35.50440542399883" lon="138.71760497801006">
        <ele>840.4</ele>
      </trkpt>
      <trkpt lat="35.50440098159015" lon="138.7178344745189">
        <ele>841.0</ele>
      </trkpt>
      <trkpt lat="35.504394359886646" lon="138.71786666102707">
        <ele>841.0</ele>
      </trkpt>
      <trkpt lat="35.50431305542588" lon="138.7180860992521">
        <ele>841.2</ele>
      </trkpt>
      <trkpt lat="35.50422387197614" lon="138.71829187497497">
        <ele>840.4</ele>
      </trkpt>
      <trkpt lat="35.50413619726896" lon="138.71851433068514">
        <ele>840.8</ele>
      </trkpt>
      <trkpt lat="35.5040633585304" lon="138.7187169212848">
        <ele>841.0</ele>
      </trkpt>
      <trkpt lat="35.50404206849635" lon="138.71880250051618">
        <ele>841.0</ele>
      </trkpt>
      <trkpt lat="35.503977444022894" lon="138.71887810528278">
        <ele>841.4</ele>
      </trkpt>
      <trkpt lat="35.503911562263966" lon="138.71898287907243">
        <ele>841.0</ele>
      </trkpt>
      <trkpt lat="35.50389940850437" lon="138.7189981341362">
        <ele>841.0</ele>
      </trkpt>
      <trkpt lat="35.50387325696647" lon="138.71902763843536">
        <ele>841.2</ele>
      </trkpt>
      <trkpt lat="35.50382422283292" lon="138.7190710566938">
        <ele>841.2</ele>
      </trkpt>
      <trkpt lat="35.503719951957464" lon="138.71924162842333">
        <ele>841.2</ele>
      </trkpt>
      <trkpt lat="35.5035749450326" lon="138.71941697783768">
        <ele>841.6</ele>
      </trkpt>
      <trkpt lat="35.503462459892035" lon="138.71956776827574">
        <ele>841.4</ele>
      </trkpt>
      <trkpt lat="35.50333606079221" lon="138.71973138302565">
        <ele>841.6</ele>
      </trkpt>
      <trkpt lat="35.503294905647635" lon="138.71977983042598">
        <ele>841.6</ele>
      </trkpt>
      <trkpt lat="35.50318568944931" lon="138.7199715245515">
        <ele>841.2</ele>
      </trkpt>
      <trkpt lat="35.503074964508414" lon="138.72011988423765">
        <ele>840.8</ele>
      </trkpt>
      <trkpt lat="35.502937249839306" lon="138.72030931524932">
        <ele>840.6</ele>
      </trkpt>
      <trkpt lat="35.50292484462261" lon="138.7203351315111">
        <ele>840.6</ele>
      </trkpt>
      <trkpt lat="35.50277807749808" lon="138.7205124925822">
        <ele>840.8</ele>
      </trkpt>
      <trkpt lat="35.502765672281384" lon="138.72053235769272">
        <ele>840.8</ele>
      </trkpt>
      <trkpt lat="35.50262410193682" lon="138.72071349062026">
        <ele>840.6</ele>
      </trkpt>
      <trkpt lat="35.502578085288405" lon="138.7207598425448">
        <ele>840.6</ele>
      </trkpt>
      <trkpt lat="35.502501307055354" lon="138.7208521272987">
        <ele>840.0</ele>
      </trkpt>
      <trkpt lat="35.5023988801986" lon="138.7209940329194">
        <ele>840.4</ele>
      </trkpt>
      <trkpt lat="35.50227147527039" lon="138.72115320526063">
        <ele>840.0</ele>
      </trkpt>
      <trkpt lat="35.50225672312081" lon="138.72118237428367">
        <ele>840.0</ele>
      </trkpt>
      <trkpt lat="35.502241468057036" lon="138.72120559215546">
        <ele>840.0</ele>
      </trkpt>
      <trkpt lat="35.502185644581914" lon="138.7214203365147">
        <ele>840.0</ele>
      </trkpt>
      <trkpt lat="35.502175921574235" lon="138.72165963985026">
        <ele>840.0</ele>
      </trkpt>
      <trkpt lat="35.50216745585203" lon="138.72171646915376">
        <ele>839.8</ele>
      </trkpt>
      <trkpt lat="35.50214817747474" lon="138.72196532785892">
        <ele>839.8</ele>
      </trkpt>
      <trkpt lat="35.50212579779327" lon="138.7221949081868">
        <ele>840.0</ele>
      </trkpt>
      <trkpt lat="35.502120181918144" lon="138.72225458733737">
        <ele>840.0</ele>
      </trkpt>
      <trkpt lat="35.50212822854519" lon="138.7224856764078">
        <ele>840.0</ele>
      </trkpt>
      <trkpt lat="35.50212713889778" lon="138.72251886874437">
        <ele>840.0</ele>
      </trkpt>
      <trkpt lat="35.502117834985256" lon="138.7227449286729">
        <ele>840.0</ele>
      </trkpt>
      <trkpt lat="35.5020999815315" lon="138.7228709924966">
        <ele>840.0</ele>
      </trkpt>
      <trkpt lat="35.50206804648042" lon="138.72309369966388">
        <ele>839.6</ele>
      </trkpt>
      <trkpt lat="35.501993698999286" lon="138.72329897247255">
        <ele>840.2</ele>
      </trkpt>
      <trkpt lat="35.501980539411306" lon="138.72332906350493">
        <ele>840.2</ele>
      </trkpt>
      <trkpt lat="35.501862773671746" lon="138.72351354919374">
        <ele>840.0</ele>
      </trkpt>
      <trkpt lat="35.50184718333185" lon="138.7235334981233">
        <ele>839.8</ele>
      </trkpt>
      <trkpt lat="35.50175942480564" lon="138.72371521778405">
        <ele>840.0</ele>
      </trkpt>
      <trkpt lat="35.50165414810181" lon="138.72392560355365">
        <ele>839.8</ele>
      </trkpt>
      <trkpt lat="35.50156429409981" lon="138.72411411255598">
        <ele>839.6</ele>
      </trkpt>
      <trkpt lat="35.50149296410382" lon="138.72431678697467">
        <ele>839.6</ele>
      </trkpt>
      <trkpt lat="35.50141836516559" lon="138.72454033233225">
        <ele>839.8</ele>
      </trkpt>
      <trkpt lat="35.50135089084506" lon="138.72476153075695">
        <ele>839.6</ele>
      </trkpt>
      <trkpt lat="35.50128140486777" lon="138.72495179995894">
        <ele>839.8</ele>
      </trkpt>
      <trkpt lat="35.50123765133321" lon="138.72515472583473">
        <ele>839.4</ele>
      </trkpt>
      <trkpt lat="35.501254415139556" lon="138.72535597532988">
        <ele>839.6</ele>
      </trkpt>
      <trkpt lat="35.50129992887378" lon="138.72556409798563">
        <ele>839.6</ele>
      </trkpt>
      <trkpt lat="35.5013523157686" lon="138.7257883977145">
        <ele>839.6</ele>
      </trkpt>
      <trkpt lat="35.501347705721855" lon="138.72581496834755">
        <ele>839.4</ele>
      </trkpt>
      <trkpt lat="35.50139833241701" lon="138.7260003760457">
        <ele>839.6</ele>
      </trkpt>
      <trkpt lat="35.501513835042715" lon="138.7261800840497">
        <ele>839.6</ele>
      </trkpt>
      <trkpt lat="35.50152565352619" lon="138.72620346955955">
        <ele>839.6</ele>
      </trkpt>
      <trkpt lat="35.50167292356491" lon="138.7263003643602">
        <ele>839.8</ele>
      </trkpt>
      <trkpt lat="35.50180971622467" lon="138.72642206959426">
        <ele>839.6</ele>
      </trkpt>
      <trkpt lat="35.50196620635688" lon="138.72658006846905">
        <ele>840.2</ele>
      </trkpt>
      <trkpt lat="35.502037620171905" lon="138.72667863965034">
        <ele>840.0</ele>
      </trkpt>
      <trkpt lat="35.502071315422654" lon="138.7268244009465">
        <ele>840.4</ele>
      </trkpt>
      <trkpt lat="35.502065448090434" lon="138.7268566712737">
        <ele>840.6</ele>
      </trkpt>
      <trkpt lat="35.50206779502332" lon="138.7270849943161">
        <ele>840.4</ele>
      </trkpt>
      <trkpt lat="35.502092353999615" lon="138.72729370370507">
        <ele>840.4</ele>
      </trkpt>
      <trkpt lat="35.50207877531648" lon="138.72748573310673">
        <ele>840.8</ele>
      </trkpt>
      <trkpt lat="35.502136275172234" lon="138.72763384133577">
        <ele>840.4</ele>
      </trkpt>
      <trkpt lat="35.50224314443767" lon="138.72783207334578">
        <ele>841.2</ele>
      </trkpt>
      <trkpt lat="35.50230768509209" lon="138.72801622375846">
        <ele>841.2</ele>
      </trkpt>
      <trkpt lat="35.502302991226315" lon="138.72821118682623">
        <ele>841.6</ele>
      </trkpt>
      <trkpt lat="35.50225152634084" lon="138.72837463393807">
        <ele>841.4</ele>
      </trkpt>
      <trkpt lat="35.502169048413634" lon="138.72857403941453">
        <ele>841.2</ele>
      </trkpt>
      <trkpt lat="35.50204533152282" lon="138.72876858338714">
        <ele>841.2</ele>
      </trkpt>
      <trkpt lat="35.502027394250035" lon="138.72880621813238">
        <ele>841.2</ele>
      </trkpt>
      <trkpt lat="35.5020294059068" lon="138.72898827306926">
        <ele>841.2</ele>
      </trkpt>
      <trkpt lat="35.50197618082166" lon="138.72914937324822">
        <ele>841.2</ele>
      </trkpt>
      <trkpt lat="35.501912981271744" lon="138.7293623574078">
        <ele>841.0</ele>
      </trkpt>
      <trkpt lat="35.501908203586936" lon="138.729394543916">
        <ele>841.0</ele>
      </trkpt>
      <trkpt lat="35.501927649602294" lon="138.72955547645688">
        <ele>840.8</ele>
      </trkpt>
      <trkpt lat="35.50197978504002" lon="138.72977868653834">
        <ele>841.0</ele>
      </trkpt>
      <trkpt lat="35.50201867707074" lon="138.72992059215903">
        <ele>840.8</ele>
      </trkpt>
      <trkpt lat="35.502097299322486" lon="138.73008521273732">
        <ele>841.2</ele>
      </trkpt>
      <trkpt lat="35.50223333761096" lon="138.73024036176503">
        <ele>840.8</ele>
      </trkpt>
      <trkpt lat="35.502357222139835" lon="138.73033004812896">
        <ele>840.8</ele>
      </trkpt>
      <trkpt lat="35.50246383994818" lon="138.73041487298906">
        <ele>840.6</ele>
      </trkpt>
      <trkpt lat="35.50262033008039" lon="138.7305616401136">
        <ele>840.6</ele>
      </trkpt>
      <trkpt lat="35.50268629565835" lon="138.7306359037757">
        <ele>840.8</ele>
      </trkpt>
      <trkpt lat="35.502721248194575" lon="138.73074352741241">
        <ele>841.4</ele>
      </trkpt>
      <trkpt lat="35.50277145579457" lon="138.73098115436733">
        <ele>841.6</ele>
      </trkpt>
      <trkpt lat="35.50276776775718" lon="138.73101258650422">
        <ele>841.8</ele>
      </trkpt>
      <trkpt lat="35.502749076113105" lon="138.73114560730755">
        <ele>841.8</ele>
      </trkpt>
      <trkpt lat="35.502703143283725" lon="138.7313381396234">
        <ele>841.6</ele>
      </trkpt>
      <trkpt lat="35.50269031897187" lon="138.73136186040938">
        <ele>841.6</ele>
      </trkpt>
      <trkpt lat="35.50268126651645" lon="138.73151977546513">
        <ele>841.8</ele>
      </trkpt>
      <trkpt lat="35.502674812451005" lon="138.73167048208416">
        <ele>841.6</ele>
      </trkpt>
      <trkpt lat="35.50267757847905" lon="138.73173477128148">
        <ele>841.6</ele>
      </trkpt>
      <trkpt lat="35.50269350409508" lon="138.73189159668982">
        <ele>841.4</ele>
      </trkpt>
      <trkpt lat="35.502788638696074" lon="138.7320945225656">
        <ele>841.4</ele>
      </trkpt>
      <trkpt lat="35.502910846844316" lon="138.73221916146576">
        <ele>841.4</ele>
      </trkpt>
      <trkpt lat="35.50301578827202" lon="138.73233600519598">
        <ele>841.6</ele>
      </trkpt>
      <trkpt lat="35.50315643660724" lon="138.73249257914722">
        <ele>841.2</ele>
      </trkpt>
      <trkpt lat="35.50317051820457" lon="138.73252116143703">
        <ele>841.2</ele>
      </trkpt>
      <trkpt lat="35.50319851376116" lon="138.7325538508594">
        <ele>841.6</ele>
      </trkpt>
      <trkpt lat="35.50327990204096" lon="138.73266893438995">
        <ele>841.8</ele>
      </trkpt>
      <trkpt lat="35.50334410741925" lon="138.73275157995522">
        <ele>841.6</ele>
      </trkpt>
      <trkpt lat="35.50335567444563" lon="138.73277965933084">
        <ele>841.6</ele>
      </trkpt>
      <trkpt lat="35.50345147959888" lon="138.73294478282332">
        <ele>841.8</ele>
      </trkpt>
      <trkpt lat="35.50353052094579" lon="138.73309473507106">
        <ele>841.6</ele>
      </trkpt>
      <trkpt lat="35.50361257977784" lon="138.733247872442">
        <ele>842.0</ele>
      </trkpt>
      <trkpt lat="35.503732692450285" lon="138.73337410390377">
        <ele>841.2</ele>
      </trkpt>
      <trkpt lat="35.50389069132507" lon="138.73350687325">
        <ele>841.0</ele>
      </trkpt>
      <trkpt lat="35.50399135798216" lon="138.7335647083819">
        <ele>840.6</ele>
      </trkpt>
      <trkpt lat="35.50406830385327" lon="138.73359127901495">
        <ele>840.6</ele>
      </trkpt>
      <trkpt lat="35.50408967770636" lon="138.73360469006002">
        <ele>840.6</ele>
      </trkpt>
      <trkpt lat="35.50418288446963" lon="138.73370384797454">
        <ele>840.0</ele>
      </trkpt>
      <trkpt lat="35.50427684560418" lon="138.73377752490342">
        <ele>839.8</ele>
      </trkpt>
      <trkpt lat="35.50442520529032" lon="138.73388330452144">
        <ele>839.6</ele>
      </trkpt>
      <trkpt lat="35.50448480062187" lon="138.73392806388438">
        <ele>839.2</ele>
      </trkpt>
      <trkpt lat="35.50458303652704" lon="138.7340024113655">
        <ele>839.0</ele>
      </trkpt>
      <trkpt lat="35.50467045977712" lon="138.7340454943478">
        <ele>839.0</ele>
      </trkpt>
      <trkpt lat="35.50486005842686" lon="138.7341289781034">
        <ele>838.4</ele>
      </trkpt>
      <trkpt lat="35.504942368716" lon="138.7341501004994">
        <ele>838.6</ele>
      </trkpt>
      <trkpt lat="35.50507706589997" lon="138.7342077679932">
        <ele>838.0</ele>
      </trkpt>
      <trkpt lat="35.50514906644821" lon="138.7342286389321">
        <ele>838.2</ele>
      </trkpt>
      <trkpt lat="35.50533858127892" lon="138.73429854400456">
        <ele>838.2</ele>
      </trkpt>
      <trkpt lat="35.505364229902625" lon="138.73431907966733">
        <ele>838.2</ele>
      </trkpt>
      <trkpt lat="35.50554578192532" lon="138.73441429808736">
        <ele>837.8</ele>
      </trkpt>
      <trkpt lat="35.50558182410896" lon="138.7344360910356">
        <ele>837.8</ele>
      </trkpt>
      <trkpt lat="35.50576471723616" lon="138.73453021980822">
        <ele>838.0</ele>
      </trkpt>
      <trkpt lat="35.50594844855368" lon="138.7346371728927">
        <ele>837.8</ele>
      </trkpt>
      <trkpt lat="35.50601692870259" lon="138.73469090089202">
        <ele>837.8</ele>
      </trkpt>
      <trkpt lat="35.506207114085555" lon="138.7348012905568">
        <ele>837.8</ele>
      </trkpt>
      <trkpt lat="35.5062341876328" lon="138.7348198145628">
        <ele>837.8</ele>
      </trkpt>
      <trkpt lat="35.50641339272261" lon="138.73494671657681">
        <ele>837.8</ele>
      </trkpt>
      <trkpt lat="35.50645982846618" lon="138.7350045517087">
        <ele>837.6</ele>
      </trkpt>
      <trkpt lat="35.50662302412093" lon="138.73516079038382">
        <ele>837.6</ele>
      </trkpt>
      <trkpt lat="35.50668278709054" lon="138.73524192720652">
        <ele>837.2</ele>
      </trkpt>
      <trkpt lat="35.506836427375674" lon="138.73540537431836">
        <ele>837.2</ele>
      </trkpt>
      <trkpt lat="35.50691890530288" lon="138.73549975454807">
        <ele>837.2</ele>
      </trkpt>
      <trkpt lat="35.507029043510556" lon="138.73557862825692">
        <ele>836.8</ele>
      </trkpt>
      <trkpt lat="35.50710045732558" lon="138.73562179505825">
        <ele>836.6</ele>
      </trkpt>
      <trkpt lat="35.507285529747605" lon="138.7356557417661">
        <ele>836.4</ele>
      </trkpt>
      <trkpt lat="35.507486779242754" lon="138.7356737628579">
        <ele>837.0</ele>
      </trkpt>
      <trkpt lat="35.50757470540702" lon="138.7356927897781">
        <ele>836.8</ele>
      </trkpt>
      <trkpt lat="35.50776556134224" lon="138.73569899238646">
        <ele>837.0</ele>
      </trkpt>
      <trkpt lat="35.5079470295459" lon="138.73571190051734">
        <ele>837.2</ele>
      </trkpt>
      <trkpt lat="35.50812799483538" lon="138.735732100904">
        <ele>837.8</ele>
      </trkpt>
      <trkpt lat="35.50815272144973" lon="138.73573930934072">
        <ele>838.0</ele>
      </trkpt>
      <trkpt lat="35.508204605430365" lon="138.73574945144355">
        <ele>838.4</ele>
      </trkpt>
      <trkpt lat="35.50831382162869" lon="138.73582178726792">
        <ele>838.6</ele>
      </trkpt>
      <trkpt lat="35.50842999480665" lon="138.73601314611733">
        <ele>838.8</ele>
      </trkpt>
      <trkpt lat="35.508496379479766" lon="138.73625362291932">
        <ele>839.0</ele>
      </trkpt>
      <trkpt lat="35.50853971391916" lon="138.73647247441113">
        <ele>838.8</ele>
      </trkpt>
      <trkpt lat="35.50854776054621" lon="138.73669987544417">
        <ele>838.6</ele>
      </trkpt>
      <trkpt lat="35.50856318324804" lon="138.73684857040644">
        <ele>838.6</ele>
      </trkpt>
      <trkpt lat="35.50858212634921" lon="138.73707194812596">
        <ele>838.4</ele>
      </trkpt>
      <trkpt lat="35.5086156539619" lon="138.73716976493597">
        <ele>838.4</ele>
      </trkpt>
      <trkpt lat="35.50873694010079" lon="138.73737771995366">
        <ele>838.4</ele>
      </trkpt>
      <trkpt lat="35.50885654985905" lon="138.73753739520907">
        <ele>838.2</ele>
      </trkpt>
      <trkpt lat="35.50895889289677" lon="138.73768952675164">
        <ele>838.2</ele>
      </trkpt>
      <trkpt lat="35.509071964770555" lon="138.73781961388886">
        <ele>838.2</ele>
      </trkpt>
      <trkpt lat="35.509204315021634" lon="138.73797476291656">
        <ele>838.2</ele>
      </trkpt>
      <trkpt lat="35.50923189148307" lon="138.73799948953092">
        <ele>838.2</ele>
      </trkpt>
      <trkpt lat="35.50928126089275" lon="138.73817324638367">
        <ele>838.2</ele>
      </trkpt>
      <trkpt lat="35.50931294448674" lon="138.73839410953224">
        <ele>838.4</ele>
      </trkpt>
      <trkpt lat="35.509313279762864" lon="138.7384220212698">
        <ele>838.4</ele>
      </trkpt>
      <trkpt lat="35.509368516504765" lon="138.73867146670818">
        <ele>838.6</ele>
      </trkpt>
      <trkpt lat="35.509392488747835" lon="138.73887171037495">
        <ele>838.6</ele>
      </trkpt>
      <trkpt lat="35.509391063824296" lon="138.73889610171318">
        <ele>838.4</ele>
      </trkpt>
      <trkpt lat="35.509395841509104" lon="138.73912920244038">
        <ele>838.4</ele>
      </trkpt>
      <trkpt lat="35.50940020009875" lon="138.73916633427143">
        <ele>838.6</ele>
      </trkpt>
      <trkpt lat="35.50940405577421" lon="138.73939532786608">
        <ele>838.6</ele>
      </trkpt>
      <trkpt lat="35.50941729918122" lon="138.73961702920496">
        <ele>838.4</ele>
      </trkpt>
      <trkpt lat="35.50942090339959" lon="138.7396675720811">
        <ele>838.4</ele>
      </trkpt>
      <trkpt lat="35.50943087786436" lon="138.73990084044635">
        <ele>838.4</ele>
      </trkpt>
      <trkpt lat="35.50943490117788" lon="138.7399352900684">
        <ele>838.4</ele>
      </trkpt>
      <trkpt lat="35.50944386981428" lon="138.74018465168774">
        <ele>838.6</ele>
      </trkpt>
      <trkpt lat="35.509446300566196" lon="138.74021884985268">
        <ele>838.6</ele>
      </trkpt>
      <trkpt lat="35.50941704772413" lon="138.74044373631477">
        <ele>838.8</ele>
      </trkpt>
      <trkpt lat="35.509414030238986" lon="138.7404665350914">
        <ele>839.0</ele>
      </trkpt>
      <trkpt lat="35.50941654480994" lon="138.74060466885567">
        <ele>839.0</ele>
      </trkpt>
      <trkpt lat="35.50939416512847" lon="138.74070575460792">
        <ele>839.2</ele>
      </trkpt>
      <trkpt lat="35.50937161780894" lon="138.7408798467368">
        <ele>839.2</ele>
      </trkpt>
      <trkpt lat="35.5093424487859" lon="138.741099787876">
        <ele>839.6</ele>
      </trkpt>
      <trkpt lat="35.50931001082063" lon="138.74118888750672">
        <ele>839.8</ele>
      </trkpt>
      <trkpt lat="35.50926516763866" lon="138.74142148531973">
        <ele>840.0</ele>
      </trkpt>
      <trkpt lat="35.509265419095755" lon="138.74144872650504">
        <ele>840.0</ele>
      </trkpt>
      <trkpt lat="35.509248403832316" lon="138.74169691465795">
        <ele>840.0</ele>
      </trkpt>
      <trkpt lat="35.509237088263035" lon="138.74179766513407">
        <ele>840.0</ele>
      </trkpt>
      <trkpt lat="35.50920548848808" lon="138.7420533131808">
        <ele>839.6</ele>
      </trkpt>
      <trkpt lat="35.5092010460794" lon="138.7420844938606">
        <ele>839.6</ele>
      </trkpt>
      <trkpt lat="35.50920750014484" lon="138.74231860041618">
        <ele>839.4</ele>
      </trkpt>
      <trkpt lat="35.50919425673783" lon="138.74254994094372">
        <ele>839.0</ele>
      </trkpt>
      <trkpt lat="35.509185288101435" lon="138.742611464113">
        <ele>839.0</ele>
      </trkpt>
      <trkpt lat="35.509188221767545" lon="138.74285638332367">
        <ele>838.6</ele>
      </trkpt>
      <trkpt lat="35.50918897613883" lon="138.74296090565622">
        <ele>838.4</ele>
      </trkpt>
      <trkpt lat="35.509201968088746" lon="138.74318646267056">
        <ele>838.4</ele>
      </trkpt>
      <trkpt lat="35.50921252928674" lon="138.74325636774302">
        <ele>838.4</ele>
      </trkpt>
      <trkpt lat="35.509224934503436" lon="138.7433543521911">
        <ele>838.2</ele>
      </trkpt>
      <trkpt lat="35.50926173105836" lon="138.74350941739976">
        <ele>838.0</ele>
      </trkpt>
      <trkpt lat="35.50931587815285" lon="138.7437244132161">
        <ele>838.6</ele>
      </trkpt>
      <trkpt lat="35.50937999971211" lon="138.74394007958472">
        <ele>838.6</ele>
      </trkpt>
      <trkpt lat="35.509474128484726" lon="138.7441374734044">
        <ele>838.6</ele>
      </trkpt>
      <trkpt lat="35.50954084843397" lon="138.74433184973896">
        <ele>838.8</ele>
      </trkpt>
      <trkpt lat="35.50964101217687" lon="138.74455220997334">
        <ele>839.0</ele>
      </trkpt>
      <trkpt lat="35.50972349010408" lon="138.74476393684745">
        <ele>838.8</ele>
      </trkpt>
      <trkpt lat="35.50985634326935" lon="138.74494146555662">
        <ele>839.0</ele>
      </trkpt>
      <trkpt lat="35.50999632105231" lon="138.7449466623366">
        <ele>839.0</ele>
      </trkpt>
      <trkpt lat="35.510186925530434" lon="138.74496627599">
        <ele>839.2</ele>
      </trkpt>
      <trkpt lat="35.5102077126503" lon="138.74496292322874">
        <ele>839.2</ele>
      </trkpt>
      <trkpt lat="35.5103234667331" lon="138.74492034316063">
        <ele>839.2</ele>
      </trkpt>
      <trkpt lat="35.51041055470705" lon="138.7449142243713">
        <ele>839.4</ele>
      </trkpt>
      <trkpt lat="35.510457241907716" lon="138.7448806129396">
        <ele>839.4</ele>
      </trkpt>
      <trkpt lat="35.510504096746445" lon="138.74487709254026">
        <ele>839.4</ele>
      </trkpt>
      <trkpt lat="35.51058808341622" lon="138.7448679562658">
        <ele>839.2</ele>
      </trkpt>
      <trkpt lat="35.51077030599117" lon="138.74490911141038">
        <ele>839.0</ele>
      </trkpt>
      <trkpt lat="35.51079846918583" lon="138.7449062615633">
        <ele>839.0</ele>
      </trkpt>
      <trkpt lat="35.51098505035043" lon="138.7450233567506">
        <ele>838.8</ele>
      </trkpt>
      <trkpt lat="35.51100315526128" lon="138.7450524419546">
        <ele>838.8</ele>
      </trkpt>
      <trkpt lat="35.51116241142154" lon="138.74519702978432">
        <ele>838.4</ele>
      </trkpt>
      <trkpt lat="35.51120616495609" lon="138.74524975195527">
        <ele>838.2</ele>
      </trkpt>
      <trkpt lat="35.51129794679582" lon="138.74543742276728">
        <ele>838.2</ele>
      </trkpt>
      <trkpt lat="35.511305909603834" lon="138.7454652506858">
        <ele>838.4</ele>
      </trkpt>
      <trkpt lat="35.51134379580617" lon="138.74565887264907">
        <ele>838.2</ele>
      </trkpt>
      <trkpt lat="35.511340694501996" lon="138.74590706080198">
        <ele>837.8</ele>
      </trkpt>
      <trkpt lat="35.511339688673615" lon="138.7459420133382">
        <ele>837.8</ele>
      </trkpt>
      <trkpt lat="35.511272298172116" lon="138.7461692467332">
        <ele>837.6</ele>
      </trkpt>
      <trkpt lat="35.511207757517695" lon="138.74635725282133">
        <ele>837.2</ele>
      </trkpt>
      <trkpt lat="35.5111956037581" lon="138.74637820757926">
        <ele>837.0</ele>
      </trkpt>
      <trkpt lat="35.51115193404257" lon="138.74656269326806">
        <ele>837.2</ele>
      </trkpt>
      <trkpt lat="35.51109409891069" lon="138.74678204767406">
        <ele>837.2</ele>
      </trkpt>
      <trkpt lat="35.511061577126384" lon="138.74688698910177">
        <ele>837.0</ele>
      </trkpt>
      <trkpt lat="35.51098220050335" lon="138.74711397103965">
        <ele>837.2</ele>
      </trkpt>
      <trkpt lat="35.510976584628224" lon="138.74714171513915">
        <ele>837.4</ele>
      </trkpt>
      <trkpt lat="35.51094934344292" lon="138.74736023135483">
        <ele>837.0</ele>
      </trkpt>
      <trkpt lat="35.51094640977681" lon="138.7474328186363">
        <ele>837.0</ele>
      </trkpt>
      <trkpt lat="35.510975662618876" lon="138.74756567180157">
        <ele>836.0</ele>
      </trkpt>
      <trkpt lat="35.51099452190101" lon="138.74762292020023">
        <ele>836.2</ele>
      </trkpt>
      <trkpt lat="35.51108052022755" lon="138.7478295341134">
        <ele>836.4</ele>
      </trkpt>
      <trkpt lat="35.511109940707684" lon="138.74788016080856">
        <ele>836.2</ele>
      </trkpt>
      <trkpt lat="35.5111903231591" lon="138.74803815968335">
        <ele>836.4</ele>
      </trkpt>
      <trkpt lat="35.51124866120517" lon="138.7481955718249">
        <ele>836.4</ele>
      </trkpt>
      <trkpt lat="35.51127506420016" lon="138.74825072474778">
        <ele>836.6</ele>
      </trkpt>
      <trkpt lat="35.511406073346734" lon="138.74844149686396">
        <ele>836.8</ele>
      </trkpt>
      <trkpt lat="35.5114546045661" lon="138.74852783046663">
        <ele>836.6</ele>
      </trkpt>
      <trkpt lat="35.511570274829865" lon="138.7487238831818">
        <ele>837.0</ele>
      </trkpt>
      <trkpt lat="35.511671863496304" lon="138.74893762171268">
        <ele>837.0</ele>
      </trkpt>
      <trkpt lat="35.51168485544622" lon="138.74895924702287">
        <ele>837.2</ele>
      </trkpt>
      <trkpt lat="35.51169893704355" lon="138.7489868234843">
        <ele>837.2</ele>
      </trkpt>
      <trkpt lat="35.51174646243453" lon="138.74917692504823">
        <ele>837.2</ele>
      </trkpt>
      <trkpt lat="35.51179834641516" lon="138.74938781373203">
        <ele>837.0</ele>
      </trkpt>
      <trkpt lat="35.511811254546046" lon="138.7495841179043">
        <ele>837.2</ele>
      </trkpt>
      <trkpt lat="35.511793652549386" lon="138.7497608922422">
        <ele>837.2</ele>
      </trkpt>
      <trkpt lat="35.51176792010665" lon="138.74994395300746">
        <ele>836.6</ele>
      </trkpt>
      <trkpt lat="35.51172936335206" lon="138.75016959384084">
        <ele>836.8</ele>
      </trkpt>
      <trkpt lat="35.51168452017009" lon="138.75038475729525">
        <ele>836.8</ele>
      </trkpt>
      <trkpt lat="35.51159206777811" lon="138.75059556216002">
        <ele>837.0</ele>
      </trkpt>
      <trkpt lat="35.51144647412002" lon="138.7507297564298">
        <ele>837.4</ele>
      </trkpt>
      <trkpt lat="35.51139266230166" lon="138.75077635981143">
        <ele>837.4</ele>
      </trkpt>
      <trkpt lat="35.51120809279382" lon="138.75082698650658">
        <ele>837.2</ele>
      </trkpt>
      <trkpt lat="35.51116140559316" lon="138.75085355713964">
        <ele>837.2</ele>
      </trkpt>
      <trkpt lat="35.51095252856612" lon="138.7508447561413">
        <ele>836.6</ele>
      </trkpt>
      <trkpt lat="35.510923862457275" lon="138.750828076154">
        <ele>836.4</ele>
      </trkpt>
      <trkpt lat="35.51077558659017" lon="138.75071299262345">
        <ele>836.2</ele>
      </trkpt>
      <trkpt lat="35.51059830933809" lon="138.75062313862145">
        <ele>837.0</ele>
      </trkpt>
      <trkpt lat="35.510520692914724" lon="138.750619282946">
        <ele>837.2</ele>
      </trkpt>
      <trkpt lat="35.51033486612141" lon="138.75066404230893">
        <ele>837.4</ele>
      </trkpt>
      <trkpt lat="35.510201677680016" lon="138.7508186046034">
        <ele>837.0</ele>
      </trkpt>
      <trkpt lat="35.51013831049204" lon="138.7510144058615">
        <ele>837.4</ele>
      </trkpt>
      <trkpt lat="35.51016245037317" lon="138.75124624930322">
        <ele>836.8</ele>
      </trkpt>
      <trkpt lat="35.510208467021585" lon="138.7514285556972">
        <ele>837.4</ele>
      </trkpt>
      <trkpt lat="35.51027996465564" lon="138.75159485265613">
        <ele>837.2</ele>
      </trkpt>
      <trkpt lat="35.51038230769336" lon="138.7517755664885">
        <ele>837.4</ele>
      </trkpt>
      <trkpt lat="35.51053871400654" lon="138.75190607272089">
        <ele>837.0</ele>
      </trkpt>
      <trkpt lat="35.51067542284727" lon="138.75206910073757">
        <ele>836.6</ele>
      </trkpt>
      <trkpt lat="35.51072244532406" lon="138.75213623978198">
        <ele>836.6</ele>
      </trkpt>
      <trkpt lat="35.5107656121254" lon="138.75220329500735">
        <ele>835.8</ele>
      </trkpt>
      <trkpt lat="35.51085529848933" lon="138.7523236591369">
        <ele>835.6</ele>
      </trkpt>
      <trkpt lat="35.5110140517354" lon="138.7524801492691">
        <ele>835.4</ele>
      </trkpt>
      <trkpt lat="35.511194095015526" lon="138.75258659943938">
        <ele>835.8</ele>
      </trkpt>
      <trkpt lat="35.511249331757426" lon="138.75261082313955">
        <ele>835.6</ele>
      </trkpt>
      <trkpt lat="35.51143172197044" lon="138.75267972238362">
        <ele>835.6</ele>
      </trkpt>
      <trkpt lat="35.51145820878446" lon="138.75269087031484">
        <ele>835.6</ele>
      </trkpt>
      <trkpt lat="35.511595671996474" lon="138.75278550200164">
        <ele>835.4</ele>
      </trkpt>
      <trkpt lat="35.51166331395507" lon="138.75298054888844">
        <ele>835.4</ele>
      </trkpt>
      <trkpt lat="35.511671947315335" lon="138.75321549363434">
        <ele>835.6</ele>
      </trkpt>
      <trkpt lat="35.511661134660244" lon="138.75328028574586">
        <ele>835.6</ele>
      </trkpt>
      <trkpt lat="35.51163163036108" lon="138.75350232236087">
        <ele>835.4</ele>
      </trkpt>
      <trkpt lat="35.51159483380616" lon="138.75371958129108">
        <ele>835.4</ele>
      </trkpt>
      <trkpt lat="35.51158703863621" lon="138.75377875752747">
        <ele>835.4</ele>
      </trkpt>
      <trkpt lat="35.511550744995475" lon="138.7539530172944">
        <ele>835.8</ele>
      </trkpt>
      <trkpt lat="35.511505734175444" lon="138.75418712385">
        <ele>835.4</ele>
      </trkpt>
      <trkpt lat="35.511499028652906" lon="138.7542157061398">
        <ele>835.6</ele>
      </trkpt>
      <trkpt lat="35.51146047189832" lon="138.75443229451776">
        <ele>835.4</ele>
      </trkpt>
      <trkpt lat="35.5114458873868" lon="138.7545006070286">
        <ele>835.6</ele>
      </trkpt>
      <trkpt lat="35.51140104420483" lon="138.75468517653644">
        <ele>836.0</ele>
      </trkpt>
      <trkpt lat="35.51136349327862" lon="138.75490067526698">
        <ele>836.0</ele>
      </trkpt>
      <trkpt lat="35.51131462678313" lon="138.75508633442223">
        <ele>836.0</ele>
      </trkpt>
      <trkpt lat="35.51126844249666" lon="138.75514643266797">
        <ele>836.0</ele>
      </trkpt>
      <trkpt lat="35.51126383244991" lon="138.75518582761288">
        <ele>836.0</ele>
      </trkpt>
      <trkpt lat="35.51126223988831" lon="138.75525338575244">
        <ele>835.8</ele>
      </trkpt>
      <trkpt lat="35.51124614663422" lon="138.75538397580385">
        <ele>836.0</ele>
      </trkpt>
      <trkpt lat="35.51113709807396" lon="138.75545295886695">
        <ele>836.0</ele>
      </trkpt>
      <trkpt lat="35.51093643531203" lon="138.7554837204516">
        <ele>836.0</ele>
      </trkpt>
      <trkpt lat="35.5108827073127" lon="138.75548522919416">
        <ele>836.2</ele>
      </trkpt>
      <trkpt lat="35.510787572711706" lon="138.75550132244825">
        <ele>837.0</ele>
      </trkpt>
      <trkpt lat="35.510737700387836" lon="138.75551590695977">
        <ele>837.4</ele>
      </trkpt>
      <trkpt lat="35.510653210803866" lon="138.75561422668397">
        <ele>837.8</ele>
      </trkpt>
      <trkpt lat="35.51065245643258" lon="138.75564448535442">
        <ele>837.8</ele>
      </trkpt>
      <trkpt lat="35.510658575221896" lon="138.7557152286172">
        <ele>837.8</ele>
      </trkpt>
      <trkpt lat="35.51068087108433" lon="138.75580927357078">
        <ele>837.8</ele>
      </trkpt>
      <trkpt lat="35.51068355329335" lon="138.7558740656823">
        <ele>837.8</ele>
      </trkpt>
      <trkpt lat="35.510683888569474" lon="138.75603918917477">
        <ele>838.0</ele>
      </trkpt>
      <trkpt lat="35.510679949074984" lon="138.75609828159213">
        <ele>838.0</ele>
      </trkpt>
      <trkpt lat="35.510711297392845" lon="138.7563434522599">
        <ele>837.2</ele>
      </trkpt>
      <trkpt lat="35.510737197473645" lon="138.75654730014503">
        <ele>837.4</ele>
      </trkpt>
      <trkpt lat="35.5107481777668" lon="138.75679423101246">
        <ele>837.2</ele>
      </trkpt>
      <trkpt lat="35.51074390299618" lon="138.75688618049026">
        <ele>836.8</ele>
      </trkpt>
      <trkpt lat="35.510747507214546" lon="138.75691836699843">
        <ele>836.8</ele>
      </trkpt>
      <trkpt lat="35.510773323476315" lon="138.75707720406353">
        <ele>837.2</ele>
      </trkpt>
      <trkpt lat="35.51079645752907" lon="138.75729915685952">
        <ele>837.4</ele>
      </trkpt>
      <trkpt lat="35.51079763099551" lon="138.75733176246285">
        <ele>837.2</ele>
      </trkpt>
      <trkpt lat="35.51081548444927" lon="138.75755975022912">
        <ele>837.8</ele>
      </trkpt>
      <trkpt lat="35.51082604564726" lon="138.7576345168054">
        <ele>837.8</ele>
      </trkpt>
      <trkpt lat="35.51082696765661" lon="138.75787331722677">
        <ele>838.0</ele>
      </trkpt>
      <trkpt lat="35.51083023659885" lon="138.75790491700172">
        <ele>838.2</ele>
      </trkpt>
      <trkpt lat="35.51081037148833" lon="138.75814966857433">
        <ele>838.2</ele>
      </trkpt>
      <trkpt lat="35.51080450415611" lon="138.75817875377834">
        <ele>838.4</ele>
      </trkpt>
      <trkpt lat="35.51077977754176" lon="138.75837966799736">
        <ele>838.2</ele>
      </trkpt>
      <trkpt lat="35.510754799470305" lon="138.75855853781104">
        <ele>839.0</ele>
      </trkpt>
      <trkpt lat="35.510740550234914" lon="138.75865308567882">
        <ele>839.0</ele>
      </trkpt>
      <trkpt lat="35.51068112254143" lon="138.75885249115527">
        <ele>839.0</ele>
      </trkpt>
      <trkpt lat="35.510603338479996" lon="138.75907452777028">
        <ele>839.8</ele>
      </trkpt>
      <trkpt lat="35.51057484000921" lon="138.75912414863706">
        <ele>840.0</ele>
      </trkpt>
      <trkpt lat="35.51055413670838" lon="138.759147785604">
        <ele>840.2</ele>
      </trkpt>
      <trkpt lat="35.510469395667315" lon="138.75932154245675">
        <ele>840.0</ele>
      </trkpt>
      <trkpt lat="35.51046176813543" lon="138.75952471978962">
        <ele>839.4</ele>
      </trkpt>
      <trkpt lat="35.510442573577166" lon="138.75963561236858">
        <ele>839.0</ele>
      </trkpt>
      <trkpt lat="35.51040401682258" lon="138.75977952964604">
        <ele>839.0</ele>
      </trkpt>
      <trkpt lat="35.5103683937341" lon="138.76001019962132">
        <ele>838.2</ele>
      </trkpt>
      <trkpt lat="35.510361855849624" lon="138.76003744080663">
        <ele>837.8</ele>
      </trkpt>
      <trkpt lat="35.510319862514734" lon="138.7601576372981">
        <ele>837.8</ele>
      </trkpt>
      <trkpt lat="35.51027560606599" lon="138.76037372276187">
        <ele>838.0</ele>
      </trkpt>
      <trkpt lat="35.51027032546699" lon="138.7604042328894">
        <ele>838.0</ele>
      </trkpt>
      <trkpt lat="35.51024425774813" lon="138.76062308438122">
        <ele>838.0</ele>
      </trkpt>
      <trkpt lat="35.51027921028435" lon="138.7608344759792">
        <ele>837.6</ele>
      </trkpt>
      <trkpt lat="35.51031785085797" lon="138.7609956599772">
        <ele>837.2</ele>
      </trkpt>
      <trkpt lat="35.510363364592195" lon="138.7611909583211">
        <ele>836.8</ele>
      </trkpt>
      <trkpt lat="35.51035682670772" lon="138.76133512705564">
        <ele>837.0</ele>
      </trkpt>
      <trkpt lat="35.51033092662692" lon="138.76150410622358">
        <ele>837.2</ele>
      </trkpt>
      <trkpt lat="35.51030309870839" lon="138.76161986030638">
        <ele>837.0</ele>
      </trkpt>
      <trkpt lat="35.51022548228502" lon="138.7618221156299">
        <ele>835.8</ele>
      </trkpt>
      <trkpt lat="35.51014853641391" lon="138.76197927631438">
        <ele>835.8</ele>
      </trkpt>
      <trkpt lat="35.510104447603226" lon="138.7620630953461">
        <ele>835.8</ele>
      </trkpt>
      <trkpt lat="35.510034961625934" lon="138.76223123632371">
        <ele>836.6</ele>
      </trkpt>
      <trkpt lat="35.50992541015148" lon="138.76243642531335">
        <ele>836.6</ele>
      </trkpt>
      <trkpt lat="35.509838154539466" lon="138.76263306476176">
        <ele>836.2</ele>
      </trkpt>
      <trkpt lat="35.509820552542806" lon="138.76265971921384">
        <ele>836.2</ele>
      </trkpt>
      <trkpt lat="35.509674455970526" lon="138.76285870559514">
        <ele>836.0</ele>
      </trkpt>
      <trkpt lat="35.50961695611477" lon="138.76289969310164">
        <ele>835.8</ele>
      </trkpt>
      <trkpt lat="35.509475050494075" lon="138.76289089210331">
        <ele>835.6</ele>
      </trkpt>
      <trkpt lat="35.509298108518124" lon="138.7628308776766">
        <ele>835.8</ele>
      </trkpt>
      <trkpt lat="35.50924119539559" lon="138.76283054240048">
        <ele>836.2</ele>
      </trkpt>
      <trkpt lat="35.509068528190255" lon="138.7628932390362">
        <ele>836.0</ele>
      </trkpt>
      <trkpt lat="35.50886945798993" lon="138.76293187960982">
        <ele>836.8</ele>
      </trkpt>
      <trkpt lat="35.5088453181088" lon="138.76293531619012">
        <ele>836.8</ele>
      </trkpt>
      <trkpt lat="35.50877960398793" lon="138.76292819157243">
        <ele>837.0</ele>
      </trkpt>
      <trkpt lat="35.50874389708042" lon="138.7629286106676">
        <ele>837.0</ele>
      </trkpt>
      <trkpt lat="35.50863828510046" lon="138.76291662454605">
        <ele>837.2</ele>
      </trkpt>
      <trkpt lat="35.50850082188845" lon="138.76287320628762">
        <ele>837.2</ele>
      </trkpt>
      <trkpt lat="35.5083600897342" lon="138.7627877946943">
        <ele>837.0</ele>
      </trkpt>
      <trkpt lat="35.50820108503103" lon="138.76261630095541">
        <ele>836.6</ele>
      </trkpt>
      <trkpt lat="35.508161103352904" lon="138.76256173476577">
        <ele>836.6</ele>
      </trkpt>
      <trkpt lat="35.50804769620299" lon="138.76233978196979">
        <ele>837.0</ele>
      </trkpt>
      <trkpt lat="35.50802959129214" lon="138.7622682005167">
        <ele>836.6</ele>
      </trkpt>
      <trkpt lat="35.507967649027705" lon="138.76203979365528">
        <ele>836.2</ele>
      </trkpt>
      <trkpt lat="35.507931439206004" lon="138.76194667071104">
        <ele>836.2</ele>
      </trkpt>
      <trkpt lat="35.50787310115993" lon="138.76187819056213">
        <ele>836.4</ele>
      </trkpt>
      <trkpt lat="35.50784770399332" lon="138.76188053749502">
        <ele>836.2</ele>
      </trkpt>
      <trkpt lat="35.50780068151653" lon="138.76189805567265">
        <ele>835.8</ele>
      </trkpt>
      <trkpt lat="35.50773857161403" lon="138.76193828880787">
        <ele>835.4</ele>
      </trkpt>
      <trkpt lat="35.507585098966956" lon="138.7620562221855">
        <ele>835.2</ele>
      </trkpt>
      <trkpt lat="35.50754754804075" lon="138.76210601069033">
        <ele>834.8</ele>
      </trkpt>
      <trkpt lat="35.50746263936162" lon="138.7621677853167">
        <ele>835.0</ele>
      </trkpt>
      <trkpt lat="35.50739508122206" lon="138.76220349222422">
        <ele>835.2</ele>
      </trkpt>
      <trkpt lat="35.5073098372668" lon="138.76227708533406">
        <ele>835.0</ele>
      </trkpt>
      <trkpt lat="35.507163405418396" lon="138.76240415498614">
        <ele>835.0</ele>
      </trkpt>
      <trkpt lat="35.507004568353295" lon="138.7625620700419">
        <ele>834.2</ele>
      </trkpt>
      <trkpt lat="35.50694421865046" lon="138.76260641030967">
        <ele>834.4</ele>
      </trkpt>
      <trkpt lat="35.50678437575698" lon="138.76276298426092">
        <ele>834.0</ele>
      </trkpt>
      <trkpt lat="35.50673416815698" lon="138.7628070730716">
        <ele>834.0</ele>
      </trkpt>
      <trkpt lat="35.50655077211559" lon="138.76294101588428">
        <ele>834.0</ele>
      </trkpt>
      <trkpt lat="35.506491428241134" lon="138.76298535615206">
        <ele>833.6</ele>
      </trkpt>
      <trkpt lat="35.50632890313864" lon="138.76311770640314">
        <ele>834.0</ele>
      </trkpt>
      <trkpt lat="35.50627668388188" lon="138.76316062174737">
        <ele>834.2</ele>
      </trkpt>
      <trkpt lat="35.506206108257174" lon="138.76322566531599">
        <ele>834.6</ele>
      </trkpt>
      <trkpt lat="35.50606043078005" lon="138.76332968473434">
        <ele>835.0</ele>
      </trkpt>
      <trkpt lat="35.50589472055435" lon="138.76346773467958">
        <ele>835.2</ele>
      </trkpt>
      <trkpt lat="35.50582473166287" lon="138.76352070830762">
        <ele>836.0</ele>
      </trkpt>
      <trkpt lat="35.50576035864651" lon="138.76356387510896">
        <ele>837.0</ele>
      </trkpt>
      <trkpt lat="35.50566237419844" lon="138.76362112350762">
        <ele>837.0</ele>
      </trkpt>
      <trkpt lat="35.50549750216305" lon="138.76371533609927">
        <ele>836.6</ele>
      </trkpt>
      <trkpt lat="35.5054188799113" lon="138.76378130167723">
        <ele>836.6</ele>
      </trkpt>
      <trkpt lat="35.50525560043752" lon="138.76387802883983">
        <ele>837.0</ele>
      </trkpt>
      <trkpt lat="35.50518644973636" lon="138.76392010599375">
        <ele>837.2</ele>
      </trkpt>
      <trkpt lat="35.50500238314271" lon="138.76402739435434">
        <ele>837.2</ele>
      </trkpt>
      <trkpt lat="35.504805240780115" lon="138.76408397220075">
        <ele>836.8</ele>
      </trkpt>
      <trkpt lat="35.504773892462254" lon="138.76409193500876">
        <ele>836.8</ele>
      </trkpt>
      <trkpt lat="35.50459569320083" lon="138.7641557212919">
        <ele>837.4</ele>
      </trkpt>
      <trkpt lat="35.50452251918614" lon="138.7641594093293">
        <ele>837.2</ele>
      </trkpt>
      <trkpt lat="35.50434180535376" lon="138.7642297334969">
        <ele>837.6</ele>
      </trkpt>
      <trkpt lat="35.50431640818715" lon="138.76423610374331">
        <ele>837.8</ele>
      </trkpt>
      <trkpt lat="35.5041410587728" lon="138.76435009762645">
        <ele>837.6</ele>
      </trkpt>
      <trkpt lat="35.504032764583826" lon="138.76446744427085">
        <ele>837.4</ele>
      </trkpt>
      <trkpt lat="35.50397627055645" lon="138.76457020640373">
        <ele>838.0</ele>
      </trkpt>
      <trkpt lat="35.50393897108734" lon="138.76468210481107">
        <ele>838.2</ele>
      </trkpt>
      <trkpt lat="35.5038823094219" lon="138.76485602930188">
        <ele>837.8</ele>
      </trkpt>
      <trkpt lat="35.50388247705996" lon="138.7649395968765">
        <ele>838.0</ele>
      </trkpt>
      <trkpt lat="35.503889014944434" lon="138.76515484414995">
        <ele>838.4</ele>
      </trkpt>
      <trkpt lat="35.503885578364134" lon="138.76524520106614">
        <ele>838.2</ele>
      </trkpt>
      <trkpt lat="35.50388096831739" lon="138.76531024463475">
        <ele>838.2</ele>
      </trkpt>
      <trkpt lat="35.503862192854285" lon="138.7654798105359">
        <ele>838.2</ele>
      </trkpt>
      <trkpt lat="35.50387619063258" lon="138.76563579775393">
        <ele>838.8</ele>
      </trkpt>
      <trkpt lat="35.50391877070069" lon="138.76585858874023">
        <ele>838.4</ele>
      </trkpt>
      <trkpt lat="35.503880297765136" lon="138.7661085370928">
        <ele>838.0</ele>
      </trkpt>
      <trkpt lat="35.503856325522065" lon="138.76621062867343">
        <ele>837.8</ele>
      </trkpt>
      <trkpt lat="35.503844171762466" lon="138.76643962226808">
        <ele>838.0</ele>
      </trkpt>
      <trkpt lat="35.50384291447699" lon="138.7664721440524">
        <ele>838.0</ele>
      </trkpt>
      <trkpt lat="35.5038305092603" lon="138.76670147292316">
        <ele>838.0</ele>
      </trkpt>
      <trkpt lat="35.50383444875479" lon="138.7669386807829">
        <ele>837.8</ele>
      </trkpt>
      <trkpt lat="35.50383059307933" lon="138.76697053201497">
        <ele>837.8</ele>
      </trkpt>
      <trkpt lat="35.5038371309638" lon="138.76721628941596">
        <ele>837.8</ele>
      </trkpt>
      <trkpt lat="35.50385716371238" lon="138.7673659902066">
        <ele>837.4</ele>
      </trkpt>
      <trkpt lat="35.50386286340654" lon="138.76761250197887">
        <ele>837.0</ele>
      </trkpt>
      <trkpt lat="35.50390192307532" lon="138.76779682002962">
        <ele>837.0</ele>
      </trkpt>
      <trkpt lat="35.50391064025462" lon="138.76804475672543">
        <ele>837.2</ele>
      </trkpt>
      <trkpt lat="35.50392287783325" lon="138.7682962976396">
        <ele>837.4</ele>
      </trkpt>
      <trkpt lat="35.503917345777154" lon="138.76833720132709">
        <ele>837.4</ele>
      </trkpt>
      <trkpt lat="35.50383587367833" lon="138.768540462479">
        <ele>836.6</ele>
      </trkpt>
      <trkpt lat="35.503813829272985" lon="138.76863308250904">
        <ele>836.2</ele>
      </trkpt>
      <trkpt lat="35.50376705825329" lon="138.76871983520687">
        <ele>836.4</ele>
      </trkpt>
      <trkpt lat="35.503756580874324" lon="138.76872092485428">
        <ele>836.4</ele>
      </trkpt>
      <trkpt lat="35.50374702550471" lon="138.76872955821455">
        <ele>836.8</ele>
      </trkpt>
      <trkpt lat="35.50373202189803" lon="138.7687635049224">
        <ele>836.6</ele>
      </trkpt>
      <trkpt lat="35.50372372381389" lon="138.76877984963357">
        <ele>836.6</ele>
      </trkpt>
      <trkpt lat="35.503706792369485" lon="138.76882653683424">
        <ele>836.8</ele>
      </trkpt>
      <trkpt lat="35.503704864531755" lon="138.76888043247163">
        <ele>836.8</ele>
      </trkpt>
      <trkpt lat="35.50368692725897" lon="138.76891504973173">
        <ele>837.0</ele>
      </trkpt>
      <trkpt lat="35.50368642434478" lon="138.76890616491437">
        <ele>837.0</ele>
      </trkpt>
      <trkpt lat="35.503682401031256" lon="138.76892309635878">
        <ele>837.2</ele>
      </trkpt>
      <trkpt lat="35.50368298776448" lon="138.76892485655844">
        <ele>837.6</ele>
      </trkpt>
      <trkpt lat="35.5036819819361" lon="138.76892326399684">
        <ele>836.4</ele>
      </trkpt>
      <trkpt lat="35.50368164665997" lon="138.76892276108265">
        <ele>836.4</ele>
      </trkpt>
      <trkpt lat="35.50368156284094" lon="138.7689218390733">
        <ele>836.6</ele>
      </trkpt>
      <trkpt lat="35.503680892288685" lon="138.7689204979688">
        <ele>836.4</ele>
      </trkpt>
      <trkpt lat="35.50368206575513" lon="138.76891831867397">
        <ele>836.4</ele>
      </trkpt>
      <trkpt lat="35.503683323040605" lon="138.76891898922622">
        <ele>836.4</ele>
      </trkpt>
      <trkpt lat="35.503688268363476" lon="138.76892250962555">
        <ele>836.4</ele>
      </trkpt>
      <trkpt lat="35.503694051876664" lon="138.76892276108265">
        <ele>836.0</ele>
      </trkpt>
      <trkpt lat="35.5036954768002" lon="138.76892276108265">
        <ele>836.2</ele>
      </trkpt>
      <trkpt lat="35.50369614735246" lon="138.76891982741654">
        <ele>836.2</ele>
      </trkpt>
      <trkpt lat="35.5036938842386" lon="138.76891236752272">
        <ele>835.8</ele>
      </trkpt>
      <trkpt lat="35.50369011238217" lon="138.76890750601888">
        <ele>835.8</ele>
      </trkpt>
      <trkpt lat="35.50369530916214" lon="138.76887951046228">
        <ele>835.6</ele>
      </trkpt>
      <trkpt lat="35.50369690172374" lon="138.76887045800686">
        <ele>835.4</ele>
      </trkpt>
      <trkpt lat="35.50370670855045" lon="138.76885084435344">
        <ele>835.4</ele>
      </trkpt>
      <trkpt lat="35.50370704382658" lon="138.76885084435344">
        <ele>835.2</ele>
      </trkpt>
      <trkpt lat="35.50370511598885" lon="138.7688526045531">
        <ele>835.2</ele>
      </trkpt>
      <trkpt lat="35.50370394252241" lon="138.76885277219117">
        <ele>835.0</ele>
      </trkpt>
      <trkpt lat="35.503658931702375" lon="138.76893332228065">
        <ele>834.8</ele>
      </trkpt>
      <trkpt lat="35.50362096168101" lon="138.76899811439216">
        <ele>835.0</ele>
      </trkpt>
      <trkpt lat="35.503597157076" lon="138.7690217513591">
        <ele>835.2</ele>
      </trkpt>
      <trkpt lat="35.503586595878005" lon="138.76902552321553">
        <ele>835.0</ele>
      </trkpt>
      <trkpt lat="35.50358785316348" lon="138.76902946271002">
        <ele>835.4</ele>
      </trkpt>
      <trkpt lat="35.50358382984996" lon="138.76902082934976">
        <ele>834.4</ele>
      </trkpt>
    </trkseg>
  </trk>
</gpx>
