<?xml version="1.0" encoding="UTF-8"?>
<gpx creator="Garmin Connect" version="1.1"
  xsi:schemaLocation="http://www.topografix.com/GPX/1/1 http://www.topografix.com/GPX/11.xsd"
  xmlns:ns3="http://www.garmin.com/xmlschemas/TrackPointExtension/v1"
  xmlns="http://www.topografix.com/GPX/1/1"
  xmlns:xsi="http://www.w3.org/2001/XMLSchema-instance" xmlns:ns2="http://www.garmin.com/xmlschemas/GpxExtensions/v3">
  <metadata>
    <name>板橋マラソン</name>
    <link href="connect.garmin.com">
      <text>Garmin Connect</text>
    </link>
    <time>2026-03-08T02:25:18.000Z</time>
  </metadata>
  <wpt lat="35.69836138349795" lon="139.85447645187375">
    <ele>0.0</ele>
    <name>折り返し</name>
    <type>GENERIC</type>
  </wpt>
  <trk>
    <name>板橋マラソン</name>
    <trkseg>
      <trkpt lat="35.7963876798749" lon="139.68223680742085">
        <ele>7.86</ele>
      </trkpt>
      <trkpt lat="35.79642137512565" lon="139.68257694505155">
        <ele>7.81</ele>
      </trkpt>
      <trkpt lat="35.79645515419543" lon="139.68291716650128">
        <ele>7.51</ele>
      </trkpt>
      <trkpt lat="35.79648893326521" lon="139.68325738795102">
        <ele>6.72</ele>
      </trkpt>
      <trkpt lat="35.79652271233499" lon="139.68359760940075">
        <ele>5.66</ele>
      </trkpt>
      <trkpt lat="35.79655649140477" lon="139.68393783085048">
        <ele>4.65</ele>
      </trkpt>
      <trkpt lat="35.796589935198426" lon="139.68427419662476">
        <ele>3.91</ele>
      </trkpt>
      <trkpt lat="35.796589851379395" lon="139.68427419662476">
        <ele>3.42</ele>
      </trkpt>
      <trkpt lat="35.796611309051514" lon="139.6845607738942">
        <ele>3.23</ele>
      </trkpt>
      <trkpt lat="35.796632850542665" lon="139.68484743498266">
        <ele>3.31</ele>
      </trkpt>
      <trkpt lat="35.79665422439575" lon="139.68513250350952">
        <ele>3.53</ele>
      </trkpt>
      <trkpt lat="35.79670577310026" lon="139.68544632196426">
        <ele>3.99</ele>
      </trkpt>
      <trkpt lat="35.796757405623794" lon="139.685760140419">
        <ele>4.8</ele>
      </trkpt>
      <trkpt lat="35.79680903814733" lon="139.68607404269278">
        <ele>5.92</ele>
      </trkpt>
      <trkpt lat="35.796860586851835" lon="139.68638786114752">
        <ele>6.89</ele>
      </trkpt>
      <trkpt lat="35.79691180028021" lon="139.68669891357422">
        <ele>7.47</ele>
      </trkpt>
      <trkpt lat="35.79691171646118" lon="139.68669891357422">
        <ele>8.02</ele>
      </trkpt>
      <trkpt lat="35.79698044806719" lon="139.6870384644717">
        <ele>7.92</ele>
      </trkpt>
      <trkpt lat="35.79704926349223" lon="139.6873780991882">
        <ele>7.66</ele>
      </trkpt>
      <trkpt lat="35.797118078917265" lon="139.68771773390472">
        <ele>7.77</ele>
      </trkpt>
      <trkpt lat="35.7971868943423" lon="139.68805736862123">
        <ele>8.2</ele>
      </trkpt>
      <trkpt lat="35.79725512303412" lon="139.68839406967163">
        <ele>8.45</ele>
      </trkpt>
      <trkpt lat="35.79727658070624" lon="139.6886627934873">
        <ele>8.44</ele>
      </trkpt>
      <trkpt lat="35.79729803837836" lon="139.6889305114746">
        <ele>8.41</ele>
      </trkpt>
      <trkpt lat="35.797303318977356" lon="139.68925832770765">
        <ele>8.19</ele>
      </trkpt>
      <trkpt lat="35.797308683395386" lon="139.68958622775972">
        <ele>7.56</ele>
      </trkpt>
      <trkpt lat="35.797314047813416" lon="139.6899141278118">
        <ele>6.45</ele>
      </trkpt>
      <trkpt lat="35.797319412231445" lon="139.69023942947388">
        <ele>5.79</ele>
      </trkpt>
      <trkpt lat="35.797297870740294" lon="139.6906264219433">
        <ele>6.13</ele>
      </trkpt>
      <trkpt lat="35.797276413068175" lon="139.69101341441274">
        <ele>6.7</ele>
      </trkpt>
      <trkpt lat="35.79725503921509" lon="139.6913981437683">
        <ele>7.05</ele>
      </trkpt>
      <trkpt lat="35.79721204005182" lon="139.69170978292823">
        <ele>7.19</ele>
      </trkpt>
      <trkpt lat="35.79716920852661" lon="139.69202041625977">
        <ele>6.79</ele>
      </trkpt>
      <trkpt lat="35.79711003229022" lon="139.6923051495105">
        <ele>6.03</ele>
      </trkpt>
      <trkpt lat="35.79705093987286" lon="139.69258996658027">
        <ele>5.01</ele>
      </trkpt>
      <trkpt lat="35.7969918474555" lon="139.69287478365004">
        <ele>3.92</ele>
      </trkpt>
      <trkpt lat="35.7969331741333" lon="139.69315767288208">
        <ele>3.12</ele>
      </trkpt>
      <trkpt lat="35.7968364469707" lon="139.69349068589509">
        <ele>2.58</ele>
      </trkpt>
      <trkpt lat="35.7967397198081" lon="139.69382378272712">
        <ele>1.74</ele>
      </trkpt>
      <trkpt lat="35.7966429926455" lon="139.69415687955916">
        <ele>1.42</ele>
      </trkpt>
      <trkpt lat="35.796546936035156" lon="139.69448804855347">
        <ele>1.31</ele>
      </trkpt>
      <trkpt lat="35.79652547836304" lon="139.69483137130737">
        <ele>1.47</ele>
      </trkpt>
      <trkpt lat="35.79641802236438" lon="139.695105208084">
        <ele>1.95</ele>
      </trkpt>
      <trkpt lat="35.79631065018475" lon="139.69537912867963">
        <ele>2.2</ele>
      </trkpt>
      <trkpt lat="35.79620327800512" lon="139.69565304927528">
        <ele>2.23</ele>
      </trkpt>
      <trkpt lat="35.796096408739686" lon="139.69592571258545">
        <ele>2.31</ele>
      </trkpt>
      <trkpt lat="35.796096324920654" lon="139.69592571258545">
        <ele>2.57</ele>
      </trkpt>
      <trkpt lat="35.795967411249876" lon="139.69624791294336">
        <ele>2.83</ele>
      </trkpt>
      <trkpt lat="35.79583858139813" lon="139.69657011330128">
        <ele>3.27</ele>
      </trkpt>
      <trkpt lat="35.79570966772735" lon="139.6968923136592">
        <ele>3.87</ele>
      </trkpt>
      <trkpt lat="35.79558142460883" lon="139.6972131729126">
        <ele>4.59</ele>
      </trkpt>
      <trkpt lat="35.79544538632035" lon="139.69749589450657">
        <ele>5.03</ele>
      </trkpt>
      <trkpt lat="35.79530934803188" lon="139.69777869991958">
        <ele>5.36</ele>
      </trkpt>
      <trkpt lat="35.795173309743404" lon="139.69806142151356">
        <ele>5.91</ele>
      </trkpt>
      <trkpt lat="35.79503727145493" lon="139.69834422692657">
        <ele>6.18</ele>
      </trkpt>
      <trkpt lat="35.794901233166456" lon="139.69862694852054">
        <ele>6.06</ele>
      </trkpt>
      <trkpt lat="35.79476594924927" lon="139.69890832901">
        <ele>5.99</ele>
      </trkpt>
      <trkpt lat="35.794619182124734" lon="139.69919105060399">
        <ele>6.02</ele>
      </trkpt>
      <trkpt lat="35.7944724150002" lon="139.69947377219796">
        <ele>6.15</ele>
      </trkpt>
      <trkpt lat="35.7943257316947" lon="139.69975649379194">
        <ele>6.83</ele>
      </trkpt>
      <trkpt lat="35.794178964570165" lon="139.7000392153859">
        <ele>7.76</ele>
      </trkpt>
      <trkpt lat="35.79403228126466" lon="139.7003219369799">
        <ele>8.18</ele>
      </trkpt>
      <trkpt lat="35.79388618469238" lon="139.70060348510742">
        <ele>7.89</ele>
      </trkpt>
      <trkpt lat="35.79373153857887" lon="139.7008653357625">
        <ele>7.62</ele>
      </trkpt>
      <trkpt lat="35.793576976284385" lon="139.7011272702366">
        <ele>7.56</ele>
      </trkpt>
      <trkpt lat="35.7934224139899" lon="139.7013891208917">
        <ele>7.59</ele>
      </trkpt>
      <trkpt lat="35.79326785169542" lon="139.7016510553658">
        <ele>7.41</ele>
      </trkpt>
      <trkpt lat="35.793113708496094" lon="139.7019124031067">
        <ele>7.2</ele>
      </trkpt>
      <trkpt lat="35.792909944429994" lon="139.70213754102588">
        <ele>6.97</ele>
      </trkpt>
      <trkpt lat="35.79270601272583" lon="139.7023630142212">
        <ele>6.6</ele>
      </trkpt>
      <trkpt lat="35.79252705909312" lon="139.70268144272268">
        <ele>6.29</ele>
      </trkpt>
      <trkpt lat="35.79234818927944" lon="139.70299987122416">
        <ele>6.07</ele>
      </trkpt>
      <trkpt lat="35.792169235646725" lon="139.70331838354468">
        <ele>5.43</ele>
      </trkpt>
      <trkpt lat="35.791990365833044" lon="139.70363681204617">
        <ele>4.94</ele>
      </trkpt>
      <trkpt lat="35.79181141220033" lon="139.7039553243667">
        <ele>4.56</ele>
      </trkpt>
      <trkpt lat="35.79163312911987" lon="139.7042727470398">
        <ele>4.37</ele>
      </trkpt>
      <trkpt lat="35.791482757776976" lon="139.70456619746983">
        <ele>3.99</ele>
      </trkpt>
      <trkpt lat="35.79133247025311" lon="139.70485964789987">
        <ele>4.06</ele>
      </trkpt>
      <trkpt lat="35.79118251800537" lon="139.70515251159668">
        <ele>3.97</ele>
      </trkpt>
      <trkpt lat="35.79106969758868" lon="139.70543707720935">
        <ele>3.51</ele>
      </trkpt>
      <trkpt lat="35.79095687717199" lon="139.70572172664106">
        <ele>2.96</ele>
      </trkpt>
      <trkpt lat="35.790844140574336" lon="139.70600637607276">
        <ele>2.34</ele>
      </trkpt>
      <trkpt lat="35.79073190689087" lon="139.706289768219">
        <ele>1.91</ele>
      </trkpt>
      <trkpt lat="35.79067809507251" lon="139.7065368667245">
        <ele>1.56</ele>
      </trkpt>
      <trkpt lat="35.79062461853027" lon="139.70678329467773">
        <ele>1.24</ele>
      </trkpt>
      <trkpt lat="35.79052143730223" lon="139.70713139511645">
        <ele>1.17</ele>
      </trkpt>
      <trkpt lat="35.79041825607419" lon="139.70747949555516">
        <ele>1.1</ele>
      </trkpt>
      <trkpt lat="35.79031515866518" lon="139.70782759599388">
        <ele>0.7</ele>
      </trkpt>
      <trkpt lat="35.79021197743714" lon="139.70817578025162">
        <ele>-0.42</ele>
      </trkpt>
      <trkpt lat="35.790109634399414" lon="139.70852136611938">
        <ele>-0.91</ele>
      </trkpt>
      <trkpt lat="35.79003226943314" lon="139.7088393755257">
        <ele>-0.93</ele>
      </trkpt>
      <trkpt lat="35.78995490446687" lon="139.70915746875107">
        <ele>-0.66</ele>
      </trkpt>
      <trkpt lat="35.789877539500594" lon="139.70947556197643">
        <ele>-0.49</ele>
      </trkpt>
      <trkpt lat="35.78980017453432" lon="139.7097936552018">
        <ele>-0.71</ele>
      </trkpt>
      <trkpt lat="35.7897234801203" lon="139.7101092338562">
        <ele>-0.87</ele>
      </trkpt>
      <trkpt lat="35.78972339630127" lon="139.7101092338562">
        <ele>-0.77</ele>
      </trkpt>
      <trkpt lat="35.78965273685753" lon="139.71047770231962">
        <ele>-0.44</ele>
      </trkpt>
      <trkpt lat="35.7895820774138" lon="139.71084617078304">
        <ele>-0.1</ele>
      </trkpt>
      <trkpt lat="35.78951150178909" lon="139.71121463924646">
        <ele>0.61</ele>
      </trkpt>
      <trkpt lat="35.78944084234536" lon="139.71158319152892">
        <ele>1.16</ele>
      </trkpt>
      <trkpt lat="35.78937026672065" lon="139.71195165999234">
        <ele>1.24</ele>
      </trkpt>
      <trkpt lat="35.78929960727692" lon="139.71232012845576">
        <ele>1.36</ele>
      </trkpt>
      <trkpt lat="35.78922986984253" lon="139.7126841545105">
        <ele>1.84</ele>
      </trkpt>
      <trkpt lat="35.78917605802417" lon="139.7130549699068">
        <ele>2.25</ele>
      </trkpt>
      <trkpt lat="35.78912233002484" lon="139.71342578530312">
        <ele>2.37</ele>
      </trkpt>
      <trkpt lat="35.78906860202551" lon="139.71379660069942">
        <ele>2.6</ele>
      </trkpt>
      <trkpt lat="35.78901529312134" lon="139.71416473388672">
        <ele>3.23</ele>
      </trkpt>
      <trkpt lat="35.78898511826992" lon="139.714495819062">
        <ele>3.85</ele>
      </trkpt>
      <trkpt lat="35.788955027237535" lon="139.71482690423727">
        <ele>4.33</ele>
      </trkpt>
      <trkpt lat="35.78892493620515" lon="139.71515798941255">
        <ele>4.64</ele>
      </trkpt>
      <trkpt lat="35.78889484517276" lon="139.71548907458782">
        <ele>4.88</ele>
      </trkpt>
      <trkpt lat="35.788865089416504" lon="139.7158169746399">
        <ele>5.15</ele>
      </trkpt>
      <trkpt lat="35.78885427676141" lon="139.71612869761884">
        <ele>5.33</ele>
      </trkpt>
      <trkpt lat="35.788843631744385" lon="139.71643924713135">
        <ele>5.51</ele>
      </trkpt>
      <trkpt lat="35.788886630907655" lon="139.71680402755737">
        <ele>5.49</ele>
      </trkpt>
      <trkpt lat="35.78888654708862" lon="139.71680402755737">
        <ele>5.52</ele>
      </trkpt>
      <trkpt lat="35.78887573443353" lon="139.71711575053632">
        <ele>5.34</ele>
      </trkpt>
      <trkpt lat="35.788865089416504" lon="139.71742630004883">
        <ele>5.26</ele>
      </trkpt>
      <trkpt lat="35.78877925872803" lon="139.71764087677002">
        <ele>5.14</ele>
      </trkpt>
      <trkpt lat="35.78873634338379" lon="139.71791982650757">
        <ele>5.02</ele>
      </trkpt>
      <trkpt lat="35.78871723264456" lon="139.718306818977">
        <ele>4.56</ele>
      </trkpt>
      <trkpt lat="35.78869812190533" lon="139.71869381144643">
        <ele>4.21</ele>
      </trkpt>
      <trkpt lat="35.788679011166096" lon="139.71908080391586">
        <ele>4.18</ele>
      </trkpt>
      <trkpt lat="35.788659900426865" lon="139.7194677963853">
        <ele>4.28</ele>
      </trkpt>
      <trkpt lat="35.78864078968763" lon="139.71985478885472">
        <ele>4.21</ele>
      </trkpt>
      <trkpt lat="35.7886216789484" lon="139.72024178132415">
        <ele>3.97</ele>
      </trkpt>
      <trkpt lat="35.7886026520282" lon="139.72062877379358">
        <ele>4.02</ele>
      </trkpt>
      <trkpt lat="35.78858354128897" lon="139.721015766263">
        <ele>4.19</ele>
      </trkpt>
      <trkpt lat="35.78856476582587" lon="139.72139596939087">
        <ele>4.21</ele>
      </trkpt>
      <trkpt lat="35.788564682006836" lon="139.72139596939087">
        <ele>4.27</ele>
      </trkpt>
      <trkpt lat="35.788553953170776" lon="139.7217506915331">
        <ele>4.43</ele>
      </trkpt>
      <trkpt lat="35.78854330815375" lon="139.7221040725708">
        <ele>4.56</ele>
      </trkpt>
      <trkpt lat="35.7885217666626" lon="139.72234052605927">
        <ele>4.67</ele>
      </trkpt>
      <trkpt lat="35.78850039280951" lon="139.72257614135742">
        <ele>4.72</ele>
      </trkpt>
      <trkpt lat="35.78841439448297" lon="139.72289842553437">
        <ele>4.96</ele>
      </trkpt>
      <trkpt lat="35.78832873143256" lon="139.723219871521">
        <ele>5.26</ele>
      </trkpt>
      <trkpt lat="35.788328647613525" lon="139.723219871521">
        <ele>5.37</ele>
      </trkpt>
      <trkpt lat="35.78825698234141" lon="139.72358523868024">
        <ele>5.69</ele>
      </trkpt>
      <trkpt lat="35.78818531706929" lon="139.72395068965852">
        <ele>5.93</ele>
      </trkpt>
      <trkpt lat="35.788114070892334" lon="139.72431421279907">
        <ele>5.86</ele>
      </trkpt>
      <trkpt lat="35.788028072565794" lon="139.7246150393039">
        <ele>5.63</ele>
      </trkpt>
      <trkpt lat="35.787942158058286" lon="139.72491586580873">
        <ele>5.36</ele>
      </trkpt>
      <trkpt lat="35.787856662645936" lon="139.72521543502808">
        <ele>5.53</ele>
      </trkpt>
      <trkpt lat="35.787781393155456" lon="139.72541945055127">
        <ele>5.63</ele>
      </trkpt>
      <trkpt lat="35.7877064589411" lon="139.72562313079834">
        <ele>5.68</ele>
      </trkpt>
      <trkpt lat="35.78760612756014" lon="139.72590241581202">
        <ele>5.5</ele>
      </trkpt>
      <trkpt lat="35.787505796179175" lon="139.7261817008257">
        <ele>5.2</ele>
      </trkpt>
      <trkpt lat="35.7874059677124" lon="139.726459980011">
        <ele>5.04</ele>
      </trkpt>
      <trkpt lat="35.7872558478266" lon="139.7266960144043">
        <ele>5.18</ele>
      </trkpt>
      <trkpt lat="35.78725576400757" lon="139.7266960144043">
        <ele>5.19</ele>
      </trkpt>
      <trkpt lat="35.78704831190407" lon="139.72698208875954">
        <ele>5.37</ele>
      </trkpt>
      <trkpt lat="35.78684085980058" lon="139.7272681631148">
        <ele>5.75</ele>
      </trkpt>
      <trkpt lat="35.78663349151611" lon="139.72755432128906">
        <ele>5.82</ele>
      </trkpt>
      <trkpt lat="35.78646191395819" lon="139.72787618637085">
        <ele>5.49</ele>
      </trkpt>
      <trkpt lat="35.78646191395819" lon="139.7280911821872">
        <ele>5.4</ele>
      </trkpt>
      <trkpt lat="35.78646191395819" lon="139.72830533981323">
        <ele>5.46</ele>
      </trkpt>
      <trkpt lat="35.78647255897522" lon="139.72852033562958">
        <ele>5.57</ele>
      </trkpt>
      <trkpt lat="35.78648328781128" lon="139.72873449325562">
        <ele>5.71</ele>
      </trkpt>
      <trkpt lat="35.78648337163031" lon="139.72873449325562">
        <ele>5.74</ele>
      </trkpt>
      <trkpt lat="35.78644037246704" lon="139.7289924044162">
        <ele>5.89</ele>
      </trkpt>
      <trkpt lat="35.786397540941834" lon="139.72924947738647">
        <ele>5.94</ele>
      </trkpt>
      <trkpt lat="35.7863044179976" lon="139.72952155396342">
        <ele>5.76</ele>
      </trkpt>
      <trkpt lat="35.78621129505336" lon="139.7297937143594">
        <ele>5.71</ele>
      </trkpt>
      <trkpt lat="35.786118591204286" lon="139.730064868927">
        <ele>5.78</ele>
      </trkpt>
      <trkpt lat="35.7860039267689" lon="139.73035840317607">
        <ele>5.75</ele>
      </trkpt>
      <trkpt lat="35.785889346152544" lon="139.73065202124417">
        <ele>5.8</ele>
      </trkpt>
      <trkpt lat="35.78577518463135" lon="139.7309446334839">
        <ele>5.87</ele>
      </trkpt>
      <trkpt lat="35.78577526845038" lon="139.7309446334839">
        <ele>5.71</ele>
      </trkpt>
      <trkpt lat="35.78566060401499" lon="139.73127043806016">
        <ele>5.45</ele>
      </trkpt>
      <trkpt lat="35.78554602339864" lon="139.73159632645547">
        <ele>4.91</ele>
      </trkpt>
      <trkpt lat="35.78543144278228" lon="139.73192221485078">
        <ele>4.43</ele>
      </trkpt>
      <trkpt lat="35.78531686216593" lon="139.73224801942706">
        <ele>4.0</ele>
      </trkpt>
      <trkpt lat="35.78520219773054" lon="139.73257390782237">
        <ele>3.79</ele>
      </trkpt>
      <trkpt lat="35.785088539123535" lon="139.73289728164673">
        <ele>3.48</ele>
      </trkpt>
      <trkpt lat="35.7850456237793" lon="139.7330904006958">
        <ele>3.1</ele>
      </trkpt>
      <trkpt lat="35.785131538286805" lon="139.733304977417">
        <ele>2.86</ele>
      </trkpt>
      <trkpt lat="35.78531024046242" lon="139.73351226188242">
        <ele>2.63</ele>
      </trkpt>
      <trkpt lat="35.78548902645707" lon="139.7337196301669">
        <ele>2.36</ele>
      </trkpt>
      <trkpt lat="35.785667980089784" lon="139.73392724990845">
        <ele>2.09</ele>
      </trkpt>
      <trkpt lat="35.78579664230347" lon="139.73409882746637">
        <ele>1.7</ele>
      </trkpt>
      <trkpt lat="35.78592538833618" lon="139.73427057266235">
        <ele>1.31</ele>
      </trkpt>
      <trkpt lat="35.7860541343689" lon="139.7345495223999">
        <ele>1.04</ele>
      </trkpt>
      <trkpt lat="35.78603267669678" lon="139.73469972610474">
        <ele>0.68</ele>
      </trkpt>
      <trkpt lat="35.785850286483765" lon="139.73492494784296">
        <ele>0.24</ele>
      </trkpt>
      <trkpt lat="35.78566789627075" lon="139.73515033721924">
        <ele>-0.25</ele>
      </trkpt>
      <trkpt lat="35.78543622046709" lon="139.73538620397449">
        <ele>-1.42</ele>
      </trkpt>
      <trkpt lat="35.78520462848246" lon="139.73562207072973">
        <ele>-1.57</ele>
      </trkpt>
      <trkpt lat="35.78497303649783" lon="139.73585793748498">
        <ele>-1.54</ele>
      </trkpt>
      <trkpt lat="35.7847414445132" lon="139.73609380424023">
        <ele>-1.15</ele>
      </trkpt>
      <trkpt lat="35.78450918197632" lon="139.7363305091858">
        <ele>-0.73</ele>
      </trkpt>
      <trkpt lat="35.78423517756164" lon="139.7365049365908">
        <ele>-0.57</ele>
      </trkpt>
      <trkpt lat="35.783961256965995" lon="139.73667944781482">
        <ele>-0.56</ele>
      </trkpt>
      <trkpt lat="35.78368733637035" lon="139.73685387521982">
        <ele>-0.08</ele>
      </trkpt>
      <trkpt lat="35.7834134157747" lon="139.73702838644385">
        <ele>0.31</ele>
      </trkpt>
      <trkpt lat="35.78313949517906" lon="139.73720281384885">
        <ele>0.4</ele>
      </trkpt>
      <trkpt lat="35.78286557458341" lon="139.73737732507288">
        <ele>0.38</ele>
      </trkpt>
      <trkpt lat="35.782591653987765" lon="139.73755175247788">
        <ele>0.62</ele>
      </trkpt>
      <trkpt lat="35.78231764957309" lon="139.73772626370192">
        <ele>1.06</ele>
      </trkpt>
      <trkpt lat="35.78204372897744" lon="139.73790069110692">
        <ele>1.36</ele>
      </trkpt>
      <trkpt lat="35.781769808381796" lon="139.73807520233095">
        <ele>1.58</ele>
      </trkpt>
      <trkpt lat="35.78149588778615" lon="139.73824962973595">
        <ele>1.84</ele>
      </trkpt>
      <trkpt lat="35.781221967190504" lon="139.73842405714095">
        <ele>2.23</ele>
      </trkpt>
      <trkpt lat="35.78094804659486" lon="139.73859856836498">
        <ele>2.44</ele>
      </trkpt>
      <trkpt lat="35.780668342486024" lon="139.73877668380737">
        <ele>2.39</ele>
      </trkpt>
      <trkpt lat="35.78066825866699" lon="139.73877668380737">
        <ele>2.6</ele>
      </trkpt>
      <trkpt lat="35.78043255954981" lon="139.73891942761838">
        <ele>2.82</ele>
      </trkpt>
      <trkpt lat="35.780196860432625" lon="139.73906225524843">
        <ele>3.03</ele>
      </trkpt>
      <trkpt lat="35.77996015548706" lon="139.73920583724976">
        <ele>3.21</ele>
      </trkpt>
      <trkpt lat="35.779874324798584" lon="139.7393774986267">
        <ele>3.4</ele>
      </trkpt>
      <trkpt lat="35.77968120574951" lon="139.73950624465942">
        <ele>3.69</ele>
      </trkpt>
      <trkpt lat="35.779471071437" lon="139.73971637897193">
        <ele>3.98</ele>
      </trkpt>
      <trkpt lat="35.77926093712449" lon="139.73992651328444">
        <ele>4.11</ele>
      </trkpt>
      <trkpt lat="35.77905080281198" lon="139.74013664759696">
        <ele>4.11</ele>
      </trkpt>
      <trkpt lat="35.77884066849947" lon="139.74034678190947">
        <ele>4.11</ele>
      </trkpt>
      <trkpt lat="35.778629863634706" lon="139.74055767059326">
        <ele>4.17</ele>
      </trkpt>
      <trkpt lat="35.778351332992315" lon="139.7407289966941">
        <ele>4.26</ele>
      </trkpt>
      <trkpt lat="35.778072802349925" lon="139.74090040661395">
        <ele>4.29</ele>
      </trkpt>
      <trkpt lat="35.777794271707535" lon="139.7410718165338">
        <ele>4.28</ele>
      </trkpt>
      <trkpt lat="35.77751406468451" lon="139.74124431610107">
        <ele>4.52</ele>
      </trkpt>
      <trkpt lat="35.77728683128953" lon="139.74141572602093">
        <ele>4.8</ele>
      </trkpt>
      <trkpt lat="35.77705968171358" lon="139.74158721975982">
        <ele>4.77</ele>
      </trkpt>
      <trkpt lat="35.7768324483186" lon="139.74175862967968">
        <ele>4.65</ele>
      </trkpt>
      <trkpt lat="35.77660529874265" lon="139.74193003959954">
        <ele>4.39</ele>
      </trkpt>
      <trkpt lat="35.776376724243164" lon="139.74210262298584">
        <ele>4.26</ele>
      </trkpt>
      <trkpt lat="35.776167679578066" lon="139.74229557439685">
        <ele>4.39</ele>
      </trkpt>
      <trkpt lat="35.77595863491297" lon="139.74248852580786">
        <ele>4.68</ele>
      </trkpt>
      <trkpt lat="35.77574959024787" lon="139.74268147721887">
        <ele>4.87</ele>
      </trkpt>
      <trkpt lat="35.77553987503052" lon="139.74287509918213">
        <ele>4.82</ele>
      </trkpt>
      <trkpt lat="35.77553995884955" lon="139.74287509918213">
        <ele>4.8</ele>
      </trkpt>
      <trkpt lat="35.775368297472596" lon="139.74307886324823">
        <ele>4.77</ele>
      </trkpt>
      <trkpt lat="35.77519655227661" lon="139.7432827949524">
        <ele>4.64</ele>
      </trkpt>
      <trkpt lat="35.77519663609564" lon="139.7432827949524">
        <ele>4.58</ele>
      </trkpt>
      <trkpt lat="35.77502489089966" lon="139.74350449629128">
        <ele>4.49</ele>
      </trkpt>
      <trkpt lat="35.774853229522705" lon="139.74372619763017">
        <ele>4.47</ele>
      </trkpt>
      <trkpt lat="35.77468156814575" lon="139.7439479827881">
        <ele>4.46</ele>
      </trkpt>
      <trkpt lat="35.774563467130065" lon="139.74415191449225">
        <ele>4.26</ele>
      </trkpt>
      <trkpt lat="35.77444553375244" lon="139.74435567855835">
        <ele>3.95</ele>
      </trkpt>
      <trkpt lat="35.77444561757147" lon="139.74435567855835">
        <ele>3.82</ele>
      </trkpt>
      <trkpt lat="35.774359703063965" lon="139.74448442459106">
        <ele>3.59</ele>
      </trkpt>
      <trkpt lat="35.77427387237549" lon="139.74450588226318">
        <ele>3.48</ele>
      </trkpt>
      <trkpt lat="35.77411285601556" lon="139.74473118782043">
        <ele>3.37</ele>
      </trkpt>
      <trkpt lat="35.7739520072937" lon="139.74495649337769">
        <ele>3.17</ele>
      </trkpt>
      <trkpt lat="35.77377665787935" lon="139.74522831849754">
        <ele>3.01</ele>
      </trkpt>
      <trkpt lat="35.773601392284036" lon="139.74550022743642">
        <ele>2.81</ele>
      </trkpt>
      <trkpt lat="35.77342612668872" lon="139.74577205255628">
        <ele>2.79</ele>
      </trkpt>
      <trkpt lat="35.7732508610934" lon="139.74604396149516">
        <ele>3.0</ele>
      </trkpt>
      <trkpt lat="35.773075595498085" lon="139.746315786615">
        <ele>3.04</ele>
      </trkpt>
      <trkpt lat="35.772900665178895" lon="139.74658727645874">
        <ele>2.83</ele>
      </trkpt>
      <trkpt lat="35.77281475067139" lon="139.74673748016357">
        <ele>2.63</ele>
      </trkpt>
      <trkpt lat="35.7726276665926" lon="139.7470348700881">
        <ele>2.63</ele>
      </trkpt>
      <trkpt lat="35.77244058251381" lon="139.74733234383166">
        <ele>2.68</ele>
      </trkpt>
      <trkpt lat="35.77225358225405" lon="139.74762973375618">
        <ele>2.64</ele>
      </trkpt>
      <trkpt lat="35.77206649817526" lon="139.74792720749974">
        <ele>2.38</ele>
      </trkpt>
      <trkpt lat="35.771879497915506" lon="139.7482246812433">
        <ele>2.22</ele>
      </trkpt>
      <trkpt lat="35.77169241383672" lon="139.74852207116783">
        <ele>2.06</ele>
      </trkpt>
      <trkpt lat="35.77150583267212" lon="139.74881887435913">
        <ele>2.0</ele>
      </trkpt>
      <trkpt lat="35.77134691178799" lon="139.74912372417748">
        <ele>1.82</ele>
      </trkpt>
      <trkpt lat="35.771187990903854" lon="139.74942865781486">
        <ele>1.65</ele>
      </trkpt>
      <trkpt lat="35.771029153838754" lon="139.74973359145224">
        <ele>1.2</ele>
      </trkpt>
      <trkpt lat="35.77087023295462" lon="139.75003852508962">
        <ele>0.55</ele>
      </trkpt>
      <trkpt lat="35.77071198262274" lon="139.7503423690796">
        <ele>0.32</ele>
      </trkpt>
      <trkpt lat="35.77057586051524" lon="139.7506645694375">
        <ele>0.58</ele>
      </trkpt>
      <trkpt lat="35.77043982222676" lon="139.75098676979542">
        <ele>0.54</ele>
      </trkpt>
      <trkpt lat="35.77030420303345" lon="139.75130796432495">
        <ele>0.51</ele>
      </trkpt>
      <trkpt lat="35.77017956413329" lon="139.75165170617402">
        <ele>0.71</ele>
      </trkpt>
      <trkpt lat="35.770054925233126" lon="139.75199544802308">
        <ele>0.78</ele>
      </trkpt>
      <trkpt lat="35.769930370152" lon="139.75233918987215">
        <ele>0.51</ele>
      </trkpt>
      <trkpt lat="35.769805731251836" lon="139.7526829317212">
        <ele>0.54</ele>
      </trkpt>
      <trkpt lat="35.76968193054199" lon="139.75302457809448">
        <ele>0.63</ele>
      </trkpt>
      <trkpt lat="35.76966047286987" lon="139.75323915481567">
        <ele>0.68</ele>
      </trkpt>
      <trkpt lat="35.769596016034484" lon="139.75342171266675">
        <ele>0.77</ele>
      </trkpt>
      <trkpt lat="35.76953172683716" lon="139.7536039352417">
        <ele>0.81</ele>
      </trkpt>
      <trkpt lat="35.769407087937" lon="139.75389604456723">
        <ele>0.93</ele>
      </trkpt>
      <trkpt lat="35.76928253285587" lon="139.75418815389276">
        <ele>1.15</ele>
      </trkpt>
      <trkpt lat="35.76915797777474" lon="139.75448026321828">
        <ele>1.58</ele>
      </trkpt>
      <trkpt lat="35.76903333887458" lon="139.7547723725438">
        <ele>1.88</ele>
      </trkpt>
      <trkpt lat="35.7689094543457" lon="139.7550630569458">
        <ele>2.21</ele>
      </trkpt>
      <trkpt lat="35.76875916682184" lon="139.7552990913391">
        <ele>2.48</ele>
      </trkpt>
      <trkpt lat="35.768609046936035" lon="139.75553512573242">
        <ele>2.79</ele>
      </trkpt>
      <trkpt lat="35.76860913075507" lon="139.75553512573242">
        <ele>3.09</ele>
      </trkpt>
      <trkpt lat="35.76845347881317" lon="139.75575506687164">
        <ele>3.51</ele>
      </trkpt>
      <trkpt lat="35.76829791069031" lon="139.75597500801086">
        <ele>3.77</ele>
      </trkpt>
      <trkpt lat="35.76814225874841" lon="139.75619494915009">
        <ele>3.9</ele>
      </trkpt>
      <trkpt lat="35.76798677444458" lon="139.7564148902893">
        <ele>4.19</ele>
      </trkpt>
      <trkpt lat="35.76775090768933" lon="139.75661848671734">
        <ele>4.73</ele>
      </trkpt>
      <trkpt lat="35.76751470565796" lon="139.75682258605957">
        <ele>5.07</ele>
      </trkpt>
      <trkpt lat="35.76730038039386" lon="139.7569725383073">
        <ele>5.37</ele>
      </trkpt>
      <trkpt lat="35.767085552215576" lon="139.75712299346924">
        <ele>5.67</ele>
      </trkpt>
      <trkpt lat="35.76687843538821" lon="139.75722290575504">
        <ele>5.9</ele>
      </trkpt>
      <trkpt lat="35.76667140237987" lon="139.75732281804085">
        <ele>6.08</ele>
      </trkpt>
      <trkpt lat="35.76646327972412" lon="139.7574234008789">
        <ele>6.19</ele>
      </trkpt>
      <trkpt lat="35.766163459047675" lon="139.7575132548809">
        <ele>6.52</ele>
      </trkpt>
      <trkpt lat="35.76586372219026" lon="139.75760319270194">
        <ele>6.98</ele>
      </trkpt>
      <trkpt lat="35.76556398533285" lon="139.75769313052297">
        <ele>7.01</ele>
      </trkpt>
      <trkpt lat="35.76526424847543" lon="139.757783068344">
        <ele>6.95</ele>
      </trkpt>
      <trkpt lat="35.76496124267578" lon="139.7578740119934">
        <ele>6.91</ele>
      </trkpt>
      <trkpt lat="35.76496132649481" lon="139.7578740119934">
        <ele>7.01</ele>
      </trkpt>
      <trkpt lat="35.764697128906846" lon="139.75796679966152">
        <ele>6.95</ele>
      </trkpt>
      <trkpt lat="35.76443301513791" lon="139.7580595035106">
        <ele>7.07</ele>
      </trkpt>
      <trkpt lat="35.76416730880737" lon="139.75815296173096">
        <ele>7.47</ele>
      </trkpt>
      <trkpt lat="35.764167392626405" lon="139.75815296173096">
        <ele>7.48</ele>
      </trkpt>
      <trkpt lat="35.76392632909119" lon="139.75827609188855">
        <ele>7.67</ele>
      </trkpt>
      <trkpt lat="35.76368534937501" lon="139.75839922204614">
        <ele>7.51</ele>
      </trkpt>
      <trkpt lat="35.76344436965883" lon="139.75852243602276">
        <ele>7.34</ele>
      </trkpt>
      <trkpt lat="35.76320171356201" lon="139.7586464881897">
        <ele>7.24</ele>
      </trkpt>
      <trkpt lat="35.7629656791687" lon="139.7586464881897">
        <ele>7.09</ele>
      </trkpt>
      <trkpt lat="35.76296576298773" lon="139.7586464881897">
        <ele>6.91</ele>
      </trkpt>
      <trkpt lat="35.76275856234133" lon="139.75877498276532">
        <ele>6.7</ele>
      </trkpt>
      <trkpt lat="35.762551445513964" lon="139.75890356115997">
        <ele>6.42</ele>
      </trkpt>
      <trkpt lat="35.762343406677246" lon="139.75903272628784">
        <ele>6.05</ele>
      </trkpt>
      <trkpt lat="35.76234349049628" lon="139.75903272628784">
        <ele>5.76</ele>
      </trkpt>
      <trkpt lat="35.76208624988794" lon="139.75922559387982">
        <ele>5.36</ele>
      </trkpt>
      <trkpt lat="35.76182909309864" lon="139.7594184614718">
        <ele>4.92</ele>
      </trkpt>
      <trkpt lat="35.76157101429999" lon="139.75961208343506">
        <ele>4.56</ele>
      </trkpt>
      <trkpt lat="35.76135660521686" lon="139.75979070179164">
        <ele>4.31</ele>
      </trkpt>
      <trkpt lat="35.76114219613373" lon="139.75996932014823">
        <ele>4.01</ele>
      </trkpt>
      <trkpt lat="35.76092720031738" lon="139.76014852523804">
        <ele>3.61</ele>
      </trkpt>
      <trkpt lat="35.76072343625128" lon="139.76037366315722">
        <ele>3.42</ele>
      </trkpt>
      <trkpt lat="35.76051967218518" lon="139.76059888489544">
        <ele>3.3</ele>
      </trkpt>
      <trkpt lat="35.76031590811908" lon="139.76082410663366">
        <ele>2.87</ele>
      </trkpt>
      <trkpt lat="35.760111808776855" lon="139.76104974746704">
        <ele>2.52</ele>
      </trkpt>
      <trkpt lat="35.75990150682628" lon="139.7613329719752">
        <ele>2.35</ele>
      </trkpt>
      <trkpt lat="35.75969120487571" lon="139.76161619648337">
        <ele>1.9</ele>
      </trkpt>
      <trkpt lat="35.759480986744165" lon="139.76189942099154">
        <ele>1.4</ele>
      </trkpt>
      <trkpt lat="35.75927068479359" lon="139.7621826454997">
        <ele>1.44</ele>
      </trkpt>
      <trkpt lat="35.75906046666205" lon="139.7624659538269">
        <ele>1.33</ele>
      </trkpt>
      <trkpt lat="35.75889484025538" lon="139.7627511061728">
        <ele>0.88</ele>
      </trkpt>
      <trkpt lat="35.75872921384871" lon="139.76303634233773">
        <ele>0.54</ele>
      </trkpt>
      <trkpt lat="35.75856358744204" lon="139.76332157850266">
        <ele>0.34</ele>
      </trkpt>
      <trkpt lat="35.75839796103537" lon="139.76360681466758">
        <ele>0.56</ele>
      </trkpt>
      <trkpt lat="35.7582323346287" lon="139.7638920508325">
        <ele>0.5</ele>
      </trkpt>
      <trkpt lat="35.75806670822203" lon="139.76417728699744">
        <ele>0.18</ele>
      </trkpt>
      <trkpt lat="35.757901668548584" lon="139.76446151733398">
        <ele>0.23</ele>
      </trkpt>
      <trkpt lat="35.75776848010719" lon="139.7647277265787">
        <ele>0.39</ele>
      </trkpt>
      <trkpt lat="35.757635375484824" lon="139.76499401964247">
        <ele>0.21</ele>
      </trkpt>
      <trkpt lat="35.75750218704343" lon="139.76526031270623">
        <ele>-0.05</ele>
      </trkpt>
      <trkpt lat="35.757369082421064" lon="139.76552660577">
        <ele>0.16</ele>
      </trkpt>
      <trkpt lat="35.75723648071289" lon="139.76579189300537">
        <ele>0.72</ele>
      </trkpt>
      <trkpt lat="35.757100358605385" lon="139.7661355510354">
        <ele>1.1</ele>
      </trkpt>
      <trkpt lat="35.75696432031691" lon="139.76647929288447">
        <ele>1.09</ele>
      </trkpt>
      <trkpt lat="35.75682878494263" lon="139.7668218612671">
        <ele>0.93</ele>
      </trkpt>
      <trkpt lat="35.75673851184547" lon="139.76711405441165">
        <ele>1.07</ele>
      </trkpt>
      <trkpt lat="35.75664823874831" lon="139.76740633137524">
        <ele>1.53</ele>
      </trkpt>
      <trkpt lat="35.756557965651155" lon="139.7676985245198">
        <ele>2.02</ele>
      </trkpt>
      <trkpt lat="35.75646777637303" lon="139.7679908014834">
        <ele>2.42</ele>
      </trkpt>
      <trkpt lat="35.756378173828125" lon="139.7682809829712">
        <ele>2.77</ele>
      </trkpt>
      <trkpt lat="35.75637825764716" lon="139.7682809829712">
        <ele>3.04</ele>
      </trkpt>
      <trkpt lat="35.756324445828795" lon="139.7684958949685">
        <ele>3.3</ele>
      </trkpt>
      <trkpt lat="35.75627088546753" lon="139.76871013641357">
        <ele>3.49</ele>
      </trkpt>
      <trkpt lat="35.75627096928656" lon="139.76871013641357">
        <ele>3.7</ele>
      </trkpt>
      <trkpt lat="35.756203746423125" lon="139.76904591545463">
        <ele>3.75</ele>
      </trkpt>
      <trkpt lat="35.75613660737872" lon="139.7693817783147">
        <ele>3.83</ele>
      </trkpt>
      <trkpt lat="35.756069384515285" lon="139.7697176411748">
        <ele>4.02</ele>
      </trkpt>
      <trkpt lat="35.75600224547088" lon="139.77005350403488">
        <ele>4.13</ele>
      </trkpt>
      <trkpt lat="35.755935022607446" lon="139.77038936689496">
        <ele>4.19</ele>
      </trkpt>
      <trkpt lat="35.75586788356304" lon="139.77072522975504">
        <ele>4.38</ele>
      </trkpt>
      <trkpt lat="35.755800660699606" lon="139.77106109261513">
        <ele>4.53</ele>
      </trkpt>
      <trkpt lat="35.75573444366455" lon="139.77139234542847">
        <ele>4.46</ele>
      </trkpt>
      <trkpt lat="35.75573452748358" lon="139.77139234542847">
        <ele>4.34</ele>
      </trkpt>
      <trkpt lat="35.75571298599243" lon="139.7715425491333">
        <ele>4.14</ele>
      </trkpt>
      <trkpt lat="35.75571306981146" lon="139.7715425491333">
        <ele>3.91</ele>
      </trkpt>
      <trkpt lat="35.755662862211466" lon="139.77190079167485">
        <ele>3.45</ele>
      </trkpt>
      <trkpt lat="35.75561265461147" lon="139.77225911803544">
        <ele>2.94</ele>
      </trkpt>
      <trkpt lat="35.7555627822876" lon="139.77261543273926">
        <ele>2.63</ele>
      </trkpt>
      <trkpt lat="35.7555627822876" lon="139.77291584014893">
        <ele>2.33</ele>
      </trkpt>
      <trkpt lat="35.75553269125521" lon="139.7732770163566">
        <ele>2.07</ele>
      </trkpt>
      <trkpt lat="35.755502600222826" lon="139.77363819256425">
        <ele>1.79</ele>
      </trkpt>
      <trkpt lat="35.75547250919044" lon="139.7739993687719">
        <ele>1.61</ele>
      </trkpt>
      <trkpt lat="35.755442418158054" lon="139.77436054497957">
        <ele>1.01</ele>
      </trkpt>
      <trkpt lat="35.755412662401795" lon="139.77471828460693">
        <ele>-0.01</ele>
      </trkpt>
      <trkpt lat="35.755369663238525" lon="139.77493286132812">
        <ele>-0.96</ele>
      </trkpt>
      <trkpt lat="35.75536974705756" lon="139.77493286132812">
        <ele>-1.49</ele>
      </trkpt>
      <trkpt lat="35.75536111369729" lon="139.7752639465034">
        <ele>-2.52</ele>
      </trkpt>
      <trkpt lat="35.755352480337024" lon="139.77559503167868">
        <ele>-3.1</ele>
      </trkpt>
      <trkpt lat="35.75534384697676" lon="139.77592611685395">
        <ele>-3.41</ele>
      </trkpt>
      <trkpt lat="35.75533521361649" lon="139.77625720202923">
        <ele>-4.04</ele>
      </trkpt>
      <trkpt lat="35.75532674789429" lon="139.7765851020813">
        <ele>-4.46</ele>
      </trkpt>
      <trkpt lat="35.75528383255005" lon="139.77694988250732">
        <ele>-4.52</ele>
      </trkpt>
      <trkpt lat="35.75529456138611" lon="139.7772830631584">
        <ele>-4.31</ele>
      </trkpt>
      <trkpt lat="35.75530529022217" lon="139.7776163276285">
        <ele>-4.33</ele>
      </trkpt>
      <trkpt lat="35.75531601905823" lon="139.7779495920986">
        <ele>-4.24</ele>
      </trkpt>
      <trkpt lat="35.75532683171332" lon="139.7782828565687">
        <ele>-3.95</ele>
      </trkpt>
      <trkpt lat="35.75533756054938" lon="139.7786161210388">
        <ele>-3.6</ele>
      </trkpt>
      <trkpt lat="35.755348205566406" lon="139.7789454460144">
        <ele>-3.3</ele>
      </trkpt>
      <trkpt lat="35.75534828938544" lon="139.7789454460144">
        <ele>-3.14</ele>
      </trkpt>
      <trkpt lat="35.75537335127592" lon="139.77931450121105">
        <ele>-2.95</ele>
      </trkpt>
      <trkpt lat="35.755398413166404" lon="139.7796835564077">
        <ele>-2.88</ele>
      </trkpt>
      <trkpt lat="35.75542347505689" lon="139.78005261160433">
        <ele>-2.78</ele>
      </trkpt>
      <trkpt lat="35.75544853694737" lon="139.78042166680098">
        <ele>-2.36</ele>
      </trkpt>
      <trkpt lat="35.75547359883785" lon="139.78079080581665">
        <ele>-1.62</ele>
      </trkpt>
      <trkpt lat="35.75549840927124" lon="139.78115558624268">
        <ele>-1.4</ele>
      </trkpt>
      <trkpt lat="35.75554442591965" lon="139.78151181712747">
        <ele>-1.41</ele>
      </trkpt>
      <trkpt lat="35.755590526387095" lon="139.78186804801226">
        <ele>-1.56</ele>
      </trkpt>
      <trkpt lat="35.75563662685454" lon="139.78222427889705">
        <ele>-1.63</ele>
      </trkpt>
      <trkpt lat="35.75568272732198" lon="139.78258050978184">
        <ele>-1.64</ele>
      </trkpt>
      <trkpt lat="35.755728743970394" lon="139.78293682448566">
        <ele>-1.77</ele>
      </trkpt>
      <trkpt lat="35.75577484443784" lon="139.78329305537045">
        <ele>-1.57</ele>
      </trkpt>
      <trkpt lat="35.75582035817206" lon="139.7836446762085">
        <ele>-0.88</ele>
      </trkpt>
      <trkpt lat="35.75584181584418" lon="139.78368759155273">
        <ele>-0.57</ele>
      </trkpt>
      <trkpt lat="35.75587936677039" lon="139.78401004336774">
        <ele>0.03</ele>
      </trkpt>
      <trkpt lat="35.75591700151563" lon="139.78433249518275">
        <ele>0.45</ele>
      </trkpt>
      <trkpt lat="35.755954552441835" lon="139.78465494699776">
        <ele>0.71</ele>
      </trkpt>
      <trkpt lat="35.75599193572998" lon="139.78497505187988">
        <ele>0.94</ele>
      </trkpt>
      <trkpt lat="35.75604717247188" lon="139.7853036224842">
        <ele>1.2</ele>
      </trkpt>
      <trkpt lat="35.75610249303281" lon="139.78563219308853">
        <ele>1.44</ele>
      </trkpt>
      <trkpt lat="35.75615772977471" lon="139.78596076369286">
        <ele>1.59</ele>
      </trkpt>
      <trkpt lat="35.756213050335646" lon="139.78628933429718">
        <ele>1.82</ele>
      </trkpt>
      <trkpt lat="35.756268287077546" lon="139.7866179049015">
        <ele>2.09</ele>
      </trkpt>
      <trkpt lat="35.75627373531461" lon="139.78665051050484">
        <ele>2.25</ele>
      </trkpt>
      <trkpt lat="35.7563260383904" lon="139.7869612276554">
        <ele>2.36</ele>
      </trkpt>
      <trkpt lat="35.756378173828125" lon="139.78727102279663">
        <ele>2.44</ele>
      </trkpt>
      <trkpt lat="35.75637825764716" lon="139.78727102279663">
        <ele>2.5</ele>
      </trkpt>
      <trkpt lat="35.7564640045166" lon="139.78742122650146">
        <ele>2.44</ele>
      </trkpt>
      <trkpt lat="35.75650507584214" lon="139.78776765055954">
        <ele>2.41</ele>
      </trkpt>
      <trkpt lat="35.756546230986714" lon="139.78811415843666">
        <ele>2.35</ele>
      </trkpt>
      <trkpt lat="35.75658713467419" lon="139.78845873847604">
        <ele>2.24</ele>
      </trkpt>
      <trkpt lat="35.756614208221436" lon="139.7886872291565">
        <ele>2.06</ele>
      </trkpt>
      <trkpt lat="35.756689393892884" lon="139.7889557853341">
        <ele>2.04</ele>
      </trkpt>
      <trkpt lat="35.7567644957453" lon="139.78922367095947">
        <ele>2.22</ele>
      </trkpt>
      <trkpt lat="35.75682886876166" lon="139.78952458128333">
        <ele>2.39</ele>
      </trkpt>
      <trkpt lat="35.756893157958984" lon="139.7898244857788">
        <ele>2.24</ele>
      </trkpt>
      <trkpt lat="35.75692274607718" lon="139.7901651263237">
        <ele>2.06</ele>
      </trkpt>
      <trkpt lat="35.75695049017668" lon="139.79048372246325">
        <ele>1.81</ele>
      </trkpt>
      <trkpt lat="35.75697898864746" lon="139.7908115386963">
        <ele>1.56</ele>
      </trkpt>
      <trkpt lat="35.75704344548285" lon="139.79111244902015">
        <ele>1.56</ele>
      </trkpt>
      <trkpt lat="35.757107734680176" lon="139.79141235351562">
        <ele>1.27</ele>
      </trkpt>
      <trkpt lat="35.75710781849921" lon="139.79166984558105">
        <ele>0.77</ele>
      </trkpt>
      <trkpt lat="35.757150733843446" lon="139.79190587997437">
        <ele>0.38</ele>
      </trkpt>
      <trkpt lat="35.75720228254795" lon="139.7922196984291">
        <ele>0.49</ele>
      </trkpt>
      <trkpt lat="35.757253831252456" lon="139.79253351688385">
        <ele>0.74</ele>
      </trkpt>
      <trkpt lat="35.75730537995696" lon="139.79284741915762">
        <ele>0.91</ele>
      </trkpt>
      <trkpt lat="35.7573570124805" lon="139.79316123761237">
        <ele>0.86</ele>
      </trkpt>
      <trkpt lat="35.757408142089844" lon="139.79347229003906">
        <ele>0.5</ele>
      </trkpt>
      <trkpt lat="35.757408225908875" lon="139.79347229003906">
        <ele>0.38</ele>
      </trkpt>
      <trkpt lat="35.75745834968984" lon="139.79378032498062">
        <ele>-0.45</ele>
      </trkpt>
      <trkpt lat="35.75750847347081" lon="139.7940884437412">
        <ele>-1.04</ele>
      </trkpt>
      <trkpt lat="35.75755842961371" lon="139.79439496994019">
        <ele>-0.87</ele>
      </trkpt>
      <trkpt lat="35.75760134495795" lon="139.79474608786404">
        <ele>-0.4</ele>
      </trkpt>
      <trkpt lat="35.75764434412122" lon="139.7950972057879">
        <ele>-0.25</ele>
      </trkpt>
      <trkpt lat="35.757687175646424" lon="139.79544639587402">
        <ele>-0.02</ele>
      </trkpt>
      <trkpt lat="35.75772296637297" lon="139.7958118468523">
        <ele>0.42</ele>
      </trkpt>
      <trkpt lat="35.75775875709951" lon="139.79617729783058">
        <ele>0.49</ele>
      </trkpt>
      <trkpt lat="35.75779446400702" lon="139.7965407371521">
        <ele>0.4</ele>
      </trkpt>
      <trkpt lat="35.75781592167914" lon="139.79666948318481">
        <ele>0.5</ele>
      </trkpt>
      <trkpt lat="35.7578266505152" lon="139.79699193499982">
        <ele>0.57</ele>
      </trkpt>
      <trkpt lat="35.75783737935126" lon="139.79731447063386">
        <ele>0.7</ele>
      </trkpt>
      <trkpt lat="35.75784810818732" lon="139.79763692244887">
        <ele>0.88</ele>
      </trkpt>
      <trkpt lat="35.75785883702338" lon="139.79795694351196">
        <ele>0.93</ele>
      </trkpt>
      <trkpt lat="35.75785162858665" lon="139.79825793765485">
        <ele>0.92</ele>
      </trkpt>
      <trkpt lat="35.757844503968954" lon="139.79855893179774">
        <ele>1.03</ele>
      </trkpt>
      <trkpt lat="35.75783737935126" lon="139.79885816574097">
        <ele>1.26</ele>
      </trkpt>
      <trkpt lat="35.75782120227814" lon="139.79920215904713">
        <ele>1.7</ele>
      </trkpt>
      <trkpt lat="35.757805025205016" lon="139.7995461523533">
        <ele>1.93</ele>
      </trkpt>
      <trkpt lat="35.75778893195093" lon="139.79989014565945">
        <ele>2.02</ele>
      </trkpt>
      <trkpt lat="35.75777292251587" lon="139.8002314567566">
        <ele>2.25</ele>
      </trkpt>
      <trkpt lat="35.7577730063349" lon="139.8002314567566">
        <ele>2.4</ele>
      </trkpt>
      <trkpt lat="35.75774425640702" lon="139.80052524246275">
        <ele>2.68</ele>
      </trkpt>
      <trkpt lat="35.757715590298176" lon="139.80081902816892">
        <ele>2.8</ele>
      </trkpt>
      <trkpt lat="35.75768709182739" lon="139.80111122131348">
        <ele>2.88</ele>
      </trkpt>
      <trkpt lat="35.75761894695461" lon="139.80146585963666">
        <ele>2.89</ele>
      </trkpt>
      <trkpt lat="35.757550885900855" lon="139.80182049795985">
        <ele>2.9</ele>
      </trkpt>
      <trkpt lat="35.7574828248471" lon="139.80217522010207">
        <ele>3.05</ele>
      </trkpt>
      <trkpt lat="35.75741476379335" lon="139.80252985842526">
        <ele>3.05</ele>
      </trkpt>
      <trkpt lat="35.757346702739596" lon="139.80288458056748">
        <ele>3.06</ele>
      </trkpt>
      <trkpt lat="35.75727939605713" lon="139.80323553085327">
        <ele>3.15</ele>
      </trkpt>
      <trkpt lat="35.75727947987616" lon="139.80323553085327">
        <ele>3.21</ele>
      </trkpt>
      <trkpt lat="35.75720421038568" lon="139.8035686276853">
        <ele>3.4</ele>
      </trkpt>
      <trkpt lat="35.757129192352295" lon="139.80390071868896">
        <ele>3.47</ele>
      </trkpt>
      <trkpt lat="35.75704327784479" lon="139.80411546304822">
        <ele>3.41</ele>
      </trkpt>
      <trkpt lat="35.75695761479437" lon="139.80432987213135">
        <ele>3.34</ele>
      </trkpt>
      <trkpt lat="35.756893241778016" lon="139.80456590652466">
        <ele>3.29</ele>
      </trkpt>
      <trkpt lat="35.756807243451476" lon="139.80483446270227">
        <ele>3.41</ele>
      </trkpt>
      <trkpt lat="35.75672149658203" lon="139.80510234832764">
        <ele>3.7</ele>
      </trkpt>
      <trkpt lat="35.75672158040106" lon="139.80510234832764">
        <ele>3.76</ele>
      </trkpt>
      <trkpt lat="35.75667858123779" lon="139.80523109436035">
        <ele>3.86</ele>
      </trkpt>
      <trkpt lat="35.756678665056825" lon="139.80523109436035">
        <ele>3.91</ele>
      </trkpt>
      <trkpt lat="35.756657123565674" lon="139.80535984039307">
        <ele>3.98</ele>
      </trkpt>
      <trkpt lat="35.756657207384706" lon="139.80535984039307">
        <ele>4.02</ele>
      </trkpt>
      <trkpt lat="35.75652829371393" lon="139.80562822893262">
        <ele>3.99</ele>
      </trkpt>
      <trkpt lat="35.756399715319276" lon="139.80589628219604">
        <ele>4.01</ele>
      </trkpt>
      <trkpt lat="35.75628153048456" lon="139.80616475455463">
        <ele>3.94</ele>
      </trkpt>
      <trkpt lat="35.756163597106934" lon="139.80643272399902">
        <ele>3.94</ele>
      </trkpt>
      <trkpt lat="35.756163680925965" lon="139.80643272399902">
        <ele>3.96</ele>
      </trkpt>
      <trkpt lat="35.755997970700264" lon="139.80672407895327">
        <ele>4.05</ele>
      </trkpt>
      <trkpt lat="35.755832344293594" lon="139.8070154339075">
        <ele>4.12</ele>
      </trkpt>
      <trkpt lat="35.755666717886925" lon="139.80730678886175">
        <ele>4.07</ele>
      </trkpt>
      <trkpt lat="35.755501091480255" lon="139.807598143816">
        <ele>4.06</ele>
      </trkpt>
      <trkpt lat="35.755335465073586" lon="139.80788949877024">
        <ele>4.1</ele>
      </trkpt>
      <trkpt lat="35.755169838666916" lon="139.80818085372448">
        <ele>4.01</ele>
      </trkpt>
      <trkpt lat="35.7550048828125" lon="139.80847120285034">
        <ele>4.02</ele>
      </trkpt>
      <trkpt lat="35.75482601299882" lon="139.80872869491577">
        <ele>4.04</ele>
      </trkpt>
      <trkpt lat="35.75464714318514" lon="139.8089861869812">
        <ele>4.08</ele>
      </trkpt>
      <trkpt lat="35.75446844100952" lon="139.80924367904663">
        <ele>4.07</ele>
      </trkpt>
      <trkpt lat="35.75427532196045" lon="139.80949035845697">
        <ele>4.09</ele>
      </trkpt>
      <trkpt lat="35.75408220291138" lon="139.80973712168634">
        <ele>3.91</ele>
      </trkpt>
      <trkpt lat="35.753889167681336" lon="139.80998380109668">
        <ele>3.84</ele>
      </trkpt>
      <trkpt lat="35.75369596481323" lon="139.8102307319641">
        <ele>3.82</ele>
      </trkpt>
      <trkpt lat="35.753696048632264" lon="139.8102307319641">
        <ele>3.8</ele>
      </trkpt>
      <trkpt lat="35.75358867645264" lon="139.81040239334106">
        <ele>3.8</ele>
      </trkpt>
      <trkpt lat="35.75348138809204" lon="139.81057405471802">
        <ele>3.76</ele>
      </trkpt>
      <trkpt lat="35.753259686753154" lon="139.8108242545277">
        <ele>3.82</ele>
      </trkpt>
      <trkpt lat="35.7530380692333" lon="139.81107445433736">
        <ele>3.92</ele>
      </trkpt>
      <trkpt lat="35.75281620025635" lon="139.8113250732422">
        <ele>4.09</ele>
      </trkpt>
      <trkpt lat="35.75281628407538" lon="139.8113250732422">
        <ele>4.07</ele>
      </trkpt>
      <trkpt lat="35.75260606594384" lon="139.81153084896505">
        <ele>3.95</ele>
      </trkpt>
      <trkpt lat="35.75239593163133" lon="139.81173670850694">
        <ele>3.71</ele>
      </trkpt>
      <trkpt lat="35.752185797318816" lon="139.81194256804883">
        <ele>3.45</ele>
      </trkpt>
      <trkpt lat="35.751975663006306" lon="139.81214842759073">
        <ele>3.65</ele>
      </trkpt>
      <trkpt lat="35.75176477432251" lon="139.8123550415039">
        <ele>3.94</ele>
      </trkpt>
      <trkpt lat="35.75176485814154" lon="139.8123550415039">
        <ele>3.91</ele>
      </trkpt>
      <trkpt lat="35.75151616707444" lon="139.81257364153862">
        <ele>3.96</ele>
      </trkpt>
      <trkpt lat="35.75126747600734" lon="139.81279232539237">
        <ele>3.75</ele>
      </trkpt>
      <trkpt lat="35.75101878494024" lon="139.8130110092461">
        <ele>3.5</ele>
      </trkpt>
      <trkpt lat="35.75077009387314" lon="139.81322960928082">
        <ele>3.43</ele>
      </trkpt>
      <trkpt lat="35.75052031315863" lon="139.81344938278198">
        <ele>3.38</ele>
      </trkpt>
      <trkpt lat="35.750284446403384" lon="139.81364937499166">
        <ele>3.36</ele>
      </trkpt>
      <trkpt lat="35.75004866346717" lon="139.81384945102036">
        <ele>3.53</ele>
      </trkpt>
      <trkpt lat="35.7498122099787" lon="139.81405019760132">
        <ele>3.58</ele>
      </trkpt>
      <trkpt lat="35.74974775314331" lon="139.81409311294556">
        <ele>3.56</ele>
      </trkpt>
      <trkpt lat="35.74974783696234" lon="139.81409311294556">
        <ele>3.6</ele>
      </trkpt>
      <trkpt lat="35.74951507151127" lon="139.8142737429589">
        <ele>3.64</ele>
      </trkpt>
      <trkpt lat="35.74928238987923" lon="139.81445437297225">
        <ele>3.68</ele>
      </trkpt>
      <trkpt lat="35.749049708247185" lon="139.8146350029856">
        <ele>3.73</ele>
      </trkpt>
      <trkpt lat="35.74881694279611" lon="139.81481563299894">
        <ele>3.88</ele>
      </trkpt>
      <trkpt lat="35.74858426116407" lon="139.8149962630123">
        <ele>3.89</ele>
      </trkpt>
      <trkpt lat="35.74835157953203" lon="139.81517697684467">
        <ele>3.77</ele>
      </trkpt>
      <trkpt lat="35.748116970062256" lon="139.8153591156006">
        <ele>4.1</ele>
      </trkpt>
      <trkpt lat="35.74811705388129" lon="139.8153591156006">
        <ele>4.21</ele>
      </trkpt>
      <trkpt lat="35.747894179075956" lon="139.8155047930777">
        <ele>4.41</ele>
      </trkpt>
      <trkpt lat="35.747671304270625" lon="139.81565047055483">
        <ele>4.45</ele>
      </trkpt>
      <trkpt lat="35.747448429465294" lon="139.81579614803195">
        <ele>4.52</ele>
      </trkpt>
      <trkpt lat="35.747225638478994" lon="139.8159419093281">
        <ele>4.72</ele>
      </trkpt>
      <trkpt lat="35.74700117111206" lon="139.81608867645264">
        <ele>5.14</ele>
      </trkpt>
      <trkpt lat="35.74700125493109" lon="139.81608867645264">
        <ele>5.2</ele>
      </trkpt>
      <trkpt lat="35.746772680431604" lon="139.81621717102826">
        <ele>5.14</ele>
      </trkpt>
      <trkpt lat="35.74654418975115" lon="139.81634566560388">
        <ele>5.04</ele>
      </trkpt>
      <trkpt lat="35.74631460942328" lon="139.81647491455078">
        <ele>5.01</ele>
      </trkpt>
      <trkpt lat="35.74610028415918" lon="139.8166105337441">
        <ele>5.01</ele>
      </trkpt>
      <trkpt lat="35.74588604271412" lon="139.81674623675644">
        <ele>4.92</ele>
      </trkpt>
      <trkpt lat="35.745670879259706" lon="139.81688261032104">
        <ele>4.82</ele>
      </trkpt>
      <trkpt lat="35.74546719901264" lon="139.81702183373272">
        <ele>4.75</ele>
      </trkpt>
      <trkpt lat="35.74526309967041" lon="139.8171615600586">
        <ele>4.65</ele>
      </trkpt>
      <trkpt lat="35.745081128552556" lon="139.81718293391168">
        <ele>4.46</ele>
      </trkpt>
      <trkpt lat="35.744898319244385" lon="139.81720447540283">
        <ele>4.13</ele>
      </trkpt>
      <trkpt lat="35.744641330093145" lon="139.81731578707695">
        <ele>3.81</ele>
      </trkpt>
      <trkpt lat="35.744384340941906" lon="139.8174271825701">
        <ele>3.72</ele>
      </trkpt>
      <trkpt lat="35.74412735179067" lon="139.81753849424422">
        <ele>3.55</ele>
      </trkpt>
      <trkpt lat="35.74387036263943" lon="139.81764988973737">
        <ele>3.22</ele>
      </trkpt>
      <trkpt lat="35.743610858917236" lon="139.81776237487793">
        <ele>2.92</ele>
      </trkpt>
      <trkpt lat="35.74335336685181" lon="139.81793403625488">
        <ele>2.74</ele>
      </trkpt>
      <trkpt lat="35.74335345067084" lon="139.81793403625488">
        <ele>2.57</ele>
      </trkpt>
      <trkpt lat="35.74322470463812" lon="139.81804132461548">
        <ele>2.41</ele>
      </trkpt>
      <trkpt lat="35.743160247802734" lon="139.81812715530396">
        <ele>2.27</ele>
      </trkpt>
      <trkpt lat="35.74293519370258" lon="139.8182771075517">
        <ele>2.06</ele>
      </trkpt>
      <trkpt lat="35.74270963668823" lon="139.81842756271362">
        <ele>1.92</ele>
      </trkpt>
      <trkpt lat="35.742538310587406" lon="139.81845966540277">
        <ele>1.91</ele>
      </trkpt>
      <trkpt lat="35.742366313934326" lon="139.81849193572998">
        <ele>1.98</ele>
      </trkpt>
      <trkpt lat="35.7421949878335" lon="139.81856686994433">
        <ele>2.1</ele>
      </trkpt>
      <trkpt lat="35.74202307499945" lon="139.81864213943481">
        <ele>2.2</ele>
      </trkpt>
      <trkpt lat="35.741822915151715" lon="139.8188207577914">
        <ele>2.12</ele>
      </trkpt>
      <trkpt lat="35.74162283912301" lon="139.81899937614799">
        <ele>2.06</ele>
      </trkpt>
      <trkpt lat="35.741422176361084" lon="139.8191785812378">
        <ele>2.22</ele>
      </trkpt>
      <trkpt lat="35.74115320108831" lon="139.8193261027336">
        <ele>2.37</ele>
      </trkpt>
      <trkpt lat="35.740884225815535" lon="139.81947370804846">
        <ele>2.47</ele>
      </trkpt>
      <trkpt lat="35.74061533436179" lon="139.81962122954428">
        <ele>2.65</ele>
      </trkpt>
      <trkpt lat="35.74034635908902" lon="139.81976883485913">
        <ele>2.9</ele>
      </trkpt>
      <trkpt lat="35.74007738381624" lon="139.81991635635495">
        <ele>3.13</ele>
      </trkpt>
      <trkpt lat="35.7398084923625" lon="139.8200639616698">
        <ele>3.38</ele>
      </trkpt>
      <trkpt lat="35.739539517089725" lon="139.82021148316562">
        <ele>3.5</ele>
      </trkpt>
      <trkpt lat="35.73927062563598" lon="139.82035908848047">
        <ele>3.69</ele>
      </trkpt>
      <trkpt lat="35.73899754323065" lon="139.82050895690918">
        <ele>3.85</ele>
      </trkpt>
      <trkpt lat="35.73875756934285" lon="139.82064172625542">
        <ele>4.07</ele>
      </trkpt>
      <trkpt lat="35.73851759545505" lon="139.82077457942069">
        <ele>4.19</ele>
      </trkpt>
      <trkpt lat="35.73827770538628" lon="139.82090734876692">
        <ele>4.47</ele>
      </trkpt>
      <trkpt lat="35.73803773149848" lon="139.8210402019322">
        <ele>4.83</ele>
      </trkpt>
      <trkpt lat="35.73779582977295" lon="139.82117414474487">
        <ele>5.12</ele>
      </trkpt>
      <trkpt lat="35.737538672983646" lon="139.82134907506406">
        <ele>5.36</ele>
      </trkpt>
      <trkpt lat="35.737281516194344" lon="139.82152408920228">
        <ele>5.59</ele>
      </trkpt>
      <trkpt lat="35.73702435940504" lon="139.8216991033405">
        <ele>5.71</ele>
      </trkpt>
      <trkpt lat="35.73676728643477" lon="139.8218740336597">
        <ele>5.84</ele>
      </trkpt>
      <trkpt lat="35.73651012964547" lon="139.82204904779792">
        <ele>5.99</ele>
      </trkpt>
      <trkpt lat="35.73625087738037" lon="139.8222255706787">
        <ele>6.17</ele>
      </trkpt>
      <trkpt lat="35.7362509611994" lon="139.8222255706787">
        <ele>6.27</ele>
      </trkpt>
      <trkpt lat="35.73607234284282" lon="139.82236127369106">
        <ele>6.33</ele>
      </trkpt>
      <trkpt lat="35.73589372448623" lon="139.8224969767034">
        <ele>6.34</ele>
      </trkpt>
      <trkpt lat="35.735714519396424" lon="139.82263326644897">
        <ele>6.45</ele>
      </trkpt>
      <trkpt lat="35.73546038009226" lon="139.82283535413444">
        <ele>6.57</ele>
      </trkpt>
      <trkpt lat="35.7352062407881" lon="139.8230374418199">
        <ele>7.07</ele>
      </trkpt>
      <trkpt lat="35.73495210148394" lon="139.82323952950537">
        <ele>7.21</ele>
      </trkpt>
      <trkpt lat="35.73469796217978" lon="139.8234415333718">
        <ele>6.37</ele>
      </trkpt>
      <trkpt lat="35.73444382287562" lon="139.82364362105727">
        <ele>5.62</ele>
      </trkpt>
      <trkpt lat="35.73418968357146" lon="139.82384570874274">
        <ele>5.25</ele>
      </trkpt>
      <trkpt lat="35.733933532610536" lon="139.82404947280884">
        <ele>5.19</ele>
      </trkpt>
      <trkpt lat="35.733719039708376" lon="139.8242515604943">
        <ele>5.05</ele>
      </trkpt>
      <trkpt lat="35.73350463062525" lon="139.8244537319988">
        <ele>4.89</ele>
      </trkpt>
      <trkpt lat="35.73329022154212" lon="139.8246559035033">
        <ele>4.65</ele>
      </trkpt>
      <trkpt lat="35.73307581245899" lon="139.8248580750078">
        <ele>4.48</ele>
      </trkpt>
      <trkpt lat="35.732861403375864" lon="139.82506016269326">
        <ele>4.34</ele>
      </trkpt>
      <trkpt lat="35.732646994292736" lon="139.82526233419776">
        <ele>4.17</ele>
      </trkpt>
      <trkpt lat="35.732431411743164" lon="139.8254656791687">
        <ele>3.94</ele>
      </trkpt>
      <trkpt lat="35.732216918841004" lon="139.8256908170879">
        <ele>3.7</ele>
      </trkpt>
      <trkpt lat="35.73200234211981" lon="139.8259162902832">
        <ele>3.54</ele>
      </trkpt>
      <trkpt lat="35.731937969103456" lon="139.82598066329956">
        <ele>3.36</ele>
      </trkpt>
      <trkpt lat="35.73185213841498" lon="139.82608795166016">
        <ele>3.19</ele>
      </trkpt>
      <trkpt lat="35.731680477038026" lon="139.8262809868902">
        <ele>3.0</ele>
      </trkpt>
      <trkpt lat="35.731508899480104" lon="139.82647402212024">
        <ele>2.83</ele>
      </trkpt>
      <trkpt lat="35.73133707046509" lon="139.82666730880737">
        <ele>2.66</ele>
      </trkpt>
      <trkpt lat="35.73133715428412" lon="139.82666730880737">
        <ele>2.55</ele>
      </trkpt>
      <trkpt lat="35.73115132749081" lon="139.82683159410954">
        <ele>2.51</ele>
      </trkpt>
      <trkpt lat="35.730965500697494" lon="139.82699596323073">
        <ele>2.44</ele>
      </trkpt>
      <trkpt lat="35.73077917098999" lon="139.8271608352661">
        <ele>2.45</ele>
      </trkpt>
      <trkpt lat="35.73056467808783" lon="139.82739670202136">
        <ele>2.45</ele>
      </trkpt>
      <trkpt lat="35.73035018518567" lon="139.82763265259564">
        <ele>2.31</ele>
      </trkpt>
      <trkpt lat="35.730135440826416" lon="139.82786893844604">
        <ele>2.23</ele>
      </trkpt>
      <trkpt lat="35.73013552464545" lon="139.82786893844604">
        <ele>2.27</ele>
      </trkpt>
      <trkpt lat="35.72992413304746" lon="139.82808334752917">
        <ele>2.29</ele>
      </trkpt>
      <trkpt lat="35.729712741449475" lon="139.8282977566123">
        <ele>2.52</ele>
      </trkpt>
      <trkpt lat="35.72950134985149" lon="139.82851224951446">
        <ele>2.69</ele>
      </trkpt>
      <trkpt lat="35.7292899582535" lon="139.8287266585976">
        <ele>2.75</ele>
      </trkpt>
      <trkpt lat="35.72907856665552" lon="139.82894106768072">
        <ele>2.86</ele>
      </trkpt>
      <trkpt lat="35.72886717505753" lon="139.82915556058288">
        <ele>3.01</ele>
      </trkpt>
      <trkpt lat="35.728654861450195" lon="139.82937097549438">
        <ele>3.19</ele>
      </trkpt>
      <trkpt lat="35.72865494526923" lon="139.82937097549438">
        <ele>3.34</ele>
      </trkpt>
      <trkpt lat="35.72849627584219" lon="139.8295345902443">
        <ele>3.56</ele>
      </trkpt>
      <trkpt lat="35.72832754813135" lon="139.8297087661922">
        <ele>3.68</ele>
      </trkpt>
      <trkpt lat="35.72815873660147" lon="139.82988302595913">
        <ele>3.85</ele>
      </trkpt>
      <trkpt lat="35.7279896736145" lon="139.8300576210022">
        <ele>4.02</ele>
      </trkpt>
      <trkpt lat="35.727989757433534" lon="139.8300576210022">
        <ele>4.2</ele>
      </trkpt>
      <trkpt lat="35.7278395537287" lon="139.83025074005127">
        <ele>4.4</ele>
      </trkpt>
      <trkpt lat="35.727732265368104" lon="139.83037948608398">
        <ele>4.56</ele>
      </trkpt>
      <trkpt lat="35.72758197784424" lon="139.83052968978882">
        <ele>4.7</ele>
      </trkpt>
      <trkpt lat="35.72758206166327" lon="139.83052968978882">
        <ele>4.86</ele>
      </trkpt>
      <trkpt lat="35.72741048410535" lon="139.8307011835277">
        <ele>5.01</ele>
      </trkpt>
      <trkpt lat="35.727238738909364" lon="139.83087301254272">
        <ele>5.1</ele>
      </trkpt>
      <trkpt lat="35.727217281237245" lon="139.83087301254272">
        <ele>5.24</ele>
      </trkpt>
      <trkpt lat="35.72701712138951" lon="139.83104442246258">
        <ele>5.45</ele>
      </trkpt>
      <trkpt lat="35.726817045360804" lon="139.83121591620147">
        <ele>5.57</ele>
      </trkpt>
      <trkpt lat="35.72661638259888" lon="139.83138799667358">
        <ele>5.63</ele>
      </trkpt>
      <trkpt lat="35.72647682391107" lon="139.83161330223083">
        <ele>5.74</ele>
      </trkpt>
      <trkpt lat="35.72633743286133" lon="139.8318386077881">
        <ele>5.85</ele>
      </trkpt>
      <trkpt lat="35.72611221112311" lon="139.83206374570727">
        <ele>5.97</ele>
      </trkpt>
      <trkpt lat="35.725886821746826" lon="139.8322892189026">
        <ele>6.2</ele>
      </trkpt>
      <trkpt lat="35.72571516036987" lon="139.83239650726318">
        <ele>6.12</ele>
      </trkpt>
      <trkpt lat="35.725715244188905" lon="139.83239650726318">
        <ele>6.05</ele>
      </trkpt>
      <trkpt lat="35.72548197582364" lon="139.83263505622745">
        <ele>6.06</ele>
      </trkpt>
      <trkpt lat="35.72524879127741" lon="139.8328736051917">
        <ele>5.67</ele>
      </trkpt>
      <trkpt lat="35.725015606731176" lon="139.83311215415597">
        <ele>5.38</ele>
      </trkpt>
      <trkpt lat="35.724782422184944" lon="139.83335070312023">
        <ele>5.08</ele>
      </trkpt>
      <trkpt lat="35.72454915381968" lon="139.83358933590353">
        <ele>4.82</ele>
      </trkpt>
      <trkpt lat="35.72431596927345" lon="139.8338278848678">
        <ele>4.58</ele>
      </trkpt>
      <trkpt lat="35.724082784727216" lon="139.83406643383205">
        <ele>4.38</ele>
      </trkpt>
      <trkpt lat="35.72384842671454" lon="139.8343062400818">
        <ele>4.18</ele>
      </trkpt>
      <trkpt lat="35.72363158687949" lon="139.83452542684972">
        <ele>4.04</ele>
      </trkpt>
      <trkpt lat="35.723414747044444" lon="139.83474461361766">
        <ele>3.91</ele>
      </trkpt>
      <trkpt lat="35.723197907209396" lon="139.8349638003856">
        <ele>3.75</ele>
      </trkpt>
      <trkpt lat="35.72298106737435" lon="139.83518298715353">
        <ele>3.47</ele>
      </trkpt>
      <trkpt lat="35.7227642275393" lon="139.8354022577405">
        <ele>3.35</ele>
      </trkpt>
      <trkpt lat="35.722547471523285" lon="139.83562144450843">
        <ele>3.48</ele>
      </trkpt>
      <trkpt lat="35.72233063168824" lon="139.83584063127637">
        <ele>3.39</ele>
      </trkpt>
      <trkpt lat="35.72211379185319" lon="139.8360598180443">
        <ele>3.04</ele>
      </trkpt>
      <trkpt lat="35.721895694732666" lon="139.83628034591675">
        <ele>2.82</ele>
      </trkpt>
      <trkpt lat="35.7218957785517" lon="139.83628034591675">
        <ele>2.79</ele>
      </trkpt>
      <trkpt lat="35.721692852675915" lon="139.8364884685725">
        <ele>2.64</ele>
      </trkpt>
      <trkpt lat="35.72149001061916" lon="139.83669659122825">
        <ele>2.83</ele>
      </trkpt>
      <trkpt lat="35.72128708474338" lon="139.83690479770303">
        <ele>3.05</ele>
      </trkpt>
      <trkpt lat="35.72108424268663" lon="139.83711292035878">
        <ele>3.27</ele>
      </trkpt>
      <trkpt lat="35.720880730077624" lon="139.8373217973858">
        <ele>3.23</ele>
      </trkpt>
      <trkpt lat="35.720653999596834" lon="139.83755439519882">
        <ele>3.52</ele>
      </trkpt>
      <trkpt lat="35.720427352935076" lon="139.83778699301183">
        <ele>3.75</ele>
      </trkpt>
      <trkpt lat="35.72020070627332" lon="139.83801959082484">
        <ele>3.83</ele>
      </trkpt>
      <trkpt lat="35.71997405961156" lon="139.83825218863785">
        <ele>3.95</ele>
      </trkpt>
      <trkpt lat="35.7197474129498" lon="139.83848478645086">
        <ele>4.0</ele>
      </trkpt>
      <trkpt lat="35.71952068246901" lon="139.83871738426387">
        <ele>3.7</ele>
      </trkpt>
      <trkpt lat="35.71929403580725" lon="139.83894998207688">
        <ele>3.55</ele>
      </trkpt>
      <trkpt lat="35.71906738914549" lon="139.8391825798899">
        <ele>3.56</ele>
      </trkpt>
      <trkpt lat="35.718840742483735" lon="139.83941509388387">
        <ele>3.57</ele>
      </trkpt>
      <trkpt lat="35.71861267089844" lon="139.83964920043945">
        <ele>3.57</ele>
      </trkpt>
      <trkpt lat="35.718419551849365" lon="139.83994960784912">
        <ele>3.67</ele>
      </trkpt>
      <trkpt lat="35.7182158716023" lon="139.84014255926013">
        <ele>3.7</ele>
      </trkpt>
      <trkpt lat="35.71801193989813" lon="139.84033584594727">
        <ele>3.66</ele>
      </trkpt>
      <trkpt lat="35.71779736317694" lon="139.84057188034058">
        <ele>3.64</ele>
      </trkpt>
      <trkpt lat="35.717711532488465" lon="139.84063625335693">
        <ele>3.64</ele>
      </trkpt>
      <trkpt lat="35.717496955767274" lon="139.84087228775024">
        <ele>3.65</ele>
      </trkpt>
      <trkpt lat="35.71730928495526" lon="139.84104914590716">
        <ele>3.5</ele>
      </trkpt>
      <trkpt lat="35.717121697962284" lon="139.84122600406408">
        <ele>3.36</ele>
      </trkpt>
      <trkpt lat="35.716934110969305" lon="139.841402862221">
        <ele>3.34</ele>
      </trkpt>
      <trkpt lat="35.716745937243104" lon="139.84158039093018">
        <ele>3.32</ele>
      </trkpt>
      <trkpt lat="35.716529097408056" lon="139.8417995776981">
        <ele>3.32</ele>
      </trkpt>
      <trkpt lat="35.71631225757301" lon="139.84201876446605">
        <ele>3.31</ele>
      </trkpt>
      <trkpt lat="35.71609541773796" lon="139.84223795123398">
        <ele>3.25</ele>
      </trkpt>
      <trkpt lat="35.71587857790291" lon="139.84245713800192">
        <ele>3.22</ele>
      </trkpt>
      <trkpt lat="35.715661738067865" lon="139.8426764085889">
        <ele>3.01</ele>
      </trkpt>
      <trkpt lat="35.71544498205185" lon="139.84289559535682">
        <ele>2.74</ele>
      </trkpt>
      <trkpt lat="35.7152281422168" lon="139.84311478212476">
        <ele>2.53</ele>
      </trkpt>
      <trkpt lat="35.715011302381754" lon="139.8433339688927">
        <ele>2.54</ele>
      </trkpt>
      <trkpt lat="35.71479320526123" lon="139.84355449676514">
        <ele>2.74</ele>
      </trkpt>
      <trkpt lat="35.71479328908026" lon="139.84355449676514">
        <ele>2.62</ele>
      </trkpt>
      <trkpt lat="35.7145787961781" lon="139.84376890584826">
        <ele>2.47</ele>
      </trkpt>
      <trkpt lat="35.714364387094975" lon="139.8439833149314">
        <ele>2.21</ele>
      </trkpt>
      <trkpt lat="35.71414955891669" lon="139.8441982269287">
        <ele>1.98</ele>
      </trkpt>
      <trkpt lat="35.71391897276044" lon="139.84442872926593">
        <ele>1.84</ele>
      </trkpt>
      <trkpt lat="35.71368847042322" lon="139.84465923160315">
        <ele>1.65</ele>
      </trkpt>
      <trkpt lat="35.713457968086004" lon="139.84488973394036">
        <ele>1.52</ele>
      </trkpt>
      <trkpt lat="35.713226879015565" lon="139.84512090682983">
        <ele>1.35</ele>
      </trkpt>
      <trkpt lat="35.71305521763861" lon="139.84531394205987">
        <ele>1.35</ele>
      </trkpt>
      <trkpt lat="35.71288355626166" lon="139.84550714492798">
        <ele>1.23</ele>
      </trkpt>
      <trkpt lat="35.712676187977195" lon="139.8457215540111">
        <ele>1.15</ele>
      </trkpt>
      <trkpt lat="35.71246890351176" lon="139.84593596309423">
        <ele>1.06</ele>
      </trkpt>
      <trkpt lat="35.71226119995117" lon="139.84615087509155">
        <ele>1.02</ele>
      </trkpt>
      <trkpt lat="35.712261283770204" lon="139.84615087509155">
        <ele>0.94</ele>
      </trkpt>
      <trkpt lat="35.712153911590576" lon="139.8462152481079">
        <ele>0.9</ele>
      </trkpt>
      <trkpt lat="35.71192558854818" lon="139.84644348733127">
        <ele>0.83</ele>
      </trkpt>
      <trkpt lat="35.71169726550579" lon="139.84667181037366">
        <ele>0.7</ele>
      </trkpt>
      <trkpt lat="35.71146852336824" lon="139.84690063633025">
        <ele>0.62</ele>
      </trkpt>
      <trkpt lat="35.71133860386908" lon="139.84703063964844">
        <ele>0.62</ele>
      </trkpt>
      <trkpt lat="35.71123123168945" lon="139.84715938568115">
        <ele>0.61</ele>
      </trkpt>
      <trkpt lat="35.711231315508485" lon="139.84715938568115">
        <ele>0.62</ele>
      </trkpt>
      <trkpt lat="35.71101673878729" lon="139.84738452360034">
        <ele>0.74</ele>
      </trkpt>
      <trkpt lat="35.71080207824707" lon="139.84760999679565">
        <ele>0.88</ele>
      </trkpt>
      <trkpt lat="35.71067341603339" lon="139.8476529121399">
        <ele>0.97</ele>
      </trkpt>
      <trkpt lat="35.710485745221376" lon="139.8478458635509">
        <ele>1.06</ele>
      </trkpt>
      <trkpt lat="35.710298074409366" lon="139.84803889878094">
        <ele>1.09</ele>
      </trkpt>
      <trkpt lat="35.71011048741639" lon="139.84823185019195">
        <ele>1.14</ele>
      </trkpt>
      <trkpt lat="35.70992239750922" lon="139.84842538833618">
        <ele>1.17</ele>
      </trkpt>
      <trkpt lat="35.70985794067383" lon="139.8485541343689">
        <ele>1.24</ele>
      </trkpt>
      <trkpt lat="35.70968636311591" lon="139.84871129505336">
        <ele>1.29</ele>
      </trkpt>
      <trkpt lat="35.70951486937702" lon="139.84886853955686">
        <ele>1.38</ele>
      </trkpt>
      <trkpt lat="35.70934295654297" lon="139.84902620315552">
        <ele>1.52</ele>
      </trkpt>
      <trkpt lat="35.70914992131293" lon="139.8491334915161">
        <ele>1.72</ele>
      </trkpt>
      <trkpt lat="35.708928387612104" lon="139.8493263591081">
        <ele>1.89</ele>
      </trkpt>
      <trkpt lat="35.70870685391128" lon="139.8495193105191">
        <ele>2.13</ele>
      </trkpt>
      <trkpt lat="35.708484733477235" lon="139.84971284866333">
        <ele>2.48</ele>
      </trkpt>
      <trkpt lat="35.70825959555805" lon="139.84989498741925">
        <ele>2.83</ele>
      </trkpt>
      <trkpt lat="35.70803454145789" lon="139.8500772099942">
        <ele>3.27</ele>
      </trkpt>
      <trkpt lat="35.707809487357736" lon="139.85025934875011">
        <ele>3.68</ele>
      </trkpt>
      <trkpt lat="35.70758443325758" lon="139.85044157132506">
        <ele>3.98</ele>
      </trkpt>
      <trkpt lat="35.707359379157424" lon="139.8506237939">
        <ele>4.3</ele>
      </trkpt>
      <trkpt lat="35.70713290013373" lon="139.8508071899414">
        <ele>4.42</ele>
      </trkpt>
      <trkpt lat="35.70691857486963" lon="139.85095714218915">
        <ele>4.56</ele>
      </trkpt>
      <trkpt lat="35.70670433342457" lon="139.85110717825592">
        <ele>4.91</ele>
      </trkpt>
      <trkpt lat="35.706489169970155" lon="139.8512578010559">
        <ele>5.24</ele>
      </trkpt>
      <trkpt lat="35.706246262416244" lon="139.85142200253904">
        <ele>5.43</ele>
      </trkpt>
      <trkpt lat="35.706003438681364" lon="139.8515862878412">
        <ele>5.45</ele>
      </trkpt>
      <trkpt lat="35.705759609118104" lon="139.85175132751465">
        <ele>5.95</ele>
      </trkpt>
      <trkpt lat="35.70550966076553" lon="139.8519012797624">
        <ele>6.37</ele>
      </trkpt>
      <trkpt lat="35.70525971241295" lon="139.85205123201013">
        <ele>6.67</ele>
      </trkpt>
      <trkpt lat="35.705008590593934" lon="139.85220193862915">
        <ele>6.48</ele>
      </trkpt>
      <trkpt lat="35.7048583868891" lon="139.85228776931763">
        <ele>6.82</ele>
      </trkpt>
      <trkpt lat="35.70471229031682" lon="139.85236069187522">
        <ele>7.11</ele>
      </trkpt>
      <trkpt lat="35.70456569083035" lon="139.85243403352797">
        <ele>7.37</ele>
      </trkpt>
      <trkpt lat="35.704368967562914" lon="139.85253235325217">
        <ele>7.88</ele>
      </trkpt>
      <trkpt lat="35.704171657562256" lon="139.85263109207153">
        <ele>8.16</ele>
      </trkpt>
      <trkpt lat="35.70417174138129" lon="139.85263109207153">
        <ele>8.08</ele>
      </trkpt>
      <trkpt lat="35.70388047024608" lon="139.85276386141777">
        <ele>7.72</ele>
      </trkpt>
      <trkpt lat="35.703589199110866" lon="139.852896630764">
        <ele>7.26</ele>
      </trkpt>
      <trkpt lat="35.703297927975655" lon="139.85302940011024">
        <ele>6.88</ele>
      </trkpt>
      <trkpt lat="35.703006656840444" lon="139.85316216945648">
        <ele>6.19</ele>
      </trkpt>
      <trkpt lat="35.702712619677186" lon="139.85329627990723">
        <ele>5.68</ele>
      </trkpt>
      <trkpt lat="35.70243425667286" lon="139.85339258797467">
        <ele>5.46</ele>
      </trkpt>
      <trkpt lat="35.70215589366853" lon="139.85348897986114">
        <ele>5.17</ele>
      </trkpt>
      <trkpt lat="35.701877530664206" lon="139.85358528792858">
        <ele>4.68</ele>
      </trkpt>
      <trkpt lat="35.70159682072699" lon="139.85368251800537">
        <ele>4.09</ele>
      </trkpt>
      <trkpt lat="35.70138509385288" lon="139.85376340337098">
        <ele>3.55</ele>
      </trkpt>
      <trkpt lat="35.70117252878845" lon="139.85384470783174">
        <ele>3.29</ele>
      </trkpt>
      <trkpt lat="35.70101427845657" lon="139.8539051413536">
        <ele>3.1</ele>
      </trkpt>
      <trkpt lat="35.70072309114039" lon="139.85401653684676">
        <ele>2.99</ele>
      </trkpt>
      <trkpt lat="35.70043182000518" lon="139.85412784852087">
        <ele>2.82</ele>
      </trkpt>
      <trkpt lat="35.70013761520386" lon="139.85424041748047">
        <ele>2.73</ele>
      </trkpt>
      <trkpt lat="35.69988070987165" lon="139.85428316518664">
        <ele>2.54</ele>
      </trkpt>
      <trkpt lat="35.69962271489203" lon="139.85432624816895">
        <ele>2.28</ele>
      </trkpt>
      <trkpt lat="35.699380058795214" lon="139.85437612049282">
        <ele>2.07</ele>
      </trkpt>
      <trkpt lat="35.6991374026984" lon="139.85442607663572">
        <ele>1.89</ele>
      </trkpt>
      <trkpt lat="35.69889307022095" lon="139.85447645187378">
        <ele>1.81</ele>
      </trkpt>
      <trkpt lat="35.69863566197455" lon="139.85447645187378">
        <ele>1.76</ele>
      </trkpt>
      <trkpt lat="35.69835562258959" lon="139.85447636805475">
        <ele>1.73</ele>
      </trkpt>
      <trkpt lat="35.69835470058024" lon="139.85447645187378">
        <ele>1.71</ele>
      </trkpt>
      <trkpt lat="35.698361322283745" lon="139.85447636805475">
        <ele>1.73</ele>
      </trkpt>
      <trkpt lat="35.69863566197455" lon="139.85447645187378">
        <ele>1.76</ele>
      </trkpt>
      <trkpt lat="35.69889307022095" lon="139.85447645187378">
        <ele>1.81</ele>
      </trkpt>
      <trkpt lat="35.6991374026984" lon="139.85442607663572">
        <ele>1.89</ele>
      </trkpt>
      <trkpt lat="35.699380058795214" lon="139.85437612049282">
        <ele>2.07</ele>
      </trkpt>
      <trkpt lat="35.69962271489203" lon="139.85432624816895">
        <ele>2.28</ele>
      </trkpt>
      <trkpt lat="35.69988070987165" lon="139.85428316518664">
        <ele>2.54</ele>
      </trkpt>
      <trkpt lat="35.70013761520386" lon="139.85424041748047">
        <ele>2.73</ele>
      </trkpt>
      <trkpt lat="35.70043182000518" lon="139.85412784852087">
        <ele>2.82</ele>
      </trkpt>
      <trkpt lat="35.70072309114039" lon="139.85401653684676">
        <ele>2.99</ele>
      </trkpt>
      <trkpt lat="35.70101427845657" lon="139.8539051413536">
        <ele>3.1</ele>
      </trkpt>
      <trkpt lat="35.70117252878845" lon="139.85384470783174">
        <ele>3.29</ele>
      </trkpt>
      <trkpt lat="35.70138509385288" lon="139.85376340337098">
        <ele>3.55</ele>
      </trkpt>
      <trkpt lat="35.70159682072699" lon="139.85368251800537">
        <ele>4.09</ele>
      </trkpt>
      <trkpt lat="35.701877530664206" lon="139.85358528792858">
        <ele>4.68</ele>
      </trkpt>
      <trkpt lat="35.70215589366853" lon="139.85348897986114">
        <ele>5.17</ele>
      </trkpt>
      <trkpt lat="35.70243425667286" lon="139.85339258797467">
        <ele>5.46</ele>
      </trkpt>
      <trkpt lat="35.702712619677186" lon="139.85329627990723">
        <ele>5.68</ele>
      </trkpt>
      <trkpt lat="35.703006656840444" lon="139.85316216945648">
        <ele>6.19</ele>
      </trkpt>
      <trkpt lat="35.703297927975655" lon="139.85302940011024">
        <ele>6.88</ele>
      </trkpt>
      <trkpt lat="35.703589199110866" lon="139.852896630764">
        <ele>7.26</ele>
      </trkpt>
      <trkpt lat="35.70388047024608" lon="139.85276386141777">
        <ele>7.72</ele>
      </trkpt>
      <trkpt lat="35.70417174138129" lon="139.85263109207153">
        <ele>8.08</ele>
      </trkpt>
      <trkpt lat="35.704171657562256" lon="139.85263109207153">
        <ele>8.16</ele>
      </trkpt>
      <trkpt lat="35.704368967562914" lon="139.85253235325217">
        <ele>7.88</ele>
      </trkpt>
      <trkpt lat="35.70456569083035" lon="139.85243403352797">
        <ele>7.37</ele>
      </trkpt>
      <trkpt lat="35.70471229031682" lon="139.85236069187522">
        <ele>7.11</ele>
      </trkpt>
      <trkpt lat="35.7048583868891" lon="139.85228776931763">
        <ele>6.82</ele>
      </trkpt>
      <trkpt lat="35.705008590593934" lon="139.85220193862915">
        <ele>6.48</ele>
      </trkpt>
      <trkpt lat="35.70525971241295" lon="139.85205123201013">
        <ele>6.67</ele>
      </trkpt>
      <trkpt lat="35.70550966076553" lon="139.8519012797624">
        <ele>6.37</ele>
      </trkpt>
      <trkpt lat="35.705759609118104" lon="139.85175132751465">
        <ele>5.95</ele>
      </trkpt>
      <trkpt lat="35.706003438681364" lon="139.8515862878412">
        <ele>5.45</ele>
      </trkpt>
      <trkpt lat="35.706246262416244" lon="139.85142200253904">
        <ele>5.43</ele>
      </trkpt>
      <trkpt lat="35.706489169970155" lon="139.8512578010559">
        <ele>5.24</ele>
      </trkpt>
      <trkpt lat="35.70670433342457" lon="139.85110717825592">
        <ele>4.91</ele>
      </trkpt>
      <trkpt lat="35.70691857486963" lon="139.85095714218915">
        <ele>4.56</ele>
      </trkpt>
      <trkpt lat="35.70713290013373" lon="139.8508071899414">
        <ele>4.42</ele>
      </trkpt>
      <trkpt lat="35.707359379157424" lon="139.8506237939">
        <ele>4.3</ele>
      </trkpt>
      <trkpt lat="35.70758443325758" lon="139.85044157132506">
        <ele>3.98</ele>
      </trkpt>
      <trkpt lat="35.707809487357736" lon="139.85025934875011">
        <ele>3.68</ele>
      </trkpt>
      <trkpt lat="35.70803454145789" lon="139.8500772099942">
        <ele>3.27</ele>
      </trkpt>
      <trkpt lat="35.70825959555805" lon="139.84989498741925">
        <ele>2.83</ele>
      </trkpt>
      <trkpt lat="35.708484733477235" lon="139.84971284866333">
        <ele>2.48</ele>
      </trkpt>
      <trkpt lat="35.70870685391128" lon="139.8495193105191">
        <ele>2.13</ele>
      </trkpt>
      <trkpt lat="35.708928387612104" lon="139.8493263591081">
        <ele>1.89</ele>
      </trkpt>
      <trkpt lat="35.70914992131293" lon="139.8491334915161">
        <ele>1.72</ele>
      </trkpt>
      <trkpt lat="35.70934295654297" lon="139.84902620315552">
        <ele>1.52</ele>
      </trkpt>
      <trkpt lat="35.70951486937702" lon="139.84886853955686">
        <ele>1.38</ele>
      </trkpt>
      <trkpt lat="35.70968636311591" lon="139.84871129505336">
        <ele>1.29</ele>
      </trkpt>
      <trkpt lat="35.70985794067383" lon="139.8485541343689">
        <ele>1.24</ele>
      </trkpt>
      <trkpt lat="35.70992239750922" lon="139.84842538833618">
        <ele>1.17</ele>
      </trkpt>
      <trkpt lat="35.71011048741639" lon="139.84823185019195">
        <ele>1.14</ele>
      </trkpt>
      <trkpt lat="35.710298074409366" lon="139.84803889878094">
        <ele>1.09</ele>
      </trkpt>
      <trkpt lat="35.710485745221376" lon="139.8478458635509">
        <ele>1.06</ele>
      </trkpt>
      <trkpt lat="35.71067341603339" lon="139.8476529121399">
        <ele>0.97</ele>
      </trkpt>
      <trkpt lat="35.71080207824707" lon="139.84760999679565">
        <ele>0.88</ele>
      </trkpt>
      <trkpt lat="35.71101673878729" lon="139.84738452360034">
        <ele>0.74</ele>
      </trkpt>
      <trkpt lat="35.711231315508485" lon="139.84715938568115">
        <ele>0.62</ele>
      </trkpt>
      <trkpt lat="35.71123123168945" lon="139.84715938568115">
        <ele>0.61</ele>
      </trkpt>
      <trkpt lat="35.71133860386908" lon="139.84703063964844">
        <ele>0.62</ele>
      </trkpt>
      <trkpt lat="35.71146852336824" lon="139.84690063633025">
        <ele>0.62</ele>
      </trkpt>
      <trkpt lat="35.71169726550579" lon="139.84667181037366">
        <ele>0.7</ele>
      </trkpt>
      <trkpt lat="35.71192558854818" lon="139.84644348733127">
        <ele>0.83</ele>
      </trkpt>
      <trkpt lat="35.712153911590576" lon="139.8462152481079">
        <ele>0.9</ele>
      </trkpt>
      <trkpt lat="35.712261283770204" lon="139.84615087509155">
        <ele>0.94</ele>
      </trkpt>
      <trkpt lat="35.71226119995117" lon="139.84615087509155">
        <ele>1.02</ele>
      </trkpt>
      <trkpt lat="35.71246890351176" lon="139.84593596309423">
        <ele>1.06</ele>
      </trkpt>
      <trkpt lat="35.712676187977195" lon="139.8457215540111">
        <ele>1.15</ele>
      </trkpt>
      <trkpt lat="35.71288355626166" lon="139.84550714492798">
        <ele>1.23</ele>
      </trkpt>
      <trkpt lat="35.71305521763861" lon="139.84531394205987">
        <ele>1.35</ele>
      </trkpt>
      <trkpt lat="35.713226879015565" lon="139.84512090682983">
        <ele>1.35</ele>
      </trkpt>
      <trkpt lat="35.713457968086004" lon="139.84488973394036">
        <ele>1.52</ele>
      </trkpt>
      <trkpt lat="35.71368847042322" lon="139.84465923160315">
        <ele>1.65</ele>
      </trkpt>
      <trkpt lat="35.71391897276044" lon="139.84442872926593">
        <ele>1.84</ele>
      </trkpt>
      <trkpt lat="35.71414955891669" lon="139.8441982269287">
        <ele>1.98</ele>
      </trkpt>
      <trkpt lat="35.714364387094975" lon="139.8439833149314">
        <ele>2.21</ele>
      </trkpt>
      <trkpt lat="35.7145787961781" lon="139.84376890584826">
        <ele>2.47</ele>
      </trkpt>
      <trkpt lat="35.71479328908026" lon="139.84355449676514">
        <ele>2.62</ele>
      </trkpt>
      <trkpt lat="35.71479320526123" lon="139.84355449676514">
        <ele>2.74</ele>
      </trkpt>
      <trkpt lat="35.715011302381754" lon="139.8433339688927">
        <ele>2.54</ele>
      </trkpt>
      <trkpt lat="35.7152281422168" lon="139.84311478212476">
        <ele>2.53</ele>
      </trkpt>
      <trkpt lat="35.71544498205185" lon="139.84289559535682">
        <ele>2.74</ele>
      </trkpt>
      <trkpt lat="35.715661738067865" lon="139.8426764085889">
        <ele>3.01</ele>
      </trkpt>
      <trkpt lat="35.71587857790291" lon="139.84245713800192">
        <ele>3.22</ele>
      </trkpt>
      <trkpt lat="35.71609541773796" lon="139.84223795123398">
        <ele>3.25</ele>
      </trkpt>
      <trkpt lat="35.71631225757301" lon="139.84201876446605">
        <ele>3.31</ele>
      </trkpt>
      <trkpt lat="35.716529097408056" lon="139.8417995776981">
        <ele>3.32</ele>
      </trkpt>
      <trkpt lat="35.716745937243104" lon="139.84158039093018">
        <ele>3.32</ele>
      </trkpt>
      <trkpt lat="35.716934110969305" lon="139.841402862221">
        <ele>3.34</ele>
      </trkpt>
      <trkpt lat="35.717121697962284" lon="139.84122600406408">
        <ele>3.36</ele>
      </trkpt>
      <trkpt lat="35.71730928495526" lon="139.84104914590716">
        <ele>3.5</ele>
      </trkpt>
      <trkpt lat="35.717496955767274" lon="139.84087228775024">
        <ele>3.65</ele>
      </trkpt>
      <trkpt lat="35.717711532488465" lon="139.84063625335693">
        <ele>3.64</ele>
      </trkpt>
      <trkpt lat="35.71779736317694" lon="139.84057188034058">
        <ele>3.64</ele>
      </trkpt>
      <trkpt lat="35.71801193989813" lon="139.84033584594727">
        <ele>3.66</ele>
      </trkpt>
      <trkpt lat="35.7182158716023" lon="139.84014255926013">
        <ele>3.7</ele>
      </trkpt>
      <trkpt lat="35.718419551849365" lon="139.83994960784912">
        <ele>3.67</ele>
      </trkpt>
      <trkpt lat="35.71861267089844" lon="139.83964920043945">
        <ele>3.57</ele>
      </trkpt>
      <trkpt lat="35.718840742483735" lon="139.83941509388387">
        <ele>3.57</ele>
      </trkpt>
      <trkpt lat="35.71906738914549" lon="139.8391825798899">
        <ele>3.56</ele>
      </trkpt>
      <trkpt lat="35.71929403580725" lon="139.83894998207688">
        <ele>3.55</ele>
      </trkpt>
      <trkpt lat="35.71952068246901" lon="139.83871738426387">
        <ele>3.7</ele>
      </trkpt>
      <trkpt lat="35.7197474129498" lon="139.83848478645086">
        <ele>4.0</ele>
      </trkpt>
      <trkpt lat="35.71997405961156" lon="139.83825218863785">
        <ele>3.95</ele>
      </trkpt>
      <trkpt lat="35.72020070627332" lon="139.83801959082484">
        <ele>3.83</ele>
      </trkpt>
      <trkpt lat="35.720427352935076" lon="139.83778699301183">
        <ele>3.75</ele>
      </trkpt>
      <trkpt lat="35.720653999596834" lon="139.83755439519882">
        <ele>3.52</ele>
      </trkpt>
      <trkpt lat="35.720880730077624" lon="139.8373217973858">
        <ele>3.23</ele>
      </trkpt>
      <trkpt lat="35.72108424268663" lon="139.83711292035878">
        <ele>3.27</ele>
      </trkpt>
      <trkpt lat="35.72128708474338" lon="139.83690479770303">
        <ele>3.05</ele>
      </trkpt>
      <trkpt lat="35.72149001061916" lon="139.83669659122825">
        <ele>2.83</ele>
      </trkpt>
      <trkpt lat="35.721692852675915" lon="139.8364884685725">
        <ele>2.64</ele>
      </trkpt>
      <trkpt lat="35.7218957785517" lon="139.83628034591675">
        <ele>2.79</ele>
      </trkpt>
      <trkpt lat="35.721895694732666" lon="139.83628034591675">
        <ele>2.82</ele>
      </trkpt>
      <trkpt lat="35.72211379185319" lon="139.8360598180443">
        <ele>3.04</ele>
      </trkpt>
      <trkpt lat="35.72233063168824" lon="139.83584063127637">
        <ele>3.39</ele>
      </trkpt>
      <trkpt lat="35.722547471523285" lon="139.83562144450843">
        <ele>3.48</ele>
      </trkpt>
      <trkpt lat="35.7227642275393" lon="139.8354022577405">
        <ele>3.35</ele>
      </trkpt>
      <trkpt lat="35.72298106737435" lon="139.83518298715353">
        <ele>3.47</ele>
      </trkpt>
      <trkpt lat="35.723197907209396" lon="139.8349638003856">
        <ele>3.75</ele>
      </trkpt>
      <trkpt lat="35.723414747044444" lon="139.83474461361766">
        <ele>3.91</ele>
      </trkpt>
      <trkpt lat="35.72363158687949" lon="139.83452542684972">
        <ele>4.04</ele>
      </trkpt>
      <trkpt lat="35.72384842671454" lon="139.8343062400818">
        <ele>4.18</ele>
      </trkpt>
      <trkpt lat="35.724082784727216" lon="139.83406643383205">
        <ele>4.38</ele>
      </trkpt>
      <trkpt lat="35.72431596927345" lon="139.8338278848678">
        <ele>4.58</ele>
      </trkpt>
      <trkpt lat="35.72454915381968" lon="139.83358933590353">
        <ele>4.82</ele>
      </trkpt>
      <trkpt lat="35.724782422184944" lon="139.83335070312023">
        <ele>5.08</ele>
      </trkpt>
      <trkpt lat="35.725015606731176" lon="139.83311215415597">
        <ele>5.38</ele>
      </trkpt>
      <trkpt lat="35.72524879127741" lon="139.8328736051917">
        <ele>5.67</ele>
      </trkpt>
      <trkpt lat="35.72548197582364" lon="139.83263505622745">
        <ele>6.06</ele>
      </trkpt>
      <trkpt lat="35.725715244188905" lon="139.83239650726318">
        <ele>6.05</ele>
      </trkpt>
      <trkpt lat="35.72571516036987" lon="139.83239650726318">
        <ele>6.12</ele>
      </trkpt>
      <trkpt lat="35.725886821746826" lon="139.8322892189026">
        <ele>6.2</ele>
      </trkpt>
      <trkpt lat="35.72611221112311" lon="139.83206374570727">
        <ele>5.97</ele>
      </trkpt>
      <trkpt lat="35.72633743286133" lon="139.8318386077881">
        <ele>5.85</ele>
      </trkpt>
      <trkpt lat="35.72647682391107" lon="139.83161330223083">
        <ele>5.74</ele>
      </trkpt>
      <trkpt lat="35.72661638259888" lon="139.83138799667358">
        <ele>5.63</ele>
      </trkpt>
      <trkpt lat="35.726817045360804" lon="139.83121591620147">
        <ele>5.57</ele>
      </trkpt>
      <trkpt lat="35.72701712138951" lon="139.83104442246258">
        <ele>5.45</ele>
      </trkpt>
      <trkpt lat="35.727217281237245" lon="139.83087301254272">
        <ele>5.24</ele>
      </trkpt>
      <trkpt lat="35.727238738909364" lon="139.83087301254272">
        <ele>5.1</ele>
      </trkpt>
      <trkpt lat="35.72741048410535" lon="139.8307011835277">
        <ele>5.01</ele>
      </trkpt>
      <trkpt lat="35.72758206166327" lon="139.83052968978882">
        <ele>4.86</ele>
      </trkpt>
      <trkpt lat="35.72758197784424" lon="139.83052968978882">
        <ele>4.7</ele>
      </trkpt>
      <trkpt lat="35.727732265368104" lon="139.83037948608398">
        <ele>4.56</ele>
      </trkpt>
      <trkpt lat="35.7278395537287" lon="139.83025074005127">
        <ele>4.4</ele>
      </trkpt>
      <trkpt lat="35.727989757433534" lon="139.8300576210022">
        <ele>4.2</ele>
      </trkpt>
      <trkpt lat="35.7279896736145" lon="139.8300576210022">
        <ele>4.02</ele>
      </trkpt>
      <trkpt lat="35.72815873660147" lon="139.82988302595913">
        <ele>3.85</ele>
      </trkpt>
      <trkpt lat="35.72832754813135" lon="139.8297087661922">
        <ele>3.68</ele>
      </trkpt>
      <trkpt lat="35.72849627584219" lon="139.8295345902443">
        <ele>3.56</ele>
      </trkpt>
      <trkpt lat="35.72865494526923" lon="139.82937097549438">
        <ele>3.34</ele>
      </trkpt>
      <trkpt lat="35.728654861450195" lon="139.82937097549438">
        <ele>3.19</ele>
      </trkpt>
      <trkpt lat="35.72886717505753" lon="139.82915556058288">
        <ele>3.01</ele>
      </trkpt>
      <trkpt lat="35.72907856665552" lon="139.82894106768072">
        <ele>2.86</ele>
      </trkpt>
      <trkpt lat="35.7292899582535" lon="139.8287266585976">
        <ele>2.75</ele>
      </trkpt>
      <trkpt lat="35.72950134985149" lon="139.82851224951446">
        <ele>2.69</ele>
      </trkpt>
      <trkpt lat="35.729712741449475" lon="139.8282977566123">
        <ele>2.52</ele>
      </trkpt>
      <trkpt lat="35.72992413304746" lon="139.82808334752917">
        <ele>2.29</ele>
      </trkpt>
      <trkpt lat="35.73013552464545" lon="139.82786893844604">
        <ele>2.27</ele>
      </trkpt>
      <trkpt lat="35.730135440826416" lon="139.82786893844604">
        <ele>2.23</ele>
      </trkpt>
      <trkpt lat="35.73035018518567" lon="139.82763265259564">
        <ele>2.31</ele>
      </trkpt>
      <trkpt lat="35.73056467808783" lon="139.82739670202136">
        <ele>2.45</ele>
      </trkpt>
      <trkpt lat="35.73077917098999" lon="139.8271608352661">
        <ele>2.45</ele>
      </trkpt>
      <trkpt lat="35.730965500697494" lon="139.82699596323073">
        <ele>2.44</ele>
      </trkpt>
      <trkpt lat="35.73115132749081" lon="139.82683159410954">
        <ele>2.51</ele>
      </trkpt>
      <trkpt lat="35.73133715428412" lon="139.82666730880737">
        <ele>2.55</ele>
      </trkpt>
      <trkpt lat="35.73133707046509" lon="139.82666730880737">
        <ele>2.66</ele>
      </trkpt>
      <trkpt lat="35.731508899480104" lon="139.82647402212024">
        <ele>2.83</ele>
      </trkpt>
      <trkpt lat="35.731680477038026" lon="139.8262809868902">
        <ele>3.0</ele>
      </trkpt>
      <trkpt lat="35.73185213841498" lon="139.82608795166016">
        <ele>3.19</ele>
      </trkpt>
      <trkpt lat="35.731937969103456" lon="139.82598066329956">
        <ele>3.36</ele>
      </trkpt>
      <trkpt lat="35.73200234211981" lon="139.8259162902832">
        <ele>3.54</ele>
      </trkpt>
      <trkpt lat="35.732216918841004" lon="139.8256908170879">
        <ele>3.7</ele>
      </trkpt>
      <trkpt lat="35.732431411743164" lon="139.8254656791687">
        <ele>3.94</ele>
      </trkpt>
      <trkpt lat="35.732646994292736" lon="139.82526233419776">
        <ele>4.17</ele>
      </trkpt>
      <trkpt lat="35.732861403375864" lon="139.82506016269326">
        <ele>4.34</ele>
      </trkpt>
      <trkpt lat="35.73307581245899" lon="139.8248580750078">
        <ele>4.48</ele>
      </trkpt>
      <trkpt lat="35.73329022154212" lon="139.8246559035033">
        <ele>4.65</ele>
      </trkpt>
      <trkpt lat="35.73350463062525" lon="139.8244537319988">
        <ele>4.89</ele>
      </trkpt>
      <trkpt lat="35.733719039708376" lon="139.8242515604943">
        <ele>5.05</ele>
      </trkpt>
      <trkpt lat="35.733933532610536" lon="139.82404947280884">
        <ele>5.19</ele>
      </trkpt>
      <trkpt lat="35.73418968357146" lon="139.82384570874274">
        <ele>5.25</ele>
      </trkpt>
      <trkpt lat="35.73444382287562" lon="139.82364362105727">
        <ele>5.62</ele>
      </trkpt>
      <trkpt lat="35.73469796217978" lon="139.8234415333718">
        <ele>6.37</ele>
      </trkpt>
      <trkpt lat="35.73495210148394" lon="139.82323952950537">
        <ele>7.21</ele>
      </trkpt>
      <trkpt lat="35.7352062407881" lon="139.8230374418199">
        <ele>7.07</ele>
      </trkpt>
      <trkpt lat="35.73546038009226" lon="139.82283535413444">
        <ele>6.57</ele>
      </trkpt>
      <trkpt lat="35.735714519396424" lon="139.82263326644897">
        <ele>6.45</ele>
      </trkpt>
      <trkpt lat="35.73589372448623" lon="139.8224969767034">
        <ele>6.34</ele>
      </trkpt>
      <trkpt lat="35.73607234284282" lon="139.82236127369106">
        <ele>6.33</ele>
      </trkpt>
      <trkpt lat="35.7362509611994" lon="139.8222255706787">
        <ele>6.27</ele>
      </trkpt>
      <trkpt lat="35.73625087738037" lon="139.8222255706787">
        <ele>6.17</ele>
      </trkpt>
      <trkpt lat="35.73651012964547" lon="139.82204904779792">
        <ele>5.99</ele>
      </trkpt>
      <trkpt lat="35.73676728643477" lon="139.8218740336597">
        <ele>5.84</ele>
      </trkpt>
      <trkpt lat="35.73702435940504" lon="139.8216991033405">
        <ele>5.71</ele>
      </trkpt>
      <trkpt lat="35.737281516194344" lon="139.82152408920228">
        <ele>5.59</ele>
      </trkpt>
      <trkpt lat="35.737538672983646" lon="139.82134907506406">
        <ele>5.36</ele>
      </trkpt>
      <trkpt lat="35.73779582977295" lon="139.82117414474487">
        <ele>5.12</ele>
      </trkpt>
      <trkpt lat="35.73803773149848" lon="139.8210402019322">
        <ele>4.83</ele>
      </trkpt>
      <trkpt lat="35.73827770538628" lon="139.82090734876692">
        <ele>4.47</ele>
      </trkpt>
      <trkpt lat="35.73851759545505" lon="139.82077457942069">
        <ele>4.19</ele>
      </trkpt>
      <trkpt lat="35.73875756934285" lon="139.82064172625542">
        <ele>4.07</ele>
      </trkpt>
      <trkpt lat="35.73899754323065" lon="139.82050895690918">
        <ele>3.85</ele>
      </trkpt>
      <trkpt lat="35.73927062563598" lon="139.82035908848047">
        <ele>3.69</ele>
      </trkpt>
      <trkpt lat="35.739539517089725" lon="139.82021148316562">
        <ele>3.5</ele>
      </trkpt>
      <trkpt lat="35.7398084923625" lon="139.8200639616698">
        <ele>3.38</ele>
      </trkpt>
      <trkpt lat="35.74007738381624" lon="139.81991635635495">
        <ele>3.13</ele>
      </trkpt>
      <trkpt lat="35.74034635908902" lon="139.81976883485913">
        <ele>2.9</ele>
      </trkpt>
      <trkpt lat="35.74061533436179" lon="139.81962122954428">
        <ele>2.65</ele>
      </trkpt>
      <trkpt lat="35.740884225815535" lon="139.81947370804846">
        <ele>2.47</ele>
      </trkpt>
      <trkpt lat="35.74115320108831" lon="139.8193261027336">
        <ele>2.37</ele>
      </trkpt>
      <trkpt lat="35.741422176361084" lon="139.8191785812378">
        <ele>2.22</ele>
      </trkpt>
      <trkpt lat="35.74162283912301" lon="139.81899937614799">
        <ele>2.06</ele>
      </trkpt>
      <trkpt lat="35.741822915151715" lon="139.8188207577914">
        <ele>2.12</ele>
      </trkpt>
      <trkpt lat="35.74202307499945" lon="139.81864213943481">
        <ele>2.2</ele>
      </trkpt>
      <trkpt lat="35.7421949878335" lon="139.81856686994433">
        <ele>2.1</ele>
      </trkpt>
      <trkpt lat="35.742366313934326" lon="139.81849193572998">
        <ele>1.98</ele>
      </trkpt>
      <trkpt lat="35.742538310587406" lon="139.81845966540277">
        <ele>1.91</ele>
      </trkpt>
      <trkpt lat="35.74270963668823" lon="139.81842756271362">
        <ele>1.92</ele>
      </trkpt>
      <trkpt lat="35.74293519370258" lon="139.8182771075517">
        <ele>2.06</ele>
      </trkpt>
      <trkpt lat="35.743160247802734" lon="139.81812715530396">
        <ele>2.27</ele>
      </trkpt>
      <trkpt lat="35.74322470463812" lon="139.81804132461548">
        <ele>2.41</ele>
      </trkpt>
      <trkpt lat="35.74335345067084" lon="139.81793403625488">
        <ele>2.57</ele>
      </trkpt>
      <trkpt lat="35.74335336685181" lon="139.81793403625488">
        <ele>2.74</ele>
      </trkpt>
      <trkpt lat="35.743610858917236" lon="139.81776237487793">
        <ele>2.92</ele>
      </trkpt>
      <trkpt lat="35.74387036263943" lon="139.81764988973737">
        <ele>3.22</ele>
      </trkpt>
      <trkpt lat="35.74412735179067" lon="139.81753849424422">
        <ele>3.55</ele>
      </trkpt>
      <trkpt lat="35.744384340941906" lon="139.8174271825701">
        <ele>3.72</ele>
      </trkpt>
      <trkpt lat="35.744641330093145" lon="139.81731578707695">
        <ele>3.81</ele>
      </trkpt>
      <trkpt lat="35.744898319244385" lon="139.81720447540283">
        <ele>4.13</ele>
      </trkpt>
      <trkpt lat="35.745081128552556" lon="139.81718293391168">
        <ele>4.46</ele>
      </trkpt>
      <trkpt lat="35.74526309967041" lon="139.8171615600586">
        <ele>4.65</ele>
      </trkpt>
      <trkpt lat="35.74546719901264" lon="139.81702183373272">
        <ele>4.75</ele>
      </trkpt>
      <trkpt lat="35.745670879259706" lon="139.81688261032104">
        <ele>4.82</ele>
      </trkpt>
      <trkpt lat="35.74588604271412" lon="139.81674623675644">
        <ele>4.92</ele>
      </trkpt>
      <trkpt lat="35.74610028415918" lon="139.8166105337441">
        <ele>5.01</ele>
      </trkpt>
      <trkpt lat="35.74631460942328" lon="139.81647491455078">
        <ele>5.01</ele>
      </trkpt>
      <trkpt lat="35.74654418975115" lon="139.81634566560388">
        <ele>5.04</ele>
      </trkpt>
      <trkpt lat="35.746772680431604" lon="139.81621717102826">
        <ele>5.14</ele>
      </trkpt>
      <trkpt lat="35.74700125493109" lon="139.81608867645264">
        <ele>5.2</ele>
      </trkpt>
      <trkpt lat="35.74700117111206" lon="139.81608867645264">
        <ele>5.14</ele>
      </trkpt>
      <trkpt lat="35.747225638478994" lon="139.8159419093281">
        <ele>4.72</ele>
      </trkpt>
      <trkpt lat="35.747448429465294" lon="139.81579614803195">
        <ele>4.52</ele>
      </trkpt>
      <trkpt lat="35.747671304270625" lon="139.81565047055483">
        <ele>4.45</ele>
      </trkpt>
      <trkpt lat="35.747894179075956" lon="139.8155047930777">
        <ele>4.41</ele>
      </trkpt>
      <trkpt lat="35.74811705388129" lon="139.8153591156006">
        <ele>4.21</ele>
      </trkpt>
      <trkpt lat="35.748116970062256" lon="139.8153591156006">
        <ele>4.1</ele>
      </trkpt>
      <trkpt lat="35.74835157953203" lon="139.81517697684467">
        <ele>3.77</ele>
      </trkpt>
      <trkpt lat="35.74858426116407" lon="139.8149962630123">
        <ele>3.89</ele>
      </trkpt>
      <trkpt lat="35.74881694279611" lon="139.81481563299894">
        <ele>3.88</ele>
      </trkpt>
      <trkpt lat="35.749049708247185" lon="139.8146350029856">
        <ele>3.73</ele>
      </trkpt>
      <trkpt lat="35.74928238987923" lon="139.81445437297225">
        <ele>3.68</ele>
      </trkpt>
      <trkpt lat="35.74951507151127" lon="139.8142737429589">
        <ele>3.64</ele>
      </trkpt>
      <trkpt lat="35.74974783696234" lon="139.81409311294556">
        <ele>3.6</ele>
      </trkpt>
      <trkpt lat="35.74974775314331" lon="139.81409311294556">
        <ele>3.56</ele>
      </trkpt>
      <trkpt lat="35.7498122099787" lon="139.81405019760132">
        <ele>3.58</ele>
      </trkpt>
      <trkpt lat="35.75004866346717" lon="139.81384945102036">
        <ele>3.53</ele>
      </trkpt>
      <trkpt lat="35.750284446403384" lon="139.81364937499166">
        <ele>3.36</ele>
      </trkpt>
      <trkpt lat="35.75052031315863" lon="139.81344938278198">
        <ele>3.38</ele>
      </trkpt>
      <trkpt lat="35.75077009387314" lon="139.81322960928082">
        <ele>3.43</ele>
      </trkpt>
      <trkpt lat="35.75101878494024" lon="139.8130110092461">
        <ele>3.5</ele>
      </trkpt>
      <trkpt lat="35.75126747600734" lon="139.81279232539237">
        <ele>3.75</ele>
      </trkpt>
      <trkpt lat="35.75151616707444" lon="139.81257364153862">
        <ele>3.96</ele>
      </trkpt>
      <trkpt lat="35.75176485814154" lon="139.8123550415039">
        <ele>3.91</ele>
      </trkpt>
      <trkpt lat="35.75176477432251" lon="139.8123550415039">
        <ele>3.94</ele>
      </trkpt>
      <trkpt lat="35.751975663006306" lon="139.81214842759073">
        <ele>3.65</ele>
      </trkpt>
      <trkpt lat="35.752185797318816" lon="139.81194256804883">
        <ele>3.45</ele>
      </trkpt>
      <trkpt lat="35.75239593163133" lon="139.81173670850694">
        <ele>3.71</ele>
      </trkpt>
      <trkpt lat="35.75260606594384" lon="139.81153084896505">
        <ele>3.95</ele>
      </trkpt>
      <trkpt lat="35.75281628407538" lon="139.8113250732422">
        <ele>4.07</ele>
      </trkpt>
      <trkpt lat="35.75281620025635" lon="139.8113250732422">
        <ele>4.09</ele>
      </trkpt>
      <trkpt lat="35.7530380692333" lon="139.81107445433736">
        <ele>3.92</ele>
      </trkpt>
      <trkpt lat="35.753259686753154" lon="139.8108242545277">
        <ele>3.82</ele>
      </trkpt>
      <trkpt lat="35.75348138809204" lon="139.81057405471802">
        <ele>3.76</ele>
      </trkpt>
      <trkpt lat="35.75358867645264" lon="139.81040239334106">
        <ele>3.8</ele>
      </trkpt>
      <trkpt lat="35.753696048632264" lon="139.8102307319641">
        <ele>3.8</ele>
      </trkpt>
      <trkpt lat="35.75369596481323" lon="139.8102307319641">
        <ele>3.82</ele>
      </trkpt>
      <trkpt lat="35.753889167681336" lon="139.80998380109668">
        <ele>3.84</ele>
      </trkpt>
      <trkpt lat="35.75408220291138" lon="139.80973712168634">
        <ele>3.91</ele>
      </trkpt>
      <trkpt lat="35.75427532196045" lon="139.80949035845697">
        <ele>4.09</ele>
      </trkpt>
      <trkpt lat="35.75446844100952" lon="139.80924367904663">
        <ele>4.07</ele>
      </trkpt>
      <trkpt lat="35.75464714318514" lon="139.8089861869812">
        <ele>4.08</ele>
      </trkpt>
      <trkpt lat="35.75482601299882" lon="139.80872869491577">
        <ele>4.04</ele>
      </trkpt>
      <trkpt lat="35.7550048828125" lon="139.80847120285034">
        <ele>4.02</ele>
      </trkpt>
      <trkpt lat="35.755169838666916" lon="139.80818085372448">
        <ele>4.01</ele>
      </trkpt>
      <trkpt lat="35.755335465073586" lon="139.80788949877024">
        <ele>4.1</ele>
      </trkpt>
      <trkpt lat="35.755501091480255" lon="139.807598143816">
        <ele>4.06</ele>
      </trkpt>
      <trkpt lat="35.755666717886925" lon="139.80730678886175">
        <ele>4.07</ele>
      </trkpt>
      <trkpt lat="35.755832344293594" lon="139.8070154339075">
        <ele>4.12</ele>
      </trkpt>
      <trkpt lat="35.755997970700264" lon="139.80672407895327">
        <ele>4.05</ele>
      </trkpt>
      <trkpt lat="35.756163680925965" lon="139.80643272399902">
        <ele>3.96</ele>
      </trkpt>
      <trkpt lat="35.756163597106934" lon="139.80643272399902">
        <ele>3.94</ele>
      </trkpt>
      <trkpt lat="35.75628153048456" lon="139.80616475455463">
        <ele>3.94</ele>
      </trkpt>
      <trkpt lat="35.756399715319276" lon="139.80589628219604">
        <ele>4.01</ele>
      </trkpt>
      <trkpt lat="35.75652829371393" lon="139.80562822893262">
        <ele>3.99</ele>
      </trkpt>
      <trkpt lat="35.756657207384706" lon="139.80535984039307">
        <ele>4.02</ele>
      </trkpt>
      <trkpt lat="35.756657123565674" lon="139.80535984039307">
        <ele>3.98</ele>
      </trkpt>
      <trkpt lat="35.756678665056825" lon="139.80523109436035">
        <ele>3.91</ele>
      </trkpt>
      <trkpt lat="35.75667858123779" lon="139.80523109436035">
        <ele>3.86</ele>
      </trkpt>
      <trkpt lat="35.75672158040106" lon="139.80510234832764">
        <ele>3.76</ele>
      </trkpt>
      <trkpt lat="35.75672149658203" lon="139.80510234832764">
        <ele>3.7</ele>
      </trkpt>
      <trkpt lat="35.756807243451476" lon="139.80483446270227">
        <ele>3.41</ele>
      </trkpt>
      <trkpt lat="35.756893241778016" lon="139.80456590652466">
        <ele>3.29</ele>
      </trkpt>
      <trkpt lat="35.75695761479437" lon="139.80432987213135">
        <ele>3.34</ele>
      </trkpt>
      <trkpt lat="35.75704327784479" lon="139.80411546304822">
        <ele>3.41</ele>
      </trkpt>
      <trkpt lat="35.757129192352295" lon="139.80390071868896">
        <ele>3.47</ele>
      </trkpt>
      <trkpt lat="35.75720421038568" lon="139.8035686276853">
        <ele>3.4</ele>
      </trkpt>
      <trkpt lat="35.75727947987616" lon="139.80323553085327">
        <ele>3.21</ele>
      </trkpt>
      <trkpt lat="35.75727939605713" lon="139.80323553085327">
        <ele>3.15</ele>
      </trkpt>
      <trkpt lat="35.757346702739596" lon="139.80288458056748">
        <ele>3.06</ele>
      </trkpt>
      <trkpt lat="35.75741476379335" lon="139.80252985842526">
        <ele>3.05</ele>
      </trkpt>
      <trkpt lat="35.7574828248471" lon="139.80217522010207">
        <ele>3.05</ele>
      </trkpt>
      <trkpt lat="35.757550885900855" lon="139.80182049795985">
        <ele>2.9</ele>
      </trkpt>
      <trkpt lat="35.75761894695461" lon="139.80146585963666">
        <ele>2.89</ele>
      </trkpt>
      <trkpt lat="35.75768709182739" lon="139.80111122131348">
        <ele>2.88</ele>
      </trkpt>
      <trkpt lat="35.757715590298176" lon="139.80081902816892">
        <ele>2.8</ele>
      </trkpt>
      <trkpt lat="35.75774425640702" lon="139.80052524246275">
        <ele>2.68</ele>
      </trkpt>
      <trkpt lat="35.7577730063349" lon="139.8002314567566">
        <ele>2.4</ele>
      </trkpt>
      <trkpt lat="35.75777292251587" lon="139.8002314567566">
        <ele>2.25</ele>
      </trkpt>
      <trkpt lat="35.75778893195093" lon="139.79989014565945">
        <ele>2.02</ele>
      </trkpt>
      <trkpt lat="35.757805025205016" lon="139.7995461523533">
        <ele>1.93</ele>
      </trkpt>
      <trkpt lat="35.75782120227814" lon="139.79920215904713">
        <ele>1.7</ele>
      </trkpt>
      <trkpt lat="35.75783737935126" lon="139.79885816574097">
        <ele>1.26</ele>
      </trkpt>
      <trkpt lat="35.757844503968954" lon="139.79855893179774">
        <ele>1.03</ele>
      </trkpt>
      <trkpt lat="35.75785162858665" lon="139.79825793765485">
        <ele>0.92</ele>
      </trkpt>
      <trkpt lat="35.75785883702338" lon="139.79795694351196">
        <ele>0.93</ele>
      </trkpt>
      <trkpt lat="35.75784810818732" lon="139.79763692244887">
        <ele>0.88</ele>
      </trkpt>
      <trkpt lat="35.75783737935126" lon="139.79731447063386">
        <ele>0.7</ele>
      </trkpt>
      <trkpt lat="35.7578266505152" lon="139.79699193499982">
        <ele>0.57</ele>
      </trkpt>
      <trkpt lat="35.75781592167914" lon="139.79666948318481">
        <ele>0.5</ele>
      </trkpt>
      <trkpt lat="35.75779446400702" lon="139.7965407371521">
        <ele>0.4</ele>
      </trkpt>
      <trkpt lat="35.75775875709951" lon="139.79617729783058">
        <ele>0.49</ele>
      </trkpt>
      <trkpt lat="35.75772296637297" lon="139.7958118468523">
        <ele>0.42</ele>
      </trkpt>
      <trkpt lat="35.757687175646424" lon="139.79544639587402">
        <ele>-0.02</ele>
      </trkpt>
      <trkpt lat="35.75764434412122" lon="139.7950972057879">
        <ele>-0.25</ele>
      </trkpt>
      <trkpt lat="35.75760134495795" lon="139.79474608786404">
        <ele>-0.4</ele>
      </trkpt>
      <trkpt lat="35.75755842961371" lon="139.79439496994019">
        <ele>-0.87</ele>
      </trkpt>
      <trkpt lat="35.75750847347081" lon="139.7940884437412">
        <ele>-1.04</ele>
      </trkpt>
      <trkpt lat="35.75745834968984" lon="139.79378032498062">
        <ele>-0.45</ele>
      </trkpt>
      <trkpt lat="35.757408225908875" lon="139.79347229003906">
        <ele>0.38</ele>
      </trkpt>
      <trkpt lat="35.757408142089844" lon="139.79347229003906">
        <ele>0.5</ele>
      </trkpt>
      <trkpt lat="35.7573570124805" lon="139.79316123761237">
        <ele>0.86</ele>
      </trkpt>
      <trkpt lat="35.75730537995696" lon="139.79284741915762">
        <ele>0.91</ele>
      </trkpt>
      <trkpt lat="35.757253831252456" lon="139.79253351688385">
        <ele>0.74</ele>
      </trkpt>
      <trkpt lat="35.75720228254795" lon="139.7922196984291">
        <ele>0.49</ele>
      </trkpt>
      <trkpt lat="35.757150733843446" lon="139.79190587997437">
        <ele>0.38</ele>
      </trkpt>
      <trkpt lat="35.75710781849921" lon="139.79166984558105">
        <ele>0.77</ele>
      </trkpt>
      <trkpt lat="35.757107734680176" lon="139.79141235351562">
        <ele>1.27</ele>
      </trkpt>
      <trkpt lat="35.75704344548285" lon="139.79111244902015">
        <ele>1.56</ele>
      </trkpt>
      <trkpt lat="35.75697898864746" lon="139.7908115386963">
        <ele>1.56</ele>
      </trkpt>
      <trkpt lat="35.75695049017668" lon="139.79048372246325">
        <ele>1.81</ele>
      </trkpt>
      <trkpt lat="35.75692274607718" lon="139.7901651263237">
        <ele>2.06</ele>
      </trkpt>
      <trkpt lat="35.756893157958984" lon="139.7898244857788">
        <ele>2.24</ele>
      </trkpt>
      <trkpt lat="35.75682886876166" lon="139.78952458128333">
        <ele>2.39</ele>
      </trkpt>
      <trkpt lat="35.7567644957453" lon="139.78922367095947">
        <ele>2.22</ele>
      </trkpt>
      <trkpt lat="35.756689393892884" lon="139.7889557853341">
        <ele>2.04</ele>
      </trkpt>
      <trkpt lat="35.756614208221436" lon="139.7886872291565">
        <ele>2.06</ele>
      </trkpt>
      <trkpt lat="35.75658713467419" lon="139.78845873847604">
        <ele>2.24</ele>
      </trkpt>
      <trkpt lat="35.756546230986714" lon="139.78811415843666">
        <ele>2.35</ele>
      </trkpt>
      <trkpt lat="35.75650507584214" lon="139.78776765055954">
        <ele>2.41</ele>
      </trkpt>
      <trkpt lat="35.7564640045166" lon="139.78742122650146">
        <ele>2.44</ele>
      </trkpt>
      <trkpt lat="35.75637825764716" lon="139.78727102279663">
        <ele>2.5</ele>
      </trkpt>
      <trkpt lat="35.756378173828125" lon="139.78727102279663">
        <ele>2.44</ele>
      </trkpt>
      <trkpt lat="35.7563260383904" lon="139.7869612276554">
        <ele>2.36</ele>
      </trkpt>
      <trkpt lat="35.75627373531461" lon="139.78665051050484">
        <ele>2.25</ele>
      </trkpt>
      <trkpt lat="35.756268287077546" lon="139.7866179049015">
        <ele>2.09</ele>
      </trkpt>
      <trkpt lat="35.756213050335646" lon="139.78628933429718">
        <ele>1.82</ele>
      </trkpt>
      <trkpt lat="35.75615772977471" lon="139.78596076369286">
        <ele>1.59</ele>
      </trkpt>
      <trkpt lat="35.75610249303281" lon="139.78563219308853">
        <ele>1.44</ele>
      </trkpt>
      <trkpt lat="35.75604717247188" lon="139.7853036224842">
        <ele>1.2</ele>
      </trkpt>
      <trkpt lat="35.75599193572998" lon="139.78497505187988">
        <ele>0.94</ele>
      </trkpt>
      <trkpt lat="35.755954552441835" lon="139.78465494699776">
        <ele>0.71</ele>
      </trkpt>
      <trkpt lat="35.75591700151563" lon="139.78433249518275">
        <ele>0.45</ele>
      </trkpt>
      <trkpt lat="35.75587936677039" lon="139.78401004336774">
        <ele>0.03</ele>
      </trkpt>
      <trkpt lat="35.75584181584418" lon="139.78368759155273">
        <ele>-0.57</ele>
      </trkpt>
      <trkpt lat="35.75582035817206" lon="139.7836446762085">
        <ele>-0.88</ele>
      </trkpt>
      <trkpt lat="35.75577484443784" lon="139.78329305537045">
        <ele>-1.57</ele>
      </trkpt>
      <trkpt lat="35.755728743970394" lon="139.78293682448566">
        <ele>-1.77</ele>
      </trkpt>
      <trkpt lat="35.75568272732198" lon="139.78258050978184">
        <ele>-1.64</ele>
      </trkpt>
      <trkpt lat="35.75563662685454" lon="139.78222427889705">
        <ele>-1.63</ele>
      </trkpt>
      <trkpt lat="35.755590526387095" lon="139.78186804801226">
        <ele>-1.56</ele>
      </trkpt>
      <trkpt lat="35.75554442591965" lon="139.78151181712747">
        <ele>-1.41</ele>
      </trkpt>
      <trkpt lat="35.75549840927124" lon="139.78115558624268">
        <ele>-1.4</ele>
      </trkpt>
      <trkpt lat="35.75547359883785" lon="139.78079080581665">
        <ele>-1.62</ele>
      </trkpt>
      <trkpt lat="35.75544853694737" lon="139.78042166680098">
        <ele>-2.36</ele>
      </trkpt>
      <trkpt lat="35.75542347505689" lon="139.78005261160433">
        <ele>-2.78</ele>
      </trkpt>
      <trkpt lat="35.755398413166404" lon="139.7796835564077">
        <ele>-2.88</ele>
      </trkpt>
      <trkpt lat="35.75537335127592" lon="139.77931450121105">
        <ele>-2.95</ele>
      </trkpt>
      <trkpt lat="35.75534828938544" lon="139.7789454460144">
        <ele>-3.14</ele>
      </trkpt>
      <trkpt lat="35.755348205566406" lon="139.7789454460144">
        <ele>-3.3</ele>
      </trkpt>
      <trkpt lat="35.75533756054938" lon="139.7786161210388">
        <ele>-3.6</ele>
      </trkpt>
      <trkpt lat="35.75532683171332" lon="139.7782828565687">
        <ele>-3.95</ele>
      </trkpt>
      <trkpt lat="35.75531601905823" lon="139.7779495920986">
        <ele>-4.24</ele>
      </trkpt>
      <trkpt lat="35.75530529022217" lon="139.7776163276285">
        <ele>-4.33</ele>
      </trkpt>
      <trkpt lat="35.75529456138611" lon="139.7772830631584">
        <ele>-4.31</ele>
      </trkpt>
      <trkpt lat="35.75528383255005" lon="139.77694988250732">
        <ele>-4.52</ele>
      </trkpt>
      <trkpt lat="35.75532674789429" lon="139.7765851020813">
        <ele>-4.46</ele>
      </trkpt>
      <trkpt lat="35.75533521361649" lon="139.77625720202923">
        <ele>-4.04</ele>
      </trkpt>
      <trkpt lat="35.75534384697676" lon="139.77592611685395">
        <ele>-3.41</ele>
      </trkpt>
      <trkpt lat="35.755352480337024" lon="139.77559503167868">
        <ele>-3.1</ele>
      </trkpt>
      <trkpt lat="35.75536111369729" lon="139.7752639465034">
        <ele>-2.52</ele>
      </trkpt>
      <trkpt lat="35.75536974705756" lon="139.77493286132812">
        <ele>-1.49</ele>
      </trkpt>
      <trkpt lat="35.755369663238525" lon="139.77493286132812">
        <ele>-0.96</ele>
      </trkpt>
      <trkpt lat="35.755412662401795" lon="139.77471828460693">
        <ele>-0.01</ele>
      </trkpt>
      <trkpt lat="35.755442418158054" lon="139.77436054497957">
        <ele>1.01</ele>
      </trkpt>
      <trkpt lat="35.75547250919044" lon="139.7739993687719">
        <ele>1.61</ele>
      </trkpt>
      <trkpt lat="35.755502600222826" lon="139.77363819256425">
        <ele>1.79</ele>
      </trkpt>
      <trkpt lat="35.75553269125521" lon="139.7732770163566">
        <ele>2.07</ele>
      </trkpt>
      <trkpt lat="35.7555627822876" lon="139.77291584014893">
        <ele>2.33</ele>
      </trkpt>
      <trkpt lat="35.7555627822876" lon="139.77261543273926">
        <ele>2.63</ele>
      </trkpt>
      <trkpt lat="35.75561265461147" lon="139.77225911803544">
        <ele>2.94</ele>
      </trkpt>
      <trkpt lat="35.755662862211466" lon="139.77190079167485">
        <ele>3.45</ele>
      </trkpt>
      <trkpt lat="35.75571306981146" lon="139.7715425491333">
        <ele>3.91</ele>
      </trkpt>
      <trkpt lat="35.75571298599243" lon="139.7715425491333">
        <ele>4.14</ele>
      </trkpt>
      <trkpt lat="35.75573452748358" lon="139.77139234542847">
        <ele>4.34</ele>
      </trkpt>
      <trkpt lat="35.75573444366455" lon="139.77139234542847">
        <ele>4.46</ele>
      </trkpt>
      <trkpt lat="35.755800660699606" lon="139.77106109261513">
        <ele>4.53</ele>
      </trkpt>
      <trkpt lat="35.75586788356304" lon="139.77072522975504">
        <ele>4.38</ele>
      </trkpt>
      <trkpt lat="35.755935022607446" lon="139.77038936689496">
        <ele>4.19</ele>
      </trkpt>
      <trkpt lat="35.75600224547088" lon="139.77005350403488">
        <ele>4.13</ele>
      </trkpt>
      <trkpt lat="35.756069384515285" lon="139.7697176411748">
        <ele>4.02</ele>
      </trkpt>
      <trkpt lat="35.75613660737872" lon="139.7693817783147">
        <ele>3.83</ele>
      </trkpt>
      <trkpt lat="35.756203746423125" lon="139.76904591545463">
        <ele>3.75</ele>
      </trkpt>
      <trkpt lat="35.75627096928656" lon="139.76871013641357">
        <ele>3.7</ele>
      </trkpt>
      <trkpt lat="35.75627088546753" lon="139.76871013641357">
        <ele>3.49</ele>
      </trkpt>
      <trkpt lat="35.756324445828795" lon="139.7684958949685">
        <ele>3.3</ele>
      </trkpt>
      <trkpt lat="35.75637825764716" lon="139.7682809829712">
        <ele>3.04</ele>
      </trkpt>
      <trkpt lat="35.756378173828125" lon="139.7682809829712">
        <ele>2.77</ele>
      </trkpt>
      <trkpt lat="35.75646777637303" lon="139.7679908014834">
        <ele>2.42</ele>
      </trkpt>
      <trkpt lat="35.756557965651155" lon="139.7676985245198">
        <ele>2.02</ele>
      </trkpt>
      <trkpt lat="35.75664823874831" lon="139.76740633137524">
        <ele>1.53</ele>
      </trkpt>
      <trkpt lat="35.75673851184547" lon="139.76711405441165">
        <ele>1.07</ele>
      </trkpt>
      <trkpt lat="35.75682878494263" lon="139.7668218612671">
        <ele>0.93</ele>
      </trkpt>
      <trkpt lat="35.75696432031691" lon="139.76647929288447">
        <ele>1.09</ele>
      </trkpt>
      <trkpt lat="35.757100358605385" lon="139.7661355510354">
        <ele>1.1</ele>
      </trkpt>
      <trkpt lat="35.75723648071289" lon="139.76579189300537">
        <ele>0.72</ele>
      </trkpt>
      <trkpt lat="35.757369082421064" lon="139.76552660577">
        <ele>0.16</ele>
      </trkpt>
      <trkpt lat="35.75750218704343" lon="139.76526031270623">
        <ele>-0.05</ele>
      </trkpt>
      <trkpt lat="35.757635375484824" lon="139.76499401964247">
        <ele>0.21</ele>
      </trkpt>
      <trkpt lat="35.75776848010719" lon="139.7647277265787">
        <ele>0.39</ele>
      </trkpt>
      <trkpt lat="35.757901668548584" lon="139.76446151733398">
        <ele>0.23</ele>
      </trkpt>
      <trkpt lat="35.75806670822203" lon="139.76417728699744">
        <ele>0.18</ele>
      </trkpt>
      <trkpt lat="35.7582323346287" lon="139.7638920508325">
        <ele>0.5</ele>
      </trkpt>
      <trkpt lat="35.75839796103537" lon="139.76360681466758">
        <ele>0.56</ele>
      </trkpt>
      <trkpt lat="35.75856358744204" lon="139.76332157850266">
        <ele>0.34</ele>
      </trkpt>
      <trkpt lat="35.75872921384871" lon="139.76303634233773">
        <ele>0.54</ele>
      </trkpt>
      <trkpt lat="35.75889484025538" lon="139.7627511061728">
        <ele>0.88</ele>
      </trkpt>
      <trkpt lat="35.75906046666205" lon="139.7624659538269">
        <ele>1.33</ele>
      </trkpt>
      <trkpt lat="35.75927068479359" lon="139.7621826454997">
        <ele>1.44</ele>
      </trkpt>
      <trkpt lat="35.759480986744165" lon="139.76189942099154">
        <ele>1.4</ele>
      </trkpt>
      <trkpt lat="35.75969120487571" lon="139.76161619648337">
        <ele>1.9</ele>
      </trkpt>
      <trkpt lat="35.75990150682628" lon="139.7613329719752">
        <ele>2.35</ele>
      </trkpt>
      <trkpt lat="35.760111808776855" lon="139.76104974746704">
        <ele>2.52</ele>
      </trkpt>
      <trkpt lat="35.76031590811908" lon="139.76082410663366">
        <ele>2.87</ele>
      </trkpt>
      <trkpt lat="35.76051967218518" lon="139.76059888489544">
        <ele>3.3</ele>
      </trkpt>
      <trkpt lat="35.76072343625128" lon="139.76037366315722">
        <ele>3.42</ele>
      </trkpt>
      <trkpt lat="35.76092720031738" lon="139.76014852523804">
        <ele>3.61</ele>
      </trkpt>
      <trkpt lat="35.76114219613373" lon="139.75996932014823">
        <ele>4.01</ele>
      </trkpt>
      <trkpt lat="35.76135660521686" lon="139.75979070179164">
        <ele>4.31</ele>
      </trkpt>
      <trkpt lat="35.76157101429999" lon="139.75961208343506">
        <ele>4.56</ele>
      </trkpt>
      <trkpt lat="35.76182909309864" lon="139.7594184614718">
        <ele>4.92</ele>
      </trkpt>
      <trkpt lat="35.76208624988794" lon="139.75922559387982">
        <ele>5.36</ele>
      </trkpt>
      <trkpt lat="35.76234349049628" lon="139.75903272628784">
        <ele>5.76</ele>
      </trkpt>
      <trkpt lat="35.762343406677246" lon="139.75903272628784">
        <ele>6.05</ele>
      </trkpt>
      <trkpt lat="35.762551445513964" lon="139.75890356115997">
        <ele>6.42</ele>
      </trkpt>
      <trkpt lat="35.76275856234133" lon="139.75877498276532">
        <ele>6.7</ele>
      </trkpt>
      <trkpt lat="35.76296576298773" lon="139.7586464881897">
        <ele>6.91</ele>
      </trkpt>
      <trkpt lat="35.7629656791687" lon="139.7586464881897">
        <ele>7.09</ele>
      </trkpt>
      <trkpt lat="35.76320171356201" lon="139.7586464881897">
        <ele>7.24</ele>
      </trkpt>
      <trkpt lat="35.76344436965883" lon="139.75852243602276">
        <ele>7.34</ele>
      </trkpt>
      <trkpt lat="35.76368534937501" lon="139.75839922204614">
        <ele>7.51</ele>
      </trkpt>
      <trkpt lat="35.76392632909119" lon="139.75827609188855">
        <ele>7.67</ele>
      </trkpt>
      <trkpt lat="35.764167392626405" lon="139.75815296173096">
        <ele>7.48</ele>
      </trkpt>
      <trkpt lat="35.76416730880737" lon="139.75815296173096">
        <ele>7.47</ele>
      </trkpt>
      <trkpt lat="35.76443301513791" lon="139.7580595035106">
        <ele>7.07</ele>
      </trkpt>
      <trkpt lat="35.764697128906846" lon="139.75796679966152">
        <ele>6.95</ele>
      </trkpt>
      <trkpt lat="35.76496132649481" lon="139.7578740119934">
        <ele>7.01</ele>
      </trkpt>
      <trkpt lat="35.76496124267578" lon="139.7578740119934">
        <ele>6.91</ele>
      </trkpt>
      <trkpt lat="35.76526424847543" lon="139.757783068344">
        <ele>6.95</ele>
      </trkpt>
      <trkpt lat="35.76556398533285" lon="139.75769313052297">
        <ele>7.01</ele>
      </trkpt>
      <trkpt lat="35.76586372219026" lon="139.75760319270194">
        <ele>6.98</ele>
      </trkpt>
      <trkpt lat="35.766163459047675" lon="139.7575132548809">
        <ele>6.52</ele>
      </trkpt>
      <trkpt lat="35.76646327972412" lon="139.7574234008789">
        <ele>6.19</ele>
      </trkpt>
      <trkpt lat="35.76667140237987" lon="139.75732281804085">
        <ele>6.08</ele>
      </trkpt>
      <trkpt lat="35.76687843538821" lon="139.75722290575504">
        <ele>5.9</ele>
      </trkpt>
      <trkpt lat="35.767085552215576" lon="139.75712299346924">
        <ele>5.67</ele>
      </trkpt>
      <trkpt lat="35.76730038039386" lon="139.7569725383073">
        <ele>5.37</ele>
      </trkpt>
      <trkpt lat="35.76751470565796" lon="139.75682258605957">
        <ele>5.07</ele>
      </trkpt>
      <trkpt lat="35.76775090768933" lon="139.75661848671734">
        <ele>4.73</ele>
      </trkpt>
      <trkpt lat="35.76798677444458" lon="139.7564148902893">
        <ele>4.19</ele>
      </trkpt>
      <trkpt lat="35.76814225874841" lon="139.75619494915009">
        <ele>3.9</ele>
      </trkpt>
      <trkpt lat="35.76829791069031" lon="139.75597500801086">
        <ele>3.77</ele>
      </trkpt>
      <trkpt lat="35.76845347881317" lon="139.75575506687164">
        <ele>3.51</ele>
      </trkpt>
      <trkpt lat="35.76860913075507" lon="139.75553512573242">
        <ele>3.09</ele>
      </trkpt>
      <trkpt lat="35.768609046936035" lon="139.75553512573242">
        <ele>2.79</ele>
      </trkpt>
      <trkpt lat="35.76875916682184" lon="139.7552990913391">
        <ele>2.48</ele>
      </trkpt>
      <trkpt lat="35.7689094543457" lon="139.7550630569458">
        <ele>2.21</ele>
      </trkpt>
      <trkpt lat="35.76903333887458" lon="139.7547723725438">
        <ele>1.88</ele>
      </trkpt>
      <trkpt lat="35.76915797777474" lon="139.75448026321828">
        <ele>1.58</ele>
      </trkpt>
      <trkpt lat="35.76928253285587" lon="139.75418815389276">
        <ele>1.15</ele>
      </trkpt>
      <trkpt lat="35.769407087937" lon="139.75389604456723">
        <ele>0.93</ele>
      </trkpt>
      <trkpt lat="35.76953172683716" lon="139.7536039352417">
        <ele>0.81</ele>
      </trkpt>
      <trkpt lat="35.769596016034484" lon="139.75342171266675">
        <ele>0.77</ele>
      </trkpt>
      <trkpt lat="35.76966047286987" lon="139.75323915481567">
        <ele>0.68</ele>
      </trkpt>
      <trkpt lat="35.76968193054199" lon="139.75302457809448">
        <ele>0.63</ele>
      </trkpt>
      <trkpt lat="35.769805731251836" lon="139.7526829317212">
        <ele>0.54</ele>
      </trkpt>
      <trkpt lat="35.769930370152" lon="139.75233918987215">
        <ele>0.51</ele>
      </trkpt>
      <trkpt lat="35.770054925233126" lon="139.75199544802308">
        <ele>0.78</ele>
      </trkpt>
      <trkpt lat="35.77017956413329" lon="139.75165170617402">
        <ele>0.71</ele>
      </trkpt>
      <trkpt lat="35.77030420303345" lon="139.75130796432495">
        <ele>0.51</ele>
      </trkpt>
      <trkpt lat="35.77043982222676" lon="139.75098676979542">
        <ele>0.54</ele>
      </trkpt>
      <trkpt lat="35.77057586051524" lon="139.7506645694375">
        <ele>0.58</ele>
      </trkpt>
      <trkpt lat="35.77071198262274" lon="139.7503423690796">
        <ele>0.32</ele>
      </trkpt>
      <trkpt lat="35.77087023295462" lon="139.75003852508962">
        <ele>0.55</ele>
      </trkpt>
      <trkpt lat="35.771029153838754" lon="139.74973359145224">
        <ele>1.2</ele>
      </trkpt>
      <trkpt lat="35.771187990903854" lon="139.74942865781486">
        <ele>1.65</ele>
      </trkpt>
      <trkpt lat="35.77134691178799" lon="139.74912372417748">
        <ele>1.82</ele>
      </trkpt>
      <trkpt lat="35.77150583267212" lon="139.74881887435913">
        <ele>2.0</ele>
      </trkpt>
      <trkpt lat="35.77169241383672" lon="139.74852207116783">
        <ele>2.06</ele>
      </trkpt>
      <trkpt lat="35.771879497915506" lon="139.7482246812433">
        <ele>2.22</ele>
      </trkpt>
      <trkpt lat="35.77206649817526" lon="139.74792720749974">
        <ele>2.38</ele>
      </trkpt>
      <trkpt lat="35.77225358225405" lon="139.74762973375618">
        <ele>2.64</ele>
      </trkpt>
      <trkpt lat="35.77244058251381" lon="139.74733234383166">
        <ele>2.68</ele>
      </trkpt>
      <trkpt lat="35.7726276665926" lon="139.7470348700881">
        <ele>2.63</ele>
      </trkpt>
      <trkpt lat="35.77281475067139" lon="139.74673748016357">
        <ele>2.63</ele>
      </trkpt>
      <trkpt lat="35.772900665178895" lon="139.74658727645874">
        <ele>2.83</ele>
      </trkpt>
      <trkpt lat="35.773075595498085" lon="139.746315786615">
        <ele>3.04</ele>
      </trkpt>
      <trkpt lat="35.7732508610934" lon="139.74604396149516">
        <ele>3.0</ele>
      </trkpt>
      <trkpt lat="35.77342612668872" lon="139.74577205255628">
        <ele>2.79</ele>
      </trkpt>
      <trkpt lat="35.773601392284036" lon="139.74550022743642">
        <ele>2.81</ele>
      </trkpt>
      <trkpt lat="35.77377665787935" lon="139.74522831849754">
        <ele>3.01</ele>
      </trkpt>
      <trkpt lat="35.7739520072937" lon="139.74495649337769">
        <ele>3.17</ele>
      </trkpt>
      <trkpt lat="35.77411285601556" lon="139.74473118782043">
        <ele>3.37</ele>
      </trkpt>
      <trkpt lat="35.77427387237549" lon="139.74450588226318">
        <ele>3.48</ele>
      </trkpt>
      <trkpt lat="35.774359703063965" lon="139.74448442459106">
        <ele>3.59</ele>
      </trkpt>
      <trkpt lat="35.77444561757147" lon="139.74435567855835">
        <ele>3.82</ele>
      </trkpt>
      <trkpt lat="35.77444553375244" lon="139.74435567855835">
        <ele>3.95</ele>
      </trkpt>
      <trkpt lat="35.774563467130065" lon="139.74415191449225">
        <ele>4.26</ele>
      </trkpt>
      <trkpt lat="35.77468156814575" lon="139.7439479827881">
        <ele>4.46</ele>
      </trkpt>
      <trkpt lat="35.774853229522705" lon="139.74372619763017">
        <ele>4.47</ele>
      </trkpt>
      <trkpt lat="35.77502489089966" lon="139.74350449629128">
        <ele>4.49</ele>
      </trkpt>
      <trkpt lat="35.77519663609564" lon="139.7432827949524">
        <ele>4.58</ele>
      </trkpt>
      <trkpt lat="35.77519655227661" lon="139.7432827949524">
        <ele>4.64</ele>
      </trkpt>
      <trkpt lat="35.775368297472596" lon="139.74307886324823">
        <ele>4.77</ele>
      </trkpt>
      <trkpt lat="35.77553995884955" lon="139.74287509918213">
        <ele>4.8</ele>
      </trkpt>
      <trkpt lat="35.77553987503052" lon="139.74287509918213">
        <ele>4.82</ele>
      </trkpt>
      <trkpt lat="35.77574959024787" lon="139.74268147721887">
        <ele>4.87</ele>
      </trkpt>
      <trkpt lat="35.77595863491297" lon="139.74248852580786">
        <ele>4.68</ele>
      </trkpt>
      <trkpt lat="35.776167679578066" lon="139.74229557439685">
        <ele>4.39</ele>
      </trkpt>
      <trkpt lat="35.776376724243164" lon="139.74210262298584">
        <ele>4.26</ele>
      </trkpt>
      <trkpt lat="35.77660529874265" lon="139.74193003959954">
        <ele>4.39</ele>
      </trkpt>
      <trkpt lat="35.7768324483186" lon="139.74175862967968">
        <ele>4.65</ele>
      </trkpt>
      <trkpt lat="35.77705968171358" lon="139.74158721975982">
        <ele>4.77</ele>
      </trkpt>
      <trkpt lat="35.77728683128953" lon="139.74141572602093">
        <ele>4.8</ele>
      </trkpt>
      <trkpt lat="35.77751406468451" lon="139.74124431610107">
        <ele>4.52</ele>
      </trkpt>
      <trkpt lat="35.777794271707535" lon="139.7410718165338">
        <ele>4.28</ele>
      </trkpt>
      <trkpt lat="35.778072802349925" lon="139.74090040661395">
        <ele>4.29</ele>
      </trkpt>
      <trkpt lat="35.778351332992315" lon="139.7407289966941">
        <ele>4.26</ele>
      </trkpt>
      <trkpt lat="35.778629863634706" lon="139.74055767059326">
        <ele>4.17</ele>
      </trkpt>
      <trkpt lat="35.77884066849947" lon="139.74034678190947">
        <ele>4.11</ele>
      </trkpt>
      <trkpt lat="35.77905080281198" lon="139.74013664759696">
        <ele>4.11</ele>
      </trkpt>
      <trkpt lat="35.77926093712449" lon="139.73992651328444">
        <ele>4.11</ele>
      </trkpt>
      <trkpt lat="35.779471071437" lon="139.73971637897193">
        <ele>3.98</ele>
      </trkpt>
      <trkpt lat="35.77968120574951" lon="139.73950624465942">
        <ele>3.69</ele>
      </trkpt>
      <trkpt lat="35.779874324798584" lon="139.7393774986267">
        <ele>3.4</ele>
      </trkpt>
      <trkpt lat="35.77996015548706" lon="139.73920583724976">
        <ele>3.21</ele>
      </trkpt>
      <trkpt lat="35.780196860432625" lon="139.73906225524843">
        <ele>3.03</ele>
      </trkpt>
      <trkpt lat="35.78043255954981" lon="139.73891942761838">
        <ele>2.82</ele>
      </trkpt>
      <trkpt lat="35.78066825866699" lon="139.73877668380737">
        <ele>2.6</ele>
      </trkpt>
      <trkpt lat="35.780668342486024" lon="139.73877668380737">
        <ele>2.39</ele>
      </trkpt>
      <trkpt lat="35.78094804659486" lon="139.73859856836498">
        <ele>2.44</ele>
      </trkpt>
      <trkpt lat="35.781221967190504" lon="139.73842405714095">
        <ele>2.23</ele>
      </trkpt>
      <trkpt lat="35.78149588778615" lon="139.73824962973595">
        <ele>1.84</ele>
      </trkpt>
      <trkpt lat="35.781769808381796" lon="139.73807520233095">
        <ele>1.58</ele>
      </trkpt>
      <trkpt lat="35.78204372897744" lon="139.73790069110692">
        <ele>1.36</ele>
      </trkpt>
      <trkpt lat="35.78231764957309" lon="139.73772626370192">
        <ele>1.06</ele>
      </trkpt>
      <trkpt lat="35.782591653987765" lon="139.73755175247788">
        <ele>0.62</ele>
      </trkpt>
      <trkpt lat="35.78286557458341" lon="139.73737732507288">
        <ele>0.38</ele>
      </trkpt>
      <trkpt lat="35.78313949517906" lon="139.73720281384885">
        <ele>0.4</ele>
      </trkpt>
      <trkpt lat="35.7834134157747" lon="139.73702838644385">
        <ele>0.31</ele>
      </trkpt>
      <trkpt lat="35.78368733637035" lon="139.73685387521982">
        <ele>-0.08</ele>
      </trkpt>
      <trkpt lat="35.783961256965995" lon="139.73667944781482">
        <ele>-0.56</ele>
      </trkpt>
      <trkpt lat="35.78423517756164" lon="139.7365049365908">
        <ele>-0.57</ele>
      </trkpt>
      <trkpt lat="35.78450918197632" lon="139.7363305091858">
        <ele>-0.73</ele>
      </trkpt>
      <trkpt lat="35.7847414445132" lon="139.73609380424023">
        <ele>-1.15</ele>
      </trkpt>
      <trkpt lat="35.78497303649783" lon="139.73585793748498">
        <ele>-1.54</ele>
      </trkpt>
      <trkpt lat="35.78520462848246" lon="139.73562207072973">
        <ele>-1.57</ele>
      </trkpt>
      <trkpt lat="35.78543622046709" lon="139.73538620397449">
        <ele>-1.42</ele>
      </trkpt>
      <trkpt lat="35.78566789627075" lon="139.73515033721924">
        <ele>-0.25</ele>
      </trkpt>
      <trkpt lat="35.785850286483765" lon="139.73492494784296">
        <ele>0.24</ele>
      </trkpt>
      <trkpt lat="35.78603267669678" lon="139.73469972610474">
        <ele>0.68</ele>
      </trkpt>
      <trkpt lat="35.7860541343689" lon="139.7345495223999">
        <ele>1.04</ele>
      </trkpt>
      <trkpt lat="35.78592538833618" lon="139.73427057266235">
        <ele>1.31</ele>
      </trkpt>
      <trkpt lat="35.78579664230347" lon="139.73409882746637">
        <ele>1.7</ele>
      </trkpt>
      <trkpt lat="35.785667980089784" lon="139.73392724990845">
        <ele>2.09</ele>
      </trkpt>
      <trkpt lat="35.78548902645707" lon="139.7337196301669">
        <ele>2.36</ele>
      </trkpt>
      <trkpt lat="35.78531024046242" lon="139.73351226188242">
        <ele>2.63</ele>
      </trkpt>
      <trkpt lat="35.785131538286805" lon="139.733304977417">
        <ele>2.86</ele>
      </trkpt>
      <trkpt lat="35.7850456237793" lon="139.7330904006958">
        <ele>3.1</ele>
      </trkpt>
      <trkpt lat="35.785088539123535" lon="139.73289728164673">
        <ele>3.48</ele>
      </trkpt>
      <trkpt lat="35.78520219773054" lon="139.73257390782237">
        <ele>3.79</ele>
      </trkpt>
      <trkpt lat="35.78531686216593" lon="139.73224801942706">
        <ele>4.0</ele>
      </trkpt>
      <trkpt lat="35.78543144278228" lon="139.73192221485078">
        <ele>4.43</ele>
      </trkpt>
      <trkpt lat="35.78554602339864" lon="139.73159632645547">
        <ele>4.91</ele>
      </trkpt>
      <trkpt lat="35.78566060401499" lon="139.73127043806016">
        <ele>5.45</ele>
      </trkpt>
      <trkpt lat="35.78577526845038" lon="139.7309446334839">
        <ele>5.71</ele>
      </trkpt>
      <trkpt lat="35.78577518463135" lon="139.7309446334839">
        <ele>5.87</ele>
      </trkpt>
      <trkpt lat="35.785889346152544" lon="139.73065202124417">
        <ele>5.8</ele>
      </trkpt>
      <trkpt lat="35.7860039267689" lon="139.73035840317607">
        <ele>5.75</ele>
      </trkpt>
      <trkpt lat="35.786118591204286" lon="139.730064868927">
        <ele>5.78</ele>
      </trkpt>
      <trkpt lat="35.78621129505336" lon="139.7297937143594">
        <ele>5.71</ele>
      </trkpt>
      <trkpt lat="35.7863044179976" lon="139.72952155396342">
        <ele>5.76</ele>
      </trkpt>
      <trkpt lat="35.786397540941834" lon="139.72924947738647">
        <ele>5.94</ele>
      </trkpt>
      <trkpt lat="35.78644037246704" lon="139.7289924044162">
        <ele>5.89</ele>
      </trkpt>
      <trkpt lat="35.78648337163031" lon="139.72873449325562">
        <ele>5.74</ele>
      </trkpt>
      <trkpt lat="35.78648328781128" lon="139.72873449325562">
        <ele>5.71</ele>
      </trkpt>
      <trkpt lat="35.78647255897522" lon="139.72852033562958">
        <ele>5.57</ele>
      </trkpt>
      <trkpt lat="35.78646191395819" lon="139.72830533981323">
        <ele>5.46</ele>
      </trkpt>
      <trkpt lat="35.78646191395819" lon="139.7280911821872">
        <ele>5.4</ele>
      </trkpt>
      <trkpt lat="35.78646191395819" lon="139.72787618637085">
        <ele>5.49</ele>
      </trkpt>
      <trkpt lat="35.78663349151611" lon="139.72755432128906">
        <ele>5.82</ele>
      </trkpt>
      <trkpt lat="35.78684085980058" lon="139.7272681631148">
        <ele>5.75</ele>
      </trkpt>
      <trkpt lat="35.78704831190407" lon="139.72698208875954">
        <ele>5.37</ele>
      </trkpt>
      <trkpt lat="35.78725576400757" lon="139.7266960144043">
        <ele>5.19</ele>
      </trkpt>
      <trkpt lat="35.7872558478266" lon="139.7266960144043">
        <ele>5.18</ele>
      </trkpt>
      <trkpt lat="35.7874059677124" lon="139.726459980011">
        <ele>5.04</ele>
      </trkpt>
      <trkpt lat="35.787505796179175" lon="139.7261817008257">
        <ele>5.2</ele>
      </trkpt>
      <trkpt lat="35.78760612756014" lon="139.72590241581202">
        <ele>5.5</ele>
      </trkpt>
      <trkpt lat="35.7877064589411" lon="139.72562313079834">
        <ele>5.68</ele>
      </trkpt>
      <trkpt lat="35.787781393155456" lon="139.72541945055127">
        <ele>5.63</ele>
      </trkpt>
      <trkpt lat="35.787856662645936" lon="139.72521543502808">
        <ele>5.53</ele>
      </trkpt>
      <trkpt lat="35.787942158058286" lon="139.72491586580873">
        <ele>5.36</ele>
      </trkpt>
      <trkpt lat="35.788028072565794" lon="139.7246150393039">
        <ele>5.63</ele>
      </trkpt>
      <trkpt lat="35.788114070892334" lon="139.72431421279907">
        <ele>5.86</ele>
      </trkpt>
      <trkpt lat="35.78818531706929" lon="139.72395068965852">
        <ele>5.93</ele>
      </trkpt>
      <trkpt lat="35.78825698234141" lon="139.72358523868024">
        <ele>5.69</ele>
      </trkpt>
      <trkpt lat="35.788328647613525" lon="139.723219871521">
        <ele>5.37</ele>
      </trkpt>
      <trkpt lat="35.78832873143256" lon="139.723219871521">
        <ele>5.26</ele>
      </trkpt>
      <trkpt lat="35.78841439448297" lon="139.72289842553437">
        <ele>4.96</ele>
      </trkpt>
      <trkpt lat="35.78850039280951" lon="139.72257614135742">
        <ele>4.72</ele>
      </trkpt>
      <trkpt lat="35.7885217666626" lon="139.72234052605927">
        <ele>4.67</ele>
      </trkpt>
      <trkpt lat="35.78854330815375" lon="139.7221040725708">
        <ele>4.56</ele>
      </trkpt>
      <trkpt lat="35.788553953170776" lon="139.7217506915331">
        <ele>4.43</ele>
      </trkpt>
      <trkpt lat="35.788564682006836" lon="139.72139596939087">
        <ele>4.27</ele>
      </trkpt>
      <trkpt lat="35.78856476582587" lon="139.72139596939087">
        <ele>4.21</ele>
      </trkpt>
      <trkpt lat="35.78858354128897" lon="139.721015766263">
        <ele>4.19</ele>
      </trkpt>
      <trkpt lat="35.7886026520282" lon="139.72062877379358">
        <ele>4.02</ele>
      </trkpt>
      <trkpt lat="35.7886216789484" lon="139.72024178132415">
        <ele>3.97</ele>
      </trkpt>
      <trkpt lat="35.78864078968763" lon="139.71985478885472">
        <ele>4.21</ele>
      </trkpt>
      <trkpt lat="35.788659900426865" lon="139.7194677963853">
        <ele>4.28</ele>
      </trkpt>
      <trkpt lat="35.788679011166096" lon="139.71908080391586">
        <ele>4.18</ele>
      </trkpt>
      <trkpt lat="35.78869812190533" lon="139.71869381144643">
        <ele>4.21</ele>
      </trkpt>
      <trkpt lat="35.78871723264456" lon="139.718306818977">
        <ele>4.56</ele>
      </trkpt>
      <trkpt lat="35.78873634338379" lon="139.71791982650757">
        <ele>5.02</ele>
      </trkpt>
      <trkpt lat="35.78877925872803" lon="139.71764087677002">
        <ele>5.14</ele>
      </trkpt>
      <trkpt lat="35.788865089416504" lon="139.71742630004883">
        <ele>5.26</ele>
      </trkpt>
      <trkpt lat="35.78887573443353" lon="139.71711575053632">
        <ele>5.34</ele>
      </trkpt>
      <trkpt lat="35.78888654708862" lon="139.71680402755737">
        <ele>5.52</ele>
      </trkpt>
      <trkpt lat="35.788886630907655" lon="139.71680402755737">
        <ele>5.49</ele>
      </trkpt>
      <trkpt lat="35.788843631744385" lon="139.71643924713135">
        <ele>5.51</ele>
      </trkpt>
      <trkpt lat="35.78885427676141" lon="139.71612869761884">
        <ele>5.33</ele>
      </trkpt>
      <trkpt lat="35.788865089416504" lon="139.7158169746399">
        <ele>5.15</ele>
      </trkpt>
      <trkpt lat="35.78889484517276" lon="139.71548907458782">
        <ele>4.88</ele>
      </trkpt>
      <trkpt lat="35.78892493620515" lon="139.71515798941255">
        <ele>4.64</ele>
      </trkpt>
      <trkpt lat="35.788955027237535" lon="139.71482690423727">
        <ele>4.33</ele>
      </trkpt>
      <trkpt lat="35.78898511826992" lon="139.714495819062">
        <ele>3.85</ele>
      </trkpt>
      <trkpt lat="35.78901529312134" lon="139.71416473388672">
        <ele>3.23</ele>
      </trkpt>
      <trkpt lat="35.78906860202551" lon="139.71379660069942">
        <ele>2.6</ele>
      </trkpt>
      <trkpt lat="35.78912233002484" lon="139.71342578530312">
        <ele>2.37</ele>
      </trkpt>
      <trkpt lat="35.78917605802417" lon="139.7130549699068">
        <ele>2.25</ele>
      </trkpt>
      <trkpt lat="35.78922986984253" lon="139.7126841545105">
        <ele>1.84</ele>
      </trkpt>
      <trkpt lat="35.78929960727692" lon="139.71232012845576">
        <ele>1.36</ele>
      </trkpt>
      <trkpt lat="35.78937026672065" lon="139.71195165999234">
        <ele>1.24</ele>
      </trkpt>
      <trkpt lat="35.78944084234536" lon="139.71158319152892">
        <ele>1.16</ele>
      </trkpt>
      <trkpt lat="35.78951150178909" lon="139.71121463924646">
        <ele>0.61</ele>
      </trkpt>
      <trkpt lat="35.7895820774138" lon="139.71084617078304">
        <ele>-0.1</ele>
      </trkpt>
      <trkpt lat="35.78965273685753" lon="139.71047770231962">
        <ele>-0.44</ele>
      </trkpt>
      <trkpt lat="35.78972339630127" lon="139.7101092338562">
        <ele>-0.77</ele>
      </trkpt>
      <trkpt lat="35.7897234801203" lon="139.7101092338562">
        <ele>-0.87</ele>
      </trkpt>
      <trkpt lat="35.78980017453432" lon="139.7097936552018">
        <ele>-0.71</ele>
      </trkpt>
      <trkpt lat="35.789877539500594" lon="139.70947556197643">
        <ele>-0.49</ele>
      </trkpt>
      <trkpt lat="35.78995490446687" lon="139.70915746875107">
        <ele>-0.66</ele>
      </trkpt>
      <trkpt lat="35.79003226943314" lon="139.7088393755257">
        <ele>-0.93</ele>
      </trkpt>
      <trkpt lat="35.790109634399414" lon="139.70852136611938">
        <ele>-0.91</ele>
      </trkpt>
      <trkpt lat="35.79021197743714" lon="139.70817578025162">
        <ele>-0.42</ele>
      </trkpt>
      <trkpt lat="35.79031515866518" lon="139.70782759599388">
        <ele>0.7</ele>
      </trkpt>
      <trkpt lat="35.79041825607419" lon="139.70747949555516">
        <ele>1.1</ele>
      </trkpt>
      <trkpt lat="35.79052143730223" lon="139.70713139511645">
        <ele>1.17</ele>
      </trkpt>
      <trkpt lat="35.79062461853027" lon="139.70678329467773">
        <ele>1.24</ele>
      </trkpt>
      <trkpt lat="35.79067809507251" lon="139.7065368667245">
        <ele>1.56</ele>
      </trkpt>
      <trkpt lat="35.79073190689087" lon="139.706289768219">
        <ele>1.91</ele>
      </trkpt>
      <trkpt lat="35.790844140574336" lon="139.70600637607276">
        <ele>2.34</ele>
      </trkpt>
      <trkpt lat="35.79095687717199" lon="139.70572172664106">
        <ele>2.96</ele>
      </trkpt>
      <trkpt lat="35.79106969758868" lon="139.70543707720935">
        <ele>3.51</ele>
      </trkpt>
      <trkpt lat="35.79118251800537" lon="139.70515251159668">
        <ele>3.97</ele>
      </trkpt>
      <trkpt lat="35.79133247025311" lon="139.70485964789987">
        <ele>4.06</ele>
      </trkpt>
      <trkpt lat="35.791482757776976" lon="139.70456619746983">
        <ele>3.99</ele>
      </trkpt>
      <trkpt lat="35.79163312911987" lon="139.7042727470398">
        <ele>4.37</ele>
      </trkpt>
      <trkpt lat="35.79181141220033" lon="139.7039553243667">
        <ele>4.56</ele>
      </trkpt>
      <trkpt lat="35.791990365833044" lon="139.70363681204617">
        <ele>4.94</ele>
      </trkpt>
      <trkpt lat="35.792169235646725" lon="139.70331838354468">
        <ele>5.43</ele>
      </trkpt>
      <trkpt lat="35.79234818927944" lon="139.70299987122416">
        <ele>6.07</ele>
      </trkpt>
      <trkpt lat="35.79252705909312" lon="139.70268144272268">
        <ele>6.29</ele>
      </trkpt>
      <trkpt lat="35.79270601272583" lon="139.7023630142212">
        <ele>6.6</ele>
      </trkpt>
      <trkpt lat="35.792909944429994" lon="139.70213754102588">
        <ele>6.97</ele>
      </trkpt>
      <trkpt lat="35.793113708496094" lon="139.7019124031067">
        <ele>7.2</ele>
      </trkpt>
      <trkpt lat="35.79326785169542" lon="139.7016510553658">
        <ele>7.41</ele>
      </trkpt>
      <trkpt lat="35.7934224139899" lon="139.7013891208917">
        <ele>7.59</ele>
      </trkpt>
      <trkpt lat="35.793576976284385" lon="139.7011272702366">
        <ele>7.56</ele>
      </trkpt>
      <trkpt lat="35.79373153857887" lon="139.7008653357625">
        <ele>7.62</ele>
      </trkpt>
      <trkpt lat="35.79388618469238" lon="139.70060348510742">
        <ele>7.89</ele>
      </trkpt>
      <trkpt lat="35.79403228126466" lon="139.7003219369799">
        <ele>8.18</ele>
      </trkpt>
      <trkpt lat="35.794178964570165" lon="139.7000392153859">
        <ele>7.76</ele>
      </trkpt>
      <trkpt lat="35.7943257316947" lon="139.69975649379194">
        <ele>6.83</ele>
      </trkpt>
      <trkpt lat="35.7944724150002" lon="139.69947377219796">
        <ele>6.15</ele>
      </trkpt>
      <trkpt lat="35.794619182124734" lon="139.69919105060399">
        <ele>6.02</ele>
      </trkpt>
      <trkpt lat="35.79476594924927" lon="139.69890832901">
        <ele>5.99</ele>
      </trkpt>
      <trkpt lat="35.794901233166456" lon="139.69862694852054">
        <ele>6.06</ele>
      </trkpt>
      <trkpt lat="35.79503727145493" lon="139.69834422692657">
        <ele>6.18</ele>
      </trkpt>
      <trkpt lat="35.795173309743404" lon="139.69806142151356">
        <ele>5.91</ele>
      </trkpt>
      <trkpt lat="35.79530934803188" lon="139.69777869991958">
        <ele>5.36</ele>
      </trkpt>
      <trkpt lat="35.79544538632035" lon="139.69749589450657">
        <ele>5.03</ele>
      </trkpt>
      <trkpt lat="35.79558142460883" lon="139.6972131729126">
        <ele>4.59</ele>
      </trkpt>
      <trkpt lat="35.79570966772735" lon="139.6968923136592">
        <ele>3.87</ele>
      </trkpt>
      <trkpt lat="35.79583858139813" lon="139.69657011330128">
        <ele>3.27</ele>
      </trkpt>
      <trkpt lat="35.795967411249876" lon="139.69624791294336">
        <ele>2.83</ele>
      </trkpt>
      <trkpt lat="35.796096324920654" lon="139.69592571258545">
        <ele>2.57</ele>
      </trkpt>
      <trkpt lat="35.796096408739686" lon="139.69592571258545">
        <ele>2.31</ele>
      </trkpt>
      <trkpt lat="35.79620327800512" lon="139.69565304927528">
        <ele>2.23</ele>
      </trkpt>
      <trkpt lat="35.79631065018475" lon="139.69537912867963">
        <ele>2.2</ele>
      </trkpt>
      <trkpt lat="35.79641802236438" lon="139.695105208084">
        <ele>1.95</ele>
      </trkpt>
      <trkpt lat="35.79652547836304" lon="139.69483137130737">
        <ele>1.47</ele>
      </trkpt>
      <trkpt lat="35.796546936035156" lon="139.69448804855347">
        <ele>1.31</ele>
      </trkpt>
      <trkpt lat="35.7966429926455" lon="139.69415687955916">
        <ele>1.42</ele>
      </trkpt>
      <trkpt lat="35.7967397198081" lon="139.69382378272712">
        <ele>1.74</ele>
      </trkpt>
      <trkpt lat="35.7968364469707" lon="139.69349068589509">
        <ele>2.58</ele>
      </trkpt>
      <trkpt lat="35.7969331741333" lon="139.69315767288208">
        <ele>3.12</ele>
      </trkpt>
      <trkpt lat="35.7969918474555" lon="139.69287478365004">
        <ele>3.92</ele>
      </trkpt>
      <trkpt lat="35.79705093987286" lon="139.69258996658027">
        <ele>5.01</ele>
      </trkpt>
      <trkpt lat="35.79711003229022" lon="139.6923051495105">
        <ele>6.03</ele>
      </trkpt>
      <trkpt lat="35.79716920852661" lon="139.69202041625977">
        <ele>6.79</ele>
      </trkpt>
      <trkpt lat="35.79721204005182" lon="139.69170978292823">
        <ele>7.19</ele>
      </trkpt>
      <trkpt lat="35.79725503921509" lon="139.6913981437683">
        <ele>7.05</ele>
      </trkpt>
      <trkpt lat="35.797276413068175" lon="139.69101341441274">
        <ele>6.7</ele>
      </trkpt>
      <trkpt lat="35.797297870740294" lon="139.6906264219433">
        <ele>6.13</ele>
      </trkpt>
      <trkpt lat="35.797319412231445" lon="139.69023942947388">
        <ele>5.79</ele>
      </trkpt>
      <trkpt lat="35.797314047813416" lon="139.6899141278118">
        <ele>6.45</ele>
      </trkpt>
      <trkpt lat="35.797308683395386" lon="139.68958622775972">
        <ele>7.56</ele>
      </trkpt>
      <trkpt lat="35.797303318977356" lon="139.68925832770765">
        <ele>8.19</ele>
      </trkpt>
      <trkpt lat="35.79729803837836" lon="139.6889305114746">
        <ele>8.41</ele>
      </trkpt>
      <trkpt lat="35.79727658070624" lon="139.6886627934873">
        <ele>8.44</ele>
      </trkpt>
      <trkpt lat="35.79725512303412" lon="139.68839406967163">
        <ele>8.45</ele>
      </trkpt>
      <trkpt lat="35.7971868943423" lon="139.68805736862123">
        <ele>8.2</ele>
      </trkpt>
      <trkpt lat="35.797118078917265" lon="139.68771773390472">
        <ele>7.77</ele>
      </trkpt>
      <trkpt lat="35.79704926349223" lon="139.6873780991882">
        <ele>7.66</ele>
      </trkpt>
      <trkpt lat="35.79698044806719" lon="139.6870384644717">
        <ele>7.92</ele>
      </trkpt>
      <trkpt lat="35.79691171646118" lon="139.68669891357422">
        <ele>8.02</ele>
      </trkpt>
      <trkpt lat="35.79691180028021" lon="139.68669891357422">
        <ele>7.47</ele>
      </trkpt>
      <trkpt lat="35.796860586851835" lon="139.68638786114752">
        <ele>6.89</ele>
      </trkpt>
      <trkpt lat="35.79680903814733" lon="139.68607404269278">
        <ele>5.92</ele>
      </trkpt>
      <trkpt lat="35.796757405623794" lon="139.685760140419">
        <ele>4.8</ele>
      </trkpt>
      <trkpt lat="35.79670577310026" lon="139.68544632196426">
        <ele>3.99</ele>
      </trkpt>
      <trkpt lat="35.79665422439575" lon="139.68513250350952">
        <ele>3.53</ele>
      </trkpt>
      <trkpt lat="35.796632850542665" lon="139.68484743498266">
        <ele>3.31</ele>
      </trkpt>
      <trkpt lat="35.796611309051514" lon="139.6845607738942">
        <ele>3.23</ele>
      </trkpt>
      <trkpt lat="35.796589851379395" lon="139.68427419662476">
        <ele>3.42</ele>
      </trkpt>
      <trkpt lat="35.796589935198426" lon="139.68427419662476">
        <ele>3.91</ele>
      </trkpt>
      <trkpt lat="35.79655649140477" lon="139.68393783085048">
        <ele>4.65</ele>
      </trkpt>
      <trkpt lat="35.79652271233499" lon="139.68359760940075">
        <ele>5.66</ele>
      </trkpt>
      <trkpt lat="35.79648893326521" lon="139.68325738795102">
        <ele>6.72</ele>
      </trkpt>
      <trkpt lat="35.79645515419543" lon="139.68291716650128">
        <ele>7.51</ele>
      </trkpt>
      <trkpt lat="35.79642137512565" lon="139.68257694505155">
        <ele>7.81</ele>
      </trkpt>
      <trkpt lat="35.796387596055865" lon="139.68223655596375">
        <ele>7.86</ele>
      </trkpt>
    </trkseg>
  </trk>
</gpx>
