<?xml version="1.0" encoding="UTF-8"?>
<gpx creator="Garmin Connect" version="1.1"
  xsi:schemaLocation="http://www.topografix.com/GPX/1/1 http://www.topografix.com/GPX/11.xsd"
  xmlns:ns3="http://www.garmin.com/xmlschemas/TrackPointExtension/v1"
  xmlns="http://www.topografix.com/GPX/1/1"
  xmlns:xsi="http://www.w3.org/2001/XMLSchema-instance" xmlns:ns2="http://www.garmin.com/xmlschemas/GpxExtensions/v3">
  <metadata>
    <name>洞爺湖マラソン</name>
    <link href="connect.garmin.com">
      <text>Garmin Connect</text>
    </link>
    <time>2024-12-09T01:35:43.000Z</time>
  </metadata>
  <trk>
    <name>洞爺湖マラソン</name>
    <trkseg>
      <trkpt lat="42.56512359715998" lon="140.81415549851954">
        <ele>89.0</ele>
      </trkpt>
      <trkpt lat="42.56512359715998" lon="140.81415466032922">
        <ele>89.0</ele>
      </trkpt>
      <trkpt lat="42.56510792300105" lon="140.8138744533062">
        <ele>88.6</ele>
      </trkpt>
      <trkpt lat="42.56509174592793" lon="140.8138353098184">
        <ele>88.4</ele>
      </trkpt>
      <trkpt lat="42.56506928242743" lon="140.8137634769082">
        <ele>88.2</ele>
      </trkpt>
      <trkpt lat="42.56506492383778" lon="140.81363850273192">
        <ele>88.6</ele>
      </trkpt>
      <trkpt lat="42.56506307981908" lon="140.81360975280404">
        <ele>88.4</ele>
      </trkpt>
      <trkpt lat="42.56505754776299" lon="140.81350531429052">
        <ele>88.2</ele>
      </trkpt>
      <trkpt lat="42.56505251862109" lon="140.81344697624445">
        <ele>88.2</ele>
      </trkpt>
      <trkpt lat="42.56504732184112" lon="140.81338469870389">
        <ele>88.2</ele>
      </trkpt>
      <trkpt lat="42.56504103541374" lon="140.8131748996675">
        <ele>88.2</ele>
      </trkpt>
      <trkpt lat="42.56503064185381" lon="140.81306668929756">
        <ele>88.4</ele>
      </trkpt>
      <trkpt lat="42.565022176131606" lon="140.81295671872795">
        <ele>88.4</ele>
      </trkpt>
      <trkpt lat="42.5650139618665" lon="140.8128765039146">
        <ele>88.4</ele>
      </trkpt>
      <trkpt lat="42.56500331684947" lon="140.81274365074933">
        <ele>88.4</ele>
      </trkpt>
      <trkpt lat="42.56499778479338" lon="140.8126653637737">
        <ele>88.4</ele>
      </trkpt>
      <trkpt lat="42.56499141454697" lon="140.81255136989057">
        <ele>88.4</ele>
      </trkpt>
      <trkpt lat="42.564988397061825" lon="140.81248121336102">
        <ele>88.4</ele>
      </trkpt>
      <trkpt lat="42.56497154943645" lon="140.81228088587523">
        <ele>88.4</ele>
      </trkpt>
      <trkpt lat="42.564958557486534" lon="140.812145518139">
        <ele>88.4</ele>
      </trkpt>
      <trkpt lat="42.56494464352727" lon="140.81188249401748">
        <ele>88.6</ele>
      </trkpt>
      <trkpt lat="42.564938524737954" lon="140.8117863535881">
        <ele>88.6</ele>
      </trkpt>
      <trkpt lat="42.564910696819425" lon="140.81158426590264">
        <ele>89.2</ele>
      </trkpt>
      <trkpt lat="42.564884880557656" lon="140.81144982017577">
        <ele>89.2</ele>
      </trkpt>
      <trkpt lat="42.56484699435532" lon="140.81117229536176">
        <ele>89.8</ele>
      </trkpt>
      <trkpt lat="42.56483685225248" lon="140.81106425262988">
        <ele>90.2</ele>
      </trkpt>
      <trkpt lat="42.56479695439339" lon="140.81085537560284">
        <ele>90.8</ele>
      </trkpt>
      <trkpt lat="42.564755883067846" lon="140.81077658571303">
        <ele>91.2</ele>
      </trkpt>
      <trkpt lat="42.56469352170825" lon="140.81069419160485">
        <ele>91.6</ele>
      </trkpt>
      <trkpt lat="42.56467918865383" lon="140.81067533232272">
        <ele>91.8</ele>
      </trkpt>
      <trkpt lat="42.564645325765014" lon="140.8105479273945">
        <ele>92.2</ele>
      </trkpt>
      <trkpt lat="42.564645409584045" lon="140.81051624380052">
        <ele>92.4</ele>
      </trkpt>
      <trkpt lat="42.564714308828115" lon="140.81031549721956">
        <ele>92.2</ele>
      </trkpt>
      <trkpt lat="42.564836014062166" lon="140.81013126298785">
        <ele>92.4</ele>
      </trkpt>
      <trkpt lat="42.56489032879472" lon="140.81003269180655">
        <ele>92.2</ele>
      </trkpt>
      <trkpt lat="42.564945900812745" lon="140.80993227660656">
        <ele>92.4</ele>
      </trkpt>
      <trkpt lat="42.56506844423711" lon="140.80971367657185">
        <ele>92.6</ele>
      </trkpt>
      <trkpt lat="42.565180929377675" lon="140.80950438044965">
        <ele>93.2</ele>
      </trkpt>
      <trkpt lat="42.56519677117467" lon="140.80947428941727">
        <ele>93.4</ele>
      </trkpt>
      <trkpt lat="42.56522904150188" lon="140.80941787920892">
        <ele>93.6</ele>
      </trkpt>
      <trkpt lat="42.56533767096698" lon="140.8092043083161">
        <ele>94.0</ele>
      </trkpt>
      <trkpt lat="42.565353848040104" lon="140.809172289446">
        <ele>94.0</ele>
      </trkpt>
      <trkpt lat="42.56544269621372" lon="140.80903138965368">
        <ele>94.6</ele>
      </trkpt>
      <trkpt lat="42.56549357436597" lon="140.80894388258457">
        <ele>94.6</ele>
      </trkpt>
      <trkpt lat="42.565537663176656" lon="140.80886668525636">
        <ele>94.8</ele>
      </trkpt>
      <trkpt lat="42.56561980582774" lon="140.8087269589305">
        <ele>95.2</ele>
      </trkpt>
      <trkpt lat="42.565648974850774" lon="140.8086725603789">
        <ele>95.8</ele>
      </trkpt>
      <trkpt lat="42.565752072259784" lon="140.8084791060537">
        <ele>96.2</ele>
      </trkpt>
      <trkpt lat="42.56586321629584" lon="140.8082832209766">
        <ele>96.4</ele>
      </trkpt>
      <trkpt lat="42.565880650654435" lon="140.80825455486774">
        <ele>96.6</ele>
      </trkpt>
      <trkpt lat="42.56593027152121" lon="140.8081619348377">
        <ele>96.6</ele>
      </trkpt>
      <trkpt lat="42.566019874066114" lon="140.8079867530614">
        <ele>96.8</ele>
      </trkpt>
      <trkpt lat="42.566099083051085" lon="140.80785281024873">
        <ele>97.4</ele>
      </trkpt>
      <trkpt lat="42.56620477885008" lon="140.80765340477228">
        <ele>97.6</ele>
      </trkpt>
      <trkpt lat="42.5662502925843" lon="140.8075614552945">
        <ele>97.6</ele>
      </trkpt>
      <trkpt lat="42.56628340110183" lon="140.80750211142004">
        <ele>97.6</ele>
      </trkpt>
      <trkpt lat="42.56631734780967" lon="140.8074422646314">
        <ele>98.0</ele>
      </trkpt>
      <trkpt lat="42.566395131871104" lon="140.80729122273624">
        <ele>98.8</ele>
      </trkpt>
      <trkpt lat="42.566414158791304" lon="140.80726373009384">
        <ele>99.0</ele>
      </trkpt>
      <trkpt lat="42.566522704437375" lon="140.80707111395895">
        <ele>99.0</ele>
      </trkpt>
      <trkpt lat="42.56653745658696" lon="140.80704303458333">
        <ele>99.0</ele>
      </trkpt>
      <trkpt lat="42.56666913628578" lon="140.8068505860865">
        <ele>99.2</ele>
      </trkpt>
      <trkpt lat="42.566683469340205" lon="140.8068233449012">
        <ele>99.2</ele>
      </trkpt>
      <trkpt lat="42.566730491817" lon="140.80674472264946">
        <ele>99.6</ele>
      </trkpt>
      <trkpt lat="42.56680743768811" lon="140.8066459838301">
        <ele>100.0</ele>
      </trkpt>
      <trkpt lat="42.566822776570916" lon="140.80662745982409">
        <ele>100.0</ele>
      </trkpt>
      <trkpt lat="42.56692838855088" lon="140.80644733272493">
        <ele>100.8</ele>
      </trkpt>
      <trkpt lat="42.5669601559639" lon="140.80640399828553">
        <ele>101.0</ele>
      </trkpt>
      <trkpt lat="42.56705520674586" lon="140.80630911514163">
        <ele>101.4</ele>
      </trkpt>
      <trkpt lat="42.56721320562065" lon="140.80617777071893">
        <ele>101.2</ele>
      </trkpt>
      <trkpt lat="42.567365085706115" lon="140.80603527836502">
        <ele>101.4</ele>
      </trkpt>
      <trkpt lat="42.56739207543433" lon="140.80601348541677">
        <ele>101.4</ele>
      </trkpt>
      <trkpt lat="42.56741177290678" lon="140.80598917789757">
        <ele>101.4</ele>
      </trkpt>
      <trkpt lat="42.567569352686405" lon="140.80582480877638">
        <ele>101.8</ele>
      </trkpt>
      <trkpt lat="42.56759491749108" lon="140.8058029320091">
        <ele>101.8</ele>
      </trkpt>
      <trkpt lat="42.567624086514115" lon="140.80578055232763">
        <ele>102.2</ele>
      </trkpt>
      <trkpt lat="42.56777487695217" lon="140.8056528121233">
        <ele>102.6</ele>
      </trkpt>
      <trkpt lat="42.56793312728405" lon="140.80550344660878">
        <ele>102.8</ele>
      </trkpt>
      <trkpt lat="42.56798777729273" lon="140.8054548315704">
        <ele>103.2</ele>
      </trkpt>
      <trkpt lat="42.568010576069355" lon="140.80543463118374">
        <ele>103.4</ele>
      </trkpt>
      <trkpt lat="42.568162959069014" lon="140.80530219711363">
        <ele>103.2</ele>
      </trkpt>
      <trkpt lat="42.56819128990173" lon="140.80528459511697">
        <ele>103.2</ele>
      </trkpt>
      <trkpt lat="42.568254405632615" lon="140.80524788238108">
        <ele>103.2</ele>
      </trkpt>
      <trkpt lat="42.568308636546135" lon="140.80521452240646">
        <ele>103.2</ele>
      </trkpt>
      <trkpt lat="42.56847468204796" lon="140.80511637032032">
        <ele>103.4</ele>
      </trkpt>
      <trkpt lat="42.56864424794912" lon="140.80503531731665">
        <ele>103.2</ele>
      </trkpt>
      <trkpt lat="42.568807108327746" lon="140.80492828041315">
        <ele>103.8</ele>
      </trkpt>
      <trkpt lat="42.568912133574486" lon="140.80488226376474">
        <ele>103.8</ele>
      </trkpt>
      <trkpt lat="42.5689615868032" lon="140.80485560931265">
        <ele>103.8</ele>
      </trkpt>
      <trkpt lat="42.569013722240925" lon="140.80483767203987">
        <ele>103.8</ele>
      </trkpt>
      <trkpt lat="42.5691550411284" lon="140.80476919189095">
        <ele>104.2</ele>
      </trkpt>
      <trkpt lat="42.56917993538082" lon="140.80475552938879">
        <ele>104.4</ele>
      </trkpt>
      <trkpt lat="42.56920248270035" lon="140.80474413000047">
        <ele>104.6</ele>
      </trkpt>
      <trkpt lat="42.569296611472964" lon="140.80469274893403">
        <ele>105.2</ele>
      </trkpt>
      <trkpt lat="42.569325026124716" lon="140.80467623658478">
        <ele>105.4</ele>
      </trkpt>
      <trkpt lat="42.56936936639249" lon="140.80464597791433">
        <ele>105.8</ele>
      </trkpt>
      <trkpt lat="42.56954463198781" lon="140.80454799346626">
        <ele>106.0</ele>
      </trkpt>
      <trkpt lat="42.56962233223021" lon="140.80452083609998">
        <ele>106.2</ele>
      </trkpt>
      <trkpt lat="42.569686537608504" lon="140.80448445864022">
        <ele>106.4</ele>
      </trkpt>
      <trkpt lat="42.569760298356414" lon="140.80442226491868">
        <ele>106.6</ele>
      </trkpt>
      <trkpt lat="42.56990823894739" lon="140.80424825660884">
        <ele>107.2</ele>
      </trkpt>
      <trkpt lat="42.570027597248554" lon="140.80404851585627">
        <ele>107.4</ele>
      </trkpt>
      <trkpt lat="42.57003530859947" lon="140.8040256332606">
        <ele>107.4</ele>
      </trkpt>
      <trkpt lat="42.570045702159405" lon="140.80399696715176">
        <ele>107.4</ele>
      </trkpt>
      <trkpt lat="42.570076966658235" lon="140.80391474068165">
        <ele>108.0</ele>
      </trkpt>
      <trkpt lat="42.57011812180281" lon="140.8037951309234">
        <ele>108.6</ele>
      </trkpt>
      <trkpt lat="42.5701286830008" lon="140.80373628996313">
        <ele>109.0</ele>
      </trkpt>
      <trkpt lat="42.57014863193035" lon="140.8035459369421">
        <ele>109.4</ele>
      </trkpt>
      <trkpt lat="42.570143435150385" lon="140.80338777042925">
        <ele>109.4</ele>
      </trkpt>
      <trkpt lat="42.57013790309429" lon="140.80330261029303">
        <ele>109.6</ele>
      </trkpt>
      <trkpt lat="42.570123905315995" lon="140.80314042046666">
        <ele>110.4</ele>
      </trkpt>
      <trkpt lat="42.5700977537781" lon="140.8029507379979">
        <ele>110.8</ele>
      </trkpt>
      <trkpt lat="42.57009180262685" lon="140.80285409465432">
        <ele>111.2</ele>
      </trkpt>
      <trkpt lat="42.570070093497634" lon="140.80260816961527">
        <ele>111.2</ele>
      </trkpt>
      <trkpt lat="42.570021729916334" lon="140.8023836184293">
        <ele>111.8</ele>
      </trkpt>
      <trkpt lat="42.5700115878135" lon="140.8023505937308">
        <ele>111.8</ele>
      </trkpt>
      <trkpt lat="42.56997705437243" lon="140.8021832909435">
        <ele>112.2</ele>
      </trkpt>
      <trkpt lat="42.569950986653566" lon="140.80200056545436">
        <ele>112.2</ele>
      </trkpt>
      <trkpt lat="42.569914776831865" lon="140.80173888243735">
        <ele>112.4</ele>
      </trkpt>
      <trkpt lat="42.5699130166322" lon="140.80170485191047">
        <ele>112.6</ele>
      </trkpt>
      <trkpt lat="42.56991242989898" lon="140.80142757855356">
        <ele>112.4</ele>
      </trkpt>
      <trkpt lat="42.569907400757074" lon="140.80134334042668">
        <ele>112.4</ele>
      </trkpt>
      <trkpt lat="42.56995811127126" lon="140.8010806515813">
        <ele>112.4</ele>
      </trkpt>
      <trkpt lat="42.57001619786024" lon="140.8008457068354">
        <ele>112.0</ele>
      </trkpt>
      <trkpt lat="42.570100435987115" lon="140.80063942819834">
        <ele>112.0</ele>
      </trkpt>
      <trkpt lat="42.57022180594504" lon="140.800413871184">
        <ele>111.6</ele>
      </trkpt>
      <trkpt lat="42.57024234160781" lon="140.80038520507514">
        <ele>111.4</ele>
      </trkpt>
      <trkpt lat="42.570372596383095" lon="140.80018672160804">
        <ele>111.4</ele>
      </trkpt>
      <trkpt lat="42.57041869685054" lon="140.80012151040137">
        <ele>111.2</ele>
      </trkpt>
      <trkpt lat="42.570535875856876" lon="140.7999167405069">
        <ele>110.6</ele>
      </trkpt>
      <trkpt lat="42.57057418115437" lon="140.79985219985247">
        <ele>110.8</ele>
      </trkpt>
      <trkpt lat="42.57069303654134" lon="140.79965053126216">
        <ele>110.4</ele>
      </trkpt>
      <trkpt lat="42.57073435932398" lon="140.79959110356867">
        <ele>110.2</ele>
      </trkpt>
      <trkpt lat="42.57081256248057" lon="140.7994793727994">
        <ele>110.2</ele>
      </trkpt>
      <trkpt lat="42.5709077809006" lon="140.79933444969356">
        <ele>110.0</ele>
      </trkpt>
      <trkpt lat="42.57102076895535" lon="140.7991683203727">
        <ele>109.8</ele>
      </trkpt>
      <trkpt lat="42.571038622409105" lon="140.7991360500455">
        <ele>109.6</ele>
      </trkpt>
      <trkpt lat="42.571134846657515" lon="140.7990028616041">
        <ele>109.4</ele>
      </trkpt>
      <trkpt lat="42.57127482444048" lon="140.7988517358899">
        <ele>109.0</ele>
      </trkpt>
      <trkpt lat="42.57132209837437" lon="140.79881200566888">
        <ele>108.8</ele>
      </trkpt>
      <trkpt lat="42.571488646790385" lon="140.79868770204484">
        <ele>108.8</ele>
      </trkpt>
      <trkpt lat="42.57154078222811" lon="140.79865710809827">
        <ele>108.6</ele>
      </trkpt>
      <trkpt lat="42.57170733064413" lon="140.79855711199343">
        <ele>108.4</ele>
      </trkpt>
      <trkpt lat="42.57176114246249" lon="140.79853104427457">
        <ele>108.2</ele>
      </trkpt>
      <trkpt lat="42.57193238474429" lon="140.79845585860312">
        <ele>108.0</ele>
      </trkpt>
      <trkpt lat="42.57195794954896" lon="140.79844563268125">
        <ele>108.0</ele>
      </trkpt>
      <trkpt lat="42.572162970900536" lon="140.79838746227324">
        <ele>107.8</ele>
      </trkpt>
      <trkpt lat="42.572217620909214" lon="140.79837312921882">
        <ele>107.8</ele>
      </trkpt>
      <trkpt lat="42.57232105359435" lon="140.79835661686957">
        <ele>107.4</ele>
      </trkpt>
      <trkpt lat="42.57245767861605" lon="140.79833650030196">
        <ele>107.4</ele>
      </trkpt>
      <trkpt lat="42.57266496308148" lon="140.79831722192466">
        <ele>107.8</ele>
      </trkpt>
      <trkpt lat="42.57286177016795" lon="140.7983003742993">
        <ele>107.4</ele>
      </trkpt>
      <trkpt lat="42.57289454340935" lon="140.7982956804335">
        <ele>107.4</ele>
      </trkpt>
      <trkpt lat="42.57310476154089" lon="140.79828252084553">
        <ele>107.8</ele>
      </trkpt>
      <trkpt lat="42.573134349659085" lon="140.79828185029328">
        <ele>107.8</ele>
      </trkpt>
      <trkpt lat="42.57332721725106" lon="140.7982686907053">
        <ele>107.6</ele>
      </trkpt>
      <trkpt lat="42.573358565568924" lon="140.7982623204589">
        <ele>107.6</ele>
      </trkpt>
      <trkpt lat="42.57353877648711" lon="140.798230888322">
        <ele>108.0</ele>
      </trkpt>
      <trkpt lat="42.57365729659796" lon="140.7981955166906">
        <ele>107.8</ele>
      </trkpt>
      <trkpt lat="42.573725022375584" lon="140.79816341400146">
        <ele>108.0</ele>
      </trkpt>
      <trkpt lat="42.57386156357825" lon="140.79811505042017">
        <ele>107.8</ele>
      </trkpt>
      <trkpt lat="42.574065160006285" lon="140.79806081950665">
        <ele>108.2</ele>
      </trkpt>
      <trkpt lat="42.574096424505115" lon="140.79805503599346">
        <ele>108.2</ele>
      </trkpt>
      <trkpt lat="42.57424277253449" lon="140.79804413951933">
        <ele>107.8</ele>
      </trkpt>
      <trkpt lat="42.574438909068704" lon="140.79802645370364">
        <ele>107.8</ele>
      </trkpt>
      <trkpt lat="42.57450604811311" lon="140.7980147190392">
        <ele>107.8</ele>
      </trkpt>
      <trkpt lat="42.574695060029626" lon="140.798037936911">
        <ele>108.2</ele>
      </trkpt>
      <trkpt lat="42.57472179830074" lon="140.79803911037743">
        <ele>108.2</ele>
      </trkpt>
      <trkpt lat="42.57474359124899" lon="140.79802360385656">
        <ele>108.0</ele>
      </trkpt>
      <trkpt lat="42.57479941472411" lon="140.79801731742918">
        <ele>108.0</ele>
      </trkpt>
      <trkpt lat="42.57498976774514" lon="140.79798655584455">
        <ele>108.2</ele>
      </trkpt>
      <trkpt lat="42.57519378326833" lon="140.79798948951066">
        <ele>108.0</ele>
      </trkpt>
      <trkpt lat="42.57532915100455" lon="140.7980086002499">
        <ele>108.0</ele>
      </trkpt>
      <trkpt lat="42.57553635165095" lon="140.79801170155406">
        <ele>107.8</ele>
      </trkpt>
      <trkpt lat="42.57557432167232" lon="140.79801346175373">
        <ele>107.6</ele>
      </trkpt>
      <trkpt lat="42.575775319710374" lon="140.79805604182184">
        <ele>107.6</ele>
      </trkpt>
      <trkpt lat="42.57595242932439" lon="140.79809174872935">
        <ele>107.8</ele>
      </trkpt>
      <trkpt lat="42.576072039082646" lon="140.7980937603861">
        <ele>107.8</ele>
      </trkpt>
      <trkpt lat="42.5761451292783" lon="140.7981111947447">
        <ele>107.8</ele>
      </trkpt>
      <trkpt lat="42.57635367102921" lon="140.79817045480013">
        <ele>107.6</ele>
      </trkpt>
      <trkpt lat="42.57653698325157" lon="140.79819912090898">
        <ele>107.2</ele>
      </trkpt>
      <trkpt lat="42.57659716531634" lon="140.7982060778886">
        <ele>107.2</ele>
      </trkpt>
      <trkpt lat="42.57678517140448" lon="140.79821881838143">
        <ele>107.4</ele>
      </trkpt>
      <trkpt lat="42.57684024050832" lon="140.79822133295238">
        <ele>107.4</ele>
      </trkpt>
      <trkpt lat="42.577024390921" lon="140.79817003570497">
        <ele>107.2</ele>
      </trkpt>
      <trkpt lat="42.5770603492856" lon="140.79816492274404">
        <ele>107.2</ele>
      </trkpt>
      <trkpt lat="42.577248103916645" lon="140.79812343232334">
        <ele>107.0</ele>
      </trkpt>
      <trkpt lat="42.57730568759143" lon="140.79810071736574">
        <ele>107.0</ele>
      </trkpt>
      <trkpt lat="42.57747952826321" lon="140.79799745231867">
        <ele>106.6</ele>
      </trkpt>
      <trkpt lat="42.57760760374367" lon="140.7979053352028">
        <ele>106.4</ele>
      </trkpt>
      <trkpt lat="42.577627301216125" lon="140.79788689501584">
        <ele>106.4</ele>
      </trkpt>
      <trkpt lat="42.57780357263982" lon="140.79773157835007">
        <ele>106.4</ele>
      </trkpt>
      <trkpt lat="42.57782000117004" lon="140.79772118479013">
        <ele>106.4</ele>
      </trkpt>
      <trkpt lat="42.57798529230058" lon="140.7975709810853">
        <ele>106.2</ele>
      </trkpt>
      <trkpt lat="42.578008426353335" lon="140.797549020499">
        <ele>106.2</ele>
      </trkpt>
      <trkpt lat="42.57815041579306" lon="140.79734835773706">
        <ele>106.8</ele>
      </trkpt>
      <trkpt lat="42.57816458120942" lon="140.79732798971236">
        <ele>106.8</ele>
      </trkpt>
      <trkpt lat="42.57827295921743" lon="140.79720930196345">
        <ele>106.6</ele>
      </trkpt>
      <trkpt lat="42.57843129336834" lon="140.79705256037414">
        <ele>106.6</ele>
      </trkpt>
      <trkpt lat="42.578461887314916" lon="140.79702557064593">
        <ele>106.8</ele>
      </trkpt>
      <trkpt lat="42.57863296195865" lon="140.79686681739986">
        <ele>106.8</ele>
      </trkpt>
      <trkpt lat="42.57867906242609" lon="140.7968256622553">
        <ele>106.8</ele>
      </trkpt>
      <trkpt lat="42.57883152924478" lon="140.79668308608234">
        <ele>107.4</ele>
      </trkpt>
      <trkpt lat="42.57888039574027" lon="140.79664771445096">
        <ele>107.2</ele>
      </trkpt>
      <trkpt lat="42.5790601875633" lon="140.79651150852442">
        <ele>107.2</ele>
      </trkpt>
      <trkpt lat="42.5790945533663" lon="140.79648762010038">
        <ele>107.4</ele>
      </trkpt>
      <trkpt lat="42.57911626249552" lon="140.79647244885564">
        <ele>107.6</ele>
      </trkpt>
      <trkpt lat="42.579291108995676" lon="140.79634764231741">
        <ele>107.6</ele>
      </trkpt>
      <trkpt lat="42.5793175958097" lon="140.7963304594159">
        <ele>107.4</ele>
      </trkpt>
      <trkpt lat="42.57949269376695" lon="140.7962268590927">
        <ele>108.0</ele>
      </trkpt>
      <trkpt lat="42.579519264400005" lon="140.79621462151408">
        <ele>108.0</ele>
      </trkpt>
      <trkpt lat="42.579697128385305" lon="140.7961105182767">
        <ele>107.8</ele>
      </trkpt>
      <trkpt lat="42.57972043007612" lon="140.79609191045165">
        <ele>107.8</ele>
      </trkpt>
      <trkpt lat="42.57987733930349" lon="140.79602812416852">
        <ele>108.6</ele>
      </trkpt>
      <trkpt lat="42.57990022189915" lon="140.79601756297052">
        <ele>108.6</ele>
      </trkpt>
      <trkpt lat="42.58005897514522" lon="140.79595746472478">
        <ele>108.6</ele>
      </trkpt>
      <trkpt lat="42.58023398928344" lon="140.7958816923201">
        <ele>108.6</ele>
      </trkpt>
      <trkpt lat="42.58026173338294" lon="140.7958718854934">
        <ele>108.6</ele>
      </trkpt>
      <trkpt lat="42.58045334368944" lon="140.7957923412323">
        <ele>108.6</ele>
      </trkpt>
      <trkpt lat="42.58063833229244" lon="140.79575395211577">
        <ele>109.0</ele>
      </trkpt>
      <trkpt lat="42.580818543210626" lon="140.7957008946687">
        <ele>109.4</ele>
      </trkpt>
      <trkpt lat="42.580842431634665" lon="140.79569175839424">
        <ele>109.4</ele>
      </trkpt>
      <trkpt lat="42.58097402751446" lon="140.79566250555217">
        <ele>109.4</ele>
      </trkpt>
      <trkpt lat="42.581089697778225" lon="140.79561883583665">
        <ele>109.8</ele>
      </trkpt>
      <trkpt lat="42.58120863698423" lon="140.79558891244233">
        <ele>109.8</ele>
      </trkpt>
      <trkpt lat="42.58140066638589" lon="140.79553526826203">
        <ele>109.8</ele>
      </trkpt>
      <trkpt lat="42.58142891339958" lon="140.7955248747021">
        <ele>109.8</ele>
      </trkpt>
      <trkpt lat="42.58160979487002" lon="140.79546444118023">
        <ele>110.0</ele>
      </trkpt>
      <trkpt lat="42.58166519924998" lon="140.7954508624971">
        <ele>109.8</ele>
      </trkpt>
      <trkpt lat="42.58185546845198" lon="140.79538598656654">
        <ele>110.2</ele>
      </trkpt>
      <trkpt lat="42.581934006884694" lon="140.7953657861799">
        <ele>110.8</ele>
      </trkpt>
      <trkpt lat="42.582070883363485" lon="140.7953102979809">
        <ele>111.2</ele>
      </trkpt>
      <trkpt lat="42.58222837932408" lon="140.7952626887709">
        <ele>110.8</ele>
      </trkpt>
      <trkpt lat="42.58238587528467" lon="140.79521734267473">
        <ele>111.0</ele>
      </trkpt>
      <trkpt lat="42.58256793022156" lon="140.79517115838826">
        <ele>111.6</ele>
      </trkpt>
      <trkpt lat="42.58276339620352" lon="140.795117598027">
        <ele>111.6</ele>
      </trkpt>
      <trkpt lat="42.5828090775758" lon="140.79510393552482">
        <ele>111.6</ele>
      </trkpt>
      <trkpt lat="42.582878312096" lon="140.7950766943395">
        <ele>112.0</ele>
      </trkpt>
      <trkpt lat="42.58300052024424" lon="140.79502573236823">
        <ele>112.4</ele>
      </trkpt>
      <trkpt lat="42.58318525739014" lon="140.79494694247842">
        <ele>112.8</ele>
      </trkpt>
      <trkpt lat="42.583228005096316" lon="140.7949236407876">
        <ele>112.8</ele>
      </trkpt>
      <trkpt lat="42.583371168002486" lon="140.79483286477625">
        <ele>112.8</ele>
      </trkpt>
      <trkpt lat="42.58339857682586" lon="140.79481568187475">
        <ele>113.0</ele>
      </trkpt>
      <trkpt lat="42.58356831036508" lon="140.79469623975456">
        <ele>113.4</ele>
      </trkpt>
      <trkpt lat="42.58374508470297" lon="140.79459993168712">
        <ele>113.6</ele>
      </trkpt>
      <trkpt lat="42.58376746438444" lon="140.79458274878561">
        <ele>113.8</ele>
      </trkpt>
      <trkpt lat="42.58379403501749" lon="140.79456036910415">
        <ele>114.0</ele>
      </trkpt>
      <trkpt lat="42.583943819627166" lon="140.79448090866208">
        <ele>114.2</ele>
      </trkpt>
      <trkpt lat="42.58412042632699" lon="140.79435526393354">
        <ele>114.8</ele>
      </trkpt>
      <trkpt lat="42.58416912518442" lon="140.7943265978247">
        <ele>115.0</ele>
      </trkpt>
      <trkpt lat="42.58434707298875" lon="140.7942158728838">
        <ele>115.2</ele>
      </trkpt>
      <trkpt lat="42.584520326927304" lon="140.7941188942641">
        <ele>115.2</ele>
      </trkpt>
      <trkpt lat="42.584542790427804" lon="140.79410791397095">
        <ele>115.2</ele>
      </trkpt>
      <trkpt lat="42.58470866829157" lon="140.7940541021526">
        <ele>116.2</ele>
      </trkpt>
      <trkpt lat="42.58477136492729" lon="140.79403557814658">
        <ele>116.4</ele>
      </trkpt>
      <trkpt lat="42.58479139767587" lon="140.79403976909816">
        <ele>116.4</ele>
      </trkpt>
      <trkpt lat="42.58479810319841" lon="140.79407941550016">
        <ele>116.4</ele>
      </trkpt>
      <trkpt lat="42.58475560694933" lon="140.794113362208">
        <ele>116.4</ele>
      </trkpt>
      <trkpt lat="42.58469634689391" lon="140.7941368315369">
        <ele>115.8</ele>
      </trkpt>
      <trkpt lat="42.58449459448457" lon="140.79423347488046">
        <ele>116.2</ele>
      </trkpt>
      <trkpt lat="42.58443835191429" lon="140.79428728669882">
        <ele>116.2</ele>
      </trkpt>
      <trkpt lat="42.58430575020611" lon="140.79436314292252">
        <ele>115.6</ele>
      </trkpt>
      <trkpt lat="42.58416158147156" lon="140.79444780014455">
        <ele>115.2</ele>
      </trkpt>
      <trkpt lat="42.58400064893067" lon="140.7945623807609">
        <ele>114.4</ele>
      </trkpt>
      <trkpt lat="42.58396603167057" lon="140.79458476044238">
        <ele>114.2</ele>
      </trkpt>
      <trkpt lat="42.583875339478254" lon="140.7946424279362">
        <ele>114.0</ele>
      </trkpt>
      <trkpt lat="42.583748856559396" lon="140.79473923891783">
        <ele>113.8</ele>
      </trkpt>
      <trkpt lat="42.58357157930732" lon="140.79483571462333">
        <ele>113.4</ele>
      </trkpt>
      <trkpt lat="42.583480887115" lon="140.79491131938994">
        <ele>113.4</ele>
      </trkpt>
      <trkpt lat="42.583357421681285" lon="140.79498566687107">
        <ele>113.0</ele>
      </trkpt>
      <trkpt lat="42.583226999267936" lon="140.79506102018058">
        <ele>112.6</ele>
      </trkpt>
      <trkpt lat="42.58305039256811" lon="140.79512489028275">
        <ele>112.4</ele>
      </trkpt>
      <trkpt lat="42.582884933799505" lon="140.79519538208842">
        <ele>111.8</ele>
      </trkpt>
      <trkpt lat="42.58285727351904" lon="140.7952053565532">
        <ele>111.8</ele>
      </trkpt>
      <trkpt lat="42.582665998488665" lon="140.7952770218253">
        <ele>111.2</ele>
      </trkpt>
      <trkpt lat="42.58260858245194" lon="140.79529269598424">
        <ele>111.2</ele>
      </trkpt>
      <trkpt lat="42.58252752944827" lon="140.79530627466738">
        <ele>110.8</ele>
      </trkpt>
      <trkpt lat="42.582455361261964" lon="140.79531230963767">
        <ele>110.2</ele>
      </trkpt>
      <trkpt lat="42.58234279230237" lon="140.7953387964517">
        <ele>110.0</ele>
      </trkpt>
      <trkpt lat="42.58229090832174" lon="140.79534550197423">
        <ele>109.8</ele>
      </trkpt>
      <trkpt lat="42.58226660080254" lon="140.7953496929258">
        <ele>109.4</ele>
      </trkpt>
      <trkpt lat="42.582080187276006" lon="140.79538498073816">
        <ele>108.8</ele>
      </trkpt>
      <trkpt lat="42.58204825222492" lon="140.79538757912815">
        <ele>108.6</ele>
      </trkpt>
      <trkpt lat="42.58198320865631" lon="140.795405684039">
        <ele>108.4</ele>
      </trkpt>
      <trkpt lat="42.581829484552145" lon="140.79545186832547">
        <ele>107.8</ele>
      </trkpt>
      <trkpt lat="42.5816382933408" lon="140.79554121941328">
        <ele>107.4</ele>
      </trkpt>
      <trkpt lat="42.5816004909575" lon="140.7955555524677">
        <ele>107.2</ele>
      </trkpt>
      <trkpt lat="42.58141181431711" lon="140.79560299403965">
        <ele>106.4</ele>
      </trkpt>
      <trkpt lat="42.58137887343764" lon="140.79561724327505">
        <ele>106.4</ele>
      </trkpt>
      <trkpt lat="42.581348698586226" lon="140.79563199542463">
        <ele>106.2</ele>
      </trkpt>
      <trkpt lat="42.58131927810609" lon="140.7956475019455">
        <ele>106.2</ele>
      </trkpt>
      <trkpt lat="42.58113328367472" lon="140.79570131376386">
        <ele>106.2</ele>
      </trkpt>
      <trkpt lat="42.58110227063298" lon="140.79570760019124">
        <ele>106.2</ele>
      </trkpt>
      <trkpt lat="42.58090512827039" lon="140.79574121162295">
        <ele>106.0</ele>
      </trkpt>
      <trkpt lat="42.5808404199779" lon="140.79575671814382">
        <ele>106.0</ele>
      </trkpt>
      <trkpt lat="42.580659287050366" lon="140.79580851830542">
        <ele>105.8</ele>
      </trkpt>
      <trkpt lat="42.58062341250479" lon="140.79581907950342">
        <ele>105.6</ele>
      </trkpt>
      <trkpt lat="42.580429119989276" lon="140.79590113833547">
        <ele>105.4</ele>
      </trkpt>
      <trkpt lat="42.58039576001465" lon="140.79591463319957">
        <ele>105.4</ele>
      </trkpt>
      <trkpt lat="42.58036281913519" lon="140.79592879861593">
        <ele>105.2</ele>
      </trkpt>
      <trkpt lat="42.58016978390515" lon="140.79601890407503">
        <ele>104.6</ele>
      </trkpt>
      <trkpt lat="42.580138854682446" lon="140.79603105783463">
        <ele>104.6</ele>
      </trkpt>
      <trkpt lat="42.580109937116504" lon="140.79603985883296">
        <ele>104.6</ele>
      </trkpt>
      <trkpt lat="42.57993039675057" lon="140.79611755907536">
        <ele>104.6</ele>
      </trkpt>
      <trkpt lat="42.57990256883204" lon="140.79612887464464">
        <ele>104.6</ele>
      </trkpt>
      <trkpt lat="42.579740043729544" lon="140.79619978554547">
        <ele>104.0</ele>
      </trkpt>
      <trkpt lat="42.579632084816694" lon="140.7962503284216">
        <ele>103.8</ele>
      </trkpt>
      <trkpt lat="42.57945690304041" lon="140.79634454101324">
        <ele>103.6</ele>
      </trkpt>
      <trkpt lat="42.57933561690152" lon="140.7964075729251">
        <ele>103.8</ele>
      </trkpt>
      <trkpt lat="42.579166470095515" lon="140.79654143191874">
        <ele>103.2</ele>
      </trkpt>
      <trkpt lat="42.5791119877249" lon="140.79658526927233">
        <ele>103.2</ele>
      </trkpt>
      <trkpt lat="42.57892230525613" lon="140.79672432504594">
        <ele>103.0</ele>
      </trkpt>
      <trkpt lat="42.578802946954966" lon="140.7968198787421">
        <ele>102.8</ele>
      </trkpt>
      <trkpt lat="42.57877293974161" lon="140.7968444377184">
        <ele>102.8</ele>
      </trkpt>
      <trkpt lat="42.578607397153974" lon="140.79700905829668">
        <ele>102.4</ele>
      </trkpt>
      <trkpt lat="42.57845367304981" lon="140.79718734137714">
        <ele>102.4</ele>
      </trkpt>
      <trkpt lat="42.5783955026418" lon="140.79723889008164">
        <ele>102.4</ele>
      </trkpt>
      <trkpt lat="42.57821453735232" lon="140.79740066081285">
        <ele>102.2</ele>
      </trkpt>
      <trkpt lat="42.578132059425116" lon="140.797498812899">
        <ele>102.0</ele>
      </trkpt>
      <trkpt lat="42.57806676439941" lon="140.79756033606827">
        <ele>102.0</ele>
      </trkpt>
      <trkpt lat="42.57801840081811" lon="140.79762102104723">
        <ele>101.8</ele>
      </trkpt>
      <trkpt lat="42.57794313132763" lon="140.79771146178246">
        <ele>102.0</ele>
      </trkpt>
      <trkpt lat="42.57779259234667" lon="140.79787214286625">
        <ele>102.0</ele>
      </trkpt>
      <trkpt lat="42.57769645191729" lon="140.79795017838478">
        <ele>101.4</ele>
      </trkpt>
      <trkpt lat="42.57750970311463" lon="140.79808110371232">
        <ele>101.4</ele>
      </trkpt>
      <trkpt lat="42.57744868285954" lon="140.7981230970472">
        <ele>101.4</ele>
      </trkpt>
      <trkpt lat="42.57727484218776" lon="140.79822284169495">
        <ele>101.4</ele>
      </trkpt>
      <trkpt lat="42.57724843919277" lon="140.79823893494904">
        <ele>101.4</ele>
      </trkpt>
      <trkpt lat="42.57705599069595" lon="140.798286376521">
        <ele>101.2</ele>
      </trkpt>
      <trkpt lat="42.576882150024176" lon="140.79830531962216">
        <ele>101.2</ele>
      </trkpt>
      <trkpt lat="42.57670043036342" lon="140.79829920083284">
        <ele>101.4</ele>
      </trkpt>
      <trkpt lat="42.57667134515941" lon="140.79829341731966">
        <ele>101.6</ele>
      </trkpt>
      <trkpt lat="42.57647252641618" lon="140.7982602249831">
        <ele>101.6</ele>
      </trkpt>
      <trkpt lat="42.576439920812845" lon="140.79825737513602">
        <ele>101.6</ele>
      </trkpt>
      <trkpt lat="42.57625166326761" lon="140.79824027605355">
        <ele>101.4</ele>
      </trkpt>
      <trkpt lat="42.57621721364558" lon="140.79823365435004">
        <ele>101.4</ele>
      </trkpt>
      <trkpt lat="42.57603348232806" lon="140.79818453639746">
        <ele>101.4</ele>
      </trkpt>
      <trkpt lat="42.57596919313073" lon="140.7981561217457">
        <ele>101.6</ele>
      </trkpt>
      <trkpt lat="42.5757706258446" lon="140.79810289666057">
        <ele>101.6</ele>
      </trkpt>
      <trkpt lat="42.575747072696686" lon="140.79809023998678">
        <ele>101.6</ele>
      </trkpt>
      <trkpt lat="42.575628804042935" lon="140.79806031659245">
        <ele>101.6</ele>
      </trkpt>
      <trkpt lat="42.5754373613745" lon="140.7980382721871">
        <ele>101.4</ele>
      </trkpt>
      <trkpt lat="42.57524994201958" lon="140.79801321029663">
        <ele>101.4</ele>
      </trkpt>
      <trkpt lat="42.57504131644964" lon="140.79800323583186">
        <ele>101.4</ele>
      </trkpt>
      <trkpt lat="42.57493763230741" lon="140.79799334518611">
        <ele>101.4</ele>
      </trkpt>
      <trkpt lat="42.57472347468138" lon="140.79800021834671">
        <ele>101.6</ele>
      </trkpt>
      <trkpt lat="42.57451443001628" lon="140.79802787862718">
        <ele>101.6</ele>
      </trkpt>
      <trkpt lat="42.574447793886065" lon="140.79804162494838">
        <ele>101.6</ele>
      </trkpt>
      <trkpt lat="42.574256686493754" lon="140.79806987196207">
        <ele>101.8</ele>
      </trkpt>
      <trkpt lat="42.57423489354551" lon="140.79807171598077">
        <ele>101.8</ele>
      </trkpt>
      <trkpt lat="42.57403791882098" lon="140.79808336682618">
        <ele>101.6</ele>
      </trkpt>
      <trkpt lat="42.57393482141197" lon="140.79810122027993">
        <ele>101.8</ele>
      </trkpt>
      <trkpt lat="42.573743714019656" lon="140.7981552835554">
        <ele>101.4</ele>
      </trkpt>
      <trkpt lat="42.57367255166173" lon="140.7981841173023">
        <ele>101.4</ele>
      </trkpt>
      <trkpt lat="42.5734737329185" lon="140.79824103042483">
        <ele>101.8</ele>
      </trkpt>
      <trkpt lat="42.57340709678829" lon="140.79826139844954">
        <ele>101.6</ele>
      </trkpt>
      <trkpt lat="42.57322411984205" lon="140.79830758273602">
        <ele>101.8</ele>
      </trkpt>
      <trkpt lat="42.57315983064473" lon="140.79832216724753">
        <ele>101.8</ele>
      </trkpt>
      <trkpt lat="42.57300736382604" lon="140.79837631434202">
        <ele>101.8</ele>
      </trkpt>
      <trkpt lat="42.572831427678466" lon="140.7984069082886">
        <ele>101.8</ele>
      </trkpt>
      <trkpt lat="42.572644762694836" lon="140.79845258966088">
        <ele>101.6</ele>
      </trkpt>
      <trkpt lat="42.5725912861526" lon="140.798463486135">
        <ele>101.4</ele>
      </trkpt>
      <trkpt lat="42.57238877937198" lon="140.79849005676806">
        <ele>101.4</ele>
      </trkpt>
      <trkpt lat="42.57235374301672" lon="140.79849801957607">
        <ele>101.4</ele>
      </trkpt>
      <trkpt lat="42.57215492427349" lon="140.79853867180645">
        <ele>101.6</ele>
      </trkpt>
      <trkpt lat="42.57205761037767" lon="140.7985488139093">
        <ele>101.8</ele>
      </trkpt>
      <trkpt lat="42.57187496870756" lon="140.7985836826265">
        <ele>102.0</ele>
      </trkpt>
      <trkpt lat="42.571847224608064" lon="140.79859516583383">
        <ele>102.0</ele>
      </trkpt>
      <trkpt lat="42.571662571281195" lon="140.79870169982314">
        <ele>102.8</ele>
      </trkpt>
      <trkpt lat="42.57160808891058" lon="140.79873874783516">
        <ele>102.6</ele>
      </trkpt>
      <trkpt lat="42.57143936119974" lon="140.79887688159943">
        <ele>103.0</ele>
      </trkpt>
      <trkpt lat="42.571366941556334" lon="140.79894469119608">
        <ele>103.2</ele>
      </trkpt>
      <trkpt lat="42.57124590687454" lon="140.79906756989658">
        <ele>103.8</ele>
      </trkpt>
      <trkpt lat="42.571223275735974" lon="140.79909715801477">
        <ele>104.0</ele>
      </trkpt>
      <trkpt lat="42.57115404121578" lon="140.79918382689357">
        <ele>104.2</ele>
      </trkpt>
      <trkpt lat="42.57101649418473" lon="140.79936169087887">
        <ele>104.8</ele>
      </trkpt>
      <trkpt lat="42.57099478505552" lon="140.79939421266317">
        <ele>105.2</ele>
      </trkpt>
      <trkpt lat="42.570974584668875" lon="140.7994259800762">
        <ele>105.2</ele>
      </trkpt>
      <trkpt lat="42.57085153833032" lon="140.7996253017336">
        <ele>105.4</ele>
      </trkpt>
      <trkpt lat="42.57072530686855" lon="140.7998337596655">
        <ele>105.8</ele>
      </trkpt>
      <trkpt lat="42.57068214006722" lon="140.79989938996732">
        <ele>106.2</ele>
      </trkpt>
      <trkpt lat="42.57056060247123" lon="140.8000961970538">
        <ele>106.4</ele>
      </trkpt>
      <trkpt lat="42.57044870406389" lon="140.80024757422507">
        <ele>107.2</ele>
      </trkpt>
      <trkpt lat="42.57039237767458" lon="140.80033784732223">
        <ele>107.2</ele>
      </trkpt>
      <trkpt lat="42.57029288448393" lon="140.80048453062773">
        <ele>108.0</ele>
      </trkpt>
      <trkpt lat="42.57018911652267" lon="140.80063716508448">
        <ele>108.2</ele>
      </trkpt>
      <trkpt lat="42.57012641988695" lon="140.8007633127272">
        <ele>108.2</ele>
      </trkpt>
      <trkpt lat="42.570068668574095" lon="140.80095827579498">
        <ele>108.6</ele>
      </trkpt>
      <trkpt lat="42.57005576044321" lon="140.8010730240494">
        <ele>108.8</ele>
      </trkpt>
      <trkpt lat="42.57002097554505" lon="140.80126161687076">
        <ele>109.6</ele>
      </trkpt>
      <trkpt lat="42.57001770660281" lon="140.80139564350247">
        <ele>109.8</ele>
      </trkpt>
      <trkpt lat="42.57001569494605" lon="140.80165849998593">
        <ele>110.0</ele>
      </trkpt>
      <trkpt lat="42.570019802078605" lon="140.80173309892416">
        <ele>110.0</ele>
      </trkpt>
      <trkpt lat="42.570066656917334" lon="140.80197231844068">
        <ele>110.0</ele>
      </trkpt>
      <trkpt lat="42.57008652202785" lon="140.80204943194985">
        <ele>110.4</ele>
      </trkpt>
      <trkpt lat="42.570105884224176" lon="140.80230834893882">
        <ele>110.2</ele>
      </trkpt>
      <trkpt lat="42.57012214511633" lon="140.80234908498824">
        <ele>110.2</ele>
      </trkpt>
      <trkpt lat="42.570147877559066" lon="140.8026344049722">
        <ele>109.8</ele>
      </trkpt>
      <trkpt lat="42.57018425501883" lon="140.80288485623896">
        <ele>109.8</ele>
      </trkpt>
      <trkpt lat="42.5701892003417" lon="140.80292022787035">
        <ele>109.8</ele>
      </trkpt>
      <trkpt lat="42.57019733078778" lon="140.80295979045331">
        <ele>109.8</ele>
      </trkpt>
      <trkpt lat="42.57022960111499" lon="140.80323505215347">
        <ele>108.6</ele>
      </trkpt>
      <trkpt lat="42.57023295387626" lon="140.80328442156315">
        <ele>108.6</ele>
      </trkpt>
      <trkpt lat="42.57023613899946" lon="140.80333647318184">
        <ele>108.4</ele>
      </trkpt>
      <trkpt lat="42.57024485617876" lon="140.80357401631773">
        <ele>108.4</ele>
      </trkpt>
      <trkpt lat="42.57020361721516" lon="140.80381080508232">
        <ele>107.4</ele>
      </trkpt>
      <trkpt lat="42.570187356323004" lon="140.80386185087264">
        <ele>107.4</ele>
      </trkpt>
      <trkpt lat="42.570155588909984" lon="140.80396117642522">
        <ele>107.2</ele>
      </trkpt>
      <trkpt lat="42.570060873404145" lon="140.80419385805726">
        <ele>106.4</ele>
      </trkpt>
      <trkpt lat="42.570038409903646" lon="140.8042367734015">
        <ele>106.2</ele>
      </trkpt>
      <trkpt lat="42.56999013014138" lon="140.80432008951902">
        <ele>106.0</ele>
      </trkpt>
      <trkpt lat="42.56984772160649" lon="140.80450298264623">
        <ele>106.0</ele>
      </trkpt>
      <trkpt lat="42.56976071745157" lon="140.80459878779948">
        <ele>105.8</ele>
      </trkpt>
      <trkpt lat="42.56964286789298" lon="140.80469484440982">
        <ele>105.2</ele>
      </trkpt>
      <trkpt lat="42.56957304663956" lon="140.80472636036575">
        <ele>105.0</ele>
      </trkpt>
      <trkpt lat="42.569399289786816" lon="140.80481093376875">
        <ele>104.8</ele>
      </trkpt>
      <trkpt lat="42.56929342634976" lon="140.80486030317843">
        <ele>104.4</ele>
      </trkpt>
      <trkpt lat="42.56910885684192" lon="140.80494789406657">
        <ele>104.0</ele>
      </trkpt>
      <trkpt lat="42.568940967321396" lon="140.80504051409662">
        <ele>103.6</ele>
      </trkpt>
      <trkpt lat="42.56875924766064" lon="140.80513657070696">
        <ele>103.6</ele>
      </trkpt>
      <trkpt lat="42.56873100064695" lon="140.8051543403417">
        <ele>103.4</ele>
      </trkpt>
      <trkpt lat="42.568541234359145" lon="140.805250313133">
        <ele>103.2</ele>
      </trkpt>
      <trkpt lat="42.56847443059087" lon="140.80528744496405">
        <ele>103.2</ele>
      </trkpt>
      <trkpt lat="42.56830603815615" lon="140.80535005778074">
        <ele>103.2</ele>
      </trkpt>
      <trkpt lat="42.56812616251409" lon="140.80544309690595">
        <ele>103.2</ele>
      </trkpt>
      <trkpt lat="42.568059861660004" lon="140.80548115074635">
        <ele>103.2</ele>
      </trkpt>
      <trkpt lat="42.56797059439123" lon="140.80554007552564">
        <ele>103.0</ele>
      </trkpt>
      <trkpt lat="42.567877219989896" lon="140.805625570938">
        <ele>103.0</ele>
      </trkpt>
      <trkpt lat="42.56772642955184" lon="140.80576554872096">
        <ele>102.6</ele>
      </trkpt>
      <trkpt lat="42.56759215146303" lon="140.80589027144015">
        <ele>102.6</ele>
      </trkpt>
      <trkpt lat="42.56744362413883" lon="140.80603729002178">
        <ele>102.4</ele>
      </trkpt>
      <trkpt lat="42.56737656891346" lon="140.806101327762">
        <ele>102.4</ele>
      </trkpt>
      <trkpt lat="42.56733692251146" lon="140.80612781457603">
        <ele>102.6</ele>
      </trkpt>
      <trkpt lat="42.56718303076923" lon="140.80632009543478">
        <ele>102.8</ele>
      </trkpt>
      <trkpt lat="42.567135002464056" lon="140.80639427527785">
        <ele>103.0</ele>
      </trkpt>
      <trkpt lat="42.56698337383568" lon="140.8065474126488">
        <ele>102.8</ele>
      </trkpt>
      <trkpt lat="42.56685873493552" lon="140.80668571405113">
        <ele>103.0</ele>
      </trkpt>
      <trkpt lat="42.56673702970147" lon="140.80686919391155">
        <ele>102.8</ele>
      </trkpt>
      <trkpt lat="42.56662521511316" lon="140.80705736763775">
        <ele>102.6</ele>
      </trkpt>
      <trkpt lat="42.56649546325207" lon="140.80727479420602">
        <ele>102.4</ele>
      </trkpt>
      <trkpt lat="42.56643896922469" lon="140.8073841780424">
        <ele>102.4</ele>
      </trkpt>
      <trkpt lat="42.56631902419031" lon="140.8076148480177">
        <ele>102.6</ele>
      </trkpt>
      <trkpt lat="42.5662555731833" lon="140.80771191045642">
        <ele>102.4</ele>
      </trkpt>
      <trkpt lat="42.566135711967945" lon="140.8079423289746">
        <ele>102.2</ele>
      </trkpt>
      <trkpt lat="42.566068237647414" lon="140.80806696787477">
        <ele>102.4</ele>
      </trkpt>
      <trkpt lat="42.56595357321203" lon="140.80828472971916">
        <ele>102.4</ele>
      </trkpt>
      <trkpt lat="42.56590973585844" lon="140.8083585742861">
        <ele>102.4</ele>
      </trkpt>
      <trkpt lat="42.56579197011888" lon="140.80858815461397">
        <ele>102.4</ele>
      </trkpt>
      <trkpt lat="42.565724244341254" lon="140.80868605524302">
        <ele>102.0</ele>
      </trkpt>
      <trkpt lat="42.56570546887815" lon="140.80871623009443">
        <ele>101.8</ele>
      </trkpt>
      <trkpt lat="42.56559507921338" lon="140.80892644822598">
        <ele>102.0</ele>
      </trkpt>
      <trkpt lat="42.56555928848684" lon="140.80899585038424">
        <ele>102.0</ele>
      </trkpt>
      <trkpt lat="42.56543884053826" lon="140.80921436659992">
        <ele>102.0</ele>
      </trkpt>
      <trkpt lat="42.56537270732224" lon="140.80932836048305">
        <ele>102.0</ele>
      </trkpt>
      <trkpt lat="42.56526533514261" lon="140.8095486368984">
        <ele>101.8</ele>
      </trkpt>
      <trkpt lat="42.56521043367684" lon="140.80966765992343">
        <ele>101.6</ele>
      </trkpt>
      <trkpt lat="42.56519232876599" lon="140.80970847979188">
        <ele>101.8</ele>
      </trkpt>
      <trkpt lat="42.56508017890155" lon="140.80994593910873">
        <ele>101.8</ele>
      </trkpt>
      <trkpt lat="42.5650361739099" lon="140.81001752056181">
        <ele>101.8</ele>
      </trkpt>
      <trkpt lat="42.56492134183645" lon="140.8102389704436">
        <ele>101.8</ele>
      </trkpt>
      <trkpt lat="42.5648585613817" lon="140.81035053357482">
        <ele>102.0</ele>
      </trkpt>
      <trkpt lat="42.564739203080535" lon="140.8105669543147">
        <ele>102.2</ele>
      </trkpt>
      <trkpt lat="42.56473199464381" lon="140.81060634925961">
        <ele>102.2</ele>
      </trkpt>
      <trkpt lat="42.56473551504314" lon="140.8106454089284">
        <ele>102.2</ele>
      </trkpt>
      <trkpt lat="42.56476426497102" lon="140.81071791239083">
        <ele>102.4</ele>
      </trkpt>
      <trkpt lat="42.564853113144636" lon="140.81090700812638">
        <ele>102.4</ele>
      </trkpt>
      <trkpt lat="42.56490910425782" lon="140.81117355264723">
        <ele>102.0</ele>
      </trkpt>
      <trkpt lat="42.56491446867585" lon="140.81121780909598">
        <ele>102.0</ele>
      </trkpt>
      <trkpt lat="42.564957635477185" lon="140.81149382516742">
        <ele>101.2</ele>
      </trkpt>
      <trkpt lat="42.56497708149254" lon="140.81158133223653">
        <ele>101.0</ele>
      </trkpt>
      <trkpt lat="42.56498772650957" lon="140.8116224873811">
        <ele>100.8</ele>
      </trkpt>
      <trkpt lat="42.56501513533294" lon="140.8118420932442">
        <ele>100.4</ele>
      </trkpt>
      <trkpt lat="42.56503835320473" lon="140.8121182769537">
        <ele>100.4</ele>
      </trkpt>
      <trkpt lat="42.56504681892693" lon="140.81224928610027">
        <ele>100.4</ele>
      </trkpt>
      <trkpt lat="42.56506836041808" lon="140.81252429634333">
        <ele>100.4</ele>
      </trkpt>
      <trkpt lat="42.56507615558803" lon="140.81256981007755">
        <ele>100.4</ele>
      </trkpt>
      <trkpt lat="42.565090488642454" lon="140.81283149309456">
        <ele>100.6</ele>
      </trkpt>
      <trkpt lat="42.56508973427117" lon="140.81287750974298">
        <ele>100.8</ele>
      </trkpt>
      <trkpt lat="42.56510255858302" lon="140.8131384383887">
        <ele>100.8</ele>
      </trkpt>
      <trkpt lat="42.56510892882943" lon="140.81318210810423">
        <ele>100.8</ele>
      </trkpt>
      <trkpt lat="42.565126279369" lon="140.8134508319199">
        <ele>101.4</ele>
      </trkpt>
      <trkpt lat="42.5651521794498" lon="140.81369407474995">
        <ele>101.4</ele>
      </trkpt>
      <trkpt lat="42.56515469402075" lon="140.81378770060837">
        <ele>101.8</ele>
      </trkpt>
      <trkpt lat="42.565156538039446" lon="140.81405432894826">
        <ele>102.0</ele>
      </trkpt>
      <trkpt lat="42.565167183056474" lon="140.8141701668501">
        <ele>102.0</ele>
      </trkpt>
      <trkpt lat="42.565196100622416" lon="140.81442506052554">
        <ele>102.2</ele>
      </trkpt>
      <trkpt lat="42.56521780975163" lon="140.81467978656292">
        <ele>102.4</ele>
      </trkpt>
      <trkpt lat="42.565226862207055" lon="140.81472421064973">
        <ele>102.4</ele>
      </trkpt>
      <trkpt lat="42.56523641757667" lon="140.81500198692083">
        <ele>102.4</ele>
      </trkpt>
      <trkpt lat="42.56523851305246" lon="140.81504641100764">
        <ele>102.4</ele>
      </trkpt>
      <trkpt lat="42.56525795906782" lon="140.81522553227842">
        <ele>103.0</ele>
      </trkpt>
      <trkpt lat="42.56526458077133" lon="140.81531831994653">
        <ele>103.4</ele>
      </trkpt>
      <trkpt lat="42.565276734530926" lon="140.8155815117061">
        <ele>103.8</ele>
      </trkpt>
      <trkpt lat="42.565279668197036" lon="140.81566256470978">
        <ele>103.8</ele>
      </trkpt>
      <trkpt lat="42.56528025493026" lon="140.8157046418637">
        <ele>104.0</ele>
      </trkpt>
      <trkpt lat="42.5653041433543" lon="140.81596657633781">
        <ele>104.2</ele>
      </trkpt>
      <trkpt lat="42.565320655703545" lon="140.8162567578256">
        <ele>104.2</ele>
      </trkpt>
      <trkpt lat="42.565327528864145" lon="140.81640243530273">
        <ele>104.4</ele>
      </trkpt>
      <trkpt lat="42.56534638814628" lon="140.81667794845998">
        <ele>104.0</ele>
      </trkpt>
      <trkpt lat="42.565350998193026" lon="140.81677383743227">
        <ele>104.0</ele>
      </trkpt>
      <trkpt lat="42.565361224114895" lon="140.81704147160053">
        <ele>104.6</ele>
      </trkpt>
      <trkpt lat="42.565360721200705" lon="140.81713342107832">
        <ele>104.4</ele>
      </trkpt>
      <trkpt lat="42.565380753949285" lon="140.8173899911344">
        <ele>104.4</ele>
      </trkpt>
      <trkpt lat="42.56538385525346" lon="140.81743416376412">
        <ele>104.4</ele>
      </trkpt>
      <trkpt lat="42.56541998125613" lon="140.817676987499">
        <ele>104.6</ele>
      </trkpt>
      <trkpt lat="42.565429117530584" lon="140.8179478906095">
        <ele>104.8</ele>
      </trkpt>
      <trkpt lat="42.565423334017396" lon="140.81808996386826">
        <ele>104.8</ele>
      </trkpt>
      <trkpt lat="42.56542542949319" lon="140.81814117729664">
        <ele>105.0</ele>
      </trkpt>
      <trkpt lat="42.56543917581439" lon="140.81839204765856">
        <ele>105.0</ele>
      </trkpt>
      <trkpt lat="42.565438421443105" lon="140.81843923777342">
        <ele>105.0</ele>
      </trkpt>
      <trkpt lat="42.565431632101536" lon="140.81868407316506">
        <ele>104.8</ele>
      </trkpt>
      <trkpt lat="42.565431548282504" lon="140.8187320176512">
        <ele>104.8</ele>
      </trkpt>
      <trkpt lat="42.56542098708451" lon="140.81901524215937">
        <ele>104.8</ele>
      </trkpt>
      <trkpt lat="42.56542593240738" lon="140.81910928711295">
        <ele>104.6</ele>
      </trkpt>
      <trkpt lat="42.56544655188918" lon="140.8193937689066">
        <ele>104.8</ele>
      </trkpt>
      <trkpt lat="42.56544345058501" lon="140.81967481411994">
        <ele>104.8</ele>
      </trkpt>
      <trkpt lat="42.56544009782374" lon="140.81977078691125">
        <ele>105.0</ele>
      </trkpt>
      <trkpt lat="42.56541905924678" lon="140.82001939415932">
        <ele>105.0</ele>
      </trkpt>
      <trkpt lat="42.56541386246681" lon="140.82006918266416">
        <ele>105.0</ele>
      </trkpt>
      <trkpt lat="42.565424926579" lon="140.82033639773726">
        <ele>105.0</ele>
      </trkpt>
      <trkpt lat="42.56542358547449" lon="140.8203835040331">
        <ele>104.8</ele>
      </trkpt>
      <trkpt lat="42.565423250198364" lon="140.82064786925912">
        <ele>105.0</ele>
      </trkpt>
      <trkpt lat="42.565425680950284" lon="140.82069288007915">
        <ele>105.0</ele>
      </trkpt>
      <trkpt lat="42.56544420495629" lon="140.8209520485252">
        <ele>105.0</ele>
      </trkpt>
      <trkpt lat="42.56544697098434" lon="140.82105145789683">
        <ele>105.0</ele>
      </trkpt>
      <trkpt lat="42.565455017611384" lon="140.82133426330984">
        <ele>104.6</ele>
      </trkpt>
      <trkpt lat="42.56545493379235" lon="140.82137994468212">
        <ele>104.6</ele>
      </trkpt>
      <trkpt lat="42.565463399514556" lon="140.82160114310682">
        <ele>104.8</ele>
      </trkpt>
      <trkpt lat="42.56546474061906" lon="140.82169217057526">
        <ele>104.6</ele>
      </trkpt>
      <trkpt lat="42.56548494100571" lon="140.82196357659996">
        <ele>104.8</ele>
      </trkpt>
      <trkpt lat="42.56547194905579" lon="140.82220681943">
        <ele>105.2</ele>
      </trkpt>
      <trkpt lat="42.565461387857795" lon="140.82239893265069">
        <ele>105.4</ele>
      </trkpt>
      <trkpt lat="42.56547077558935" lon="140.82252365536988">
        <ele>105.4</ele>
      </trkpt>
      <trkpt lat="42.56548611447215" lon="140.82276245579123">
        <ele>105.4</ele>
      </trkpt>
      <trkpt lat="42.56546767428517" lon="140.8230491168797">
        <ele>105.6</ele>
      </trkpt>
      <trkpt lat="42.565461387857795" lon="140.82309806719422">
        <ele>105.4</ele>
      </trkpt>
      <trkpt lat="42.56543490104377" lon="140.8233450818807">
        <ele>105.4</ele>
      </trkpt>
      <trkpt lat="42.56543439812958" lon="140.823396127671">
        <ele>105.6</ele>
      </trkpt>
      <trkpt lat="42.56543079391122" lon="140.8236741553992">
        <ele>105.4</ele>
      </trkpt>
      <trkpt lat="42.56543775089085" lon="140.82380860112607">
        <ele>105.4</ele>
      </trkpt>
      <trkpt lat="42.565456442534924" lon="140.82407497800887">
        <ele>105.4</ele>
      </trkpt>
      <trkpt lat="42.565459292382" lon="140.824165167287">
        <ele>105.4</ele>
      </trkpt>
      <trkpt lat="42.56548066623509" lon="140.82443414255977">
        <ele>105.6</ele>
      </trkpt>
      <trkpt lat="42.565485779196024" lon="140.82447630353272">
        <ele>105.8</ele>
      </trkpt>
      <trkpt lat="42.56547479890287" lon="140.82469951361418">
        <ele>105.8</ele>
      </trkpt>
      <trkpt lat="42.565489215776324" lon="140.82488207146525">
        <ele>106.0</ele>
      </trkpt>
      <trkpt lat="42.56550665013492" lon="140.82497024908662">
        <ele>106.2</ele>
      </trkpt>
      <trkpt lat="42.565607568249106" lon="140.8251131605357">
        <ele>106.0</ele>
      </trkpt>
      <trkpt lat="42.56569918245077" lon="140.8251752704382">
        <ele>104.8</ele>
      </trkpt>
      <trkpt lat="42.565793227404356" lon="140.82526185549796">
        <ele>104.0</ele>
      </trkpt>
      <trkpt lat="42.56581066176295" lon="140.82530150189996">
        <ele>103.6</ele>
      </trkpt>
      <trkpt lat="42.56581309251487" lon="140.82544743083417">
        <ele>103.2</ele>
      </trkpt>
      <trkpt lat="42.565762884914875" lon="140.82573333755136">
        <ele>103.0</ele>
      </trkpt>
      <trkpt lat="42.56574930623174" lon="140.82578614354134">
        <ele>103.0</ele>
      </trkpt>
      <trkpt lat="42.56564646027982" lon="140.82600818015635">
        <ele>103.0</ele>
      </trkpt>
      <trkpt lat="42.56557890214026" lon="140.8261338248849">
        <ele>103.2</ele>
      </trkpt>
      <trkpt lat="42.56553531624377" lon="140.8263934124261">
        <ele>103.0</ele>
      </trkpt>
      <trkpt lat="42.565554175525904" lon="140.8264982700348">
        <ele>102.6</ele>
      </trkpt>
      <trkpt lat="42.565554762259126" lon="140.82654872909188">
        <ele>102.6</ele>
      </trkpt>
      <trkpt lat="42.56548603065312" lon="140.82678861916065">
        <ele>101.8</ele>
      </trkpt>
      <trkpt lat="42.5654611364007" lon="140.82683203741908">
        <ele>101.8</ele>
      </trkpt>
      <trkpt lat="42.56541905924678" lon="140.82691283896565">
        <ele>101.4</ele>
      </trkpt>
      <trkpt lat="42.56538016721606" lon="140.82697595469654">
        <ele>101.4</ele>
      </trkpt>
      <trkpt lat="42.565310932695866" lon="140.82712188363075">
        <ele>100.4</ele>
      </trkpt>
      <trkpt lat="42.565156538039446" lon="140.82730125635862">
        <ele>100.0</ele>
      </trkpt>
      <trkpt lat="42.565031144768" lon="140.82748892717063">
        <ele>100.2</ele>
      </trkpt>
      <trkpt lat="42.56495989859104" lon="140.8276632707566">
        <ele>100.0</ele>
      </trkpt>
      <trkpt lat="42.564914133399725" lon="140.82791950553656">
        <ele>99.8</ele>
      </trkpt>
      <trkpt lat="42.56491404958069" lon="140.82801782526076">
        <ele>99.6</ele>
      </trkpt>
      <trkpt lat="42.56492704153061" lon="140.8282491657883">
        <ele>99.8</ele>
      </trkpt>
      <trkpt lat="42.564923856407404" lon="140.82852451130748">
        <ele>100.0</ele>
      </trkpt>
      <trkpt lat="42.56492511369288" lon="140.82871603779495">
        <ele>100.2</ele>
      </trkpt>
      <trkpt lat="42.5649328250438" lon="140.82898484542966">
        <ele>100.2</ele>
      </trkpt>
      <trkpt lat="42.56493844091892" lon="140.82907000556588">
        <ele>100.2</ele>
      </trkpt>
      <trkpt lat="42.56494875065982" lon="140.82934577018023">
        <ele>100.4</ele>
      </trkpt>
      <trkpt lat="42.56495092995465" lon="140.82961097359657">
        <ele>100.4</ele>
      </trkpt>
      <trkpt lat="42.56495411507785" lon="140.82965740934014">
        <ele>100.4</ele>
      </trkpt>
      <trkpt lat="42.564962496981025" lon="140.8299356047064">
        <ele>100.6</ele>
      </trkpt>
      <trkpt lat="42.56496484391391" lon="140.82999042235315">
        <ele>100.6</ele>
      </trkpt>
      <trkpt lat="42.56497850641608" lon="140.83025227300823">
        <ele>100.6</ele>
      </trkpt>
      <trkpt lat="42.56498018279672" lon="140.83029778674245">
        <ele>100.6</ele>
      </trkpt>
      <trkpt lat="42.565003568306565" lon="140.8304784167558">
        <ele>100.8</ele>
      </trkpt>
      <trkpt lat="42.56501060910523" lon="140.83070556633174">
        <ele>101.2</ele>
      </trkpt>
      <trkpt lat="42.56502192467451" lon="140.83088485524058">
        <ele>101.4</ele>
      </trkpt>
      <trkpt lat="42.56502469070256" lon="140.83106657490134">
        <ele>101.6</ele>
      </trkpt>
      <trkpt lat="42.56505427882075" lon="140.83133345469832">
        <ele>102.4</ele>
      </trkpt>
      <trkpt lat="42.565067103132606" lon="140.83146890625358">
        <ele>102.6</ele>
      </trkpt>
      <trkpt lat="42.56509727798402" lon="140.83164148963988">
        <ele>102.8</ele>
      </trkpt>
      <trkpt lat="42.56515335291624" lon="140.8318976406008">
        <ele>103.4</ele>
      </trkpt>
      <trkpt lat="42.56516005843878" lon="140.83193996921182">
        <ele>103.4</ele>
      </trkpt>
      <trkpt lat="42.5651847012341" lon="140.83211422897875">
        <ele>103.8</ele>
      </trkpt>
      <trkpt lat="42.56520523689687" lon="140.8322927635163">
        <ele>104.4</ele>
      </trkpt>
      <trkpt lat="42.56525351665914" lon="140.83255511708558">
        <ele>104.4</ele>
      </trkpt>
      <trkpt lat="42.56530179642141" lon="140.83282090723515">
        <ele>104.6</ele>
      </trkpt>
      <trkpt lat="42.565315794199705" lon="140.83295040763915">
        <ele>104.8</ele>
      </trkpt>
      <trkpt lat="42.56533247418702" lon="140.83312215283513">
        <ele>105.0</ele>
      </trkpt>
      <trkpt lat="42.56536742672324" lon="140.83334678784013">
        <ele>105.2</ele>
      </trkpt>
      <trkpt lat="42.56535653024912" lon="140.83362070843577">
        <ele>105.8</ele>
      </trkpt>
      <trkpt lat="42.56535468623042" lon="140.83366588689387">
        <ele>105.8</ele>
      </trkpt>
      <trkpt lat="42.56528972648084" lon="140.8339077886194">
        <ele>105.8</ele>
      </trkpt>
      <trkpt lat="42.56525804288685" lon="140.8340489398688">
        <ele>106.0</ele>
      </trkpt>
      <trkpt lat="42.565235160291195" lon="140.83423610776663">
        <ele>106.0</ele>
      </trkpt>
      <trkpt lat="42.56518805399537" lon="140.83450675942004">
        <ele>106.2</ele>
      </trkpt>
      <trkpt lat="42.565133068710566" lon="140.83478344604373">
        <ele>106.4</ele>
      </trkpt>
      <trkpt lat="42.565126195549965" lon="140.83486299030483">
        <ele>106.4</ele>
      </trkpt>
      <trkpt lat="42.565074898302555" lon="140.83514797501266">
        <ele>106.8</ele>
      </trkpt>
      <trkpt lat="42.56506928242743" lon="140.83523355424404">
        <ele>106.8</ele>
      </trkpt>
      <trkpt lat="42.565020667389035" lon="140.83551049232483">
        <ele>106.6</ele>
      </trkpt>
      <trkpt lat="42.56501563824713" lon="140.83555634133518">
        <ele>106.4</ele>
      </trkpt>
      <trkpt lat="42.564970795065165" lon="140.83583721891046">
        <ele>106.0</ele>
      </trkpt>
      <trkpt lat="42.56495453417301" lon="140.83597912453115">
        <ele>105.4</ele>
      </trkpt>
      <trkpt lat="42.56492796353996" lon="140.83626804873347">
        <ele>104.8</ele>
      </trkpt>
      <trkpt lat="42.564906924963" lon="140.83640802651644">
        <ele>104.2</ele>
      </trkpt>
      <trkpt lat="42.56487691774964" lon="140.83660148084164">
        <ele>103.8</ele>
      </trkpt>
      <trkpt lat="42.56484339013696" lon="140.83674548193812">
        <ele>103.4</ele>
      </trkpt>
      <trkpt lat="42.56479871459305" lon="140.83698252215981">
        <ele>103.2</ele>
      </trkpt>
      <trkpt lat="42.56476778537035" lon="140.83711654879153">
        <ele>102.8</ele>
      </trkpt>
      <trkpt lat="42.564757727086544" lon="140.837165331468">
        <ele>102.4</ele>
      </trkpt>
      <trkpt lat="42.56472051143646" lon="140.8374050538987">
        <ele>102.0</ele>
      </trkpt>
      <trkpt lat="42.56470760330558" lon="140.8374978415668">
        <ele>102.0</ele>
      </trkpt>
      <trkpt lat="42.56467977538705" lon="140.83767813630402">
        <ele>101.4</ele>
      </trkpt>
      <trkpt lat="42.56465940736234" lon="140.83781719207764">
        <ele>101.0</ele>
      </trkpt>
      <trkpt lat="42.56461867131293" lon="140.83809287287295">
        <ele>100.4</ele>
      </trkpt>
      <trkpt lat="42.5646130554378" lon="140.83814048208296">
        <ele>100.4</ele>
      </trkpt>
      <trkpt lat="42.56455019116402" lon="140.838418090716">
        <ele>100.2</ele>
      </trkpt>
      <trkpt lat="42.56453242152929" lon="140.83850802853703">
        <ele>100.0</ele>
      </trkpt>
      <trkpt lat="42.56447953172028" lon="140.8387770038098">
        <ele>99.6</ele>
      </trkpt>
      <trkpt lat="42.564462181180716" lon="140.83891287446022">
        <ele>99.6</ele>
      </trkpt>
      <trkpt lat="42.56441876292229" lon="140.83918930962682">
        <ele>99.6</ele>
      </trkpt>
      <trkpt lat="42.56439344957471" lon="140.83932585082948">
        <ele>99.6</ele>
      </trkpt>
      <trkpt lat="42.56435011513531" lon="140.83954931236804">
        <ele>99.2</ele>
      </trkpt>
      <trkpt lat="42.564320024102926" lon="140.8397617097944">
        <ele>98.8</ele>
      </trkpt>
      <trkpt lat="42.56427878513932" lon="140.84002037532628">
        <ele>98.6</ele>
      </trkpt>
      <trkpt lat="42.56426637992263" lon="140.8401057869196">
        <ele>98.8</ele>
      </trkpt>
      <trkpt lat="42.5642419885844" lon="140.84035682491958">
        <ele>99.2</ele>
      </trkpt>
      <trkpt lat="42.56423184648156" lon="140.84044315852225">
        <ele>99.2</ele>
      </trkpt>
      <trkpt lat="42.5642020907253" lon="140.84069654345512">
        <ele>100.0</ele>
      </trkpt>
      <trkpt lat="42.56420200690627" lon="140.84074130281806">
        <ele>100.2</ele>
      </trkpt>
      <trkpt lat="42.56417568773031" lon="140.841005416587">
        <ele>100.8</ele>
      </trkpt>
      <trkpt lat="42.5641693174839" lon="140.84104833193123">
        <ele>101.0</ele>
      </trkpt>
      <trkpt lat="42.564158253371716" lon="140.84117582067847">
        <ele>101.2</ele>
      </trkpt>
      <trkpt lat="42.564145512878895" lon="140.84131554700434">
        <ele>101.4</ele>
      </trkpt>
      <trkpt lat="42.56411240436137" lon="140.8415847737342">
        <ele>101.6</ele>
      </trkpt>
      <trkpt lat="42.5641037710011" lon="140.84163003601134">
        <ele>101.6</ele>
      </trkpt>
      <trkpt lat="42.56406655535102" lon="140.84190127439797">
        <ele>100.8</ele>
      </trkpt>
      <trkpt lat="42.56404216401279" lon="140.84204343147576">
        <ele>100.4</ele>
      </trkpt>
      <trkpt lat="42.5640276633203" lon="140.84213957190514">
        <ele>100.2</ele>
      </trkpt>
      <trkpt lat="42.56398692727089" lon="140.84241332486272">
        <ele>99.8</ele>
      </trkpt>
      <trkpt lat="42.56396437995136" lon="140.84254810586572">
        <ele>99.2</ele>
      </trkpt>
      <trkpt lat="42.56391115486622" lon="140.8428268879652">
        <ele>99.2</ele>
      </trkpt>
      <trkpt lat="42.56387636996806" lon="140.84309628233314">
        <ele>99.6</ele>
      </trkpt>
      <trkpt lat="42.56385013461113" lon="140.84331932477653">
        <ele>100.0</ele>
      </trkpt>
      <trkpt lat="42.563831275328994" lon="140.84340708330274">
        <ele>100.2</ele>
      </trkpt>
      <trkpt lat="42.5637654773891" lon="140.84367848932743">
        <ele>100.4</ele>
      </trkpt>
      <trkpt lat="42.56375600583851" lon="140.84372366778553">
        <ele>100.6</ele>
      </trkpt>
      <trkpt lat="42.56372113712132" lon="140.84399783983827">
        <ele>100.2</ele>
      </trkpt>
      <trkpt lat="42.56371476687491" lon="140.84404142573476">
        <ele>100.2</ele>
      </trkpt>
      <trkpt lat="42.56366556510329" lon="140.8443098142743">
        <ele>100.4</ele>
      </trkpt>
      <trkpt lat="42.563628600910306" lon="140.84443839266896">
        <ele>100.4</ele>
      </trkpt>
      <trkpt lat="42.56353489123285" lon="140.8446983154863">
        <ele>100.6</ele>
      </trkpt>
      <trkpt lat="42.563499603420496" lon="140.84478171542287">
        <ele>100.6</ele>
      </trkpt>
      <trkpt lat="42.56341192871332" lon="140.84497399628162">
        <ele>100.2</ele>
      </trkpt>
      <trkpt lat="42.56337068974972" lon="140.84504675120115">
        <ele>100.2</ele>
      </trkpt>
      <trkpt lat="42.563235238194466" lon="140.8452572207898">
        <ele>100.2</ele>
      </trkpt>
      <trkpt lat="42.563207410275936" lon="140.84528932347894">
        <ele>100.2</ele>
      </trkpt>
      <trkpt lat="42.56306399591267" lon="140.84548512473702">
        <ele>100.2</ele>
      </trkpt>
      <trkpt lat="42.5630157161504" lon="140.84555804729462">
        <ele>100.2</ele>
      </trkpt>
      <trkpt lat="42.5628777500242" lon="140.84577094763517">
        <ele>100.0</ele>
      </trkpt>
      <trkpt lat="42.56283240392804" lon="140.8458410203457">
        <ele>100.0</ele>
      </trkpt>
      <trkpt lat="42.56270583719015" lon="140.8460667449981">
        <ele>100.0</ele>
      </trkpt>
      <trkpt lat="42.56266619078815" lon="140.84614293649793">
        <ele>100.0</ele>
      </trkpt>
      <trkpt lat="42.56255127489567" lon="140.84636019542813">
        <ele>100.6</ele>
      </trkpt>
      <trkpt lat="42.56249620579183" lon="140.84646815434098">
        <ele>100.8</ele>
      </trkpt>
      <trkpt lat="42.56235538981855" lon="140.84668558090925">
        <ele>101.4</ele>
      </trkpt>
      <trkpt lat="42.562309205532074" lon="140.84675590507686">
        <ele>101.6</ele>
      </trkpt>
      <trkpt lat="42.56218381226063" lon="140.84693896584213">
        <ele>101.8</ele>
      </trkpt>
      <trkpt lat="42.56203444674611" lon="140.8471371140331">
        <ele>102.2</ele>
      </trkpt>
      <trkpt lat="42.561937468126416" lon="140.8472750801593">
        <ele>102.4</ele>
      </trkpt>
      <trkpt lat="42.561803106218576" lon="140.847472473979">
        <ele>102.6</ele>
      </trkpt>
      <trkpt lat="42.56178022362292" lon="140.84750650450587">
        <ele>102.6</ele>
      </trkpt>
      <trkpt lat="42.561632953584194" lon="140.84770599380136">
        <ele>101.8</ele>
      </trkpt>
      <trkpt lat="42.561579309403896" lon="140.84776324220002">
        <ele>101.6</ele>
      </trkpt>
      <trkpt lat="42.561502950266004" lon="140.84785267710686">
        <ele>101.4</ele>
      </trkpt>
      <trkpt lat="42.56140102632344" lon="140.84797530435026">
        <ele>101.0</ele>
      </trkpt>
      <trkpt lat="42.56125249899924" lon="140.84811511449516">
        <ele>101.4</ele>
      </trkpt>
      <trkpt lat="42.56123028695583" lon="140.84814160130918">
        <ele>101.4</ele>
      </trkpt>
      <trkpt lat="42.56108460947871" lon="140.84830454550683">
        <ele>101.6</ele>
      </trkpt>
      <trkpt lat="42.561058793216944" lon="140.8483274281025">
        <ele>101.6</ele>
      </trkpt>
      <trkpt lat="42.56090456619859" lon="140.84850671701133">
        <ele>102.2</ele>
      </trkpt>
      <trkpt lat="42.56080783903599" lon="140.84863621741533">
        <ele>102.2</ele>
      </trkpt>
      <trkpt lat="42.560762325301766" lon="140.84870411083102">
        <ele>102.6</ele>
      </trkpt>
      <trkpt lat="42.56064564920962" lon="140.84891189821064">
        <ele>103.0</ele>
      </trkpt>
      <trkpt lat="42.56062796339393" lon="140.84894542582333">
        <ele>103.0</ele>
      </trkpt>
      <trkpt lat="42.5605258718133" lon="140.84917886182666">
        <ele>103.2</ele>
      </trkpt>
      <trkpt lat="42.56046728231013" lon="140.84936141967773">
        <ele>103.0</ele>
      </trkpt>
      <trkpt lat="42.56045085377991" lon="140.84940156899393">
        <ele>103.2</ele>
      </trkpt>
      <trkpt lat="42.56043693982065" lon="140.8494456578046">
        <ele>103.0</ele>
      </trkpt>
      <trkpt lat="42.56037265062332" lon="140.84969359450042">
        <ele>103.6</ele>
      </trkpt>
      <trkpt lat="42.5603651907295" lon="140.84973709657788">
        <ele>103.6</ele>
      </trkpt>
      <trkpt lat="42.56032160483301" lon="140.8500035572797">
        <ele>103.4</ele>
      </trkpt>
      <trkpt lat="42.56029738113284" lon="140.85018108598888">
        <ele>103.2</ele>
      </trkpt>
      <trkpt lat="42.56027131341398" lon="140.85046037100255">
        <ele>103.0</ele>
      </trkpt>
      <trkpt lat="42.5602668710053" lon="140.85050026886165">
        <ele>103.2</ele>
      </trkpt>
      <trkpt lat="42.560245748609304" lon="140.85076807066798">
        <ele>103.0</ele>
      </trkpt>
      <trkpt lat="42.56022797897458" lon="140.8508981578052">
        <ele>103.4</ele>
      </trkpt>
      <trkpt lat="42.56018942221999" lon="140.85114961490035">
        <ele>103.2</ele>
      </trkpt>
      <trkpt lat="42.56018095649779" lon="140.85122999735177">
        <ele>102.8</ele>
      </trkpt>
      <trkpt lat="42.56016335450113" lon="140.85139998234808">
        <ele>102.6</ele>
      </trkpt>
      <trkpt lat="42.56013376638293" lon="140.85165806114674">
        <ele>102.4</ele>
      </trkpt>
      <trkpt lat="42.560129994526505" lon="140.85170910693705">
        <ele>102.6</ele>
      </trkpt>
      <trkpt lat="42.56009780801833" lon="140.85195142775774">
        <ele>102.6</ele>
      </trkpt>
      <trkpt lat="42.56006335839629" lon="140.85213515907526">
        <ele>102.4</ele>
      </trkpt>
      <trkpt lat="42.55999303422868" lon="140.85240145213902">
        <ele>102.2</ele>
      </trkpt>
      <trkpt lat="42.55997761152685" lon="140.85244478657842">
        <ele>102.2</ele>
      </trkpt>
      <trkpt lat="42.55989328958094" lon="140.85266749374568">
        <ele>102.6</ele>
      </trkpt>
      <trkpt lat="42.55983168259263" lon="140.85279456339777">
        <ele>102.4</ele>
      </trkpt>
      <trkpt lat="42.55972724407911" lon="140.85303847678006">
        <ele>102.4</ele>
      </trkpt>
      <trkpt lat="42.55966538563371" lon="140.85314945317805">
        <ele>102.4</ele>
      </trkpt>
      <trkpt lat="42.55953705869615" lon="140.85335841402411">
        <ele>102.6</ele>
      </trkpt>
      <trkpt lat="42.55939716473222" lon="140.85356008261442">
        <ele>102.6</ele>
      </trkpt>
      <trkpt lat="42.55934729240835" lon="140.85362537764013">
        <ele>102.6</ele>
      </trkpt>
      <trkpt lat="42.55919725634158" lon="140.8538161497563">
        <ele>103.0</ele>
      </trkpt>
      <trkpt lat="42.559099020436406" lon="140.85391773842275">
        <ele>103.0</ele>
      </trkpt>
      <trkpt lat="42.55895309150219" lon="140.85408495739102">
        <ele>102.8</ele>
      </trkpt>
      <trkpt lat="42.5588939152658" lon="140.85414136759937">
        <ele>102.8</ele>
      </trkpt>
      <trkpt lat="42.55874337628484" lon="140.85430783219635">
        <ele>103.0</ele>
      </trkpt>
      <trkpt lat="42.55871906876564" lon="140.85433105006814">
        <ele>103.2</ele>
      </trkpt>
      <trkpt lat="42.558558974415064" lon="140.85447622463107">
        <ele>103.4</ele>
      </trkpt>
      <trkpt lat="42.558527793735266" lon="140.85450463928282">
        <ele>103.6</ele>
      </trkpt>
      <trkpt lat="42.55843768827617" lon="140.8545891288668">
        <ele>103.8</ele>
      </trkpt>
      <trkpt lat="42.55840918980539" lon="140.8546142745763">
        <ele>103.8</ele>
      </trkpt>
      <trkpt lat="42.558260913938284" lon="140.8547797333449">
        <ele>103.6</ele>
      </trkpt>
      <trkpt lat="42.558207269757986" lon="140.8548368141055">
        <ele>103.8</ele>
      </trkpt>
      <trkpt lat="42.55804474465549" lon="140.85500763729215">
        <ele>104.2</ele>
      </trkpt>
      <trkpt lat="42.55790543742478" lon="140.85515256039798">
        <ele>103.8</ele>
      </trkpt>
      <trkpt lat="42.55775984376669" lon="140.855300584808">
        <ele>104.2</ele>
      </trkpt>
      <trkpt lat="42.55764903500676" lon="140.85542094893754">
        <ele>104.6</ele>
      </trkpt>
      <trkpt lat="42.557572424411774" lon="140.8555162511766">
        <ele>104.6</ele>
      </trkpt>
      <trkpt lat="42.55748684518039" lon="140.85561540909111">
        <ele>104.6</ele>
      </trkpt>
      <trkpt lat="42.55734737031162" lon="140.85577852092683">
        <ele>105.2</ele>
      </trkpt>
      <trkpt lat="42.55729414522648" lon="140.8558394573629">
        <ele>105.4</ele>
      </trkpt>
      <trkpt lat="42.55712944082916" lon="140.85603098385036">
        <ele>105.6</ele>
      </trkpt>
      <trkpt lat="42.55710412748158" lon="140.85606233216822">
        <ele>105.8</ele>
      </trkpt>
      <trkpt lat="42.556973872706294" lon="140.8562205825001">
        <ele>105.6</ele>
      </trkpt>
      <trkpt lat="42.55683640949428" lon="140.85639408789575">
        <ele>105.2</ele>
      </trkpt>
      <trkpt lat="42.556757451966405" lon="140.85649324581027">
        <ele>105.2</ele>
      </trkpt>
      <trkpt lat="42.55661454051733" lon="140.85664629936218">
        <ele>105.8</ele>
      </trkpt>
      <trkpt lat="42.556535666808486" lon="140.85673816502094">
        <ele>105.4</ele>
      </trkpt>
      <trkpt lat="42.55642041563988" lon="140.8569063898176">
        <ele>104.6</ele>
      </trkpt>
      <trkpt lat="42.55631882697344" lon="140.85708945058286">
        <ele>104.4</ele>
      </trkpt>
      <trkpt lat="42.55623676814139" lon="140.8573173545301">
        <ele>104.0</ele>
      </trkpt>
      <trkpt lat="42.55621044896543" lon="140.85746822878718">
        <ele>104.0</ele>
      </trkpt>
      <trkpt lat="42.556197540834546" lon="140.85756487213075">
        <ele>103.6</ele>
      </trkpt>
      <trkpt lat="42.55619678646326" lon="140.85781062953174">
        <ele>103.4</ele>
      </trkpt>
      <trkpt lat="42.55624674260616" lon="140.85809578187764">
        <ele>103.4</ele>
      </trkpt>
      <trkpt lat="42.556323017925024" lon="140.85832343436778">
        <ele>103.0</ele>
      </trkpt>
      <trkpt lat="42.556372471153736" lon="140.85845704190433">
        <ele>103.2</ele>
      </trkpt>
      <trkpt lat="42.55644556134939" lon="140.85868041962385">
        <ele>103.2</ele>
      </trkpt>
      <trkpt lat="42.55647229962051" lon="140.85877421312034">
        <ele>103.0</ele>
      </trkpt>
      <trkpt lat="42.556543378159404" lon="140.85899826139212">
        <ele>103.0</ele>
      </trkpt>
      <trkpt lat="42.55661194212735" lon="140.85920839570463">
        <ele>103.0</ele>
      </trkpt>
      <trkpt lat="42.556660640984774" lon="140.85933529771864">
        <ele>102.6</ele>
      </trkpt>
      <trkpt lat="42.556718392297626" lon="140.8595062047243">
        <ele>102.6</ele>
      </trkpt>
      <trkpt lat="42.55681520327926" lon="140.85976654663682">
        <ele>102.8</ele>
      </trkpt>
      <trkpt lat="42.55689256824553" lon="140.859991684556">
        <ele>102.8</ele>
      </trkpt>
      <trkpt lat="42.556923078373075" lon="140.86007609032094">
        <ele>102.8</ele>
      </trkpt>
      <trkpt lat="42.55700312554836" lon="140.8603371027857">
        <ele>102.8</ele>
      </trkpt>
      <trkpt lat="42.55701921880245" lon="140.86038739420474">
        <ele>102.6</ele>
      </trkpt>
      <trkpt lat="42.55709918215871" lon="140.8606423716992">
        <ele>102.8</ele>
      </trkpt>
      <trkpt lat="42.557125417515635" lon="140.86072694510221">
        <ele>102.8</ele>
      </trkpt>
      <trkpt lat="42.557196747511625" lon="140.86098996922374">
        <ele>102.8</ele>
      </trkpt>
      <trkpt lat="42.55721837282181" lon="140.86107940413058">
        <ele>103.0</ele>
      </trkpt>
      <trkpt lat="42.55730168893933" lon="140.86132482625544">
        <ele>103.0</ele>
      </trkpt>
      <trkpt lat="42.557375617325306" lon="140.861577372998">
        <ele>103.0</ele>
      </trkpt>
      <trkpt lat="42.557418532669544" lon="140.86170628666878">
        <ele>103.0</ele>
      </trkpt>
      <trkpt lat="42.55747318267822" lon="140.86196260526776">
        <ele>103.4</ele>
      </trkpt>
      <trkpt lat="42.557487934827805" lon="140.86214843206108">
        <ele>103.4</ele>
      </trkpt>
      <trkpt lat="42.55751500837505" lon="140.86241849698126">
        <ele>103.4</ele>
      </trkpt>
      <trkpt lat="42.5575003400445" lon="140.86269962601364">
        <ele>103.4</ele>
      </trkpt>
      <trkpt lat="42.55749899893999" lon="140.86283574812114">
        <ele>103.4</ele>
      </trkpt>
      <trkpt lat="42.55749899893999" lon="140.86310170590878">
        <ele>103.4</ele>
      </trkpt>
      <trkpt lat="42.55750243552029" lon="140.86314361542463">
        <ele>103.4</ele>
      </trkpt>
      <trkpt lat="42.55749028176069" lon="140.8634099084884">
        <ele>103.4</ele>
      </trkpt>
      <trkpt lat="42.557497238740325" lon="140.86343782022595">
        <ele>103.6</ele>
      </trkpt>
      <trkpt lat="42.55750176496804" lon="140.86358609609306">
        <ele>103.6</ele>
      </trkpt>
      <trkpt lat="42.55749422125518" lon="140.86384090594947">
        <ele>103.4</ele>
      </trkpt>
      <trkpt lat="42.557476786896586" lon="140.86409923620522">
        <ele>103.2</ele>
      </trkpt>
      <trkpt lat="42.5574744399637" lon="140.8641449175775">
        <ele>103.2</ele>
      </trkpt>
      <trkpt lat="42.55746630951762" lon="140.86439972743392">
        <ele>102.8</ele>
      </trkpt>
      <trkpt lat="42.557470919564366" lon="140.86449159309268">
        <ele>102.8</ele>
      </trkpt>
      <trkpt lat="42.5574707519263" lon="140.86461497470737">
        <ele>102.8</ele>
      </trkpt>
      <trkpt lat="42.55743898451328" lon="140.8648632466793">
        <ele>103.0</ele>
      </trkpt>
      <trkpt lat="42.557425908744335" lon="140.8650619816035">
        <ele>102.4</ele>
      </trkpt>
      <trkpt lat="42.55741719156504" lon="140.86521486751735">
        <ele>102.6</ele>
      </trkpt>
      <trkpt lat="42.55738701671362" lon="140.86549993604422">
        <ele>103.4</ele>
      </trkpt>
      <trkpt lat="42.557380981743336" lon="140.86558970622718">
        <ele>103.4</ele>
      </trkpt>
      <trkpt lat="42.55737888626754" lon="140.86586714722216">
        <ele>103.6</ele>
      </trkpt>
      <trkpt lat="42.557380395010114" lon="140.8659552410245">
        <ele>103.6</ele>
      </trkpt>
      <trkpt lat="42.55737293511629" lon="140.8660924527794">
        <ele>103.8</ele>
      </trkpt>
      <trkpt lat="42.5573655590415" lon="140.86618716828525">
        <ele>104.0</ele>
      </trkpt>
      <trkpt lat="42.55736262537539" lon="140.86632848717272">
        <ele>104.0</ele>
      </trkpt>
      <trkpt lat="42.55737679079175" lon="140.8666045870632">
        <ele>104.2</ele>
      </trkpt>
      <trkpt lat="42.55738307721913" lon="140.8666492626071">
        <ele>104.4</ele>
      </trkpt>
      <trkpt lat="42.557398583739996" lon="140.86692695505917">
        <ele>104.0</ele>
      </trkpt>
      <trkpt lat="42.55739975720644" lon="140.86720950901508">
        <ele>104.2</ele>
      </trkpt>
      <trkpt lat="42.55742305889726" lon="140.86746850982308">
        <ele>104.0</ele>
      </trkpt>
      <trkpt lat="42.55740906111896" lon="140.8677542489022">
        <ele>104.6</ele>
      </trkpt>
      <trkpt lat="42.557393638417125" lon="140.86780982092023">
        <ele>104.6</ele>
      </trkpt>
      <trkpt lat="42.55744359456003" lon="140.86804820224643">
        <ele>104.2</ele>
      </trkpt>
      <trkpt lat="42.55746488459408" lon="140.86813780479133">
        <ele>104.2</ele>
      </trkpt>
      <trkpt lat="42.55746706388891" lon="140.86827183142304">
        <ele>104.2</ele>
      </trkpt>
      <trkpt lat="42.55749556235969" lon="140.86845556274056">
        <ele>104.4</ele>
      </trkpt>
      <trkpt lat="42.557511404156685" lon="140.86859352886677">
        <ele>104.4</ele>
      </trkpt>
      <trkpt lat="42.5575312692672" lon="140.86882771924138">
        <ele>104.6</ele>
      </trkpt>
      <trkpt lat="42.557532861828804" lon="140.8689268771559">
        <ele>105.2</ele>
      </trkpt>
      <trkpt lat="42.55755482241511" lon="140.86910532787442">
        <ele>104.6</ele>
      </trkpt>
      <trkpt lat="42.55758441053331" lon="140.8693875465542">
        <ele>105.2</ele>
      </trkpt>
      <trkpt lat="42.55759731866419" lon="140.86947279050946">
        <ele>105.0</ele>
      </trkpt>
      <trkpt lat="42.55762514658272" lon="140.86973807774484">
        <ele>105.0</ele>
      </trkpt>
      <trkpt lat="42.55763076245785" lon="140.86978124454618">
        <ele>105.0</ele>
      </trkpt>
      <trkpt lat="42.5576610211283" lon="140.87004183791578">
        <ele>104.8</ele>
      </trkpt>
      <trkpt lat="42.55767099559307" lon="140.8700844179839">
        <ele>104.8</ele>
      </trkpt>
      <trkpt lat="42.55770158953965" lon="140.87035624310374">
        <ele>104.6</ele>
      </trkpt>
      <trkpt lat="42.55770661868155" lon="140.8704013377428">
        <ele>104.6</ele>
      </trkpt>
      <trkpt lat="42.557703936472535" lon="140.87068456225097">
        <ele>104.6</ele>
      </trkpt>
      <trkpt lat="42.55770946852863" lon="140.8707779366523">
        <ele>104.6</ele>
      </trkpt>
      <trkpt lat="42.5577194429934" lon="140.87082202546299">
        <ele>104.6</ele>
      </trkpt>
      <trkpt lat="42.55772463977337" lon="140.870869634673">
        <ele>104.6</ele>
      </trkpt>
      <trkpt lat="42.55774467252195" lon="140.8710541203618">
        <ele>104.4</ele>
      </trkpt>
      <trkpt lat="42.55775791592896" lon="140.87114330381155">
        <ele>104.2</ele>
      </trkpt>
      <trkpt lat="42.55777861922979" lon="140.87127883918583">
        <ele>104.2</ele>
      </trkpt>
      <trkpt lat="42.55783553235233" lon="140.87155083194375">
        <ele>104.2</ele>
      </trkpt>
      <trkpt lat="42.55784165114164" lon="140.87159676477313">
        <ele>104.2</ele>
      </trkpt>
      <trkpt lat="42.55785522982478" lon="140.8718770556152">
        <ele>104.2</ele>
      </trkpt>
      <trkpt lat="42.557845171540976" lon="140.87215173058212">
        <ele>104.4</ele>
      </trkpt>
      <trkpt lat="42.55784408189356" lon="140.87242581881583">
        <ele>104.4</ele>
      </trkpt>
      <trkpt lat="42.55784500390291" lon="140.87247242219746">
        <ele>104.4</ele>
      </trkpt>
      <trkpt lat="42.55784600973129" lon="140.8727521263063">
        <ele>104.2</ele>
      </trkpt>
      <trkpt lat="42.55784785374999" lon="140.87279696948826">
        <ele>104.2</ele>
      </trkpt>
      <trkpt lat="42.55780879408121" lon="140.8730365242809">
        <ele>104.2</ele>
      </trkpt>
      <trkpt lat="42.55777543410659" lon="140.8733184915036">
        <ele>103.8</ele>
      </trkpt>
      <trkpt lat="42.55773821845651" lon="140.87359819561243">
        <ele>104.4</ele>
      </trkpt>
      <trkpt lat="42.557731596753" lon="140.87364639155567">
        <ele>104.6</ele>
      </trkpt>
      <trkpt lat="42.55770083516836" lon="140.8739192225039">
        <ele>104.6</ele>
      </trkpt>
      <trkpt lat="42.557687340304255" lon="140.87400916032493">
        <ele>104.6</ele>
      </trkpt>
      <trkpt lat="42.55765716545284" lon="140.87427662685513">
        <ele>104.4</ele>
      </trkpt>
      <trkpt lat="42.557655572891235" lon="140.87432113476098">
        <ele>104.4</ele>
      </trkpt>
      <trkpt lat="42.55766202695668" lon="140.87459907867014">
        <ele>104.2</ele>
      </trkpt>
      <trkpt lat="42.557693626731634" lon="140.8748273178935">
        <ele>104.2</ele>
      </trkpt>
      <trkpt lat="42.55777199752629" lon="140.87507382966578">
        <ele>104.2</ele>
      </trkpt>
      <trkpt lat="42.55784584209323" lon="140.87530919350684">
        <ele>104.0</ele>
      </trkpt>
      <trkpt lat="42.5578645337373" lon="140.8753453195095">
        <ele>104.0</ele>
      </trkpt>
      <trkpt lat="42.55797693505883" lon="140.87556576356292">
        <ele>104.0</ele>
      </trkpt>
      <trkpt lat="42.55800082348287" lon="140.87559753097594">
        <ele>103.8</ele>
      </trkpt>
      <trkpt lat="42.558120097965" lon="140.87580213323236">
        <ele>103.8</ele>
      </trkpt>
      <trkpt lat="42.558270720764995" lon="140.87599114514887">
        <ele>103.8</ele>
      </trkpt>
      <trkpt lat="42.558314725756645" lon="140.87604814209044">
        <ele>103.8</ele>
      </trkpt>
      <trkpt lat="42.5584602355957" lon="140.8762105833739">
        <ele>103.8</ele>
      </trkpt>
      <trkpt lat="42.55851245485246" lon="140.87627235800028">
        <ele>103.8</ele>
      </trkpt>
      <trkpt lat="42.5586624071002" lon="140.87643002159894">
        <ele>104.0</ele>
      </trkpt>
      <trkpt lat="42.55874932743609" lon="140.87651744484901">
        <ele>103.4</ele>
      </trkpt>
      <trkpt lat="42.55880858749151" lon="140.87657569907606">
        <ele>103.6</ele>
      </trkpt>
      <trkpt lat="42.558974381536245" lon="140.87674476206303">
        <ele>103.8</ele>
      </trkpt>
      <trkpt lat="42.559127267450094" lon="140.87688356637955">
        <ele>104.0</ele>
      </trkpt>
      <trkpt lat="42.55921360105276" lon="140.87695674039423">
        <ele>104.0</ele>
      </trkpt>
      <trkpt lat="42.55936950445175" lon="140.8770806249231">
        <ele>104.2</ele>
      </trkpt>
      <trkpt lat="42.559438068419695" lon="140.87712831795216">
        <ele>104.2</ele>
      </trkpt>
      <trkpt lat="42.55961962044239" lon="140.87726301513612">
        <ele>104.2</ele>
      </trkpt>
      <trkpt lat="42.5596431735903" lon="140.87728472426534">
        <ele>104.2</ele>
      </trkpt>
      <trkpt lat="42.55982229486108" lon="140.8773926831782">
        <ele>104.4</ele>
      </trkpt>
      <trkpt lat="42.56002262234688" lon="140.87749016471207">
        <ele>104.4</ele>
      </trkpt>
      <trkpt lat="42.560055144131184" lon="140.87750466540456">
        <ele>104.4</ele>
      </trkpt>
      <trkpt lat="42.56024616770446" lon="140.8775938488543">
        <ele>104.6</ele>
      </trkpt>
      <trkpt lat="42.560363514348865" lon="140.87764095515013">
        <ele>105.0</ele>
      </trkpt>
      <trkpt lat="42.560568787157536" lon="140.87768303230405">
        <ele>105.2</ele>
      </trkpt>
      <trkpt lat="42.560632824897766" lon="140.87769158184528">
        <ele>105.2</ele>
      </trkpt>
      <trkpt lat="42.56066576577723" lon="140.87769786827266">
        <ele>105.2</ele>
      </trkpt>
      <trkpt lat="42.560856118798256" lon="140.87772804312408">
        <ele>105.2</ele>
      </trkpt>
      <trkpt lat="42.56092267110944" lon="140.87773743085563">
        <ele>105.2</ele>
      </trkpt>
      <trkpt lat="42.56111520342529" lon="140.87776601314545">
        <ele>105.6</ele>
      </trkpt>
      <trkpt lat="42.56124612875283" lon="140.87778059765697">
        <ele>105.6</ele>
      </trkpt>
      <trkpt lat="42.561448719352484" lon="140.8777756523341">
        <ele>105.8</ele>
      </trkpt>
      <trkpt lat="42.56163069047034" lon="140.87780825793743">
        <ele>106.0</ele>
      </trkpt>
      <trkpt lat="42.5616705045104" lon="140.87781144306064">
        <ele>106.0</ele>
      </trkpt>
      <trkpt lat="42.56174812093377" lon="140.87781462818384">
        <ele>106.2</ele>
      </trkpt>
      <trkpt lat="42.56192196160555" lon="140.87783667258918">
        <ele>106.2</ele>
      </trkpt>
      <trkpt lat="42.562114242464304" lon="140.87790188379586">
        <ele>106.6</ele>
      </trkpt>
      <trkpt lat="42.562146009877324" lon="140.87792040780187">
        <ele>106.4</ele>
      </trkpt>
      <trkpt lat="42.562302416190505" lon="140.87801042944193">
        <ele>106.6</ele>
      </trkpt>
      <trkpt lat="42.562330244109035" lon="140.8780224993825">
        <ele>106.6</ele>
      </trkpt>
      <trkpt lat="42.56249905563891" lon="140.87813355959952">
        <ele>106.8</ele>
      </trkpt>
      <trkpt lat="42.56266032345593" lon="140.87828225456178">
        <ele>107.2</ele>
      </trkpt>
      <trkpt lat="42.562766103073955" lon="140.8784073125571">
        <ele>107.4</ele>
      </trkpt>
      <trkpt lat="42.5628637522459" lon="140.87848300114274">
        <ele>107.2</ele>
      </trkpt>
      <trkpt lat="42.56302250549197" lon="140.87862608022988">
        <ele>107.6</ele>
      </trkpt>
      <trkpt lat="42.56315477192402" lon="140.8787540718913">
        <ele>107.8</ele>
      </trkpt>
      <trkpt lat="42.563318219035864" lon="140.87887661531568">
        <ele>107.6</ele>
      </trkpt>
      <trkpt lat="42.5634975079447" lon="140.87899966165423">
        <ele>107.2</ele>
      </trkpt>
      <trkpt lat="42.56352575495839" lon="140.8790249750018">
        <ele>107.6</ele>
      </trkpt>
      <trkpt lat="42.56369515322149" lon="140.87919655255973">
        <ele>108.2</ele>
      </trkpt>
      <trkpt lat="42.563849966973066" lon="140.87933585979044">
        <ele>108.6</ele>
      </trkpt>
      <trkpt lat="42.5639121606946" lon="140.87939302437007">
        <ele>108.6</ele>
      </trkpt>
      <trkpt lat="42.56406999193132" lon="140.87957063689828">
        <ele>108.8</ele>
      </trkpt>
      <trkpt lat="42.56424207240343" lon="140.8797321561724">
        <ele>109.0</ele>
      </trkpt>
      <trkpt lat="42.564321449026465" lon="140.87982611730695">
        <ele>109.4</ele>
      </trkpt>
      <trkpt lat="42.564375679939985" lon="140.87988470681012">
        <ele>109.6</ele>
      </trkpt>
      <trkpt lat="42.56440409459174" lon="140.87991328909993">
        <ele>109.6</ele>
      </trkpt>
      <trkpt lat="42.56449109874666" lon="140.87999048642814">
        <ele>109.4</ele>
      </trkpt>
      <trkpt lat="42.56463015452027" lon="140.88015971705317">
        <ele>109.6</ele>
      </trkpt>
      <trkpt lat="42.56465689279139" lon="140.88018578477204">
        <ele>109.8</ele>
      </trkpt>
      <trkpt lat="42.56481581367552" lon="140.880365408957">
        <ele>110.0</ele>
      </trkpt>
      <trkpt lat="42.56496962159872" lon="140.88054872117937">
        <ele>110.4</ele>
      </trkpt>
      <trkpt lat="42.56500474177301" lon="140.8806148543954">
        <ele>110.4</ele>
      </trkpt>
      <trkpt lat="42.565070958808064" lon="140.88086337782443">
        <ele>110.4</ele>
      </trkpt>
      <trkpt lat="42.56508252583444" lon="140.88113193400204">
        <ele>110.4</ele>
      </trkpt>
      <trkpt lat="42.56508629769087" lon="140.8811733406037">
        <ele>110.4</ele>
      </trkpt>
      <trkpt lat="42.565079759806395" lon="140.88121566921473">
        <ele>110.6</ele>
      </trkpt>
      <trkpt lat="42.565046064555645" lon="140.88139512576163">
        <ele>110.6</ele>
      </trkpt>
      <trkpt lat="42.56497758440673" lon="140.88164406828582">
        <ele>110.8</ele>
      </trkpt>
      <trkpt lat="42.56486308760941" lon="140.88190340436995">
        <ele>111.0</ele>
      </trkpt>
      <trkpt lat="42.56483869627118" lon="140.88197892531753">
        <ele>111.0</ele>
      </trkpt>
      <trkpt lat="42.5647549610585" lon="140.88219895027578">
        <ele>111.0</ele>
      </trkpt>
      <trkpt lat="42.56470953114331" lon="140.8823377545923">
        <ele>110.8</ele>
      </trkpt>
      <trkpt lat="42.56464222446084" lon="140.88252492249012">
        <ele>110.2</ele>
      </trkpt>
      <trkpt lat="42.56458304822445" lon="140.88277554139495">
        <ele>109.8</ele>
      </trkpt>
      <trkpt lat="42.56449361331761" lon="140.88299749419093">
        <ele>109.8</ele>
      </trkpt>
      <trkpt lat="42.56447307765484" lon="140.88304032571614">
        <ele>109.6</ele>
      </trkpt>
      <trkpt lat="42.56445254199207" lon="140.88308818638325">
        <ele>109.4</ele>
      </trkpt>
      <trkpt lat="42.56442882120609" lon="140.88313361629844">
        <ele>109.2</ele>
      </trkpt>
      <trkpt lat="42.56427534855902" lon="140.88333679363132">
        <ele>108.8</ele>
      </trkpt>
      <trkpt lat="42.564255483448505" lon="140.88336277753115">
        <ele>108.6</ele>
      </trkpt>
      <trkpt lat="42.56422941572964" lon="140.8833882585168">
        <ele>108.6</ele>
      </trkpt>
      <trkpt lat="42.56414827890694" lon="140.88346268981695">
        <ele>108.4</ele>
      </trkpt>
      <trkpt lat="42.564087426289916" lon="140.88350946083665">
        <ele>108.2</ele>
      </trkpt>
      <trkpt lat="42.563904197886586" lon="140.88361549191177">
        <ele>108.0</ele>
      </trkpt>
      <trkpt lat="42.56377528421581" lon="140.88371112942696">
        <ele>107.8</ele>
      </trkpt>
      <trkpt lat="42.56361644715071" lon="140.88382713496685">
        <ele>107.4</ele>
      </trkpt>
      <trkpt lat="42.563586020842195" lon="140.88384347967803">
        <ele>107.2</ele>
      </trkpt>
      <trkpt lat="42.563553247600794" lon="140.88386099785566">
        <ele>106.8</ele>
      </trkpt>
      <trkpt lat="42.563390638679266" lon="140.88397859595716">
        <ele>106.4</ele>
      </trkpt>
      <trkpt lat="42.56330095231533" lon="140.88406518101692">
        <ele>106.0</ele>
      </trkpt>
      <trkpt lat="42.56323842331767" lon="140.8841079287231">
        <ele>105.8</ele>
      </trkpt>
      <trkpt lat="42.563061313703656" lon="140.8842596411705">
        <ele>105.8</ele>
      </trkpt>
      <trkpt lat="42.563031390309334" lon="140.88428637944162">
        <ele>105.6</ele>
      </trkpt>
      <trkpt lat="42.56291043944657" lon="140.8843893930316">
        <ele>105.2</ele>
      </trkpt>
      <trkpt lat="42.562880013138056" lon="140.88441604748368">
        <ele>105.0</ele>
      </trkpt>
      <trkpt lat="42.56282544694841" lon="140.88446625508368">
        <ele>105.0</ele>
      </trkpt>
      <trkpt lat="42.56274372339249" lon="140.88455149903893">
        <ele>105.0</ele>
      </trkpt>
      <trkpt lat="42.56265487521887" lon="140.88474000804126">
        <ele>105.0</ele>
      </trkpt>
      <trkpt lat="42.56269812583923" lon="140.88495953008533">
        <ele>104.4</ele>
      </trkpt>
      <trkpt lat="42.56278202868998" lon="140.885080229491">
        <ele>104.2</ele>
      </trkpt>
      <trkpt lat="42.5628309790045" lon="140.88514611124992">
        <ele>104.0</ele>
      </trkpt>
      <trkpt lat="42.56295050494373" lon="140.8853112347424">
        <ele>104.2</ele>
      </trkpt>
      <trkpt lat="42.563115963712335" lon="140.88548742234707">
        <ele>104.4</ele>
      </trkpt>
      <trkpt lat="42.56314471364021" lon="140.88550879620016">
        <ele>104.4</ele>
      </trkpt>
      <trkpt lat="42.56329248659313" lon="140.88567182421684">
        <ele>104.6</ele>
      </trkpt>
      <trkpt lat="42.56340438500047" lon="140.88581188581884">
        <ele>105.2</ele>
      </trkpt>
      <trkpt lat="42.56353799253702" lon="140.88596737012267">
        <ele>106.2</ele>
      </trkpt>
      <trkpt lat="42.563560120761395" lon="140.8860020712018">
        <ele>106.4</ele>
      </trkpt>
      <trkpt lat="42.563723316416144" lon="140.88614623993635">
        <ele>107.2</ele>
      </trkpt>
      <trkpt lat="42.56380814127624" lon="140.8862285502255">
        <ele>107.4</ele>
      </trkpt>
      <trkpt lat="42.563864551484585" lon="140.88632326573133">
        <ele>107.8</ele>
      </trkpt>
      <trkpt lat="42.56397485733032" lon="140.88642502203584">
        <ele>108.0</ele>
      </trkpt>
      <trkpt lat="42.564046354964375" lon="140.8865242637694">
        <ele>108.0</ele>
      </trkpt>
      <trkpt lat="42.56407745182514" lon="140.88656282052398">
        <ele>108.0</ele>
      </trkpt>
      <trkpt lat="42.564102010801435" lon="140.88659022934735">
        <ele>108.4</ele>
      </trkpt>
      <trkpt lat="42.56423771381378" lon="140.88672232814133">
        <ele>109.2</ele>
      </trkpt>
      <trkpt lat="42.56430267356336" lon="140.8868063148111">
        <ele>109.4</ele>
      </trkpt>
      <trkpt lat="42.56437048316002" lon="140.88689231313765">
        <ele>109.6</ele>
      </trkpt>
      <trkpt lat="42.56452647037804" lon="140.88705542497337">
        <ele>109.8</ele>
      </trkpt>
      <trkpt lat="42.56456050090492" lon="140.8870983403176">
        <ele>109.8</ele>
      </trkpt>
      <trkpt lat="42.56470098160207" lon="140.88730755262077">
        <ele>109.4</ele>
      </trkpt>
      <trkpt lat="42.5647909194231" lon="140.88748281821609">
        <ele>109.4</ele>
      </trkpt>
      <trkpt lat="42.564900470897555" lon="140.88762036524713">
        <ele>108.8</ele>
      </trkpt>
      <trkpt lat="42.56497842259705" lon="140.88773083873093">
        <ele>108.6</ele>
      </trkpt>
      <trkpt lat="42.565018236637115" lon="140.8877976424992">
        <ele>108.4</ele>
      </trkpt>
      <trkpt lat="42.56510599516332" lon="140.88794063776731">
        <ele>108.4</ele>
      </trkpt>
      <trkpt lat="42.56518361158669" lon="140.88813040405512">
        <ele>108.6</ele>
      </trkpt>
      <trkpt lat="42.56530296988785" lon="140.88833165355027">
        <ele>108.4</ele>
      </trkpt>
      <trkpt lat="42.565484354272485" lon="140.88846744038165">
        <ele>108.6</ele>
      </trkpt>
      <trkpt lat="42.56552718579769" lon="140.8884997945279">
        <ele>108.6</ele>
      </trkpt>
      <trkpt lat="42.56567722186446" lon="140.88865159079432">
        <ele>109.0</ele>
      </trkpt>
      <trkpt lat="42.565757520496845" lon="140.88872853666544">
        <ele>109.4</ele>
      </trkpt>
      <trkpt lat="42.565785348415375" lon="140.88875175453722">
        <ele>109.4</ele>
      </trkpt>
      <trkpt lat="42.565882662311196" lon="140.88882601819932">
        <ele>109.6</ele>
      </trkpt>
      <trkpt lat="42.56606136448681" lon="140.8889208175242">
        <ele>110.0</ele>
      </trkpt>
      <trkpt lat="42.566089276224375" lon="140.88894613087177">
        <ele>110.0</ele>
      </trkpt>
      <trkpt lat="42.56623671390116" lon="140.8890706859529">
        <ele>110.2</ele>
      </trkpt>
      <trkpt lat="42.56639236584306" lon="140.88923354633152">
        <ele>110.2</ele>
      </trkpt>
      <trkpt lat="42.56642270833254" lon="140.88925718329847">
        <ele>110.2</ele>
      </trkpt>
      <trkpt lat="42.56659998558462" lon="140.88940034620464">
        <ele>110.6</ele>
      </trkpt>
      <trkpt lat="42.56662278436124" lon="140.889427755028">
        <ele>110.6</ele>
      </trkpt>
      <trkpt lat="42.56677692756057" lon="140.8895918726921">
        <ele>110.8</ele>
      </trkpt>
      <trkpt lat="42.56683283485472" lon="140.88963453657925">
        <ele>111.0</ele>
      </trkpt>
      <trkpt lat="42.56700022146106" lon="140.88979002088308">
        <ele>111.4</ele>
      </trkpt>
      <trkpt lat="42.567030396312475" lon="140.88981759734452">
        <ele>111.4</ele>
      </trkpt>
      <trkpt lat="42.5670756585896" lon="140.88986101560295">
        <ele>111.6</ele>
      </trkpt>
      <trkpt lat="42.567232148721814" lon="140.890011806041">
        <ele>112.4</ele>
      </trkpt>
      <trkpt lat="42.56740942597389" lon="140.89016175828874">
        <ele>112.6</ele>
      </trkpt>
      <trkpt lat="42.56752476096153" lon="140.89032378047705">
        <ele>113.6</ele>
      </trkpt>
      <trkpt lat="42.5675902236253" lon="140.89041212573647">
        <ele>114.8</ele>
      </trkpt>
      <trkpt lat="42.567681754007936" lon="140.89054523035884">
        <ele>115.4</ele>
      </trkpt>
      <trkpt lat="42.56771326996386" lon="140.89061496779323">
        <ele>115.6</ele>
      </trkpt>
      <trkpt lat="42.56771905347705" lon="140.89064866304398">
        <ele>115.8</ele>
      </trkpt>
      <trkpt lat="42.56784972734749" lon="140.89079735800624">
        <ele>116.8</ele>
      </trkpt>
      <trkpt lat="42.56787344813347" lon="140.89082644321024">
        <ele>117.2</ele>
      </trkpt>
      <trkpt lat="42.56793614476919" lon="140.89096751064062">
        <ele>118.0</ele>
      </trkpt>
      <trkpt lat="42.567952405661345" lon="140.8910060673952">
        <ele>118.2</ele>
      </trkpt>
      <trkpt lat="42.56803957745433" lon="140.89113732799888">
        <ele>118.8</ele>
      </trkpt>
      <trkpt lat="42.568157175555825" lon="140.89137118309736">
        <ele>119.4</ele>
      </trkpt>
      <trkpt lat="42.56817419081926" lon="140.89140362106264">
        <ele>119.4</ele>
      </trkpt>
      <trkpt lat="42.56832397542894" lon="140.89160243980587">
        <ele>119.2</ele>
      </trkpt>
      <trkpt lat="42.56841877475381" lon="140.8916829060763">
        <ele>119.2</ele>
      </trkpt>
      <trkpt lat="42.56850619800389" lon="140.8918255660683">
        <ele>119.2</ele>
      </trkpt>
      <trkpt lat="42.56865489296615" lon="140.89197099208832">
        <ele>119.2</ele>
      </trkpt>
      <trkpt lat="42.56879227235913" lon="140.89216738007963">
        <ele>119.0</ele>
      </trkpt>
      <trkpt lat="42.568813394755125" lon="140.89219864457846">
        <ele>119.0</ele>
      </trkpt>
      <trkpt lat="42.568977093324065" lon="140.89236586354673">
        <ele>119.4</ele>
      </trkpt>
      <trkpt lat="42.569014225155115" lon="140.89240550994873">
        <ele>119.6</ele>
      </trkpt>
      <trkpt lat="42.569157807156444" lon="140.89252545498312">
        <ele>120.0</ele>
      </trkpt>
      <trkpt lat="42.569196028634906" lon="140.89255437254906">
        <ele>120.4</ele>
      </trkpt>
      <trkpt lat="42.56922461092472" lon="140.89257197454572">
        <ele>120.4</ele>
      </trkpt>
      <trkpt lat="42.5693844538182" lon="140.8926826994866">
        <ele>121.2</ele>
      </trkpt>
      <trkpt lat="42.5694312248379" lon="140.8927091024816">
        <ele>121.8</ele>
      </trkpt>
      <trkpt lat="42.56957044824958" lon="140.89278881438076">
        <ele>122.2</ele>
      </trkpt>
      <trkpt lat="42.56962233223021" lon="140.89282343164086">
        <ele>122.8</ele>
      </trkpt>
      <trkpt lat="42.56974739022553" lon="140.8928911574185">
        <ele>123.2</ele>
      </trkpt>
      <trkpt lat="42.56986825726926" lon="140.892966510728">
        <ele>124.0</ele>
      </trkpt>
      <trkpt lat="42.570001194253564" lon="140.8930526766926">
        <ele>125.2</ele>
      </trkpt>
      <trkpt lat="42.57003455422819" lon="140.89307103306055">
        <ele>125.4</ele>
      </trkpt>
      <trkpt lat="42.57023848593235" lon="140.89317270554602">
        <ele>126.4</ele>
      </trkpt>
      <trkpt lat="42.570267990231514" lon="140.89318946935236">
        <ele>126.4</ele>
      </trkpt>
      <trkpt lat="42.57041450589895" lon="140.89328569360077">
        <ele>127.2</ele>
      </trkpt>
      <trkpt lat="42.570458091795444" lon="140.89331712573767">
        <ele>127.4</ele>
      </trkpt>
      <trkpt lat="42.57059337571263" lon="140.89341879822314">
        <ele>128.2</ele>
      </trkpt>
      <trkpt lat="42.570642326027155" lon="140.8934503979981">
        <ele>128.4</ele>
      </trkpt>
      <trkpt lat="42.570766126737" lon="140.89352558366954">
        <ele>129.4</ele>
      </trkpt>
      <trkpt lat="42.570790937170386" lon="140.89355383068323">
        <ele>129.6</ele>
      </trkpt>
      <trkpt lat="42.570897387340665" lon="140.8936819061637">
        <ele>130.6</ele>
      </trkpt>
      <trkpt lat="42.57092303596437" lon="140.89372029528022">
        <ele>130.6</ele>
      </trkpt>
      <trkpt lat="42.570962850004435" lon="140.8938645478338">
        <ele>131.8</ele>
      </trkpt>
      <trkpt lat="42.570987744256854" lon="140.89388868771493">
        <ele>132.2</ele>
      </trkpt>
      <trkpt lat="42.57104474119842" lon="140.8940921165049">
        <ele>132.4</ele>
      </trkpt>
      <trkpt lat="42.57112110033631" lon="140.89423703961074">
        <ele>132.8</ele>
      </trkpt>
      <trkpt lat="42.5711408816278" lon="140.89430635794997">
        <ele>133.2</ele>
      </trkpt>
      <trkpt lat="42.57118304260075" lon="140.89445480145514">
        <ele>133.8</ele>
      </trkpt>
      <trkpt lat="42.57121439091861" lon="140.89453250169754">
        <ele>133.8</ele>
      </trkpt>
      <trkpt lat="42.571351770311594" lon="140.89473282918334">
        <ele>134.2</ele>
      </trkpt>
      <trkpt lat="42.57144992239773" lon="140.89497976005077">
        <ele>134.2</ele>
      </trkpt>
      <trkpt lat="42.57145134732127" lon="140.8950208313763">
        <ele>134.2</ele>
      </trkpt>
      <trkpt lat="42.57152737118304" lon="140.89525066316128">
        <ele>134.6</ele>
      </trkpt>
      <trkpt lat="42.571541871875525" lon="140.89529240503907">
        <ele>134.6</ele>
      </trkpt>
      <trkpt lat="42.57157598622143" lon="140.8955652359873">
        <ele>134.6</ele>
      </trkpt>
      <trkpt lat="42.57158210501075" lon="140.8956135995686">
        <ele>134.6</ele>
      </trkpt>
      <trkpt lat="42.5715999584645" lon="140.89587268419564">
        <ele>134.4</ele>
      </trkpt>
      <trkpt lat="42.57162627764046" lon="140.89597553014755">
        <ele>134.0</ele>
      </trkpt>
      <trkpt lat="42.57160808891058" lon="140.89623536914587">
        <ele>133.2</ele>
      </trkpt>
      <trkpt lat="42.57160607725382" lon="140.89628624729812">
        <ele>132.8</ele>
      </trkpt>
      <trkpt lat="42.571560898795724" lon="140.8965560607612">
        <ele>131.6</ele>
      </trkpt>
      <trkpt lat="42.57154832594097" lon="140.89665840379894">
        <ele>131.2</ele>
      </trkpt>
      <trkpt lat="42.57151932455599" lon="140.89680860750377">
        <ele>130.2</ele>
      </trkpt>
      <trkpt lat="42.57149434648454" lon="140.89701673015952">
        <ele>129.6</ele>
      </trkpt>
      <trkpt lat="42.571494011208415" lon="140.8971215877682">
        <ele>128.8</ele>
      </trkpt>
      <trkpt lat="42.57148043252528" lon="140.89726835489273">
        <ele>128.0</ele>
      </trkpt>
      <trkpt lat="42.5714947655797" lon="140.89737153612077">
        <ele>127.6</ele>
      </trkpt>
      <trkpt lat="42.57151345722377" lon="140.89752341620624">
        <ele>126.8</ele>
      </trkpt>
      <trkpt lat="42.57152510806918" lon="140.89757479727268">
        <ele>126.6</ele>
      </trkpt>
      <trkpt lat="42.571555031463504" lon="140.89767144061625">
        <ele>125.8</ele>
      </trkpt>
      <trkpt lat="42.57157196290791" lon="140.89771804399788">
        <ele>125.6</ele>
      </trkpt>
      <trkpt lat="42.57158235646784" lon="140.89776632376015">
        <ele>125.4</ele>
      </trkpt>
      <trkpt lat="42.57160331122577" lon="140.89780932292342">
        <ele>125.2</ele>
      </trkpt>
      <trkpt lat="42.57168302312493" lon="140.8979778829962">
        <ele>124.4</ele>
      </trkpt>
      <trkpt lat="42.5716935005039" lon="140.898024905473">
        <ele>124.0</ele>
      </trkpt>
      <trkpt lat="42.57172300480306" lon="140.89806438423693">
        <ele>123.8</ele>
      </trkpt>
      <trkpt lat="42.57177170366049" lon="140.89815490879118">
        <ele>123.2</ele>
      </trkpt>
      <trkpt lat="42.57185812108219" lon="140.89830838143826">
        <ele>122.4</ele>
      </trkpt>
      <trkpt lat="42.57191888988018" lon="140.89838700369">
        <ele>121.8</ele>
      </trkpt>
      <trkpt lat="42.57196390070021" lon="140.89847099035978">
        <ele>121.4</ele>
      </trkpt>
      <trkpt lat="42.571999272331595" lon="140.89856000617146">
        <ele>120.8</ele>
      </trkpt>
      <trkpt lat="42.57201285101473" lon="140.89860216714442">
        <ele>120.4</ele>
      </trkpt>
      <trkpt lat="42.57203514687717" lon="140.8987009897828">
        <ele>119.6</ele>
      </trkpt>
      <trkpt lat="42.572058364748955" lon="140.89880676940084">
        <ele>119.2</ele>
      </trkpt>
      <trkpt lat="42.57207370363176" lon="140.898910285905">
        <ele>118.6</ele>
      </trkpt>
      <trkpt lat="42.57208560593426" lon="140.89901329949498">
        <ele>118.2</ele>
      </trkpt>
      <trkpt lat="42.57210396230221" lon="140.89911874383688">
        <ele>117.8</ele>
      </trkpt>
      <trkpt lat="42.5721147749573" lon="140.89922167360783">
        <ele>117.0</ele>
      </trkpt>
      <trkpt lat="42.572114020586014" lon="140.8994695264846">
        <ele>115.8</ele>
      </trkpt>
      <trkpt lat="42.57209767587483" lon="140.89957488700747">
        <ele>115.2</ele>
      </trkpt>
      <trkpt lat="42.572084264829755" lon="140.8996302075684">
        <ele>115.0</ele>
      </trkpt>
      <trkpt lat="42.57208166643977" lon="140.89966859668493">
        <ele>114.8</ele>
      </trkpt>
      <trkpt lat="42.572075547650456" lon="140.89968485757709">
        <ele>114.4</ele>
      </trkpt>
      <trkpt lat="42.57205652073026" lon="140.89976096525788">
        <ele>113.8</ele>
      </trkpt>
      <trkpt lat="42.572026178240776" lon="140.89988585561514">
        <ele>113.4</ele>
      </trkpt>
      <trkpt lat="42.572002205997705" lon="140.89993815869093">
        <ele>113.2</ele>
      </trkpt>
      <trkpt lat="42.57198242470622" lon="140.89998677372932">
        <ele>113.0</ele>
      </trkpt>
      <trkpt lat="42.571933222934604" lon="140.9000831656158">
        <ele>112.2</ele>
      </trkpt>
      <trkpt lat="42.57186968810856" lon="140.90021735988557">
        <ele>111.4</ele>
      </trkpt>
      <trkpt lat="42.57184311747551" lon="140.90025977231562">
        <ele>111.2</ele>
      </trkpt>
      <trkpt lat="42.57177748717368" lon="140.90045113116503">
        <ele>110.2</ele>
      </trkpt>
      <trkpt lat="42.571772960945964" lon="140.90054148808122">
        <ele>109.8</ele>
      </trkpt>
      <trkpt lat="42.57167539559305" lon="140.9008028358221">
        <ele>109.4</ele>
      </trkpt>
      <trkpt lat="42.57164899259806" lon="140.90098530985415">
        <ele>109.2</ele>
      </trkpt>
      <trkpt lat="42.57163901813328" lon="140.90103048831224">
        <ele>109.0</ele>
      </trkpt>
      <trkpt lat="42.57162367925048" lon="140.90116082690656">
        <ele>108.8</ele>
      </trkpt>
      <trkpt lat="42.57161605171859" lon="140.90140976943076">
        <ele>109.0</ele>
      </trkpt>
      <trkpt lat="42.57162828929722" lon="140.90144991874695">
        <ele>109.0</ele>
      </trkpt>
      <trkpt lat="42.5717297103256" lon="140.90155695565045">
        <ele>108.8</ele>
      </trkpt>
      <trkpt lat="42.57191830314696" lon="140.90166985988617">
        <ele>108.4</ele>
      </trkpt>
      <trkpt lat="42.572020227089524" lon="140.90172903612256">
        <ele>107.8</ele>
      </trkpt>
      <trkpt lat="42.572097424417734" lon="140.9017703589052">
        <ele>107.6</ele>
      </trkpt>
      <trkpt lat="42.57226916961372" lon="140.9019027929753">
        <ele>107.0</ele>
      </trkpt>
      <trkpt lat="42.5723045412451" lon="140.9019347280264">
        <ele>106.8</ele>
      </trkpt>
      <trkpt lat="42.57233186624944" lon="140.90195886790752">
        <ele>106.8</ele>
      </trkpt>
      <trkpt lat="42.572469245642424" lon="140.9020616300404">
        <ele>107.0</ele>
      </trkpt>
      <trkpt lat="42.57261182181537" lon="140.9021858498454">
        <ele>107.2</ele>
      </trkpt>
      <trkpt lat="42.572797648608685" lon="140.90231828391552">
        <ele>106.8</ele>
      </trkpt>
      <trkpt lat="42.57297199219465" lon="140.90242993086576">
        <ele>107.4</ele>
      </trkpt>
      <trkpt lat="42.573049357160926" lon="140.90248240157962">
        <ele>107.2</ele>
      </trkpt>
      <trkpt lat="42.57307207211852" lon="140.9025109000504">
        <ele>107.2</ele>
      </trkpt>
      <trkpt lat="42.573160752654076" lon="140.90262279845774">
        <ele>107.0</ele>
      </trkpt>
      <trkpt lat="42.57330651395023" lon="140.90277023613453">
        <ele>107.2</ele>
      </trkpt>
      <trkpt lat="42.57339511066675" lon="140.90286092832685">
        <ele>107.2</ele>
      </trkpt>
      <trkpt lat="42.573558893054724" lon="140.90301088057458">
        <ele>107.2</ele>
      </trkpt>
      <trkpt lat="42.57366023026407" lon="140.90309327468276">
        <ele>107.4</ele>
      </trkpt>
      <trkpt lat="42.573802806437016" lon="140.90317416004837">
        <ele>107.2</ele>
      </trkpt>
      <trkpt lat="42.57384957745671" lon="140.90321355499327">
        <ele>107.0</ele>
      </trkpt>
      <trkpt lat="42.57402442395687" lon="140.90333031490445">
        <ele>106.8</ele>
      </trkpt>
      <trkpt lat="42.57408393546939" lon="140.9033674467355">
        <ele>106.8</ele>
      </trkpt>
      <trkpt lat="42.57424511946738" lon="140.90349786914885">
        <ele>107.0</ele>
      </trkpt>
      <trkpt lat="42.57435844279826" lon="140.90354304760695">
        <ele>107.0</ele>
      </trkpt>
      <trkpt lat="42.57455885410309" lon="140.90357028879225">
        <ele>107.2</ele>
      </trkpt>
      <trkpt lat="42.574597746133804" lon="140.90357221662998">
        <ele>107.2</ele>
      </trkpt>
      <trkpt lat="42.57478508166969" lon="140.9036074206233">
        <ele>106.4</ele>
      </trkpt>
      <trkpt lat="42.57484333589673" lon="140.9036219213158">
        <ele>106.6</ele>
      </trkpt>
      <trkpt lat="42.575010135769844" lon="140.9037049021572">
        <ele>106.6</ele>
      </trkpt>
      <trkpt lat="42.575205182656646" lon="140.903759887442">
        <ele>106.8</ele>
      </trkpt>
      <trkpt lat="42.57523116655648" lon="140.9037747234106">
        <ele>106.8</ele>
      </trkpt>
      <trkpt lat="42.57538723759353" lon="140.90384538285434">
        <ele>107.0</ele>
      </trkpt>
      <trkpt lat="42.575463596731424" lon="140.90385653078556">
        <ele>107.0</ele>
      </trkpt>
      <trkpt lat="42.57564238272607" lon="140.90393280610442">
        <ele>106.6</ele>
      </trkpt>
      <trkpt lat="42.57581085897982" lon="140.90402768924832">
        <ele>106.8</ele>
      </trkpt>
      <trkpt lat="42.575859390199184" lon="140.9040789026767">
        <ele>106.8</ele>
      </trkpt>
      <trkpt lat="42.575929798185825" lon="140.90414562262595">
        <ele>106.8</ele>
      </trkpt>
      <trkpt lat="42.57597497664392" lon="140.90419381856918">
        <ele>107.0</ele>
      </trkpt>
      <trkpt lat="42.57614387199283" lon="140.90437034144998">
        <ele>107.2</ele>
      </trkpt>
      <trkpt lat="42.576229786500335" lon="140.904462877661">
        <ele>107.8</ele>
      </trkpt>
      <trkpt lat="42.57630715146661" lon="140.90455323457718">
        <ele>107.6</ele>
      </trkpt>
      <trkpt lat="42.57646104320884" lon="140.9047227166593">
        <ele>108.0</ele>
      </trkpt>
      <trkpt lat="42.576579144224524" lon="140.90484023094177">
        <ele>108.2</ele>
      </trkpt>
      <trkpt lat="42.57676740176976" lon="140.90494659729302">
        <ele>108.0</ele>
      </trkpt>
      <trkpt lat="42.576798582449555" lon="140.90496336109936">
        <ele>108.0</ele>
      </trkpt>
      <trkpt lat="42.57697946392" lon="140.90504709631205">
        <ele>107.8</ele>
      </trkpt>
      <trkpt lat="42.57708189077675" lon="140.90510107576847">
        <ele>107.6</ele>
      </trkpt>
      <trkpt lat="42.577281380072236" lon="140.90515279211104">
        <ele>107.2</ele>
      </trkpt>
      <trkpt lat="42.57745664566755" lon="140.9052382875234">
        <ele>107.2</ele>
      </trkpt>
      <trkpt lat="42.5775455776602" lon="140.90527139604092">
        <ele>107.0</ele>
      </trkpt>
      <trkpt lat="42.577611627057195" lon="140.90529151260853">
        <ele>106.8</ele>
      </trkpt>
      <trkpt lat="42.57781312800944" lon="140.90534079819918">
        <ele>106.8</ele>
      </trkpt>
      <trkpt lat="42.57799166254699" lon="140.9053786844015">
        <ele>106.8</ele>
      </trkpt>
      <trkpt lat="42.5780535209924" lon="140.90539125725627">
        <ele>106.6</ele>
      </trkpt>
      <trkpt lat="42.57824110798538" lon="140.9054227732122">
        <ele>106.4</ele>
      </trkpt>
      <trkpt lat="42.57837362587452" lon="140.90545487590134">
        <ele>107.0</ele>
      </trkpt>
      <trkpt lat="42.57855157367885" lon="140.90551145374775">
        <ele>107.4</ele>
      </trkpt>
      <trkpt lat="42.5785852689296" lon="140.9055144712329">
        <ele>107.4</ele>
      </trkpt>
      <trkpt lat="42.57864964194596" lon="140.90551639907062">
        <ele>108.0</ele>
      </trkpt>
      <trkpt lat="42.57871912792325" lon="140.905527966097">
        <ele>108.2</ele>
      </trkpt>
      <trkpt lat="42.57878132164478" lon="140.90554028749466">
        <ele>108.4</ele>
      </trkpt>
      <trkpt lat="42.5789618678391" lon="140.90557322837412">
        <ele>108.4</ele>
      </trkpt>
      <trkpt lat="42.579068737104535" lon="140.9055956080556">
        <ele>108.6</ele>
      </trkpt>
      <trkpt lat="42.57926504127681" lon="140.90563835576177">
        <ele>108.8</ele>
      </trkpt>
      <trkpt lat="42.579295467585325" lon="140.90565092861652">
        <ele>108.8</ele>
      </trkpt>
      <trkpt lat="42.579320864751935" lon="140.90566450729966">
        <ele>109.0</ele>
      </trkpt>
      <trkpt lat="42.579511385411024" lon="140.90579166077077">
        <ele>109.2</ele>
      </trkpt>
      <trkpt lat="42.57954491302371" lon="140.90582116506994">
        <ele>109.2</ele>
      </trkpt>
      <trkpt lat="42.5796767603606" lon="140.90596902184188">
        <ele>109.0</ele>
      </trkpt>
      <trkpt lat="42.579824114218354" lon="140.90614755637944">
        <ele>109.0</ele>
      </trkpt>
      <trkpt lat="42.58001010864973" lon="140.90627152472734">
        <ele>109.2</ele>
      </trkpt>
      <trkpt lat="42.58019878529012" lon="140.90631837956607">
        <ele>109.0</ele>
      </trkpt>
      <trkpt lat="42.58030280470848" lon="140.90633631683886">
        <ele>108.8</ele>
      </trkpt>
      <trkpt lat="42.580488128587604" lon="140.90636674314737">
        <ele>108.2</ele>
      </trkpt>
      <trkpt lat="42.580638248473406" lon="140.9063747059554">
        <ele>108.0</ele>
      </trkpt>
      <trkpt lat="42.580834636464715" lon="140.90638459660113">
        <ele>108.0</ele>
      </trkpt>
      <trkpt lat="42.58091744966805" lon="140.9063562657684">
        <ele>108.0</ele>
      </trkpt>
      <trkpt lat="42.580953827127814" lon="140.9063488058746">
        <ele>108.0</ele>
      </trkpt>
      <trkpt lat="42.581050554290414" lon="140.90636540204287">
        <ele>108.2</ele>
      </trkpt>
      <trkpt lat="42.58125230669975" lon="140.90641007758677">
        <ele>108.2</ele>
      </trkpt>
      <trkpt lat="42.58128432556987" lon="140.9064083173871">
        <ele>108.2</ele>
      </trkpt>
      <trkpt lat="42.58139077574015" lon="140.90644863434136">
        <ele>108.2</ele>
      </trkpt>
      <trkpt lat="42.581597892567515" lon="140.90651317499578">
        <ele>108.2</ele>
      </trkpt>
      <trkpt lat="42.58179008960724" lon="140.9065695013851">
        <ele>108.4</ele>
      </trkpt>
      <trkpt lat="42.58196015842259" lon="140.9066625405103">
        <ele>108.6</ele>
      </trkpt>
      <trkpt lat="42.58202922530472" lon="140.90673923492432">
        <ele>109.0</ele>
      </trkpt>
      <trkpt lat="42.58214506320655" lon="140.9069435019046">
        <ele>109.2</ele>
      </trkpt>
      <trkpt lat="42.582163168117404" lon="140.90698616579175">
        <ele>109.2</ele>
      </trkpt>
      <trkpt lat="42.58218487724662" lon="140.90726771391928">
        <ele>109.6</ele>
      </trkpt>
      <trkpt lat="42.582134418189526" lon="140.90753518044949">
        <ele>110.0</ele>
      </trkpt>
      <trkpt lat="42.58209887892008" lon="140.9077360946685">
        <ele>110.0</ele>
      </trkpt>
      <trkpt lat="42.582066021859646" lon="140.90801102109253">
        <ele>110.6</ele>
      </trkpt>
      <trkpt lat="42.58205411955714" lon="140.90805309824646">
        <ele>110.6</ele>
      </trkpt>
      <trkpt lat="42.58202268742025" lon="140.908297682181">
        <ele>110.6</ele>
      </trkpt>
      <trkpt lat="42.58207364939153" lon="140.90850178152323">
        <ele>110.6</ele>
      </trkpt>
      <trkpt lat="42.58215621113777" lon="140.90867319144309">
        <ele>109.8</ele>
      </trkpt>
      <trkpt lat="42.582289231941104" lon="140.90887662023306">
        <ele>109.6</ele>
      </trkpt>
      <trkpt lat="42.58237984031439" lon="140.9090868383646">
        <ele>109.4</ele>
      </trkpt>
      <trkpt lat="42.58250682614744" lon="140.9092951286584">
        <ele>109.2</ele>
      </trkpt>
      <trkpt lat="42.58265987969935" lon="140.90949051082134">
        <ele>109.4</ele>
      </trkpt>
      <trkpt lat="42.582683181390166" lon="140.90952864848077">
        <ele>109.4</ele>
      </trkpt>
      <trkpt lat="42.58282642811537" lon="140.90968052856624">
        <ele>109.2</ele>
      </trkpt>
      <trkpt lat="42.582873199135065" lon="140.90973467566073">
        <ele>109.0</ele>
      </trkpt>
      <trkpt lat="42.58303798735142" lon="140.9099076781422">
        <ele>109.0</ele>
      </trkpt>
      <trkpt lat="42.58316463790834" lon="140.91010155156255">
        <ele>108.8</ele>
      </trkpt>
      <trkpt lat="42.5833151768893" lon="140.91028578579426">
        <ele>108.4</ele>
      </trkpt>
      <trkpt lat="42.58338801562786" lon="140.91037748381495">
        <ele>108.6</ele>
      </trkpt>
      <trkpt lat="42.58347493596375" lon="140.91055744327605">
        <ele>109.2</ele>
      </trkpt>
      <trkpt lat="42.58354810997844" lon="140.91070127673447">
        <ele>109.2</ele>
      </trkpt>
      <trkpt lat="42.583664283156395" lon="140.9108350519091">
        <ele>109.2</ele>
      </trkpt>
      <trkpt lat="42.583790346980095" lon="140.91104183346033">
        <ele>109.6</ele>
      </trkpt>
      <trkpt lat="42.583938874304295" lon="140.91122908517718">
        <ele>110.0</ele>
      </trkpt>
      <trkpt lat="42.58395656011999" lon="140.9112544823438">
        <ele>110.0</ele>
      </trkpt>
      <trkpt lat="42.58398455567658" lon="140.91128826141357">
        <ele>110.2</ele>
      </trkpt>
      <trkpt lat="42.58410927839577" lon="140.91150392778218">
        <ele>110.6</ele>
      </trkpt>
      <trkpt lat="42.5841476675123" lon="140.91157232411206">
        <ele>110.6</ele>
      </trkpt>
      <trkpt lat="42.584247663617134" lon="140.91175915673375">
        <ele>110.4</ele>
      </trkpt>
      <trkpt lat="42.584378672763705" lon="140.91194288805127">
        <ele>110.6</ele>
      </trkpt>
      <trkpt lat="42.58441261947155" lon="140.91200466267765">
        <ele>111.0</ele>
      </trkpt>
      <trkpt lat="42.584556033834815" lon="140.91214128769934">
        <ele>110.6</ele>
      </trkpt>
      <trkpt lat="42.58468662388623" lon="140.91226257383823">
        <ele>111.0</ele>
      </trkpt>
      <trkpt lat="42.584861889481544" lon="140.91237120330334">
        <ele>110.6</ele>
      </trkpt>
      <trkpt lat="42.58489114232361" lon="140.91239316388965">
        <ele>110.6</ele>
      </trkpt>
      <trkpt lat="42.58507872931659" lon="140.9125338960439">
        <ele>110.2</ele>
      </trkpt>
      <trkpt lat="42.585110161453485" lon="140.91255753301084">
        <ele>110.2</ele>
      </trkpt>
      <trkpt lat="42.58529305458069" lon="140.91271511279047">
        <ele>110.2</ele>
      </trkpt>
      <trkpt lat="42.58532834239304" lon="140.91274076141417">
        <ele>110.2</ele>
      </trkpt>
      <trkpt lat="42.58547619916499" lon="140.912917368114">
        <ele>110.8</ele>
      </trkpt>
      <trkpt lat="42.58552229963243" lon="140.91301878914237">
        <ele>110.8</ele>
      </trkpt>
      <trkpt lat="42.58560880087316" lon="140.91325691901147">
        <ele>110.6</ele>
      </trkpt>
      <trkpt lat="42.58564040064812" lon="140.91333922930062">
        <ele>110.6</ele>
      </trkpt>
      <trkpt lat="42.58573763072491" lon="140.9135529678315">
        <ele>110.2</ele>
      </trkpt>
      <trkpt lat="42.58587660267949" lon="140.91375983320177">
        <ele>110.4</ele>
      </trkpt>
      <trkpt lat="42.58592085912824" lon="140.91382261365652">
        <ele>110.4</ele>
      </trkpt>
      <trkpt lat="42.58604608476162" lon="140.91400668025017">
        <ele>110.6</ele>
      </trkpt>
      <trkpt lat="42.586071230471134" lon="140.91403886675835">
        <ele>110.6</ele>
      </trkpt>
      <trkpt lat="42.58621045388281" lon="140.9142015594989">
        <ele>110.2</ele>
      </trkpt>
      <trkpt lat="42.58641413412988" lon="140.914286384359">
        <ele>110.4</ele>
      </trkpt>
      <trkpt lat="42.586449505761266" lon="140.91430951841176">
        <ele>110.4</ele>
      </trkpt>
      <trkpt lat="42.58663499727845" lon="140.91444790363312">
        <ele>110.6</ele>
      </trkpt>
      <trkpt lat="42.58672904223204" lon="140.91452258639038">
        <ele>110.4</ele>
      </trkpt>
      <trkpt lat="42.586908666417" lon="140.91467237100005">
        <ele>110.6</ele>
      </trkpt>
      <trkpt lat="42.5870608817786" lon="140.91480036266148">
        <ele>110.6</ele>
      </trkpt>
      <trkpt lat="42.587199518457055" lon="140.91493631713092">
        <ele>111.0</ele>
      </trkpt>
      <trkpt lat="42.587229274213314" lon="140.9149613790214">
        <ele>111.0</ele>
      </trkpt>
      <trkpt lat="42.587389620020986" lon="140.91510387137532">
        <ele>111.2</ele>
      </trkpt>
      <trkpt lat="42.58741627447307" lon="140.9151218086481">
        <ele>111.0</ele>
      </trkpt>
      <trkpt lat="42.587544517591596" lon="140.91526840813458">
        <ele>111.2</ele>
      </trkpt>
      <trkpt lat="42.5877152569592" lon="140.9153641294688">
        <ele>111.2</ele>
      </trkpt>
      <trkpt lat="42.587771667167544" lon="140.91539430432022">
        <ele>111.2</ele>
      </trkpt>
      <trkpt lat="42.58794240653515" lon="140.91550410725176">
        <ele>111.2</ele>
      </trkpt>
      <trkpt lat="42.588095208629966" lon="140.91556068509817">
        <ele>111.2</ele>
      </trkpt>
      <trkpt lat="42.58827952668071" lon="140.91565154492855">
        <ele>111.0</ele>
      </trkpt>
      <trkpt lat="42.5883059296757" lon="140.9156611841172">
        <ele>111.0</ele>
      </trkpt>
      <trkpt lat="42.58832914754748" lon="140.91567065566778">
        <ele>111.2</ele>
      </trkpt>
      <trkpt lat="42.58847549557686" lon="140.91577266342938">
        <ele>111.4</ele>
      </trkpt>
      <trkpt lat="42.5886339135468" lon="140.91590099036694">
        <ele>111.6</ele>
      </trkpt>
      <trkpt lat="42.58881043642759" lon="140.91602713800967">
        <ele>111.4</ele>
      </trkpt>
      <trkpt lat="42.588847652077675" lon="140.916046500206">
        <ele>111.4</ele>
      </trkpt>
      <trkpt lat="42.58900925517082" lon="140.91617449186742">
        <ele>111.4</ele>
      </trkpt>
      <trkpt lat="42.58903062902391" lon="140.9161913394928">
        <ele>111.2</ele>
      </trkpt>
      <trkpt lat="42.58916197344661" lon="140.91629091650248">
        <ele>112.2</ele>
      </trkpt>
      <trkpt lat="42.58919223211706" lon="140.91630935668945">
        <ele>112.4</ele>
      </trkpt>
      <trkpt lat="42.58932768367231" lon="140.9164143819362">
        <ele>112.6</ele>
      </trkpt>
      <trkpt lat="42.58947319351137" lon="140.91652980074286">
        <ele>113.4</ele>
      </trkpt>
      <trkpt lat="42.58956824429333" lon="140.91661253012717">
        <ele>113.8</ele>
      </trkpt>
      <trkpt lat="42.589725237339735" lon="140.9167822636664">
        <ele>113.8</ele>
      </trkpt>
      <trkpt lat="42.58975926786661" lon="140.91683347709477">
        <ele>113.8</ele>
      </trkpt>
      <trkpt lat="42.58990528061986" lon="140.91704570688307">
        <ele>113.8</ele>
      </trkpt>
      <trkpt lat="42.589926486834884" lon="140.91708585619926">
        <ele>113.8</ele>
      </trkpt>
      <trkpt lat="42.590054562315345" lon="140.91730730608106">
        <ele>114.0</ele>
      </trkpt>
      <trkpt lat="42.5901104696095" lon="140.9174308553338">
        <ele>114.0</ele>
      </trkpt>
      <trkpt lat="42.59022421203554" lon="140.91764828190207">
        <ele>113.4</ele>
      </trkpt>
      <trkpt lat="42.59025271050632" lon="140.91768172569573">
        <ele>113.4</ele>
      </trkpt>
      <trkpt lat="42.59043434634805" lon="140.91781994327903">
        <ele>112.6</ele>
      </trkpt>
      <trkpt lat="42.59053073823452" lon="140.91788708232343">
        <ele>112.4</ele>
      </trkpt>
      <trkpt lat="42.59070876985788" lon="140.91797601431608">
        <ele>111.4</ele>
      </trkpt>
      <trkpt lat="42.59073651395738" lon="140.9179887548089">
        <ele>111.4</ele>
      </trkpt>
      <trkpt lat="42.59091831743717" lon="140.91807684861124">
        <ele>110.6</ele>
      </trkpt>
      <trkpt lat="42.590944804251194" lon="140.91808833181858">
        <ele>110.6</ele>
      </trkpt>
      <trkpt lat="42.591148568317294" lon="140.91815697960556">
        <ele>110.4</ele>
      </trkpt>
      <trkpt lat="42.59117916226387" lon="140.91816645115614">
        <ele>110.4</ele>
      </trkpt>
      <trkpt lat="42.59136322885752" lon="140.9182017389685">
        <ele>110.4</ele>
      </trkpt>
      <trkpt lat="42.5913933198899" lon="140.9182062651962">
        <ele>110.2</ele>
      </trkpt>
      <trkpt lat="42.59159255772829" lon="140.9182303212583">
        <ele>110.0</ele>
      </trkpt>
      <trkpt lat="42.59174158796668" lon="140.91823711059988">
        <ele>110.4</ele>
      </trkpt>
      <trkpt lat="42.59193940088153" lon="140.91826594434679">
        <ele>111.4</ele>
      </trkpt>
      <trkpt lat="42.59196580387652" lon="140.9182752482593">
        <ele>111.6</ele>
      </trkpt>
      <trkpt lat="42.59211684577167" lon="140.91832855716348">
        <ele>112.0</ele>
      </trkpt>
      <trkpt lat="42.59224919602275" lon="140.91837633401155">
        <ele>112.8</ele>
      </trkpt>
      <trkpt lat="42.59233578108251" lon="140.9184235241264">
        <ele>113.4</ele>
      </trkpt>
      <trkpt lat="42.59238221682608" lon="140.91844498179853">
        <ele>113.6</ele>
      </trkpt>
      <trkpt lat="42.592434687539935" lon="140.91847138479352">
        <ele>113.8</ele>
      </trkpt>
      <trkpt lat="42.59253954514861" lon="140.91854363679886">
        <ele>114.2</ele>
      </trkpt>
      <trkpt lat="42.59270165115595" lon="140.91867674142122">
        <ele>114.8</ele>
      </trkpt>
      <trkpt lat="42.59272813796997" lon="140.91869794763625">
        <ele>114.8</ele>
      </trkpt>
      <trkpt lat="42.59291019290686" lon="140.91883800923824">
        <ele>114.4</ele>
      </trkpt>
      <trkpt lat="42.59299552068114" lon="140.9189264383167">
        <ele>114.4</ele>
      </trkpt>
      <trkpt lat="42.59314983151853" lon="140.91906088404357">
        <ele>114.8</ele>
      </trkpt>
      <trkpt lat="42.59317531250417" lon="140.9190765582025">
        <ele>114.8</ele>
      </trkpt>
      <trkpt lat="42.59319827891886" lon="140.91909709386528">
        <ele>115.0</ele>
      </trkpt>
      <trkpt lat="42.59335074573755" lon="140.91923765838146">
        <ele>115.4</ele>
      </trkpt>
      <trkpt lat="42.593379747122526" lon="140.91926883906126">
        <ele>115.4</ele>
      </trkpt>
      <trkpt lat="42.593554677441716" lon="140.9194238204509">
        <ele>114.8</ele>
      </trkpt>
      <trkpt lat="42.593582002446055" lon="140.91944636777043">
        <ele>115.2</ele>
      </trkpt>
      <trkpt lat="42.593756429851055" lon="140.91958257369697">
        <ele>115.0</ele>
      </trkpt>
      <trkpt lat="42.59384410455823" lon="140.91966019012034">
        <ele>115.0</ele>
      </trkpt>
      <trkpt lat="42.59401459246874" lon="140.91980326920748">
        <ele>115.0</ele>
      </trkpt>
      <trkpt lat="42.594072092324495" lon="140.91985104605556">
        <ele>115.0</ele>
      </trkpt>
      <trkpt lat="42.59423612616956" lon="140.91997501440346">
        <ele>114.8</ele>
      </trkpt>
      <trkpt lat="42.59438591077924" lon="140.9200823865831">
        <ele>114.8</ele>
      </trkpt>
      <trkpt lat="42.594557823613286" lon="140.92021926306188">
        <ele>114.4</ele>
      </trkpt>
      <trkpt lat="42.59472722187638" lon="140.92034549452364">
        <ele>114.4</ele>
      </trkpt>
      <trkpt lat="42.59481858462095" lon="140.92041715979576">
        <ele>114.4</ele>
      </trkpt>
      <trkpt lat="42.59500214830041" lon="140.92054054141045">
        <ele>114.2</ele>
      </trkpt>
      <trkpt lat="42.595064425840974" lon="140.92057859525084">
        <ele>113.8</ele>
      </trkpt>
      <trkpt lat="42.59509954601526" lon="140.92059569433331">
        <ele>113.8</ele>
      </trkpt>
      <trkpt lat="42.59528269059956" lon="140.9206977020949">
        <ele>114.0</ele>
      </trkpt>
      <trkpt lat="42.59533926844597" lon="140.92073558829725">
        <ele>113.6</ele>
      </trkpt>
      <trkpt lat="42.5955378357321" lon="140.92081982642412">
        <ele>113.2</ele>
      </trkpt>
      <trkpt lat="42.59559231810272" lon="140.92084866017103">
        <ele>113.2</ele>
      </trkpt>
      <trkpt lat="42.59577227756381" lon="140.9209294617176">
        <ele>112.8</ele>
      </trkpt>
      <trkpt lat="42.59580639190972" lon="140.92094312421978">
        <ele>112.6</ele>
      </trkpt>
      <trkpt lat="42.59599858894944" lon="140.92103482224047">
        <ele>112.8</ele>
      </trkpt>
      <trkpt lat="42.59602867998183" lon="140.9210502449423">
        <ele>112.8</ele>
      </trkpt>
      <trkpt lat="42.59619095362723" lon="140.9211863670498">
        <ele>113.0</ele>
      </trkpt>
      <trkpt lat="42.596246441826224" lon="140.92123531736434">
        <ele>113.0</ele>
      </trkpt>
      <trkpt lat="42.59640737436712" lon="140.92139147222042">
        <ele>112.6</ele>
      </trkpt>
      <trkpt lat="42.596434112638235" lon="140.92142064124346">
        <ele>112.4</ele>
      </trkpt>
      <trkpt lat="42.59658833965659" lon="140.92160462401807">
        <ele>112.2</ele>
      </trkpt>
      <trkpt lat="42.59663502685726" lon="140.92167268507183">
        <ele>112.4</ele>
      </trkpt>
      <trkpt lat="42.59673577733338" lon="140.92179321683943">
        <ele>111.6</ele>
      </trkpt>
      <trkpt lat="42.59676259942353" lon="140.92182280495763">
        <ele>111.4</ele>
      </trkpt>
      <trkpt lat="42.59691137820482" lon="140.92200259678066">
        <ele>111.4</ele>
      </trkpt>
      <trkpt lat="42.59706485085189" lon="140.92214760370553">
        <ele>111.2</ele>
      </trkpt>
      <trkpt lat="42.59709502570331" lon="140.92216671444476">
        <ele>111.2</ele>
      </trkpt>
      <trkpt lat="42.59726266376674" lon="140.92225832864642">
        <ele>111.4</ele>
      </trkpt>
      <trkpt lat="42.597443629056215" lon="140.9223748371005">
        <ele>111.8</ele>
      </trkpt>
      <trkpt lat="42.59760062210262" lon="140.92250492423773">
        <ele>111.2</ele>
      </trkpt>
      <trkpt lat="42.59762870147824" lon="140.92252101749182">
        <ele>111.4</ele>
      </trkpt>
      <trkpt lat="42.597816875204444" lon="140.9226111229509">
        <ele>111.4</ele>
      </trkpt>
      <trkpt lat="42.59789189323783" lon="140.9226242825389">
        <ele>111.4</ele>
      </trkpt>
      <trkpt lat="42.59807989932597" lon="140.9226808603853">
        <ele>111.6</ele>
      </trkpt>
      <trkpt lat="42.598279220983386" lon="140.9227360971272">
        <ele>111.6</ele>
      </trkpt>
      <trkpt lat="42.59831006638706" lon="140.92273911461234">
        <ele>111.6</ele>
      </trkpt>
      <trkpt lat="42.59850905276835" lon="140.922725033015">
        <ele>112.2</ele>
      </trkpt>
      <trkpt lat="42.598601169884205" lon="140.92271623201668">
        <ele>112.2</ele>
      </trkpt>
      <trkpt lat="42.59879604913294" lon="140.92268605716527">
        <ele>112.0</ele>
      </trkpt>
      <trkpt lat="42.59899637661874" lon="140.92266560532153">
        <ele>112.2</ele>
      </trkpt>
      <trkpt lat="42.5990573130548" lon="140.92266174964607">
        <ele>112.2</ele>
      </trkpt>
      <trkpt lat="42.599213887006044" lon="140.92266124673188">
        <ele>112.6</ele>
      </trkpt>
      <trkpt lat="42.59938068687916" lon="140.9226708021015">
        <ele>113.0</ele>
      </trkpt>
      <trkpt lat="42.59956726804376" lon="140.92265085317194">
        <ele>112.8</ele>
      </trkpt>
      <trkpt lat="42.599639520049095" lon="140.9226372744888">
        <ele>112.8</ele>
      </trkpt>
      <trkpt lat="42.59984353557229" lon="140.9226512722671">
        <ele>113.0</ele>
      </trkpt>
      <trkpt lat="42.59991092607379" lon="140.92265663668513">
        <ele>113.0</ele>
      </trkpt>
      <trkpt lat="42.60010479949415" lon="140.92266384512186">
        <ele>112.4</ele>
      </trkpt>
      <trkpt lat="42.60024972259998" lon="140.92267683707178">
        <ele>112.2</ele>
      </trkpt>
      <trkpt lat="42.6004421710968" lon="140.92270349152386">
        <ele>112.0</ele>
      </trkpt>
      <trkpt lat="42.600526409223676" lon="140.92270374298096">
        <ele>111.8</ele>
      </trkpt>
      <trkpt lat="42.60055138729513" lon="140.92270399443805">
        <ele>111.8</ele>
      </trkpt>
      <trkpt lat="42.600741321220994" lon="140.9227120410651">
        <ele>111.6</ele>
      </trkpt>
      <trkpt lat="42.60079689323902" lon="140.92272461391985">
        <ele>111.4</ele>
      </trkpt>
      <trkpt lat="42.60099026374519" lon="140.92275839298964">
        <ele>111.4</ele>
      </trkpt>
      <trkpt lat="42.60109260678291" lon="140.92277306132019">
        <ele>111.6</ele>
      </trkpt>
      <trkpt lat="42.601295532658696" lon="140.9227971173823">
        <ele>111.8</ele>
      </trkpt>
      <trkpt lat="42.601415729150176" lon="140.9228167310357">
        <ele>111.8</ele>
      </trkpt>
      <trkpt lat="42.601617481559515" lon="140.92283475212753">
        <ele>111.8</ele>
      </trkpt>
      <trkpt lat="42.601750334724784" lon="140.922878254205">
        <ele>111.8</ele>
      </trkpt>
      <trkpt lat="42.60193188674748" lon="140.9229155536741">
        <ele>112.0</ele>
      </trkpt>
      <trkpt lat="42.60207815095782" lon="140.92293282039464">
        <ele>112.2</ele>
      </trkpt>
      <trkpt lat="42.60228082537651" lon="140.9229644201696">
        <ele>112.2</ele>
      </trkpt>
      <trkpt lat="42.60234469547868" lon="140.9229676052928">
        <ele>112.2</ele>
      </trkpt>
      <trkpt lat="42.60253211483359" lon="140.92298780567944">
        <ele>112.0</ele>
      </trkpt>
      <trkpt lat="42.60256631299853" lon="140.92298646457493">
        <ele>112.2</ele>
      </trkpt>
      <trkpt lat="42.60275431908667" lon="140.92299358919263">
        <ele>112.2</ele>
      </trkpt>
      <trkpt lat="42.602895721793175" lon="140.92300850898027">
        <ele>112.0</ele>
      </trkpt>
      <trkpt lat="42.60310065932572" lon="140.9230127837509">
        <ele>112.0</ele>
      </trkpt>
      <trkpt lat="42.603130331262946" lon="140.92301244847476">
        <ele>111.8</ele>
      </trkpt>
      <trkpt lat="42.60330794379115" lon="140.92302510514855">
        <ele>111.6</ele>
      </trkpt>
      <trkpt lat="42.60351866483688" lon="140.92301605269313">
        <ele>112.2</ele>
      </trkpt>
      <trkpt lat="42.603635508567095" lon="140.9230040665716">
        <ele>112.0</ele>
      </trkpt>
      <trkpt lat="42.60383768007159" lon="140.92300683259964">
        <ele>112.0</ele>
      </trkpt>
      <trkpt lat="42.60404655709863" lon="140.92300113290548">
        <ele>112.0</ele>
      </trkpt>
      <trkpt lat="42.604135321453214" lon="140.9230003785342">
        <ele>112.0</ele>
      </trkpt>
      <trkpt lat="42.60419265367091" lon="140.92299073934555">
        <ele>112.4</ele>
      </trkpt>
      <trkpt lat="42.60438728146255" lon="140.92295670881867">
        <ele>112.6</ele>
      </trkpt>
      <trkpt lat="42.60444779880345" lon="140.9229403641075">
        <ele>112.8</ele>
      </trkpt>
      <trkpt lat="42.60464712046087" lon="140.9229221753776">
        <ele>113.4</ele>
      </trkpt>
      <trkpt lat="42.60470730252564" lon="140.92290323227644">
        <ele>114.2</ele>
      </trkpt>
      <trkpt lat="42.60489732027054" lon="140.9228761587292">
        <ele>114.8</ele>
      </trkpt>
      <trkpt lat="42.60492414236069" lon="140.9228671900928">
        <ele>114.8</ele>
      </trkpt>
      <trkpt lat="42.604986587539315" lon="140.9228502586484">
        <ele>115.2</ele>
      </trkpt>
      <trkpt lat="42.60517844930291" lon="140.92279829084873">
        <ele>115.6</ele>
      </trkpt>
      <trkpt lat="42.60532043874264" lon="140.92273257672787">
        <ele>115.6</ele>
      </trkpt>
      <trkpt lat="42.60549855418503" lon="140.92268438078463">
        <ele>115.2</ele>
      </trkpt>
      <trkpt lat="42.60556108318269" lon="140.92267013154924">
        <ele>115.2</ele>
      </trkpt>
      <trkpt lat="42.60573995299637" lon="140.9226070996374">
        <ele>114.6</ele>
      </trkpt>
      <trkpt lat="42.60577364824712" lon="140.92259963974357">
        <ele>114.4</ele>
      </trkpt>
      <trkpt lat="42.60583802126348" lon="140.92257985845208">
        <ele>114.0</ele>
      </trkpt>
      <trkpt lat="42.60599920526147" lon="140.92253149487078">
        <ele>113.6</ele>
      </trkpt>
      <trkpt lat="42.606213530525565" lon="140.92248564586043">
        <ele>113.2</ele>
      </trkpt>
      <trkpt lat="42.60625007562339" lon="140.92247768305242">
        <ele>113.0</ele>
      </trkpt>
      <trkpt lat="42.60629056021571" lon="140.92247189953923">
        <ele>112.8</ele>
      </trkpt>
      <trkpt lat="42.60647848248482" lon="140.92247969470918">
        <ele>112.8</ele>
      </trkpt>
      <trkpt lat="42.606547214090824" lon="140.92247952707112">
        <ele>112.8</ele>
      </trkpt>
      <trkpt lat="42.60677243582904" lon="140.92248405329883">
        <ele>112.2</ele>
      </trkpt>
      <trkpt lat="42.60680856183171" lon="140.92248774133623">
        <ele>112.4</ele>
      </trkpt>
      <trkpt lat="42.606925405561924" lon="140.9224913455546">
        <ele>112.6</ele>
      </trkpt>
      <trkpt lat="42.60700880549848" lon="140.92250358313322">
        <ele>112.4</ele>
      </trkpt>
      <trkpt lat="42.607199074700475" lon="140.92253996059299">
        <ele>112.4</ele>
      </trkpt>
      <trkpt lat="42.60726319625974" lon="140.92254876159132">
        <ele>112.4</ele>
      </trkpt>
      <trkpt lat="42.607470816001296" lon="140.92258262448013">
        <ele>112.4</ele>
      </trkpt>
      <trkpt lat="42.60753074660897" lon="140.92258631251752">
        <ele>112.4</ele>
      </trkpt>
      <trkpt lat="42.60761548765004" lon="140.92258606106043">
        <ele>112.0</ele>
      </trkpt>
      <trkpt lat="42.60770701803267" lon="140.92258539050817">
        <ele>112.2</ele>
      </trkpt>
      <trkpt lat="42.607887145131826" lon="140.92257256619632">
        <ele>111.8</ele>
      </trkpt>
      <trkpt lat="42.60795227251947" lon="140.92256443575025">
        <ele>111.8</ele>
      </trkpt>
      <trkpt lat="42.60814287699759" lon="140.92251548543572">
        <ele>111.6</ele>
      </trkpt>
      <trkpt lat="42.60821630246937" lon="140.92250810936093">
        <ele>111.6</ele>
      </trkpt>
      <trkpt lat="42.60839207097888" lon="140.92244868166745">
        <ele>111.4</ele>
      </trkpt>
      <trkpt lat="42.60854948312044" lon="140.92239721678197">
        <ele>111.4</ele>
      </trkpt>
      <trkpt lat="42.60873916558921" lon="140.92233141884208">
        <ele>111.6</ele>
      </trkpt>
      <trkpt lat="42.60877059772611" lon="140.92231926508248">
        <ele>111.6</ele>
      </trkpt>
      <trkpt lat="42.60896556079388" lon="140.92225966975093">
        <ele>111.4</ele>
      </trkpt>
      <trkpt lat="42.609029011800885" lon="140.92222480103374">
        <ele>111.4</ele>
      </trkpt>
      <trkpt lat="42.609229758381844" lon="140.92212262563407">
        <ele>111.6</ele>
      </trkpt>
      <trkpt lat="42.60926521383226" lon="140.92210611328483">
        <ele>111.6</ele>
      </trkpt>
      <trkpt lat="42.609393959864974" lon="140.92204718850553">
        <ele>111.2</ele>
      </trkpt>
      <trkpt lat="42.60951306670904" lon="140.9219831507653">
        <ele>111.2</ele>
      </trkpt>
      <trkpt lat="42.60970291681588" lon="140.9218813944608">
        <ele>111.2</ele>
      </trkpt>
      <trkpt lat="42.60976837947965" lon="140.9218419995159">
        <ele>111.2</ele>
      </trkpt>
      <trkpt lat="42.609934424981475" lon="140.92169783078134">
        <ele>111.0</ele>
      </trkpt>
      <trkpt lat="42.61010239832103" lon="140.92157201841474">
        <ele>110.6</ele>
      </trkpt>
      <trkpt lat="42.610162580385804" lon="140.921525163576">
        <ele>110.6</ele>
      </trkpt>
      <trkpt lat="42.61032954789698" lon="140.921392980963">
        <ele>111.0</ele>
      </trkpt>
      <trkpt lat="42.61038872413337" lon="140.92135006561875">
        <ele>111.2</ele>
      </trkpt>
      <trkpt lat="42.61056122370064" lon="140.92120254412293">
        <ele>111.2</ele>
      </trkpt>
      <trkpt lat="42.610746463760734" lon="140.9210692718625">
        <ele>111.0</ele>
      </trkpt>
      <trkpt lat="42.610876047983766" lon="140.92096600681543">
        <ele>111.2</ele>
      </trkpt>
      <trkpt lat="42.611019127070904" lon="140.92081379145384">
        <ele>111.4</ele>
      </trkpt>
      <trkpt lat="42.61107034049928" lon="140.92075486667454">
        <ele>111.2</ele>
      </trkpt>
      <trkpt lat="42.61122230440378" lon="140.9206112846732">
        <ele>111.2</ele>
      </trkpt>
      <trkpt lat="42.61127779260278" lon="140.92055378481746">
        <ele>111.4</ele>
      </trkpt>
      <trkpt lat="42.61144174262881" lon="140.9203889966011">
        <ele>111.4</ele>
      </trkpt>
      <trkpt lat="42.611588006839156" lon="140.92022337019444">
        <ele>111.6</ele>
      </trkpt>
      <trkpt lat="42.61163888499141" lon="140.92016452923417">
        <ele>111.6</ele>
      </trkpt>
      <trkpt lat="42.61176402680576" lon="140.91998155228794">
        <ele>111.6</ele>
      </trkpt>
      <trkpt lat="42.61178799904883" lon="140.9199542272836">
        <ele>111.6</ele>
      </trkpt>
      <trkpt lat="42.611927054822445" lon="140.91977896168828">
        <ele>112.0</ele>
      </trkpt>
      <trkpt lat="42.61197516694665" lon="140.9197082184255">
        <ele>112.0</ele>
      </trkpt>
      <trkpt lat="42.61202956549823" lon="140.9196046181023">
        <ele>112.2</ele>
      </trkpt>
      <trkpt lat="42.61212335899472" lon="140.91939674690366">
        <ele>112.6</ele>
      </trkpt>
      <trkpt lat="42.6121573895216" lon="140.91932407580316">
        <ele>113.0</ele>
      </trkpt>
      <trkpt lat="42.61219033040106" lon="140.91925324872136">
        <ele>113.2</ele>
      </trkpt>
      <trkpt lat="42.612292505800724" lon="140.9190321341157">
        <ele>113.6</ele>
      </trkpt>
      <trkpt lat="42.61236182413995" lon="140.9188851993531">
        <ele>113.8</ele>
      </trkpt>
      <trkpt lat="42.612429885193706" lon="140.9187469817698">
        <ele>114.0</ele>
      </trkpt>
      <trkpt lat="42.61248369701207" lon="140.91863751411438">
        <ele>114.4</ele>
      </trkpt>
      <trkpt lat="42.61259031482041" lon="140.91842126101255">
        <ele>115.0</ele>
      </trkpt>
      <trkpt lat="42.61262300424278" lon="140.9183479193598">
        <ele>115.2</ele>
      </trkpt>
      <trkpt lat="42.61265695095062" lon="140.9182731527835">
        <ele>115.2</ele>
      </trkpt>
      <trkpt lat="42.612755354493856" lon="140.91805195435882">
        <ele>115.2</ele>
      </trkpt>
      <trkpt lat="42.61285426095128" lon="140.91783796437085">
        <ele>115.6</ele>
      </trkpt>
      <trkpt lat="42.61287244968116" lon="140.91780393384397">
        <ele>115.6</ele>
      </trkpt>
      <trkpt lat="42.612891057506204" lon="140.91776906512678">
        <ele>115.8</ele>
      </trkpt>
      <trkpt lat="42.6129483897239" lon="140.917661273852">
        <ele>116.2</ele>
      </trkpt>
      <trkpt lat="42.613027011975646" lon="140.91750713065267">
        <ele>115.8</ele>
      </trkpt>
      <trkpt lat="42.61308618821204" lon="140.9174017701298">
        <ele>116.0</ele>
      </trkpt>
      <trkpt lat="42.61317905969918" lon="140.91722189448774">
        <ele>116.0</ele>
      </trkpt>
      <trkpt lat="42.613290874287486" lon="140.9170240815729">
        <ele>116.2</ele>
      </trkpt>
      <trkpt lat="42.61331828311086" lon="140.9169852733612">
        <ele>116.4</ele>
      </trkpt>
      <trkpt lat="42.61345373466611" lon="140.91678377240896">
        <ele>115.8</ele>
      </trkpt>
      <trkpt lat="42.61360720731318" lon="140.91659325174987">
        <ele>115.0</ele>
      </trkpt>
      <trkpt lat="42.61365951038897" lon="140.9165204130113">
        <ele>115.0</ele>
      </trkpt>
      <trkpt lat="42.61379571631551" lon="140.9163634199649">
        <ele>114.4</ele>
      </trkpt>
      <trkpt lat="42.61384667828679" lon="140.91630566865206">
        <ele>114.4</ele>
      </trkpt>
      <trkpt lat="42.61398347094655" lon="140.9161723125726">
        <ele>113.8</ele>
      </trkpt>
      <trkpt lat="42.614125460386276" lon="140.9160396270454">
        <ele>113.6</ele>
      </trkpt>
      <trkpt lat="42.61429376900196" lon="140.91590157710016">
        <ele>113.2</ele>
      </trkpt>
      <trkpt lat="42.61442427523434" lon="140.9158028382808">
        <ele>112.8</ele>
      </trkpt>
      <trkpt lat="42.61460021138191" lon="140.91568029485643">
        <ele>111.8</ele>
      </trkpt>
      <trkpt lat="42.614657543599606" lon="140.91563964262605">
        <ele>111.6</ele>
      </trkpt>
      <trkpt lat="42.61484110727906" lon="140.91551089659333">
        <ele>111.6</ele>
      </trkpt>
      <trkpt lat="42.61496474035084" lon="140.91542338952422">
        <ele>111.2</ele>
      </trkpt>
      <trkpt lat="42.61513941921294" lon="140.91529732570052">
        <ele>111.2</ele>
      </trkpt>
      <trkpt lat="42.61526321992278" lon="140.91520939953625">
        <ele>111.0</ele>
      </trkpt>
      <trkpt lat="42.615378219634295" lon="140.91512884944677">
        <ele>110.8</ele>
      </trkpt>
      <trkpt lat="42.615466229617596" lon="140.9150689188391">
        <ele>110.6</ele>
      </trkpt>
      <trkpt lat="42.61552548967302" lon="140.91502642259002">
        <ele>110.8</ele>
      </trkpt>
      <trkpt lat="42.615709472447634" lon="140.9148868639022">
        <ele>110.6</ele>
      </trkpt>
      <trkpt lat="42.61576630175114" lon="140.91484076343477">
        <ele>110.6</ele>
      </trkpt>
      <trkpt lat="42.61594533920288" lon="140.91470070183277">
        <ele>109.8</ele>
      </trkpt>
      <trkpt lat="42.616005605086684" lon="140.9146558586508">
        <ele>109.8</ele>
      </trkpt>
      <trkpt lat="42.61619218625128" lon="140.9145133662969">
        <ele>109.8</ele>
      </trkpt>
      <trkpt lat="42.61622185818851" lon="140.91448981314898">
        <ele>110.0</ele>
      </trkpt>
      <trkpt lat="42.61628639884293" lon="140.91443952172995">
        <ele>110.0</ele>
      </trkpt>
      <trkpt lat="42.61644464917481" lon="140.914318067953">
        <ele>109.6</ele>
      </trkpt>
      <trkpt lat="42.61660189367831" lon="140.91421438381076">
        <ele>109.2</ele>
      </trkpt>
      <trkpt lat="42.61676534079015" lon="140.91408379375935">
        <ele>109.4</ele>
      </trkpt>
      <trkpt lat="42.616857877001166" lon="140.91401455923915">
        <ele>109.2</ele>
      </trkpt>
      <trkpt lat="42.617042027413845" lon="140.91387692838907">
        <ele>109.6</ele>
      </trkpt>
      <trkpt lat="42.61709801852703" lon="140.91383510269225">
        <ele>109.6</ele>
      </trkpt>
      <trkpt lat="42.61727596633136" lon="140.91369839385152">
        <ele>110.6</ele>
      </trkpt>
      <trkpt lat="42.61733480729163" lon="140.91365589760244">
        <ele>110.8</ele>
      </trkpt>
      <trkpt lat="42.61736297048628" lon="140.91363502666354">
        <ele>110.8</ele>
      </trkpt>
      <trkpt lat="42.61750068515539" lon="140.9135273192078">
        <ele>111.0</ele>
      </trkpt>
      <trkpt lat="42.61760864406824" lon="140.913443332538">
        <ele>111.4</ele>
      </trkpt>
      <trkpt lat="42.617779886350036" lon="140.91331877745688">
        <ele>111.8</ele>
      </trkpt>
      <trkpt lat="42.61780989356339" lon="140.91329790651798">
        <ele>111.8</ele>
      </trkpt>
      <trkpt lat="42.61794174090028" lon="140.9132096450776">
        <ele>111.8</ele>
      </trkpt>
      <trkpt lat="42.6181220356375" lon="140.91306891292334">
        <ele>112.0</ele>
      </trkpt>
      <trkpt lat="42.61817333288491" lon="140.91303069144487">
        <ele>112.0</ele>
      </trkpt>
      <trkpt lat="42.6183292362839" lon="140.912893563509">
        <ele>111.4</ele>
      </trkpt>
      <trkpt lat="42.618414564058185" lon="140.9128182940185">
        <ele>111.2</ele>
      </trkpt>
      <trkpt lat="42.61858228594065" lon="140.91268996708095">
        <ele>111.4</ele>
      </trkpt>
      <trkpt lat="42.618610532954335" lon="140.91266037896276">
        <ele>111.2</ele>
      </trkpt>
      <trkpt lat="42.61875721625984" lon="140.91248804703355">
        <ele>111.2</ele>
      </trkpt>
      <trkpt lat="42.61880264617503" lon="140.9124268591404">
        <ele>111.2</ele>
      </trkpt>
      <trkpt lat="42.61886240914464" lon="140.91232493519783">
        <ele>110.6</ele>
      </trkpt>
      <trkpt lat="42.6189075037837" lon="140.9122474025935">
        <ele>110.4</ele>
      </trkpt>
      <trkpt lat="42.61903189122677" lon="140.9120552893728">
        <ele>110.4</ele>
      </trkpt>
      <trkpt lat="42.61907396838069" lon="140.91198563575745">
        <ele>110.4</ele>
      </trkpt>
      <trkpt lat="42.619200367480516" lon="140.91178287751973">
        <ele>110.4</ele>
      </trkpt>
      <trkpt lat="42.61921570636332" lon="140.91174465604126">
        <ele>110.4</ele>
      </trkpt>
      <trkpt lat="42.61930455453694" lon="140.91149722225964">
        <ele>110.8</ele>
      </trkpt>
      <trkpt lat="42.61931427754462" lon="140.91146889142692">
        <ele>110.8</ele>
      </trkpt>
      <trkpt lat="42.61937999166548" lon="140.91123905964196">
        <ele>111.0</ele>
      </trkpt>
      <trkpt lat="42.61939030140638" lon="140.91119061224163">
        <ele>110.8</ele>
      </trkpt>
      <trkpt lat="42.61947353370488" lon="140.9109259955585">
        <ele>111.0</ele>
      </trkpt>
      <trkpt lat="42.61950018815696" lon="140.91082382015884">
        <ele>111.0</ele>
      </trkpt>
      <trkpt lat="42.61959892697632" lon="140.91058552265167">
        <ele>111.4</ele>
      </trkpt>
      <trkpt lat="42.61961828917265" lon="140.91055434197187">
        <ele>111.4</ele>
      </trkpt>
      <trkpt lat="42.61975768022239" lon="140.9103685989976">
        <ele>111.4</ele>
      </trkpt>
      <trkpt lat="42.6198969874531" lon="140.91016978025436">
        <ele>110.4</ele>
      </trkpt>
      <trkpt lat="42.619918026030064" lon="140.9101310558617">
        <ele>110.4</ele>
      </trkpt>
      <trkpt lat="42.62005825527012" lon="140.90989728458226">
        <ele>110.8</ele>
      </trkpt>
      <trkpt lat="42.620110642164946" lon="140.90974339284003">
        <ele>110.8</ele>
      </trkpt>
      <trkpt lat="42.620112570002675" lon="140.90945899486542">
        <ele>110.8</ele>
      </trkpt>
      <trkpt lat="42.62008239515126" lon="140.90917526744306">
        <ele>110.8</ele>
      </trkpt>
      <trkpt lat="42.62008340097964" lon="140.90893127024174">
        <ele>111.0</ele>
      </trkpt>
      <trkpt lat="42.62009329162538" lon="140.90868584811687">
        <ele>111.2</ele>
      </trkpt>
      <trkpt lat="42.62010552920401" lon="140.9086375683546">
        <ele>110.8</ele>
      </trkpt>
      <trkpt lat="42.620179038494825" lon="140.90836096554995">
        <ele>110.8</ele>
      </trkpt>
      <trkpt lat="42.62028490193188" lon="140.90813943184912">
        <ele>111.0</ele>
      </trkpt>
      <trkpt lat="42.62036880478263" lon="140.90799920260906">
        <ele>111.6</ele>
      </trkpt>
      <trkpt lat="42.62041876092553" lon="140.9079096838832">
        <ele>112.0</ele>
      </trkpt>
      <trkpt lat="42.62050869874656" lon="140.90768722817302">
        <ele>112.6</ele>
      </trkpt>
      <trkpt lat="42.62053208425641" lon="140.90764431282878">
        <ele>112.6</ele>
      </trkpt>
      <trkpt lat="42.62059888802469" lon="140.90742110274732">
        <ele>112.8</ele>
      </trkpt>
      <trkpt lat="42.62064247392118" lon="140.90715866535902">
        <ele>113.6</ele>
      </trkpt>
      <trkpt lat="42.62064733542502" lon="140.90711113996804">
        <ele>113.8</ele>
      </trkpt>
      <trkpt lat="42.6206811144948" lon="140.9068378061056">
        <ele>113.2</ele>
      </trkpt>
      <trkpt lat="42.62069217860699" lon="140.90680243447423">
        <ele>113.2</ele>
      </trkpt>
      <trkpt lat="42.62074171565473" lon="140.90655667707324">
        <ele>113.2</ele>
      </trkpt>
      <trkpt lat="42.62075143866241" lon="140.90651527047157">
        <ele>113.2</ele>
      </trkpt>
      <trkpt lat="42.620824025943875" lon="140.90626071207225">
        <ele>113.4</ele>
      </trkpt>
      <trkpt lat="42.62083534151316" lon="140.9062277711928">
        <ele>113.4</ele>
      </trkpt>
      <trkpt lat="42.620921256020665" lon="140.90598293580115">
        <ele>113.2</ele>
      </trkpt>
      <trkpt lat="42.6209557056427" lon="140.90589643456042">
        <ele>113.0</ele>
      </trkpt>
      <trkpt lat="42.621058132499456" lon="140.90568579733372">
        <ele>113.4</ele>
      </trkpt>
      <trkpt lat="42.62114170007408" lon="140.90553584508598">
        <ele>113.4</ele>
      </trkpt>
      <trkpt lat="42.6212596334517" lon="140.90532227419317">
        <ele>113.0</ele>
      </trkpt>
      <trkpt lat="42.62128058820963" lon="140.90528363361955">
        <ele>113.0</ele>
      </trkpt>
      <trkpt lat="42.62131872586906" lon="140.90522018261254">
        <ele>112.8</ele>
      </trkpt>
      <trkpt lat="42.62145442888141" lon="140.90500962920487">
        <ele>113.4</ele>
      </trkpt>
      <trkpt lat="42.62148301117122" lon="140.90496830642223">
        <ele>113.6</ele>
      </trkpt>
      <trkpt lat="42.62157076969743" lon="140.90485280379653">
        <ele>113.4</ele>
      </trkpt>
      <trkpt lat="42.62171904556453" lon="140.90466873720288">
        <ele>113.2</ele>
      </trkpt>
      <trkpt lat="42.621860867366195" lon="140.90447410941124">
        <ele>113.0</ele>
      </trkpt>
      <trkpt lat="42.622022135183215" lon="140.90430052019656">
        <ele>113.2</ele>
      </trkpt>
      <trkpt lat="42.622049460187554" lon="140.90426900424063">
        <ele>113.2</ele>
      </trkpt>
      <trkpt lat="42.62223109602928" lon="140.9041417669505">
        <ele>113.2</ele>
      </trkpt>
      <trkpt lat="42.62241658754647" lon="140.9040392562747">
        <ele>113.2</ele>
      </trkpt>
      <trkpt lat="42.62244894169271" lon="140.904029449448">
        <ele>113.2</ele>
      </trkpt>
      <trkpt lat="42.62261934578419" lon="140.90397865511477">
        <ele>113.0</ele>
      </trkpt>
      <trkpt lat="42.62280366383493" lon="140.90393708087504">
        <ele>113.0</ele>
      </trkpt>
      <trkpt lat="42.62298437766731" lon="140.9038870409131">
        <ele>113.0</ele>
      </trkpt>
      <trkpt lat="42.623015474528074" lon="140.90386818163097">
        <ele>113.0</ele>
      </trkpt>
      <trkpt lat="42.623181687667966" lon="140.90380171313882">
        <ele>112.6</ele>
      </trkpt>
      <trkpt lat="42.62337547726929" lon="140.90370800346136">
        <ele>112.0</ele>
      </trkpt>
      <trkpt lat="42.62350196018815" lon="140.90367263182998">
        <ele>111.6</ele>
      </trkpt>
      <trkpt lat="42.623536828905344" lon="140.90366810560226">
        <ele>111.4</ele>
      </trkpt>
      <trkpt lat="42.623751321807504" lon="140.90365117415786">
        <ele>111.0</ele>
      </trkpt>
      <trkpt lat="42.62379130348563" lon="140.90365326963365">
        <ele>111.2</ele>
      </trkpt>
      <trkpt lat="42.62400068342686" lon="140.90366919524968">
        <ele>111.2</ele>
      </trkpt>
      <trkpt lat="42.62418936006725" lon="140.90368520468473">
        <ele>111.2</ele>
      </trkpt>
      <trkpt lat="42.62437694706023" lon="140.9037580434233">
        <ele>111.2</ele>
      </trkpt>
      <trkpt lat="42.62443662621081" lon="140.9037802554667">
        <ele>111.2</ele>
      </trkpt>
      <trkpt lat="42.6246234588325" lon="140.90385208837688">
        <ele>111.0</ele>
      </trkpt>
      <trkpt lat="42.62465899810195" lon="140.90385912917554">
        <ele>111.0</ele>
      </trkpt>
      <trkpt lat="42.6248377840966" lon="140.90395183302462">
        <ele>110.8</ele>
      </trkpt>
      <trkpt lat="42.624867875128984" lon="140.90395644307137">
        <ele>110.8</ele>
      </trkpt>
      <trkpt lat="42.62503241188824" lon="140.90404068119824">
        <ele>110.8</ele>
      </trkpt>
      <trkpt lat="42.62523525394499" lon="140.90407446026802">
        <ele>110.8</ele>
      </trkpt>
      <trkpt lat="42.62527129612863" lon="140.90408166870475">
        <ele>111.0</ele>
      </trkpt>
      <trkpt lat="42.6254768203944" lon="140.90410019271076">
        <ele>110.8</ele>
      </trkpt>
      <trkpt lat="42.62553700245917" lon="140.90410807169974">
        <ele>110.8</ele>
      </trkpt>
      <trkpt lat="42.625731797888875" lon="140.90410832315683">
        <ele>111.0</ele>
      </trkpt>
      <trkpt lat="42.625764487311244" lon="140.90409709140658">
        <ele>111.0</ele>
      </trkpt>
      <trkpt lat="42.62597403489053" lon="140.90405710972846">
        <ele>111.2</ele>
      </trkpt>
      <trkpt lat="42.626169081777334" lon="140.9040053933859">
        <ele>111.4</ele>
      </trkpt>
      <trkpt lat="42.6262001786381" lon="140.90399701148272">
        <ele>111.4</ele>
      </trkpt>
      <trkpt lat="42.62634191662073" lon="140.90393808670342">
        <ele>111.6</ele>
      </trkpt>
      <trkpt lat="42.626535119488835" lon="140.90383063070476">
        <ele>111.4</ele>
      </trkpt>
      <trkpt lat="42.626565881073475" lon="140.90381185524166">
        <ele>111.4</ele>
      </trkpt>
      <trkpt lat="42.626752965152264" lon="140.90371504426003">
        <ele>111.4</ele>
      </trkpt>
      <trkpt lat="42.62681423686445" lon="140.90367648750544">
        <ele>111.4</ele>
      </trkpt>
      <trkpt lat="42.62698598206043" lon="140.90356157161295">
        <ele>111.8</ele>
      </trkpt>
      <trkpt lat="42.6270395424217" lon="140.9035067539662">
        <ele>111.6</ele>
      </trkpt>
      <trkpt lat="42.62717985548079" lon="140.90332997962832">
        <ele>111.4</ele>
      </trkpt>
      <trkpt lat="42.62720810249448" lon="140.9033082704991">
        <ele>111.2</ele>
      </trkpt>
      <trkpt lat="42.62737741693854" lon="140.9031552169472">
        <ele>111.4</ele>
      </trkpt>
      <trkpt lat="42.62752963230014" lon="140.90298883616924">
        <ele>112.2</ele>
      </trkpt>
      <trkpt lat="42.62761244550347" lon="140.90290610678494">
        <ele>112.4</ele>
      </trkpt>
      <trkpt lat="42.62763960286975" lon="140.90287760831416">
        <ele>112.6</ele>
      </trkpt>
      <trkpt lat="42.62775150127709" lon="140.90276403352618">
        <ele>113.4</ele>
      </trkpt>
      <trkpt lat="42.62780221179128" lon="140.90270309709013">
        <ele>114.0</ele>
      </trkpt>
      <trkpt lat="42.62785426340997" lon="140.90265724807978">
        <ele>114.4</ele>
      </trkpt>
      <trkpt lat="42.627958953380585" lon="140.90255674906075">
        <ele>115.2</ele>
      </trkpt>
      <trkpt lat="42.628067415207624" lon="140.9024604409933">
        <ele>115.8</ele>
      </trkpt>
      <trkpt lat="42.62815433554351" lon="140.90239237993956">
        <ele>116.6</ele>
      </trkpt>
      <trkpt lat="42.6283173635602" lon="140.9022360574454">
        <ele>117.4</ele>
      </trkpt>
      <trkpt lat="42.62834133580327" lon="140.90220873244107">
        <ele>117.8</ele>
      </trkpt>
      <trkpt lat="42.628494473174214" lon="140.90204562060535">
        <ele>117.8</ele>
      </trkpt>
      <trkpt lat="42.62851878069341" lon="140.90201628394425">
        <ele>117.6</ele>
      </trkpt>
      <trkpt lat="42.62867661193013" lon="140.90183833613992">
        <ele>117.8</ele>
      </trkpt>
      <trkpt lat="42.62870209291577" lon="140.90181604027748">
        <ele>117.6</ele>
      </trkpt>
      <trkpt lat="42.62887115590274" lon="140.90165862813592">
        <ele>117.0</ele>
      </trkpt>
      <trkpt lat="42.62889638543129" lon="140.90163038112223">
        <ele>116.6</ele>
      </trkpt>
      <trkpt lat="42.6290375366807" lon="140.90148160234094">
        <ele>115.6</ele>
      </trkpt>
      <trkpt lat="42.62912403792143" lon="140.9013953525573">
        <ele>115.0</ele>
      </trkpt>
      <trkpt lat="42.6292344275862" lon="140.90128454379737">
        <ele>114.4</ele>
      </trkpt>
      <trkpt lat="42.629292933270335" lon="140.9012338332832">
        <ele>114.0</ele>
      </trkpt>
      <trkpt lat="42.62940810061991" lon="140.90111472643912">
        <ele>113.2</ele>
      </trkpt>
      <trkpt lat="42.62946618720889" lon="140.90107097290456">
        <ele>112.6</ele>
      </trkpt>
      <trkpt lat="42.629523519426584" lon="140.9010309074074">
        <ele>112.2</ele>
      </trkpt>
      <trkpt lat="42.62960432097316" lon="140.90095438063145">
        <ele>112.2</ele>
      </trkpt>
      <trkpt lat="42.62975553050637" lon="140.90076997876167">
        <ele>111.4</ele>
      </trkpt>
      <trkpt lat="42.62977631762624" lon="140.90073049999774">
        <ele>111.2</ele>
      </trkpt>
      <trkpt lat="42.629855778068304" lon="140.90057970955968">
        <ele>111.0</ele>
      </trkpt>
      <trkpt lat="42.62995510362089" lon="140.90038902126253">
        <ele>111.0</ele>
      </trkpt>
      <trkpt lat="42.630068343132734" lon="140.90017016977072">
        <ele>111.2</ele>
      </trkpt>
      <trkpt lat="42.63012299314141" lon="140.900059947744">
        <ele>111.2</ele>
      </trkpt>
      <trkpt lat="42.63023380190134" lon="140.89982609264553">
        <ele>111.4</ele>
      </trkpt>
      <trkpt lat="42.63025240972638" lon="140.89978829026222">
        <ele>111.0</ele>
      </trkpt>
      <trkpt lat="42.630364475771785" lon="140.8995773177594">
        <ele>110.8</ele>
      </trkpt>
      <trkpt lat="42.63038375414908" lon="140.89954462833703">
        <ele>111.0</ele>
      </trkpt>
      <trkpt lat="42.63049875386059" lon="140.89935142546892">
        <ele>111.4</ele>
      </trkpt>
      <trkpt lat="42.630540831014514" lon="140.8992768265307">
        <ele>111.4</ele>
      </trkpt>
      <trkpt lat="42.63069162145257" lon="140.89913081377745">
        <ele>111.6</ele>
      </trkpt>
      <trkpt lat="42.630721125751734" lon="140.89910910464823">
        <ele>111.6</ele>
      </trkpt>
      <trkpt lat="42.63087158091366" lon="140.89897574856877">
        <ele>110.6</ele>
      </trkpt>
      <trkpt lat="42.63102396391332" lon="140.8988788537681">
        <ele>110.0</ele>
      </trkpt>
      <trkpt lat="42.63105480931699" lon="140.89885613881052">
        <ele>110.0</ele>
      </trkpt>
      <trkpt lat="42.63122856616974" lon="140.898722615093">
        <ele>109.8</ele>
      </trkpt>
      <trkpt lat="42.631393102928996" lon="140.89856159873307">
        <ele>109.8</ele>
      </trkpt>
      <trkpt lat="42.631445322185755" lon="140.89850996620953">
        <ele>110.0</ele>
      </trkpt>
      <trkpt lat="42.63156836852431" lon="140.89842363260686">
        <ele>110.6</ele>
      </trkpt>
      <trkpt lat="42.631747825071216" lon="140.89833905920386">
        <ele>111.0</ele>
      </trkpt>
      <trkpt lat="42.63177967630327" lon="140.8983349520713">
        <ele>111.2</ele>
      </trkpt>
      <trkpt lat="42.63193340040743" lon="140.89828658849">
        <ele>112.0</ele>
      </trkpt>
      <trkpt lat="42.63200548477471" lon="140.89824643917382">
        <ele>112.0</ele>
      </trkpt>
      <trkpt lat="42.63207019306719" lon="140.8981985785067">
        <ele>112.0</ele>
      </trkpt>
      <trkpt lat="42.632215367630124" lon="140.8980532363057">
        <ele>111.8</ele>
      </trkpt>
      <trkpt lat="42.63235869817436" lon="140.8978658169508">
        <ele>112.0</ele>
      </trkpt>
      <trkpt lat="42.63248015195131" lon="140.8976512402296">
        <ele>112.0</ele>
      </trkpt>
      <trkpt lat="42.63260177336633" lon="140.89744554832578">
        <ele>112.2</ele>
      </trkpt>
      <trkpt lat="42.63261694461107" lon="140.89741855859756">
        <ele>112.2</ele>
      </trkpt>
      <trkpt lat="42.63273370452225" lon="140.89717992581427">
        <ele>112.2</ele>
      </trkpt>
      <trkpt lat="42.63277301564813" lon="140.89711773209274">
        <ele>112.2</ele>
      </trkpt>
      <trkpt lat="42.63289044611156" lon="140.89692318812013">
        <ele>112.4</ele>
      </trkpt>
      <trkpt lat="42.632938558235765" lon="140.89684071019292">
        <ele>112.4</ele>
      </trkpt>
      <trkpt lat="42.63307325541973" lon="140.8966661989689">
        <ele>111.8</ele>
      </trkpt>
      <trkpt lat="42.633118852972984" lon="140.89659587480128">
        <ele>111.6</ele>
      </trkpt>
      <trkpt lat="42.63318263925612" lon="140.89647794142365">
        <ele>111.4</ele>
      </trkpt>
      <trkpt lat="42.63322127982974" lon="140.8963876683265">
        <ele>111.0</ele>
      </trkpt>
      <trkpt lat="42.633330998942256" lon="140.89616336859763">
        <ele>110.8</ele>
      </trkpt>
      <trkpt lat="42.633344158530235" lon="140.896122045815">
        <ele>110.8</ele>
      </trkpt>
      <trkpt lat="42.63343820348382" lon="140.89588902890682">
        <ele>110.8</ele>
      </trkpt>
      <trkpt lat="42.63345337472856" lon="140.8958474546671">
        <ele>111.0</ele>
      </trkpt>
      <trkpt lat="42.63353643938899" lon="140.89559926651418">
        <ele>111.2</ele>
      </trkpt>
      <trkpt lat="42.633619755506516" lon="140.89535744860768">
        <ele>111.2</ele>
      </trkpt>
      <trkpt lat="42.633651020005345" lon="140.89526876807213">
        <ele>111.4</ele>
      </trkpt>
      <trkpt lat="42.633715476840734" lon="140.89501915499568">
        <ele>111.4</ele>
      </trkpt>
      <trkpt lat="42.63372017070651" lon="140.8949782513082">
        <ele>111.4</ele>
      </trkpt>
      <trkpt lat="42.63372494839132" lon="140.89471564628184">
        <ele>111.4</ele>
      </trkpt>
      <trkpt lat="42.63371279463172" lon="140.89451347477734">
        <ele>111.8</ele>
      </trkpt>
      <trkpt lat="42.633665604516864" lon="140.89426327496767">
        <ele>111.6</ele>
      </trkpt>
      <trkpt lat="42.63366091065109" lon="140.8942216169089">
        <ele>111.4</ele>
      </trkpt>
      <trkpt lat="42.63366476632655" lon="140.8941806294024">
        <ele>111.2</ele>
      </trkpt>
      <trkpt lat="42.63366116210818" lon="140.8941034320742">
        <ele>111.2</ele>
      </trkpt>
      <trkpt lat="42.633650936186314" lon="140.89385197497904">
        <ele>111.8</ele>
      </trkpt>
      <trkpt lat="42.63366166502237" lon="140.893719708547">
        <ele>112.0</ele>
      </trkpt>
      <trkpt lat="42.63366753235459" lon="140.89348434470594">
        <ele>112.4</ele>
      </trkpt>
      <trkpt lat="42.63367080129683" lon="140.89338996447623">
        <ele>112.6</ele>
      </trkpt>
      <trkpt lat="42.63371321372688" lon="140.8931345678866">
        <ele>113.0</ele>
      </trkpt>
      <trkpt lat="42.63380256481469" lon="140.89288394898176">
        <ele>112.8</ele>
      </trkpt>
      <trkpt lat="42.63381882570684" lon="140.89284103363752">
        <ele>112.8</ele>
      </trkpt>
      <trkpt lat="42.63392795808613" lon="140.8926105313003">
        <ele>112.6</ele>
      </trkpt>
      <trkpt lat="42.63394556008279" lon="140.89257189072669">
        <ele>112.6</ele>
      </trkpt>
      <trkpt lat="42.63406625948846" lon="140.8923753350973">
        <ele>112.8</ele>
      </trkpt>
      <trkpt lat="42.6341731287539" lon="140.8921665418893">
        <ele>112.8</ele>
      </trkpt>
      <trkpt lat="42.63421235606074" lon="140.89208867400885">
        <ele>112.6</ele>
      </trkpt>
      <trkpt lat="42.63422945514321" lon="140.89205145835876">
        <ele>112.6</ele>
      </trkpt>
      <trkpt lat="42.63431092724204" lon="140.8918145019561">
        <ele>112.4</ele>
      </trkpt>
      <trkpt lat="42.634398182854056" lon="140.8915674034506">
        <ele>112.8</ele>
      </trkpt>
      <trkpt lat="42.63443808071315" lon="140.89143857359886">
        <ele>113.0</ele>
      </trkpt>
      <trkpt lat="42.63450228609145" lon="140.8912853524089">
        <ele>113.4</ele>
      </trkpt>
      <trkpt lat="42.63455064967275" lon="140.89119968935847">
        <ele>113.2</ele>
      </trkpt>
      <trkpt lat="42.6346929743886" lon="140.89099542237818">
        <ele>112.8</ele>
      </trkpt>
      <trkpt lat="42.63471979647875" lon="140.89096499606967">
        <ele>112.8</ele>
      </trkpt>
      <trkpt lat="42.634870670735836" lon="140.8907790016383">
        <ele>112.4</ele>
      </trkpt>
      <trkpt lat="42.63492314144969" lon="140.8907182328403">
        <ele>112.4</ele>
      </trkpt>
      <trkpt lat="42.63501358218491" lon="140.89067389257252">
        <ele>112.0</ele>
      </trkpt>
      <trkpt lat="42.63520561158657" lon="140.89066425338387">
        <ele>111.6</ele>
      </trkpt>
      <trkpt lat="42.63540795072913" lon="140.89067372493446">
        <ele>111.4</ele>
      </trkpt>
      <trkpt lat="42.63544013723731" lon="140.89066903106868">
        <ele>111.4</ele>
      </trkpt>
      <trkpt lat="42.635472072288394" lon="140.8906629960984">
        <ele>111.2</ele>
      </trkpt>
      <trkpt lat="42.63560886494815" lon="140.89061957783997">
        <ele>111.0</ele>
      </trkpt>
      <trkpt lat="42.63580894097686" lon="140.89055327698588">
        <ele>110.6</ele>
      </trkpt>
      <trkpt lat="42.6358431391418" lon="140.89053810574114">
        <ele>110.6</ele>
      </trkpt>
      <trkpt lat="42.63600985519588" lon="140.8904378581792">
        <ele>111.0</ele>
      </trkpt>
      <trkpt lat="42.63603877276182" lon="140.89042126201093">
        <ele>111.2</ele>
      </trkpt>
      <trkpt lat="42.636217223480344" lon="140.89032227173448">
        <ele>111.6</ele>
      </trkpt>
      <trkpt lat="42.63624521903694" lon="140.8903049211949">
        <ele>111.4</ele>
      </trkpt>
      <trkpt lat="42.63643926009536" lon="140.8902137260884">
        <ele>111.4</ele>
      </trkpt>
      <trkpt lat="42.636495335027575" lon="140.89017500169575">
        <ele>111.2</ele>
      </trkpt>
      <trkpt lat="42.63665626756847" lon="140.8900308329612">
        <ele>111.4</ele>
      </trkpt>
      <trkpt lat="42.63671888038516" lon="140.88996260426939">
        <ele>111.4</ele>
      </trkpt>
      <trkpt lat="42.63684335164726" lon="140.8897736761719">
        <ele>111.4</ele>
      </trkpt>
      <trkpt lat="42.63691660948098" lon="140.88961014524102">
        <ele>111.4</ele>
      </trkpt>
      <trkpt lat="42.637049378827214" lon="140.88941761292517">
        <ele>111.8</ele>
      </trkpt>
      <trkpt lat="42.637096317484975" lon="140.88934888131917">
        <ele>111.8</ele>
      </trkpt>
      <trkpt lat="42.63722565025091" lon="140.88916464708745">
        <ele>112.2</ele>
      </trkpt>
      <trkpt lat="42.63724266551435" lon="140.88914084248245">
        <ele>112.2</ele>
      </trkpt>
      <trkpt lat="42.6372885145247" lon="140.8890722785145">
        <ele>112.4</ele>
      </trkpt>
      <trkpt lat="42.63744290918112" lon="140.8889047242701">
        <ele>112.4</ele>
      </trkpt>
      <trkpt lat="42.63752748258412" lon="140.88881872594357">
        <ele>112.4</ele>
      </trkpt>
      <trkpt lat="42.63765555806458" lon="140.888645472005">
        <ele>112.2</ele>
      </trkpt>
      <trkpt lat="42.63781355693936" lon="140.8885125350207">
        <ele>113.0</ele>
      </trkpt>
      <trkpt lat="42.637886982411146" lon="140.88842972181737">
        <ele>112.4</ele>
      </trkpt>
      <trkpt lat="42.638052524998784" lon="140.8882881514728">
        <ele>112.4</ele>
      </trkpt>
      <trkpt lat="42.6381432171911" lon="140.8882159832865">
        <ele>112.2</ele>
      </trkpt>
      <trkpt lat="42.63833072036505" lon="140.88810056447983">
        <ele>112.6</ele>
      </trkpt>
      <trkpt lat="42.638512859120965" lon="140.88799704797566">
        <ele>113.0</ele>
      </trkpt>
      <trkpt lat="42.63853750191629" lon="140.88797240518034">
        <ele>113.0</ele>
      </trkpt>
      <trkpt lat="42.63855854049325" lon="140.8879432361573">
        <ele>113.0</ele>
      </trkpt>
      <trkpt lat="42.63872265815735" lon="140.88781289756298">
        <ele>113.0</ele>
      </trkpt>
      <trkpt lat="42.63888342306018" lon="140.8877030108124">
        <ele>113.0</ele>
      </trkpt>
      <trkpt lat="42.638910580426455" lon="140.88766621425748">
        <ele>113.0</ele>
      </trkpt>
      <trkpt lat="42.63905885629356" lon="140.88747552596033">
        <ele>112.4</ele>
      </trkpt>
      <trkpt lat="42.63908098451793" lon="140.88744685985148">
        <ele>112.4</ele>
      </trkpt>
      <trkpt lat="42.63924124650657" lon="140.8873052895069">
        <ele>112.2</ele>
      </trkpt>
      <trkpt lat="42.639268320053816" lon="140.8872828260064">
        <ele>112.2</ele>
      </trkpt>
      <trkpt lat="42.63942237943411" lon="140.88711485266685">
        <ele>111.8</ele>
      </trkpt>
      <trkpt lat="42.639473928138614" lon="140.88705861009657">
        <ele>111.8</ele>
      </trkpt>
      <trkpt lat="42.63962907716632" lon="140.8868998568505">
        <ele>111.8</ele>
      </trkpt>
      <trkpt lat="42.63972580432892" lon="140.8867893833667">
        <ele>111.6</ele>
      </trkpt>
      <trkpt lat="42.63980937190354" lon="140.88670380413532">
        <ele>111.0</ele>
      </trkpt>
      <trkpt lat="42.639905931428075" lon="140.88658897206187">
        <ele>111.2</ele>
      </trkpt>
      <trkpt lat="42.64004942961037" lon="140.88640599511564">
        <ele>110.8</ele>
      </trkpt>
      <trkpt lat="42.64007030054927" lon="140.88637741282582">
        <ele>110.6</ele>
      </trkpt>
      <trkpt lat="42.640216648578644" lon="140.88620642200112">
        <ele>111.0</ele>
      </trkpt>
      <trkpt lat="42.64025998301804" lon="140.886134756729">
        <ele>111.2</ele>
      </trkpt>
      <trkpt lat="42.64038898050785" lon="140.88592135347426">
        <ele>111.0</ele>
      </trkpt>
      <trkpt lat="42.640440529212356" lon="140.88580501265824">
        <ele>111.2</ele>
      </trkpt>
      <trkpt lat="42.64056080952287" lon="140.8855977281928">
        <ele>111.0</ele>
      </trkpt>
      <trkpt lat="42.64061311259866" lon="140.88548918254673">
        <ele>111.0</ele>
      </trkpt>
      <trkpt lat="42.640706319361925" lon="140.8852541539818">
        <ele>110.8</ele>
      </trkpt>
      <trkpt lat="42.640756694599986" lon="140.88514560833573">
        <ele>111.0</ele>
      </trkpt>
      <trkpt lat="42.64082760550082" lon="140.8849078975618">
        <ele>111.4</ele>
      </trkpt>
      <trkpt lat="42.640898767858744" lon="140.88466046378016">
        <ele>111.6</ele>
      </trkpt>
      <trkpt lat="42.64096959494054" lon="140.88443499058485">
        <ele>111.8</ele>
      </trkpt>
      <trkpt lat="42.640975546091795" lon="140.88440515100956">
        <ele>111.8</ele>
      </trkpt>
      <trkpt lat="42.64104872010648" lon="140.88416148908436">
        <ele>111.6</ele>
      </trkpt>
      <trkpt lat="42.64105886220932" lon="140.88412553071976">
        <ele>111.6</ele>
      </trkpt>
      <trkpt lat="42.641068585217" lon="140.88400600478053">
        <ele>112.0</ele>
      </trkpt>
      <trkpt lat="42.64108316972852" lon="140.8837659470737">
        <ele>111.8</ele>
      </trkpt>
      <trkpt lat="42.64107394963503" lon="140.8834947925061">
        <ele>111.4</ele>
      </trkpt>
      <trkpt lat="42.64106120914221" lon="140.88340686634183">
        <ele>111.4</ele>
      </trkpt>
      <trkpt lat="42.64102851971984" lon="140.88322145864367">
        <ele>111.0</ele>
      </trkpt>
      <trkpt lat="42.64099733904004" lon="140.8831115718931">
        <ele>111.0</ele>
      </trkpt>
      <trkpt lat="42.640950651839375" lon="140.88287595659494">
        <ele>111.2</ele>
      </trkpt>
      <trkpt lat="42.640942772850394" lon="140.88283689692616">
        <ele>111.2</ele>
      </trkpt>
      <trkpt lat="42.640894912183285" lon="140.8825798239559">
        <ele>111.0</ele>
      </trkpt>
      <trkpt lat="42.6408611331135" lon="140.8823287859559">
        <ele>111.0</ele>
      </trkpt>
      <trkpt lat="42.64086431823671" lon="140.88222946040332">
        <ele>111.0</ele>
      </trkpt>
      <trkpt lat="42.64090639539063" lon="140.8820480760187">
        <ele>111.2</ele>
      </trkpt>
      <trkpt lat="42.64094168320298" lon="140.8819101098925">
        <ele>111.2</ele>
      </trkpt>
      <trkpt lat="42.64106238260865" lon="140.8817024063319">
        <ele>111.8</ele>
      </trkpt>
      <trkpt lat="42.641151985153556" lon="140.88159394450486">
        <ele>111.6</ele>
      </trkpt>
      <trkpt lat="42.64128316193819" lon="140.881377607584">
        <ele>111.4</ele>
      </trkpt>
      <trkpt lat="42.64141425490379" lon="140.88115263730288">
        <ele>111.2</ele>
      </trkpt>
      <trkpt lat="42.641435293480754" lon="140.8811204507947">
        <ele>111.2</ele>
      </trkpt>
      <trkpt lat="42.641573594883084" lon="140.88092640973628">
        <ele>111.0</ele>
      </trkpt>
      <trkpt lat="42.64160075224936" lon="140.88089380413294">
        <ele>110.8</ele>
      </trkpt>
      <trkpt lat="42.64173268340528" lon="140.8807057980448">
        <ele>110.6</ele>
      </trkpt>
      <trkpt lat="42.64177610166371" lon="140.88065064512193">
        <ele>110.6</ele>
      </trkpt>
      <trkpt lat="42.641876516863704" lon="140.88047814555466">
        <ele>110.8</ele>
      </trkpt>
      <trkpt lat="42.64200962148607" lon="140.88030572980642">
        <ele>110.6</ele>
      </trkpt>
      <trkpt lat="42.64215102419257" lon="140.8800934161991">
        <ele>110.6</ele>
      </trkpt>
      <trkpt lat="42.642167871817946" lon="140.88005418889225">
        <ele>110.6</ele>
      </trkpt>
      <trkpt lat="42.64228379353881" lon="140.87983902543783">
        <ele>111.0</ele>
      </trkpt>
      <trkpt lat="42.64230290427804" lon="140.8798066712916">
        <ele>111.0</ele>
      </trkpt>
      <trkpt lat="42.642407761886716" lon="140.87959335185587">
        <ele>111.0</ele>
      </trkpt>
      <trkpt lat="42.64244791120291" lon="140.87952218949795">
        <ele>111.0</ele>
      </trkpt>
      <trkpt lat="42.64255687594414" lon="140.8793236222118">
        <ele>111.2</ele>
      </trkpt>
      <trkpt lat="42.642579255625606" lon="140.87928137741983">
        <ele>111.2</ele>
      </trkpt>
      <trkpt lat="42.64271135441959" lon="140.87906311266124">
        <ele>111.2</ele>
      </trkpt>
      <trkpt lat="42.64275183901191" lon="140.8789956383407">
        <ele>111.2</ele>
      </trkpt>
      <trkpt lat="42.64286692254245" lon="140.8787781279534">
        <ele>111.2</ele>
      </trkpt>
      <trkpt lat="42.64288645237684" lon="140.87873931974173">
        <ele>111.4</ele>
      </trkpt>
      <trkpt lat="42.64301586896181" lon="140.87856489233673">
        <ele>111.6</ele>
      </trkpt>
      <trkpt lat="42.64305350370705" lon="140.87849414907396">
        <ele>111.4</ele>
      </trkpt>
      <trkpt lat="42.64317378401756" lon="140.87828845717013">
        <ele>111.0</ele>
      </trkpt>
      <trkpt lat="42.643224662169814" lon="140.87817622348666">
        <ele>111.0</ele>
      </trkpt>
      <trkpt lat="42.64331988058984" lon="140.87792241945863">
        <ele>110.8</ele>
      </trkpt>
      <trkpt lat="42.64335634186864" lon="140.87767037563026">
        <ele>110.4</ele>
      </trkpt>
      <trkpt lat="42.643356090411544" lon="140.87762461043894">
        <ele>110.4</ele>
      </trkpt>
      <trkpt lat="42.643367322161794" lon="140.87735270150006">
        <ele>110.4</ele>
      </trkpt>
      <trkpt lat="42.64334502629936" lon="140.87709822691977">
        <ele>110.6</ele>
      </trkpt>
      <trkpt lat="42.64333228580654" lon="140.87705992162228">
        <ele>110.8</ele>
      </trkpt>
      <trkpt lat="42.643300434574485" lon="140.87681726552546">
        <ele>110.8</ele>
      </trkpt>
      <trkpt lat="42.64326707459986" lon="140.8765658084303">
        <ele>110.4</ele>
      </trkpt>
      <trkpt lat="42.64325441792607" lon="140.8764457795769">
        <ele>110.4</ele>
      </trkpt>
      <trkpt lat="42.643224662169814" lon="140.8761735353619">
        <ele>110.6</ele>
      </trkpt>
      <trkpt lat="42.6432219799608" lon="140.8760950807482">
        <ele>110.8</ele>
      </trkpt>
      <trkpt lat="42.64324025250971" lon="140.87583230808377">
        <ele>111.0</ele>
      </trkpt>
      <trkpt lat="42.643250646069646" lon="140.87579014711082">
        <ele>111.0</ele>
      </trkpt>
      <trkpt lat="42.64330051839352" lon="140.87550583295524">
        <ele>111.2</ele>
      </trkpt>
      <trkpt lat="42.64337587170303" lon="140.8752459101379">
        <ele>111.0</ele>
      </trkpt>
      <trkpt lat="42.643483746796846" lon="140.87501004338264">
        <ele>110.8</ele>
      </trkpt>
      <trkpt lat="42.64354392886162" lon="140.87489252910018">
        <ele>111.0</ele>
      </trkpt>
      <trkpt lat="42.64369547367096" lon="140.87471961043775">
        <ele>110.8</ele>
      </trkpt>
      <trkpt lat="42.64385431073606" lon="140.87456203065813">
        <ele>110.8</ele>
      </trkpt>
      <trkpt lat="42.6440042629838" lon="140.87438575923443">
        <ele>110.8</ele>
      </trkpt>
      <trkpt lat="42.64407902956009" lon="140.87433949112892">
        <ele>110.8</ele>
      </trkpt>
      <trkpt lat="42.644159914925694" lon="140.8742944803089">
        <ele>110.8</ele>
      </trkpt>
      <trkpt lat="42.64423627406359" lon="140.8742453623563">
        <ele>110.8</ele>
      </trkpt>
      <trkpt lat="42.644408186897635" lon="140.87406573817134">
        <ele>111.0</ele>
      </trkpt>
      <trkpt lat="42.64456476084888" lon="140.87389457970858">
        <ele>111.0</ele>
      </trkpt>
      <trkpt lat="42.64458881691098" lon="140.8738663326949">
        <ele>111.0</ele>
      </trkpt>
      <trkpt lat="42.64471094124019" lon="140.87372618727386">
        <ele>111.2</ele>
      </trkpt>
      <trkpt lat="42.644847398623824" lon="140.87356022559106">
        <ele>112.0</ele>
      </trkpt>
      <trkpt lat="42.644894337281585" lon="140.87351848371327">
        <ele>112.2</ele>
      </trkpt>
      <trkpt lat="42.644948568195105" lon="140.87348428554833">
        <ele>112.2</ele>
      </trkpt>
      <trkpt lat="42.64514151960611" lon="140.87335771881044">
        <ele>112.8</ele>
      </trkpt>
      <trkpt lat="42.64517605304718" lon="140.8733388595283">
        <ele>112.8</ele>
      </trkpt>
      <trkpt lat="42.64531225897372" lon="140.87321589700878">
        <ele>113.0</ele>
      </trkpt>
      <trkpt lat="42.6454908773303" lon="140.87309083901346">
        <ele>113.0</ele>
      </trkpt>
      <trkpt lat="42.64551811851561" lon="140.87306368164718">
        <ele>112.8</ele>
      </trkpt>
      <trkpt lat="42.64566614292562" lon="140.87290870025754">
        <ele>113.0</ele>
      </trkpt>
      <trkpt lat="42.64571115374565" lon="140.87283544242382">
        <ele>113.0</ele>
      </trkpt>
      <trkpt lat="42.64582053758204" lon="140.8726200275123">
        <ele>113.0</ele>
      </trkpt>
      <trkpt lat="42.64591475017369" lon="140.8724072109908">
        <ele>112.8</ele>
      </trkpt>
      <trkpt lat="42.64594852924347" lon="140.87232967838645">
        <ele>112.8</ele>
      </trkpt>
      <trkpt lat="42.64603058807552" lon="140.87208107113838">
        <ele>112.4</ele>
      </trkpt>
      <trkpt lat="42.64605497941375" lon="140.87199280969799">
        <ele>112.4</ele>
      </trkpt>
      <trkpt lat="42.646121783182025" lon="140.87173573672771">
        <ele>112.0</ele>
      </trkpt>
      <trkpt lat="42.6461523771286" lon="140.87164906784892">
        <ele>112.0</ele>
      </trkpt>
      <trkpt lat="42.64623477123678" lon="140.8714045677334">
        <ele>112.0</ele>
      </trkpt>
      <trkpt lat="42.64626435935497" lon="140.87113517336547">
        <ele>112.0</ele>
      </trkpt>
      <trkpt lat="42.64626578427851" lon="140.87108831852674">
        <ele>111.8</ele>
      </trkpt>
      <trkpt lat="42.646252205595374" lon="140.8708331733942">
        <ele>112.2</ele>
      </trkpt>
      <trkpt lat="42.64622999355197" lon="140.870755976066">
        <ele>112.2</ele>
      </trkpt>
      <trkpt lat="42.64621532522142" lon="140.8704797923565">
        <ele>112.2</ele>
      </trkpt>
      <trkpt lat="42.64621247537434" lon="140.87034123949707">
        <ele>112.2</ele>
      </trkpt>
      <trkpt lat="42.646188670769334" lon="140.87008475326002">
        <ele>112.2</ele>
      </trkpt>
      <trkpt lat="42.64618598856032" lon="140.87004485540092">
        <ele>112.4</ele>
      </trkpt>
      <trkpt lat="42.64614902436733" lon="140.8697720244527">
        <ele>112.6</ele>
      </trkpt>
      <trkpt lat="42.646138463169336" lon="140.86970991455019">
        <ele>112.8</ele>
      </trkpt>
      <trkpt lat="42.64604441821575" lon="140.8694528415799">
        <ele>113.0</ele>
      </trkpt>
      <trkpt lat="42.64596797525883" lon="140.86922091431916">
        <ele>113.0</ele>
      </trkpt>
      <trkpt lat="42.64595531858504" lon="140.86917590349913">
        <ele>113.2</ele>
      </trkpt>
      <trkpt lat="42.64594710431993" lon="140.86889946833253">
        <ele>113.2</ele>
      </trkpt>
      <trkpt lat="42.64596068300307" lon="140.868853116408">
        <ele>113.2</ele>
      </trkpt>
      <trkpt lat="42.646057326346636" lon="140.86865496821702">
        <ele>113.0</ele>
      </trkpt>
      <trkpt lat="42.646214151754975" lon="140.8685048483312">
        <ele>113.2</ele>
      </trkpt>
      <trkpt lat="42.6463664509356" lon="140.86843913421035">
        <ele>112.4</ele>
      </trkpt>
      <trkpt lat="42.64648371376097" lon="140.86835078895092">
        <ele>112.0</ele>
      </trkpt>
      <trkpt lat="42.646506763994694" lon="140.86832145228982">
        <ele>112.0</ele>
      </trkpt>
      <trkpt lat="42.64659242704511" lon="140.86810687556863">
        <ele>112.0</ele>
      </trkpt>
      <trkpt lat="42.646630899980664" lon="140.86786639876664">
        <ele>111.2</ele>
      </trkpt>
      <trkpt lat="42.646647077053785" lon="140.86776807904243">
        <ele>111.0</ele>
      </trkpt>
      <trkpt lat="42.64665713533759" lon="140.86766934022307">
        <ele>111.0</ele>
      </trkpt>
      <trkpt lat="42.64665864408016" lon="140.867412770167">
        <ele>111.2</ele>
      </trkpt>
      <trkpt lat="42.64665529131889" lon="140.8673659991473">
        <ele>111.2</ele>
      </trkpt>
      <trkpt lat="42.64662059023976" lon="140.86710590869188">
        <ele>111.0</ele>
      </trkpt>
      <trkpt lat="42.646606927737594" lon="140.8669783361256">
        <ele>110.8</ele>
      </trkpt>
      <trkpt lat="42.64657247811556" lon="140.86673140525818">
        <ele>110.8</ele>
      </trkpt>
      <trkpt lat="42.64656065963209" lon="140.86664155125618">
        <ele>110.8</ele>
      </trkpt>
      <trkpt lat="42.64650315977633" lon="140.86637877859175">
        <ele>110.8</ele>
      </trkpt>
      <trkpt lat="42.64645043760538" lon="140.86615389212966">
        <ele>110.8</ele>
      </trkpt>
      <trkpt lat="42.646381789818406" lon="140.865911655128">
        <ele>110.6</ele>
      </trkpt>
      <trkpt lat="42.64635320752859" lon="140.86583085358143">
        <ele>110.6</ele>
      </trkpt>
      <trkpt lat="42.646335773169994" lon="140.8657929673791">
        <ele>110.6</ele>
      </trkpt>
      <trkpt lat="42.646320099011064" lon="140.8657509740442">
        <ele>110.6</ele>
      </trkpt>
      <trkpt lat="42.64622119255364" lon="140.8654985949397">
        <ele>110.6</ele>
      </trkpt>
      <trkpt lat="42.646190263330936" lon="140.8654259238392">
        <ele>110.6</ele>
      </trkpt>
      <trkpt lat="42.64609311707318" lon="140.86518980562687">
        <ele>110.6</ele>
      </trkpt>
      <trkpt lat="42.64603863470256" lon="140.86504697799683">
        <ele>110.6</ele>
      </trkpt>
      <trkpt lat="42.64593193307519" lon="140.86481396108866">
        <ele>110.6</ele>
      </trkpt>
      <trkpt lat="42.645920868963" lon="140.86478697136045">
        <ele>110.8</ele>
      </trkpt>
      <trkpt lat="42.645845683291554" lon="140.86461748927832">
        <ele>110.6</ele>
      </trkpt>
      <trkpt lat="42.64572615735233" lon="140.86440701968968">
        <ele>110.8</ele>
      </trkpt>
      <trkpt lat="42.64568919315934" lon="140.8643328398466">
        <ele>110.6</ele>
      </trkpt>
      <trkpt lat="42.645648289471865" lon="140.86423041298985">
        <ele>110.6</ele>
      </trkpt>
      <trkpt lat="42.64554594643414" lon="140.8640257269144">
        <ele>110.8</ele>
      </trkpt>
      <trkpt lat="42.645530104637146" lon="140.8639932051301">
        <ele>110.8</ele>
      </trkpt>
      <trkpt lat="42.64542709104717" lon="140.86374811828136">
        <ele>110.8</ele>
      </trkpt>
      <trkpt lat="42.64536187984049" lon="140.86357578635216">
        <ele>110.8</ele>
      </trkpt>
      <trkpt lat="42.64529046602547" lon="140.86330932565033">
        <ele>110.8</ele>
      </trkpt>
      <trkpt lat="42.645257860422134" lon="140.86319474503398">
        <ele>110.8</ele>
      </trkpt>
      <trkpt lat="42.64521025121212" lon="140.86295569315553">
        <ele>111.2</ele>
      </trkpt>
      <trkpt lat="42.645201701670885" lon="140.86286743171513">
        <ele>111.2</ele>
      </trkpt>
      <trkpt lat="42.64518627896905" lon="140.86278025992215">
        <ele>111.2</ele>
      </trkpt>
      <trkpt lat="42.645157193765044" lon="140.86252871900797">
        <ele>111.0</ele>
      </trkpt>
      <trkpt lat="42.64514680020511" lon="140.8624405413866">
        <ele>111.0</ele>
      </trkpt>
      <trkpt lat="42.64511528424919" lon="140.862169386819">
        <ele>111.4</ele>
      </trkpt>
      <trkpt lat="42.645097179338336" lon="140.86202521808445">
        <ele>111.6</ele>
      </trkpt>
      <trkpt lat="42.64506717212498" lon="140.86175825446844">
        <ele>111.2</ele>
      </trkpt>
      <trkpt lat="42.64504990540445" lon="140.86162665858865">
        <ele>111.8</ele>
      </trkpt>
      <trkpt lat="42.645035069435835" lon="140.8614753652364">
        <ele>112.0</ele>
      </trkpt>
      <trkpt lat="42.64502325095236" lon="140.86130504496396">
        <ele>111.6</ele>
      </trkpt>
      <trkpt lat="42.644978826865554" lon="140.86102215573192">
        <ele>111.6</ele>
      </trkpt>
      <trkpt lat="42.644969103857875" lon="140.86097035557032">
        <ele>111.6</ele>
      </trkpt>
      <trkpt lat="42.644934486597776" lon="140.8607887197286">
        <ele>112.0</ele>
      </trkpt>
      <trkpt lat="42.644916381686926" lon="140.86062083020806">
        <ele>111.8</ele>
      </trkpt>
      <trkpt lat="42.644888469949365" lon="140.8603703789413">
        <ele>112.0</ele>
      </trkpt>
      <trkpt lat="42.64488243497908" lon="140.86025957018137">
        <ele>112.2</ele>
      </trkpt>
      <trkpt lat="42.644847482442856" lon="140.86001532152295">
        <ele>112.2</ele>
      </trkpt>
      <trkpt lat="42.64481973834336" lon="140.85979806259274">
        <ele>113.0</ele>
      </trkpt>
      <trkpt lat="42.64481697231531" lon="140.85976637899876">
        <ele>113.0</ele>
      </trkpt>
      <trkpt lat="42.644790820777416" lon="140.859560854733">
        <ele>113.2</ele>
      </trkpt>
      <trkpt lat="42.6447588019073" lon="140.85932498797774">
        <ele>114.0</ele>
      </trkpt>
      <trkpt lat="42.644736589863896" lon="140.85912575013936">
        <ele>114.0</ele>
      </trkpt>
      <trkpt lat="42.6447244361043" lon="140.85900027304888">
        <ele>114.2</ele>
      </trkpt>
      <trkpt lat="42.64468898065388" lon="140.85874353535473">
        <ele>114.4</ele>
      </trkpt>
      <trkpt lat="42.64467146247625" lon="140.85857899859548">
        <ele>115.0</ele>
      </trkpt>
      <trkpt lat="42.644637264311314" lon="140.85829879157245">
        <ele>115.0</ele>
      </trkpt>
      <trkpt lat="42.64459208585322" lon="140.85803484544158">
        <ele>115.0</ele>
      </trkpt>
      <trkpt lat="42.6445690356195" lon="140.8578501921147">
        <ele>114.6</ele>
      </trkpt>
      <trkpt lat="42.64452620409429" lon="140.85759756155312">
        <ele>115.2</ele>
      </trkpt>
      <trkpt lat="42.644503405317664" lon="140.8573842421174">
        <ele>115.4</ele>
      </trkpt>
      <trkpt lat="42.64446845278144" lon="140.85712222382426">
        <ele>115.2</ele>
      </trkpt>
      <trkpt lat="42.64445152133703" lon="140.85694930516183">
        <ele>115.2</ele>
      </trkpt>
      <trkpt lat="42.64441774226725" lon="140.8566833473742">
        <ele>115.2</ele>
      </trkpt>
      <trkpt lat="42.644398882985115" lon="140.8565430343151">
        <ele>115.2</ele>
      </trkpt>
      <trkpt lat="42.64436401426792" lon="140.8562866318971">
        <ele>115.2</ele>
      </trkpt>
      <trkpt lat="42.64435236342251" lon="140.85619803518057">
        <ele>115.2</ele>
      </trkpt>
      <trkpt lat="42.64432202093303" lon="140.8559198398143">
        <ele>115.2</ele>
      </trkpt>
      <trkpt lat="42.64429000206292" lon="140.85564985871315">
        <ele>115.2</ele>
      </trkpt>
      <trkpt lat="42.64425588771701" lon="140.85538247600198">
        <ele>115.2</ele>
      </trkpt>
      <trkpt lat="42.64424331486225" lon="140.8552995789796">
        <ele>114.8</ele>
      </trkpt>
      <trkpt lat="42.64420819468796" lon="140.8550326153636">
        <ele>114.2</ele>
      </trkpt>
      <trkpt lat="42.6441839709878" lon="140.8548384066671">
        <ele>114.2</ele>
      </trkpt>
      <trkpt lat="42.64414667151868" lon="140.85455870255828">
        <ele>113.8</ele>
      </trkpt>
      <trkpt lat="42.644127141684294" lon="140.85442995652556">
        <ele>114.0</ele>
      </trkpt>
      <trkpt lat="42.644096380099654" lon="140.85414798930287">
        <ele>113.6</ele>
      </trkpt>
      <trkpt lat="42.64406335540116" lon="140.8539115358144">
        <ele>113.4</ele>
      </trkpt>
      <trkpt lat="42.64403309673071" lon="140.8536580670625">
        <ele>113.4</ele>
      </trkpt>
      <trkpt lat="42.64401792548597" lon="140.85351817309856">
        <ele>113.4</ele>
      </trkpt>
      <trkpt lat="42.64400149695575" lon="140.85339286364615">
        <ele>113.2</ele>
      </trkpt>
      <trkpt lat="42.64396914280951" lon="140.85315045900643">
        <ele>112.8</ele>
      </trkpt>
      <trkpt lat="42.64396294020116" lon="140.85310352034867">
        <ele>112.8</ele>
      </trkpt>
      <trkpt lat="42.64395732432604" lon="140.8530554920435">
        <ele>112.8</ele>
      </trkpt>
      <trkpt lat="42.64392253942788" lon="140.85279087536037">
        <ele>112.8</ele>
      </trkpt>
      <trkpt lat="42.64390795491636" lon="140.85265844129026">
        <ele>112.8</ele>
      </trkpt>
      <trkpt lat="42.64387174509466" lon="140.85239147767425">
        <ele>111.8</ele>
      </trkpt>
      <trkpt lat="42.64386353082955" lon="140.85234546102583">
        <ele>111.8</ele>
      </trkpt>
      <trkpt lat="42.64385581947863" lon="140.85230405442417">
        <ele>111.8</ele>
      </trkpt>
      <trkpt lat="42.643818939104676" lon="140.85203918628395">
        <ele>111.8</ele>
      </trkpt>
      <trkpt lat="42.64381315559149" lon="140.8519999589771">
        <ele>111.6</ele>
      </trkpt>
      <trkpt lat="42.64377870596945" lon="140.8517145551741">
        <ele>111.2</ele>
      </trkpt>
      <trkpt lat="42.64377166517079" lon="140.85166686214507">
        <ele>111.2</ele>
      </trkpt>
      <trkpt lat="42.64373218640685" lon="140.85140685550869">
        <ele>110.8</ele>
      </trkpt>
      <trkpt lat="42.64371952973306" lon="140.85132831707597">
        <ele>110.4</ele>
      </trkpt>
      <trkpt lat="42.6436813082546" lon="140.85107660852373">
        <ele>109.8</ele>
      </trkpt>
      <trkpt lat="42.64367393217981" lon="140.8509430848062">
        <ele>109.6</ele>
      </trkpt>
      <trkpt lat="42.64366521500051" lon="140.8508548233658">
        <ele>109.2</ele>
      </trkpt>
      <trkpt lat="42.64363579452038" lon="140.85062113590539">
        <ele>108.8</ele>
      </trkpt>
      <trkpt lat="42.64361970126629" lon="140.85044922307134">
        <ele>108.6</ele>
      </trkpt>
      <trkpt lat="42.64360838569701" lon="140.85030999965966">
        <ele>108.8</ele>
      </trkpt>
      <trkpt lat="42.643581395968795" lon="140.850043958053">
        <ele>108.8</ele>
      </trkpt>
      <trkpt lat="42.64356790110469" lon="140.84991060197353">
        <ele>108.8</ele>
      </trkpt>
      <trkpt lat="42.64353579841554" lon="140.8496375195682">
        <ele>109.4</ele>
      </trkpt>
      <trkpt lat="42.64351652003825" lon="140.8495006430894">
        <ele>109.2</ele>
      </trkpt>
      <trkpt lat="42.64348877593875" lon="140.84931012243032">
        <ele>109.0</ele>
      </trkpt>
      <trkpt lat="42.64346346259117" lon="140.84912421181798">
        <ele>108.8</ele>
      </trkpt>
      <trkpt lat="42.64344971626997" lon="140.84891248494387">
        <ele>109.6</ele>
      </trkpt>
      <trkpt lat="42.643442088738084" lon="140.848778039217">
        <ele>109.6</ele>
      </trkpt>
      <trkpt lat="42.64339841902256" lon="140.84852322936058">
        <ele>109.8</ele>
      </trkpt>
      <trkpt lat="42.64337352477014" lon="140.84835827350616">
        <ele>110.0</ele>
      </trkpt>
      <trkpt lat="42.64333681203425" lon="140.84811897017062">
        <ele>110.2</ele>
      </trkpt>
      <trkpt lat="42.64332164078951" lon="140.84791084751487">
        <ele>111.0</ele>
      </trkpt>
      <trkpt lat="42.64330940321088" lon="140.84764287807047">
        <ele>110.6</ele>
      </trkpt>
      <trkpt lat="42.643315102905035" lon="140.84755478426814">
        <ele>110.6</ele>
      </trkpt>
      <trkpt lat="42.64332750812173" lon="140.84727122448385">
        <ele>110.8</ele>
      </trkpt>
      <trkpt lat="42.643341505900025" lon="140.84718815982342">
        <ele>110.4</ele>
      </trkpt>
      <trkpt lat="42.64337679371238" lon="140.847052289173">
        <ele>110.2</ele>
      </trkpt>
      <trkpt lat="42.64344837516546" lon="140.84678725339472">
        <ele>109.8</ele>
      </trkpt>
      <trkpt lat="42.64357536099851" lon="140.84656689316034">
        <ele>109.8</ele>
      </trkpt>
      <trkpt lat="42.64361333101988" lon="140.846489360556">
        <ele>109.6</ele>
      </trkpt>
      <trkpt lat="42.64373738318682" lon="140.84630571305752">
        <ele>109.4</ele>
      </trkpt>
      <trkpt lat="42.643761187791824" lon="140.8462731912732">
        <ele>109.2</ele>
      </trkpt>
      <trkpt lat="42.643860932439566" lon="140.84614754654467">
        <ele>108.8</ele>
      </trkpt>
      <trkpt lat="42.644035862758756" lon="140.84599792957306">
        <ele>108.4</ele>
      </trkpt>
      <trkpt lat="42.64410903677344" lon="140.84591494873166">
        <ele>108.2</ele>
      </trkpt>
      <trkpt lat="42.64413468539715" lon="140.84588368423283">
        <ele>108.2</ele>
      </trkpt>
      <trkpt lat="42.64429536648095" lon="140.8457126095891">
        <ele>109.2</ele>
      </trkpt>
      <trkpt lat="42.644417406991124" lon="140.84559945389628">
        <ele>108.4</ele>
      </trkpt>
      <trkpt lat="42.64457465149462" lon="140.8454356715083">
        <ele>108.8</ele>
      </trkpt>
      <trkpt lat="42.644638270139694" lon="140.84535730071366">
        <ele>109.0</ele>
      </trkpt>
      <trkpt lat="42.64480615966022" lon="140.8451835438609">
        <ele>109.0</ele>
      </trkpt>
      <trkpt lat="42.64486877247691" lon="140.84510492160916">
        <ele>109.0</ele>
      </trkpt>
      <trkpt lat="42.64496583491564" lon="140.8449786901474">
        <ele>109.0</ele>
      </trkpt>
      <trkpt lat="42.645024759694934" lon="140.8448647800833">
        <ele>109.0</ele>
      </trkpt>
      <trkpt lat="42.64515199698508" lon="140.844663111493">
        <ele>109.0</ele>
      </trkpt>
      <trkpt lat="42.64521662145853" lon="140.84455682896078">
        <ele>109.2</ele>
      </trkpt>
      <trkpt lat="42.64531871303916" lon="140.8443536516279">
        <ele>109.0</ele>
      </trkpt>
      <trkpt lat="42.6454393286258" lon="140.84413756616414">
        <ele>109.2</ele>
      </trkpt>
      <trkpt lat="42.64545399695635" lon="140.84409741684794">
        <ele>109.2</ele>
      </trkpt>
      <trkpt lat="42.64555231668055" lon="140.8438599575311">
        <ele>109.6</ele>
      </trkpt>
      <trkpt lat="42.64560151845217" lon="140.84374219179153">
        <ele>109.6</ele>
      </trkpt>
      <trkpt lat="42.645690366625786" lon="140.8434957638383">
        <ele>109.8</ele>
      </trkpt>
      <trkpt lat="42.64571802690625" lon="140.84340264089406">
        <ele>109.8</ele>
      </trkpt>
      <trkpt lat="42.64580436050892" lon="140.8431580569595">
        <ele>109.4</ele>
      </trkpt>
      <trkpt lat="42.645846689119935" lon="140.8430309034884">
        <ele>109.8</ele>
      </trkpt>
      <trkpt lat="42.64585917815566" lon="140.84298748522997">
        <ele>110.0</ele>
      </trkpt>
      <trkpt lat="42.64592221006751" lon="140.8427335973829">
        <ele>110.0</ele>
      </trkpt>
      <trkpt lat="42.645963029935956" lon="140.84255296736956">
        <ele>110.0</ele>
      </trkpt>
      <trkpt lat="42.64598373323679" lon="140.8424124866724">
        <ele>110.2</ele>
      </trkpt>
      <trkpt lat="42.6460022572428" lon="140.8421695791185">
        <ele>110.2</ele>
      </trkpt>
      <trkpt lat="42.64599161222577" lon="140.84188291803002">
        <ele>110.4</ele>
      </trkpt>
      <trkpt lat="42.64598867855966" lon="140.84184461273253">
        <ele>110.4</ele>
      </trkpt>
      <trkpt lat="42.64596797525883" lon="140.8415649086237">
        <ele>110.6</ele>
      </trkpt>
      <trkpt lat="42.645960096269846" lon="140.841520819813">
        <ele>110.6</ele>
      </trkpt>
      <trkpt lat="42.645925311371684" lon="140.8412699494511">
        <ele>111.0</ele>
      </trkpt>
      <trkpt lat="42.645912654697895" lon="140.84119769744575">
        <ele>111.2</ele>
      </trkpt>
      <trkpt lat="42.64590980485082" lon="140.84115335717797">
        <ele>111.2</ele>
      </trkpt>
      <trkpt lat="42.645895052701235" lon="140.8408894110471">
        <ele>111.8</ele>
      </trkpt>
      <trkpt lat="42.645886335521936" lon="140.84079704247415">
        <ele>111.8</ele>
      </trkpt>
      <trkpt lat="42.645873511210084" lon="140.84068137221038">
        <ele>112.0</ele>
      </trkpt>
      <trkpt lat="42.645873595029116" lon="140.84040745161474">
        <ele>112.0</ele>
      </trkpt>
      <trkpt lat="42.64588683843613" lon="140.84027845412493">
        <ele>112.2</ele>
      </trkpt>
      <trkpt lat="42.64592665247619" lon="140.84008089266717">
        <ele>112.4</ele>
      </trkpt>
      <trkpt lat="42.645999575033784" lon="140.83983287215233">
        <ele>112.8</ele>
      </trkpt>
      <trkpt lat="42.64601399190724" lon="140.8397926390171">
        <ele>112.8</ele>
      </trkpt>
      <trkpt lat="42.646100241690874" lon="140.83956968039274">
        <ele>112.6</ele>
      </trkpt>
      <trkpt lat="42.646114407107234" lon="140.83953908644617">
        <ele>112.6</ele>
      </trkpt>
      <trkpt lat="42.64621574431658" lon="140.83930380642414">
        <ele>113.2</ele>
      </trkpt>
      <trkpt lat="42.646259078755975" lon="140.83924278616905">
        <ele>113.2</ele>
      </trkpt>
      <trkpt lat="42.6462853141129" lon="140.8392138686031">
        <ele>113.2</ele>
      </trkpt>
      <trkpt lat="42.64641456305981" lon="140.83906232379377">
        <ele>113.4</ele>
      </trkpt>
      <trkpt lat="42.64658999629319" lon="140.8389273751527">
        <ele>113.6</ele>
      </trkpt>
      <trkpt lat="42.646694434806705" lon="140.83882972598076">
        <ele>113.6</ele>
      </trkpt>
      <trkpt lat="42.64685050584376" lon="140.83866024389863">
        <ele>114.0</ele>
      </trkpt>
      <trkpt lat="42.64691496267915" lon="140.83856561221182">
        <ele>113.6</ele>
      </trkpt>
      <trkpt lat="42.647046223282814" lon="140.838352041319">
        <ele>113.4</ele>
      </trkpt>
      <trkpt lat="42.6470847800374" lon="140.83827861584723">
        <ele>113.4</ele>
      </trkpt>
      <trkpt lat="42.64717941172421" lon="140.83804920315742">
        <ele>113.4</ele>
      </trkpt>
      <trkpt lat="42.647202629595995" lon="140.837974101305">
        <ele>113.6</ele>
      </trkpt>
      <trkpt lat="42.64725174754858" lon="140.83769699558616">
        <ele>113.2</ele>
      </trkpt>
      <trkpt lat="42.6472679246217" lon="140.83756196312606">
        <ele>112.6</ele>
      </trkpt>
      <trkpt lat="42.64729441143572" lon="140.83739935420454">
        <ele>112.2</ele>
      </trkpt>
      <trkpt lat="42.64731293544173" lon="140.83730480633676">
        <ele>112.0</ele>
      </trkpt>
      <trkpt lat="42.647372614592314" lon="140.8370348252356">
        <ele>111.2</ele>
      </trkpt>
      <trkpt lat="42.647382505238056" lon="140.83698478527367">
        <ele>111.2</ele>
      </trkpt>
      <trkpt lat="42.64742030762136" lon="140.8367277123034">
        <ele>110.6</ele>
      </trkpt>
      <trkpt lat="42.647451823577285" lon="140.8365963678807">
        <ele>110.2</ele>
      </trkpt>
      <trkpt lat="42.64747713692486" lon="140.83650735206902">
        <ele>109.8</ele>
      </trkpt>
      <trkpt lat="42.64754720963538" lon="140.836250949651">
        <ele>109.8</ele>
      </trkpt>
      <trkpt lat="42.64757067896426" lon="140.83618263714015">
        <ele>109.8</ele>
      </trkpt>
      <trkpt lat="42.6476564258337" lon="140.835968144238">
        <ele>110.0</ele>
      </trkpt>
      <trkpt lat="42.64772876165807" lon="140.83588667213917">
        <ele>110.4</ele>
      </trkpt>
      <trkpt lat="42.6478673145175" lon="140.8357733488083">
        <ele>111.2</ele>
      </trkpt>
      <trkpt lat="42.6479259878397" lon="140.83574912510812">
        <ele>111.6</ele>
      </trkpt>
      <trkpt lat="42.64801844023168" lon="140.83571777679026">
        <ele>112.4</ele>
      </trkpt>
      <trkpt lat="42.64820979908109" lon="140.83567938767374">
        <ele>113.2</ele>
      </trkpt>
      <trkpt lat="42.64823796227574" lon="140.83567176014185">
        <ele>113.4</ele>
      </trkpt>
      <trkpt lat="42.64839914627373" lon="140.8355976641178">
        <ele>114.2</ele>
      </trkpt>
      <trkpt lat="42.64842630364001" lon="140.83557997830212">
        <ele>114.4</ele>
      </trkpt>
      <trkpt lat="42.64857969246805" lon="140.83544184453785">
        <ele>114.4</ele>
      </trkpt>
      <trkpt lat="42.64868488535285" lon="140.83520480431616">
        <ele>114.4</ele>
      </trkpt>
      <trkpt lat="42.64873023144901" lon="140.83492753095925">
        <ele>114.6</ele>
      </trkpt>
      <trkpt lat="42.64872679486871" lon="140.83489182405174">
        <ele>114.6</ele>
      </trkpt>
      <trkpt lat="42.648669965565205" lon="140.83463542163372">
        <ele>114.0</ele>
      </trkpt>
      <trkpt lat="42.64865504577756" lon="140.83459577523172">
        <ele>114.0</ele>
      </trkpt>
      <trkpt lat="42.64853107742965" lon="140.83439419046044">
        <ele>113.8</ele>
      </trkpt>
      <trkpt lat="42.64848497696221" lon="140.83432914689183">
        <ele>114.0</ele>
      </trkpt>
      <trkpt lat="42.648348519578576" lon="140.83413133397698">
        <ele>113.8</ele>
      </trkpt>
      <trkpt lat="42.6483057718724" lon="140.83407098427415">
        <ele>113.6</ele>
      </trkpt>
      <trkpt lat="42.64822346158326" lon="140.83394466899335">
        <ele>113.4</ele>
      </trkpt>
      <trkpt lat="42.648101169615984" lon="140.83378021605313">
        <ele>113.6</ele>
      </trkpt>
      <trkpt lat="42.64796135947108" lon="140.8335887733847">
        <ele>113.2</ele>
      </trkpt>
      <trkpt lat="42.64791349880397" lon="140.8335211314261">
        <ele>113.0</ele>
      </trkpt>
      <trkpt lat="42.647892627865076" lon="140.83348928019404">
        <ele>113.0</ele>
      </trkpt>
      <trkpt lat="42.64774477109313" lon="140.8333083987236">
        <ele>113.0</ele>
      </trkpt>
      <trkpt lat="42.64767528511584" lon="140.83321569487453">
        <ele>112.8</ele>
      </trkpt>
      <trkpt lat="42.647523237392306" lon="140.83302735351026">
        <ele>112.4</ele>
      </trkpt>
      <trkpt lat="42.64750152826309" lon="140.8329983521253">
        <ele>112.2</ele>
      </trkpt>
      <trkpt lat="42.64743103645742" lon="140.83290673792362">
        <ele>112.0</ele>
      </trkpt>
      <trkpt lat="42.64727714471519" lon="140.83272946067154">
        <ele>111.6</ele>
      </trkpt>
      <trkpt lat="42.64717756770551" lon="140.83261873573065">
        <ele>111.2</ele>
      </trkpt>
      <trkpt lat="42.64714999124408" lon="140.83258864469826">
        <ele>111.2</ele>
      </trkpt>
      <trkpt lat="42.64700238592923" lon="140.8324060868472">
        <ele>110.6</ele>
      </trkpt>
      <trkpt lat="42.64689275063574" lon="140.832273485139">
        <ele>110.2</ele>
      </trkpt>
      <trkpt lat="42.646868359297514" lon="140.83224683068693">
        <ele>110.2</ele>
      </trkpt>
      <trkpt lat="42.64680029824376" lon="140.83215915597975">
        <ele>110.2</ele>
      </trkpt>
      <trkpt lat="42.64671128243208" lon="140.83201163448393">
        <ele>110.0</ele>
      </trkpt>
      <trkpt lat="42.646647999063134" lon="140.83192714489996">
        <ele>110.2</ele>
      </trkpt>
      <trkpt lat="42.64649494551122" lon="140.83174710161984">
        <ele>109.0</ele>
      </trkpt>
      <trkpt lat="42.64637575484812" lon="140.83159966394305">
        <ele>109.2</ele>
      </trkpt>
      <trkpt lat="42.646329989656806" lon="140.83153126761317">
        <ele>109.2</ele>
      </trkpt>
      <trkpt lat="42.64618892222643" lon="140.8313410822302">
        <ele>108.6</ele>
      </trkpt>
      <trkpt lat="42.646093955263495" lon="140.83121300674975">
        <ele>108.8</ele>
      </trkpt>
      <trkpt lat="42.64595347456634" lon="140.83104922436178">
        <ele>108.6</ele>
      </trkpt>
      <trkpt lat="42.64587870799005" lon="140.83095325157046">
        <ele>108.4</ele>
      </trkpt>
      <trkpt lat="42.645734371617436" lon="140.83076499402523">
        <ele>108.0</ele>
      </trkpt>
      <trkpt lat="42.64559271745384" lon="140.83058746531606">
        <ele>108.4</ele>
      </trkpt>
      <trkpt lat="42.64556757174432" lon="140.83055838011205">
        <ele>108.4</ele>
      </trkpt>
      <trkpt lat="42.64543010853231" lon="140.83038135431707">
        <ele>108.6</ele>
      </trkpt>
      <trkpt lat="42.6453875284642" lon="140.83031740039587">
        <ele>108.4</ele>
      </trkpt>
      <trkpt lat="42.645246712490916" lon="140.83014087751508">
        <ele>108.8</ele>
      </trkpt>
      <trkpt lat="42.645179154351354" lon="140.8300563879311">
        <ele>108.4</ele>
      </trkpt>
      <trkpt lat="42.64507228508592" lon="140.8299175836146">
        <ele>108.4</ele>
      </trkpt>
      <trkpt lat="42.64494211412966" lon="140.82977165468037">
        <ele>108.2</ele>
      </trkpt>
      <trkpt lat="42.644800040870905" lon="140.82958817481995">
        <ele>107.8</ele>
      </trkpt>
      <trkpt lat="42.644753186032176" lon="140.82952179014683">
        <ele>108.0</ele>
      </trkpt>
      <trkpt lat="42.64461119659245" lon="140.829355744645">
        <ele>108.2</ele>
      </trkpt>
      <trkpt lat="42.64449041336775" lon="140.82917989231646">
        <ele>108.4</ele>
      </trkpt>
      <trkpt lat="42.64433945529163" lon="140.8289968315512">
        <ele>108.0</ele>
      </trkpt>
      <trkpt lat="42.64428631402552" lon="140.828924998641">
        <ele>108.2</ele>
      </trkpt>
      <trkpt lat="42.64414926990867" lon="140.82873104140162">
        <ele>108.2</ele>
      </trkpt>
      <trkpt lat="42.64407659880817" lon="140.82863984629512">
        <ele>108.6</ele>
      </trkpt>
      <trkpt lat="42.64393972232938" lon="140.8284471463412">
        <ele>108.8</ele>
      </trkpt>
      <trkpt lat="42.64380846172571" lon="140.82827607169747">
        <ele>108.8</ele>
      </trkpt>
      <trkpt lat="42.64378457330167" lon="140.82824212498963">
        <ele>108.8</ele>
      </trkpt>
      <trkpt lat="42.64364451169968" lon="140.8280499279499">
        <ele>108.6</ele>
      </trkpt>
      <trkpt lat="42.64352833852172" lon="140.82790860906243">
        <ele>108.8</ele>
      </trkpt>
      <trkpt lat="42.64338685199618" lon="140.82770878449082">
        <ele>108.8</ele>
      </trkpt>
      <trkpt lat="42.64336128719151" lon="140.8276761788875">
        <ele>108.8</ele>
      </trkpt>
      <trkpt lat="42.64321275986731" lon="140.8274893462658">
        <ele>108.8</ele>
      </trkpt>
      <trkpt lat="42.64308946207166" lon="140.82733461633325">
        <ele>109.0</ele>
      </trkpt>
      <trkpt lat="42.642947221174836" lon="140.82715641707182">
        <ele>109.0</ele>
      </trkpt>
      <trkpt lat="42.64289994724095" lon="140.82709246315062">
        <ele>109.2</ele>
      </trkpt>
      <trkpt lat="42.642877819016576" lon="140.82706111483276">
        <ele>109.2</ele>
      </trkpt>
      <trkpt lat="42.642716467380524" lon="140.82688735798">
        <ele>109.2</ele>
      </trkpt>
      <trkpt lat="42.642662320286036" lon="140.8268312830478">
        <ele>109.2</ele>
      </trkpt>
      <trkpt lat="42.642607586458325" lon="140.8267808239907">
        <ele>109.2</ele>
      </trkpt>
      <trkpt lat="42.64245520345867" lon="140.82661452703178">
        <ele>109.4</ele>
      </trkpt>
      <trkpt lat="42.64239912852645" lon="140.82655887119472">
        <ele>109.2</ele>
      </trkpt>
      <trkpt lat="42.64222361147404" lon="140.82641168497503">
        <ele>109.2</ele>
      </trkpt>
      <trkpt lat="42.64219452627003" lon="140.8263872936368">
        <ele>109.2</ele>
      </trkpt>
      <trkpt lat="42.64203468337655" lon="140.82622393034399">
        <ele>109.6</ele>
      </trkpt>
      <trkpt lat="42.64192177914083" lon="140.82612125203013">
        <ele>109.4</ele>
      </trkpt>
      <trkpt lat="42.641753973439336" lon="140.82598278298974">
        <ele>109.6</ele>
      </trkpt>
      <trkpt lat="42.64161969535053" lon="140.8258775062859">
        <ele>109.2</ele>
      </trkpt>
      <trkpt lat="42.64145859517157" lon="140.8257540408522">
        <ele>109.4</ele>
      </trkpt>
      <trkpt lat="42.64137854799628" lon="140.82569402642548">
        <ele>109.6</ele>
      </trkpt>
      <trkpt lat="42.64120797626674" lon="140.8255543000996">
        <ele>109.6</ele>
      </trkpt>
      <trkpt lat="42.641088366508484" lon="140.82544625736773">
        <ele>109.4</ele>
      </trkpt>
      <trkpt lat="42.64092382974923" lon="140.82530443556607">
        <ele>109.6</ele>
      </trkpt>
      <trkpt lat="42.64087068848312" lon="140.82525582052767">
        <ele>109.4</ele>
      </trkpt>
      <trkpt lat="42.640710175037384" lon="140.82513126544654">
        <ele>109.2</ele>
      </trkpt>
      <trkpt lat="42.64059106819332" lon="140.8250634558499">
        <ele>109.2</ele>
      </trkpt>
      <trkpt lat="42.6403933390975" lon="140.82496320828795">
        <ele>109.2</ele>
      </trkpt>
      <trkpt lat="42.64037121087313" lon="140.82495524547994">
        <ele>109.2</ele>
      </trkpt>
      <trkpt lat="42.64018915593624" lon="140.8248928003013">
        <ele>108.6</ele>
      </trkpt>
      <trkpt lat="42.64016032218933" lon="140.8248877711594">
        <ele>108.6</ele>
      </trkpt>
      <trkpt lat="42.63998136855662" lon="140.82485608756542">
        <ele>109.0</ele>
      </trkpt>
      <trkpt lat="42.63986410573125" lon="140.8248290978372">
        <ele>109.0</ele>
      </trkpt>
      <trkpt lat="42.639798475429416" lon="140.82481090910733">
        <ele>108.8</ele>
      </trkpt>
      <trkpt lat="42.63967199251056" lon="140.82476757466793">
        <ele>109.0</ele>
      </trkpt>
      <trkpt lat="42.63948096893728" lon="140.8246670756489">
        <ele>108.8</ele>
      </trkpt>
      <trkpt lat="42.639449536800385" lon="140.82464737817645">
        <ele>108.8</ele>
      </trkpt>
      <trkpt lat="42.63926949352026" lon="140.8244992699474">
        <ele>108.6</ele>
      </trkpt>
      <trkpt lat="42.63921861536801" lon="140.82444738596678">
        <ele>108.6</ele>
      </trkpt>
      <trkpt lat="42.63906857930124" lon="140.82424990832806">
        <ele>108.6</ele>
      </trkpt>
      <trkpt lat="42.638996075838804" lon="140.82415376789868">
        <ele>108.6</ele>
      </trkpt>
      <trkpt lat="42.63888115994632" lon="140.8239400293678">
        <ele>108.6</ele>
      </trkpt>
      <trkpt lat="42.638844614848495" lon="140.82386962138116">
        <ele>108.8</ele>
      </trkpt>
      <trkpt lat="42.63874269090593" lon="140.8236601576209">
        <ele>108.6</ele>
      </trkpt>
      <trkpt lat="42.63870715163648" lon="140.82357918843627">
        <ele>108.8</ele>
      </trkpt>
      <trkpt lat="42.63860447332263" lon="140.82333871163428">
        <ele>109.0</ele>
      </trkpt>
      <trkpt lat="42.6385732088238" lon="140.82326017320156">
        <ele>109.0</ele>
      </trkpt>
      <trkpt lat="42.63846566900611" lon="140.82302070222795">
        <ele>108.6</ele>
      </trkpt>
      <trkpt lat="42.638390231877565" lon="140.82287611439824">
        <ele>108.6</ele>
      </trkpt>
      <trkpt lat="42.63828746974468" lon="140.82265248522162">
        <ele>108.6</ele>
      </trkpt>
      <trkpt lat="42.638234328478575" lon="140.82253857515752">
        <ele>108.6</ele>
      </trkpt>
      <trkpt lat="42.63811597600579" lon="140.82233003340662">
        <ele>108.4</ele>
      </trkpt>
      <trkpt lat="42.63804783113301" lon="140.822235904634">
        <ele>108.2</ele>
      </trkpt>
      <trkpt lat="42.63802343979478" lon="140.82220757380128">
        <ele>108.0</ele>
      </trkpt>
      <trkpt lat="42.6378876529634" lon="140.8220421988517">
        <ele>108.0</ele>
      </trkpt>
      <trkpt lat="42.6378376968205" lon="140.8219885546714">
        <ele>108.0</ele>
      </trkpt>
      <trkpt lat="42.63768690638244" lon="140.8218260295689">
        <ele>108.0</ele>
      </trkpt>
      <trkpt lat="42.63760669156909" lon="140.82173969596624">
        <ele>108.0</ele>
      </trkpt>
      <trkpt lat="42.63746093027294" lon="140.82157985307276">
        <ele>107.8</ele>
      </trkpt>
      <trkpt lat="42.637369902804494" lon="140.82146334461868">
        <ele>107.4</ele>
      </trkpt>
      <trkpt lat="42.63731776736677" lon="140.82140785641968">
        <ele>107.4</ele>
      </trkpt>
      <trkpt lat="42.637162450701" lon="140.8212537970394">
        <ele>107.4</ele>
      </trkpt>
      <trkpt lat="42.637088019400835" lon="140.82117098383605">
        <ele>107.4</ele>
      </trkpt>
      <trkpt lat="42.63694418594241" lon="140.8210048545152">
        <ele>107.4</ele>
      </trkpt>
      <trkpt lat="42.63687654398382" lon="140.82092204131186">
        <ele>107.8</ele>
      </trkpt>
      <trkpt lat="42.63672323897481" lon="140.8207669761032">
        <ele>107.4</ele>
      </trkpt>
      <trkpt lat="42.63661134056747" lon="140.82066002301872">
        <ele>107.4</ele>
      </trkpt>
      <trkpt lat="42.636460633948445" lon="140.8204850088805">
        <ele>107.4</ele>
      </trkpt>
      <trkpt lat="42.636360386386514" lon="140.82037755288184">
        <ele>107.6</ele>
      </trkpt>
      <trkpt lat="42.63620515353978" lon="140.82021486014128">
        <ele>107.6</ele>
      </trkpt>
      <trkpt lat="42.636083867400885" lon="140.82007303833961">
        <ele>107.2</ele>
      </trkpt>
      <trkpt lat="42.63592679053545" lon="140.81990204751492">
        <ele>107.2</ele>
      </trkpt>
      <trkpt lat="42.63579930178821" lon="140.81976483576">
        <ele>107.2</ele>
      </trkpt>
      <trkpt lat="42.63563702814281" lon="140.81963935866952">
        <ele>107.8</ele>
      </trkpt>
      <trkpt lat="42.635496044531465" lon="140.8195433858782">
        <ele>107.8</ele>
      </trkpt>
      <trkpt lat="42.635326562449336" lon="140.81945336423814">
        <ele>108.2</ele>
      </trkpt>
      <trkpt lat="42.63526897877455" lon="140.81943886354566">
        <ele>108.4</ele>
      </trkpt>
      <trkpt lat="42.635090444236994" lon="140.8193829562515">
        <ele>108.8</ele>
      </trkpt>
      <trkpt lat="42.63503051362932" lon="140.81936644390225">
        <ele>108.8</ele>
      </trkpt>
      <trkpt lat="42.6348430942744" lon="140.81931246444583">
        <ele>109.0</ele>
      </trkpt>
      <trkpt lat="42.63478400185704" lon="140.81929586827755">
        <ele>109.2</ele>
      </trkpt>
      <trkpt lat="42.6345859374851" lon="140.8192246221006">
        <ele>109.4</ele>
      </trkpt>
      <trkpt lat="42.634496754035354" lon="140.81920442171395">
        <ele>109.4</ele>
      </trkpt>
      <trkpt lat="42.63429827056825" lon="140.81912169232965">
        <ele>109.6</ele>
      </trkpt>
      <trkpt lat="42.634170949459076" lon="140.8190568163991">
        <ele>109.4</ele>
      </trkpt>
      <trkpt lat="42.63396559283137" lon="140.8189690578729">
        <ele>109.2</ele>
      </trkpt>
      <trkpt lat="42.63386433944106" lon="140.81892170011997">
        <ele>108.8</ele>
      </trkpt>
      <trkpt lat="42.63367658481002" lon="140.81882170401514">
        <ele>109.0</ele>
      </trkpt>
      <trkpt lat="42.63359653763473" lon="140.81878239288926">
        <ele>109.2</ele>
      </trkpt>
      <trkpt lat="42.63341926038265" lon="140.81869823858142">
        <ele>109.2</ele>
      </trkpt>
      <trkpt lat="42.633350444957614" lon="140.81868331879377">
        <ele>109.2</ele>
      </trkpt>
      <trkpt lat="42.63316394761205" lon="140.8186096418649">
        <ele>109.2</ele>
      </trkpt>
      <trkpt lat="42.63313611969352" lon="140.8186014275998">
        <ele>109.2</ele>
      </trkpt>
      <trkpt lat="42.63292824849486" lon="140.8186130784452">
        <ele>109.4</ele>
      </trkpt>
      <trkpt lat="42.6327362190932" lon="140.81871198490262">
        <ele>109.6</ele>
      </trkpt>
      <trkpt lat="42.63271258212626" lon="140.8187256474048">
        <ele>109.6</ele>
      </trkpt>
      <trkpt lat="42.63253723271191" lon="140.81882463768125">
        <ele>109.8</ele>
      </trkpt>
      <trkpt lat="42.63238359242678" lon="140.8189357817173">
        <ele>109.6</ele>
      </trkpt>
      <trkpt lat="42.63220547698438" lon="140.8190536312759">
        <ele>109.4</ele>
      </trkpt>
      <trkpt lat="42.632148480042815" lon="140.819075088948">
        <ele>109.6</ele>
      </trkpt>
      <trkpt lat="42.631957456469536" lon="140.81918916665018">
        <ele>110.0</ele>
      </trkpt>
      <trkpt lat="42.63192728161812" lon="140.81919578835368">
        <ele>110.0</ele>
      </trkpt>
      <trkpt lat="42.63175251893699" lon="140.81925731152296">
        <ele>109.4</ele>
      </trkpt>
      <trkpt lat="42.63171270489693" lon="140.81926460377872">
        <ele>109.4</ele>
      </trkpt>
      <trkpt lat="42.6315260399133" lon="140.81930173560977">
        <ele>109.6</ele>
      </trkpt>
      <trkpt lat="42.63145286589861" lon="140.8193216007203">
        <ele>109.8</ele>
      </trkpt>
      <trkpt lat="42.63126586563885" lon="140.81934104673564">
        <ele>109.2</ele>
      </trkpt>
      <trkpt lat="42.63116268441081" lon="140.8193887397647">
        <ele>109.6</ele>
      </trkpt>
      <trkpt lat="42.63095975853503" lon="140.81935504451394">
        <ele>109.4</ele>
      </trkpt>
      <trkpt lat="42.63090846128762" lon="140.81933601759374">
        <ele>109.6</ele>
      </trkpt>
      <trkpt lat="42.63069463893771" lon="140.81930936314166">
        <ele>109.0</ele>
      </trkpt>
      <trkpt lat="42.630663542076945" lon="140.81929461099207">
        <ele>109.0</ele>
      </trkpt>
      <trkpt lat="42.6304689142853" lon="140.81928815692663">
        <ele>109.2</ele>
      </trkpt>
      <trkpt lat="42.6304292678833" lon="140.81928639672697">
        <ele>109.2</ele>
      </trkpt>
      <trkpt lat="42.63023589737713" lon="140.81926284357905">
        <ele>109.6</ele>
      </trkpt>
      <trkpt lat="42.63004914857447" lon="140.81920266151428">
        <ele>109.8</ele>
      </trkpt>
      <trkpt lat="42.62987270951271" lon="140.81913091242313">
        <ele>109.8</ele>
      </trkpt>
      <trkpt lat="42.62984085828066" lon="140.8191216085106">
        <ele>109.8</ele>
      </trkpt>
      <trkpt lat="42.62964162044227" lon="140.81909839063883">
        <ele>109.6</ele>
      </trkpt>
      <trkpt lat="42.62957716360688" lon="140.81906938925385">
        <ele>109.4</ele>
      </trkpt>
      <trkpt lat="42.6293708011508" lon="140.81903049722314">
        <ele>109.8</ele>
      </trkpt>
      <trkpt lat="42.629259740933776" lon="140.81900602206588">
        <ele>109.8</ele>
      </trkpt>
      <trkpt lat="42.629070561379194" lon="140.81892874091864">
        <ele>109.2</ele>
      </trkpt>
      <trkpt lat="42.62896712869406" lon="140.81888565793633">
        <ele>109.4</ele>
      </trkpt>
      <trkpt lat="42.62876998633146" lon="140.8188760187477">
        <ele>109.4</ele>
      </trkpt>
      <trkpt lat="42.62867409735918" lon="140.8188802935183">
        <ele>109.4</ele>
      </trkpt>
      <trkpt lat="42.6284830737859" lon="140.8188528008759">
        <ele>109.6</ele>
      </trkpt>
      <trkpt lat="42.62844879180193" lon="140.81884341314435">
        <ele>109.8</ele>
      </trkpt>
      <trkpt lat="42.628233125433326" lon="140.81886663101614">
        <ele>109.8</ele>
      </trkpt>
      <trkpt lat="42.62816975824535" lon="140.8188731689006">
        <ele>109.8</ele>
      </trkpt>
      <trkpt lat="42.62798376381397" lon="140.81884601153433">
        <ele>109.8</ele>
      </trkpt>
      <trkpt lat="42.62783230282366" lon="140.81881809979677">
        <ele>109.8</ele>
      </trkpt>
      <trkpt lat="42.62762661091983" lon="140.81876303069293">
        <ele>110.0</ele>
      </trkpt>
      <trkpt lat="42.62754153460264" lon="140.8187372982502">
        <ele>110.0</ele>
      </trkpt>
      <trkpt lat="42.627366688102484" lon="140.81861299462616">
        <ele>109.8</ele>
      </trkpt>
      <trkpt lat="42.627348247915506" lon="140.81857544369996">
        <ele>109.8</ele>
      </trkpt>
      <trkpt lat="42.627329556271434" lon="140.81854007206857">
        <ele>109.6</ele>
      </trkpt>
      <trkpt lat="42.62726677581668" lon="140.81829523667693">
        <ele>109.8</ele>
      </trkpt>
      <trkpt lat="42.62728622183204" lon="140.81800673156977">
        <ele>110.4</ele>
      </trkpt>
      <trkpt lat="42.62730189599097" lon="140.81793271936476">
        <ele>110.6</ele>
      </trkpt>
      <trkpt lat="42.62736618518829" lon="140.81769567914307">
        <ele>110.2</ele>
      </trkpt>
      <trkpt lat="42.627387223765254" lon="140.8176169730723">
        <ele>110.2</ele>
      </trkpt>
      <trkpt lat="42.627425361424685" lon="140.8173707127571">
        <ele>110.2</ele>
      </trkpt>
      <trkpt lat="42.62742284685373" lon="140.8172958623618">
        <ele>110.4</ele>
      </trkpt>
      <trkpt lat="42.62739677913487" lon="140.81705094315112">
        <ele>110.6</ele>
      </trkpt>
      <trkpt lat="42.627298794686794" lon="140.8168360311538">
        <ele>110.6</ele>
      </trkpt>
      <trkpt lat="42.627279348671436" lon="140.81679596565664">
        <ele>110.6</ele>
      </trkpt>
      <trkpt lat="42.62713585048914" lon="140.8166455104947">
        <ele>110.4</ele>
      </trkpt>
      <trkpt lat="42.62710609473288" lon="140.81661650910974">
        <ele>110.4</ele>
      </trkpt>
      <trkpt lat="42.62693200260401" lon="140.81656730733812">
        <ele>110.4</ele>
      </trkpt>
      <trkpt lat="42.626727567985654" lon="140.81662790849805">
        <ele>110.2</ele>
      </trkpt>
      <trkpt lat="42.62669554911554" lon="140.81664609722793">
        <ele>110.2</ele>
      </trkpt>
      <trkpt lat="42.62654065154493" lon="140.816736118868">
        <ele>110.0</ele>
      </trkpt>
      <trkpt lat="42.6265041064471" lon="140.81673502922058">
        <ele>110.0</ele>
      </trkpt>
      <trkpt lat="42.626313334330916" lon="140.81674332730472">
        <ele>110.4</ele>
      </trkpt>
      <trkpt lat="42.626186767593026" lon="140.8166906889528">
        <ele>110.0</ele>
      </trkpt>
      <trkpt lat="42.62605835683644" lon="140.81668398343027">
        <ele>110.0</ele>
      </trkpt>
      <trkpt lat="42.62593782506883" lon="140.81657904200256">
        <ele>110.2</ele>
      </trkpt>
      <trkpt lat="42.62578519061208" lon="140.81644811667502">
        <ele>110.2</ele>
      </trkpt>
      <trkpt lat="42.62575535103679" lon="140.81642171368003">
        <ele>110.4</ele>
      </trkpt>
      <trkpt lat="42.62562585063279" lon="140.8162451069802">
        <ele>110.6</ele>
      </trkpt>
      <trkpt lat="42.62554639019072" lon="140.81603011116385">
        <ele>110.0</ele>
      </trkpt>
      <trkpt lat="42.62547858059406" lon="140.8158000279218">
        <ele>110.6</ele>
      </trkpt>
      <trkpt lat="42.625461649149656" lon="140.81576817668974">
        <ele>110.6</ele>
      </trkpt>
      <trkpt lat="42.62545008212328" lon="140.81573481671512">
        <ele>110.6</ele>
      </trkpt>
      <trkpt lat="42.62537179514766" lon="140.8154969383031">
        <ele>110.0</ele>
      </trkpt>
      <trkpt lat="42.625250006094575" lon="140.81529334187508">
        <ele>110.0</ele>
      </trkpt>
      <trkpt lat="42.625205498188734" lon="140.81523014232516">
        <ele>110.0</ele>
      </trkpt>
      <trkpt lat="42.62506124563515" lon="140.8150214329362">
        <ele>110.4</ele>
      </trkpt>
      <trkpt lat="42.62503576464951" lon="140.81493124365807">
        <ele>110.2</ele>
      </trkpt>
      <trkpt lat="42.62496896088123" lon="140.81475949846208">
        <ele>110.8</ele>
      </trkpt>
      <trkpt lat="42.62496141716838" lon="140.81472395919263">
        <ele>110.8</ele>
      </trkpt>
      <trkpt lat="42.62494155205786" lon="140.81445037387311">
        <ele>111.0</ele>
      </trkpt>
      <trkpt lat="42.624947000294924" lon="140.81438574939966">
        <ele>111.0</ele>
      </trkpt>
      <trkpt lat="42.62496393173933" lon="140.81410160288215">
        <ele>111.2</ele>
      </trkpt>
      <trkpt lat="42.625026712194085" lon="140.81395441666245">
        <ele>111.2</ele>
      </trkpt>
      <trkpt lat="42.625076500698924" lon="140.81373749300838">
        <ele>110.8</ele>
      </trkpt>
      <trkpt lat="42.62502729892731" lon="140.81352367065847">
        <ele>110.6</ele>
      </trkpt>
      <trkpt lat="42.624989077448845" lon="140.81337170675397">
        <ele>111.4</ele>
      </trkpt>
      <trkpt lat="42.62494591064751" lon="140.8132153004408">
        <ele>111.4</ele>
      </trkpt>
      <trkpt lat="42.62491255067289" lon="140.81310901790857">
        <ele>111.6</ele>
      </trkpt>
      <trkpt lat="42.62481892481446" lon="140.81285471096635">
        <ele>111.8</ele>
      </trkpt>
      <trkpt lat="42.62473686598241" lon="140.8126936107874">
        <ele>112.2</ele>
      </trkpt>
      <trkpt lat="42.62466922402382" lon="140.81259738653898">
        <ele>111.8</ele>
      </trkpt>
      <trkpt lat="42.62451633810997" lon="140.81248892471194">
        <ele>111.4</ele>
      </trkpt>
      <trkpt lat="42.6244075410068" lon="140.81240921281278">
        <ele>111.2</ele>
      </trkpt>
      <trkpt lat="42.62435004115105" lon="140.81237258389592">
        <ele>111.6</ele>
      </trkpt>
      <trkpt lat="42.62420604005456" lon="140.8122569974512">
        <ele>111.6</ele>
      </trkpt>
      <trkpt lat="42.62409154325724" lon="140.81199347041547">
        <ele>112.2</ele>
      </trkpt>
      <trkpt lat="42.62406874448061" lon="140.81192214041948">
        <ele>112.2</ele>
      </trkpt>
      <trkpt lat="42.624005964025855" lon="140.81166917458177">
        <ele>112.4</ele>
      </trkpt>
      <trkpt lat="42.62399003840983" lon="140.81156423315406">
        <ele>112.4</ele>
      </trkpt>
      <trkpt lat="42.62393144890666" lon="140.8113053161651">
        <ele>112.2</ele>
      </trkpt>
      <trkpt lat="42.623913176357746" lon="140.8112701959908">
        <ele>112.2</ele>
      </trkpt>
      <trkpt lat="42.62374830432236" lon="140.8111810963601">
        <ele>112.2</ele>
      </trkpt>
      <trkpt lat="42.62354386970401" lon="140.81116441637278">
        <ele>112.0</ele>
      </trkpt>
      <trkpt lat="42.62336516752839" lon="140.81113130785525">
        <ele>111.2</ele>
      </trkpt>
      <trkpt lat="42.623337507247925" lon="140.81111035309732">
        <ele>111.2</ele>
      </trkpt>
      <trkpt lat="42.62316006235778" lon="140.81095126457512">
        <ele>111.4</ele>
      </trkpt>
      <trkpt lat="42.623131563887" lon="140.81092963926494">
        <ele>111.4</ele>
      </trkpt>
      <trkpt lat="42.62295906431973" lon="140.81079117022455">
        <ele>111.8</ele>
      </trkpt>
      <trkpt lat="42.62276904657483" lon="140.8108074311167">
        <ele>112.0</ele>
      </trkpt>
      <trkpt lat="42.622732166200876" lon="140.8108177408576">
        <ele>112.0</ele>
      </trkpt>
      <trkpt lat="42.62255606241524" lon="140.8108172379434">
        <ele>112.4</ele>
      </trkpt>
      <trkpt lat="42.622344084084034" lon="140.81083324737847">
        <ele>112.8</ele>
      </trkpt>
      <trkpt lat="42.622314915061" lon="140.81084649078548">
        <ele>112.8</ele>
      </trkpt>
      <trkpt lat="42.622116012498736" lon="140.81090566702187">
        <ele>113.4</ele>
      </trkpt>
      <trkpt lat="42.622060189023614" lon="140.81090801395476">
        <ele>113.4</ele>
      </trkpt>
      <trkpt lat="42.62187587097287" lon="140.8108417969197">
        <ele>112.8</ele>
      </trkpt>
      <trkpt lat="42.62184703722596" lon="140.81081346608698">
        <ele>112.8</ele>
      </trkpt>
      <trkpt lat="42.62175223790109" lon="140.81075873225927">
        <ele>113.4</ele>
      </trkpt>
      <trkpt lat="42.62156557291746" lon="140.81075990572572">
        <ele>113.4</ele>
      </trkpt>
      <trkpt lat="42.621431378647685" lon="140.8107228577137">
        <ele>113.0</ele>
      </trkpt>
      <trkpt lat="42.62129643000662" lon="140.81074406392872">
        <ele>113.0</ele>
      </trkpt>
      <trkpt lat="42.621209593489766" lon="140.81070181913674">
        <ele>112.6</ele>
      </trkpt>
      <trkpt lat="42.62119643390179" lon="140.8106464985758">
        <ele>112.6</ele>
      </trkpt>
      <trkpt lat="42.62113365344703" lon="140.8106142282486">
        <ele>112.2</ele>
      </trkpt>
      <trkpt lat="42.62106768786907" lon="140.8106018230319">
        <ele>112.2</ele>
      </trkpt>
      <trkpt lat="42.62088228017092" lon="140.8105238713324">
        <ele>112.6</ele>
      </trkpt>
      <trkpt lat="42.620746744796634" lon="140.81041448749602">
        <ele>112.0</ele>
      </trkpt>
      <trkpt lat="42.62057441286743" lon="140.81028984859586">
        <ele>112.6</ele>
      </trkpt>
      <trkpt lat="42.620405685156584" lon="140.81015012227">
        <ele>112.8</ele>
      </trkpt>
      <trkpt lat="42.62024483643472" lon="140.81003327853978">
        <ele>112.0</ele>
      </trkpt>
      <trkpt lat="42.62009320780635" lon="140.80997762270272">
        <ele>112.2</ele>
      </trkpt>
      <trkpt lat="42.619913248345256" lon="140.8098803088069">
        <ele>112.4</ele>
      </trkpt>
      <trkpt lat="42.61989204213023" lon="140.80985030159354">
        <ele>112.6</ele>
      </trkpt>
      <trkpt lat="42.619723649695516" lon="140.80973069183528">
        <ele>112.8</ele>
      </trkpt>
      <trkpt lat="42.61969598941505" lon="140.80971426330507">
        <ele>112.8</ele>
      </trkpt>
      <trkpt lat="42.61954343877733" lon="140.8096808195114">
        <ele>112.6</ele>
      </trkpt>
      <trkpt lat="42.619394576177" lon="140.80961376428604">
        <ele>112.6</ele>
      </trkpt>
      <trkpt lat="42.61922006495297" lon="140.80959800630808">
        <ele>112.2</ele>
      </trkpt>
      <trkpt lat="42.61915015988052" lon="140.80962616950274">
        <ele>112.2</ele>
      </trkpt>
      <trkpt lat="42.61912199668586" lon="140.80961560830474">
        <ele>112.2</ele>
      </trkpt>
      <trkpt lat="42.6190924923867" lon="140.80963010899723">
        <ele>112.2</ele>
      </trkpt>
      <trkpt lat="42.61896315962076" lon="140.80960823222995">
        <ele>112.0</ele>
      </trkpt>
      <trkpt lat="42.61888378299773" lon="140.80940270796418">
        <ele>111.6</ele>
      </trkpt>
      <trkpt lat="42.618827037513256" lon="140.8091741334647">
        <ele>111.6</ele>
      </trkpt>
      <trkpt lat="42.61883491650224" lon="140.80912384204566">
        <ele>111.6</ele>
      </trkpt>
      <trkpt lat="42.61889819987118" lon="140.80886961892247">
        <ele>111.4</ele>
      </trkpt>
      <trkpt lat="42.618920244276524" lon="140.80882837995887">
        <ele>111.4</ele>
      </trkpt>
      <trkpt lat="42.618971709162" lon="140.8087037410587">
        <ele>111.2</ele>
      </trkpt>
      <trkpt lat="42.61904077604413" lon="140.8085739891976">
        <ele>111.0</ele>
      </trkpt>
      <trkpt lat="42.619104059413075" lon="140.8083377033472">
        <ele>111.6</ele>
      </trkpt>
      <trkpt lat="42.619111351668835" lon="140.80828556790948">
        <ele>111.8</ele>
      </trkpt>
      <trkpt lat="42.6191995292902" lon="140.80805364064872">
        <ele>111.4</ele>
      </trkpt>
      <trkpt lat="42.6192288659513" lon="140.80797652713954">
        <ele>111.6</ele>
      </trkpt>
      <trkpt lat="42.61931251734495" lon="140.80775423906744">
        <ele>111.4</ele>
      </trkpt>
      <trkpt lat="42.61933573521674" lon="140.80769975669682">
        <ele>111.4</ele>
      </trkpt>
      <trkpt lat="42.619448471814394" lon="140.80747914500535">
        <ele>111.4</ele>
      </trkpt>
      <trkpt lat="42.61948744766414" lon="140.80741368234158">
        <ele>111.6</ele>
      </trkpt>
      <trkpt lat="42.61950647458434" lon="140.80716113559902">
        <ele>111.8</ele>
      </trkpt>
      <trkpt lat="42.6195034570992" lon="140.80708192661405">
        <ele>112.2</ele>
      </trkpt>
      <trkpt lat="42.61946632526815" lon="140.80680180341005">
        <ele>112.0</ele>
      </trkpt>
      <trkpt lat="42.619461212307215" lon="140.8067649230361">
        <ele>112.2</ele>
      </trkpt>
      <trkpt lat="42.61945794336498" lon="140.80672586336732">
        <ele>112.2</ele>
      </trkpt>
      <trkpt lat="42.61943355202675" lon="140.8064662758261">
        <ele>112.2</ele>
      </trkpt>
      <trkpt lat="42.619430869817734" lon="140.80638983286917">
        <ele>112.4</ele>
      </trkpt>
      <trkpt lat="42.619437323883176" lon="140.8061335142702">
        <ele>112.6</ele>
      </trkpt>
      <trkpt lat="42.61943212710321" lon="140.80598867498338">
        <ele>112.4</ele>
      </trkpt>
      <trkpt lat="42.619360126554966" lon="140.8057585079223">
        <ele>112.0</ele>
      </trkpt>
      <trkpt lat="42.619347386062145" lon="140.80573352985084">
        <ele>112.0</ele>
      </trkpt>
      <trkpt lat="42.61920011602342" lon="140.80556815490127">
        <ele>111.8</ele>
      </trkpt>
      <trkpt lat="42.61903599835932" lon="140.8053898718208">
        <ele>111.4</ele>
      </trkpt>
      <trkpt lat="42.61901060119271" lon="140.80537034198642">
        <ele>111.2</ele>
      </trkpt>
      <trkpt lat="42.61898227035999" lon="140.8053488843143">
        <ele>111.2</ele>
      </trkpt>
      <trkpt lat="42.618809938430786" lon="140.8052281010896">
        <ele>111.0</ele>
      </trkpt>
      <trkpt lat="42.6187539473176" lon="140.8051955793053">
        <ele>110.8</ele>
      </trkpt>
      <trkpt lat="42.61859024874866" lon="140.80506783910096">
        <ele>110.8</ele>
      </trkpt>
      <trkpt lat="42.618530904874206" lon="140.80503364093602">
        <ele>110.8</ele>
      </trkpt>
      <trkpt lat="42.61836536228657" lon="140.80487463623285">
        <ele>111.0</ele>
      </trkpt>
      <trkpt lat="42.618309035897255" lon="140.80482065677643">
        <ele>111.2</ele>
      </trkpt>
      <trkpt lat="42.618192192167044" lon="140.80464706756175">
        <ele>111.4</ele>
      </trkpt>
      <trkpt lat="42.618132680654526" lon="140.80454933457077">
        <ele>111.6</ele>
      </trkpt>
      <trkpt lat="42.61800879612565" lon="140.80434976145625">
        <ele>112.0</ele>
      </trkpt>
      <trkpt lat="42.61794484220445" lon="140.80426828935742">
        <ele>112.0</ele>
      </trkpt>
      <trkpt lat="42.61784752830863" lon="140.80402974039316">
        <ele>111.8</ele>
      </trkpt>
      <trkpt lat="42.61776488274336" lon="140.80384835600853">
        <ele>112.0</ele>
      </trkpt>
      <trkpt lat="42.61765298433602" lon="140.8036437537521">
        <ele>112.0</ele>
      </trkpt>
      <trkpt lat="42.61763546615839" lon="140.80361299216747">
        <ele>112.0</ele>
      </trkpt>
      <trkpt lat="42.6175400801003" lon="140.80348365940154">
        <ele>112.4</ele>
      </trkpt>
      <trkpt lat="42.61744402348995" lon="140.80336212180555">
        <ele>112.6</ele>
      </trkpt>
      <trkpt lat="42.61729842983186" lon="140.8031965792179">
        <ele>112.2</ele>
      </trkpt>
      <trkpt lat="42.61724654585123" lon="140.80315785482526">
        <ele>112.0</ele>
      </trkpt>
      <trkpt lat="42.617081673815846" lon="140.80301142297685">
        <ele>111.8</ele>
      </trkpt>
      <trkpt lat="42.61705309152603" lon="140.8029954135418">
        <ele>111.8</ele>
      </trkpt>
      <trkpt lat="42.61685519479215" lon="140.8029467985034">
        <ele>111.4</ele>
      </trkpt>
      <trkpt lat="42.6168251875788" lon="140.8029346447438">
        <ele>111.4</ele>
      </trkpt>
      <trkpt lat="42.616797778755426" lon="140.80291897058487">
        <ele>111.2</ele>
      </trkpt>
      <trkpt lat="42.616630643606186" lon="140.8028117660433">
        <ele>111.2</ele>
      </trkpt>
      <trkpt lat="42.61660331860185" lon="140.80279156565666">
        <ele>111.2</ele>
      </trkpt>
      <trkpt lat="42.616442972794175" lon="140.80262552015483">
        <ele>111.2</ele>
      </trkpt>
      <trkpt lat="42.61638941243291" lon="140.80258168280125">
        <ele>111.0</ele>
      </trkpt>
      <trkpt lat="42.6162120513618" lon="140.80246215686202">
        <ele>111.0</ele>
      </trkpt>
      <trkpt lat="42.616149773821235" lon="140.80242552794516">
        <ele>110.8</ele>
      </trkpt>
      <trkpt lat="42.615971490740776" lon="140.80235654488206">
        <ele>110.8</ele>
      </trkpt>
      <trkpt lat="42.61594039388001" lon="140.80235579051077">
        <ele>110.6</ele>
      </trkpt>
      <trkpt lat="42.615741239860654" lon="140.80228538252413">
        <ele>111.0</ele>
      </trkpt>
      <trkpt lat="42.61561215855181" lon="140.80222922377288">
        <ele>111.4</ele>
      </trkpt>
      <trkpt lat="42.61540252715349" lon="140.80220567062497">
        <ele>111.4</ele>
      </trkpt>
      <trkpt lat="42.6153674069792" lon="140.8021986298263">
        <ele>111.4</ele>
      </trkpt>
      <trkpt lat="42.615166157484055" lon="140.80219804309309">
        <ele>111.2</ele>
      </trkpt>
      <trkpt lat="42.615134390071034" lon="140.80220139585435">
        <ele>111.2</ele>
      </trkpt>
      <trkpt lat="42.6149426959455" lon="140.80223291181028">
        <ele>111.4</ele>
      </trkpt>
      <trkpt lat="42.61492115445435" lon="140.80224783159792">
        <ele>111.4</ele>
      </trkpt>
      <trkpt lat="42.61472803540528" lon="140.802308851853">
        <ele>111.4</ele>
      </trkpt>
      <trkpt lat="42.61456584557891" lon="140.80236224457622">
        <ele>111.2</ele>
      </trkpt>
      <trkpt lat="42.614465430378914" lon="140.80244170501828">
        <ele>111.2</ele>
      </trkpt>
      <trkpt lat="42.61431271210313" lon="140.80256575718522">
        <ele>111.0</ele>
      </trkpt>
      <trkpt lat="42.61417642235756" lon="140.8026745542884">
        <ele>111.2</ele>
      </trkpt>
      <trkpt lat="42.6141207665205" lon="140.80272618681192">
        <ele>111.0</ele>
      </trkpt>
      <trkpt lat="42.61394868604839" lon="140.80286214128137">
        <ele>111.2</ele>
      </trkpt>
      <trkpt lat="42.61391809210181" lon="140.80286482349038">
        <ele>111.0</ele>
      </trkpt>
      <trkpt lat="42.613886408507824" lon="140.80288804136217">
        <ele>111.0</ele>
      </trkpt>
      <trkpt lat="42.61377233080566" lon="140.80293975770473">
        <ele>111.0</ele>
      </trkpt>
      <trkpt lat="42.613625228405" lon="140.8030070643872">
        <ele>111.0</ele>
      </trkpt>
      <trkpt lat="42.61344308964908" lon="140.80310471355915">
        <ele>111.2</ele>
      </trkpt>
      <trkpt lat="42.613260531798005" lon="140.8032018598169">
        <ele>111.0</ele>
      </trkpt>
      <trkpt lat="42.613225830718875" lon="140.80321803689003">
        <ele>111.0</ele>
      </trkpt>
      <trkpt lat="42.613067496567965" lon="140.8031664043665">
        <ele>111.4</ele>
      </trkpt>
      <trkpt lat="42.61293472722173" lon="140.80313807353377">
        <ele>111.6</ele>
      </trkpt>
      <trkpt lat="42.61279868893325" lon="140.80315140075982">
        <ele>111.4</ele>
      </trkpt>
      <trkpt lat="42.612682012841105" lon="140.80309809185565">
        <ele>111.8</ele>
      </trkpt>
      <trkpt lat="42.612551087513566" lon="140.80306422896683">
        <ele>112.2</ele>
      </trkpt>
      <trkpt lat="42.612384958192706" lon="140.80309247598052">
        <ele>112.0</ele>
      </trkpt>
      <trkpt lat="42.612216817215085" lon="140.80317906104028">
        <ele>111.8</ele>
      </trkpt>
      <trkpt lat="42.61219116859138" lon="140.80316858366132">
        <ele>111.8</ele>
      </trkpt>
      <trkpt lat="42.61211397126317" lon="140.80313589423895">
        <ele>111.8</ele>
      </trkpt>
      <trkpt lat="42.61208404786885" lon="140.80314218066633">
        <ele>111.8</ele>
      </trkpt>
      <trkpt lat="42.61195127852261" lon="140.80316129140556">
        <ele>111.6</ele>
      </trkpt>
      <trkpt lat="42.61182580143213" lon="140.8031722716987">
        <ele>112.2</ele>
      </trkpt>
      <trkpt lat="42.61163511313498" lon="140.80317839048803">
        <ele>111.8</ele>
      </trkpt>
      <trkpt lat="42.61160518974066" lon="140.8031679969281">
        <ele>111.6</ele>
      </trkpt>
      <trkpt lat="42.611577697098255" lon="140.8031688351184">
        <ele>112.0</ele>
      </trkpt>
      <trkpt lat="42.61138298548758" lon="140.80316548235714">
        <ele>111.6</ele>
      </trkpt>
      <trkpt lat="42.61135498993099" lon="140.80315089784563">
        <ele>111.6</ele>
      </trkpt>
      <trkpt lat="42.61118181981146" lon="140.80319163389504">
        <ele>112.0</ele>
      </trkpt>
      <trkpt lat="42.61101661249995" lon="140.80330110155046">
        <ele>111.6</ele>
      </trkpt>
      <trkpt lat="42.61092089116573" lon="140.80330839380622">
        <ele>111.6</ele>
      </trkpt>
      <trkpt lat="42.610895074903965" lon="140.80326547846198">
        <ele>111.8</ele>
      </trkpt>
      <trkpt lat="42.61083313263953" lon="140.80310136079788">
        <ele>111.4</ele>
      </trkpt>
      <trkpt lat="42.61072190478444" lon="140.8028725348413">
        <ele>111.8</ele>
      </trkpt>
      <trkpt lat="42.610700111836195" lon="140.80278142355382">
        <ele>112.0</ele>
      </trkpt>
      <trkpt lat="42.61069013737142" lon="140.80250406637788">
        <ele>111.6</ele>
      </trkpt>
      <trkpt lat="42.610670356079936" lon="140.80223173834383">
        <ele>112.0</ele>
      </trkpt>
      <trkpt lat="42.610666919499636" lon="140.80216987989843">
        <ele>111.8</ele>
      </trkpt>
      <trkpt lat="42.61069290339947" lon="140.80193040892482">
        <ele>111.6</ele>
      </trkpt>
      <trkpt lat="42.61071402579546" lon="140.80186310224235">
        <ele>111.8</ele>
      </trkpt>
      <trkpt lat="42.610733890905976" lon="140.80182286910713">
        <ele>112.0</ele>
      </trkpt>
      <trkpt lat="42.61078183539212" lon="140.801711557433">
        <ele>112.0</ele>
      </trkpt>
      <trkpt lat="42.61084545403719" lon="140.80147460103035">
        <ele>112.2</ele>
      </trkpt>
      <trkpt lat="42.610857021063566" lon="140.8014363795519">
        <ele>112.4</ele>
      </trkpt>
      <trkpt lat="42.61087730526924" lon="140.8013975713402">
        <ele>112.6</ele>
      </trkpt>
      <trkpt lat="42.610969841480255" lon="140.8011692482978">
        <ele>112.2</ele>
      </trkpt>
      <trkpt lat="42.61098459362984" lon="140.80112809315324">
        <ele>112.2</ele>
      </trkpt>
      <trkpt lat="42.61106547899544" lon="140.80095165409148">
        <ele>112.4</ele>
      </trkpt>
      <trkpt lat="42.61114535853267" lon="140.80069709569216">
        <ele>112.0</ele>
      </trkpt>
      <trkpt lat="42.61116312816739" lon="140.80065879039466">
        <ele>112.0</ele>
      </trkpt>
      <trkpt lat="42.61125599965453" lon="140.80042283982038">
        <ele>112.2</ele>
      </trkpt>
      <trkpt lat="42.61126270517707" lon="140.80037539824843">
        <ele>112.2</ele>
      </trkpt>
      <trkpt lat="42.61134040541947" lon="140.8001326583326">
        <ele>111.6</ele>
      </trkpt>
      <trkpt lat="42.61134300380945" lon="140.800096783787">
        <ele>111.6</ele>
      </trkpt>
      <trkpt lat="42.61132716201246" lon="140.79991523176432">
        <ele>112.0</ele>
      </trkpt>
      <trkpt lat="42.61129790917039" lon="140.79980467446148">
        <ele>111.4</ele>
      </trkpt>
      <trkpt lat="42.61124661192298" lon="140.79964399337769">
        <ele>111.6</ele>
      </trkpt>
      <trkpt lat="42.61117712594569" lon="140.79947166144848">
        <ele>111.6</ele>
      </trkpt>
      <trkpt lat="42.6111644692719" lon="140.79943679273129">
        <ele>111.6</ele>
      </trkpt>
      <trkpt lat="42.6110989227891" lon="140.79923076555133">
        <ele>111.4</ele>
      </trkpt>
      <trkpt lat="42.611023569479585" lon="140.79906195402145">
        <ele>111.0</ele>
      </trkpt>
      <trkpt lat="42.61099448427558" lon="140.79899079166353">
        <ele>111.0</ele>
      </trkpt>
      <trkpt lat="42.61090748012066" lon="140.7987655699253">
        <ele>111.6</ele>
      </trkpt>
      <trkpt lat="42.61084604077041" lon="140.79869440756738">
        <ele>111.6</ele>
      </trkpt>
      <trkpt lat="42.610737243667245" lon="140.79847320914268">
        <ele>111.0</ele>
      </trkpt>
      <trkpt lat="42.61072374880314" lon="140.79844454303384">
        <ele>110.6</ele>
      </trkpt>
      <trkpt lat="42.61061143130064" lon="140.7982391025871">
        <ele>110.4</ele>
      </trkpt>
      <trkpt lat="42.61059617623687" lon="140.7982052396983">
        <ele>110.4</ele>
      </trkpt>
      <trkpt lat="42.61057513765991" lon="140.79816584475338">
        <ele>110.2</ele>
      </trkpt>
      <trkpt lat="42.61051068082452" lon="140.79804648645222">
        <ele>110.0</ele>
      </trkpt>
      <trkpt lat="42.610448990017176" lon="140.79795503988862">
        <ele>110.0</ele>
      </trkpt>
      <trkpt lat="42.61030465364456" lon="140.79774800688028">
        <ele>110.0</ele>
      </trkpt>
      <trkpt lat="42.610259391367435" lon="140.79768547788262">
        <ele>110.6</ele>
      </trkpt>
      <trkpt lat="42.61020977050066" lon="140.7976190932095">
        <ele>110.8</ele>
      </trkpt>
      <trkpt lat="42.6100832875818" lon="140.79740066081285">
        <ele>110.4</ele>
      </trkpt>
      <trkpt lat="42.610069289803505" lon="140.7973672170192">
        <ele>110.6</ele>
      </trkpt>
      <trkpt lat="42.60995680466294" lon="140.79720301553607">
        <ele>110.6</ele>
      </trkpt>
      <trkpt lat="42.609895868226886" lon="140.79710167832673">
        <ele>110.6</ele>
      </trkpt>
      <trkpt lat="42.60987156070769" lon="140.79708156175911">
        <ele>110.8</ele>
      </trkpt>
      <trkpt lat="42.60979008860886" lon="140.7970096450299">
        <ele>111.2</ele>
      </trkpt>
      <trkpt lat="42.60967240668833" lon="140.79689330421388">
        <ele>110.6</ele>
      </trkpt>
      <trkpt lat="42.60962965898216" lon="140.79687067307532">
        <ele>110.6</ele>
      </trkpt>
      <trkpt lat="42.60953921824694" lon="140.7967918831855">
        <ele>111.2</ele>
      </trkpt>
      <trkpt lat="42.60939370840788" lon="140.7966338004917">
        <ele>110.8</ele>
      </trkpt>
      <trkpt lat="42.60937132872641" lon="140.79659448936582">
        <ele>111.0</ele>
      </trkpt>
      <trkpt lat="42.60934920050204" lon="140.79656154848635">
        <ele>111.4</ele>
      </trkpt>
      <trkpt lat="42.6092180237174" lon="140.79638712108135">
        <ele>111.6</ele>
      </trkpt>
      <trkpt lat="42.60907812975347" lon="140.7962078321725">
        <ele>111.4</ele>
      </trkpt>
      <trkpt lat="42.60904870927334" lon="140.79618754796684">
        <ele>111.4</ele>
      </trkpt>
      <trkpt lat="42.60889892466366" lon="140.79604488797486">
        <ele>112.2</ele>
      </trkpt>
      <trkpt lat="42.60885466821492" lon="140.79598336480558">
        <ele>112.0</ele>
      </trkpt>
      <trkpt lat="42.608678145334125" lon="140.79587808810174">
        <ele>112.0</ele>
      </trkpt>
      <trkpt lat="42.60865727439523" lon="140.79585185274482">
        <ele>112.0</ele>
      </trkpt>
      <trkpt lat="42.608559373766184" lon="140.79571849666536">
        <ele>111.6</ele>
      </trkpt>
      <trkpt lat="42.608519308269024" lon="140.79564825631678">
        <ele>111.8</ele>
      </trkpt>
      <trkpt lat="42.6084513310343" lon="140.79551699571311">
        <ele>112.4</ele>
      </trkpt>
      <trkpt lat="42.60839148424566" lon="140.79542378894985">
        <ele>112.4</ele>
      </trkpt>
      <trkpt lat="42.60830699466169" lon="140.79522538930178">
        <ele>112.2</ele>
      </trkpt>
      <trkpt lat="42.608277071267366" lon="140.79493965022266">
        <ele>113.0</ele>
      </trkpt>
      <trkpt lat="42.608263744041324" lon="140.79487904906273">
        <ele>112.8</ele>
      </trkpt>
      <trkpt lat="42.60823088698089" lon="140.79461325891316">
        <ele>113.0</ele>
      </trkpt>
      <trkpt lat="42.60824287310243" lon="140.79453731887043">
        <ele>113.0</ele>
      </trkpt>
      <trkpt lat="42.60827480815351" lon="140.79424252733588">
        <ele>112.4</ele>
      </trkpt>
      <trkpt lat="42.60830892249942" lon="140.79416926950216">
        <ele>112.6</ele>
      </trkpt>
      <trkpt lat="42.60836047120392" lon="140.79391052015126">
        <ele>112.6</ele>
      </trkpt>
      <trkpt lat="42.60839249007404" lon="140.79376777634025">
        <ele>112.6</ele>
      </trkpt>
      <trkpt lat="42.6083960942924" lon="140.79352151602507">
        <ele>112.2</ele>
      </trkpt>
      <trkpt lat="42.60839056223631" lon="140.79324047081172">
        <ele>112.4</ele>
      </trkpt>
      <trkpt lat="42.608382012695074" lon="140.79320300370455">
        <ele>112.4</ele>
      </trkpt>
      <trkpt lat="42.608296601101756" lon="140.79296537674963">
        <ele>111.6</ele>
      </trkpt>
      <trkpt lat="42.608188893646" lon="140.79272280447185">
        <ele>111.8</ele>
      </trkpt>
      <trkpt lat="42.608140697702765" lon="140.79262984916568">
        <ele>112.0</ele>
      </trkpt>
      <trkpt lat="42.6080266200006" lon="140.79243522137403">
        <ele>111.8</ele>
      </trkpt>
      <trkpt lat="42.6079179905355" lon="140.7922559324652">
        <ele>111.8</ele>
      </trkpt>
      <trkpt lat="42.6077726483345" lon="140.79204931855202">
        <ele>112.4</ele>
      </trkpt>
      <trkpt lat="42.60765044018626" lon="140.79186307266355">
        <ele>112.2</ele>
      </trkpt>
      <trkpt lat="42.607590425759554" lon="140.7917878869921">
        <ele>112.0</ele>
      </trkpt>
      <trkpt lat="42.60747198946774" lon="140.79164925031364">
        <ele>112.6</ele>
      </trkpt>
      <trkpt lat="42.60735221207142" lon="140.79148069024086">
        <ele>112.0</ele>
      </trkpt>
      <trkpt lat="42.60719991289079" lon="140.79129586927593">
        <ele>112.4</ele>
      </trkpt>
      <trkpt lat="42.6071547344327" lon="140.79123468138278">
        <ele>112.6</ele>
      </trkpt>
      <trkpt lat="42.607025150209665" lon="140.7910571526736">
        <ele>112.4</ele>
      </trkpt>
      <trkpt lat="42.60700201615691" lon="140.79102957621217">
        <ele>112.6</ele>
      </trkpt>
      <trkpt lat="42.60685575194657" lon="140.79088180325925">
        <ele>112.2</ele>
      </trkpt>
      <trkpt lat="42.606797916814685" lon="140.79081843607128">
        <ele>112.0</ele>
      </trkpt>
      <trkpt lat="42.60667168535292" lon="140.79060754738748">
        <ele>112.6</ele>
      </trkpt>
      <trkpt lat="42.60661091655493" lon="140.7905444316566">
        <ele>112.4</ele>
      </trkpt>
      <trkpt lat="42.60646943002939" lon="140.79036623239517">
        <ele>112.6</ele>
      </trkpt>
      <trkpt lat="42.60642450302839" lon="140.7903298549354">
        <ele>112.6</ele>
      </trkpt>
      <trkpt lat="42.60626273229718" lon="140.7902114186436">
        <ele>112.6</ele>
      </trkpt>
      <trkpt lat="42.60609274730086" lon="140.79009893350303">
        <ele>112.2</ele>
      </trkpt>
      <trkpt lat="42.60603868402541" lon="140.790061885491">
        <ele>112.4</ele>
      </trkpt>
      <trkpt lat="42.605908093973994" lon="140.78994411975145">
        <ele>113.4</ele>
      </trkpt>
      <trkpt lat="42.60578513145447" lon="140.78988167457283">
        <ele>113.6</ele>
      </trkpt>
      <trkpt lat="42.605603663250804" lon="140.78977581113577">
        <ele>113.2</ele>
      </trkpt>
      <trkpt lat="42.60545387864113" lon="140.78969350084662">
        <ele>113.6</ele>
      </trkpt>
      <trkpt lat="42.60531264357269" lon="140.7895631622523">
        <ele>113.2</ele>
      </trkpt>
      <trkpt lat="42.60514953173697" lon="140.78941773623228">
        <ele>113.8</ele>
      </trkpt>
      <trkpt lat="42.60506110265851" lon="140.7893282175064">
        <ele>113.4</ele>
      </trkpt>
      <trkpt lat="42.604903522878885" lon="140.78917206265032">
        <ele>113.2</ele>
      </trkpt>
      <trkpt lat="42.60487929917872" lon="140.7891511078924">
        <ele>113.2</ele>
      </trkpt>
      <trkpt lat="42.604709062725306" lon="140.78900777734816">
        <ele>113.6</ele>
      </trkpt>
      <trkpt lat="42.604631865397096" lon="140.78895882703364">
        <ele>114.0</ele>
      </trkpt>
      <trkpt lat="42.60444494895637" lon="140.78886587172747">
        <ele>113.4</ele>
      </trkpt>
      <trkpt lat="42.60435056872666" lon="140.7888474315405">
        <ele>113.6</ele>
      </trkpt>
      <trkpt lat="42.6041635684669" lon="140.7888345234096">
        <ele>113.6</ele>
      </trkpt>
      <trkpt lat="42.60413322597742" lon="140.78883326612413">
        <ele>113.6</ele>
      </trkpt>
      <trkpt lat="42.6039357483387" lon="140.78885707072914">
        <ele>114.4</ele>
      </trkpt>
      <trkpt lat="42.603889647871256" lon="140.7888530474156">
        <ele>114.4</ele>
      </trkpt>
      <trkpt lat="42.60369300842285" lon="140.7888664584607">
        <ele>114.6</ele>
      </trkpt>
      <trkpt lat="42.60365562513471" lon="140.78886821866035">
        <ele>114.6</ele>
      </trkpt>
      <trkpt lat="42.603446412831545" lon="140.78894667327404">
        <ele>115.0</ele>
      </trkpt>
      <trkpt lat="42.60336318053305" lon="140.78898707404733">
        <ele>115.2</ele>
      </trkpt>
      <trkpt lat="42.60333183221519" lon="140.78899746760726">
        <ele>115.2</ele>
      </trkpt>
      <trkpt lat="42.6031484361738" lon="140.78900693915784">
        <ele>115.0</ele>
      </trkpt>
      <trkpt lat="42.60312454774976" lon="140.78900643624365">
        <ele>115.0</ele>
      </trkpt>
      <trkpt lat="42.60291541926563" lon="140.78897969797254">
        <ele>115.0</ele>
      </trkpt>
      <trkpt lat="42.60272925719619" lon="140.7890002336353">
        <ele>114.6</ele>
      </trkpt>
      <trkpt lat="42.60267184115946" lon="140.78900534659624">
        <ele>114.4</ele>
      </trkpt>
      <trkpt lat="42.602480901405215" lon="140.78901892527938">
        <ele>114.4</ele>
      </trkpt>
      <trkpt lat="42.60236154310405" lon="140.78905086033046">
        <ele>114.0</ele>
      </trkpt>
      <trkpt lat="42.60215702466667" lon="140.78913769684732">
        <ele>114.0</ele>
      </trkpt>
      <trkpt lat="42.60197103023529" lon="140.78920542262495">
        <ele>114.2</ele>
      </trkpt>
      <trkpt lat="42.601893581449986" lon="140.78924817033112">
        <ele>113.8</ele>
      </trkpt>
      <trkpt lat="42.601872542873025" lon="140.78926535323262">
        <ele>113.8</ele>
      </trkpt>
      <trkpt lat="42.60183457285166" lon="140.78928186558187">
        <ele>113.8</ele>
      </trkpt>
      <trkpt lat="42.601662492379546" lon="140.789382616058">
        <ele>114.2</ele>
      </trkpt>
      <trkpt lat="42.60148035362363" lon="140.7894455641508">
        <ele>114.2</ele>
      </trkpt>
      <trkpt lat="42.60139795951545" lon="140.78948319889605">
        <ele>114.2</ele>
      </trkpt>
      <trkpt lat="42.601213809102774" lon="140.78949778340757">
        <ele>114.4</ele>
      </trkpt>
      <trkpt lat="42.601180700585246" lon="140.78949702903628">
        <ele>114.4</ele>
      </trkpt>
      <trkpt lat="42.60099705308676" lon="140.78946249559522">
        <ele>114.2</ele>
      </trkpt>
      <trkpt lat="42.60091616772115" lon="140.78942762687802">
        <ele>114.2</ele>
      </trkpt>
      <trkpt lat="42.600745260715485" lon="140.78934154473245">
        <ele>113.6</ele>
      </trkpt>
      <trkpt lat="42.60068189352751" lon="140.78930642455816">
        <ele>113.4</ele>
      </trkpt>
      <trkpt lat="42.6006184425205" lon="140.78927792608738">
        <ele>113.4</ele>
      </trkpt>
      <trkpt lat="42.60044518858194" lon="140.7891722302884">
        <ele>113.0</ele>
      </trkpt>
      <trkpt lat="42.600329518318176" lon="140.7891178317368">
        <ele>113.0</ele>
      </trkpt>
      <trkpt lat="42.60021493770182" lon="140.78906460665166">
        <ele>112.4</ele>
      </trkpt>
      <trkpt lat="42.600070014595985" lon="140.7889991439879">
        <ele>112.2</ele>
      </trkpt>
      <trkpt lat="42.59988837875426" lon="140.78894826583564">
        <ele>112.2</ele>
      </trkpt>
      <trkpt lat="42.5998570304364" lon="140.78894189558923">
        <ele>112.2</ele>
      </trkpt>
      <trkpt lat="42.59967153891921" lon="140.78892286866903">
        <ele>112.8</ele>
      </trkpt>
      <trkpt lat="42.599583277478814" lon="140.78889948315918">
        <ele>112.6</ele>
      </trkpt>
      <trkpt lat="42.59946173988283" lon="140.78887844458222">
        <ele>113.6</ele>
      </trkpt>
      <trkpt lat="42.599271638318896" lon="140.78885598108172">
        <ele>113.0</ele>
      </trkpt>
      <trkpt lat="42.599115734919906" lon="140.78882404603064">
        <ele>112.4</ele>
      </trkpt>
      <trkpt lat="42.59908405132592" lon="140.78881859779358">
        <ele>112.4</ele>
      </trkpt>
      <trkpt lat="42.59896284900606" lon="140.78880443237722">
        <ele>112.2</ele>
      </trkpt>
      <trkpt lat="42.59878129698336" lon="140.78876880928874">
        <ele>112.2</ele>
      </trkpt>
      <trkpt lat="42.59867182932794" lon="140.78875908628106">
        <ele>111.8</ele>
      </trkpt>
      <trkpt lat="42.59846555069089" lon="140.78872597776353">
        <ele>111.8</ele>
      </trkpt>
      <trkpt lat="42.59843445383012" lon="140.78871910460293">
        <ele>111.8</ele>
      </trkpt>
      <trkpt lat="42.59834879077971" lon="140.78870594501495">
        <ele>111.6</ele>
      </trkpt>
      <trkpt lat="42.59832045994699" lon="140.78870032913983">
        <ele>111.4</ele>
      </trkpt>
      <trkpt lat="42.59816749021411" lon="140.7886960543692">
        <ele>110.2</ele>
      </trkpt>
      <trkpt lat="42.59805274195969" lon="140.78869219869375">
        <ele>110.0</ele>
      </trkpt>
      <trkpt lat="42.5979037117213" lon="140.78866981901228">
        <ele>110.4</ele>
      </trkpt>
      <trkpt lat="42.597706485539675" lon="140.78862673602998">
        <ele>110.4</ele>
      </trkpt>
      <trkpt lat="42.597522754222155" lon="140.788608295843">
        <ele>110.6</ele>
      </trkpt>
      <trkpt lat="42.597432816401124" lon="140.78858457505703">
        <ele>111.0</ele>
      </trkpt>
      <trkpt lat="42.59733164682984" lon="140.7885590940714">
        <ele>110.8</ele>
      </trkpt>
      <trkpt lat="42.59724799543619" lon="140.7885445933789">
        <ele>111.0</ele>
      </trkpt>
      <trkpt lat="42.59706761687994" lon="140.78852254897356">
        <ele>110.6</ele>
      </trkpt>
      <trkpt lat="42.59698706679046" lon="140.78851676546037">
        <ele>110.6</ele>
      </trkpt>
      <trkpt lat="42.596863182261586" lon="140.7885120715946">
        <ele>110.2</ele>
      </trkpt>
      <trkpt lat="42.59667090140283" lon="140.7885091379285">
        <ele>110.4</ele>
      </trkpt>
      <trkpt lat="42.59663678705692" lon="140.7885070424527">
        <ele>110.6</ele>
      </trkpt>
      <trkpt lat="42.59645079262555" lon="140.78850410878658">
        <ele>109.6</ele>
      </trkpt>
      <trkpt lat="42.59642229415476" lon="140.788510479033">
        <ele>109.4</ele>
      </trkpt>
      <trkpt lat="42.596223475411534" lon="140.78853545710444">
        <ele>110.8</ele>
      </trkpt>
      <trkpt lat="42.596091041341424" lon="140.78859044238925">
        <ele>111.4</ele>
      </trkpt>
      <trkpt lat="42.59594620205462" lon="140.7886695675552">
        <ele>111.6</ele>
      </trkpt>
      <trkpt lat="42.595775378867984" lon="140.78879663720727">
        <ele>112.0</ele>
      </trkpt>
      <trkpt lat="42.595720645040274" lon="140.78884106129408">
        <ele>111.6</ele>
      </trkpt>
      <trkpt lat="42.595567340031266" lon="140.78898397274315">
        <ele>111.2</ele>
      </trkpt>
      <trkpt lat="42.595469104126096" lon="140.78909687697887">
        <ele>110.8</ele>
      </trkpt>
      <trkpt lat="42.59533700533211" lon="140.78927834518254">
        <ele>110.6</ele>
      </trkpt>
      <trkpt lat="42.595318062230945" lon="140.7893149740994">
        <ele>110.2</ele>
      </trkpt>
      <trkpt lat="42.595212534070015" lon="140.789530640468">
        <ele>109.8</ele>
      </trkpt>
      <trkpt lat="42.59512376971543" lon="140.78970858827233">
        <ele>109.8</ele>
      </trkpt>
      <trkpt lat="42.59499887935817" lon="140.78990397043526">
        <ele>109.4</ele>
      </trkpt>
      <trkpt lat="42.594957053661346" lon="140.7899743784219">
        <ele>109.4</ele>
      </trkpt>
      <trkpt lat="42.59482327848673" lon="140.79014629125595">
        <ele>109.6</ele>
      </trkpt>
      <trkpt lat="42.594741554930806" lon="140.79027419909835">
        <ele>109.4</ele>
      </trkpt>
      <trkpt lat="42.594703836366534" lon="140.7903239876032">
        <ele>109.2</ele>
      </trkpt>
      <trkpt lat="42.59455162100494" lon="140.7904907874763">
        <ele>109.0</ele>
      </trkpt>
      <trkpt lat="42.594387670978904" lon="140.79067267477512">
        <ele>109.6</ele>
      </trkpt>
      <trkpt lat="42.59433184750378" lon="140.79072128981352">
        <ele>109.4</ele>
      </trkpt>
      <trkpt lat="42.594178039580584" lon="140.7908882573247">
        <ele>110.0</ele>
      </trkpt>
      <trkpt lat="42.59407192468643" lon="140.79098196700215">
        <ele>109.6</ele>
      </trkpt>
      <trkpt lat="42.59397603571415" lon="140.7910505309701">
        <ele>110.2</ele>
      </trkpt>
      <trkpt lat="42.59382708929479" lon="140.7911422289908">
        <ele>109.4</ele>
      </trkpt>
      <trkpt lat="42.59365978650749" lon="140.79127977602184">
        <ele>110.6</ele>
      </trkpt>
      <trkpt lat="42.593553587794304" lon="140.79136711545289">
        <ele>111.2</ele>
      </trkpt>
      <trkpt lat="42.59346004575491" lon="140.79143685288727">
        <ele>111.4</ele>
      </trkpt>
      <trkpt lat="42.59340011514723" lon="140.79148437827826">
        <ele>111.4</ele>
      </trkpt>
      <trkpt lat="42.593227280303836" lon="140.7916031498462">
        <ele>112.0</ele>
      </trkpt>
      <trkpt lat="42.59316684678197" lon="140.79164162278175">
        <ele>111.8</ele>
      </trkpt>
      <trkpt lat="42.593010775744915" lon="140.79173457808793">
        <ele>112.6</ele>
      </trkpt>
      <trkpt lat="42.592892507091165" lon="140.79181864857674">
        <ele>113.2</ele>
      </trkpt>
      <trkpt lat="42.592704920098186" lon="140.7918761484325">
        <ele>112.8</ele>
      </trkpt>
      <trkpt lat="42.59254968725145" lon="140.79194228164852">
        <ele>113.6</ele>
      </trkpt>
      <trkpt lat="42.59249662980437" lon="140.79196885228157">
        <ele>113.0</ele>
      </trkpt>
      <trkpt lat="42.59229579940438" lon="140.7920352369547">
        <ele>113.4</ele>
      </trkpt>
      <trkpt lat="42.592226061969995" lon="140.79206507652998">
        <ele>112.6</ele>
      </trkpt>
      <trkpt lat="42.59204124100506" lon="140.79212953336537">
        <ele>112.0</ele>
      </trkpt>
      <trkpt lat="42.5919842440635" lon="140.79214780591428">
        <ele>111.6</ele>
      </trkpt>
      <trkpt lat="42.591953314840794" lon="140.7921605464071">
        <ele>111.4</ele>
      </trkpt>
      <trkpt lat="42.591761285439134" lon="140.79225375317037">
        <ele>110.8</ele>
      </trkpt>
      <trkpt lat="42.591722812503576" lon="140.792265990749">
        <ele>110.6</ele>
      </trkpt>
      <trkpt lat="42.591589288786054" lon="140.79231611452997">
        <ele>110.4</ele>
      </trkpt>
      <trkpt lat="42.59138502180576" lon="140.79239473678172">
        <ele>110.0</ele>
      </trkpt>
      <trkpt lat="42.591352416202426" lon="140.79241116531193">
        <ele>110.0</ele>
      </trkpt>
      <trkpt lat="42.59116164408624" lon="140.79252557829022">
        <ele>110.0</ele>
      </trkpt>
      <trkpt lat="42.59107866324484" lon="140.79259439371526">
        <ele>110.4</ele>
      </trkpt>
      <trkpt lat="42.59091295301914" lon="140.79271014779806">
        <ele>109.8</ele>
      </trkpt>
      <trkpt lat="42.590824691578746" lon="140.79277954995632">
        <ele>109.8</ele>
      </trkpt>
      <trkpt lat="42.59065043181181" lon="140.79291726462543">
        <ele>109.8</ele>
      </trkpt>
      <trkpt lat="42.59058731608093" lon="140.7929491996765">
        <ele>110.0</ele>
      </trkpt>
      <trkpt lat="42.59040182456374" lon="140.79296613112092">
        <ele>109.6</ele>
      </trkpt>
      <trkpt lat="42.59019588120282" lon="140.79293956048787">
        <ele>109.6</ele>
      </trkpt>
      <trkpt lat="42.59016679599881" lon="140.79293235205114">
        <ele>109.6</ele>
      </trkpt>
      <trkpt lat="42.59004886262119" lon="140.7928899396211">
        <ele>110.0</ele>
      </trkpt>
      <trkpt lat="42.58984903804958" lon="140.79283453524113">
        <ele>110.2</ele>
      </trkpt>
      <trkpt lat="42.58965449407697" lon="140.79282447695732">
        <ele>110.4</ele>
      </trkpt>
      <trkpt lat="42.58960562758148" lon="140.79282615333796">
        <ele>110.0</ele>
      </trkpt>
      <trkpt lat="42.5894611235708" lon="140.79282053746283">
        <ele>110.6</ele>
      </trkpt>
      <trkpt lat="42.589394990354776" lon="140.79281475394964">
        <ele>110.8</ele>
      </trkpt>
      <trkpt lat="42.589201955124736" lon="140.79285867512226">
        <ele>110.2</ele>
      </trkpt>
      <trkpt lat="42.58913339115679" lon="140.79286730848253">
        <ele>110.2</ele>
      </trkpt>
      <trkpt lat="42.58894798345864" lon="140.79294006340206">
        <ele>110.8</ele>
      </trkpt>
      <trkpt lat="42.58892174810171" lon="140.79295330680907">
        <ele>111.0</ele>
      </trkpt>
      <trkpt lat="42.58876048028469" lon="140.79306713305414">
        <ele>111.2</ele>
      </trkpt>
      <trkpt lat="42.588711781427264" lon="140.7931087911129">
        <ele>110.8</ele>
      </trkpt>
      <trkpt lat="42.58864221163094" lon="140.79317341558635">
        <ele>110.8</ele>
      </trkpt>
      <trkpt lat="42.58848396129906" lon="140.79327357932925">
        <ele>110.8</ele>
      </trkpt>
      <trkpt lat="42.588340044021606" lon="140.79337776638567">
        <ele>110.6</ele>
      </trkpt>
      <trkpt lat="42.58815446868539" lon="140.79344280995429">
        <ele>110.4</ele>
      </trkpt>
      <trkpt lat="42.588003845885396" lon="140.79346988350153">
        <ele>110.6</ele>
      </trkpt>
      <trkpt lat="42.58786227554083" lon="140.79359091818333">
        <ele>110.2</ele>
      </trkpt>
      <trkpt lat="42.587695475667715" lon="140.7936907466501">
        <ele>111.0</ele>
      </trkpt>
      <trkpt lat="42.58766932412982" lon="140.79371329396963">
        <ele>110.8</ele>
      </trkpt>
      <trkpt lat="42.58763370104134" lon="140.7937306445092">
        <ele>110.4</ele>
      </trkpt>
      <trkpt lat="42.58747972548008" lon="140.79379820264876">
        <ele>110.2</ele>
      </trkpt>
      <trkpt lat="42.58730387315154" lon="140.79388503916562">
        <ele>110.6</ele>
      </trkpt>
      <trkpt lat="42.58711125701666" lon="140.79398537054658">
        <ele>110.6</ele>
      </trkpt>
      <trkpt lat="42.587080243974924" lon="140.7940015476197">
        <ele>110.6</ele>
      </trkpt>
      <trkpt lat="42.58692693896592" lon="140.79407882876694">
        <ele>110.6</ele>
      </trkpt>
      <trkpt lat="42.58689282462001" lon="140.79409584403038">
        <ele>110.4</ele>
      </trkpt>
      <trkpt lat="42.58673893287778" lon="140.79418092034757">
        <ele>110.0</ele>
      </trkpt>
      <trkpt lat="42.58654413744807" lon="140.79424990341067">
        <ele>110.0</ele>
      </trkpt>
      <trkpt lat="42.586449505761266" lon="140.79429709352553">
        <ele>110.4</ele>
      </trkpt>
      <trkpt lat="42.58625370450318" lon="140.7943535875529">
        <ele>110.2</ele>
      </trkpt>
      <trkpt lat="42.58607843890786" lon="140.79433171078563">
        <ele>110.0</ele>
      </trkpt>
      <trkpt lat="42.58587836287916" lon="140.79433145932853">
        <ele>110.2</ele>
      </trkpt>
      <trkpt lat="42.58579211309552" lon="140.79432751983404">
        <ele>110.0</ele>
      </trkpt>
      <trkpt lat="42.58559614419937" lon="140.79437353648245">
        <ele>110.4</ele>
      </trkpt>
      <trkpt lat="42.585515175014734" lon="140.79438745044172">
        <ele>110.4</ele>
      </trkpt>
      <trkpt lat="42.58542791940272" lon="140.79441661946476">
        <ele>110.4</ele>
      </trkpt>
      <trkpt lat="42.58527469821274" lon="140.79454955644906">
        <ele>110.6</ele>
      </trkpt>
      <trkpt lat="42.58506800048053" lon="140.79463169910014">
        <ele>110.2</ele>
      </trkpt>
      <trkpt lat="42.58500597439706" lon="140.79463253729045">
        <ele>110.4</ele>
      </trkpt>
      <trkpt lat="42.584946881979704" lon="140.7946160249412">
        <ele>110.0</ele>
      </trkpt>
      <trkpt lat="42.58485644124448" lon="140.79458937048912">
        <ele>109.8</ele>
      </trkpt>
      <trkpt lat="42.58483858779073" lon="140.79457813873887">
        <ele>109.6</ele>
      </trkpt>
      <trkpt lat="42.58474797941744" lon="140.79455936327577">
        <ele>109.6</ele>
      </trkpt>
      <trkpt lat="42.584553519263864" lon="140.7945763785392">
        <ele>110.0</ele>
      </trkpt>
      <trkpt lat="42.5845205783844" lon="140.79458727501333">
        <ele>110.0</ele>
      </trkpt>
      <trkpt lat="42.58432427421212" lon="140.79467922449112">
        <ele>109.8</ele>
      </trkpt>
      <trkpt lat="42.584262834861875" lon="140.79471057280898">
        <ele>109.8</ele>
      </trkpt>
      <trkpt lat="42.58409343659878" lon="140.79480034299195">
        <ele>110.0</ele>
      </trkpt>
      <trkpt lat="42.584042474627495" lon="140.79484376125038">
        <ele>110.0</ele>
      </trkpt>
      <trkpt lat="42.583874333649874" lon="140.79501156695187">
        <ele>110.0</ele>
      </trkpt>
      <trkpt lat="42.58385078050196" lon="140.79504383727908">
        <ele>110.0</ele>
      </trkpt>
      <trkpt lat="42.58374550379813" lon="140.79525439068675">
        <ele>110.2</ele>
      </trkpt>
      <trkpt lat="42.58371340110898" lon="140.795326391235">
        <ele>110.2</ele>
      </trkpt>
      <trkpt lat="42.583575351163745" lon="140.79549201764166">
        <ele>109.8</ele>
      </trkpt>
      <trkpt lat="42.583507373929024" lon="140.7955101225525">
        <ele>109.4</ele>
      </trkpt>
      <trkpt lat="42.58333621546626" lon="140.79554096795619">
        <ele>109.8</ele>
      </trkpt>
      <trkpt lat="42.58314711973071" lon="140.7955241203308">
        <ele>109.8</ele>
      </trkpt>
      <trkpt lat="42.58305341005325" lon="140.79552931711078">
        <ele>109.8</ele>
      </trkpt>
      <trkpt lat="42.582862889394164" lon="140.7955418061465">
        <ele>109.4</ele>
      </trkpt>
      <trkpt lat="42.5828056409955" lon="140.79554616473615">
        <ele>108.8</ele>
      </trkpt>
      <trkpt lat="42.582610845565796" lon="140.7955867331475">
        <ele>108.8</ele>
      </trkpt>
      <trkpt lat="42.58258075453341" lon="140.7955915108323">
        <ele>108.6</ele>
      </trkpt>
      <trkpt lat="42.582545382902026" lon="140.79559788107872">
        <ele>108.6</ele>
      </trkpt>
      <trkpt lat="42.58236332796514" lon="140.79562864266336">
        <ele>108.6</ele>
      </trkpt>
      <trkpt lat="42.58228856138885" lon="140.79563383944333">
        <ele>108.6</ele>
      </trkpt>
      <trkpt lat="42.5821063388139" lon="140.79564004205167">
        <ele>109.0</ele>
      </trkpt>
      <trkpt lat="42.58204121142626" lon="140.79564657993615">
        <ele>109.6</ele>
      </trkpt>
      <trkpt lat="42.58185806684196" lon="140.79568044282496">
        <ele>109.2</ele>
      </trkpt>
      <trkpt lat="42.58182336576283" lon="140.79569075256586">
        <ele>109.2</ele>
      </trkpt>
      <trkpt lat="42.58162806741893" lon="140.79574280418456">
        <ele>109.4</ele>
      </trkpt>
      <trkpt lat="42.581536285579205" lon="140.79576049000025">
        <ele>109.2</ele>
      </trkpt>
      <trkpt lat="42.58150778710842" lon="140.7957664411515">
        <ele>109.2</ele>
      </trkpt>
      <trkpt lat="42.58147501386702" lon="140.79577499069273">
        <ele>109.2</ele>
      </trkpt>
      <trkpt lat="42.581285582855344" lon="140.7958216778934">
        <ele>109.2</ele>
      </trkpt>
      <trkpt lat="42.58125498890877" lon="140.7958237733692">
        <ele>109.2</ele>
      </trkpt>
      <trkpt lat="42.581065222620964" lon="140.7958539482206">
        <ele>109.4</ele>
      </trkpt>
      <trkpt lat="42.5808890350163" lon="140.79593592323363">
        <ele>109.6</ele>
      </trkpt>
      <trkpt lat="42.580827763304114" lon="140.79596433788538">
        <ele>109.2</ele>
      </trkpt>
      <trkpt lat="42.58069910109043" lon="140.7959982007742">
        <ele>108.6</ele>
      </trkpt>
      <trkpt lat="42.580614695325494" lon="140.79603038728237">
        <ele>107.6</ele>
      </trkpt>
      <trkpt lat="42.58058384992182" lon="140.79603767953813">
        <ele>107.6</ele>
      </trkpt>
      <trkpt lat="42.5804157089442" lon="140.79607095569372">
        <ele>108.4</ele>
      </trkpt>
      <trkpt lat="42.580357035622" lon="140.79609501175582">
        <ele>108.6</ele>
      </trkpt>
      <trkpt lat="42.58016944862902" lon="140.79619308002293">
        <ele>108.2</ele>
      </trkpt>
      <trkpt lat="42.57998747751117" lon="140.79626583494246">
        <ele>108.4</ele>
      </trkpt>
      <trkpt lat="42.57996627129614" lon="140.79627153463662">
        <ele>108.4</ele>
      </trkpt>
      <trkpt lat="42.57977834902704" lon="140.79638234339654">
        <ele>108.4</ele>
      </trkpt>
      <trkpt lat="42.579735685139894" lon="140.79643020406365">
        <ele>108.0</ele>
      </trkpt>
      <trkpt lat="42.579573998227715" lon="140.79654537141323">
        <ele>108.6</ele>
      </trkpt>
      <trkpt lat="42.5795454159379" lon="140.79656188376248">
        <ele>108.4</ele>
      </trkpt>
      <trkpt lat="42.57936151698232" lon="140.79666405916214">
        <ele>108.4</ele>
      </trkpt>
      <trkpt lat="42.579328157007694" lon="140.7966805715114">
        <ele>108.6</ele>
      </trkpt>
      <trkpt lat="42.57918197661638" lon="140.79676447436213">
        <ele>109.2</ele>
      </trkpt>
      <trkpt lat="42.57911844179034" lon="140.7967950683087">
        <ele>109.4</ele>
      </trkpt>
      <trkpt lat="42.57903638295829" lon="140.79682507552207">
        <ele>109.6</ele>
      </trkpt>
      <trkpt lat="42.57891702465713" lon="140.7968872692436">
        <ele>110.0</ele>
      </trkpt>
      <trkpt lat="42.57889045402408" lon="140.7968980818987">
        <ele>110.0</ele>
      </trkpt>
      <trkpt lat="42.578710578382015" lon="140.7970191165805">
        <ele>110.4</ele>
      </trkpt>
      <trkpt lat="42.57865668274462" lon="140.7970643788576">
        <ele>110.8</ele>
      </trkpt>
      <trkpt lat="42.57863405160606" lon="140.79708843491971">
        <ele>111.0</ele>
      </trkpt>
      <trkpt lat="42.57846197113395" lon="140.79720829613507">
        <ele>111.0</ele>
      </trkpt>
      <trkpt lat="42.57838770747185" lon="140.79726604744792">
        <ele>111.2</ele>
      </trkpt>
      <trkpt lat="42.57821956649423" lon="140.797414239496">
        <ele>111.0</ele>
      </trkpt>
      <trkpt lat="42.578095849603415" lon="140.79753166995943">
        <ele>110.8</ele>
      </trkpt>
      <trkpt lat="42.577922428026795" lon="140.79769712872803">
        <ele>110.4</ele>
      </trkpt>
      <trkpt lat="42.5779031496495" lon="140.79771774820983">
        <ele>110.4</ele>
      </trkpt>
      <trkpt lat="42.57774707861245" lon="140.7978669460863">
        <ele>110.4</ele>
      </trkpt>
      <trkpt lat="42.57772319018841" lon="140.7978891581297">
        <ele>110.4</ele>
      </trkpt>
      <trkpt lat="42.57756946608424" lon="140.79804095439613">
        <ele>110.8</ele>
      </trkpt>
      <trkpt lat="42.57751272059977" lon="140.79807808622718">
        <ele>110.2</ele>
      </trkpt>
      <trkpt lat="42.577330162748694" lon="140.79818738624454">
        <ele>110.4</ele>
      </trkpt>
      <trkpt lat="42.57730199955404" lon="140.7982015516609">
        <ele>110.4</ele>
      </trkpt>
      <trkpt lat="42.57724743336439" lon="140.7982261106372">
        <ele>109.8</ele>
      </trkpt>
      <trkpt lat="42.57711499929428" lon="140.79829718917608">
        <ele>110.2</ele>
      </trkpt>
      <trkpt lat="42.57691601291299" lon="140.7983722910285">
        <ele>110.2</ele>
      </trkpt>
      <trkpt lat="42.57674887776375" lon="140.79841185361147">
        <ele>110.8</ele>
      </trkpt>
      <trkpt lat="42.576720463112" lon="140.79841319471598">
        <ele>110.8</ele>
      </trkpt>
      <trkpt lat="42.57652726024389" lon="140.79840078949928">
        <ele>110.8</ele>
      </trkpt>
      <trkpt lat="42.576501024886966" lon="140.7983992807567">
        <ele>111.0</ele>
      </trkpt>
      <trkpt lat="42.57634051144123" lon="140.7983643282205">
        <ele>111.2</ele>
      </trkpt>
      <trkpt lat="42.57623456418514" lon="140.7983349915594">
        <ele>110.0</ele>
      </trkpt>
      <trkpt lat="42.576117971912026" lon="140.7983236759901">
        <ele>110.8</ele>
      </trkpt>
      <trkpt lat="42.5759294629097" lon="140.79830448143184">
        <ele>110.0</ele>
      </trkpt>
      <trkpt lat="42.5758636649698" lon="140.7983003742993">
        <ele>110.0</ele>
      </trkpt>
      <trkpt lat="42.575676161795855" lon="140.79825377091765">
        <ele>110.6</ele>
      </trkpt>
      <trkpt lat="42.57561388425529" lon="140.79824907705188">
        <ele>110.2</ele>
      </trkpt>
      <trkpt lat="42.57542193867266" lon="140.79821462742984">
        <ele>110.2</ele>
      </trkpt>
      <trkpt lat="42.57534021511674" lon="140.79820750281215">
        <ele>110.0</ele>
      </trkpt>
      <trkpt lat="42.57513049989939" lon="140.79819434322417">
        <ele>110.0</ele>
      </trkpt>
      <trkpt lat="42.574923718348145" lon="140.79817204736173">
        <ele>110.2</ele>
      </trkpt>
      <trkpt lat="42.57489278912544" lon="140.79817456193268">
        <ele>110.4</ele>
      </trkpt>
      <trkpt lat="42.57469187490642" lon="140.79817523248494">
        <ele>110.6</ele>
      </trkpt>
      <trkpt lat="42.5746357999742" lon="140.7981743104756">
        <ele>110.4</ele>
      </trkpt>
      <trkpt lat="42.57447428070009" lon="140.7981687784195">
        <ele>111.0</ele>
      </trkpt>
      <trkpt lat="42.57438342086971" lon="140.79818369820714">
        <ele>111.4</ele>
      </trkpt>
      <trkpt lat="42.57421217858791" lon="140.798180680722">
        <ele>110.6</ele>
      </trkpt>
      <trkpt lat="42.57401109673083" lon="140.79823256470263">
        <ele>111.0</ele>
      </trkpt>
      <trkpt lat="42.573832646012306" lon="140.79827992245555">
        <ele>110.4</ele>
      </trkpt>
      <trkpt lat="42.57380188442767" lon="140.79828185029328">
        <ele>110.6</ele>
      </trkpt>
      <trkpt lat="42.57360943593085" lon="140.79830951057374">
        <ele>110.6</ele>
      </trkpt>
      <trkpt lat="42.573435762897134" lon="140.79831671901047">
        <ele>111.4</ele>
      </trkpt>
      <trkpt lat="42.57338128052652" lon="140.7983321417123">
        <ele>111.6</ele>
      </trkpt>
      <trkpt lat="42.57335487753153" lon="140.79834010452032">
        <ele>111.8</ele>
      </trkpt>
      <trkpt lat="42.573206182569265" lon="140.79836131073534">
        <ele>111.8</ele>
      </trkpt>
      <trkpt lat="42.573025804013014" lon="140.798402717337">
        <ele>111.6</ele>
      </trkpt>
      <trkpt lat="42.57300275377929" lon="140.79840724356472">
        <ele>111.6</ele>
      </trkpt>
      <trkpt lat="42.572882222011685" lon="140.79842057079077">
        <ele>110.6</ele>
      </trkpt>
      <trkpt lat="42.57280150428414" lon="140.79843247309327">
        <ele>110.2</ele>
      </trkpt>
      <trkpt lat="42.57260251790285" lon="140.79846893437207">
        <ele>111.2</ele>
      </trkpt>
      <trkpt lat="42.572461534291506" lon="140.7984841056168">
        <ele>110.6</ele>
      </trkpt>
      <trkpt lat="42.572367740795016" lon="140.79850749112666">
        <ele>110.8</ele>
      </trkpt>
      <trkpt lat="42.57216364145279" lon="140.79855853691697">
        <ele>110.6</ele>
      </trkpt>
      <trkpt lat="42.572102788835764" lon="140.79856901429594">
        <ele>110.4</ele>
      </trkpt>
      <trkpt lat="42.57191922515631" lon="140.79861536622047">
        <ele>110.6</ele>
      </trkpt>
      <trkpt lat="42.571832137182355" lon="140.79864042811096">
        <ele>111.4</ele>
      </trkpt>
      <trkpt lat="42.571655781939626" lon="140.7987240795046">
        <ele>111.0</ele>
      </trkpt>
      <trkpt lat="42.57157967425883" lon="140.79875458963215">
        <ele>111.2</ele>
      </trkpt>
      <trkpt lat="42.57149409502745" lon="140.7988405879587">
        <ele>111.8</ele>
      </trkpt>
      <trkpt lat="42.571418322622776" lon="140.79890286549926">
        <ele>112.6</ele>
      </trkpt>
      <trkpt lat="42.57129888050258" lon="140.79900587908924">
        <ele>112.8</ele>
      </trkpt>
      <trkpt lat="42.57117114029825" lon="140.79915599897504">
        <ele>112.6</ele>
      </trkpt>
      <trkpt lat="42.57113769650459" lon="140.7992119062692">
        <ele>112.8</ele>
      </trkpt>
      <trkpt lat="42.57105513475835" lon="140.79933646135032">
        <ele>113.2</ele>
      </trkpt>
      <trkpt lat="42.570965783670545" lon="140.7994693145156">
        <ele>114.0</ele>
      </trkpt>
      <trkpt lat="42.57086930796504" lon="140.79961029812694">
        <ele>114.0</ele>
      </trkpt>
      <trkpt lat="42.57080929353833" lon="140.79969537444413">
        <ele>114.0</ele>
      </trkpt>
      <trkpt lat="42.57067979313433" lon="140.79989276826382">
        <ele>115.2</ele>
      </trkpt>
      <trkpt lat="42.570661352947354" lon="140.7999194227159">
        <ele>115.4</ele>
      </trkpt>
      <trkpt lat="42.57052045315504" lon="140.8001049142331">
        <ele>116.0</ele>
      </trkpt>
      <trkpt lat="42.570483488962054" lon="140.80016769468784">
        <ele>116.0</ele>
      </trkpt>
      <trkpt lat="42.57036832161248" lon="140.8003592211753">
        <ele>116.2</ele>
      </trkpt>
      <trkpt lat="42.57031995803118" lon="140.80044019035995">
        <ele>116.4</ele>
      </trkpt>
      <trkpt lat="42.57018970325589" lon="140.80065158195794">
        <ele>116.8</ele>
      </trkpt>
      <trkpt lat="42.57014695554972" lon="140.8007656596601">
        <ele>116.6</ele>
      </trkpt>
      <trkpt lat="42.57007084786892" lon="140.80095207318664">
        <ele>117.2</ele>
      </trkpt>
      <trkpt lat="42.570058945566416" lon="140.80097529105842">
        <ele>117.4</ele>
      </trkpt>
      <trkpt lat="42.570008151233196" lon="140.80121023580432">
        <ele>118.0</ele>
      </trkpt>
      <trkpt lat="42.570002283900976" lon="140.80132481642067">
        <ele>118.0</ele>
      </trkpt>
      <trkpt lat="42.5700150243938" lon="140.8015518821776">
        <ele>118.4</ele>
      </trkpt>
      <trkpt lat="42.5700390804559" lon="140.8018275629729">
        <ele>119.2</ele>
      </trkpt>
      <trkpt lat="42.57003899663687" lon="140.80190123990178">
        <ele>118.8</ele>
      </trkpt>
      <trkpt lat="42.57006414234638" lon="140.80215797759593">
        <ele>118.8</ele>
      </trkpt>
      <trkpt lat="42.57007294334471" lon="140.80219502560794">
        <ele>118.8</ele>
      </trkpt>
      <trkpt lat="42.57012063637376" lon="140.80243818461895">
        <ele>118.8</ele>
      </trkpt>
      <trkpt lat="42.57012600079179" lon="140.80247808247805">
        <ele>118.6</ele>
      </trkpt>
      <trkpt lat="42.57015684619546" lon="140.8027644082904">
        <ele>118.6</ele>
      </trkpt>
      <trkpt lat="42.570161540061235" lon="140.80284537747502">
        <ele>118.6</ele>
      </trkpt>
      <trkpt lat="42.57020621560514" lon="140.8030818309635">
        <ele>117.8</ele>
      </trkpt>
      <trkpt lat="42.570215770974755" lon="140.8031177893281">
        <ele>117.8</ele>
      </trkpt>
      <trkpt lat="42.57024058140814" lon="140.8033823221922">
        <ele>118.0</ele>
      </trkpt>
      <trkpt lat="42.57023739628494" lon="140.8034787978977">
        <ele>117.4</ele>
      </trkpt>
      <trkpt lat="42.57023882120848" lon="140.80353319644928">
        <ele>117.2</ele>
      </trkpt>
      <trkpt lat="42.57022247649729" lon="140.803717430681">
        <ele>116.2</ele>
      </trkpt>
      <trkpt lat="42.57017537020147" lon="140.8038937021047">
        <ele>116.2</ele>
      </trkpt>
      <trkpt lat="42.570145362988114" lon="140.80397659912705">
        <ele>116.0</ele>
      </trkpt>
      <trkpt lat="42.57013480179012" lon="140.80401867628098">
        <ele>115.8</ele>
      </trkpt>
      <trkpt lat="42.57008358836174" lon="140.80418304540217">
        <ele>116.0</ele>
      </trkpt>
      <trkpt lat="42.56997655145824" lon="140.80439988523722">
        <ele>115.4</ele>
      </trkpt>
      <trkpt lat="42.56995802745223" lon="140.80442209728062">
        <ele>115.6</ele>
      </trkpt>
      <trkpt lat="42.56984964944422" lon="140.8045697864145">
        <ele>115.2</ele>
      </trkpt>
      <trkpt lat="42.56970833055675" lon="140.8046984486282">
        <ele>115.0</ele>
      </trkpt>
      <trkpt lat="42.56954521872103" lon="140.80481495708227">
        <ele>114.4</ele>
      </trkpt>
      <trkpt lat="42.56946357898414" lon="140.8048567827791">
        <ele>114.2</ele>
      </trkpt>
      <trkpt lat="42.569373892620206" lon="140.80489601008594">
        <ele>114.2</ele>
      </trkpt>
      <trkpt lat="42.56919041275978" lon="140.80497002229095">
        <ele>113.4</ele>
      </trkpt>
      <trkpt lat="42.569047501310706" lon="140.80504001118243">
        <ele>113.0</ele>
      </trkpt>
      <trkpt lat="42.56892747245729" lon="140.80514025874436">
        <ele>112.6</ele>
      </trkpt>
      <trkpt lat="42.568930238485336" lon="140.80529171973467">
        <ele>111.8</ele>
      </trkpt>
      <trkpt lat="42.568905679509044" lon="140.8053795620799">
        <ele>110.6</ele>
      </trkpt>
      <trkpt lat="42.568818759173155" lon="140.80548358149827">
        <ele>110.0</ele>
      </trkpt>
      <trkpt lat="42.56867425516248" lon="140.8056049514562">
        <ele>109.6</ele>
      </trkpt>
      <trkpt lat="42.56861725822091" lon="140.80565180629492">
        <ele>109.4</ele>
      </trkpt>
      <trkpt lat="42.56844140589237" lon="140.8057500422001">
        <ele>109.0</ele>
      </trkpt>
      <trkpt lat="42.568376110866666" lon="140.8057720027864">
        <ele>109.0</ele>
      </trkpt>
      <trkpt lat="42.56817502900958" lon="140.8058333583176">
        <ele>109.2</ele>
      </trkpt>
      <trkpt lat="42.56813479587436" lon="140.80583788454533">
        <ele>109.2</ele>
      </trkpt>
      <trkpt lat="42.56795575842261" lon="140.80588415265083">
        <ele>109.2</ele>
      </trkpt>
      <trkpt lat="42.5678944028914" lon="140.80592094920576">
        <ele>109.2</ele>
      </trkpt>
      <trkpt lat="42.56772416643798" lon="140.80606972798705">
        <ele>109.6</ele>
      </trkpt>
      <trkpt lat="42.567573795095086" lon="140.80623862333596">
        <ele>109.6</ele>
      </trkpt>
      <trkpt lat="42.567550325766206" lon="140.80626368522644">
        <ele>109.6</ele>
      </trkpt>
      <trkpt lat="42.56740598939359" lon="140.8064216002822">
        <ele>109.2</ele>
      </trkpt>
      <trkpt lat="42.56738444790244" lon="140.80643702298403">
        <ele>109.2</ele>
      </trkpt>
      <trkpt lat="42.56720909848809" lon="140.80656426027417">
        <ele>109.2</ele>
      </trkpt>
      <trkpt lat="42.56706325337291" lon="140.80670298077166">
        <ele>109.0</ele>
      </trkpt>
      <trkpt lat="42.56692570634186" lon="140.80689718946815">
        <ele>108.8</ele>
      </trkpt>
      <trkpt lat="42.5668893288821" lon="140.80695561133325">
        <ele>108.8</ele>
      </trkpt>
      <trkpt lat="42.56684582680464" lon="140.8070241753012">
        <ele>109.2</ele>
      </trkpt>
      <trkpt lat="42.56674641743302" lon="140.80714738927782">
        <ele>108.8</ele>
      </trkpt>
      <trkpt lat="42.5666060205549" lon="140.80735182389617">
        <ele>108.8</ele>
      </trkpt>
      <trkpt lat="42.56653963588178" lon="140.8075831644237">
        <ele>109.8</ele>
      </trkpt>
      <trkpt lat="42.5665473472327" lon="140.80784182995558">
        <ele>109.2</ele>
      </trkpt>
      <trkpt lat="42.56663887761533" lon="140.8080345299095">
        <ele>109.4</ele>
      </trkpt>
      <trkpt lat="42.56670861504972" lon="140.8082547225058">
        <ele>109.6</ele>
      </trkpt>
      <trkpt lat="42.566699143499136" lon="140.80829604528844">
        <ele>109.6</ele>
      </trkpt>
      <trkpt lat="42.566599482670426" lon="140.8084381185472">
        <ele>109.4</ele>
      </trkpt>
      <trkpt lat="42.56651214323938" lon="140.80850693397224">
        <ele>110.0</ele>
      </trkpt>
      <trkpt lat="42.566411728039384" lon="140.8085982967168">
        <ele>109.8</ele>
      </trkpt>
      <trkpt lat="42.566361436620355" lon="140.80863987095654">
        <ele>108.2</ele>
      </trkpt>
      <trkpt lat="42.56626387126744" lon="140.8087351731956">
        <ele>107.2</ele>
      </trkpt>
      <trkpt lat="42.56618591956794" lon="140.80879099667072">
        <ele>107.8</ele>
      </trkpt>
      <trkpt lat="42.56609598174691" lon="140.80885905772448">
        <ele>108.4</ele>
      </trkpt>
      <trkpt lat="42.56604895927012" lon="140.8088990394026">
        <ele>108.6</ele>
      </trkpt>
      <trkpt lat="42.56604359485209" lon="140.8089288789779">
        <ele>108.8</ele>
      </trkpt>
      <trkpt lat="42.56599372252822" lon="140.80914965830743">
        <ele>108.8</ele>
      </trkpt>
      <trkpt lat="42.56592440418899" lon="140.80941000021994">
        <ele>108.8</ele>
      </trkpt>
      <trkpt lat="42.565903281793" lon="140.80948610790074">
        <ele>108.6</ele>
      </trkpt>
      <trkpt lat="42.56584519520402" lon="140.80975550226867">
        <ele>108.6</ele>
      </trkpt>
      <trkpt lat="42.565823988988996" lon="140.80988047644496">
        <ele>108.6</ele>
      </trkpt>
      <trkpt lat="42.56579012610018" lon="140.81013285554945">
        <ele>108.6</ele>
      </trkpt>
      <trkpt lat="42.5657859351486" lon="140.8102635294199">
        <ele>108.6</ele>
      </trkpt>
      <trkpt lat="42.56579431705177" lon="140.81053853966296">
        <ele>108.8</ele>
      </trkpt>
      <trkpt lat="42.56579138338566" lon="140.81062043085694">
        <ele>108.6</ele>
      </trkpt>
      <trkpt lat="42.56578761152923" lon="140.81087331287563">
        <ele>108.6</ele>
      </trkpt>
      <trkpt lat="42.56578811444342" lon="140.81095721572638">
        <ele>108.8</ele>
      </trkpt>
      <trkpt lat="42.56578694097698" lon="140.81121646799147">
        <ele>108.2</ele>
      </trkpt>
      <trkpt lat="42.5657925568521" lon="140.81138134002686">
        <ele>109.4</ele>
      </trkpt>
      <trkpt lat="42.565788282081485" lon="140.8116653189063">
        <ele>109.6</ele>
      </trkpt>
      <trkpt lat="42.56579146720469" lon="140.81174293532968">
        <ele>109.2</ele>
      </trkpt>
      <trkpt lat="42.56583287380636" lon="140.81201383844018">
        <ele>108.6</ele>
      </trkpt>
      <trkpt lat="42.56583899259567" lon="140.8120648842305">
        <ele>108.6</ele>
      </trkpt>
      <trkpt lat="42.565870843827724" lon="140.81231156364083">
        <ele>108.8</ele>
      </trkpt>
      <trkpt lat="42.56588341668248" lon="140.81243318505585">
        <ele>108.8</ele>
      </trkpt>
      <trkpt lat="42.56595776416361" lon="140.8126693032682">
        <ele>109.0</ele>
      </trkpt>
      <trkpt lat="42.5659894477576" lon="140.81291648559272">
        <ele>109.6</ele>
      </trkpt>
      <trkpt lat="42.56598316133022" lon="140.81295378506184">
        <ele>109.6</ele>
      </trkpt>
      <trkpt lat="42.56595910526812" lon="140.81320272758603">
        <ele>109.0</ele>
      </trkpt>
      <trkpt lat="42.56592054851353" lon="140.8134254347533">
        <ele>109.2</ele>
      </trkpt>
      <trkpt lat="42.56590378470719" lon="140.81369063816965">
        <ele>108.6</ele>
      </trkpt>
      <trkpt lat="42.565909484401345" lon="140.8137327991426">
        <ele>108.6</ele>
      </trkpt>
      <trkpt lat="42.56593203172088" lon="140.81401040777564">
        <ele>108.8</ele>
      </trkpt>
      <trkpt lat="42.56593773141503" lon="140.81409850157797">
        <ele>108.6</ele>
      </trkpt>
      <trkpt lat="42.56594326347113" lon="140.81417251378298">
        <ele>108.4</ele>
      </trkpt>
      <trkpt lat="42.565964637324214" lon="140.81429421901703">
        <ele>108.4</ele>
      </trkpt>
      <trkpt lat="42.566029177978635" lon="140.81453125923872">
        <ele>109.0</ele>
      </trkpt>
      <trkpt lat="42.56609011441469" lon="140.81479964777827">
        <ele>108.6</ele>
      </trkpt>
      <trkpt lat="42.56608013994992" lon="140.815018247813">
        <ele>109.4</ele>
      </trkpt>
      <trkpt lat="42.56607133895159" lon="140.81507155671716">
        <ele>109.4</ele>
      </trkpt>
      <trkpt lat="42.56604359485209" lon="140.81514850258827">
        <ele>109.4</ele>
      </trkpt>
    </trkseg>
  </trk>
</gpx>
